81025, SENSOR_ID
motor_fault, FAULT_TYPE
10000, SAMPLE_RATE_HZ
X, Y, Z
-0.030752203102190748,-0.07522746548170545,-0.04272376450032042
0.040000969306070645,0.009430577109888327,0.11084570318902923
0.062244562594531844,-0.05848130643476817,-0.029690944228861687
0.03060628181147817,0.034877646521222085,-0.1372349631097546
-0.002737271053617294,0.030618142659991115,-0.08214074249093864
0.011367035055398439,-0.04994080191846547,0.024358573549150483
0.013655441260580771,0.030957978628383287,0.0008434774632246978
0.016702263857753145,-0.06974440031221105,-0.0138185737353993
0.0013223048438972716,0.10409986371223308,0.016474398047246548
-0.06033699508593103,-0.06895075989908989,0.1135034211248201
0.04921408173847065,0.05948469566368455,0.05419455210488985
0.040297155789680066,-0.0061589716981963255,0.057857194373260375
0.07946617676136343,-0.026637333018926384,-0.026004315972838612
0.006119459879798042,0.021322320795738516,-0.005847471626622156
-0.00026681529112739747,0.013489535776958484,0.02407939884725525
-0.003258174561769898,-0.01070430218534444,0.019758435773860637
-0.01962617932113461,-0.03869202431664433,0.04430974244346414
0.14076777290718787,-0.029439684873125444,-0.0020293521544076333
-0.07748417670807424,-0.00875990110804891,-0.02674538687547207
0.09617419395676734,-0.017861070425765953,0.05991934342072642
0.00039011670497289454,-0.002931052874040648,-0.07713108488226833
-0.0019968486176732865,-0.023006170088387304,0.00828221783145551
0.046050615891425624,0.0147953866961494,0.03040672681712127
0.07970870688083367,-0.07982769370516471,0.0374941026100311
0.03848659873329065,0.06982973168276668,-0.0028444304433250366
-0.06153863447553597,0.12644378009804189,-0.004139433423829907
0.033446658592039595,-0.015772928701598344,-0.046787672179604244
-0.07170231971662826,0.050797307343410536,0.11863213261759184
-0.05796744573065202,0.03980144250717241,0.042595797233355576
-0.026165602761270203,0.004624834791715962,-0.05284526183228917
-0.029159513897720764,-0.04576175789850215,-0.08325363954370403
-0.002917235803928036,0.012686790404971398,0.04648622245441816
0.016872614753332776,-0.026435040815765386,-0.022288066836557263
-0.029618788041215566,0.039128495653863934,0.029192787285713888
0.06675276393706471,0.09081112169154285,-0.015073179502953915
0.08561068739995899,0.04052166590547003,-0.013606634473535427
0.03545617213452874,0.011310789406340352,0.025094710722436624
0.03852750914147477,0.03974843430367194,-0.06727264322362772
-0.05303735612400214,0.09653595734098404,-0.018312711581501842
0.027551821563768453,-0.0003789750027673438,0.04233075893613937
-0.021563269114621003,0.01570393908499321,0.05897851097591553
-0.007519570722800073,-0.014568155841413223,0.12284191973303907
0.0710758398663566,0.02007326526565007,0.017056667752559488
0.04054935306927428,0.07484086210520305,-0.06289167636086536
-0.023207316160584184,0.05851051463428332,0.07803933728109053
-0.029367230629256162,0.02422530058572052,-0.013234492888181973
0.051486620841093025,0.03964171002222723,-0.0686830405272281
0.09290345842252844,-0.002692994287231982,0.08679537675000823
0.028707867001401394,-0.0702529297288988,-0.032388086301546215
0.04648569591457136,-0.006484245043436547,0.018248169358371785
0.030116452043245083,-0.01763184816862289,-0.06467579941574925
0.11997705589688645,0.01633084775295642,0.07992040672423778
0.056439432444665504,0.07432658589603015,0.0077114339594178466
0.035181245991848145,0.027118703008988658,0.07408768779586927
-0.047312351204347375,-0.030816198472229182,-0.015231225611591312
0.005357487308997664,-0.0262034643680987,-0.013476087647487277
-0.036643071307774874,0.05144879815830005,0.04898759713651933
0.04995667968965333,-0.11449033007997375,0.020138506102323303
-0.02937703964820478,-0.07084687748029177,0.12964438218298144
0.046619848993424466,0.012549900615762034,0.014438123794395963
-0.05823355723101113,-0.02526645722499039,0.0855616631583842
-0.026190530835620777,0.040514629176780365,-0.004096880725280361
-0.0189408552487638,-0.008720953810909378,-0.020847677815040655
0.011414049026565651,-0.018445156937473832,-0.04816328553681559
0.04096536584133233,0.06097635900507281,0.014430992243865149
0.012348624748196702,-0.09541993204633159,-0.010444278891140656
0.0807880968900471,0.03944029081270995,0.06972715699716667
0.04057321368258664,0.05091747693603982,0.019424733230856875
0.054741873627086074,-0.004746365370841936,0.04353165199350103
-0.019295507371834,0.06020591581264208,-0.004459219114681237
0.05793429646100332,0.035437814222430516,-0.049364382602483596
0.02269747841490633,-0.016136544662095065,0.0268941010417883
0.046115260929011415,-0.05746748956203697,0.15066459305961533
0.024196474062551078,0.01553508246002181,0.0679758886334861
0.05250148687469226,0.0726622106708191,-0.017298378626562735
0.0416631432351411,-0.009470472954272145,0.07725663495987231
0.00842899770880576,-0.03258295286961589,0.02990637587658332
0.031771870393576686,0.12473995738146512,0.042733978508301844
0.03870962267890174,0.019529850114154042,0.03664129250226119
3.004543976430421e-05,0.07638773251854775,0.04796489251857168
0.04057165651560085,0.044216228358640336,0.054925009617873506
-0.12694220117587157,0.046905265379124185,-0.011392018647626428
0.06478519457732053,0.10084815906635244,0.002641535910647381
0.0059989884203577835,-0.01837321431404627,0.024968641776984997
0.07520144760099964,-0.06353713784158875,0.0349757049900038
0.10334248839532541,0.03520831739316583,-0.013808605488113499
0.049705499887626625,0.019377232154880002,-0.02158522814559679
-0.01205651001550882,0.07641926720362849,0.021267860834905287
0.017302055642154732,-0.02728247721619764,-0.002293897873935174
-0.0708518699211008,0.05951286808460247,0.01947959849317595
0.03335371317627278,0.018601150035177438,-0.026259981416985902
0.010492442802340978,0.0019648259130658,0.05888107973669344
-0.011844167389350568,0.09221386551883276,-0.06611503098298802
0.05188539155896234,-0.016286415676623426,0.003168603873911685
0.04875542040623479,0.10859295304538161,0.03794285491077268
0.018904143492493097,0.012004798607071527,0.013851762230317151
-0.04010340035656154,0.03204451839955673,0.05235115915170435
0.01988175047395463,0.0699576381147954,0.0383732440176357
0.07548348060518523,0.00864182346152847,-0.036389879071311394
-0.03697704534267837,-0.017532011072911358,0.043131177444517804
-0.03229071368505178,-0.08834416251794394,0.04669051673491206
0.09433161473769067,0.1071678033208196,0.012712864474349533
-0.024576608015403623,0.0842110896347705,0.06792723311076254
0.032461724471104195,-0.04161787265069353,-0.04425177730328092
0.013989053861788229,0.02173962105390112,0.03370361388675504
0.005054806259905084,-0.028068153171371745,0.06236674109420813
0.0016749743350449528,-0.01488970266336058,-0.01761911931913558
0.02112469516832536,0.057234942858241475,0.035209305551977044
0.04563228561848291,0.049243508472918154,0.0010112548200783451
0.05219550102423104,0.030696982024249503,-0.04223519501596193
0.023252392345826142,0.02201241296022706,0.060058861395258706
0.03277276107958187,-0.008822722087175331,0.0418273129343744
0.03340027939177129,0.017073864949736107,0.055979861369061204
-0.009467902404133081,0.07400761334130623,-0.007872433217717582
0.0075672488394916086,0.0879563113011479,0.026439032366242527
-0.012969003970725087,0.011660287409970157,-0.03859068828462946
-0.019301726597051122,0.09166366433313969,-0.002382274230584472
-0.04809947023318904,-0.09401610398339141,0.06016453504733163
0.00809653752911051,0.074584227680619,0.029298390824308032
-0.05478095180935784,-0.12728287862941645,0.025984018980068403
0.04416619861654361,0.03469693527004129,-0.028142661772864182
-0.0036647290506498544,-0.01094847141837452,0.021031325227564266
0.03647526643614381,0.029643578040078854,0.01616153569433972
0.0076428643960823415,0.06464781134576988,0.040148455690385554
-0.0499329460469153,0.020090460146037152,-0.05166901960806644
0.034115925742525074,0.08530353195642648,0.01279533688589768
-0.031424532107291965,-0.039212975789149104,0.13619988737104252
0.04063612062024534,-0.0416594523549186,0.07748805990922616
0.004967992563334472,0.005424306806305375,0.08249129080489663
-0.029420350776667225,-0.03952733814589525,-0.007886148147305466
0.01372846128962145,-0.017804266954051396,0.055732999985142154
-0.018389079892468546,0.06783819220274451,-0.013154570936786618
0.04444596669097067,0.03472687610214534,0.03513588026654678
0.015849777559966447,0.038318249102484124,-0.0498051840536357
0.07091670564492951,0.025044665899004573,0.028101633651620106
0.00028214371241106276,-0.0040119312958270675,-0.031523307717239005
0.10081932929237303,0.05255443899154606,0.06097697500987702
0.02648710918942406,0.06886425422972142,0.07753666412074713
-0.10149165155881165,0.005352348839594104,0.030642314038829284
0.05152432079272938,0.06960424304205062,0.020936652220664702
0.040048736870514204,-0.07402990099797235,-0.02111771814603208
0.0052524059827380384,-0.03688081730963036,-0.053792435694317506
-0.004770457654575996,-0.011695169592823875,0.046675801621013646
0.006031912908367161,0.021918401894883296,-0.005220027377460652
0.06445221380730966,-0.01968424804471934,0.048248343259899296
0.05722414936513358,-0.02384544721919577,0.0605771354532465
0.05110261448362129,-0.0755795258035775,0.03979961330017901
0.03460378151286622,0.0058306329961349285,0.0866978969499692
-0.03880650532600064,0.011089844720185052,0.0417125570005908
-0.01897545473562784,-0.034754620232002896,0.058393952972378434
0.020374535884453007,0.10335772636748639,0.05533598023530374
0.03581023468209027,-0.04572525076471408,0.08802917210975511
0.004287208814400572,-0.030711939505894684,0.0708589119597886
-0.08654297664414287,0.07932150884076139,0.040850904981394306
0.00769237182004132,-0.00012280518101727075,0.08864417113830453
0.020044759894541395,0.022198736873013984,0.0008118288956897261
0.01278367784746452,0.03771321753548021,0.02031170609185178
-0.021694721537778468,-0.016462409144260587,0.02126174471327369
-0.011551991571845395,0.03672522986555672,0.015427804652884878
0.012227364444128783,-0.044210174310069725,0.016778041349265527
-0.00682875313577605,0.05358281131222188,-0.04977632907952863
0.08309144547465667,-0.08443223876252945,0.03227143289275912
0.10654595902408052,-0.040191646690551204,0.07154322122271037
0.10442853062566199,0.05572118846806857,0.09209023075060896
-0.023641002447814696,-0.009924670941561853,-0.030678389778104075
-0.06068755972460199,0.11582445158217916,-0.01302498963461828
0.0406244241568864,-0.03470397152863765,0.16192836379445583
-0.013442209155425891,0.0158534553298758,0.01887403619329041
0.06334628151636269,0.07420048311147566,0.015945816415272054
0.06688170893673116,0.02900117705478497,-0.025996807094023702
0.05465882404993028,0.03468233917037767,0.0007804199168158152
-0.020855116007810662,0.0364091476469358,0.03223070373159875
0.12056003753479852,0.025243061532923654,0.03032916625376768
0.015442591787926263,-0.08974751171357194,0.05079166774712342
-0.00021686051020081837,0.03920620215458781,-0.018536339803640216
-0.07848119749105065,0.019997380012293196,-0.00331128693692943
0.02815401057794051,0.0968876579749691,0.006113496885611863
-0.07405620801680464,-0.060306957775161596,0.09816653721672017
-0.00952283799967659,0.06647957884266194,-0.04734896941786229
-0.057975138976559336,-0.04127937075342384,-0.008812349909647809
-0.02766641688003693,0.0588343327419553,0.007885789699310948
0.08844145797258064,0.007386064868869671,-0.06030592660376072
0.0457676452853289,-0.06481785368253687,0.08771732009512415
-0.07044462789230455,0.11631938542996934,0.040464712247329976
0.019796808105002492,0.05002713174062535,0.01947183232279744
-0.04922434838706427,-0.0463437687792338,0.013760102449376425
0.029419532723429245,-0.010977601272214062,0.04969649044123256
0.0491076876401569,-0.030520523470347304,0.01155685560647184
0.020918000537077618,-0.010516956085827691,-0.022383159563529008
0.08407373658669787,0.013731519167366053,-0.04138201432804678
0.017090766830179682,-0.013582774251864644,0.076715079280311
0.01637975258979617,0.0169064438643409,0.0482494981877282
-0.013824797240902222,0.03320187753422405,0.02721235925048228
0.0013887616873991286,0.03723745171728799,-0.010444705838505725
-0.04563570366322965,0.027721489045858295,0.02029682123081112
-0.004885482201194348,-0.032307674097501626,0.036330455021872245
0.07444806936264525,-0.07151799109596914,0.037782185770835745
-0.0989355915625629,0.014686724566891816,-0.029161561697677783
-0.02467026600441873,0.0034956230468934013,-0.01783547741283043
-0.008865936441726077,0.03510080241412646,-0.059690133120554344
-0.04906717313342427,0.10598049721332775,0.02413866579746331
0.04737376923348592,-0.042457162338421624,0.016725533130490546
0.031239632667905238,-0.026532230036130134,-0.022036945860986267
-0.003570001781490687,0.018794755896184304,0.06811563157691083
-0.01806715546260376,0.057603900544910415,0.060826277044596415
-0.047714363423462004,-0.03188002849354113,-0.019337959391725796
0.0010859434957541645,-0.056667469228352835,0.08672282115788547
0.0701271284849578,0.03798058362923012,0.04503574149643532
-0.04757045615987389,0.023334111329548105,0.001954993227027382
-0.014099967479902296,0.0018007494862658656,0.004082035316402896
-0.08416605535254941,0.046110483051137345,0.05622324237742274
-0.032690558923000455,-0.011883373558788728,0.06135581428304804
0.019070927429232103,0.003307135402371112,0.06402229347138531
-0.04461789426917739,0.026189989811475002,-0.02970168527421902
0.017686398471735504,0.041313249281484325,0.0599793293788903
-0.05970897885680707,-0.015090041635164874,0.09327869756969763
0.033665035256456755,0.017069005467960457,-0.02185689996276874
-0.04314778049025204,0.06341170209671934,-0.03756492736713151
-0.07583050910898556,-0.05120218251451347,-0.07249983820628893
0.017565791107026076,-0.06513315992104318,0.029194910528933915
0.056235108977001874,0.021490182003599048,-0.0935356415354241
-0.006423553993819465,0.00030142065200308536,0.034213491825844176
0.045056053328021865,-0.047570474553535115,-0.07970680896767851
0.03864823138879551,-0.050136881833476574,0.0006592466036848673
-0.06599177897047848,-0.040864167672523155,-0.08960958647207444
-0.025003183394804628,0.001710074324141675,0.04654281914538763
-0.04099973142147213,-0.02171689084387289,0.0452054761316425
0.015894992391770328,-0.0809879689484076,0.02118330533210719
0.004322598092032162,0.017181352130985417,-0.07283743700281993
-0.11461996772943764,-0.09313019194617858,-0.020993424716051617
-0.0861561404384293,0.05227975746252788,-0.02153720584304958
0.08333469893366785,0.04060125994911487,0.022999859969156176
0.00787771266964534,-0.0006167982212992671,0.008699530495813975
-0.033857127138952656,-0.04245888101378077,0.029506929820834946
0.019126698212007562,-0.003440217673291956,-0.013754820443468221
-0.07161749974194272,0.0032836461121533295,-0.03339177223148811
0.02497989503388546,-0.09722667014405095,-0.05240920138660576
-0.06900097086327708,-0.018524667640798857,-0.03583611913195357
-0.04837170781071899,-0.01775070756771902,-0.002151917672093962
0.020189317077948812,-0.04685338174397679,0.026104801029902376
0.024337808218204415,-0.005426767021877117,-0.0001451870378457419
-0.03911654412694124,-0.023311357598596174,0.11484514075107691
0.04808178577141633,-0.04298757914197164,0.03940925238957442
0.023517806646850364,-0.014589225031543984,-0.05469802182571107
0.035164340422159365,0.010459405919554502,-0.05047580651042272
0.12781780945808277,-0.02747165529754997,-0.020804805540394482
-0.05067773932589495,0.007542655736139584,-0.018887249917725883
0.08722600972946697,-0.014855056657451213,-0.03494618048608059
0.018492344215778084,-0.02548187182174977,-0.13170269349129055
0.06462024267571616,0.025539668420846214,-0.10925404823497267
0.03326574944187754,-0.0072842693835680145,0.048045210409182394
-0.02580815801234987,-0.0187692937353475,-0.01560502635568631
0.011820083083206362,-0.05120787098941663,0.0693196903196537
0.06750372779459221,0.020595271315406546,-0.008304082519484326
-0.05232007354205805,0.02299969251061941,-0.038805131735269414
0.06183201950666013,0.0787103108703396,-0.038900345423920665
-0.04983748650374389,0.029624465870112866,-0.03474738292205252
0.044577823835634106,0.01621764633125481,0.044587940454528574
-0.04215168794285429,-0.02134332406312936,-0.012117643155013864
0.03791627540231128,0.014059648691890483,0.008253721277817302
0.052111753531094276,-0.004975202577623704,-0.07033483288028483
0.03943527906362282,-0.03254793520928206,-0.016544191994689556
-0.14645592836090615,0.06730472562415421,-0.053468755882090296
0.02696436515130761,-0.09089792739175637,-0.017255200486807353
0.04127511304279541,-0.14378280515546596,-0.007661749965182195
0.04778513090246951,-0.06850143671219075,0.017280034512518472
-0.04852544546543566,-0.06860656921870169,0.08743888447890202
-0.010322775078618403,-0.02003145062284262,-0.01308407350997598
-0.06255319132005527,0.03575507058688492,-0.06870923735296386
-0.07202090610402377,0.01726459487682609,-0.032549416369241885
0.0295955925269678,-0.030211036352319802,-0.10696069377244857
-0.02293527478468472,0.08262051739583413,-0.13376803431651818
-0.03557082362065478,0.016242247907930087,-0.07162833780636935
-0.024955560348695602,-0.049014732597862515,0.0008892988299101061
0.012296928864574772,-0.0035318973398856604,-0.018680837885093976
-0.0687347292598353,0.0451636790455134,0.034735329190292916
-0.09292539696477334,-0.03577165441405045,-0.13704012756294434
-0.04964378344668474,0.060479951157641466,-0.028394107185801216
-0.029741069902430754,-0.048250763708841446,-0.09769317680541652
-0.0019902656448815177,-0.042437749692581093,-0.11380735826264134
-0.08572253626043619,-0.07019162387520761,0.052486336307065916
-0.047041665290718085,-0.019732176944022024,-0.04078969871451585
-0.04581593406652803,-0.08294115736497143,0.015563233830163309
0.04273297390723092,-0.0524079288321716,0.017947277067849248
0.03956151720284086,-0.03888274333400989,-0.09636878556495089
-0.045470482049844926,-0.06720105124339185,-0.09360288032765984
0.08090683565666679,-0.03125880075027808,-0.007865057530970582
-0.07286360742073557,0.056915691222795106,-0.011660254518122996
-0.01785228643850595,-0.06451750483031436,0.05272115297288894
-0.09641496683094557,-0.013533266222281497,-0.07215118443049688
-0.006999924305572275,0.018095515832933513,-0.011668561162689786
0.048457779465894475,-0.08790149895711524,-0.08991170188453443
0.029297651850333617,-0.05228590851857433,-0.05241280438489297
-0.02611217746678385,-0.04324528114197976,0.059993761682115565
-0.05068270242413808,0.006376566219572739,-0.0041731354851123545
0.0009925974943076309,-0.09359938448539894,-0.04920868262434244
-0.02751599938384865,-0.10326869145551736,-0.09819038338492372
0.016194860236739595,0.047904029612009486,0.04772823445970706
0.031498947401355774,-0.013044586157716104,-0.025827501338232122
0.052421097423905334,0.01445821983063926,0.0003702445181361924
-0.06820231648660068,-0.021960289901559744,-0.0645772955257185
0.03515583433154422,0.004775894180024276,0.0029707705432172847
-0.03270566475448429,-0.08208183124723176,-0.06105188346070717
-0.04894997073577498,-0.025854080660091667,0.03587211446958855
-0.015050522653118972,-0.07031644583845113,-0.08694074649275471
-0.050587421752689585,-0.04087339886793849,-0.09152486972697192
0.06967817256149819,0.004333413012622741,0.016893476528760297
0.027825770527965404,0.017235971799561007,-0.04995409521312917
-0.005341926332520168,0.0034755177215057276,0.007130327520357756
-0.07851452276707122,-0.021105935633358913,0.03508256185156739
-0.04427804309479498,-0.05941435289224094,-0.087834235400061
-0.0013338544382787733,0.06110919764003628,-0.024350644609804996
-0.0486878712713653,0.0051998248978301215,-0.001377532258587555
0.050949630480325435,-0.07488910573262511,0.06427884914113116
0.019263568097542472,-0.00454341189409662,-0.024158701941076815
-0.09681902697139086,-0.11804947179261353,0.07606738260190828
-0.10179286512914011,-0.07773708595816888,-0.09106718113972365
0.016492518972573252,0.053118755338643686,0.019937527936700315
-0.04149257588223998,-0.00946038929326696,-0.012881360931496342
0.07948878586509636,0.011265793329708229,-0.07073757547459034
-0.0662543875097913,-0.08089847961752544,-0.024803988795334755
0.021246591179215686,-0.060486020310202955,-0.021660127864000355
-0.04194285800781289,0.007432748811885916,-0.0022713377550464334
-0.0882985983853531,0.008977428755364183,-0.004178294792767082
0.060719813607944775,-0.013103238717525086,-0.037495109883423326
-0.06720054117430846,0.05921948663472368,-0.0375330601752695
0.08188819714139121,-0.1480034962022559,0.013532680801542747
0.05612196295508433,0.06539326529604678,-0.08816485534745037
0.07719949182975258,-0.041277329068845486,0.033695090347600445
-0.013682102452346736,0.04794851580076867,-0.047362105923607775
-0.10867816779407438,0.02952568856369645,-0.031783228161529085
-0.03698016560449145,-0.04349485164262789,-0.022124694460478975
-0.04288615598381086,0.0060583410602763725,0.03485353553571484
-0.05755539042848315,-0.01735581904979645,-0.07969161368333441
-0.03963680949541136,0.0675751761273616,0.045512611316291016
-0.03138157640472758,0.00090305663740552,-0.0752188941747823
0.03565249127753757,0.07306229049570463,-0.11322076583841868
-0.042252027839352946,0.03507293618998367,0.012350633862443727
0.032075621281779265,-0.004851968657957791,-0.04416962267728586
0.03643757463176958,0.05218234086465824,0.05085537361065877
-0.09003498730796756,-0.014710623470209532,-0.09343036883673513
-0.07635955812863152,-0.06236508760319782,-0.059486119527944054
0.09032680118018219,-0.007591324307801149,0.04826346105469538
0.026242137841582393,-0.024335438416258015,0.03332765999335032
-0.023485272940824083,-0.04499391348358703,-0.0781977702253883
-0.036815101823264806,-0.0645928460603661,0.004230316923330929
-0.05930386569996365,-0.02579147519071159,-0.012922707488668668
-0.017775138399769373,-0.0005654879249504668,0.021727564051677833
-0.02981584925485802,-0.028611868390199247,-0.06427385426992416
0.03893486122193082,-0.028689502168962582,-0.02266281808919452
0.037014914750233614,-0.007524217789540025,0.05809940308999298
0.025364191379978022,-0.06984351694968266,-0.06355761448424178
-0.09287044249379481,0.07175697690393365,0.03091299001601367
0.0040015918481210895,-0.03344765798731979,-0.011362747739055492
0.0639757127838609,-0.01469128428857546,-0.03402344549838244
0.03241509407721702,-0.001924371825415775,-0.0015176625078695844
-0.07323130322590751,-0.031296863202122514,-0.03015049294324093
0.05445564428350297,-0.016448958949160455,-0.019326833960447168
-0.0037065744179757137,-0.08288672750234151,-0.03361893854439667
-0.008854362761709034,-0.02739702139261041,-0.012378314897796477
-0.11134686410099291,-0.009734605316669035,0.060432824725740034
-0.07573431082274215,0.0499368640027201,-0.011449438196327677
-0.049765062183663854,0.06980051714286313,-0.027030954098584702
-0.016809791838537133,-0.027343206119578276,0.009593782320419467
-0.010863452830255117,-0.0071496260859238246,-0.023572966296413925
-0.011098609664562362,-0.05766822040382382,-0.009510629610240951
0.042201349941665564,0.051703935110140146,0.01233161457744235
-0.09599132839497382,-0.04611101286048835,0.08653356466105774
-0.09808261178244068,-0.006357811315803862,0.015278455564936686
-0.03986090344668956,0.02077084509555888,-0.07102117699939367
-0.0417358243532991,0.004712376740554551,0.033209521781858646
-0.020860570181965084,-0.05348275313305116,-0.06217383123527175
-0.01295886334180732,-0.03653667362282781,-0.056105951345792285
-0.05247886640702795,-0.04674311914577482,-0.03574979819565575
-0.07568647811847742,-0.027307021489169164,-0.036067280540967334
0.03318306566272955,0.16467051371969219,0.04403311333116811
-0.041766143978997666,-0.007739161182167099,0.03522541315915933
0.009245784247028679,-0.09850293550699077,0.011036363171427654
-0.02526161001694202,0.01877909637939516,-0.013550041026725586
0.062190118361559125,-0.0041118767332345325,0.02430744422657164
-0.02679128105520463,-0.03705847401604571,-0.02151426799047885
-0.0005398697043627332,-0.07841567281057998,-0.08653036996435907
-0.03621926120882523,-0.030499867723834163,0.0753913894683473
0.11111306606712237,-0.011516400528736724,-0.022082710825125487
-0.015829449897617177,0.05172858154022989,0.004256557555990972
-0.004168330840586612,-0.020042742356536622,-0.012629447808924329
0.05051110013926371,0.06664957815097515,-0.042925847306811274
0.026564211486555824,-0.05279710394455244,0.1081152432704279
-0.023943848284635597,-0.03474388614957223,-0.08109451481520132
0.07923490281160342,0.0653990585796386,-0.023961609704878983
0.06586439180970009,-0.05799382143885234,0.04005226239054126
0.008505739092632372,0.0645509676480059,-0.04964728305207406
-0.011148480516304843,-0.07501990754376447,0.05586345423858292
-0.018456490177800496,-0.05473926449220378,-0.09198140100783388
0.05710124898337315,0.03009138443228218,-0.09735576230817546
0.022560901084990374,-0.0733432708270436,0.02646812891741108
-0.04081303585055867,-0.027846395186385004,-0.007229523471556369
-0.05245650405038431,-0.0014449674833830765,-0.007208588432643084
-0.011323498226916903,-0.03860581933447519,0.03272889207929887
0.004679547443965644,-0.10134319451917174,-0.011402640709982096
-0.06727226809523235,-0.028526475118130105,-0.003597934004554597
0.02094480786831892,0.041090577381603315,-0.010141220811005033
0.020815325280134623,-0.04719934083147048,-0.013794941034964406
-0.0022744653170612217,-0.0031415939907951476,-0.05875360820984145
-0.05412427455995229,-0.05755037526499767,-0.02139271062724809
0.01659542738000525,0.03131392104546453,0.02364477736878479
0.02504379775136092,0.049290694232592136,0.029899209714550873
0.04955762703207691,0.01903479247990114,0.006704792252472039
0.05154528020049032,0.0230599356166947,0.037979090555604424
0.024673523743963546,-0.020900035854828948,0.0790250378537058
-0.006690796257200296,0.02781115632490384,-0.021972569843693626
-0.11117371734826365,-0.06907198233225731,-0.03638075874848943
-0.05971393708551807,-0.07217941506484496,0.057009239100210614
-0.019667050439266323,-0.010998381156816272,0.024583982857489847
-0.057640685497722444,-0.03344134698450311,-0.01204329117339024
-0.04703946701438548,-0.012374913564430618,0.009799559536611432
0.04749037950239376,0.02494173266696364,0.034075772022568444
-0.07197966693775817,0.0493561023609402,0.015694844144798444
0.0034257521098662756,0.02740318586829333,0.01573874678541878
0.0031659332963427838,0.012948810593116767,-0.04197741977505245
0.0053367320378894766,-0.012198390230167819,-0.0006713842928431982
-0.08052736212917865,0.0464721102468621,-0.033348741763900035
0.0676412284485643,-0.046551968103089224,-0.019570438386690318
0.011232292630295555,0.029122946840603545,0.05873445041540747
0.06588768168810398,0.0008563566010471061,-0.07073736213346243
0.07633962049882032,0.037590909653271325,-0.04934276870381046
0.14849954565725204,-0.004212705110799794,0.0008082644221768633
-0.01737491487657202,-0.036271026694478674,0.05740170374197125
-0.007470224514598601,-0.043874183135779725,0.11115993421126369
0.10535146457225013,0.04120298646771077,0.03580292194352973
-0.008215986509576046,0.01370983711341408,0.0005241791424080936
0.013139178985571778,0.02347634779179937,-0.0032698315213606274
0.021737744075225794,0.10857840272345716,0.010342779200285665
0.07693706791999085,0.014672868229255624,-0.00014427100042705907
0.013941806649109342,0.06985363172144925,-0.08744514026392693
-0.01932449461058232,-0.08393617625173927,-0.019511681526333383
0.11702082722990896,0.04135703392430689,0.04435811845587105
-0.034282611409406645,0.028343352066155528,0.000644873253907538
-0.03970919838416479,0.009039440142365303,0.018190716230233567
0.10767090394100627,0.07503042017218532,0.05549930506458085
0.00389352742862562,-0.003295708288091231,-0.00018826657363199724
0.07237493428633204,0.02836961899996134,-0.025778286653691133
0.04470626997918157,0.049433658941933904,0.04991025943946619
0.06417106840389698,0.03057854769469097,0.11670644218370707
0.034288958149116464,-0.029913691265277688,0.05625541442593665
0.04989409896706769,-0.034780179633989786,-0.07931501237040424
0.03933800668566009,0.06717240197010313,-0.03860244100333804
0.06882064954974478,0.08613387691366572,0.07132249102413751
0.01032607979746531,-0.04095070250983128,-0.051174089653325594
0.06293712409555381,-0.041968027292449514,0.07736362083113568
0.05021170862425457,0.04227692219045693,0.04105214072369397
-0.03743249629661399,-0.02451367231170936,0.04089688861138298
0.009103330588622506,0.04695313257168337,0.04042847449347041
-0.0037793678724953334,-0.02485139841676068,0.005042876808393907
0.06041288160441491,0.04805370135949938,0.07629320151651799
0.01699340766863541,-0.04737412857235381,0.01010346533729004
-0.04683914613943699,0.04024335895456688,0.026352120672632123
0.054566663045177315,0.12719622026648814,0.007961776905212294
-0.04815000487962488,0.024609595022828473,-0.14376457286453467
0.10579644485493798,0.014175089816604819,0.1096469536798057
0.04568093372714811,0.010555262675898132,-0.005394911904578043
-0.022257212088773178,0.06644955221609733,0.02764043782695593
0.0699305143231936,-0.06043538939443044,0.00016385077754656197
-0.014149521551972615,0.14079683969270285,-0.005892445109371532
-0.016146614072820708,-0.025646731146658792,0.00894989735040599
0.05050769290020772,0.09710543667605115,0.0109141698501139
0.08023777612453661,-0.0028769381669229536,0.05783235606996082
-0.039807340839166504,-0.021285414833592038,-0.02565841363253287
0.0046469847568691245,0.014649319499164364,0.013442216261900142
0.015254736671843062,-0.038821050968324625,-0.006187947175590673
0.008403586630663732,0.009881745900597986,-0.04964759657048166
0.021471129999487807,0.01037501053737917,0.054822445442974474
0.005562137392046414,0.022374702684786137,0.01772587161534067
0.0327123038932451,0.012677786088553845,-0.030069750615843143
0.03392007380530676,0.05971436669642577,0.017084405044354677
-0.06946600086431577,0.015323363454435825,-0.036944976072442376
0.10132365923548632,-0.0667644749459835,0.07357902896001281
0.07496308227076655,0.008397937376412186,-0.06175727916928484
-0.011488441885857705,0.06146547568548896,0.04389165828556294
0.09505340506563689,-0.04593927263337991,-0.02198256731992333
0.0504188601680836,0.11977642003275141,0.04262846133941617
0.02543372137620875,0.0965497634409869,0.07252590862045025
0.0044226851721076155,0.1018414152222861,0.03841376903783958
0.020864364931538232,0.0014988382285548753,-0.017355623918849067
0.032765887144033334,-0.0636225756792641,0.018549918939575163
-0.056309772553094495,0.03942721775139617,0.01521055925682783
0.0363506283393203,0.00013089385934948045,0.03447973559238342
0.13375581548424237,0.12963875730963345,0.022815297793593682
0.02927099954938275,-0.028168407601978893,0.01304876271714743
0.0006833604596220913,-0.02834776527482717,0.046464220400708384
0.04121165167588314,-0.03591019099091926,0.076385625054286
-0.07813133265124514,0.01825748554587821,0.05202139737454487
0.04696823323104328,0.025716000693494685,-0.028513813263379033
0.01870287587204817,0.003867348755277923,-0.0005440973461217358
-0.009519034403171322,0.03899610864892255,0.011394448707155886
0.03458165689264005,0.08700912388836807,-0.017993882389886678
0.0533795783401884,-0.04878080952725106,-0.009996912844387116
0.017965284068571164,0.04797750714099401,0.1160907259837291
0.05627587262074884,0.09591981365578978,-0.10269880445419968
-0.017734073281451095,0.03410103051713088,-0.10605791861169636
0.11640360948293631,0.0028859225745752823,-0.01903493774821108
-0.06624283941831269,0.06068329354360584,-0.04798940381284266
0.010696836553485021,0.08265397218843223,0.10141508585295934
0.03664719766980265,0.032242536675880146,0.0006381281300647766
0.060037554873749614,-0.005898156491841902,0.04004355441185474
0.03982519576985486,-0.04794595609864234,0.018907869595893724
0.06606411828813157,-0.02606797575187956,0.0017285818373578114
0.09238003990177181,-0.028824703816489435,-0.07877132653474186
-0.0010696165356301503,0.07149551682065727,0.11262970024679664
0.05338670410605356,0.022053512305561813,0.020539085561838036
0.09822947765312622,0.023738063564013402,0.09389561389525687
0.08330078275572872,0.04206116676627371,0.10418897200811623
-0.0007721186812298039,0.024842713697850204,0.08337862557593853
0.02792929375429536,0.012048332873243361,-0.02623496402207084
-0.018712151154333053,-0.02887563605368187,-0.01090218669161164
0.11581581264373417,-0.05898179663958211,0.038658342490958064
-0.05412255916978201,0.015173799001837681,0.05549259297686289
0.033718578179166736,0.031155081841090608,0.15362270488379393
0.06323880607187389,-0.0670388193351261,-0.0004886193028100852
0.07216441716280174,0.021766792051785215,0.032304318385043766
-0.039067486927315376,-0.04648636656028298,0.027762803773568392
0.02520702493334336,-0.010154772123259072,0.018178913451189743
0.04004872894046867,0.07595375634374257,-0.013818077519698813
0.05526782119126493,0.12098349186789464,-0.007272554578778227
-0.008456920844495168,0.005967896059997502,0.016952250089330746
0.013644002330841426,0.05224552110774985,-0.004996636407284687
0.06539497078051074,-0.02851221300571196,0.04687095205055879
-0.041216893264219755,-0.003463707373565106,0.01713345361282884
-0.04955024189764588,0.05275893807579894,-0.10939596602519368
-0.05366060026208506,0.027652042365033422,0.029203491633794043
0.09514148546439585,0.02328031820539487,-0.004845614162910093
0.05454298501127734,-0.03285336619171197,0.044087065127045896
0.024386942599636856,0.06323181609831174,-0.04039626945783659
0.05663055987884251,0.05974432122479343,0.09298331399018828
-0.0734241340685885,0.03536699076637091,-0.033467812204008816
0.05923677788248721,0.01409075644511408,0.02198198429368297
0.07541384043236829,0.044885647443425804,0.08179188917596864
-0.020288807451239083,0.013478993331232281,0.019793122299446474
0.016595983209744442,0.07931620888130715,0.06851676900399593
-0.02311700443142862,0.06586945246013941,-0.05027895749981443
0.07336616287416259,0.016892219827437688,0.006758416645233543
0.029699013993069734,-0.030373693435571867,0.007166387838008546
0.01214660715071175,-0.04509176706820732,0.03857762519798193
0.07912347944720867,-0.06947784758615963,-0.02892758720876305
-0.05892605435384654,0.002098986316771032,0.015607501198672515
0.10677942938445167,-0.056503549121517706,0.06776294882048133
0.01828183805727332,-0.10535483118623447,0.05249166580345315
0.025922779595164584,0.04300177880752028,0.04187265572097737
0.004024957553245341,0.05309397469589599,0.04769556598044369
0.013696547553307651,0.06352842676439803,0.038679787948032125
0.01146760326995833,-0.043039971065134845,0.0571684929481336
-0.03997400749040677,-0.03169048391708996,0.022259378484457075
-0.010774536102450731,0.1108947066922458,0.004427866953211759
-0.06591210198612132,-0.0669450692293764,-0.030063853015319553
0.005957613694153429,-0.04410597973340561,0.0013242213295301796
-0.0446849540514363,0.06878179416406266,-0.0593424422647671
0.017189723221795756,-0.051878305266205176,-0.0333606354188939
-0.029209354037101645,0.009704469587253347,-0.005665648859810399
0.013787697576288597,0.0891950838771352,0.01568365584197132
0.060738752916889044,0.07297014479826887,0.051428320418143256
0.003139404055843238,-0.018050880236710833,-0.00755577120580515
0.06061366718235782,0.00859789548190981,0.00746865686171242
0.08653424210554271,0.02938735590082276,0.017941945347313637
0.06695097519468338,0.023050197925584513,-0.014798689765959144
0.02178720198249267,0.0641401152645315,0.06728493677980878
0.00127398869551789,0.0701089602203072,0.03308077202395449
-0.08896371688579267,0.02565773350660273,-0.017234740906713397
-0.04638709701568911,-0.02457570917389914,-0.08819759736532241
-0.06474554174613957,-0.08650526363083638,0.042179219961378085
-0.007721867055159974,-0.035805121375961035,0.01999124013515782
-0.01815666809160147,0.025250956021293597,0.004069054601244139
0.06412940095241479,0.030257660416102738,0.014116224055199425
-0.035803053369251575,0.06048118105651562,0.053653743764730547
0.035424598335694765,0.12746199514161524,-0.02143528307542123
0.03649980441626845,0.03514828659109259,-0.01697081854939299
-0.002589252090152012,0.03820746299533868,0.009922178584224197
0.1415568111515338,-0.026891870177130333,0.027052082967627317
0.07587855583051832,0.0013008206887102506,-0.030603154821651532
-0.028427734723663382,0.0053142337019482355,-0.026203151450685573
-0.0010556508498004115,-0.011605138310591637,-0.03805795447019998
0.03148107166058857,0.022316448376123166,0.014824563407236074
0.08357203558811631,-0.00028844194889296026,-0.021018074318807027
0.008664705946841721,0.04656141466365208,0.09029600688900061
0.13655874623381295,0.03590089767412391,-0.14366104747067845
-0.05958779486168618,0.020292367124273177,0.04970737948940576
0.0076714848499092915,-0.012296291202384214,-0.03622003373721064
-0.0018064283929378772,0.027227592950299515,-0.010452865039960745
-0.06826857346067666,0.051465652943992836,0.02859323936168718
-0.06480450661147442,-0.024761697836391566,-0.0409004714549525
-0.02384590357855917,-0.036568822791649566,0.008512047747908529
-0.06464695959537684,0.05865899800320228,0.036634179945590054
-0.07381873245140462,0.039173674636370726,0.0123932741411223
-0.016724016867337314,-0.06354296233378025,-0.0036612022500011154
0.09243636702443417,-0.11253937667118198,-0.08200372080677268
-0.08005576518243727,0.012726506585469918,0.0012765981432725656
0.032146642706124676,-0.019286589986134927,0.03370644840513448
0.012063979040458096,0.004447060420966199,0.057953326435442196
-0.04647001549468946,0.003577704958814415,-0.03739839076856366
-0.010126538112968543,0.019218912705841938,-0.10620204065024226
0.06617298009481815,0.0027015682092073274,-0.010711771213009752
-0.03852596413666185,-0.003816853674813689,-0.1089612950478964
-0.05250131033838535,0.01966178170741133,-0.014190179889186576
0.03296233610217713,-0.008731700041084898,-0.04476031986411612
-0.0038040705754638767,-0.009615867392326671,0.07522350397642738
-0.072414338824252,-0.018519886806286894,-0.026104811997593538
0.00511078154144456,-0.015098167285301911,-0.06956802329245236
-0.005372495314405866,-0.04151809033399937,-0.0263316406641132
0.045994150728242734,-0.010760387311690536,0.0972767469701541
0.04853078599645193,0.048207228810427716,-0.002146756143408585
-0.003036718203769367,-0.01624363693688707,-0.02597713546702894
-0.019903647852095,0.049272843841351915,-0.039634456804485164
-0.020156376849448484,-0.08104733142877672,-0.05264379800714951
0.008570280262886188,0.00575087231479644,0.017583525179000335
0.037774534580847285,-0.01431310127907605,0.025903501305345016
-0.034002100322464555,0.0037806483626632173,0.06525377287841201
-0.0464124578388739,-0.023074076313124196,-0.0032004991916793225
-0.06396522743919544,0.05255958203241491,-0.03770488432174641
0.01991258146901978,-0.08250474241037223,-0.0052694922379450835
-0.04317005977307504,-0.03607233705995148,0.10032128482001883
-0.02368238180241524,0.022462946595530185,-0.02573994351798648
-0.043937180613913995,-0.03849416634896071,-0.09323891449311007
-0.029798371597210174,-0.007468990418756417,-0.0763855912499568
0.06273425255917559,-0.016849165535114737,0.059944362592432805
-0.05412555659880567,-0.1215038187591383,-0.06037594489493276
-0.055792750390896984,-0.04856744564147797,-0.0030461203455464146
-0.005076236751732977,0.04746861096466497,0.046605697471676116
0.023812852775621916,0.029123844165336983,-0.058356256763462254
-0.04935452475817423,-0.017408246941368354,0.11641760370311463
0.002848728996677546,-0.02121080653611019,0.05105166987460723
-0.050214079972301304,-0.009272231651469913,0.025068614430521812
0.004255737115426296,-0.035131356974341235,0.020850409432739924
-0.028331192831658455,-0.08021986723324372,0.042354298494672524
-0.049733420255094404,0.004281815075349601,-0.031848506643252145
0.029205149491812084,0.018203877650983295,0.023102980781500533
0.11967520146378956,0.02272020682072928,-0.025059148359014058
-0.02079022636580809,0.004011726552832582,0.03125364236715877
-0.0590570272943508,0.020653432688618495,-0.0034512227236749788
0.023485228251412284,0.058665516567088245,0.013300928140424254
-0.10072987020025628,-0.08342176302332982,-0.023569294843644322
-0.07109280441765299,-0.024107268740337202,-0.15052107695479125
0.013900979510958063,-0.01399595524175755,-0.03583568196086451
-0.009182359750749595,0.019675464693835507,0.05112359232601531
-0.0014576320866040316,-0.04002455181008126,0.037893837023767876
0.045606730213568154,0.04740441504290192,-0.06673312799668576
0.00650088939053655,-0.040372868863658665,-0.05009902625156072
0.04753451409241094,-0.09431831453726605,-0.020349090199418645
0.0019346693868089234,-0.010434831861629943,-0.06106679395276316
-0.03374785421745324,-0.11879229911605975,-0.06666692564940974
-0.07760004010974035,-0.04352554752461538,0.011583948717635477
-0.0014907581468633774,0.04306466910117669,-0.10958923022900098
0.0034865168753167326,-0.10258647675904994,0.05366621286391088
-0.003618111122510365,0.059261035560079785,0.044799548186756126
-0.0157978985636787,-0.0911366294991978,0.015495018629126474
-0.024765997886482666,0.0008106528542210466,-0.025306247179547995
-0.02370755111237296,0.0654110930889877,0.0042622407706167705
-0.0032906836554051615,-0.003628826085688248,-0.09865595401127908
-0.03671043947845688,-0.0906857778464192,-0.008036039042902138
-0.029863323497703008,0.05399046831985216,-0.06183476048261034
-0.004802532931798291,-0.018407561218442618,-0.10387157997656996
-0.0519860577790498,-0.01821468533404535,-0.09558576144128525
0.1099185155542977,0.027021732444010564,0.07435382101594237
-0.015837868036368774,0.01987393461203039,-0.04831643839711974
-0.01575810278275274,-0.07309616727887733,-0.01895687875535048
-0.03547689033059158,0.0349362661546012,-0.0010897165003057215
-0.027494013581703818,0.07003426315480235,-0.06259387398805649
-0.029022758800754587,-0.00806573597956075,-0.08801280522582909
-0.07314775492540992,0.028761259851705318,0.03140638196747178
0.011443831616480143,-0.0991547131825321,-0.01803391671831001
-0.04381149545022095,0.0002750083799957573,0.035378784053614325
-0.017092509111533122,0.0647371089797014,-0.02550233761104008
-0.04593735263544487,0.04608603502123296,-0.0551253646100549
0.05753350232471997,-0.09000645873464906,-0.06994679501788548
0.026087231359650048,-0.02035780874242671,-0.0258990068014941
-0.0095809546682309,-0.006504397730842588,0.040880913667564106
-0.016271518456192426,0.058320481532557915,-0.04137203932121135
0.034172143508169994,0.026587724152662626,0.014593403219937878
-0.011963685821226252,-0.0716337397381971,-0.03637485297190278
-0.052096478920566756,-0.005314478994174917,-0.01883874639662118
0.038012912912120056,0.03499773004508129,-0.013138493700954022
0.056330270844140204,-0.05981775424844915,-0.06217436056346208
0.015083254220591057,0.07075199104887508,-0.03327379645480953
0.01893693157628894,-0.013232318027371232,0.0011304412018417545
0.01562515391380643,0.006758545215119632,-0.05322655307285329
0.007208048100326547,-0.04135817889590411,-0.017923243041873482
0.06444512558651322,-0.13483065524437013,-0.029844451749811998
-0.00902588554051007,0.06440403918421721,-0.05962054215873466
-0.0245856024854703,0.03381871774946463,0.07499626230177144
-0.01963878729534377,-0.06315964667096283,-0.008844013160593552
-0.03814895279700884,0.014486674506190341,-0.031127552841836156
-0.062242812516121085,-0.04901607206319254,-0.11723768262478648
-0.03608161679322515,-0.045962026177292316,-0.10173557648688895
-0.0486506022004833,0.03711458936445384,0.03162552982470409
0.0012937941702309656,-0.022422614282079017,-0.0063239386091413635
-0.01978016950530839,-0.06182955172518586,0.062112934249790835
-0.03335543073308671,0.0006097291071595588,0.02250663011149149
-0.09599282469244515,-0.027458456899830532,-0.00026992358290877164
-0.06317882589789493,-0.04789238085014227,-0.004378448151192054
-0.051874432980563843,-0.024113715285116397,-0.04024072265096878
0.06472911510072156,-0.000650330998542583,-0.06476716381517536
-0.08479486672654268,0.07821295062052966,-0.006984655347862474
-0.009553629983558376,-0.0868714526248344,0.034580468459214156
-0.041447071976388,-0.04358174815599271,-0.10313273762396893
-0.04953402286677534,-0.06603335059696328,-0.03222582709928905
0.009595664512520228,-0.036520989951607144,-0.048243348812294785
-0.02953549142075591,0.08570281724612755,-0.07631861175181319
-0.017637790950030197,0.025132708127928848,-0.025244750347592982
0.006712982306605476,-0.034066936835266265,0.06136828845861838
0.004424438799702491,-0.001505330868503893,-0.06395109529878885
-0.09131915686155964,-0.05260894418715893,0.04291216261692469
-0.06310204165223446,-0.05967455382280894,0.04166682505238359
-0.040494612147806065,0.03860030358647669,0.056713859352398296
-0.05482295180539935,-0.0035693908117762838,-0.08820088122665293
-0.01726191780217544,0.032096257890494424,0.022517547112106254
0.03125003176272534,0.01567820517203855,-0.06152356669302899
-0.003897638271814002,-0.01453685181187841,-0.029658698735257054
-0.0401213988403787,-0.0437446666345381,-0.10885380536579833
0.008796372934612405,0.013136342422266571,0.02276189399250937
0.0038395391572607317,-0.04424411186723781,0.03576986148558305
-0.09865131122600777,-0.0519760826678786,-0.03430306560657914
0.07048395342871552,-0.01710143726011951,0.06775224313368142
-0.04082452848077994,-0.033952142569489516,-0.023530398558645867
-0.06113745633475706,-0.03620846212760443,0.06952966608247844
-0.023965734087799267,-0.060535517081794235,0.030743935652552176
0.042689122018642944,-0.09131734380298076,-0.054424864864824146
-0.0478849652401995,0.05496468386319526,0.044588460015562985
0.0027582975227849645,-0.009853772946551344,-0.04670938440067503
-0.013549164441703,0.06720588800819151,-0.03748344714164929
0.007293459795684409,0.013860580354424917,-0.07581948960299174
-0.1518787296778913,0.04022658303508532,-0.07089720536108461
0.0513997466713031,0.030315884252082072,0.015361861903371826
-0.10331898641308793,-0.09800082074178465,0.04865056693250538
-0.010578969472945857,0.036755321749483344,0.024593120487430013
-0.03873477070000457,-0.044467715657514784,-0.09628200233285472
-0.026830253174551635,0.07080555485598808,-0.11630837083326456
0.008339703860871142,0.04238641830495547,-0.028161217847133296
-0.11853088505456924,-0.05421007882924423,-0.012436352229641234
-0.033691146396838276,0.04650014798555311,-0.055148602430038676
0.016233921084367095,-0.008169455031059519,0.012753224479090781
-0.058793869262342466,-0.10530861232753175,0.0006953488998273222
-0.046612154387141655,-0.10130434540611308,0.019046979325028572
0.012240017651575778,0.0760105139894009,0.02347952791989023
0.013348008693503347,0.019811109623632077,-0.01304654026852687
0.0031543920575837284,-0.08637757242764366,0.04926586307376291
-0.04829810347607681,0.050318399001661074,-0.017579169544873076
-0.04529038587622742,-0.002229094757304515,-0.027381181318591304
-0.05425150793105313,-0.04090407612224564,0.01122434073336568
-0.03983107581662021,6.103999965212728e-05,0.0001252406402339392
-0.003980637029717678,-0.02580882575283331,-0.03014028051991807
-0.10955701979326206,0.012281243139766251,-0.039118187539953705
-0.017814156480585784,-0.010336802702205494,-0.0001940359507631214
-0.042358802841210894,-0.01174206773505592,0.015701812412793087
-0.046635393054168375,0.07011731542953675,0.006547143281222016
-0.011574424127766951,0.04784137953071124,0.022390823416730595
-0.0659870745649029,-0.07405393487979035,-0.07062400906018089
-0.09597812668298283,-0.08747713105629168,0.03814527455745927
-0.004365956439549455,-0.011403769058219368,-0.09195680003278883
-0.11320441295868794,-0.012558779568419281,-0.0020261658075150513
0.018479917607131486,0.022043044368708298,-9.818097987403414e-05
0.0035413528697782,0.0463549817966169,0.016897816009155867
-0.043845015017938145,-0.031974963830846276,-0.029263362693447828
-0.05300438221393276,-0.034197569686087045,0.09868147567010684
-0.02843717940594404,0.007693650002331721,-0.02872951154061076
-0.017124225761409907,-0.043660405484485264,-0.03525671493225887
0.0009543144969939611,-0.022722664610818063,-0.030745238943922476
-0.022122677761407847,-0.025972929137913894,-0.0432662502805369
0.005586537707665186,0.04288636503943909,-0.1179107994947275
-0.007419011187518566,0.02796202857903913,0.07691870198720335
-0.03007173076699655,-0.05103303600231249,0.007167939778102681
0.005825561974297604,-0.05365072691664388,-0.05885793590322269
-0.09526404582090682,-0.012553484391610508,-0.06758617462238806
0.026297151403812075,0.05082595589600848,-0.04362712156966585
-0.06013855258959707,0.0026646772286998723,-0.06519308915889513
-0.10122671892814156,0.02531008606039635,0.02626687867366531
-0.000786527044381073,-0.05535207297056906,-0.019863085127071065
0.09781879233314024,-0.007144677222866543,0.06445958408791895
-0.08098442113055643,0.005247921355150682,-0.05862266104648424
-0.03670143677450802,0.044013873989422844,-0.016879354099788173
0.0490253937957042,-0.10748059541066872,0.07794164651427551
0.03525915392004618,0.023198209199752826,-0.011807279709264821
-0.035361846122316895,-0.0015467830627315443,-0.00462227884961177
-0.03579249505307869,-0.012925624967865094,0.001982989023689841
0.04153496100203326,-0.03230373274835188,0.015678345577679224
-0.01993216961832239,-0.09002931284865806,0.040433834570332144
-0.022450770286608843,-0.06318588232696858,0.02692830292346335
-0.02653369297265789,0.061967402960645714,0.020189909948370152
0.022544263108872555,0.052416801422027995,0.0074406154227022086
-0.1189557207793849,0.03663982344871155,0.004123098164873029
-0.016443419962875475,0.09905457786581881,-0.05363356739390203
-0.028079373140385583,0.03005050536173251,0.03929923066873908
0.011010961133916766,-0.046572985543912225,0.004978418218056833
0.016225173322556744,-0.007950078604722213,0.0018786276188132007
0.026411666778500965,0.005769329337060481,0.00107226943601823
0.09561742074119214,0.04511230739314348,0.01565476024487338
-0.01396856149199276,-0.061682653448299374,-0.011791360248650977
-0.022774386507750474,0.07807663299878273,-0.017617286981290285
0.02438458863865087,0.03848224417622845,-0.013238215283592456
-0.010413165593034311,-0.0689827635450973,0.025141965552536265
0.06428509541625838,0.0805824471465837,0.016490695844811835
0.05207370914956436,0.03759443794359149,0.03820870839441444
-0.02736106602120967,-0.029668431424268445,0.0811788147535652
0.0029797656056327155,-0.01319192481851228,-0.014656902453380898
-0.04087147131848437,0.14117756350526858,-0.04562986152888943
0.026103875732092562,0.010971961168208472,0.06524918853890938
0.02955209959688289,-0.0020828223008196073,0.0316186331553317
-0.0461147605489127,0.08099380527745942,-0.02534782779475867
0.03772151774904908,-0.017215156836566138,-0.036991088050294316
0.0253239001226412,0.012101057001313168,-0.05933456612835828
0.034508695430559205,-0.019109242577797447,-0.00971148852274633
0.010802906888361918,-0.07419433863936786,-0.0024585969922697654
-0.020742484086539715,-0.010579621016009594,0.07136895251846842
-0.046009460871229924,0.03578320561027464,-0.03046416879441986
-0.06046816415057552,-0.05052620349829518,0.009311866376608146
0.0062374245334048,-0.021679809446049247,0.045300146619285164
0.041753352529738205,0.059211462729841374,0.04170488959825282
0.01585703193927583,0.0514830708110667,-0.004337457237710217
-0.019313320077889908,0.00967167280296032,0.029022765216919853
0.09400055727919063,-0.035793929266383695,-0.07057935533183604
0.01941017620911085,-0.043870389586331396,0.018157322690904882
0.025925254090716138,-0.03155234523319901,-0.02054899479677493
-0.02059327621221797,-0.007524702881637603,-0.040617386594613114
0.03464475813339816,0.026377558747298233,0.07309828096013254
-0.03367375402048725,0.008402546492858265,-0.06581415489339452
-0.09674722426810997,0.05877420172044144,-0.024672565070456925
-0.033311254424069216,-0.061280494322010055,0.1360677715621407
0.005727244280895053,0.09262874776650665,0.010373861694458036
0.012061887515681033,-0.009955692168962346,0.018501508727600136
0.0706925304638839,-0.05034306590885174,0.0324371838493389
-0.021651515585149037,-0.012293000758350143,0.01890376826221713
-0.0031415059669429816,0.0727910760161353,-0.017372877586974672
-0.005553530454177086,-0.04730056596959533,0.011502015225461109
0.15240963331805393,0.07621707755003619,0.07192502770544097
-0.05892090589362913,0.02290526471060802,-0.021307995585448623
0.20530906384808495,-0.024095153019342994,0.042310510580721335
-0.026895216319914865,0.011794529478287475,0.012226589822448541
0.13830897669155334,-0.004298568377346488,-0.003404655229772716
0.06750036141665407,0.007020398855358845,0.03371598880435338
0.014649038709358412,-0.029955325413126087,0.0703119980228284
-0.02738155500516004,0.032522745808163354,-0.03784693473116396
0.057585636172381174,-0.023408688309970425,0.08030557016719704
-0.06862105501717547,-0.018070944937392176,-0.006176881781880469
0.04731363448517271,-0.055785894090409016,0.02838247153818141
-0.009005148729302068,0.07466444054734754,0.07836845815201605
-0.06687319653794727,0.06575087126911024,0.07866799768282019
-0.026581531523817717,-0.07383422970046043,0.07183191933301741
-0.07575413409530435,-0.048116611026821535,0.03151255301721605
-0.07867000933890236,0.06516329941585203,0.007093837777111951
0.0376926305162247,-0.01892049839992882,0.0019416885941499675
0.03641382926376402,-0.0005304098244283025,-0.0028135950369616147
-0.003503675590839377,-0.05998380751436006,0.08783219075901534
0.01409355843010382,-0.1257187838914297,0.020225723181961894
-0.028889751863914563,-0.025171128372244195,-0.0031786414499686416
0.07308867918833255,0.04382465778996199,0.05086083886486949
0.06247838060811908,-0.0031099531722900177,0.021233221154159182
0.04662408035895511,-0.05780860441920222,-0.01630443324636007
-0.010152207256097839,-0.008004583892113967,0.0241471362817033
-0.007480992172933965,0.000578591141211001,-0.08007358672709429
-0.06992762046244558,0.052202387148416345,0.1335536314616711
0.09921417232397974,-0.037423359821821246,0.0393493351508091
-0.019019494773659284,0.013970344835757487,0.055143563160696976
0.13599413792523218,0.007665242528718806,0.0306266918737989
0.0710940958042105,0.02672010426943558,0.1258742796569684
-0.01928264345268914,0.03956761510377803,0.0372191069768208
-0.06488206382156869,0.07171538846526661,0.058774876895845415
0.03417821802759219,0.03370532998276994,0.010776607510382546
0.06548490342760123,0.1009026851764677,0.04646685263474605
0.06664330878012587,-0.04922024521926411,-0.03023542555609378
0.10593354497424519,0.020704091046437362,0.07662271064681278
-0.07530309372447938,0.06103317723887898,0.0068263898046956265
0.09898499820250833,0.006162824092020708,-0.11412915575851727
0.06632729389835587,0.017926747626612942,-0.00617068004431608
0.08039827678378796,0.055012346743529505,0.11189895555710534
0.11412873063568714,-0.0686385538267457,-0.06336048812380435
0.03579073028575325,0.01806235254892176,-0.01364111638845759
-0.024144954251299783,0.008756099344194994,0.07834319594352618
-0.03159189399569007,-0.05153026674170474,0.10936611411951894
0.025078797808764396,0.018429653979454556,0.059450899345462146
0.10241963548960328,-0.0007612212050071912,-0.04404415526001133
-0.04109238525463774,-0.017351337149291445,-0.04268920397500384
-0.007803815567241568,0.029700932579593917,0.014659762064458522
0.08581768085293401,0.016048958502618966,0.04604001628114382
0.09253923919265093,-0.010398015542033318,0.0212904383454267
0.04208843370034416,0.0652623745540509,-0.0324230023773255
0.021846434958845196,0.013357207059261803,0.06472278409945856
0.06716917058184377,-0.0419717325111902,0.046108966132035405
0.05889740117830407,0.009287368782497763,0.03631308380060269
0.025041336835733362,0.020439541394297468,0.05550494964402057
0.043244289218380264,0.006108642924686885,0.028779651793298458
0.07387223799562652,0.09042447905488747,-0.00713685932005248
0.002838281676929552,0.10203750409451207,-0.039209155953546515
0.008910194196742638,0.006153765396314173,0.07846045963548219
-0.0605177348750307,-0.03213914396832818,-0.04528344410888901
-0.0408060509928259,0.05179410939640068,-0.01954563124889629
-0.01316396096744818,-0.031176969533671696,0.021954474303979215
0.03118994275334755,-0.007381140577497707,0.04715838728421763
0.061386113925225444,0.053145106457849076,-0.06618111158421583
-0.018617803285612924,-0.006146756541942099,-0.03335425316519776
-0.01637710077001151,0.017015783595454637,0.03429834582881325
0.010353356183283369,-0.019344927042537947,-0.028579043948517808
-0.0008544082461943263,0.05042432234486301,0.048133728865958854
0.026195649683134224,0.008326798922695621,-0.008899813019319101
-0.07081078717517277,0.1339848144912199,-0.03749835776334799
-0.06783228274337849,0.07526361391306027,0.02378043871535545
-0.01963417251629152,0.0047582686871792,0.006969722039587357
-0.0527568775874335,0.09302235408313941,-0.03560143118404595
-0.0068353163584181295,-0.04120870246898675,0.07446691815911463
0.07060954285450523,0.10036773002430999,-0.014558517487080005
-0.005225984305721843,0.000716818304287558,-0.01422068570901694
-0.10049274955164153,0.014730241657807851,0.013329101006016753
0.08751422782735205,0.01941509596177568,0.004635849130702561
-0.05372432937632053,-0.05849211921710794,0.029188734362187677
-0.022946167508112673,0.05739562574274881,-0.0019835601800780103
0.0982851298842485,0.015576664674694462,0.020171623149480823
0.10965117371241939,0.03635398274284346,0.006901140490467226
-0.007956813873459603,0.03471252310604487,0.02934217321209357
0.02698902291215641,0.051548003193363334,0.08613538671246806
-0.00966269385908164,0.034403958766780554,0.03506048675652304
0.013535289899261851,0.1366656410301304,-0.03795210837487428
0.012675408151831487,-0.06137117383263148,0.06862348941323507
-0.005124151390608667,-0.05113121791428782,-0.025749696588174584
0.06543299797898874,-0.03305900364970265,-0.026942452654351523
0.002461546785629265,-0.016534892208108252,-0.02750059741349412
0.045157849234719695,-0.016536299661381353,-0.06223782659136118
0.020319392594727724,0.04910973775890254,-0.010408679621799775
0.053216315798266724,0.06520496175530094,0.07183245394362989
0.055645221569946696,0.02365991506924995,0.029891008840937816
0.004731099667518335,-0.012452985879642813,0.07511126993902949
-0.05763299417975547,0.0736586881910275,0.053306534107618625
0.008478703403593593,0.046639849589693624,0.010254089511545383
0.050874551334534675,0.0523118703910978,0.05764059387364684
0.0037035649780996893,-0.03243561094214291,0.06760351866953436
0.021801713800678676,-0.08301386855537041,0.034897117718750995
0.05620213296388883,0.02645640522446057,0.057500318021188525
-0.02429619805549888,0.052982045338743136,-0.0874604850926338
0.07493457680856543,0.07689936353858683,0.14131946112376786
0.029554216531975763,0.07149862915633207,-0.04389939722107398
0.017014770108882006,0.06919383401416983,0.07497195101392373
-0.029098640802705272,0.08903310229624423,-0.058168523276652735
-0.005066649054301171,0.08774185546824975,0.006264069187289693
-0.03037299388068166,0.016718827227986843,0.09782296235658769
-0.01795363060821057,-0.00088223616064503,0.026125522849435312
0.05504199379153456,0.04938733068792403,-0.1344082291258913
-0.04030980865303496,0.10470349411473705,0.005305568003696344
0.033306096074128544,0.026818332316590393,-0.055302614848493574
0.11221544018446718,0.01694013906880376,0.012371949071355741
-0.006220272506665757,-0.055101552263068766,-0.07664577283575097
-0.026628804740674278,0.004786013535399052,0.033559456879486825
0.0060251548786772295,-0.023881997819659377,0.051593358717659604
-0.02226840918839495,-0.0759178535328072,-0.05693892590358984
0.08985497713280037,-0.05552436538375905,-0.028261280490109585
0.032305692661155634,0.08320811080456517,-0.009455430917291912
0.11665172247261493,-0.017251847023900285,-0.03253362449070012
0.013212453118857968,0.03278240028864057,0.04957506619467688
0.1498998988122879,0.07020913935612934,-0.038706519878503154
0.05805737679620092,0.06490202637129133,-0.022263092999212964
0.010255524910802859,0.031249345062879554,-0.006595714514784794
0.018707647814073174,0.02603466230019772,-0.042019853507630545
0.015784984334335884,-0.011687651115987428,-0.014311552405021362
0.03899375084926651,-0.02551434033160145,0.04312116002316539
-0.016096112326290893,0.010638377157265722,-0.006446511751824627
-0.004817231512990161,0.10354964463113712,-0.0699627327068131
-0.03755083961364775,0.06274850661812409,0.018302996468749014
0.006053986809457222,0.015405207838697758,-0.0390219376836546
0.07956721874025985,-0.08626946062343172,0.0006692328319614881
0.049373474681873024,-0.013932066940133709,0.08738843668764282
-0.02563598070054994,0.012065606471070689,0.028753112640703418
0.0880542537804519,0.04787408329429758,0.04117898968237153
0.10589209381092776,0.04779892968870923,0.07202651840149574
0.0012760156595430488,0.07748457019085075,0.04574498633098052
-0.05402545530265625,-0.0057950499220862164,-0.03411494049906166
0.06978312930975729,-0.050710239593821115,-0.03113351109850765
0.04405349558476419,-0.009667378869556324,-0.02487947840210898
-0.015352388660741172,0.11993717694283515,0.007294680940860464
-0.049085739721641305,0.06522972550912602,0.03915280098768106
-0.07065498570688211,-0.020588373649294826,0.0032058480909399082
0.057729061456447774,0.01925489076624412,0.01321500355361253
0.08570524368826236,0.047587921804429605,0.06893696096073336
-0.024303404772758826,0.09551810119803479,-0.045995280295830304
-0.008645556052968219,-0.09165702519722516,0.020701745447880428
-0.051339333712923305,-0.003846157873074402,-0.007427625794723671
-0.01856938755705012,0.015363698871289057,0.016038490946470016
0.06329473738432785,-0.054431915709339126,0.04882666971721643
0.013209858983856338,0.06341865692482823,0.028933234158264324
0.07607186962173952,-0.06209150182479922,3.949284076631629e-07
-0.058331184888549964,0.023804981367657324,-0.0011366339574495794
-0.05177844240210062,0.05665033339682087,-0.04077687993882931
0.0775941985340065,0.04841235447751834,-0.15160591908356097
-0.05194707044988065,0.09601920261410239,0.03914710837617046
-0.10517903154455958,0.05217600811012986,0.020787965234593593
-0.020283247711543557,0.060411454712798705,-0.08013904708944872
0.0015156624009413687,-0.002003742427500099,0.015962138352713772
-0.10454558677599814,0.06531288952700454,0.08007647182160964
-0.05845121917002387,-0.049960683801160595,0.03970496430193058
-0.07161729647385663,0.14008544670259027,0.04712101597302784
0.016005475985595333,0.020072582936404303,-0.006149623562571849
-0.02460712016377323,-5.497900657930148e-05,0.05271961463265849
-0.037197969177684906,0.03283701241755081,-0.07590252060447575
0.049445656427161824,0.06297405685185815,0.09043430673696648
0.04155362160970474,-0.09550485418807819,-0.04814704984509925
0.06906568393126598,0.02736264821620961,-0.016367188888466354
-0.03378978289397411,-0.05851769127432293,0.007774498908941999
-0.0013713324431406959,-0.029840228110156828,0.011181481140990653
0.04142455278718666,-0.0065623937110395065,0.04473581533071383
0.1565570391671103,-0.07730479389714229,-0.008925107293718888
0.010836955216601683,-0.0017844850729461705,-0.06711568462076517
0.07500926250402312,0.07151701047270077,-0.04831005195186828
-0.06856301896597251,0.002469647279274793,-0.08501556406995543
0.003530029143178623,-0.07159191437679548,-0.01056308304540438
-0.023477658300664773,-0.060499856265070574,-0.048638528572690534
-0.008982638930415149,0.027536964172800237,-0.0026723368874967918
-0.04997817504494511,-0.0057728999453318395,-0.005938321357531837
-0.016434254435153693,-0.014010768411041142,0.011069793108567953
0.03006615889511536,-0.06107475011068671,0.007036535873290958
0.0026998087925076677,-0.04452935072719035,0.10033799778053715
8.554753586665926e-05,-0.027873603908914062,-0.09654954329032552
-0.025846838794406284,-0.017837635996084622,0.0182696512283926
-0.09085072410236783,-0.05745567659848769,-0.0036318611267396146
0.019832772225890548,-0.09142225387805242,-0.07350939885335543
-0.02488182898735361,-0.021079115633723815,-0.02706000221460849
-0.042684759315897804,0.008054619571076543,-0.022734938017068898
-0.03595417771702826,0.0759915149916569,0.046486961491466056
-0.11113059762533828,0.028206807207545682,-0.04461427153657186
0.0033275182911176775,-0.01923554523067249,0.012713734959971724
0.002229985664965823,-0.014818397635501888,0.018178010574548976
-0.04406096934533761,-0.015268913767442369,0.03069095535891173
-0.01744327189766178,-0.0021835102052046064,0.027950997558539158
0.010088979232319672,-0.03841676576931763,-0.008357230726581897
-0.03434986328110615,-0.021615685263150428,-0.05256013937238674
0.05917934158540909,-0.061533350507969764,0.02197670031308488
-0.006433160207535864,-0.06115880001535946,-0.13033079407445985
0.05421184713499233,-0.06832425755757118,-0.007244548893838739
-0.01783530352007282,-0.017853834186643998,0.05348899221232674
0.011691740668267635,-0.07464877289494584,-0.03038601367023908
-0.02672718290415412,-0.09242357990890421,-0.05811595285235552
-0.04572424000290961,-0.010136860577621216,0.04532267251628131
-0.011604534332206574,-0.049145144795465744,-0.08206493450274764
-0.07830019930847225,-0.10176495311418897,-0.10657487650209359
0.011991502963703778,0.04077665862491632,0.02521972412283179
-0.03739728480321361,0.008200388844348629,0.03911977707617003
-0.09337611716865583,0.025950514272865325,-0.05581103441009584
-0.03682480018871823,-0.05066427861232275,-0.03922800873235664
-0.02407705739059316,-0.06437325394101888,0.038918844430899394
0.03431329554620575,0.009868337011276755,0.12673777333071415
0.06577696392623682,0.09104451668922066,0.0008784601202258477
-0.0315825868952592,-0.04658768240595287,-0.02367695944988492
0.03942212266030976,0.06870783136350396,0.00516735884609488
0.03174989257620774,0.028414736921208918,-0.08197872035697151
-0.04867004210130323,0.01921235892716066,0.009275754138882078
0.006768044770101395,-0.0858533574907084,-0.07345478974480459
-0.01394199690880821,0.0005596681034770387,-0.0001680913492487241
-0.07071138035049383,-0.025561970690050145,-0.04407906639582182
0.017369417990567487,-0.0097835340379466,-0.011687921995987732
-0.018771777090301027,-0.02125138550110294,0.03275511322512005
0.026093086627168083,0.021688714435102077,-0.092375006057
0.029643928763369982,-0.05275555400328012,0.0527875530563523
-0.030232923811605604,-0.05196910433062085,-0.11142279806635803
-0.005379159591663072,0.03764871260938801,-0.047161590211152314
-0.017036211623878812,-0.10562208566069338,0.002293952979178053
0.001153144903237353,0.042486858858017916,0.007546835095027222
-0.038854464018175806,0.08401772882206436,0.02073350912943079
-0.03560250913444385,0.06560649539589605,-0.08683071170057854
0.03610742236268995,-0.13301337590357795,0.0336804018145285
-0.0055118739706523385,-0.005400599300991139,-0.1678435332274231
-0.060563868467690476,-0.0650849661666342,-0.048264583579560705
-0.05293679130794899,0.02258547516358863,0.04869736980920897
0.028260846370317616,-0.016272250755514823,0.028882364288850215
-0.029463581968870063,0.014909731283455779,-0.04702226000695493
-0.14675862383933913,-0.02769548964131351,-0.07265556619079369
-0.0851889820766597,0.024756733290985943,0.0072041122807483884
-0.012568643886228628,0.05597562288275816,-0.05361563127902963
-0.02238352676878382,0.07756113348293278,-0.059767234087937965
-0.026808201706617695,-0.06844602982510842,0.010224650524724203
0.006867107086164698,-0.025352314783811898,-0.1093155590380736
-0.08491299042322845,-0.08085274212244617,0.058894408328733217
-0.0076465676039066816,-0.08608507775123089,-0.03884627923670144
-0.015448340678822156,0.11091023760999139,-0.11260022218224919
-0.019434778058507508,-0.09327661057470625,0.022134799125828757
0.012878877991348715,0.003253881623540955,-0.07014293666673642
-0.030884352783298145,-0.017906686939426385,-0.03583591747168968
0.03276447976589501,-0.0573334996855524,-0.03996821290079871
-0.05477691723588847,-0.05557110289422512,-0.025687900022490613
0.02248065622505045,-0.06986977150116179,0.024687306256861778
0.0003824194451830104,-0.07817318386408073,0.07771635774575486
0.17883190661083365,0.008607182629898222,0.005098288262990518
0.04568840266824552,0.01884875972817172,-0.071757815475549
0.0019576982570305226,-0.004475924994030135,-0.04977792239153073
0.05035953905901498,-0.08715721647397635,0.02696880133139915
-0.007412619951148312,0.028977267309641026,-0.07161541290798534
-0.03356101508764594,-0.010353858103255864,-0.0628341524275274
0.009238277951089065,-0.10810235798792968,-0.11795097934005841
-0.013886732919321538,-0.0022988633716436863,-0.08668101474188364
0.0052827048745409284,0.007885842337983864,0.061199297053304416
-0.03769305000100017,-0.013322362441503222,-0.007724731867468965
-0.03640596618504713,0.06473498562235483,0.00826690745129378
0.0602655079663251,-0.004114038070565724,-0.005749661471180516
-0.10087861492495806,0.0056604751570375825,-0.027580955408808568
-0.06763288606976826,-0.038917893431417966,-0.07348666800598656
-0.052579692301936994,-0.014112256300392654,0.03861182825223202
-0.05401006225603848,-0.05475808315678539,-0.031327739078641795
0.009669998786820188,0.01128845246082123,-0.012500402051814012
-0.0525109788497072,-0.012036064064104372,0.12340154554291605
0.0962441020161892,0.01902117987209694,0.04582900018256822
0.015563004800922924,-0.009679131600104968,-0.005564711323396275
-0.03810379536262453,-0.08395481902222167,-0.016041811956319024
-0.03077020970267217,0.13171691105225142,-0.09888270001015283
-0.01728347560178147,-0.03993087630176441,0.0045595431741609765
0.0007119926363736845,-0.13101414301826914,-0.06572112765187889
-0.1355245472941892,0.02809955803844308,0.012102952414267114
-0.055879026243546306,-0.03299083263823627,-0.09353334677676332
-0.04193231916887046,-0.004853015285960313,-0.014733282205227717
-0.09582647869889985,-0.13091188853810182,-0.06604037643534022
-0.0193103638532526,-0.07662191121059604,-0.0036719328551737297
-0.03967014222626919,0.030629855213957512,0.011885143419664745
-0.016501898243869117,-0.05005101313640817,0.004844898981120227
0.012171274616079641,-0.030748409788066724,-0.06693186508183122
-0.10210605543682429,-0.012414888464993702,0.029681830155196685
-0.05676321971362458,0.0038066876260252416,-0.015842753382628024
-0.016324833159211558,-0.007312831905077628,-0.06553941534498113
-0.020676979410561132,-0.049703602632378316,0.03662501033914391
-0.0217255341666703,-0.1232804058696102,0.013582812475189682
0.06452317314322363,-0.06467879798209214,0.02918383839114564
0.05703170286528805,-0.010449221352339064,0.025801114164114448
0.024268277076421717,-0.05632028950012091,-0.013745942946728679
0.05412459621013884,-0.0078025748635019345,0.020744833684593823
0.011501066203362612,-0.038461992407439805,-0.01721562497935589
0.028004800799314337,-0.009585990551858336,-0.033115898079220996
-0.08083414306436347,-0.011142651773521427,-0.045968697265983474
-0.06104944107636043,-0.046572804613282164,0.1057898120307723
0.05905835276675732,0.09879292466405822,-0.04091789329501287
0.03792875930664994,0.05483709792876565,0.055180740384058055
0.007254470037108152,-0.1071381325333867,0.02044217395229322
-0.05920662855883297,-0.01977945493892146,-0.055536915099320065
-0.035517609956683335,-0.07950295231297222,-0.09244916460268546
0.03299475208774638,-0.0018703046970676776,-0.11883258679381888
-0.013906977381060014,0.0687446026614381,0.016339727069851945
-0.04640933258246246,-0.04043035099961568,-0.019071895858834325
0.030281353356731926,0.039077686113746464,0.03216315996637743
0.04851593076745847,-0.08257552286409578,-0.09221032079243874
0.0015341120156915425,-0.028320737693195847,-0.018611984035309337
-0.009451274414718672,-0.0018456349317427095,0.07814160040489396
-0.023288730114064012,-0.07415800099323865,-0.0060238649209520476
-0.16285664047824433,-0.12922597513263973,-0.009015010035642366
0.05098246429962289,-0.005252182791288692,0.06879151552151788
0.0018431847265880028,0.061297420331435815,-0.01366496921158421
-0.07742537806447611,-0.022454913537801588,-0.0890733544630264
0.015257416782151052,0.029592951388399902,-0.041129815483080256
0.013682343348322459,-0.03228118126510171,0.0061350518247794954
-0.0900459781580357,-0.021220580410656675,-0.04772651325682865
-0.0832685978595366,0.0034022309600815308,-0.04871378202930287
0.05540009114994608,-0.02405252609687955,0.060018077666088396
-0.02029761265317037,-0.003668252907370523,0.043169308377986146
0.02794537163820042,-0.0343184836647926,-0.0888656408651367
0.030719929330701834,0.03419753291005827,0.009189150073766169
-0.04672170876519756,0.006840190458795657,-0.0014737794337956536
-0.013686245107249384,-0.013278976366489793,0.016893116390135993
-0.06961690644755267,-0.09277746885968051,-0.07673226864363789
-0.011850747028622627,-0.07440609698807316,0.08328188499548521
-0.12849284781438688,0.06658664723776264,0.010568027592103383
-0.007021108541248624,0.03606002159952705,-0.007269070562960108
0.09386333361065421,-0.033157891545946054,0.06866754885406257
0.04842404107262519,0.010449471321123114,-0.05743558673972533
-0.014795853042860992,-0.06158477347802585,0.014539075366261959
-0.01685535915498667,-0.05594991136685399,0.0027135597384236685
0.02631565545628499,0.06599928284113075,-0.09447604240202058
0.10458593267903715,-0.007953175269167228,-0.03358279307842768
-0.05480158774352094,0.01451694082147334,-0.04744090509405504
-0.056286983294094824,0.011595542727946316,-0.03614365944287999
-0.032369213677709625,-0.0020430546003711563,-0.04479436902639826
-0.08925915119198553,0.060430503664923384,0.04273300844632675
-0.015166076618165892,-0.04688295961593405,-0.053410751308047594
0.004294759100346648,0.03883418656046056,-0.033584225339190726
-0.03958684459177946,0.02472362140109701,-0.0034445599588677125
-0.06355279336998892,-0.04127857273504675,-0.0326581661896478
0.007341538809707421,-0.03702705245071006,0.04741250927024755
0.10464187403422971,-0.05578684386229707,-0.05281438716965642
-0.008037141069437313,-0.019872148464893383,-0.013408915372276533
0.014857168769318464,0.08781934512785759,-0.004581952964087282
-0.02644934451576702,-0.048676578708931155,-0.07168166076785537
-0.016511282125577925,-0.058723053328230024,-0.08112806988719824
0.01566602304636081,-0.055320782334021705,0.008752233277879686
0.055112485848867576,0.05002044017732042,-0.03633208137891431
0.029201346268834007,0.0768568531684806,-0.0697288236171209
-0.0025186796399025418,-0.04564571365270511,-0.08623460438696615
-0.004666116890533902,-0.07110723452047277,-0.03106218220616065
0.07050040292362685,0.0858808798485792,0.04641762548487654
-0.04359149357376016,-0.045052309381968456,0.030607867648645527
-0.027030911741116364,-0.02452272201514647,-0.08176051001249768
0.0064107889795599095,0.02838752517077208,-0.023789178568318782
0.03250103644679881,-0.04187837111471304,-0.01724791801332202
-0.04294316849174178,0.0524969448327798,-0.007537916723348945
0.006143635678936403,-0.04360297241101239,-0.042185137741728884
-0.09219759798929261,0.032517257403036536,-0.09384709548807371
-0.007060692465815633,-0.07493231490327935,0.0992092298560714
0.011874698023392822,-0.008600599039201845,0.05241669726927979
0.04376773108276326,0.05041660103641503,-0.061237386235829465
-0.03719987798207615,-0.11963539564743264,0.06707425278253129
-0.06987597658343897,-0.09169551964289892,-0.021610131200105163
-0.09384030266523832,-0.012023601361391372,0.019333875532265964
-0.007693089204890126,-0.03979277407325494,-0.023144249898406712
-0.0599571648642503,-0.005135279396714317,0.042075924094569214
-0.08601654826494046,0.061289097666788764,-0.014158619997914037
0.0776882202142975,0.05768594175186781,-0.05357950178994146
-0.02729049949184409,-0.03863395706815037,0.006401334978044728
-0.08748758258376418,0.06859762584976056,-0.03831086129310557
-8.981728985462095e-05,0.04165233846052097,-0.002269756625195991
-0.02046906419376926,0.09693483694005042,-0.03965589590774713
0.0017443408022030605,0.028902014277869648,-0.12868200654193993
0.0296982313863303,-0.018658546214726318,-0.04776447261566867
0.06356801179763284,-0.01795361105365017,0.052209141364657576
0.01835314155443739,0.03509382016374187,-0.00150072111037891
0.017371783667377582,0.05790785287093436,0.0034305679032210065
0.00869569352653601,-0.034903541902793704,-0.007052987742016975
0.03655666371701263,0.023312753557316143,-0.08582577675305704
0.014599932865608366,0.0373856082110018,-0.04078686713919157
0.01552441422706148,0.04234971126160874,-0.08842986355986594
0.06684866191467263,0.02936543617546576,-0.029618910405562502
-0.009288040535964829,-0.07760385904190341,0.020082325995447587
-0.02068368946894029,0.05922344305667923,0.02445521633442874
0.06864509605995714,0.07393469596941554,-0.026918417472829664
-0.004696959135673717,0.07306476706924672,-0.015898243276769607
0.052544302339762886,0.07979950545834977,0.009801172028585587
0.06948371479141163,-0.05493718356072458,-0.07971776340357153
0.1024839999516526,-0.024115574012060582,0.04260282671811302
-0.010023411350270016,0.03428748299131308,-0.03964056144401615
-0.009697239045853845,0.027578395492903064,0.03281520132802511
-0.07324415485583124,0.0424242490838424,-0.004567547617699453
0.014719771670353876,-0.008132067152258532,-0.03259236026680795
-0.014310882086634742,-0.07756675363144178,0.08603970041330435
-0.058478090660127754,0.010299415589073982,-0.010031432320444659
0.07702614376144906,-0.04243597069361281,-0.022469231298483695
0.027273349378466177,0.06982084433606156,-0.016199412905521154
-0.09352603034193685,0.06844402274450147,0.024809368200257646
-0.01254554825582049,-0.07350392421374537,-0.007702454422857143
-0.022297270399286792,0.07905768230449417,-0.05197156332703278
-0.020522696785023768,-0.08197943038415845,0.02353285051594595
0.02768045122897242,0.013827425607161874,-0.027807062407693393
-0.030016876633791306,0.04034553236818974,0.06719036079183781
0.01732418743484882,0.10690296403970605,0.021668681919670408
-0.0016600335478400095,0.007597794302582004,0.024384039719108658
-0.04195119888523784,0.10106042761218276,0.16867696247916641
0.08728434592837936,0.008372338700602878,0.00020845885158047618
0.026227163210175944,0.04127363725068236,0.07961314155492388
0.011794430114485034,0.08352917396364731,0.02340282900382433
0.011063297050967685,0.004617028528190881,-0.051964121537784264
0.007531788370131762,0.01881543482966229,-0.04565559256138365
0.02171162652750075,-0.06467410554953372,0.06265013814761677
0.08562841315670876,0.04346922455943819,-0.0021288635525427597
-0.009852549161949475,0.020998623635470497,0.004566815725044322
-0.01943026351968795,-0.028763397524339672,0.09055346652317747
0.04191205117735033,0.0038103957310538644,-0.035537926606825226
0.026262347156483675,0.037202725232612956,0.0915554824509468
0.020890558211507673,0.016345946913776773,0.020550215037296107
-0.04952563976858394,0.028156895276783896,-0.07345042623364864
0.03648364619611025,0.05515298736461901,-0.08688183047882221
0.1141763313379407,0.04500381868191714,0.01844454812420502
-0.0009508039807057094,0.0110829790445755,0.06511445958647281
-0.002609649597478312,-0.03341195220051272,0.06862202340466801
0.06812842027643143,0.02069636266322606,-0.015641871384448912
0.030523405589238772,0.03949715786065065,0.018324548488088226
-0.018747681759020248,0.01893639076270892,0.012970007710864985
-0.028231059637849762,0.05232491443097527,-0.044447708271950326
0.017593253995642648,-0.000267018241806416,0.06040420492713541
-0.056898475950332005,0.0031139529756173574,0.020714140877638475
-0.0003542881237529605,-0.04537870861504345,0.014626883198388526
-0.01794081794786201,0.06550396772063086,0.007578784901474216
-0.00751448237321186,0.019477548841525777,-0.01868190649999642
0.038074704370555115,-0.07705254430435408,-0.07153860392197778
0.08361430502136782,0.0707161457253477,-0.03968531703517724
-0.006134906128098916,0.07743240803063405,0.12726687892061658
-0.03403402556879634,-0.019528174913223912,0.1766168254794711
0.07305187482391373,-0.05344496857573762,0.03858583088578063
-0.003007842908410819,0.032537604780216896,-0.010712912039205734
0.026609790114405625,-0.07408154842607781,0.0400721414956252
0.025313086806027188,0.036528072123709385,0.016061078175822568
0.009874160193610492,0.010939679732811604,0.010411579124742302
0.03253051629874753,-0.05436758287232064,-0.04442870848294269
-0.022747665936116792,0.019599325249513265,-0.011893615871088035
0.04447881452551667,0.05623209253283726,-0.029866547192449498
-0.04457173686605555,0.08518734767569427,-0.06680204505427931
0.0814087854270264,0.013070801604534988,0.04458270444270206
-0.023601503802850605,0.05666978320744592,-0.04357776424318077
0.09725657895887609,-0.02135508598574072,-0.0005005901634117724
-0.015143283018551994,0.03153247970130827,0.10857791863859828
-0.001800156189508302,0.09711728276623782,0.033629951661504315
-0.06405994614196225,0.0408317987887332,0.03693226660992219
0.048354978880229944,0.0410937810218652,-0.014057768747685245
-0.001192026227224939,-0.040785140483000096,0.007164673326475883
0.027881151896817905,-0.013692123878434399,0.023777024460124415
-0.025153406733780536,0.01817385670691692,0.027906225382489276
-0.015930693232840434,0.0067452107680824516,0.03640611734202208
0.028052281618303115,-0.03845751854672973,-0.03922947866637676
0.048408002534604574,-0.028224475118747035,0.05117361640613616
0.06960737056494973,0.07675883870212491,0.06377083840035067
0.0067115614299934605,0.01732617855550466,0.038237014024526964
0.08010579301618173,0.019539190354739673,-0.01867018913638454
-0.02630292566269859,-0.08647770559897056,0.0668925641400116
-0.03149976715077989,0.019054165887716152,0.0704224781092377
0.022531005001764498,0.05502448848594202,-0.022111380861681757
-0.026205565814742194,0.07112322609354575,0.03756042380983603
-0.006749825331325319,-0.00922901162827983,0.06837520449492472
0.13797986183094751,-0.009206091502284311,-0.024718879435622586
0.07796025339820874,-0.02952264020574884,0.003168118913525083
0.018557849041553273,0.03866788382885966,0.013944860854195006
-0.047370728072291354,-0.024341585407359898,0.05402511812711197
0.09820950600978019,-0.04364889187591105,0.03522013838834907
-0.042659909490132986,0.15536637472333414,0.02895975250937535
-0.08611948156442248,-0.023660199230313567,0.029143689866952587
0.0964048197107901,-0.018445643277724875,0.029173243275153166
0.03597615141009361,0.004306434558167109,0.04146078048968835
0.02981190834110676,0.0760425536465176,0.049026724089377666
0.015041100791461834,0.04370663151601474,0.11110492423050236
-0.0005932624845570132,0.02880987368364373,-0.02800722808368526
0.008939761810856607,0.05108649049988631,0.05031961103569911
0.0640672764716402,0.02541256214828746,-0.05583156740134265
0.002784666695027662,0.06812683910194822,0.033568825692594645
0.03343814537243581,-0.027772223245975943,0.04604566608481936
-0.025035928201451965,0.002277158241412801,-0.07200040746515927
-0.028525669744115738,0.035359802487963755,0.03146500628608499
-0.02152437988676215,-0.0690955992979001,0.01611551601686418
0.08015641442509057,-0.020405887736567884,-0.01975136716343758
0.01705534614030257,0.03247621662385907,0.046874752969510325
-0.032155335876098784,-0.012244520221632017,0.004120020680747589
-0.017640505450670318,-0.022246431923258526,0.04217643013500534
0.0519787821590631,0.041956887304623366,-0.040024530557812854
0.005673707708992006,-0.027554529274633015,-0.027707422407497215
0.03728881060504804,-0.0023640931117904565,0.0012259035174125785
-0.10429741754569453,0.025229626841589154,-0.012066451807033224
0.08164061799433411,0.08464807723744572,0.022278222425461534
-0.02175398611570299,-0.03732035830744876,-0.004962914429617691
0.06747782853924797,-0.04043481739693363,0.10479770827590221
0.10798253098967392,-0.107568464106765,-0.1112388472842145
0.019707118323956968,0.137401284579557,0.035650283313704914
0.08161086167772054,-0.004087805283030318,0.07348634069730382
0.06881194556263417,-0.054919186919402806,0.09789100250249635
0.10075996699134092,-0.03629901922694208,0.06444416426165127
-0.01799444700834799,-0.013247254393549117,-0.0009368453737882837
-0.04948312288576358,-0.05495147591212797,-0.05586266915816776
-0.013743374257424227,-0.017047422314857102,-0.017633116352782464
0.040024460800694286,0.04327798364706324,-0.03321561221803726
0.10620151432820296,0.0035284301908565935,-0.004484199168069112
0.09547038439191269,0.06387292445888153,0.0035334849678094575
0.03667874843586648,0.03774218293322862,-0.029288980506196063
-0.04174802720670591,0.014694504215751244,-0.005017364923600057
0.07313217885991902,0.04142966872274421,0.05498345197454493
-0.03154882271111552,-0.020843913341625147,-0.025516000824144135
0.0639554898170945,0.04166518878341095,0.020571529152950407
0.050506785244803065,0.07320113510650854,0.04684546333459459
-0.005883412282116978,0.035053729798194704,-0.042036331754322996
-0.0060501027556926525,0.030334933427040637,-0.04035225830655547
-0.004596287024547119,0.0991543892480534,0.020425758145972656
-0.02170302508200348,-0.051210548367691566,-0.07213287081993418
-0.026893327739296948,-0.017384590938884194,-0.04048807952480463
0.1294387991192001,0.08049425257713315,0.08986525089619814
0.11987999094290082,-0.01769043387858551,-0.016256694977746285
-0.0472713511024413,-0.005474566140370377,0.029579947416799666
-0.05075601491896169,0.021093587954522673,0.03836843507663142
-0.08962641483595417,-0.017867112458295708,0.18422381497546625
0.059541944292195684,0.07184083221601084,-0.06543622272615286
0.030586402859557625,0.05773134201074742,0.015094771553439253
-0.015814007844541733,0.012192434570789256,-0.08726892840740212
-0.03217154892806365,0.020430389052063028,0.08146920109213862
0.08075077050050918,0.00183702959295322,0.0686069802638531
0.009062263817618077,-0.05499053094775322,0.05843573574855903
0.044360623767582805,-0.07263331073053667,-0.02766975740336742
0.023825840478783354,-0.01829193761214206,0.026151814283709614
0.024890328450215698,0.050871701524986074,0.034226563563922535
-0.012988491227238799,-0.015934035254297298,0.006466788645360943
-0.014183055615469049,0.05247789954661437,-0.1075169120977131
0.012739167384440956,0.018151001172405798,0.11883326526398609
-0.04247407991123703,0.08440823012896016,0.056682936591297056
0.024405751420025733,0.04713298663067886,-0.05652451753990629
0.043610728798757895,-0.011140540780815587,-0.007850903115547314
-0.05832497730511646,-0.027877341769601105,-0.044808271020113505
-0.012516349446102717,0.05179623121943755,0.03800688566086961
0.02979825940125653,-0.10641488328376399,-0.06695984666892184
0.036642199347474785,0.01299249697271975,0.014134253068210686
-0.042800728124638907,0.01241336033189944,0.038143050529376915
-0.030291528378335403,-0.05090685745389821,0.0012792663511483867
-0.008660681299827371,0.05581737121667504,0.01886085426131926
-0.01805852609952294,0.10897957320015401,0.04549144580029315
-0.007320667383849905,-0.05708696270071515,-0.01734068057475412
0.04288829925082105,0.01730783313143281,0.13884700935262995
-0.03876705153795726,-0.004126384860859523,-0.011099538370224041
0.038749019910749506,0.029666220460668226,-0.016327701724650423
-0.02429592463104692,0.003125336944210273,-0.09747081812022064
0.015697756395599678,-0.07341706896938217,-0.040910265344831345
-0.013099063337530248,0.042349474278096294,-0.03995604292642864
0.027912567049567197,0.0665537129503498,0.0028466536588987548
0.05111006393765191,-0.030024851054642303,-0.04083935782408302
-0.12672867690775882,-0.047004854254804586,0.0012285690140637472
-0.004710153437483171,0.02624219291008511,-0.044020364320413154
0.03322508442511416,0.0225991920658705,0.08940673041319562
-0.06946147687039814,0.019197574657243893,0.08724487997557759
-0.04788458744403271,0.015650465321274766,0.0017212270096985216
-0.06606559042424104,-0.03986663587572936,0.037505703422388306
-0.040283519990575924,0.12626365653909344,0.04055639693878551
0.06478674020708995,-0.0740235407243529,-0.02426242898195367
-0.04023510526653745,0.03244736923647963,-0.029344581590871142
-0.027020456481527726,-0.04225418684553423,-0.10763816885192737
-0.03484766028585188,-0.013986385778027669,-0.008404779472689035
0.02246425533036128,0.10596274784436494,0.045910641959986606
0.03564388593961753,-0.07196927163469104,0.06680688449698263
-0.13586378534066157,0.02905731628599072,0.03979738755035256
0.07419125698270823,-0.015212488571647089,0.08291134476041859
-0.0368749197942299,-0.0299906159355601,0.04696974471737883
0.011908803008848796,0.05277893527932125,0.06319487180412986
0.060624980801023756,-0.0726978940313725,-0.07068380708689997
-0.022142892247799018,-0.03110966216007214,-0.007028588904913895
-0.004071510546830162,-0.028715091459973367,0.06869939591255257
0.011335635363398894,-0.0601564350415909,-0.0483591442675709
0.004597315831781714,0.06455682357567942,0.024390140486019587
0.01493747357398599,0.023181702735953137,0.023973925955203094
0.03913947007486168,-0.07455946806380213,-0.08927526177603273
-0.018582631614370466,-0.07802652923165623,-0.05661102112909923
0.015550071784721481,-0.0001457861786975448,-0.02675945989892484
-0.010442067732686428,0.08497187939727803,-0.08351306408013996
0.04361255302244198,-0.07340622970169822,0.030349048477481565
-0.006253104537561031,0.023558372784293992,0.0313966709656656
0.0037649543150153203,0.07782572486913793,0.08424836017869425
-0.010125137703962239,0.05194329688614872,-0.15156709437478838
-0.043681607384616225,0.039824224959015615,0.04103888868731336
-0.06808144269691965,0.03141188437596842,0.03416630434395995
0.006342905153875041,-0.07208676834705587,-0.06454372920210358
-0.003100042747231764,-0.008650458955316697,0.03383126957160671
0.006103939519336331,-0.04628935752872602,2.5486233237282697e-05
0.02310700036245927,-0.005941441339736481,-0.0022453684464565846
-0.043629219674390686,-0.03429259454828612,0.01293211000681335
0.009022737951742701,-0.10078493312608651,-0.015819766061024514
0.06954725340055122,-0.076648254571803,0.005391430736334409
-0.040117495832962875,-0.03521155529159472,0.05685379398963069
0.00918283879661833,0.07373801250660388,0.08688705762322049
-0.06701748536431137,-0.0480548122107833,-0.032610835016538185
-0.015294354617764724,0.034414734014728526,-0.0034561761131808397
-0.005497911879498641,-0.048094376383822204,-0.11483303321971772
0.05119268975363381,0.0025536209365070884,0.058053544200228624
-0.09376961969463576,0.0369212816583241,0.03596632797035716
-0.029937104404999897,-0.06128457557424639,-0.052015599593892195
-0.01505515311416185,-0.11455160557938274,-0.08396347570024232
0.03289225039721403,-0.02456259544349347,0.014216173070383949
0.03119524154104042,-0.058462853285029946,-0.042168366795200134
0.02783062117399401,0.05907606217625688,-0.031707426783542755
-0.014701401438160538,-0.03016201108192046,-0.06969141628168841
-0.03605963562597875,0.06493878891346115,-0.021454556371037624
-0.03493246704213543,-0.06471173298183733,-0.027001051278348988
-0.00892961040855105,-0.007116618031729723,-0.043674654877497776
0.02087335175754835,0.018772075829981985,-0.03955232673459862
0.010550542466254614,-0.0803789539149685,-0.03944757083287606
0.019130334721430095,-0.0138041139048593,0.04506849855372941
-0.05902910016599482,-0.021824493675886056,-0.014741429642278958
-0.017136403216419533,0.0235047147238902,-0.05789580823667544
-0.012250335949485538,-0.06011751625197244,-0.05292223299304158
0.021516619506571046,0.0695866670213251,0.037475681021653856
0.06819114645837393,-0.0765076443577113,0.0466054102201635
0.0336362960409321,-0.08116017359701637,0.023730499811450693
-0.029964867171930854,0.14961120328466404,0.06811690643651147
-0.03861493024715455,0.04246682669135524,-0.04579184073763268
-0.008727706823018601,-0.06819935268683594,-0.03701169749529206
0.008795418717310651,0.008802063103322304,-0.10798709623052599
-0.03775389239244204,0.045403756217626774,-0.014670275936239584
0.0011613751554001295,-0.042434062081114846,-0.045174345716067835
-0.06904643162423149,0.009131608536582538,0.03239864726823956
-0.00280539032136461,-0.050914295908567934,-0.05355619686000614
-0.04102242294399687,0.020533575316640632,0.03495651328394346
-0.1073482597534077,0.04650946953121546,-0.0472209794620839
0.053731576594803154,0.02383905778492527,-0.029173477597818763
-0.055886409885470834,-0.069867151653958,0.014216991561881304
-0.06880816058165835,0.0776584825987305,-0.0895371654966729
-0.035084260534319664,-0.0366612642436707,-0.03140207507419802
0.04741869848800569,0.03409460159832057,-0.05986231041729989
0.019241844525795252,-0.06049068567903283,-0.06913885732803943
-0.06698449117895747,-0.037257752506915515,-0.002163146346565283
0.024457755360829662,-0.02415191210172736,-0.08346217089516608
-0.10461332289958472,-0.006854911216796546,-0.0352952766265338
-0.12301417666125136,-0.005710151382227826,0.05959895615790872
0.008315566182717431,-0.053650488000691554,-0.06370228897649426
0.00289559075317539,-0.020164201926016395,0.007610777972854033
0.026085514663582245,-0.02179423788738561,-0.03177150898416111
-0.011526044664475616,-0.05389384679531962,-0.031949258698554146
0.026905605234268812,0.02520559721815032,-0.017374500435838436
-0.056774759510888714,0.051398856468307885,-0.04216621472319969
-0.013618853262979031,-0.0665928950290102,0.05098095920962353
-0.039096007251798424,-0.010538191390777872,-0.05974115370941507
-0.10438378357020103,-0.034431893303622806,-0.03665777844461926
-0.010021133603619274,-0.033633866321452446,0.007591201661535832
-0.08268069654838804,0.016613690825620905,-0.056978089123924186
-0.04513312203751707,-0.025096797070849573,0.01596294143885529
0.027242637713471303,0.014011094333139865,-0.05648415969929764
0.0010368488714745765,-0.036884544788567036,-0.07795004466769621
-0.07833702449381622,0.026942514735828628,-0.039737115099984247
0.059976747045464796,-0.10702953332719256,0.06151146923917465
-0.059084087176263025,-0.006304638840869183,-0.02747961902831389
-0.09500844825024606,-0.02062160655465612,0.013575667702730772
0.02090510747398001,-0.036002019412486944,0.06726481444209338
-0.016067800110611166,0.029140429722331777,-0.060182460254511266
-0.0022165143200215467,-0.07454494980021281,-0.00821599054643004
0.025138164414340143,-0.010616959510029373,-0.025149933378107888
-0.05345941881436016,-0.03784815792187288,-0.01304838315769392
-0.05564267397847889,0.010202958825318558,-0.022770912802803633
-0.08577164804172169,-0.09899962504967641,-0.048443152770830215
-0.04977938396459329,-0.03166942823857263,0.00200421085128134
-0.004853795240470627,0.09316895880783385,-0.03624060894784584
0.0002345703543143625,-0.11212263431070206,-0.014131936169192439
-0.07653076186989113,-0.003873001702618988,0.01848398356554777
-0.0320486772563488,0.03589238316607623,0.03679430465246132
-0.08248372898518418,0.030525948171162023,-0.05216125279997447
0.005429825741822519,-0.07164647751597093,0.005582697545138349
-0.07203375619568343,0.03966412689696544,-0.070424855343681
0.0700846273945041,0.06034287840916261,0.034490168773195606
-0.035873466726917214,0.005645295178373793,-0.03936925250226806
0.08578804062640252,-0.0417703834488976,0.12509943680612912
0.01774734806893388,0.03477321782752288,0.0665514896442853
0.0399737127803459,0.05014893207646329,0.015982391241792022
0.046371983914915454,0.06680999895119286,-0.021851220124820745
-0.06031504111796214,0.06024430823747952,-0.011487347909155501
-0.027024250926397594,-0.02406438087773604,-0.0026629778696134025
0.07884224912602855,0.0529280649562936,-0.04864272285106659
0.013120273090338717,0.0014974961351419888,-0.0029203160187647598
-0.02507216963550975,0.05510668489490761,0.04671255229203876
-0.046766475724136516,-0.06858239323314591,-0.09043427936535411
-0.048305301884885486,-0.0211950921542535,-0.06349484637779984
-0.0007839118787783123,0.011353246438847862,-0.009381969419504428
-0.032947949844308065,-0.029375039425270068,-0.021625579030363752
-0.01870180624322237,-0.08363542898166328,-0.09801280663993765
-0.06865606433467973,0.031097027127270954,0.08645142193827851
-0.07160660875779845,-0.00335665723310246,-0.016756273782092254
-0.1298043503060346,0.023583625523580152,0.0367291723694772
0.06173961055133799,0.06416269842061563,-0.07123286136163108
-0.08503186102045289,0.026171147149164294,-0.007188777733014835
0.09253133748503503,0.003942351028183123,-0.012673629766204623
0.005069725881710754,-0.03359659149977554,0.010868846118189487
-0.020526112807427672,0.060941645499538795,-0.023867622555684587
0.01284089968493059,-0.014355333977542344,0.03367177094914313
-0.01882746040913585,0.005030640514714035,-0.05898984573428219
0.027573223119676145,-0.09049409239895964,0.09524396652012074
-0.05976992847188572,0.017090546517451392,0.022816391492259204
-0.04934818250544863,0.09163811385717417,0.012686430653896748
-0.06704847583284135,-0.046787396979502384,-0.03084137879486539
0.06651785787262816,-0.008778792625088452,0.06873512869687406
0.12881135558653056,0.0040097548985384875,0.04766367333627964
0.005960930498771961,-0.10385197179122187,-0.029176303787115075
-0.035064537995373325,-0.026851002669426683,0.004789890492038953
-0.041880936368957844,-0.01669910925885649,-0.03237269316207998
0.002817737463368549,-0.031041267883649817,-0.0847560337292629
0.04358967335304831,-0.05737366645801964,-0.02963008399332395
-0.024201669499275023,-0.0068249773138697786,0.045805245943967024
0.008580547723300939,-0.044427765169250386,-0.00289866846938479
-0.0552408481474471,0.03216083987661995,-0.05068778973911382
-0.04183070504894761,0.029433229717159483,0.004180835300745195
-0.03411858802328412,0.03769867212404644,-0.01126699567974608
-0.0007398000368896932,-0.052917511400569335,-0.013824594281759457
-0.024357949825068503,-0.030079509788556894,-0.02677997552177678
-0.014618827840238794,0.037286752934881914,-0.028112474359420693
0.029890574862259694,0.03974930446956591,0.01357721492061937
-0.06553479407088192,0.048625949367004595,-0.04605645126068875
-0.01671777874571456,0.033593870307043146,-0.01623336257782084
-0.06066954196559032,-0.09418341912641483,-0.05041558987633647
0.005868658203549636,0.024199907130292637,-0.06805640157851887
0.02998876401882035,-0.039088316212549025,0.02122526287498238
-0.08225283332670151,-0.04199176569366221,-0.015408693692919799
-0.016003206492534415,0.013600046171323056,-0.05127142777040082
0.07129039716196828,-0.02867480071705178,-0.03626976047443928
-0.0043656381082554,0.0014062870279775916,-0.022218663634760164
-0.03174247033419762,0.02897132430144711,0.0035123064009545454
0.007549891059071874,-0.05982308043750402,-0.05196506051767497
0.032177369354460916,-0.041233393926008007,0.030673494729567548
-0.06178565078890842,0.04754739779540738,0.0503062994368582
-0.1063418929968591,0.010240123000817817,-0.07237401864147264
-0.02493878327984765,-0.05330754915954266,0.029720131204414003
0.05288259666893558,0.0886585119853904,0.05399191838291924
0.0072292486288375885,0.001965230455016183,0.006436263998565507
0.008527304103098012,-0.0001725880589379114,-0.0540364101099888
-0.01815155999511988,0.006712046097578852,0.019848116934866905
0.07388485819952414,-0.06593757621604317,-0.03097472533312602
0.03019765323107113,0.03364828798001106,0.013348107980741902
0.036375216184296816,-0.03868487977996077,0.06944477521314783
0.04017610811816245,0.10244321134868574,-0.02952431448895796
-0.10270013620460433,-0.09328063194761232,0.02085683716354774
0.03908544051768171,0.009314522688991269,-0.04102294467693376
-0.02320741320728784,0.04844362869260264,0.03137065085194439
-0.0272033748977308,-0.0997157853091429,-0.05244425815067762
-0.0747397540642977,-0.07732765130136235,0.022306639765732373
0.031865218535518186,-0.12223802717971491,-0.02023361717064362
0.06877371015367725,0.032468373379491836,-0.06097302960467668
0.006557398064685587,-0.09742295260059347,0.043362177297803756
0.009003006876119112,-0.01419292377610656,0.026258688158139688
0.07221524291913212,-0.022553261761733057,0.03512962302738563
0.04658565910429252,0.0009851402793363976,-0.005489530701291325
-0.027090056418771522,-0.06236183501330949,-0.08117607843888344
-0.04819244543879451,0.014953631553464013,0.013834610617878142
-0.042737778268477924,0.05102107297762476,0.04008305738674195
0.020337363410967303,0.05269192220777262,3.878501355840218e-07
-0.07591688192426989,-0.007823196143435782,0.01963093069563768
0.03054670711947605,-0.07302152941538438,0.036182743620667764
-0.009214341945443337,-0.017881327215638846,-0.0216138510497231
0.04755373689335828,0.012200290568951574,-0.09074921460892421
0.011392413275358159,0.045428237447916256,-0.02299815204349721
-0.05894748151631328,0.018853539846300282,-0.0333552908763049
0.07977286326740424,0.08268746648965691,0.030594958991280057
-0.04404195660523028,-0.002616783666479646,0.01257744623953982
0.042307612284493507,-0.023446527149162434,0.1263971797668237
-0.03202821230851971,0.01602998957743631,0.08018485141682799
-0.0032287236749125496,-0.01710952740077396,0.03159891440668323
-0.09057558278971434,0.019100654520488158,0.012709559258730138
0.05214231831207488,-0.06022658456323082,-0.09474380247499105
-0.0059513544069836185,0.09479706377282782,0.006855265091068288
0.014290171430290446,-0.03659755060498907,0.06923828179785829
-0.01212299296155739,0.013321992806437727,-0.028572413998113173
-0.020432010214085475,-0.0638404484057688,0.05617548140185026
-0.019039302369316866,0.018823903761061016,-0.0005209109597050592
-0.02721753493775443,-0.033494681955372745,-0.06251955798432232
-0.02081196689709812,0.006822084340784846,0.060853289899139545
-0.06205746509751175,0.020309857206758264,-0.015450447132033059
-0.05761756752121437,0.010743294454195217,0.004355753789840306
-0.039370994285243904,0.10394564284593852,0.04096588704262103
-0.004162388504012585,-0.03264586532904522,0.09880562055676187
0.10767242811242737,0.05825920482069206,-0.053732923823259976
-0.004597116408264188,-0.06444729204120739,0.08849236467877267
-0.043672123828911655,0.07389180225587581,0.0407208928326936
-0.003553651389350743,-0.04036263119679189,0.05193895512843078
-0.023631899125289887,0.0617500922695124,-0.04893041352214083
-0.08589456758581804,-0.1073344029475483,0.08578197199786178
0.03689849681666739,-0.007415158817006853,-0.08282758435998613
-0.04218941379542407,-0.02004163204040238,-0.03273089642969631
-0.03196316937737014,0.04814682859464505,0.08922340074724605
-0.004373446146746483,0.0356964574059695,-0.005736882092286597
-0.06208879725895234,-0.016336676534632447,0.054825327584194845
-0.027665856740841245,-0.049529017117758846,-0.005125135309110918
0.04958631130590352,0.017009398414578214,0.024670141089588954
0.13897680118311773,-0.07994769861354831,-0.061975631290769925
0.12743234701359932,-0.0015924384465456857,0.05770401238706398
-0.03381505555438638,-0.004325568667660654,0.08620659453522247
0.014915016332624102,-0.026597243088453716,0.02451056925114451
-0.006329862455882726,0.13665866893998252,-0.02893192144669473
0.032997176263405634,-0.004971826896952173,0.038526539182592155
0.013172755464648842,0.029926699751177302,0.031710525590833503
-0.062122144997244236,0.007493428248367103,0.008503796850290781
-0.04052848540195016,0.045165133446381074,0.05700106781257813
0.024499335090356247,-0.03659994003934353,0.04201814730417131
0.07117471305789676,-0.013279217634643447,0.03650536300882077
0.03956574815253223,0.11387724464439866,0.03053069464576155
-0.05650034902901549,-0.1467393485654334,-0.03709483473591979
0.008642105882973539,0.05213507999928257,-0.0645999052138928
-0.05464245246237348,0.006927658477530342,-0.009677173536741825
-0.04175795942806052,0.006978009394867559,0.030388327713699398
-0.005640019911356745,-0.07963552390057872,-0.009796536444629246
0.0777118791576943,0.10027017132667121,0.016397277271967502
-0.07625480493371013,-0.03113807859417048,0.036883888401524845
0.1027571555786871,0.012221123446374544,0.047499946853990276
0.0046354116896121615,0.048823824602558935,0.04950655024854065
0.034260287765633515,0.019070594574980764,0.029278193362101156
0.02390774372817491,0.11708698328168222,0.04879502413043605
-0.04334615441056364,-0.06876199126060517,0.01985122622038002
0.06726815597479005,0.10088066761057901,0.033856995982751756
0.007582199004408491,0.03325356847087884,0.04798720523253909
0.014606805476417479,-0.06646525468851959,0.08385704925392691
0.02983224036845835,0.10009411902568571,0.11088187781706292
-0.005690749328242791,0.010233350116159397,-0.002239359016772741
0.16634687365703352,0.02850784162949547,-0.0426425232881452
0.07691977368774705,-0.03574074847989427,0.0381498133239756
0.0101223880798804,-0.06193843236041262,-0.005980739615004799
0.057244491083602606,-0.08601833439337334,0.0062079572557844475
0.04132818365720439,0.09593871121060593,0.07066410330243289
0.10851718124273434,-0.0030627831599121455,0.026612656626090244
0.1131023749781532,0.053174228961257106,0.06958607397078058
0.05425940665783416,-0.11078624276809564,0.022836638556687168
-0.028158695208425674,0.08071477974790604,-0.04453106022395331
0.013952986655472652,0.12626279256276818,-0.0014412752594672798
0.007747615369500811,-0.055217989679895614,0.05497776352902523
0.010104774874599643,0.027893831535260215,-0.022238129160541548
-0.04247576993722642,-0.021896313159069668,-0.05942987974687209
-0.02485885835457139,-0.105842262003948,0.005432599113357769
0.016088579517753956,0.02839308592493244,-0.03320627197397742
-0.08271891969714515,-0.04012195851188908,-0.0780025981462546
0.01221299630815611,0.11925855666833139,-0.04264686070774369
0.04279041194313046,-0.019886420246334354,0.041942627120538686
0.053863665192156365,-0.04312489450569562,0.03404047451758953
0.04134930137719932,0.04202579453589765,-0.05200231890438643
-0.0009470557326917602,0.12338471466373328,-0.05901671811094948
0.03424178344218813,0.1306534607817,-0.017058697499994103
-0.0876404651056559,0.017482432130891824,0.11378396873673699
0.06401486408782303,0.04872558626259493,0.08745587427713684
0.005892107474532442,-0.03786465978520728,0.00045574920983786765
0.05149981312986321,0.017681385406872113,-0.09470083507232392
-0.06482005754423142,-0.012360972704860581,0.019766791119580816
0.018788138884565517,0.04723204100700766,0.023783918769543153
0.07668180323417906,-0.08234582211909502,0.059135623075611446
0.09581607631994175,-0.057472192582052314,-0.10825246382147581
0.03758438759963521,0.007838411165305838,0.02043864322175922
0.06776169504291406,-0.058025056189787275,0.042451432702789255
0.01393711967660918,-0.04810462061455943,0.037876541842168626
0.03351525303798367,-0.004271872773147015,0.03682640201970247
0.057717744169724805,0.024547885241583994,0.005845267934587398
-0.035318278833448166,-0.034571020263972754,0.05004090794513514
0.049467565472555396,0.07986986753456257,-0.0634816796618246
0.04841835284993747,0.00710026148862572,0.030272749090288542
-0.0102342159516784,-0.00995280773587312,-0.022666432927982226
0.0167442741426431,0.0880328193452169,0.006050047393436642
0.05194998339001312,0.05488443247392406,0.011324297621881137
0.009331635904653897,-0.09140436016077655,0.004478928670380128
-0.026479188251770855,0.05703298412921315,0.008940633556265664
0.00537467950351048,0.011558469320351804,0.08396363875027255
0.07321372462388555,0.03877161565494085,-0.029849526996266373
0.0014164121575834625,-0.07391505518043542,0.059366160101495445
0.004891661557480189,0.07232836756303865,0.11777003487435936
-0.06357665602336314,-0.06256724046818236,0.09457653563427815
0.046074847687839746,0.06690977748553334,0.006549844745014277
0.05866584005633914,-0.023462309313108033,0.018673768882731822
0.0040844725923954335,0.007294776751379023,-0.0021872785878251505
0.03199837780768577,0.11066076807356767,0.021886855691381796
0.029685642109660657,0.05150776482047729,0.058989677122826455
0.04701959897777391,0.02052922288542373,-0.09237612528593565
0.014258530737586296,-0.012171732241121395,-0.01799314066347332
-0.05295083537055603,0.026946383741957614,0.1703868270184701
0.06642447265997296,0.0872146048853101,-0.02414872625450729
0.0410119814138389,0.06692809936873084,0.03375756339099262
0.009122383949847736,-0.03430117428678821,0.09170900312984845
0.07670714012229499,0.10675709470723337,0.025068256442920784
-0.017373655404190006,0.017049264196334842,0.09582570963912573
0.03917662121055061,-0.01759028961071814,-0.04795342234206207
0.030242540792506253,0.05323582599288489,-0.010264007641406659
0.0018773717777956916,0.03049122406912952,0.02023594417359131
0.07686317462596148,-0.022629879376402307,0.06162274477282434
-0.0007758147650528333,0.029014547622417692,0.1381492989523458
0.03451257873206067,0.00979488201825837,-0.02617841800457456
0.0301334576502008,-0.026715930609876617,0.03374656507805406
-0.05749223825287672,-0.020879230148907506,0.03060371573117321
0.09759746284824558,0.03949973582355715,0.06834878163539201
0.006180215878265002,-0.01711180876216811,-0.052645366832041726
-0.03108383330695349,-0.07440834258137285,-0.0013497093784127466
0.11933212365911486,0.006664677691621922,-0.022450313004592493
-0.059552842621267046,0.0030968578770471447,0.02843479232262291
0.06551663738614431,0.00799182325015525,0.1174227508499473
0.05418419731750977,0.0661578641873646,0.07038444889357313
0.01818981640830699,0.03593702518623869,-0.02851120243518214
0.019059786656700013,-0.02830737878972032,0.0773681401918741
0.03555194965857935,0.08594215660419728,-0.0014229912626433812
-0.03087375958086305,0.16125289231817477,0.045797944217194714
0.12232590644464408,0.07666643392102085,0.08603073950035306
-0.007807105281012715,0.04065881996941552,0.06278762578078836
0.05104917902089172,0.017642053875320956,-0.023179023644177378
-0.00602810164047805,0.14621377968973978,0.031772037842314076
0.020968115781292315,0.06333312618983726,0.10387337461795446
0.028321459166035304,-0.01749627550070476,0.03455239793852857
0.07866160742281786,0.030163734111633443,0.02733713275506322
0.022062686780309648,0.01364032018013117,-0.0297657212430105
0.05445544123466244,0.043153183503643104,0.07694717959810313
-0.06864329989888467,0.03821997626632655,0.16982575671998817
0.020417193239425167,-0.022737745767712238,-0.1316131558707484
-0.012463554455817384,0.02345008571530481,0.048298618240373625
0.024179073086513007,0.06394732705006319,-0.0011764829284114566
-0.02331509478145892,-0.019602666349517676,0.08296903130110594
-0.03611461872448823,-0.005051959943283222,0.04327443740719187
0.07462051580795273,0.041290313880019164,0.1124307762316437
0.04798090650301258,0.0438089624143313,0.019717595896295362
-0.04321461796584225,0.028191864956859616,0.059692582527128335
-0.007087654337296117,-0.05016574470393537,0.04612474381852834
0.04806437460557587,0.10728464844822257,-0.018840303697956376
-0.03242818981440444,0.013316876282892893,-0.08158379507451656
-0.007293283912486284,0.11025446315711268,0.05853444488281243
0.073045977077141,0.10365855873759497,-0.012961073382639979
0.042873641044317914,-0.04824397208109078,-0.020017368340969524
-0.05715888980152954,-0.0017051601267639629,0.034253913258888144
0.049023883128903996,0.017504387362503076,0.04907778665446509
0.03488698867652676,0.09154558457054277,-0.0499232567379347
0.05509213740141756,0.01769110504963556,-0.007138131708658386
0.04648237974190947,-0.08004302543016686,0.010732719292528387
0.02721866662147427,0.08379644336888245,0.0014278667295537905
0.007684614743185037,-0.01604757873105469,-0.059997727880421015
-0.04782615956049063,0.019180849969261803,-0.032453529364497274
-0.05148029767351097,0.02827062730157602,0.06003108212581069
-0.06575848308160638,-0.015584270176095818,0.028508231741246885
0.016683102783550417,0.03816207600143457,0.10084514676228584
0.02426353044750116,0.037125820273979634,-0.07852030970557072
-0.04628750599491829,-0.005124651808233691,-0.010898660585440551
0.012805109590943196,-0.022288207684035583,-0.033947260135007075
0.05240365755481097,0.005023338943095914,-0.003987595899056742
0.015628628854060633,0.004103510355197466,0.1581216186759178
-0.027671840788242967,-0.04467777013524125,0.04257401537908158
0.06984586901494666,-0.02126754707103524,-0.1037745686138436
-0.056649793303650844,0.001432992157708173,-0.011564245955502345
0.059615980949027536,-0.042199830832060595,-0.10602555986090414
-0.038254930252623144,0.035156218414721864,0.05121933554407288
0.04258268785184269,-0.04162291434045649,0.0072984286583147396
0.0722253262006742,0.04440351591907139,-0.04229663140437537
0.02661733740355139,0.02000195503647154,0.06424579207629763
0.06090016226524422,0.023302193028314228,-0.07218162880440032
-0.06713496201897269,-0.03537613096654222,0.009234740793691687
-0.02306656113759937,-0.01499327392894336,0.04415055097801762
0.05240825657085509,0.06924202552672479,-0.029825147621396965
-0.0040246517941533045,-0.03580702418117075,0.06385333283486906
-0.013022786907151775,-0.025571406430953337,0.008063918065727416
0.004794887503736585,0.0846986135551275,0.013533180421135074
0.03633915513294818,-0.046479709399241176,0.013271292992015965
0.07755573687291162,-0.0029448995159982033,0.012872612233374828
-0.017413050538420762,-0.011334480325989889,0.26859212093241513
0.005383305124559588,-0.05969188595559533,-0.05342416690518947
-0.013760984636568734,0.09364407626556936,0.0070729732190561575
0.06040892049779327,-0.004699736684005214,-0.00496268878873258
-0.040774395400792064,-0.07016404311070717,0.06923759527803786
0.029243919634819485,0.04002274507499801,-0.04416483002890735
0.0755753925564502,-0.07742714806616059,-0.04930909844820578
-0.005118370586223477,-0.03440892563432816,-0.015744603534737292
0.004794690730908433,0.00666526349992366,-0.020232011195018117
0.0683758606304593,0.020867574396986287,0.10087230325772754
-0.011887097723547175,-0.09745965305392229,0.029463200675034957
0.010346728509344991,-0.08011591691870235,0.0020257173483997693
-0.08830059466473406,-0.0203560518157408,0.05091699941943142
-0.038391583559070595,-0.07893626044491169,-0.004945413378892857
-0.09927329224012874,-0.027611338687601072,0.01242922435262148
-0.012859073834555385,0.00914249113746733,-0.05398673821458766
-0.06834832914294209,0.042831963549262775,-0.004742353100810902
-0.015269886377129374,0.011916914496458016,-0.020713988267426257
0.12123192963241684,0.009074942170874286,0.02327244639967554
-0.046701204723590455,0.021387447030125115,0.01357853238249383
-0.021241832479925477,0.04748808606053984,-0.03529972428806806
-0.036715778128941085,-0.020215926929177147,0.043508658539687425
0.0009269557197062539,0.05141813160071987,0.009353075280804809
0.008233933364637942,0.01011495053790224,0.04217772875522062
0.017271544887157996,-0.059751521556975426,-0.08969803983807352
-0.03299222648743266,-0.0348182195586722,-0.06742601239453981
-0.016890011925425094,-0.003653891525295333,-0.007730806998370355
-0.016362662611904617,0.03418019028162378,0.12597278520261893
-0.09556575281748218,-0.056974108175778096,-0.010281654741606432
0.00787707179954801,0.008651933892325141,-0.0503690663247591
-0.043904028785224425,0.026378478696302228,0.00513340593501175
0.020901747297880958,0.054862636718984906,0.03717585310091228
0.011829637442120348,-0.013982771500116821,0.037855899829747436
-0.016362315319824308,-0.020262728357886815,0.021162090849307123
-0.03438109579249258,-0.057021699687227916,0.08790091445414423
0.01875645967428239,-0.04337247637425726,-0.06202457786680158
0.008693751023676111,0.027569416686320174,-0.029713038652899475
-0.012298346147261894,-0.027496836076667627,0.03912440176844598
0.061968775330840005,-0.07010971196001077,0.04731265302188794
-0.1268654348588144,-0.06808933025633937,0.06775746470184024
-0.10739448229929605,-0.007660105362572918,0.06815968598949579
0.0018278967997514498,0.04577234021308813,-0.025846439662764478
0.08606928520105206,0.1291385647848604,-0.0226096663550652
-0.01999681471688511,0.005939481491687659,-0.031720385529010034
-0.06856030278860768,-0.04785637680031844,-0.039876035972966975
-0.05347261911217398,-0.059437385132562776,0.002092116419785149
-0.03368590286005063,0.0502982739092885,0.1020442799032861
0.08179298427875877,-0.09338026374815793,-0.02824161567367551
-0.045793610075843344,0.0019519958922175236,-0.0711969508823358
0.02407122983912515,-0.05328335703882834,0.016742661712563646
-0.002558039719991528,-0.06412171065172023,0.11118311225135463
-0.13362437897234353,0.0247303572113062,-0.10024369195206008
0.05868775076817724,0.010768980680547355,-0.11271997100090331
0.007639788753030298,-0.033633654983528674,-0.0075805099944825
-0.028549387035618344,-0.006529020559673926,0.06337526298626552
0.05904642082507587,0.011618846477547386,-0.00014768573075454178
-0.0923858717980694,-0.0018242176807364303,-0.027388653743390605
-0.017632186290285578,-0.04437396113105153,-0.08185040641027372
-0.1096196685937273,0.011875220533541286,-0.008621697512229963
-0.018243654840551293,0.0345611976404093,0.013810844143019438
0.021072855763471267,0.008214816956720257,0.03939748949717382
0.011254469402094822,-0.013432467500772287,-0.08206181534634467
-0.004023542584496779,-0.041140392901067864,-0.07411563699228295
-0.03385310753433103,-0.02683183187359431,-0.07428289668351426
-0.08569145587696247,-0.052117591662005615,-0.04481536419550626
0.05416626428194488,-0.025494706480067006,0.00674428771595267
0.021277582632217688,-0.03302500212469721,0.014903115298413119
0.08586730134733946,-0.02195214854270213,-0.029365967108968473
-0.07585420873173998,-0.017173238345274743,0.01659330711469556
-0.04594777659413319,0.07061479923839245,-0.03266583451350353
-0.016756716302800793,-0.09095880257534358,-0.07284020743995603
-0.018385713369801857,-0.13534124380803741,-0.010752096085782505
-0.017840555267050612,-0.0360714456373084,-0.05042245751653761
0.09411111775261158,-0.03468376625968951,0.09206616915904546
-0.08837124946989808,-0.012032635067380682,-0.06346804661250549
-0.002946137485835651,0.062205745149143905,0.024750965893160524
-0.031321118703136655,-0.019701874208521562,-0.01138411506681868
0.033717831600282314,-0.007432059634625461,-0.055663094122852225
0.04341244390280408,-0.07103849275854418,-0.047177391788930385
0.0017091287579271003,-0.05472236978878109,-0.05013170214577816
0.0017742362880350908,-0.04373909204935801,-0.044086923750737514
0.003317934286390871,-0.03416701706017965,-0.03026581588502194
-0.05787497010763855,-0.01635614065884523,-0.0400902413039727
-0.018114041979374173,-0.05250931954100335,-0.05030551825306212
0.06224653786042319,0.0569484245415274,0.09955095590475269
-0.037517445929875284,-0.021266584492252195,-0.027022370622551403
-0.0006037426919433299,-0.16492028356036342,-0.0006965798639735898
-0.04593745191035413,-0.06863964887514207,-0.010616227954798852
0.06607640812957773,-0.099169853740156,0.05107577343460244
-0.05835830811239339,-0.09386733180644247,-0.08025232010943707
0.05045719267697968,0.005033981023511734,-0.12873936886701876
-0.14228107880719568,-0.07958496200222782,-0.06488994909127356
0.09023654956956398,-0.026524340687132508,-0.004469790234305229
0.0153960460438652,-0.0663051924245896,-0.021108278386542223
0.026513146666068195,-0.030326092071405433,-0.011865378366388624
0.0866562293507994,0.0546647021242381,-0.022108393434708478
-0.05225241335616095,-0.04317519754095181,-0.056282476879402174
0.09069162621203786,0.03882348159418275,-0.07985936118637277
-0.023123895499755475,-0.0012501005559780766,-0.07932153699522566
0.02842188952851014,-0.04980018141228817,0.054804519876099966
-0.07211944180637209,-0.03215088285532623,-0.011522023008164779
0.06545997303675001,-0.04322006693514534,-0.016104229641603636
-0.03620682128546323,-0.05573396766777401,-0.03519864146376899
-0.03453095192510986,-0.015052269838887803,0.018893462587518405
0.004309498079755489,0.02490723902423587,-0.0005644384611350715
0.02640408863596073,-0.03361591745566494,-0.14217909337571938
-0.022413766646975877,-0.052092073593200464,-0.0829043377572884
-0.009132938328303922,0.01924608121275492,-0.07982532405669743
-0.08868455733274902,-0.024332785256131938,-0.03437865573327705
0.029699565034332697,-0.013104063701832296,-0.04104412129971992
0.05734700910505869,-0.0017552937331987012,-0.06049392203915163
-0.05242324875604213,0.0032545676886221765,0.04547643361933441
-0.0356338890182316,-0.026034648035657113,0.00625618129402165
0.007397716858282756,-0.020447921987427675,-0.03567303457347888
-0.02616961627305353,-0.015184723719674768,-0.03666202290364948
-0.019445869342490634,-0.053872845316758025,-0.04875508404413524
-0.02326368511541545,-0.035089264522040864,-0.046163981374744215
-0.0806889754562891,-0.11319559301438863,-0.07744751552961246
-0.05079225169770424,0.035747968097363636,0.007094418634028238
-0.0197011054088003,-0.02929914946871545,0.01606914098191495
0.04580700254856411,0.0627885250728876,0.06130975862996549
-0.06962221799881876,-0.044930611297607226,-0.02056552225593212
-0.07231705820823207,-0.07072770845598828,-0.05203520561337785
0.04994841022179035,0.08134034833622587,0.002445304029799547
-0.0973114848473766,0.030652909028620317,0.0035353241480973636
-0.013972192936475156,0.026045065910889002,-0.05400551450779627
-0.027954517065459733,-0.05693318708434504,-0.07012654866302022
0.01673616171844891,-0.026889053432229845,0.009688585375841757
-0.055418598706528,-4.1309164871897175e-05,-0.10236525765147986
0.03175310910967398,-0.06989006280552244,-0.10739789775682103
-0.031975897752344065,0.009354205956249556,0.031910895500367714
-0.01091269916281657,0.018640399171332332,-0.006389468036284596
0.03225359955035312,0.005770924571112772,-0.0677259365737368
0.07113284173916845,0.0108961653693397,-0.0632337956288455
0.08398869870403852,0.017505526873681242,-0.0009413102005214682
0.007354181761331281,0.014906946272898895,-0.01826125004483648
-0.011485290234897295,0.042653027766639165,-0.018828025038798324
-0.043586277264019896,-0.1120220513301226,0.08631881242719608
-0.06958528364453928,-0.12070989225262028,-0.08745979880604077
-0.0666544005161977,0.03168804193060465,-0.007598980000781437
-0.013591146563486135,0.053068758177162785,0.030217548156276267
0.03316324642863916,-0.12670222931364616,0.0029596702715529097
0.016596199186250216,-0.05833921711066354,0.012460293543613731
-0.007607172422884964,0.06888745538443639,-0.012527429255846816
-0.0036638859735880613,-0.04551719620802785,0.002364308276963205
-0.003124349559869283,0.007035113534836608,-0.006717834482823386
-0.0951056033677638,-0.10099283052436292,-0.004769627981788135
0.0007454490263941634,-0.02350979017126501,0.00458619423226006
-0.06864817256326741,-0.07811315168067194,-0.03823832618984739
-0.032369321903874274,0.028191098204445944,0.06110936153978246
0.009409340238425703,-0.0476094315657643,-0.09719279138111879
0.0066357655062076505,-0.022243291880058174,-0.0650034709162349
0.11385275369918754,0.05161451411683562,-0.0788178334433581
-0.05191974535524441,0.03870004858899211,0.024511822203998203
-0.096786490081595,-0.011288479552744871,-0.03940622430876976
-0.029509000548623442,0.08205660374571877,0.01048348896158206
0.008371086086084015,-0.05266366350865827,0.05570517281244425
-0.06254525844334881,0.008247944573106873,-0.05143113676000279
0.026881217831129234,-0.07991289192860393,0.017192512511802004
-0.005734777714541133,-0.03039712132097478,-0.03477005257694231
0.05337512395876897,0.007843641059398923,-0.05730714573764639
-0.039499260338041645,-0.010591632413480578,0.024465077841325147
-0.04649794368867106,-0.11053936929992716,-0.14040674561365155
-0.06206305573466208,0.01542770245748987,0.045168728760088074
-0.1431021922723389,-0.060822889735961866,-0.03774687485750726
0.01828094948171878,0.002255538038346362,0.031982229099213944
0.0316053135474139,-0.06054301720988367,-0.013465833885314379
-0.036588388130400044,-0.013201913564201317,-0.05656898455054878
0.03458955201747192,0.04029672197310223,-0.03461489841373082
0.07461150027877027,-0.07093343028810661,0.07085140556341309
-0.03127436763550044,-0.2074522959744495,0.0474087783908651
-0.03718387732720963,0.0026519413033041245,0.03838653351944949
-0.06322844375256198,-0.022040363851183624,-0.00449746632858622
-0.07819303880341905,-0.1679797211610085,0.010076755046630026
-0.06838180569855583,-0.015868590064387202,-0.09898907894121514
-0.07969926722841991,-0.03150275423313178,-0.13492461555249008
0.03903647789795554,-0.009927753167047514,0.09295706724342544
-0.05000582933356651,0.020804590041452825,0.015097769280284265
0.006747570054845744,-0.008563503201688761,-0.0015350739332729317
-0.06508047315914937,-0.004370179059789817,-0.023475330720854344
-0.005490189465421502,0.02425623861400038,-0.015713155946723664
0.017514081970156754,-0.033796875630065004,-0.005767779266397431
0.007074181674726981,-0.06133657674707112,0.06008662179595058
-0.044391580021242716,-0.16440678226480984,-0.005629279848784007
0.07254695688723832,0.09324475339336623,-0.05565151317671272
0.015967929300541167,-0.03251184982926145,-0.005297858618705789
-0.013489445361764147,-0.05731673595817256,-0.05586119928220723
-0.0266361725719393,-0.01896213584374632,-0.01730454892957566
0.0015709891751980428,0.04346943946973976,-0.03116263300237746
-0.07615171007301129,-0.01703956218627852,-0.029955407024729857
0.031045900642369215,0.02623203342962893,-0.03931023795371622
-0.04755879113592977,-0.014452675537909004,0.004887947988698903
0.003667431482373331,-0.03655808823599428,0.12395182032520223
-0.06219972245810737,-0.02254018301202265,0.03044020310076994
-0.1017539299371389,-0.04593150334083849,0.012432821145132252
-0.013254260525548863,-0.005957992542419679,0.008512291470521948
0.07306616049137193,-0.04322962583107926,-0.05752432778482169
-0.0011650982952454772,0.02612389679941485,0.054499633562471554
-0.10791722770690568,-0.06706638691058989,-0.013046508453410842
-0.00851586120034529,0.009468960233150045,-0.016166674975748058
-0.029647615285823735,0.03014228004597098,0.007034825314496656
-0.05922543046827242,0.01615137057784081,0.12774502652588196
0.08268602116309365,-0.03821158914723014,0.04377621150771967
0.0057458171426125245,-0.004059053652847371,-0.03703402552418791
-0.036897917197429235,0.0197048734394861,0.024500961144895774
0.06449943515752772,0.010799274949168287,0.019327494448569696
-0.004105612230795461,-0.034688853171231326,-0.002016092989567021
0.05984407952096154,0.12045816296024647,-0.054293732666006074
-0.06614691188990575,0.05341713350430469,-0.05878626277132053
0.005873183744797425,-0.08326214026729292,-0.07390594136625357
0.0013818974180646734,-0.07169068091763091,-0.06835125336465185
-0.005277019182994182,0.05575947511376484,-0.06090322180075743
-0.07246451963960815,0.12119453926913841,-0.011915033385265339
-0.05003379183028874,-0.05135990544897535,-0.004613485337989557
0.1297120551425145,-0.08893703045910516,-0.08254937181575078
0.02354529308908753,-0.038117243691478446,-0.08647910795436987
-0.01566812348740306,0.05716636752803885,0.07686531696069311
0.005926546632064659,-0.018884919298068303,-0.009873789718085571
-0.06620708971179234,-0.019572889016160062,0.020824879395243263
0.07064584041519051,-0.04621024915500403,-0.009948367272618353
-0.0418093459755945,-0.009956128380954644,-0.08812324673136997
0.005778397193882744,-0.019447223368204106,0.01797864068930262
0.05940083296742123,0.008746808528076997,-0.03979779720064968
-0.015990836756256087,0.007319965954772216,-0.07779748851865256
-0.041228556610310114,0.0597069191838738,0.06689113473046636
0.03409203465115283,0.00616008002231226,0.04611283316003884
0.03456127436538653,0.14632570308008094,-0.02114170689856189
-0.03482647746506115,-0.01818784246714748,0.05996477185794107
0.029883578519484068,-0.057718133086837105,-0.05985520971902283
0.011484286202925367,-0.008408217133180247,-0.06703443325019054
-0.024694388703279294,-0.0694727838952571,0.006420842750901815
-0.014352028698106145,-0.01988673996736328,0.0397400655000825
0.1041302280704994,0.04400397374107076,-0.03160064155040053
-0.05525995709081555,-0.06374030787354483,-0.010421296967007922
0.017924356912692497,-0.010924726608416882,0.011316132646176426
-0.07382836439510565,0.0938767676791094,-0.021612164356538708
0.0220550515139454,-0.06634187097310623,-0.027611441139598562
-0.0020918756628804294,0.07930539355332011,0.10320417702094144
-0.018851459815114248,0.03579910984296694,0.005445882419173712
0.03515618747344684,0.05717950134870489,-0.036173985590552606
0.061326698887986385,-0.09716562974821195,-0.08754895204531363
0.0750322613452049,-0.017346657385219726,-0.04655970868617945
0.07427866317699544,-0.015607995557560622,-0.04258863221505431
0.07528170126921488,0.014669399819864516,-2.39231756101084e-05
-0.0072774389049105725,0.05078183319540359,-0.06128472654604864
0.031727680935121176,-0.007326503557462656,-0.018983433360956224
0.017620697661232705,0.009778163436060196,0.02619495077626837
0.02472054136967998,-0.04899853130819301,0.07541646011117852
-0.024060415484570663,-0.030827378066690753,-0.0300516969649383
-0.007802158811583845,0.060470616627504956,0.0572953981003195
0.07053051772310528,0.02533637136919991,0.08881473943731513
-0.022430887697972256,0.0788301271882248,-0.04643974966439647
0.014660342020216295,0.04710585375183136,-0.06944732332006699
-0.006316132819247266,-0.04788391620771165,-0.019472414286227716
0.0060947629246259315,0.01920775274973616,-0.03508493429432291
0.07080146109200258,-0.06874553905100922,-0.014365975972757575
-0.0015809843271992197,-0.056571365299956496,0.011595315575173551
0.012011072811931981,0.04040748273147501,0.071823205043853
0.07931041178015162,-0.014510734337271064,-0.030507838713677113
-0.07508399086914339,-0.03720549773444789,0.029891502311411335
0.09283999899068177,-0.004817939314322532,-0.060037910790815496
0.02345850903797813,0.030674162110681632,0.12150966747198177
-0.011617218859088523,-0.01883624014384249,-0.015033766843655308
0.09185020294429172,-0.04348035909305454,0.035871798062723295
0.09752279356934077,0.016763876057604366,0.021981990981585122
-0.03510163847844019,-0.043882103673296,0.022581747291690643
-0.020076033858353964,-0.06800144308426367,-0.03224553729342923
-0.015036681829097433,-0.05915781813224641,0.07032504658755422
-0.011578599931773893,0.033153470531342405,-0.036219846559446996
0.016314872895657244,0.044360707467858376,0.010445911948378316
0.031051616043796193,0.012853336572845273,0.01253351868673741
0.049232245713073816,-0.028894888886244974,0.0641293135269197
0.037250516517880555,-0.014064424046695653,-0.014855197669547585
0.0658472991315979,0.03996304807955823,-0.049446072572759875
-0.05696479453748993,-0.06572064858793952,0.03841363195048393
-0.011668405453178841,0.053537299249184066,0.05637343108730943
-0.013797513131581566,0.07119315252192608,0.06196535201679966
0.04318275284730995,0.06540236546237378,0.0814489371451707
0.006617539219766716,-0.0021288270594805384,0.020179307844185788
-0.013302394886157334,-0.09500153234026183,0.054463817563372485
-0.05237096070980789,-0.009289582637599984,-0.07816420443185933
0.06511854784429576,0.09458073823538626,-0.009939574066692498
0.06705604697294687,-0.009862791659707899,-0.012237249659304644
0.042186358123607666,0.05173356673991156,0.06155782622473919
0.014379641542946017,0.012223486907801638,0.02273135904470621
-0.010088426196022363,0.04213631635853474,-0.028272385773219874
-0.038836848122220435,-0.023681325209538213,-0.014276221888683185
0.004133274211754251,0.05976063048811226,0.03144806936484492
0.04282774370804319,0.10239660028370343,0.04019547046966156
0.07157527214928219,0.04026219968760311,0.11973903234807123
-0.012059473265478331,-0.0388956692767215,0.031261004658186944
0.09042935845088636,0.05357610191472563,0.04095015184718212
0.011988956148977856,0.03084082777767041,0.015422674454665105
-0.03889891620209242,0.05679174275092973,0.015621864734580743
0.09246052841498772,0.0339994497070338,0.047532730074926526
0.06269483856208254,0.06094442411643121,0.04310740848223117
0.10931765172221815,-0.001612802825598763,0.01358705274988355
-0.040814344007351254,0.019549518381536585,0.008022859051094101
0.06632441298312097,0.005176886203970053,0.01959151081740563
-0.02610010362205362,0.02945600781800109,0.10009635259979838
0.11080851916242745,-0.032799300378662556,-0.006542693564637492
-0.10508271293583311,-0.1113204223907807,0.052815756346927076
0.02763814920144359,-0.015356898886201436,0.015423967652405213
0.1433255510871696,0.020584398401503258,-0.04209500895944217
0.04929485127620125,0.026642059875474546,0.03790277197341471
-0.04621975786093656,0.016863103894597775,0.04521189711773921
-0.012624510611243776,0.019834842207077447,0.021684006154919288
0.03601590864874467,0.05263064356285499,-0.036685148386780414
0.07257438284266085,0.0197316962918504,-0.03143803467813198
0.026927422905626275,0.054860373994004036,0.0363368533896475
0.0129815262972511,-0.06784218067233228,-0.024431668622320175
0.04800976405459095,0.05531035853510743,-0.0644944434556115
-0.05931459998870004,-0.011521850195097105,0.08473646722302536
0.02325942478137766,0.06609220211085276,0.0824388957523544
0.11509052281772864,0.12357478906156036,0.09636850294187987
0.06458922334415096,0.07445198206400491,0.04807828015461678
-0.06416501014572154,0.08676125033738696,0.07707055991647047
0.03969525017712362,0.13094805710540755,-0.004899244404262364
-0.019706941038693308,-0.06357708332123736,0.07072204772254839
-0.040160258460557756,-0.042468301729876784,0.06246469049086696
0.12360186591140139,-0.17143200357829477,-0.03639431241997272
0.08713024955247303,-0.008719022419686757,0.04828532800461606
-0.06063608939525737,0.0841580154233847,0.012669255778509081
-0.04707994959268767,0.07048570682340706,-0.027723515450564905
-0.00466791836682795,-0.020348155729506937,-0.008140613035965853
0.03467490773832308,0.05337170530821925,0.015724530469444668
0.08535079930797555,-0.000883211921679658,0.02650999952625243
0.09964157146328637,0.01962032347788877,0.034422338190414487
0.0314921845133129,-0.0019642412306876862,-0.03860665298622484
-0.012256139941173704,0.09753888297964655,-0.048719895345345106
0.05495708143793547,0.0164725482273416,0.053680683884421446
0.039499029181272835,0.0327885777925362,-0.014946498873591806
0.0009697204721159092,-0.049387285907418164,-0.00394701132968988
0.12348569921243524,-0.031273311651088424,0.028317796243143158
-0.013796482228660222,-0.04916463132810831,0.005339627404787989
0.031905003481958814,0.028178911680077266,-0.04725334910834257
-0.026220686064038726,0.05172817851818206,-0.07774375071203674
-0.025082469259800306,0.1208514877297727,0.08325788780475891
0.021319128402899817,-0.02642042576637795,0.027995428542959264
0.033990457537600896,0.04388816307700884,0.09595782777078754
0.07189942087040954,0.0803578219604667,0.020732455896956173
0.00486198435086275,-0.010978511174888083,-0.0019996853841608257
0.022523155246033256,-0.01573585087949486,-0.02495465263243537
0.0672783370420454,-0.007959406262442709,-0.0018514825221200015
-0.014404842191903605,0.05939916413070012,0.023549591705148004
-0.03448850073807516,0.018859105461118155,0.021254009194032874
0.030097695503967452,-0.02954371279020802,-0.0048512689037218636
0.03419425461379931,0.03154028707239958,0.035959855595441986
0.043253460821576974,0.13561553406812638,-0.05355644983810125
0.06030353109816593,0.04921445176104165,0.036941636683047674
-0.050835428974271575,-0.002317859479591922,-0.0285408441644378
0.033684981796542446,0.11315285265557978,0.024028003288343543
-0.048147798141292136,-0.03449065232484416,-0.037233241498643155
0.09486544006372301,0.04378030964439779,-0.05614042783471715
0.006402104108880155,0.020815959489295884,-0.03179905347689234
0.042162914919078476,0.1166710945555073,-0.06274654479599924
0.04982283321961098,-0.0031802747957853737,-0.055971072251534186
-0.02380599100860559,0.08181802506243066,-0.06127285831190096
0.02257529745946931,0.059020947265092105,0.017959289079900697
0.0607421547455488,0.022628522149962957,0.08072224335917647
0.10075838065581298,0.11078701985530634,-0.03892886483392396
0.024427707317622362,-0.023415982730593726,0.11815666765867221
0.010412490049881694,0.06723332612927979,0.017243587029078293
-0.06446799926812813,0.020682186814212467,-0.05440793142276177
0.09360749798570416,0.007158131520329991,-0.00028286599804931874
0.013595920748369102,0.005525572536307465,0.059600470048212714
-0.013875560872101783,0.09001920089878805,-0.029446813519415034
-0.024757429152165254,0.1380475876697467,-0.0031809595923979472
0.027142763732278717,0.05417485448034884,-0.016193985441583278
-0.02452054813975515,-0.02086613519382621,0.09370756857811932
0.012357351521641495,-0.026220664951494152,0.09716864922326093
0.005959391366159934,0.03164355420167064,0.07358051876569201
0.03419633455903691,0.003821586694491815,-0.005210688103941414
0.10495121667265203,0.01649863122499704,-0.011788148596923707
-0.02385082249674008,-0.004658049697705918,0.026076658712916805
-0.002996321644523672,0.06448766078927026,-0.03138212968539715
0.06688023348494146,0.02167700850239101,-0.002061624929903383
-0.06543993220313464,-0.0807613182239503,0.04727507459929246
0.010334166593851453,0.07208439583619598,0.051095053820128064
0.012784829970751383,0.014366680411642171,0.05161125764889493
0.04767500509754614,-0.03668973895033034,-0.031040924943003326
0.02788874345592749,0.14142340088906058,-0.007408445817867808
0.11367814751163259,-0.056959735056392916,0.05433640880725036
-0.07685722235037326,0.011621669096194767,-0.020193529729650946
0.049521851391815676,0.08006947097398888,0.06991953849161864
-0.007581330078118787,0.07028527517903148,-0.09894114243355112
0.08843858120569238,0.06675979554872857,-0.10948956381502997
0.0687132996455263,0.021831978634753856,-0.08225245533072831
-0.016659412062983915,0.006038543780419003,0.08712353132492874
0.08574532263070661,0.06027179031049192,0.055353585468587437
0.003976024909310247,0.040393192115813506,0.0649638757907338
-0.07955117345551185,-0.06097707547377389,0.026904892309911877
0.04006377053212105,0.015381588076540846,0.02581002847004492
-0.01063689185310162,0.03470460730704027,-0.010052273219844855
0.011439943795719942,0.0583430611373993,0.003719987104605295
-0.03374601452089337,-0.046080116125932574,0.08393179435050056
-0.03303852653875519,-0.016849334217419597,-0.01999559060182792
-0.050979487228928,-0.008137536581526359,0.011882819135370334
0.09601805024475452,0.06992385898197044,-0.00677868535924353
-0.005179545664181148,0.01040072500967957,-0.04634234259236987
-0.018017082356708552,-0.015760824224515486,0.0045564703752037465
-0.047536984523133013,0.014536411921294623,-0.05948488603304688
0.04733347034427493,0.07638693362791117,-0.01669316728365846
0.10689852614795652,-0.007660308233488353,0.053113053712341755
-0.023996266252124827,0.0712799731606948,0.010551225206234258
-0.0306649271787713,-0.022336602255716355,0.020244587380884208
0.054323229107903874,0.0027751139600639607,0.01473346309858976
-0.07368749472245685,0.05914598159780126,0.07914852169235632
0.015427796825801325,-0.0999299060045154,-0.0046182843711363095
-0.0306278125912553,-0.019780830371148306,0.009743429715859495
-0.0028110775719567996,-0.09701268474795548,-0.014148673129896597
0.018749497819422138,0.012203720345448942,0.0037374142922738515
-0.009840883663075272,-0.03845012377684824,-0.06913349429593375
-0.12331997054743893,0.07484087124710012,0.011202293249524877
-0.006535056672043725,-0.029717299116196125,-0.13521051331101672
-0.0388985190397299,0.03864032500560553,0.041125187090898116
-0.02792226009396446,-0.0618133398140208,-0.050855576961275996
-0.02287405769438785,0.0165595595807239,-0.11931295835186595
-0.03237401497505656,0.027093752432374794,-0.01580494261123929
-0.07536905291499331,-0.06897068824372413,0.005161661172747316
0.13821984258167785,-0.034805926451288285,-0.05682088925245738
-0.05782035932663641,0.029656906746274116,0.005350508120845673
-0.016789895484053248,0.02425398759142225,0.010746620094661775
-0.022598286629571862,-0.025434919823265154,0.005314579198607015
0.01230156814243008,0.015552717532243347,0.007685806596143612
-0.010545451790833032,0.0478102558558164,0.028162479668318814
0.012339690265388316,0.00144325006573976,0.0294911242521762
-0.04826531637654217,0.05252216743116503,-0.016507778608685308
0.11579223020518638,-0.024691446612373318,-0.028769778494536262
0.018195192502097984,-0.02670204500133864,0.0029349815420824255
0.004223514653151371,-0.08515842849152877,-0.02307440131195359
-0.0691310206840718,-0.04016988413418985,0.04078828870303354
-0.000836890472962165,-0.08376764880581716,0.03068351804757309
0.08022833243011775,-0.07289423917645046,0.016171922030316914
-0.05386433456105447,-0.013607629878200207,0.03591640155722145
-0.04644916181480222,-0.0651839467214709,0.07051684860018695
-0.01778331687424667,0.000266224274655032,0.0037802537554149553
-0.020310209494001495,-0.03288427524272668,0.04678900897415678
-0.03954410445925369,-0.07571801725182561,-0.0075276230639047485
-0.04738269558422409,0.013183729877016078,-0.15507413557693336
-0.039786421651173264,-0.054558078988014125,0.027766556291660728
0.008906893525932354,-0.042624406337547736,0.0030901135036508556
-0.037226108584129385,0.041995284455609884,0.042451557896274895
0.01751392756854892,-0.059389275490774954,-0.05606354538622417
0.03586174693157713,-0.040939560782217846,-0.09727522683003675
-0.06333191117662994,0.008754386578345137,-0.01265310442872623
0.010710940205178855,-0.019750676952491122,-0.1165123525165149
-0.036289236349522525,-0.0062427542564485365,0.01438465993801636
-0.053196704196763686,0.01092646082723121,-0.061722612749031805
0.06974579416073799,-0.060939426202751,-0.07244374111350371
0.025890568209942018,-0.055051511693207975,0.0324712105261611
0.0916047732771522,-0.048982480332669796,0.01092602585911174
0.013397486524060443,0.04355987411762172,-0.06738340162649309
-0.10557929005532356,-0.04188911141830197,0.05984710707263756
0.024484910242589007,0.06322823310147359,0.039344956432417116
0.034745062642691865,0.020730559682816438,-0.03849696866696411
0.0024029296267233085,0.005051705207748334,-0.09115635182497397
0.026362687838543918,-0.07577949317503542,-0.11669950971887921
-0.04898771644110895,0.06081767031677678,-0.0011000262147705525
0.012028921079167674,0.011737739344225694,-0.04757995106301106
0.02560491290275904,-0.0569653619883269,0.07694298218958509
-0.05993626353239874,0.05953554991696865,-0.051814347883439575
-0.061978309473850246,-0.07598513027234381,-0.09976328324782854
-0.055964623139470884,-0.08362145400919367,0.014308803382245777
0.010176165300400613,-0.031001337120702164,0.02592242174768064
-0.08308376097812378,-0.03528474130547675,-0.04254746533931337
-0.04320612494094463,-0.07070102854321109,0.07923161776840068
-0.044782820641412195,0.0619933355226103,-0.003175775787001272
-0.03230691868242215,0.0005177769510778286,-0.07805338010246228
0.002704117139230775,-0.04551592292755982,-0.012251204228190465
0.012205665063344036,-0.06138010898229583,0.0345301788863919
0.01796952445786687,-0.06261351633729528,-0.001743707594765706
0.052313888179673584,-0.106805927448907,0.08954598052747477
0.022318873487562937,-0.11059277797028241,0.040067873833641326
-0.02348467215427401,-0.002186133071307779,-0.004769747835279685
0.03583441067829168,-0.03832734601464643,0.032249734202478876
-0.0007706880728195406,-0.027407661264821706,-0.058865791959216096
-0.058140219287601096,0.040739114198987764,-0.06651290444769178
-0.041414735863852956,-0.009532406887995849,-0.009308126361794481
0.0108131510823436,-0.04652480088217842,-0.015135192373901842
-0.02967456601072386,0.008444422413580243,0.010337612254673029
-0.051581850843463,-0.04909905458556006,-0.030170864936772165
-0.12641481962619855,-0.03654976363040356,-0.06485503899311695
-0.08022018456539182,-0.08526217795329383,-0.017421773518356814
0.012553200023257764,0.030508539211028078,-0.0348155204746029
-0.010619531350632535,-0.017072418588959203,-0.058930425658795735
0.0252297529518501,0.10215570112188191,0.013076033763721684
-0.024874461756015626,0.046842228551539605,0.04581039283954799
-0.027157979695113865,0.0017022678345833334,0.03743155669564514
-0.0508018499576782,0.027466806363894494,0.03755387148068974
0.010949181353235558,0.03509108432607488,0.025190949298887162
-0.014419087794140303,-0.10746353202744685,-0.03252766780155468
-0.03327134256643283,-0.08189465626365786,-0.08299695099833733
0.07077314816656984,0.04749526668124397,0.017477520734316788
-0.08135757906372021,0.05733295606697168,-0.07825495137465485
-0.04632945755418426,-0.035311365150833184,-0.0504170824848585
0.0018752629766446705,-0.0382212116529427,-0.0283958628370876
-0.04087954048357732,0.08440720332337348,-0.0022069897429895582
-0.08378725802329678,0.04810969008789655,-0.03921537171745143
-0.11972480621245372,-0.12323460649297881,-0.08260946863818301
0.011967067536104388,0.011444269322447818,-0.027510028892827394
-0.04720157113707335,-0.06422427828253525,-0.01106636581479747
-0.09020581816351261,-0.041266598312642545,0.04291303168901296
0.00512376517393957,-0.011042065060863875,-0.021931283528811903
0.0016497614227677163,-0.02201071921285546,-0.08906958801521524
-0.0629341688126149,0.007260634604302797,0.021836371406448937
-0.08897667626129396,-0.022204641238847373,-0.058022639087107544
-0.00619738440145577,0.01704323310527388,-0.07256789533185805
-0.05910678383921874,-0.07721744403640066,-0.010281475353276597
-0.049947458029108834,-0.003740411642894695,0.025998359179977955
-0.03653206017665328,-0.052680561577536755,0.006206377876355588
0.015781908069944305,-0.12276948029805279,-0.010181921677036744
0.04615124999328116,-0.08398359688016933,-0.05934734399624281
-0.07836801890630389,-0.023635566967991198,0.003972677010531885
-0.03927528313985272,-0.060453035326203115,-0.0704845047878698
-0.06746317398720397,0.0439283329547253,-0.028333010018722786
-0.07833575365795202,-0.11663814152821841,0.014286053164196125
-0.03618615989605212,-0.1117238773235403,0.01661285121988947
-0.07040822194610503,-0.06304239361083068,0.06676941547733314
-0.011494737824757401,0.06674432619544281,-0.12575903520828724
-0.014237133861937402,-0.03462061761678981,0.022097713567925833
-0.003458223095025966,0.044096750759349115,-0.013396463374412557
0.03847154139714817,-0.036457472470808286,0.007158448152669101
-0.017271814112539943,-0.0022336717439426675,0.04636637331011932
-0.1219756255330494,-0.06267310435828882,-0.03185169331956157
0.03219173056444359,0.01703687285326602,-0.03347937590758106
0.050311799572412504,-0.06628886182523036,-0.0010634448172520544
0.0001875474880129735,-0.022925718348088004,0.0381682542211086
-0.05624371701846469,0.010783103629019963,-0.006693159745301509
0.09152797299814196,0.039772516002065175,-0.021635653267442184
-0.08673355556940542,-0.024124235763642327,-0.04184403519131747
-0.016926193820673723,-0.01568805638403902,-0.03825448036483181
0.01244712057924089,0.023208467521844044,0.00339958504959912
0.06578658382452829,-0.07225233307650275,-0.03934880612158226
0.007098420735603506,-0.06627067070940128,-0.09282732703592364
0.003866634018679524,-0.02954020781700261,-0.01228441985144817
-0.0347666068752299,-0.01723062161700896,-0.012091781149960675
-0.07088272283268829,-0.04178501012885793,0.020894997823773014
-0.012499951704781489,0.06445236774287358,-0.033945454277366935
-0.17184526830547014,-0.11706652457371922,0.028471320959073683
0.04773384176352777,-0.021766221012243854,0.012362376013347099
-0.011075547342666636,-0.10282277253400282,-0.004853535390377018
-0.09254609490733728,-0.05981030602930565,-5.852543211848707e-05
0.033735026978374424,0.05163188089170397,-0.04375014860418373
-0.031046882111070564,0.027877336953812826,0.010179076534543821
-0.05978119490546955,-0.03662610008745998,-0.02129387225444647
-0.09687952938759105,-0.09714627704402407,0.0901768105370275
-0.0710205836008472,-0.08710588254260848,-0.03776719153243792
-0.006111309671927138,-0.07289699528997419,-0.0033688022543449797
0.025748741841548784,0.06761653881560376,-0.013402824777544085
-0.044108683651009326,0.015961206642528467,-0.031205122898402493
-0.09467326912996457,0.03164678219709843,-0.03213925323622627
-0.08526875345817819,-0.014537758270819483,0.03133030085795135
-0.039597740853006165,-0.06617745692324678,-0.09623606128471753
0.023543903002261196,-0.12130590942553961,-0.0477213052787159
0.09116865333565699,-0.10772738927384001,-0.008855462225447672
0.034827849481374504,-0.042238557284305936,-0.029214359964466294
-0.04927759454006324,-0.0076363412725457,-0.03346202074802655
-0.010468676351745986,-0.028892609628675042,-0.009337824123058572
-0.07720410700164163,-0.038484675918348664,-0.0672780339596165
0.02869321337235827,-0.05983188416425218,-0.018137645880101153
-0.0260086990694018,0.03949030099485109,0.051487450118348814
-0.007856062022067263,-0.07676222085327779,0.08359104379416671
-0.03708870726115994,0.10410797227848947,-0.04425413580236533
-0.10195940426569955,-0.029986459757806054,0.026101408270701246
0.028897197292168896,-0.09219202958863869,-0.052448005934815786
-0.06873321301406918,0.013095726732604625,0.04234262833840151
-0.019441108140906473,-0.06441301274436373,0.06485105145643089
0.07131412066682251,0.06406642196199196,0.021971079263703744
-0.046460760217576676,-0.05817503344833868,-0.1253423280331551
-0.0727950482044213,-0.06041164033561672,-0.04276089758498606
-0.09981490246171881,-0.002272047642001394,-0.07499509931219976
-0.034579566846517175,-0.05380473329973681,-0.08268961864557296
-0.10228503797608388,0.028291435391434704,-0.05816714254758003
-0.05113021539565891,-0.002011969026113858,-0.025053625291974784
0.042968743101713995,0.0087268482074951,-0.07345534693300246
0.047797308579943756,-0.04398647616292476,0.02674932015608919
0.0367177020677645,0.10375377895150427,-0.0157705248416857
0.07007254921213814,-0.009809294069849506,-0.07571271091823278
0.035163343495508176,-0.07285512693676255,-0.1317001856107507
-0.10516656393267237,-0.009369133535842629,0.008205602186049866
-0.11800988913909144,0.044994622988387356,0.021894877745940317
0.10673840768594378,-0.03198840835199936,-0.021026219578382972
-0.0023293415101498047,0.032689723632137305,-8.254348244239075e-06
-0.08028689505151596,-0.03008176216382202,0.009988063326458584
0.039811457360094504,0.06455239534686243,0.000197921031776108
-0.026323249596738367,0.05774867482660947,-0.011567965193226996
0.09550165688281373,-0.010966931282839917,-0.0491252564629357
0.028474848555715863,-0.016359430467817807,0.0753003341704361
-0.0027772990692179807,-0.07259221660056718,0.07019114146171146
0.037109724455479116,-0.0036383118438801294,0.048837190519451054
0.041450285572139166,0.053655810660321206,0.05316525791873299
-0.0504094879008838,-0.0918826146866973,0.00034656220114746925
0.022028957699558597,-0.011363156103196138,-0.002386060656211875
-0.08504112928084451,-0.015985087343245573,0.03931172762052233
0.09002822590639051,-0.061756601810246496,-0.06361522541469458
0.0237826341380082,0.08136466566074528,-0.031176149924522837
0.028748253474545314,0.05779658341592883,0.031008543601189667
-0.08484073657831548,0.01844504113205933,-0.06476189394598007
-0.014210338631937889,0.0036868223135165874,-0.017768960465525337
-0.008534910740303865,0.08576290343235576,0.05223369701059398
-0.16514456789379678,0.000680185004385227,0.01916463384776106
0.004876783187290511,-0.059814266373257825,0.014061446732277716
0.013144035518321284,0.09899080592373649,-0.08836858343597655
-0.04843289202321909,-0.12252307017436807,0.1157256836958876
-0.07888952168163707,0.06613128017958426,0.07275398932760888
-0.008582201188009323,-0.0314999789355195,-0.05919049136939605
-0.03291089367034807,0.009178071987309836,-0.05197798298175151
0.05007005113416162,-0.12196650286478078,0.00021240884603119337
-0.022931449159243448,-0.11073237979820334,-0.04470098923449013
-0.052736898279721396,0.007189112777139568,0.03135012057684727
-0.057891886068136965,-0.06587107010480502,0.09039790518800925
0.013850564464760587,0.005507185411472883,-0.08558960108032312
-0.007531175246888313,0.06017706415143718,0.021073078143515174
0.17051175029163868,-0.03181687304227539,-0.09909051419319924
-0.1018514551528901,-0.05297127415490646,0.01882512468733884
0.04164786613918873,-0.03295348330091644,0.016867138278661386
0.044825724621100835,0.00840742668920057,0.017422912624531297
-0.05916911388518721,-0.012563986886976054,-0.03244881437701398
0.026063971343846956,-0.027767861070532755,-0.059918969767005635
-0.02679865867326677,0.07834251972878996,0.032633311322605774
-0.003372523437968028,0.030032340030954743,0.04289251160033947
0.09023794189092336,0.008751334830221377,-0.023465721119718112
-0.043612920644246204,0.08102434052240867,0.08536197932868532
0.007627385063971542,0.0075077859540222495,0.024998935145186904
-0.008503403158657066,-0.02938952231349478,-0.10696703555250758
-0.0038669501216072252,-0.03258628581437411,0.0609713244205791
0.04468319767927875,0.0770750205595238,-0.03290499482234144
-0.01596169796452305,0.057063340872525854,0.09049682028065618
0.009459906709408711,0.03867965028476129,-0.08239819950443834
-0.04098396549633266,0.025769832842078445,0.030212002369868252
-0.0337805055102039,0.08789198537027264,-0.06301781841024229
-0.02657424940282549,-0.059763666294757434,-0.02770641450257734
0.0715158948914921,0.0171443823322949,-0.02228868613266709
0.09059731722350299,0.00995083891353597,-0.057490159784731015
-0.028671369702847546,-0.05101774297422516,0.03882320334405081
0.04355267923415288,-0.0007185456258931334,0.07969654492794016
0.012341518243558036,-0.007094868740441492,0.07981574680256207
-0.025884879246638605,0.011848541201151296,-0.03352228270514402
0.12818410839304253,-0.07016631673184942,0.029987934738834866
0.0008315359194954724,0.07382818675333318,0.045445928123502226
0.008541316513725042,0.06865831497421887,-0.11424720663204213
0.03956916974510574,0.03014283728802604,-0.06522877251329526
0.044828894038628136,-0.06347488533675424,-0.11392395698580673
0.0009903890989429332,0.04912242570741784,0.02681806388031831
-0.03901603096405526,-0.01841006914624971,-0.058610456831355434
-0.061715665037721364,0.00046845106776551015,-0.010158674272699359
0.06194851652274297,0.0002165567649296974,-0.011323773039769842
0.010430697448252143,0.015744284507177082,0.06422291155128211
-0.05679806863798802,0.11275585369664685,-0.07547786965668092
0.01424667151216446,0.026904317079125765,-0.029914193363703965
-0.01870456773317644,0.009346149346609173,-0.010185107923506286
0.030994797024529105,0.08178220976901214,-0.019792802943375216
-0.019953380662191177,0.07878981202015964,0.043030062646095324
0.01234959456758638,-0.004115396813323997,0.0823377854177548
0.06856006088886828,0.04823433012034506,0.01224828052773712
-0.03137245674458566,0.056577773874937794,0.09879857961896596
-0.03627673022415761,0.04272387889941207,-0.05802463031878765
0.025611702817947557,0.021518111775299414,0.005307814812431602
-0.048777920967116015,0.02414472918796707,0.05723965254816635
-0.052281783759404885,-0.022708619114385025,-0.07320657092771003
0.010710031327071526,0.12297859666968898,0.04953430893682072
0.03699910097685218,0.030998129488840946,0.01548122502891186
0.018483434171207666,-0.03118167118168351,-0.02684681053516233
-0.05358228324994303,0.07598092168841747,0.02949558702694053
-0.05128675933122152,0.11615434106418804,0.02216392468585041
0.06347701194234939,-0.01988900886807981,0.07305387536358829
-0.043078994598098795,0.05050524404995559,0.010838623782571439
-0.01272297207422855,0.11061111835800085,-0.02985366751014541
-0.006430173456491505,0.060457779406230455,-0.05588362539160423
0.05077008234928652,0.07166267840838217,0.08804101454968255
0.01880979433653001,-0.00041678442682050246,-0.018644567011214832
0.05547184152096292,0.012895276593585138,0.0297630034068001
0.0008379112051583072,-0.03251118281640361,-0.05886186422664692
0.07474477876261144,0.010558132818053022,0.06940228617877017
0.07350414312102453,0.033147038483886476,-0.032446173258455474
0.046750707853280865,0.08057146367158961,0.004554226239210084
0.037997450911822495,-0.11033088789610741,-0.0716086501237561
-0.000991964467418758,0.12372002398898652,0.10605779961884373
0.009432525958750644,-0.019735370851182637,0.04882124207787396
0.05223068683814605,0.050878865664086254,-0.07751371905223256
0.024408133832274956,0.1004047489590264,0.02804737862792157
0.09384750890894289,-0.016906265286027417,0.005746690712566073
0.0036286253342768006,0.01758484990949957,0.06626305147739175
-0.06305785141288782,-0.10471403337595059,0.057814480361520176
0.10431957697103306,0.04209619715869261,0.07094896553232613
-0.004373942092547503,0.03219925640289736,0.03478893319108081
0.02931218779999495,0.013108452331589169,-0.04952548840242903
0.045239276517241106,0.09685095593702321,0.010259858890295601
0.016826014678944703,0.019908065678811357,0.07255847013841236
0.031015825243205043,-0.03711097491020646,0.02588470719363442
0.0034592612889692807,-0.01938199130820785,-0.020956433166292754
-0.033612316750287884,-0.05770215197322779,0.0017710089669178627
-0.01591032810390224,0.10560656704040103,-0.05089842828496814
0.07796376093787076,0.08812473017148018,0.05574188309937453
-0.08409447400174325,-0.009118560338110048,0.05786888202995872
0.09702732989269569,0.019583196627840204,0.020406962761798493
-0.05456388787475897,-0.025033584903513845,-0.037933894684340275
0.08186965749274097,0.018366742830058087,0.02869317962656703
0.05009738783013247,-0.016997164582680798,0.1045498570746473
0.007724046277038987,0.11402771095057498,-0.0021204906839546907
-0.04237389963755818,0.006629832823776948,0.06604892592756838
0.044116513437450405,-0.020161997006330735,0.001340083166567474
-0.009877964088220233,-0.0015774264347546176,-0.01281867615407601
0.00327736286444312,0.05795580837567635,0.04759896742593138
0.05865573100551627,0.00030894024292174235,-0.04151453748660722
-0.019463101727950495,0.0038374173966393733,0.09317773507449062
-0.05718322598942799,-0.08497149934222394,0.033601591149524004
-0.011525084223438564,-0.03720574599014363,0.08624548970384055
0.07008506113497392,0.05038494295548694,-0.019990079943366653
-0.0067705778827390276,0.049352791681457196,-0.012201201929982378
0.07253560699230013,0.0570710517559371,0.06669417561956649
0.03333549473337927,0.007494262357350526,-0.009046971770529901
0.03470940231028412,0.0516908882500086,0.05584659282012373
0.06914604167223716,0.007051671533368269,0.003740421420226306
0.011528507323996488,-0.02262938366170238,0.006676453213510059
-0.01608107643599445,0.07666285027897352,-0.010468566818940088
0.018942230098774476,0.10715227955271278,0.12449209383530258
-0.0039199467502173575,-0.007922859186976102,-0.010489085102133325
-0.047259747260567114,0.04034423002876272,0.00605311986307747
-0.0743542049382297,-0.00051298762947782,-0.09037853089921943
-0.030266388965906207,0.05078335597170788,0.058884935062871416
0.04367519204028286,0.011846739838584341,0.05940914917112082
0.05679148615609464,0.02102731864778942,0.0437213535339776
0.043294916448665954,0.00045988609183472695,0.009690830388141093
0.07984966089414974,-0.05218634148396688,0.003987808133213359
0.036677041782796946,0.01970066742212754,-0.0047681345789162
0.046199225386778946,-0.10013667520084599,0.02884516649274071
-0.027928412242900033,-0.03450397007258522,0.021167515746726498
0.017122408751645793,0.11084485582279777,0.062278817164412706
-0.05981073204391915,0.06829240564668482,0.03499636193853861
-0.03159111784733125,0.0395494921686714,-0.00688874594551411
0.06890176081736771,0.014127948099887985,0.06432795029110311
-0.029903236583160252,0.06794627385620636,0.0485949500729512
0.049379340528500834,0.08130412972932764,-0.004857356075634527
-0.07545523373196303,-0.038465973229471886,-0.008714813325689373
-0.02451061735288943,-0.001886293381961772,0.011372676168082223
-0.02897938987764141,-0.0633739649082796,-0.023962302984463456
-0.04944595046973053,0.014049806963432054,0.07973045070931575
0.07803091307429177,-0.026130928061566475,0.1233348911201567
0.048084058615386796,-0.028099057526047255,0.025890735679044347
0.04922372624392246,0.023803083552396985,0.0469999447256441
0.032753855444457934,-0.06000299195496475,-0.04271595561771181
0.04807010368025641,-0.03922555211504046,0.043687336009216426
-0.01894861404831274,0.008038059811125044,-0.023867064701128267
0.04787680815878785,0.06334926735638194,0.1467722847659118
0.04201668443399958,0.00837510227445431,0.011157277102919368
-0.012601608846861491,0.043471324421052865,0.03631742242124135
0.07455482290257723,0.015471208390613144,0.07713521079623431
0.03611550352146366,0.1639387055395654,-0.05102552602343244
-0.056552700605992524,0.007036096567787054,-0.03537030277698003
0.08324490698478185,0.026383985034484518,0.003815965928083573
-0.0449724243669417,0.06631126807863903,0.08341360295668009
0.04134257999927723,0.030281436399322362,-0.04038470378426052
-0.027528740899225017,0.056376815863010854,-0.03328179755293842
-0.044250580224417704,0.04522891422894915,-0.006395735363096702
0.07719498442424191,-0.00029973442525436933,0.07663097298256616
-0.047223307764064845,0.08730565392388925,0.005951352404146829
0.06277165675391091,-0.004665564874349546,0.03094257439763072
-0.05515343702516702,0.08766039130716537,0.12182295363648109
0.10143870533706446,-0.012853969622678218,0.01811804861154214
0.06200558087925871,0.05012044453576468,0.11145567521730843
0.013105526981694942,-0.0723379718240426,0.09385794201830269
-0.009509003799905578,0.028929515263385563,-0.058386011368952134
0.023184657606100993,0.05020799115460811,0.007261224987939758
-0.10223474377779282,0.09440841181997864,-0.008937482763989608
-0.022884332052931097,0.04782118690572633,0.06025782766828133
-0.010410472298756088,0.10660520633198704,0.034248682675106966
-0.0015973451322693795,-0.009277943701042925,-0.019160376635032866
-0.019209452081378475,0.020963684895569518,-0.017325963151545325
-0.048812637158163,0.0023115043804363914,0.0302966841253129
0.005099245868846478,0.06932373919816553,0.06758687878498741
-0.02813481130045482,-0.04823927090206008,-0.019673809637113
0.040512207996502694,0.047256571671217024,0.031432823607552327
-0.0102617770119097,-0.04693543095357486,0.040769749592290364
-0.013388210825389343,-0.05221236593202102,-0.037672511230938566
-0.0020144650730517175,0.025264400603057388,0.014060633780883482
-0.009440063510306598,0.052288224850520176,-0.053713529030924065
0.03941986918885272,-0.026028823459538636,0.04299378010896242
-0.029269917814209415,-0.04070432960892995,-0.017347459567737318
0.053728184182113684,-0.015223505320786734,-0.058003237201171266
0.044309601208134056,0.06949127814260124,-0.017320670441255882
0.06138245412314867,0.020933586414361313,-0.0054121519542050045
-0.018491294366209318,-0.0004889359301950271,0.14140895608782983
0.07887835760868864,-0.033231539976837476,0.003098657177932153
0.03326242591491031,0.01679749540630764,-0.010102091023502926
-0.015681225087461715,0.08045151077703484,0.017959774070117535
0.05726710766239407,0.08794890645946633,0.06797575792955851
0.04010209790377739,0.07620465825863108,0.017951477094810018
0.0023583377414427564,-0.0022753199652767323,0.024474059593832767
0.05748276257286306,-0.06700819538207964,-0.08279970172723562
-0.0558055829425182,-0.04306027743206382,-0.05934654839223117
-0.02147716470795224,0.040205507305143814,0.03546619847934054
-0.06786288637343829,0.059548595599644254,-0.0020940144232677437
0.03270081381191599,-0.04351600294738889,0.08252800237400765
-0.005262848609100603,0.0334785056705667,-0.019741074992466606
-0.002538316473836923,0.059369534176814696,0.001778826694197223
0.016385344032192727,-0.00985417265261854,-0.032203470179099095
-0.02499865279403037,-0.07907084682043725,0.01072886979170845
0.04471693938219093,0.06359038515589553,0.004351850590389777
0.023175053610300686,0.025047813063175037,0.09853354529377938
-0.0427383064387789,-0.00802874153538037,0.12853931755603143
0.020272872026543015,0.0061343903336320066,0.0525955141694287
-0.07152757663407361,0.01816502152505408,0.05058563213424376
-0.01702034041365718,0.0022934037332250808,0.0011913780600329438
0.0025834296231075373,-0.07006763036712253,0.08871188216824383
0.025399071828098335,-0.02865614619279713,0.0036162401967720285
-0.011205008740557198,-0.06420818249458828,0.04415346876926419
0.013357584102534324,-0.0030182571519551927,0.015107151749391402
-0.05247251441040607,-0.0795198083596152,-0.02436005481187878
0.059066416866620494,-0.029545220639465547,-0.007388536044514579
0.05022797486500088,0.07716822890140931,-0.036585726410789915
-0.0708647789953802,0.01180019033587051,-0.08308259292792812
-0.017308196797071514,0.036076947586215956,0.07136993511376168
-0.014612399388540687,-0.11052609348776708,-0.03398580513657825
0.0687834553587004,0.005137053361156265,-0.0004521252618543631
-0.021411660862780096,0.01962340538249199,0.01205960556631386
0.017245388070716714,-0.0652591728241802,-0.0793732587285445
0.03383672009300673,0.042036073653649274,0.01650789500631391
0.06349867537436264,-0.050011859063338264,0.019104773703544263
0.06405214040804921,-0.03079890683736792,-0.016626399887836124
0.017529310283923183,0.027016632141141417,0.03907891340814911
0.0014769041330419232,-0.05199255593054307,-0.06971081345901968
0.11285649563943682,0.06206081413279922,-0.020883788650610257
-0.0012681241006756412,-0.026356997647673994,-0.05410934650591072
-0.012282727433860406,0.05337200801017206,0.014377529281292423
0.07480739981874122,0.054497057745013865,-0.02954538057864386
0.0031230185296959555,0.017976277365834657,0.15338830171107198
-0.05331163393399026,-0.059039115654830415,-0.05450845904939645
-0.001907331225466144,0.0258673373663885,-0.0750508596573831
-0.1174716676414153,0.011865228520496766,0.014174852247200463
-0.04071616408359739,-0.002644195987592101,-0.020967082518098604
-0.017647671765463488,0.03201452391274103,0.03849073642826084
0.04517543335886866,-0.021657809504935684,0.04883144565590867
0.05138441138415614,-0.004504722887302569,-0.05423215459594464
-0.02313472969602346,-0.007768559816211163,-0.0870115469115607
0.033130768154613965,-0.015718354893043584,-0.06521323081370953
-0.018426754626760293,0.08034643384293765,0.04894797227575219
0.053509911880260594,-0.027899519350924894,-0.0532521565594046
0.0042554972299518184,-0.026530331363913688,-0.011888553302321072
0.15500722381635712,-0.04752777802251798,-0.005874507925191032
-0.057362300238703375,-0.0349729027104405,-0.09720441407539876
-0.051735592393447875,-0.02893631566444121,0.036299975374050046
-0.027459856073316455,-0.01223804010589983,0.04671567086173696
0.05833825320921921,0.011439598870002272,-0.032890284171555546
-0.08653303770896699,-0.05831261338180778,0.04864120689959557
-0.013382335871637754,-0.035567782422541036,0.04405278937931644
-0.03377096340629668,-0.039501381616066394,-0.014493937612574032
0.03467155932985993,-0.12692986287053593,0.04586859374808944
-0.002531350012267633,0.09164331219736505,0.009407731819663787
-0.05683496150681307,0.03546082560184284,0.015937021011702183
-0.01215063542912414,0.0030558448302208593,0.01296047493745123
-0.024082744663824946,0.041423918740604825,-0.0771212433114938
-0.018029171058318038,-0.017026663990451274,-0.01712006320236064
0.0002154300166519081,0.08807555341710051,-0.05948382557476905
-0.02705835898969684,-0.06206530535565855,-0.07999360722614879
0.019834603408015496,0.06348187607743246,-0.07528921522276694
-0.036711312116438514,-0.09270657673666571,0.03149157863533649
-0.04821733972519657,-0.032932160568768444,0.04586740896199852
-0.1395762354443029,-0.0022417231397421408,-0.015711578334082005
-0.049718151436832336,0.018171523090102056,-0.09628023563948461
0.042454975912510254,0.04087150157925108,-0.08872322410956117
-0.003772456746286155,0.00956680340197551,-0.07509214788875783
0.019132081549865183,-0.034113022706497,-0.10492254224659515
-0.08269507433027094,-0.1145249870474361,-0.08174273415456014
-0.007445517734186039,0.00951414473826354,-0.04738252743342791
-0.022093805190651294,0.04838640700354935,-0.02593261339612363
-0.00798084765799062,0.06732831992740135,0.059788594856362245
-0.042151659896374274,0.03338115645952737,-0.12116315428823701
-0.043338492867262254,-0.08278936907036734,-0.03136479685405693
0.07132284716089463,-0.02978116269664842,-0.06342197498519253
0.011420635179431336,-0.04385698711612683,-0.01704441469063556
-0.011715053596786368,-0.017467238347835114,0.013597379820324988
-0.09320426971946526,-0.011528652377740112,-0.0169301862458818
-0.03333819946849306,-0.02608570350819818,-0.10269101325478328
-0.0531504314008802,0.010566824389692139,0.03610136578174904
0.0010508873740318683,-0.09266129990904552,0.00015683083514780177
-0.047363033763312565,-0.005317898147364728,-0.0187092893588446
0.03601769324511787,-0.04287917010444912,-0.026973864447138826
0.029606263669695435,-0.06257390980427488,-0.005109863276208838
-0.018788477834702274,-0.01853581443546378,-0.050847002041031625
0.01572453688091554,0.013167318853083317,-0.002404245932175919
0.06536285289607481,-0.10653065185028995,-0.003299646685218257
0.012913903154158936,-0.07612058502462904,-0.06995909946941851
-0.025240526776342826,-0.1326195770109333,-0.03816770185967576
-0.04886461663435616,-0.024624140524572194,0.03122870339839882
-0.008158024046734973,-0.01590849638899763,-0.07210323676558977
0.06106608136494859,-0.0006412442467546645,-0.06186922598401787
-0.09228632480305768,-0.061665459613216414,-0.028063624393628524
-0.06056627612090995,-0.06918673973761504,0.01917856444004618
-0.044356800170244626,-0.006558665188778817,-0.11529281928663557
-0.0431160293943437,-0.019908258344792734,-0.0738523774738783
0.008137192194036903,0.015908200554825325,-0.04270273314281182
-0.11325491639289095,-0.10873426927405974,0.018138874638148467
-0.07455592046571216,-0.012997954661263366,-0.018513486304144698
-0.023539963705997865,-0.01848489206119242,-0.10853112942648949
-0.014609268339142781,-0.03720377853337333,-0.0018294767623613165
-0.029847218065037165,0.07294424973764768,-0.005204347714945965
-0.008264876303475718,-0.01828015597791083,-0.04620238982851216
-0.0519657094760139,0.07761079390404463,0.005109832087222158
-0.05594556536199301,-0.051404128617942205,-0.01746685171962157
0.013727671035129053,-0.05926635440532299,-0.10674774398489092
0.01232156267239128,0.0019104473797703428,-0.0363478018309079
-0.03720964604809565,-0.015462764678597012,0.04166139345528917
-0.05189195167140351,-0.01975899967106519,-0.0045441950999900345
-0.03209488308790341,0.0732925533336547,0.07924774269432516
-0.09700486470217301,-0.08193810263320944,0.013992356020721741
-0.015913863785366536,0.011691648434271066,0.0032506183590629775
-0.012821637105286849,-0.08936164731818057,-0.07763906135835505
0.008823082665428323,0.04256782695777962,0.04567667169411113
-0.13800372032922303,-0.03713419195869822,0.047096259871323556
-0.007941759352885483,-0.010163322298186978,0.02570826442257064
-0.02178334001266195,-0.06831147301117514,-0.03945951227653502
-0.0864796202915926,0.018118595337795657,-0.09523143937741504
-0.10387632156688331,-0.002554007144148166,0.04402293750643363
-0.04515839472774033,-0.00533387224226739,0.00470896874769057
-0.06380285799899775,0.07522497921086484,-0.026131485725539513
-0.12429921477886904,-0.049244238326965915,0.05913131795695831
-0.014081186162979022,-0.030472889704157832,-0.06454567628281985
0.02048892613068622,-0.11400390823717899,0.06629922843240246
0.015626982947519016,-0.009879413423517225,-0.00551803380082783
-0.001910509973790997,0.03513611060463351,-0.0055126553078876685
-0.018102039728026757,-0.04700682960840695,-0.052932334827925184
0.015342641837252022,-0.030249118783130458,0.0569181259863394
0.002568348366049994,-0.03161957485764387,0.010366516158445124
-0.0582362960452511,-0.06598793647013049,-0.020159257423778148
-0.02973473823255533,-0.018402971808708497,-0.018634491387939926
-0.050241877412327246,-0.027605322341320147,-0.08581819027826632
-0.0074570812401802775,0.09304758595623179,0.062204917652113154
0.022007483773241632,0.0005126212543126556,-0.07329938974732716
0.011194158339619967,-0.04522961369455615,-0.01137443056857658
-0.027753784848182597,-0.10239379096928594,-0.0566939358959147
0.016382798884391394,0.0976747940016697,0.03854671395035379
-0.09487956177699122,-0.03469346425075786,-0.05830598866532827
-0.03913761428755911,0.012435489257874362,0.018759167666502898
-0.062476184089857056,-0.03198652003892008,-0.060817862921110216
0.004611511591874031,0.07699696345669903,-0.011698637064282884
-0.05948354490817016,-9.798138456924843e-05,-0.13749860323229945
-0.09125495108701173,-0.0107088783601872,0.01957513970669106
-0.023315220367401666,0.0830740941117779,0.03550413489003157
0.0625913460699088,-0.013212268782460134,0.12452292405065214
-0.023880331912435902,-0.03747136000323516,-0.0972235821486184
-0.06844807013217868,-0.002716299830058439,-0.0002124986816536452
0.06352667897576741,-0.07716428127149103,0.02051576821931576
0.05882214358988215,-0.04411404476402345,-0.08267973322434982
0.01379882004677619,0.02931056624534319,-0.042193034185368614
-0.0859284623465516,-0.01669816064627893,-0.016906325230937658
0.04084286740708816,-0.04781201134894732,-0.057768855001664204
-0.022281454467493605,0.05914195703778833,0.019026085636502404
-0.020305600828735615,-0.08229484882481931,0.02224719201694607
-0.05400755933250234,-0.032146976535188714,0.02246117982188027
0.03225513362751367,-0.008622190479460284,0.02683020092633425
0.0021775134711093987,-0.009275799990150057,-0.028068341671883087
0.02268886063131791,0.04780160867378813,0.060703124634755606
-0.03238219906122745,0.05076963638168448,-0.09794815080555822
-0.022815705044233275,-0.08494270430483941,0.02491703043929308
-0.03551561064308934,-0.02085524465838636,-0.0033743160855169985
-0.01533559518421514,-0.0422353133897878,0.03622529489323302
-0.050215238282808494,-0.037159711059687746,0.05955405226079986
0.020226779788320343,-0.025300565356009073,-0.03629985944946995
-0.02640674987278351,-0.037088278531067526,-0.03804728182950641
0.08162622189917362,-0.07734361533669826,-0.02071788700539986
-0.037118656048900245,-0.027145941538612384,-0.01350054094022768
-0.014884844159240134,-0.009761739375089439,-0.0303247718204752
-0.0700723981129781,0.029993272395434284,-0.0017375294017225613
-0.0017331008620998182,0.021258036298802685,0.055607238423688775
0.0004987892233727035,-0.03959493920865689,0.007116250391349178
0.018662459260990395,-0.0742182877670855,-0.06400257358402955
0.027334998399679553,0.056439782485622175,-0.05046529084460367
0.06790611273899097,-0.04146404059031257,-0.041028768151218406
0.04354762585061022,-0.04133296407917253,-0.0015583364265033522
-0.06636610096504246,0.10358860180404847,0.06247328592672095
0.06823576733989546,-0.020764824168900298,0.06361853045725578
-0.01596340764853996,-0.08534312641816283,-0.010370196831431328
-0.0408778362531126,-0.025683499446410345,0.003259396680054363
0.007513837757225472,-0.029834254546005676,0.03121944416824739
-0.004414765223741662,-0.05776841189258587,0.061660093713316905
0.04378092957170711,0.035441063937432925,-0.11953894071510165
-0.04997112543280747,0.017420479389044605,-0.07773598943483229
0.0016050613224741581,0.022373429161571014,-0.025113296024813492
-0.015727598782949194,-0.01188147228527913,0.020112153569166513
-0.008826651770282691,0.003560958076429678,-0.05126245042426448
-0.027410079618733804,0.09600403012084566,0.02349021712340267
0.015145437465013848,0.03292625832789184,-0.09964337158979074
-0.04154960474690498,-0.04752316620831564,-0.015921479405876314
0.08187412824868492,0.0372335869439428,-0.02326009198251589
-0.11216508459113446,-0.007939891789463607,0.04980021821247422
-0.062231858132653826,-0.0791945824450185,0.016521906133112652
0.03838602731780902,0.003414540080573912,-0.08056150137861674
-0.013164552581137228,0.07295009674880874,-0.025655661694818324
-0.016024300697105903,-0.052728834334326374,-0.08488512586336974
-0.05929670868271051,0.01835751181712255,0.07886436452344234
-0.05431487142182564,0.06142061573890548,-0.060549237922404846
0.018441334058219027,0.02982293876554937,-0.04479629152985447
0.03760600571149432,-0.04465781449527903,0.054662144408254204
0.05509718054531007,-0.00461839737447637,-0.06594520577563005
0.028812136880389454,-0.024353509484477828,0.0030941853289331166
0.012612361809114448,0.05766385413851916,-0.023243463632733836
-0.03464342912478447,-0.010007766243717967,0.03699272081997388
-0.035183892627995435,-0.006718350037011463,0.0128211886650418
0.017578019109223814,-0.0015757507348220917,-0.014393992489116242
0.02794243843045151,0.04085686315355172,0.05990657543716175
0.005165656974841334,-0.00045081651413905093,0.028872934060268182
0.031798068879192,0.058977902578937896,0.04699659375430792
-0.018703488564963552,0.002801036173442287,-0.025652178665646088
0.06627338738426089,0.04938101278606009,-0.05429310333175423
-0.047103486074092905,0.04973057050634973,0.07759169409983575
-0.02482492261414117,0.023260497683425987,0.11417073519139359
-0.015282352308155113,0.032920352140734736,-0.03996037706840416
0.039148893317503104,-0.017942779349168138,-0.004999497219494534
-0.024578693298942342,0.0792018799818479,0.0362573548752923
-0.029632684657952324,-0.02714323240453799,0.0031241431237877676
0.0024725363662538506,0.09949709221903151,0.11961747458456728
-0.06002783399037084,0.07357044428521538,-0.03290705505165218
0.023188074510402893,0.07744526641043376,0.02502063843971075
0.04512470044990122,0.005790055762614777,-0.03286266123028597
-0.07782568349185984,0.07482795439600376,-0.02597753527330303
-0.09317772878136348,-0.03108972534817803,-0.07143724672457628
-0.08842909235799844,0.026008182808891563,-0.014529841233110753
0.01508842335097413,0.0003691009961343337,0.01065445841274595
-0.02470046893814122,0.05418697476333169,-0.02119353197673499
-0.0281892985826906,0.04631404269919047,-0.06891206368009425
0.0683811698096172,0.033603556196796475,0.11221325177970545
-0.010307386622983182,-0.03873314950308787,-0.05477552060808519
0.07109889792097233,-0.014554593265412549,-0.06758453838867692
0.03832185424006358,-0.03525179042242594,0.041866089179271315
0.03575746490647455,-0.03338024885981165,0.07438582576241336
-0.05526733768326008,-0.036177393201260025,-0.0036580387695917998
0.011514687676778424,-0.014888059747768745,0.03891771882562915
-0.041859994087171164,0.0794420599544933,0.11034682185505143
0.05244363641718871,0.010220538667758355,-0.03999232948605174
0.06705447256723551,-0.027298452343067894,0.00026147512168437324
0.048045343790294764,-0.0734333993398848,0.03996345933981797
0.00853371747538899,0.03852840563526971,-0.02385336306127763
0.010909830732406258,0.029476588210600438,0.08032002834232631
0.03350079314690097,0.0037404157010581807,0.03791868608294348
-0.013840541824427403,-0.07514564739222385,-0.0007251229071039249
0.15221768252483478,0.02903589777975854,0.04139646056769108
0.013017699969357073,-0.02162891992089775,0.1089187381674027
0.02622287171325654,-0.04468432119867438,-0.058522840223789674
-0.00627498274561364,0.035294537744269515,-0.05679300733020886
0.02099560448578419,-0.023326406901107495,-0.032965161708107586
-0.03387861919782375,0.01515687522560537,0.006476668017141306
0.027193549201596695,-0.023333351995167298,0.0031344911335112234
0.00044419876982927306,-0.03630078482364714,-0.0019414353991412704
0.0360646366770777,-0.04774411515275194,-0.09671009914076471
0.1197650722667659,0.013787110214397678,0.0019828409074206937
0.05353328544862595,-0.012480777764834841,-0.08921388234378357
0.025575801515131898,0.06831868226540679,0.0006594739861208957
0.03314413162626739,0.012764047709962268,-0.05665045094478954
-0.001420873145661139,-0.007903598600752664,-0.0072703422930299536
0.041744994366672075,0.02704972678015416,0.043248916435873426
0.00427382604097486,0.06730394615383385,0.01293252388353053
0.0012570306334267686,-0.05871095266260652,0.01581199492410906
0.10656990666925047,-0.012125188700526805,0.1325432054111212
0.024114597993617305,0.02966710589298109,0.0622281309225156
0.07846173259343661,0.01502564807608276,-0.020195365083632108
-0.004152783584140528,0.033977610589850896,0.04153301745305135
0.0675688669859339,0.02712530682647453,0.016363532383844293
0.09496338866913687,-0.016311134458047834,-0.014921726054314948
0.04420526476613301,-0.0465912866574303,0.11205253617528295
0.042599136963347994,-0.020762604245973305,0.11682970382210855
-0.005699017379736245,0.035207051916236264,0.02785428659032268
0.07914563672652075,0.028489763825616667,-0.04441369038402855
-0.04766626216795289,0.01723828705783959,-0.023527863000637528
-0.03188209007206777,0.004979375512788186,0.14979150614109193
0.009836074805580573,-0.002129621588060824,0.02753608186198544
0.047311930242076194,-0.01954698253260329,0.045537152397528174
0.1133246936245989,0.017333659856985276,-0.029492668543830723
0.09940271418523326,0.052120247887692595,-0.020603327297899394
-0.015856419995917026,-0.043377345256154096,0.06195549033152788
0.0860976460147501,-0.018506737618202054,0.06048662938022968
0.05272558500429127,-0.027809797968511078,-0.010926234238132205
0.02681430222597298,-0.03606738604167724,-0.008879358663411979
0.026099974457327042,-0.056491376811686075,0.025706793811604872
-0.02030303998765738,-0.035142656687466675,0.030880480862272738
-0.054878317132116605,-0.044267221882752436,0.10588472998475892
0.014968718386317647,0.0004936934822245276,0.03224605115937955
-0.02008915302393433,0.07429872073275703,0.035259693536309644
-0.00029738716851987826,0.0574610362819602,0.02565515374758261
0.06199364098794237,0.0761851180652353,-0.0045003495469004215
-0.05711309728938775,0.012198315640544605,0.047438697822898945
-0.024254010410537024,0.023743791124301028,0.030520155205586538
0.05088962155435274,0.029261128422248064,0.03782300852443646
-0.03391395540387426,0.05824606435536832,0.026359962269604745
-0.01582072542932994,0.024648957861443076,-0.011876169373578726
-0.007762862391417342,0.003142019840912169,0.047001991660466536
-0.08468739831542002,0.04506901820781747,0.019935965116299293
0.04916146027907413,0.10493760672852451,0.06636972207562321
0.03477331641121693,-0.06081189720031349,0.007231711534901273
0.03263718182985067,0.024492123434788564,0.02781788702882483
0.0481183757810016,-0.02402529697577452,-0.0043273113397285755
0.021068520429828683,0.0009422580161496143,0.015864291204747964
0.037291631171326944,0.020251865350473436,0.03228071543701854
0.0055159562130185705,0.11704151144256512,-0.004634505975660792
0.09060276245548705,0.0403726821525712,-0.010733839934054166
0.09599003060632036,-0.0040223291167528034,0.05094497329697198
0.06147123605828252,0.030145978035705005,-0.03153997907058435
0.06275595465914965,0.006896534192312016,0.10427892024124558
0.06027167292374517,0.0539258571666374,0.020937208249502695
-0.024648973114911453,0.02334929072055387,-0.03749025505952446
-0.03622586539718525,0.07854861691095222,0.02298638810729682
0.03537461451929391,-0.034827847552253474,0.025306763165248897
0.039975789101454454,0.009941632566629907,0.010384081977490458
-0.054997023691438635,0.044176591176538375,0.014478743337228463
0.03502971518437936,0.08016350027134567,0.0428314323566053
-0.01102721231819984,-0.0320092167012162,-0.005098316984317279
0.05349820361565549,-0.0511255527483129,0.00036999990596498986
0.030669980204230687,0.015394052170798842,0.03500570876694897
-0.006171708820432862,-0.03286120382794988,0.05865877956473714
0.021874331719342093,0.006774169237786351,0.04253249717990255
-0.06932678075888153,-0.058868426079035335,0.13400533272272175
0.0029541180481118846,-0.025380906672439092,0.021310910573911858
-0.0437756542100801,-0.015029914346870257,0.050876146557649785
0.07561444859736412,-0.04255228825876152,0.0489980504144561
0.07820052320111723,0.002886150808185991,-0.0230716618847197
-0.07244176396686025,0.09056644845423961,0.015680916571577608
0.10051973419060867,0.1403698363651325,0.02461560559328225
-0.05762791725641251,0.03130068150629407,0.0022162988863136147
0.05460358624295384,-0.00958987186787457,0.025860040030194938
0.01654161484765361,0.020739366601459364,0.04662737973730825
-0.0707532977153682,0.038164025422076725,0.024027237599779594
0.008742465702425754,-0.012551983763446059,0.06535127085853756
0.0035119396521652683,-0.09305939236418487,-0.05735620248143963
-0.01686194921863782,-0.02596208452018205,-0.015762613688902114
-0.037295615573203336,0.05544209953338103,0.05431559934922005
-0.07259728041808039,0.014512394339349895,0.034005770479814165
0.0008201968368609265,0.03266791636999813,0.09725712195916938
0.074743573827331,0.025660808999724526,0.04641498390337663
0.008553822570823632,-0.0435555718483663,0.08630412489304293
-0.029408708392503115,0.09411828575158128,0.00252957509427814
-0.0008185001544419243,0.011087256369345953,-0.022126480988147897
0.07553951930675402,0.021712885884587054,-0.08607130427765254
-0.07695834097599757,-0.008030722968405974,0.008922822687832729
0.09321713709637901,0.06402091891989349,-0.02932145644012894
0.015910478146419077,0.04986693389445268,0.001021586080358669
0.014622951907843075,0.08959039751876705,0.09084960048924468
0.13458352303641813,0.12749477373777285,0.06276723832133332
0.02561000738630962,-0.013440573543675036,-0.016316240892431645
0.03820546898404153,0.03305587010938431,-0.0036332051433893633
0.026189535898595098,0.048130427575394055,0.058067693202228356
-0.024559484961923277,0.020833775411395365,0.05272431534870739
-0.010150569146999886,-0.0012397775666885547,0.03307051666167385
0.008904527829443053,0.04171784479302972,0.029737513954105205
0.056403715541169304,-0.0007895586305707372,-0.0026115627641556567
-0.04243232267562322,0.05751674472645249,0.018742370806961766
0.039917709759223256,0.09181752526555406,-0.03288657465734457
-0.0017017515178774888,-0.02362597758321685,0.05566453386746583
-0.0099212398759124,-0.011750203229581747,-0.024095862011426942
-0.00772312022326806,0.0671082388757458,0.01103761546332174
0.05081344863112809,0.1292867027677464,-0.013895125421535095
-0.08332736272809378,-0.05501347819704197,-0.07548582152883497
0.08671498531063394,0.014335403176020002,0.0455802311736779
0.03982476139423362,0.08750730592970984,0.024571163718497838
-0.017367763611704314,-0.058827653774189116,-0.031872135559239886
0.04820101536376477,0.04159479351052318,0.01097358143759504
0.03713330300662168,0.007786153802099025,0.0028431881833104067
0.0004992223277074503,0.06993971104749172,-0.029370718811040412
0.024966022238976347,-0.02414266381414476,-0.0032803887712567516
0.06308848727557481,-0.05192824576765724,0.04942554487623865
-0.024067681988144213,-0.005732872506401657,0.12084772724607894
-5.996499004179423e-06,0.054907349761623855,0.03201368995483425
-0.0504534290976834,0.07211897594672095,0.04966119306835059
-0.07181791712496914,0.03481150423053355,-0.02759963680443668
0.014414390559272863,0.0009796990484900094,0.03936405971417507
-0.023459064909915926,-0.011507754474000934,0.054058181610006084
-0.038136948394081084,0.0419383245093282,-0.030257057743345854
0.09342973731790877,0.011503710111527855,0.09799531016092497
-0.09706809310180149,0.05397294673773399,-0.04337090401300899
0.036423122365654474,0.0045870823143801896,0.004822564477508278
-0.0904210501128505,0.017505917874010235,0.07905110514403753
0.015509145236978187,0.042982071743811,-0.01968317314167862
0.00669522254444597,-0.01679770064442462,0.09437824747620553
-0.037239419132928046,-0.008345747657711367,-0.03132942184873759
-0.05457233658440092,0.05103417212915523,-0.027605076617229343
0.019948375940931018,-0.008082195806761807,-0.020956970087984726
0.08632250018014717,-0.013949105436965084,-0.021116949991076543
-0.029225114711629654,0.0029199174405793492,0.023917280347335135
0.019763235732797035,0.04041116067265482,0.0630415733480024
0.022559112374685823,-0.025834140170329388,-0.10342676793357512
0.012713406466545438,-0.08817022259581864,-0.016308119275128444
0.011805366164461381,0.00814685988246571,-0.025758245690846754
0.03258111486728023,-0.01593342848067195,0.012525226922212595
0.04704331381528223,-0.011485317543046368,0.007796138207179455
-0.03918562639003513,0.10527153290025765,-0.036663287734100464
-0.006089729666746539,-0.0513749206359694,-0.003938403189075478
0.025317397449070182,0.016367650219393737,0.02626921542730688
0.11761568270992762,0.002683044811875256,-0.036170127124230886
-0.011931144178323489,0.0572735288838176,0.07662630855833305
0.003928759802802097,-0.006337873941565621,0.0730709750329646
0.011796058377268458,-0.08233071872872398,-0.001398945519843665
0.058028132055273046,0.07555560399536387,-0.009644015667026358
0.011013217814734657,0.04613650594214441,-0.03118617877301478
-0.07453550346121528,-0.0257448067867856,-0.07111607851330448
0.02711734480284626,-0.004197307543296424,0.0013913210936872143
-0.02378211213084014,0.07159486718249251,0.0020906778772258865
-0.007130926463767503,-0.03182357506276042,-0.014746675446959746
-0.026199068142003002,-0.012962116768947523,-0.011814160618175367
-0.010267456648453327,0.0024727356705788496,-0.0005005355281348725
0.03017700040930157,0.0166158729097998,0.08227445804449504
-0.02765263383999761,-0.040924064987911665,-0.12062244733536742
-0.049193544489214126,0.0763141539617305,0.0023458504335760874
0.022858446571073887,-0.012487180148340092,0.080067364313486
-0.00380565017558822,-0.001897097033454689,-0.022491503172429463
-0.032305478141166175,-0.006667952360810546,0.0028544005396687966
0.05149138130671858,0.14303783914607404,-0.07905693038447098
-0.09322921874111222,0.09249255196993507,0.020751815271884723
-0.03306833843753547,0.009308478385296534,-0.05439014956299845
-0.01529876232979421,-0.11193965185760246,-0.0627382609862409
-0.04044693836532209,-0.038451882739724434,-0.00664735871770967
-0.0758511157284082,-0.02834108005577252,0.04693257225527716
-0.07215526533976772,0.03472961608773036,0.02883757707224652
-0.031876354818896106,0.04005948550750405,-0.06546321891759517
0.10807119057956016,0.05245649049502539,0.04897739176899083
-0.029458631274164343,0.03851495150847352,0.03562565315355361
0.06705362939608113,0.006110411779444555,-0.0298572739297203
0.005755321325121961,-0.08588683133039267,-0.03354766196085495
0.06719530040089287,-0.07901305483195602,0.002783137717476251
0.036408784139436996,0.011486614160187017,-0.06010330751392543
-0.03159984708583706,-0.02257451422061209,0.05224690694171713
0.03560180562223897,0.020160917030434426,0.03736223831611385
-0.01083748674221445,0.04675490047028526,-0.042306388559229
0.03328524174505381,-0.0022559820589216992,-0.012390207958717902
0.05823264792336789,-0.006686279841865793,-0.07359374877372557
-0.11120062337728016,-0.02144955177277956,-0.03860160555276658
0.011432770017975245,-0.0397607924104733,-0.013176627087315984
-0.0846462404730325,0.05852804325983102,0.041312708952785666
0.024086340321766583,-0.09194158029973024,-0.034563283553382736
0.008610676824377788,-0.04677521060303824,-0.032590680807820474
-0.029910457976147456,-0.022258345339031354,-0.13951729844862532
0.009909178438984936,-0.0580181166475038,0.011680545922394658
-0.06422919219970412,0.10708589104026509,0.008983929811709767
-0.01742130867227609,0.05059951537425763,-0.05763745251400878
0.0051953898140763375,-0.06682206359544396,-0.04842865322118712
0.06263500617289428,-0.03480137575041187,0.022038634623614044
0.029717729076362817,-0.11396045995021468,-0.011087147454732424
0.021489930985431144,-0.030812831747066335,-0.078504539691554
-0.041988249885063555,-0.06750831284600291,0.06478092496042027
-0.0468404694464059,0.1119459598990509,0.001048223599831758
-0.023214420846221006,-0.08259389088924626,-0.10208588387184875
-0.03134175874820457,0.07155727870549773,0.04259884457898898
0.00023062951097455042,-0.0447705333069255,-0.032024990757612906
-0.02630720477767868,-0.0413528758810114,-0.05420302577748741
0.041022931960193944,0.02160682683383662,-0.05409380105935945
0.07958307786768754,-0.0026740771690641554,-0.016733298425865184
0.027360511425409594,0.003729841476078452,0.028664882545716946
-0.023968426826792136,0.0025798391568613386,0.10990287287148609
-0.023013433892863623,-0.013406494731287216,-0.02066161538063683
0.019716091755751276,-0.020051393161989145,0.014416155033563426
0.0901117272875974,-0.032310765389127,-0.08308687910609286
-0.010178806455512598,-0.03084997966069246,-0.058764144082823
-0.05013751408012301,0.0632437626342133,0.04127426376215388
-0.029756549427127726,-0.025708844817215724,-0.003032220090573464
-0.04253399662183105,0.075189812348958,-0.04228420105653337
0.019144824105779692,0.01982679109364204,-0.08311077431936192
-0.036290816317716156,-0.026434567269237298,0.02654357583070645
-0.05539708401213873,0.005201396844398786,-0.05730143338844385
-0.10499304688799353,0.016165030526347615,-0.0774162770062948
-0.0011272713717579309,-0.07708711738908532,0.020820077530690283
-0.05157405100569095,-0.04616041245028824,-0.0493985179980976
0.0012100734896892812,-0.07144180065628859,-0.021623842987105922
-0.004631873614355445,0.030955656169722866,0.024877815261429743
-0.028314922452357803,-0.0741861063346712,-0.037607621035918
-0.0014990270907456991,-0.006353050973385229,-0.001347890186064406
0.007936402637996548,0.022005251537433324,0.008754114938777131
0.04069988369539275,-0.03479125902950843,0.003876371532222079
-0.006693107027136739,-0.03456828622210306,0.03695188342677306
-0.055495113772374705,-0.017387031445354632,0.08246801109467365
-0.00047261691855236473,0.0014358631067635276,0.00033516776960231323
-0.02832499050227566,0.12859317994129738,-0.042148924531822576
0.012592278834702448,-0.033232862354968695,0.010202596185943939
0.01573685370433003,0.02976165129863349,-0.10955444408025186
-0.0005056865581586772,0.008628830825831001,-0.027093947940983618
-0.051436934196579076,0.015657028754943323,0.029415188110898886
0.01946578293694679,0.029236497923395426,-0.018216489159401297
0.05343822071351913,0.12454616005693288,-0.07670370354350561
0.0908615482311592,-0.016949917815717988,0.07381640641191728
-0.03552078498143718,-0.029233546165540917,0.06990112152130899
-0.014584039187546225,-0.03345018089850463,0.07073002533133368
-0.0318466853298615,0.04077666966856264,-0.05573385833832856
-0.02007352181200076,-0.059169278951404725,0.0397813940308885
-0.055414640701905535,-0.1265655037815472,-0.05158572319722286
0.06582211581073709,0.10182055846207427,-0.12340941308859216
-0.008648177459187112,-0.0945550283390921,-0.019056376830193452
0.022531437830782763,0.007808500853195888,-0.014718610107977124
0.06004045665913503,-0.015775783515420895,-0.04016981660658199
-0.06639423856721079,-0.026137184515919825,-0.0070228931613410765
-0.003892408945383629,-0.06547394916107613,0.013262518508863553
-0.03799595793295436,-0.04017473107500898,-0.0569333797571146
-0.024027782977102573,-0.021261691099840118,-0.1077860135371487
-0.08939663448844576,0.0008733412247938464,-0.049665656996436755
-0.006946203479086886,0.06218885191709473,-0.039174412139405694
0.06902561090888278,-0.04233876897954987,-0.09706388623300526
0.06364117832602421,-0.07808719175510637,0.021126210568563137
-0.020317490293487853,-0.00495994580758685,-0.08508046336702405
-0.09588221870686026,-0.04499226435442318,0.03229629960916919
0.04331084147738637,0.02173218211969403,-0.021088352642571556
-0.03233599412533977,0.055014287576449675,-0.06375913114395626
-0.0289534207205953,-0.041875960217101466,0.07145029982619537
-0.063090522948408,0.024348432393781337,-0.01556847367125104
0.03493544780259801,-0.033611520303408374,0.003006978311897463
0.05208521204786466,-0.021443718170949293,0.053455019996546976
-0.009957265383698032,-0.018703477307746647,-0.05101592035750372
0.041916977988063424,0.012976370255982396,-0.08102691502769119
-0.14245746610854473,-0.022575177643641704,-0.03288399206611396
0.02407258057543312,-0.002858669554093963,-0.047776151177715165
-0.08226824665157764,-0.03793611192238841,-0.10241390442703141
-0.0718452856578346,0.007664155342585646,-0.02473138537728628
0.01123298436918774,-0.023199199893579395,0.019020833025835328
-0.009099656132836491,-0.04081600934811436,-0.001453287084308863
-0.08270642478990536,-0.014587866629749473,0.09501739713055421
0.016842698591033732,-0.13201968603877462,0.05003550450082382
-0.04902289568734636,0.010221670694889391,0.06850890167232003
-0.04606722582462924,0.0096252911754715,0.005867521297255467
-0.006235425979913695,-0.11957475632297367,0.04999676712798633
-0.06708187591096666,-0.16491281165910043,-0.0789166728659029
0.022813197481825354,-0.021851455644326827,-0.028454035835119115
0.06137968575304629,-0.08187917148175425,0.048239288221148806
-0.025022947904298876,0.04166287819567745,0.026270696596990002
-0.14860314635527144,-0.007049175813247495,-0.06555327553895983
-0.02488014357272099,-0.09013069305144372,-0.07285215540948448
0.001970350721332361,-0.01856383887580556,0.021478520966456912
-0.013798331758094074,-0.12130874262821198,-0.07486970917125442
-0.06900008122311918,-0.04011962811007477,0.040271600610435165
0.022319848373714438,0.06617907481473015,-0.03871235249582595
0.040793953164186034,-0.03858162969551616,-0.0425219512917437
-0.1288190260022549,0.03917233152843793,-0.05513752427198825
-0.07241661921878877,-0.001686267961082965,-0.003742981756865252
0.004962186723277792,-0.00298996028740732,-0.07992428322420787
-0.06754894204879398,0.07500353476902188,-0.09955265205672063
-0.011565892308967103,1.4790243975430772e-05,0.008974103943593301
-0.09359931199990874,-0.08310008048423638,-0.028918250021541306
-0.056119593526427605,-0.040595616871257234,-0.05880648853234641
-0.035093118050910685,0.07763086767183724,-0.07705633806194426
0.007255083990031462,-0.11991498487723778,-0.09567549426319685
0.0004481782904287371,-0.10627129295675924,-0.04439451080302194
-0.0825023522435932,-0.0009360625492978551,0.010052688647144075
-0.04491874518724806,0.013877888563567888,-0.0023373202626849714
-0.03278797780396045,-0.09525831163544632,-0.011039152311289543
-0.08613029027502883,-0.05833406332076384,-0.008093938409890818
-0.029967901962506385,-0.06019740195387543,-0.02400132349847633
0.0016711395573901881,0.024435135977084348,-0.00410934579787073
-0.01229921802122215,0.03797116044208075,-0.026701279861700854
0.08240497881131681,-0.0574863083635202,-0.02194282278368415
0.06312010844403104,-0.008241359577083964,-0.107342840985833
0.056909480132791374,-0.02808950154390952,-0.07468280053809612
0.05580349345805177,0.09573841042627827,-0.11359879716819792
0.041141692379770264,0.04087817871568357,-0.005453405663099157
-0.08209803671396607,-0.10221851234644706,0.05568947640621888
0.04166575500641576,0.03659349685542754,-0.01766584068824982
0.0030653456489508728,0.0015236448379432575,0.05260964942040673
0.0019192324138008338,-0.01661657477737574,-0.023971723328944122
-0.006168106029450313,-0.09925192768395827,-0.09351873628276525
-0.0965563020012806,0.017687912261439873,0.0013062484680992567
-0.012024774898697781,0.04467980579570683,-0.05973718359401438
-0.0703093068092989,-0.11911700659111005,0.0033439173683485635
-0.005297688268356917,-0.026308991995536914,-0.04226313293793069
0.04815983651827464,0.01947213102871962,-0.03323346345681028
-0.039263206395964485,0.0886981395976745,0.037045066945359535
-0.09317896252967403,-0.0011019854442625432,0.02031068214822665
-0.07193953878336555,0.028150494505105546,0.0027244731539211257
-0.03184814703059944,0.010401630370417575,0.007248635612487628
0.033463255574305135,0.02655427354102071,-0.07074311693187404
-0.016110632542151813,0.02392134031527018,-0.001347910245455242
-0.032848322537454504,-0.014532583446798527,-0.05331690353229133
-0.02248386488514191,0.0020333082064208016,-0.02743501634062074
-0.020492772286218798,-0.05826479820579245,-0.12285659632103375
-0.03359104451723878,0.007708078484510748,0.02552351355799253
0.023133953129926867,-0.04725955344835204,0.06351043291605861
-0.017953123924316902,0.041620598272667064,-0.12446477927039026
-0.04679696268620278,-0.10968810891785774,-0.10666552151617674
-0.010213392799961394,-0.048629170599983076,-0.027387721170815213
0.08372223361955541,0.004483247856626455,0.023517133077911624
0.05395830432290742,-0.004164626436238029,-0.06968558834239076
0.022756014149279587,-0.12241207084228854,0.028788018211956354
0.025744784370984077,0.018075437553733004,0.008778905175223768
-0.014874287088274929,0.01053082231963822,0.024724541257507258
0.02127008703750443,-0.04180278360346496,-0.04117778128051891
0.07560174675891948,0.05216494869045727,-0.029575509990893575
-0.021336685394964718,-0.11011787797945537,-0.03656983568453442
0.01891112714194025,0.006214274424434578,0.10801689156854602
-0.06417122551088857,-0.06950193198053217,-0.028928401695753232
-0.051666929906334313,0.04763915147745967,-0.018900609992234092
-0.0168674355057439,-0.039886641055151655,-0.05212247932416659
0.051105004422541046,-0.03212545465639033,-0.01945427938258662
0.03931166176328709,-0.02891558645329831,0.01124563806050349
0.13292896664775436,0.006095408147005244,0.023630117656086587
-0.0423109866298563,0.0016142494994339169,-0.10710865094392535
0.009356194640185538,-0.12179115517982676,-0.0024301759340384773
0.014092538618034256,0.03556551222917349,-0.0008260350778756592
0.0382098050954493,-0.03194500592285464,0.0399103584867625
-0.00858727218357899,0.019554098654744605,0.05700851541544612
0.016125190219300718,-0.08146940751551585,-0.073599126235747
0.023484880939624416,-0.03199384364044299,0.10463725473339144
0.056467555932798896,-0.030925369542431948,-0.03596604210242592
-0.024548983345820594,0.03776077912595307,-0.01797242438812112
-0.016727892881166027,0.13410676316991527,0.07300483432032738
-0.012179461447149079,-0.01710993100583534,0.004343144955069607
0.017395633555123198,-0.006966122562731146,-0.04453447623306771
-0.10772555704645069,-0.0017725025778017292,0.049773206438142835
0.07376547924292738,-0.0874134368569546,-0.053879727335050656
-0.047517188622775736,0.024529205043915772,0.056366936530290436
0.007983058251583368,-0.0894125597038874,-0.030282786869035995
-0.021553136777144297,-0.05881954507795697,0.006081049399210534
-0.08670672487426082,-0.02905174965175607,0.020071315513958677
-0.03271600577936724,0.009924695510966038,0.018063615559515384
0.007144320197387579,-0.009954980490387481,0.04451644528472418
0.060232149155449916,0.0412866969473579,-0.02457884402078721
-0.026272151762543747,-0.006535246383892527,0.0736309675593751
0.0011293845284610542,-0.02359676396272742,-0.014781366955975445
0.010791092496615895,0.025856143625523634,-0.07281238185716953
-0.03649141488742455,-0.014642271483769849,-0.0403647958161994
0.10144339238637634,0.08491259145058326,-0.017702096728617642
-0.029409535549683525,-0.047441264700424354,0.0588182837336464
-0.046379663660662714,0.07104349924259674,-0.032516870576702966
-0.04409320314550616,-0.07848110265309892,0.07066283865922857
0.08049163382050552,0.02068500234155778,-0.0625382856237319
-0.027167571147548347,-0.02632267210294095,-0.09299839012265997
0.09100951225024208,-0.0390758403975887,0.06289581319279328
0.005947396589427455,0.051956682235796275,-0.08108440003637628
-0.029202817350881222,0.04328818005693699,-0.010281581041877468
-0.061854822490357,-0.004245793606297299,0.018520927985583663
0.0007719637608452003,-0.0048373174027803376,-0.02756703202547311
0.018315317117651032,0.0825447546277763,0.025861192116396634
0.0711379959372556,0.0007334293202459355,0.029932206725614946
-0.02614166156375364,-0.004975188157185075,-0.026602618575823637
0.004748553230635834,-0.01469338084456238,-0.03393026765169611
0.047971283212670884,-0.05376363364716846,0.001381951638812104
-0.061269460642846156,0.03277953531281119,0.0013939211101973593
0.0038938195768927326,0.05979709000055844,-0.029181840734817752
0.047416013830743634,0.044129063660395304,0.0463881575439042
-0.08530966441365583,0.052031840529640924,0.01527098490588314
0.016021756345542343,0.012375357540478131,0.09360064978284434
-0.08342727582133268,-0.004023311245495063,-0.05247918774759632
0.0966428172369799,0.05176740358834292,-0.022091129296185577
-0.04328045855788438,0.10093698550124011,-0.060912815219832286
-0.013047892767617355,0.0039125963093372285,0.05836744016865241
0.023921143508367677,0.026349965531925208,-0.0917401167344738
0.01711294416718698,-0.041866531644043706,0.025137930049215558
0.050576125668513584,-0.010682012499803802,-0.007223752708583707
-0.022534438126970622,-0.014820142523496165,-0.05090601893655913
0.03504355557147586,0.010387012054581065,0.0002471282428229381
0.03559929777666813,-0.02121414077810483,-0.029703385285618868
-0.047158137512203276,0.015463174081787382,-0.029989481757607635
0.002076193416932921,0.0016566846090881604,0.0036294844218425553
-0.025398065456777093,0.06333492368405948,0.008399049909338107
0.006561473872294806,0.001751190694818135,0.05761689612122701
0.11314131009342654,0.04731523179956881,0.04227576457074653
0.08119359720171028,0.04686697330145103,-0.0026971816227156897
-0.0604408058932342,-0.001976426437194409,0.06871481266934654
-0.036037870557617854,0.017368921158937692,-0.012875535624994133
-0.0011987515009237691,-0.012631507036398936,0.08463475664696402
0.015260611370373718,-0.010315029998142437,-0.0035133571768785586
-0.08090311432557264,-0.012470920342112914,0.0826340762084961
0.09023023901057507,-0.010660400538632816,-0.001952590607089617
-0.03603867871460605,0.0492087480682669,0.0017943732189498116
0.021066367471661063,0.0737658572162042,-0.02431247101341282
-0.10690667630579045,-0.03330107491347557,0.10437624043205321
-0.039253920147386163,-0.0028594555735556304,0.1499493359599228
0.027071452845097835,0.1553622601628221,-0.03159702695773299
0.029612615801006936,-0.030370170950504077,0.040043105656076286
-0.0023229745659234333,0.019373858986136964,0.040762277346750704
0.022513657004153066,-0.002821887696987763,-0.013941974040514596
-0.013400151683753954,-0.04558421601171253,0.10925209761855326
0.04726662232762613,0.0845269662393158,-0.006726256439356244
-0.019165164955634053,-0.07401118038869836,0.07729257626831677
0.009427769815469361,0.09463514149650937,0.06551198470246489
0.05365626634378083,0.06134210324488421,-0.04501350379965796
-0.07518589280229909,0.033224726639885335,0.03968663997830173
-0.009546148430229912,0.009876352999900044,0.09946796784406994
0.0632800584904987,0.13798348718762127,-0.027724903668661503
0.13364437665728585,0.12769323066840396,0.06527667224577677
-0.01832622784020332,0.06478763685716545,-0.01838431843865455
0.005946477611488152,0.04671690860711582,0.04677597081324121
0.010829236731130282,-0.0200397926017017,-0.00986071921901896
0.03953922661515787,0.018873307338670108,0.014064999481174182
0.14041201349385224,0.023448182279511818,0.08225798498013492
0.03717670900988865,0.004466771199666791,0.08063230328256962
-0.04791016393686681,0.025610172566990615,0.02012280252062702
-0.01812006900900346,0.046599705123370645,0.017661166460055572
0.04526104966789224,0.057860071066762095,0.0509329872540398
-0.04732054714785858,0.0035364853636471565,0.011835003005733428
0.1251987335954952,-0.034408778815525544,0.06800212155470196
0.057772019731411106,0.08135382298231388,-0.05569471899220124
0.05215081581276211,-0.06689622698826553,0.007095509833675063
0.0796066555843105,0.04699694219960525,-0.05289784251186973
0.07257992050464067,-0.03694953674994549,-0.07071273709695115
0.027364559760574107,0.01131852380303051,0.09819307765029137
0.030041574632646405,-0.04999956501251547,0.08858383903463474
0.04426648286306754,0.01402610679457208,-0.0024493322394637425
0.021392671301253947,0.08182841560751981,-0.04685944061774128
-0.0190718551802501,-0.00163338545878558,0.00024192131096860414
0.04130185896158477,0.06795481244943717,0.0329291987578736
-0.001679981877654193,-0.003828228545367362,-0.032523461224646624
-0.01914486972318055,0.039725775521536964,-0.012276461628925619
0.054517435036377716,-0.018014945701280885,0.014241087100005698
0.00841732863983497,0.026766790280777435,0.07496902176791478
0.003747343741299331,-0.03137317606485818,0.021641145917300986
-0.03818359633452285,-0.03193128198232927,0.014709059802730452
0.08037095915251799,-0.0043568807209707905,-0.02094489767475436
0.06422526994638403,0.0773274871366997,-0.0338873872861194
-0.06459183886913837,-0.058336445305152945,0.03890368609660112
-0.009620525662983284,-0.051930565917663284,0.014696839716839407
0.12544306641340475,0.0243353413991116,-0.03473680066511563
-0.1262604900646066,0.018345876601037814,0.018260431104548256
0.010581962183866315,0.009417762944636223,0.014402776338345219
0.041902502329521266,0.040496410475699,-0.05641874910892266
0.1041443382584669,-0.0017134392998042376,0.019373585846886247
0.12461271166640575,0.02672903449981601,0.07359594443366552
-0.05223293636869279,0.1108405841648693,0.060410007914347294
0.08180163598582182,-0.038381438166250025,0.08324966800800568
-0.04175006723432578,0.012333167223004125,0.03519984886349699
0.04326275539383932,0.06020602776620247,0.016065236112243624
0.03201877775238365,0.008597592528270595,0.07745037185479253
-0.029808796339390327,-0.06112481822073098,0.03723807099641181
0.13408206338551976,0.05277659341324138,0.056772551584490474
-0.008227263766031084,0.034719062656102556,-0.06455725945309822
0.041742373652116437,-0.011516678674642095,-0.018281589483111815
0.046387800908100206,-0.02600772011059077,-0.04729532934630925
0.02023443398086699,0.024874377155727698,0.06362897318508956
0.10627912062380733,0.001283616310635654,0.0727060856043796
-0.056333741271358186,0.0394178175475964,0.031040060099727998
0.03395948614324942,0.08019288289586685,0.005939280054903021
-0.09992381105782783,0.1270471965010985,0.1128773253751699
-0.00967181440577201,-0.045609436443441884,0.04663104384517143
0.03916633082490512,0.02771194076719411,0.029729297085138846
-0.0915135446879558,0.041053746501621344,0.019680387690574595
-0.005333236811454579,-0.02247456963988576,0.08741653080968029
-0.04733155868103936,-0.07423408975470042,0.0076015425553923235
0.03133102620879582,0.06145778159991624,0.036122483010617365
0.08009974558007152,-0.016672636252503346,-0.03222461081328658
-0.017809980298412072,0.01597503001240603,-0.04142209767121616
-0.062185881070038446,0.07681367627904362,0.026531920178949377
0.12434489768184129,0.04144385576903611,-0.03610057179532282
-0.01980663781239097,-0.009571144119964157,-0.03819482815899279
0.02320810266056934,0.03684185580602098,0.032622035585198786
0.03921192302096865,-0.020057110175287194,0.11479508845067796
0.04587522011148062,-0.0016404298738150885,0.07978164005836842
0.04156721148935327,0.06277315876239753,0.0335649446181116
0.015898227496480802,-0.06554739245497736,0.024013315915213794
0.008141248011620304,0.026087731590770366,0.013738719635758592
0.04395606893210495,-0.07362847092589407,-0.07769686990091494
0.010708408948510946,-0.025445030182426453,0.038220082344456785
0.01739277463254496,0.01411482190937295,0.11962428481823481
-0.007199906298808727,-0.03922452047846529,0.0643543864089604
0.04812826282283444,-0.06527575795716471,-0.011155464895594953
-0.028044200864790866,0.11090750070318778,0.013769081650024238
0.09259149249651288,0.09056181851598077,-0.0065756676315990165
-0.08633080094950535,0.08088238679008354,-0.10581482929311593
0.07712987575377224,-0.08141859751636366,0.09308245628451012
-0.00341145571773668,0.07646674658586565,-0.014505758172548965
-0.06374067149231546,0.08426992323192053,-0.06187299643192111
-0.0078066056566449635,0.025389938432336393,0.025867392316412177
0.08746128238971523,-0.03018373554672721,0.027053268148151108
-0.02617329603941655,-0.09260276599792959,0.006759180191025909
-0.03472855778376884,0.00014993261192428053,0.01006842237150888
0.012907961795138988,-0.06930578829831546,0.032301283828371774
0.045629652300363435,-0.09434587096601296,-0.021266491167313765
0.09779511781033301,-0.05487370045720466,0.045918248771503585
0.08282935909613286,0.07489565707815542,-0.10960178971062337
0.012269741024138466,0.016942587965211496,0.09739583961951508
0.09468972819341992,-0.051550245686687465,0.06741120747735653
-0.09178875947296572,0.030071776273660207,0.07647661375548286
0.033055837879726775,0.06756060625298686,-0.03447987122890929
-0.03624224631992111,-0.0104327161977999,-0.042614622299541174
-0.033453439846503744,-0.02293660820918208,0.057095889753498025
0.08373818237735406,0.034966945793089683,-0.003085721841855989
0.047116129682080135,-0.0001782107085311225,-0.03319498308923853
0.023800954152885183,-0.015081807810177181,-0.01774782271131437
0.08219210607041777,0.018322707828203742,-0.01351441207825944
0.07590413153098742,0.0870096598220207,0.08877805221695972
-0.036250645945055775,0.03663178472336095,0.031795814829785655
0.13995789477449552,0.03400772974117932,-0.02198396297176805
-0.10117531276378244,0.11374360823681574,0.019359764478019792
-0.02615231952186997,-0.08493951276894192,0.05823210571361284
-0.011142739353701768,0.01968522583083323,-0.024674617245317474
0.06234610249947785,-0.011330788463139676,0.04396791253472305
0.012767768176238651,-0.01391521511464543,0.04611810275793761
0.04436968107241673,0.0582929570883347,0.016027940835155435
-0.01125130570178211,0.08343044469630045,0.0224870554735465
-0.056730031660939706,-0.025083977104307098,0.012156391651016143
0.03669809506813519,-0.05052040284801336,0.010772467895284774
-0.04835909514939138,0.04226477339238915,-0.013403632444306451
-0.0036780566839202606,0.06120718695432352,0.004113632437071354
0.0468983621050264,-0.0204692964426322,-0.006509546242899084
0.033659986554617244,-0.058059317681542766,-0.048447658687017996
-0.02166014541914634,0.0212116063961001,-0.03462815616123369
-0.032495047480183774,0.015591381424803112,0.0514717614607295
0.021414630679256766,-0.0640427499289174,0.03636152398187446
0.0336302383010596,0.03894861514834282,-0.008135189122092195
-0.010710579690054072,0.06689738590119523,0.0729777563589789
0.027594039759600994,0.01649917479272521,-0.037735279494546296
-0.03854410484447905,-0.042924818348497984,0.10876622466408147
-0.002098557393643896,0.04742835463038761,-0.047200118314987896
0.002582014185732311,0.018002922208862068,0.10037254843045869
-0.01613653456771391,0.03815478172169685,-0.05211569699387755
-0.07336114418209622,0.0366319773063747,0.006917351605210032
0.010780563534066177,-0.06970653877865476,0.10840691153721085
0.11427903897117109,0.04604828062921815,0.00488543899325089
0.02893059919669753,-0.02118232595919094,-0.02149954122822293
0.019282356798426326,0.009687308337559562,0.03171595967050349
-0.01914698765208484,0.08060039822107706,-0.01600786694201822
-0.1016681808389235,-0.004132217644540071,-0.040649888861324854
-0.02554309226796364,0.017041113871341423,0.03334163786064759
0.03780131138044543,0.011069459056591959,-0.043112548437917904
0.028378665380980557,-0.09605645348603936,-0.09231596749958879
-0.02166991020378208,0.049041341640887325,-0.011138495035296736
0.1092528971836525,0.06420222276837402,0.0024095334206694907
-0.02699985707155938,-0.04589389005148741,0.06658338118119952
-0.0212987208375366,-0.05163484133172108,-0.026178107345700967
-0.012434738997650662,-0.011973149353706665,0.024701608429045157
-0.07822330776716585,-0.029190308247141215,0.07192594713821761
-0.01704093161165351,-0.12201921667824721,0.014993093747332079
-0.03775283650332366,0.022929442938958,0.028350233182458186
0.05971807515303026,-0.023578306892555398,0.059228451311591386
-0.05097221719762887,-0.0580406939114094,-0.01449065911812951
0.028852030213476914,0.040953694751646105,-0.03537500077803303
0.007268469090484892,-0.013321054619401572,0.006527761054484082
0.018055005860346075,-0.014671474639353829,0.050681486257461106
0.017307429611525173,-0.02675649022496317,-0.028804118776968084
0.03953926525700338,0.030746235130517358,0.02750517476611189
0.02399648933581245,-0.041005690143630445,-0.03868527935262817
0.01788497899225244,0.04092819664056227,-0.022687358625657083
0.025527040752345072,0.012287749624187782,0.06210916551045815
-0.008364608305781916,0.025974485510520187,0.04186340978737549
0.009878910803982295,-0.008470640826054254,-0.023843387031232906
-0.0275263676493673,0.0411665831122016,-0.024058394702269496
0.024331804841581053,0.052791741846962816,0.02806990158728853
-0.06318545856845377,0.027781190043567223,0.050019952947252845
-0.06588027029627112,-0.015353713237234865,0.029898329184317677
-0.05155010212143642,-0.001227215207653942,0.010660250207921804
0.026397612829880852,0.011138350121495172,0.008857208513119193
0.010814940048412033,-0.0408352534103889,-0.01947184440298703
0.044719352020427636,0.009194136092976209,0.017871071607129595
-0.024791787759368536,0.10382248453624723,-0.09954872820997612
0.0145015565410151,-0.0186007133278737,-0.018667900698080123
0.03210130644964748,-0.09443533361351324,-0.007805122060350023
-0.06359981095067506,0.03401944964415425,-0.07404610187191525
-0.03145994200355055,-0.10332650848337921,0.061338622947855866
0.012278373501860621,-0.025325043273953483,-0.0011651825734988533
0.023392057410050827,-0.04600184628798082,-0.0027863409813764714
-0.05725409757548634,-0.0788508952733904,-0.04272267817827545
-0.0039781578785171015,-0.06904782160300034,0.1412388953974635
-0.055363628665565504,0.0014072714327281917,-0.04558404058492449
-0.03869092999386834,0.029582679412035358,-0.06727144685661637
0.005141898891549755,-0.049119017518762104,0.030113920446492567
-0.017158209806712683,0.023746473979713814,-0.03542650381248005
0.001107601557138422,-0.01740317828285942,0.15490785138873514
-0.04855897851663201,-0.007392342062981848,-0.056566298366771926
0.06117236473021244,-0.1023001301070214,-0.007766675621205578
-0.019789019837687095,0.01782682462909229,-0.03576653994421934
0.07810246501735693,0.011259602099366847,-0.032284510476350024
-0.03229933139899015,0.0027234224090481145,-0.09130021453203484
-0.005375693298303888,-0.07793915211685844,0.005584678180473866
-0.023843792529914233,0.04721483740027343,-0.043589067591146106
-0.008366335343298408,-0.06642859881957246,-0.003984641346263203
0.08327680430499429,-0.05441289774840907,-0.010488087775366216
-0.02007312665350054,0.006542893819870535,-0.08584782119762514
-0.009510625308405792,0.06503855107626708,0.021923493470922928
-0.05924272598085601,-0.05579589566994355,0.07039025132914385
-0.011910835086174814,0.003526008146444803,0.04078201011073927
-0.004085706514181631,0.006010619512242027,0.02124248117657903
-0.006445625056651362,0.02634491722626047,-0.08597310139283024
-0.03719941049694572,0.02895800274159089,-0.013508665816878084
-0.09707840333725287,-0.10708731287153515,-0.04801691850692232
-0.02093844507565252,-0.10680092592847355,0.07620451033684697
-0.012408887458518656,-0.05218306173753197,0.024189958437842742
0.01856240719096229,-0.03429680865486079,0.019408703754907997
-0.05979689137848904,-0.03604212649111768,0.009765003945287464
-0.07461267782205605,-0.041185128233564405,-0.039623014045072194
-0.02469669963684485,-0.021972897537619246,-0.017669597251549974
-0.08159496414099521,0.04130105994773111,-0.1134210799515981
-0.06770113702950423,0.04713778582489557,0.04167508721951468
-0.05128896549696439,0.03783520691858519,0.01950462132783459
-0.09115818251660956,-0.05259522319710863,-0.007812677353896604
0.06365037993863518,-0.024652135864500668,-0.05161787054713909
-0.07983389802504168,-0.04767683649782747,-0.056363144434233445
0.02526552729431376,-0.08235283692041784,0.09501688871518521
-0.00042335133063349517,-0.06309555171596677,-0.056430145822927644
-0.07800134670987179,-0.01435557584687056,-0.0582015023577749
0.062010824855563876,-0.10744596047306713,-0.021067148192968413
-0.027805652811243912,-0.11021144293354804,-0.01832325159555264
-0.01669082211868561,-0.01438649486961234,-0.1250897082010755
-0.05718981328794302,0.0007169319551542895,-0.05744055161412584
-0.044724540144485736,-0.054554108827624584,0.023413930081293825
0.020064990694649204,-0.06859207990028855,-0.05361129812355412
0.06440397993646187,-0.002173051978176254,-0.1052554975520254
-0.042816706134200466,0.012250727075782189,0.027216085192056594
-0.035640483200905154,-0.10161295680250187,0.04489230431978169
0.09265244799259216,-0.08011696893632739,-0.08414179390439311
-0.06915615041456008,0.0005412094753601791,-0.04848197278665929
-0.005819715136524883,-0.048480838248172675,0.00699518973794307
0.05420201043549357,-0.05887206421601343,-0.0394568809371885
0.017166360670262358,-0.021093342906227143,-0.01583444118298369
-0.07050495887762734,0.06686701609545725,0.004257918110212942
-0.052671075208032755,-0.046884799862717395,-0.030727371268692308
-0.13608006323978614,0.008391711568990507,0.0031550586478809144
-0.08397040112905525,-0.13788522561313218,-0.009457216042373871
-0.02719166680750815,0.009056820738300164,-0.11474687163600522
-0.02384674333252739,-0.11575366279278387,0.04369733066342321
0.010400220097169722,0.04880387501646173,0.027073223586496064
-0.02048998622888367,-0.0017871792362594077,0.01694545655481997
0.01974911315086805,-0.039233630559181235,0.04840860087539578
0.06612062260033269,-0.04470448159151185,-0.004608629721888953
-0.0012871194767059939,0.043826417111885146,-0.06439840305808343
-0.08929376989434937,-0.025840513016856942,0.00559853029100011
-0.02933785984530638,-0.03951804657848701,-0.08125458285660343
0.022608850872298875,0.018726042513533794,-0.03065522433530941
0.06927351584825336,-0.05055732106748323,0.043953533722328623
0.0565144568308536,-0.0338886330123681,-0.0017377440184837764
0.01099038446660184,-0.07464742390799581,-0.04486205119379309
0.0823574592890281,0.023309437603724163,0.0336381261238558
0.009656815428030825,-0.05064293275783652,0.015090940648438803
0.0350323754265163,0.007002853106654841,-0.058599006126110464
0.05758557570018484,-0.021052174383462612,0.033515397917973755
0.03837377037411985,0.0075186491753729545,-0.05438989990146778
0.07313351398432345,0.030630339544406842,-0.035995797625479775
-0.0250117762321205,0.0012130069785227099,0.060350060420098
0.05021187896511291,-0.08821244946659167,0.001121039029953464
-0.0648743031194341,-0.053368412759511374,0.0725619936634634
-0.010072486728768652,-0.0031021369038311507,0.01240508127157423
-0.10793009871584675,-0.017511064111264144,0.017544746399871098
-0.05574520437792915,-0.029272959953535772,-0.008796390804376875
-0.039212615095700995,0.036942685676873005,0.07538184383481994
-0.11716953378152264,-0.07989137909407429,-0.004517358059083229
-0.004252492076291102,0.012954736227633115,-0.02564104927219588
0.04286917570412918,0.013006299241257676,-0.018413334439534496
-0.03798417106380207,-0.04074921122802318,-0.04903459007458752
-0.00240687302858969,-0.09240093686255044,0.038241289329257175
-0.014357491068917205,-0.09676847267241531,-0.11658682837913915
0.006016319718551391,-0.04429333531657915,0.036686474708170415
-0.040813199448066224,0.033208076512173064,-0.08510075274909268
-0.028057092147694734,0.04336723160474991,0.000565102563678737
-0.08154857686930213,-0.04659492715795871,0.07535423524420116
-0.004083311609215894,-0.06010854296657351,-0.047886194594669605
-0.05588160948970284,0.02230814661713424,0.04491041424150464
0.0214016213760469,-0.047694477928313404,-0.061958890828040555
0.04527245806522851,-0.06379380547308905,0.07008060101515753
-0.02246834210157874,0.015240246234534991,-0.011137867885037109
0.00012970015655165007,-0.11976793131322355,-0.03236843867629689
0.009348935579172074,0.05590983573075993,0.027598781796491462
0.021371403953971663,-0.008456971927296547,0.009716389638093098
-0.04090085111838879,-0.0038015980589247017,-0.0004435430258357756
0.030956297420928452,-0.08229854862470437,0.050022031792425224
-0.02263588242668224,0.0019180480590295507,-0.007088160145907227
0.009922813250612724,-0.024972260607845284,0.06197971533407649
0.05535140126117352,0.045853137965099974,-0.020910248506217533
0.04433987516367985,-0.0709746638089676,-0.02743765094627776
0.0023714118225542785,-0.0038819709922701517,0.09692432834149066
-0.0006036076008151241,-0.01993818450164376,-0.06653853926410647
-0.006869785442093341,0.024705064911269614,-0.05355163403338443
0.046109316721869936,0.027498036813679058,-0.023094281032000452
-0.037445184493743976,0.038161838684417054,0.04057973177017465
-0.07022333543969964,0.011564139754393849,0.011119826069954876
-0.03791883627926206,0.04827995189077645,0.024532631645019003
-0.08125106217682587,-0.10378564964290055,0.028394894944597446
-0.051590926471406034,0.02116895001485182,0.017751559398408612
-0.02940830127922612,-0.029772851984817383,-0.018009388913404784
-0.024254155382070472,-0.020247088840403025,0.04803346119073838
0.030909145012534237,-0.009233119878791336,0.11806583629450809
0.060776879048242,-0.1495586270330267,0.007241946960526512
0.05086875086584077,0.006124876589914259,0.030800674033210518
-0.04095266670527963,-0.05053933110098845,0.014797141227807073
-0.07044291784787075,0.014020166869360714,0.030440112624477177
0.02940069045736872,-0.003050068376540928,0.023859745364759745
0.014343077532919184,0.033947908457500606,0.0480462202314826
0.055748856904941524,-0.01751988892533365,-0.00564595152540756
-0.06587764708848345,-0.06803675232460993,-0.025076953614199763
-0.059889276644088926,0.012094750131979973,0.07495160657127867
-0.011884303804017903,0.005195832117411309,-0.04533892374679382
0.07384872476133841,0.09928927434102064,-0.02166996540780007
-0.05785304117799171,-0.05349694129368633,-0.03403508841162796
-0.01989470357160549,-0.058717376825120016,0.024249413117201656
-0.08894537818254318,0.045139189948406905,0.017622969303537447
-0.005159281729129018,-0.03318945575650918,0.09993372825953042
-0.02275466749352658,0.06475161823032861,-0.01970943171016601
-0.08679459569187997,-0.029044003017089308,-0.058576590562754126
-0.08147133058654626,0.010937109453014958,0.009035739513545865
0.014295585142177361,-0.017115820047117272,0.023170744171526682
0.030394458948957863,-0.01045990737426734,-0.051716420467945945
-0.04240738577478889,0.0340597064955853,-0.06856659230767945
-0.030031192460103995,0.024452917658843124,-0.13255591875025607
0.06785402569950079,-0.04263107331181378,-0.03730278543605686
-0.06781833936058729,0.04197941069387607,0.04783501348056959
0.03199064302736993,-0.09993106461631121,-0.030081451182166735
0.008170147153660167,-0.04463874266056392,-0.009442848075508308
-0.03243870941222746,0.07788032829670537,0.10467954286501883
0.01699637007717157,-0.004628068112473948,-0.014596981889260886
0.07291906305984336,0.030634306841735022,0.0009798842155886445
0.003892892513091128,0.05640278769394712,0.026581212481297387
-0.004243251162805304,0.0005032217896808345,0.09098366145697256
0.010486437429369978,0.09143052607124806,0.08123752227507186
0.026311868891404452,-0.021700209629305647,-0.066101682271828
0.0348943913460792,0.018130372079660107,0.09496711867403006
-0.027341678548845116,0.034327448357850926,-0.12214119911425088
0.038987739512020086,-0.024155713023082094,-0.020080154802129817
-0.004726926923869024,0.0035805991661724355,0.07821966139747728
0.06104263532042466,-0.10527616138660217,0.07462872215481618
0.11594746206068214,0.03104234412112966,0.10319235762259085
-0.002291813324254216,-0.01955099621562346,-0.032409594034289474
0.03374282369713888,0.06924860865588009,-0.03764361597819222
-0.07442802477099283,-0.06920276390313124,0.03159150465658021
0.058891518903037066,0.0358556328856736,-0.13304215135398786
-0.042313478879482634,-0.03790116953546724,-0.03502374123286024
-0.06578357377200532,-0.02558743197492509,0.03327902152702366
0.015078014391184467,-0.032477779868576445,-0.03777366548945783
-0.02495777655207228,-0.030077058871792687,-0.014820584342093898
-0.027469297049468135,-0.04490301800724002,-0.0042323896675714075
-0.01628555463994623,-0.008559838739336871,0.014167777266239537
0.051120749538416756,0.07291399947385313,0.059381952416875966
-0.020421419649008864,-0.06872221485822173,0.013990058361721605
0.03253179559402088,0.07212437958823845,0.017867640977059795
0.14297042992641792,0.10093450853251908,-0.03729955802898238
-0.10023130429082665,-0.00872196881060251,-0.023081350917980168
0.019669500496631322,0.009588202951263405,-0.06778391130465283
-0.02848600488541718,-0.016776348597763797,0.005165409319889874
-0.08105512635796643,0.014590409899765663,0.03668255980991993
-0.040748323583299384,0.013367406195106575,0.020893978706975486
-0.1650365437196211,0.02283789591661609,-0.04690979389421537
0.008307985678690597,0.0519732358608227,0.0810954796633244
-0.007081483168607372,-0.05635621306916627,0.03075478332328648
0.06294491191637913,0.10154607555797147,0.05142275460104231
-0.016536605974569282,0.08963614350808499,0.037805461308303735
0.023908803521993236,0.014800816775154695,-0.03326026992672963
0.06385507634167294,0.05460545678594164,0.021412776223437402
0.04802066657205835,-0.007915097130474029,0.0766605313490378
0.00010974428472587238,0.07374805436242363,0.011370258473430005
-0.05854732845759296,0.03215043904169266,-0.0498853240043744
0.11308139103587425,0.0997306348255117,0.03421344733030065
0.10690298869255123,0.03090860113000003,0.028469277849763955
-0.021843551581957672,0.03433168532399687,0.008668768638231811
0.016913238219712516,-0.033507345463600804,-0.0070075201039053875
-0.04587779826379934,0.04724855001441255,0.09377563023232308
-0.04084977253401072,-0.03329870231450471,0.05727109874092487
0.041875418209531265,-0.0076785408869636355,-0.01805430720918637
-0.03951663070061867,-0.05914179512169905,-0.009679331403798896
0.04101448006933241,-0.04838801008922749,-0.016419433863291352
0.03669994431346029,-0.05615567680674965,0.0002269615179573154
-0.04317727385296101,0.004157006541038512,0.034125084912031825
0.004390262839453315,0.0691266830531263,-0.05365643369645909
-0.03514934703956209,-0.08802539617185161,-0.013574544508522962
0.025229792338761554,-0.12797890099769174,-0.024133732193849497
-0.012161516580478994,0.02071558499988657,-0.03770571276724845
0.03442100744444136,0.03483935281270544,-0.10337841170881462
-0.0004096347937601365,-0.003918133539571076,-0.029071931230201273
0.015891923037485465,0.03587627499180263,0.091780974799463
-0.07456123185701546,-0.04650494981322975,-0.09613284965426543
-0.053467165579070774,0.036996532267862606,0.013876432288717384
0.03399950737142666,-0.08296475214866812,-0.04420417348881577
0.057395301952192,-0.016224081856190016,-0.018300655700867557
0.03231822634237541,0.08018464336314432,-0.07912412709085592
0.028244260211861945,0.19338810389116126,-0.014075658837168522
0.02413687528393299,0.05682161561190998,-0.026041325276200226
0.05433968573376856,-0.01759998048861714,0.08895087638510794
0.029916918907027593,0.0609908459185993,-0.03498987312629252
0.06201965908567925,0.1004310642843037,-0.02473326275602783
0.061850332383851216,0.02461777137218806,-0.06367955999925329
0.07552225084753104,0.083166469032489,0.01651292420152162
0.05449116143923421,-0.005644184181378608,0.004376132727947785
-0.004141868192383762,0.07079707931936365,0.03722069445812964
0.008953442461887891,0.10163965974631925,-0.03653516204772218
0.1072606350459221,-0.008620925070253721,0.01430557991156343
-0.034425810323090666,0.063771682118755,0.023095617625106868
0.04210072681065251,-0.07300221670502119,0.06483041637514667
-0.012615802489096453,-0.04361618429817937,-0.010636753514611862
-0.0837912381009551,0.06687583660869231,0.026071308556738386
-0.01929558097993499,0.031357841469422554,-0.038294926146913766
0.07247629972759619,0.010136027567210182,-0.04188915818913433
-0.03505702077947348,0.011777122833587585,0.05367317524699637
0.011923282185404647,-0.03558265635742936,-0.05503619034199566
0.040468970918139786,-0.04136583114408302,0.05946512917821025
-0.0666543223140335,0.027728946842066986,0.008310490213317909
-0.013250005248478518,-0.008735318380226925,0.08988692967590015
-0.032078508917711565,-0.0169457603798604,-0.05361341327129089
0.14199486529823155,-0.014044425392503997,-0.01107674038349431
0.08470992461937397,0.04568265230051542,0.024189738707558358
0.017746214334644662,0.11087858790589308,0.03443803589531669
0.014317358614047948,-0.003011089876896609,-0.013452759863919583
0.03832497440714014,-0.002521279069421817,-0.006085061886184195
0.00485270682977061,0.01294569131142142,0.07068574945902062
0.030019822039959992,-0.015697248304920225,0.04234664822392156
0.05113631555264664,-0.0459552071885359,0.03319714942316487
-0.010937902381060093,0.03677262677288726,0.10123375752151598
-0.06550823028105626,-0.008716986663426414,0.05275283562596042
-0.012406377711655887,0.029220328630273584,0.12946180743528382
-0.05692918593552774,0.03171973885483661,-0.03684007271168288
-0.041256146416319264,0.045580219551129626,0.10494152836355293
0.1003706116742537,-0.08381420631349076,-0.0143788703985194
0.030782412129628327,0.030792575216624093,0.028008004081404143
-0.10236378580976896,0.04532206231212524,-0.008271335495356143
-0.04593860842103599,-0.024472146806924746,0.055833367535019995
0.01923395919713698,0.14337599427649678,0.009941006599663032
0.018740202457444566,-0.03790555746659703,0.025566436160128225
0.0914676440418512,-0.01391985056701181,0.0714442261468087
-0.03368758365913248,0.13216547997112307,0.013093024915995535
0.03413535560953919,0.0296899162749105,0.06556567543554735
0.019831521257512516,0.031078415044414994,0.05448067024765889
0.07255929581400164,0.017744031828305654,0.010106700201044705
0.028315451132044492,0.02073937673477585,0.037011413730202225
-0.0015003411249968693,0.011732584039770648,0.025492588289638546
-0.041874708155590114,0.12701537851824615,-0.03584905972011878
-0.046778349502613115,0.07794556741581306,-0.0626079647805443
0.043252291065969305,0.005589630966983129,-0.05726752918499011
0.01993399245166135,0.04274973461439143,-0.03983225860391213
-3.635380642380906e-05,0.08883855611482125,-0.0054742893463628865
0.003315133097039829,0.05510211296340277,-0.029424240728849495
0.012334455443216898,-0.01908243623088357,-0.0025472896365447764
0.06546146422646873,0.006168714456026082,-0.08631369645395622
0.035559272056379015,0.08525562623105318,0.0077011772789279676
-0.018931372960036986,0.02277187886280395,0.04631849505312934
0.04015232629433854,0.08090555165842472,-0.043589370348693736
0.052081158479084844,-0.07659941822251828,0.047162233505169154
-0.030067741383747303,0.09004125842318984,0.04341156463501972
0.07432385874820874,0.06709182294359596,0.07592515734275969
0.04101378794065973,0.05942956907260799,0.04408216456142516
0.004233897658684711,0.07781588506752568,-0.016052805127105295
0.035037736708468256,-0.028171954043221325,0.09785898867600473
0.0631490111302089,-0.07898754907408231,-0.085294979319749
-0.055283732912434616,-0.011954521809971811,0.04043987159937802
0.057871204561791886,-0.08463088498401515,0.041287839466723146
-0.0016964587267030602,-0.007272119889935556,-0.09242699402746037
0.03334810455585136,0.0073115675817694015,0.0037094051546873
0.052142471577665384,0.07828992626383222,0.0016350164386248166
-0.07139153332000245,0.059647646819550246,0.016591789900372536
-0.04065218874915234,-0.008185691791417947,0.0683883016890535
0.09341204215570492,0.009132359598246799,0.013601309737643518
0.006714938198977286,0.022358648901130818,0.11431809050095669
0.04832551324478321,0.05205283514372747,-0.030768027249171062
0.10172219796779865,-0.018816833508984953,0.10672604023932113
-0.03823886227479246,0.02119963260690843,0.04370537453713994
0.07825550279336792,-0.010936358401670489,0.009303352209800383
0.04503204309045725,0.1399158704438909,0.016535994058655485
0.056107015123479015,-0.032214756290719015,0.08732993408950972
-0.041986499492466495,-0.005245961736293169,0.005776448158069044
-0.033841051513559706,0.15312497316305185,0.08089521995933904
0.014359933994825422,0.022290582005400076,0.06412458487062477
0.06217452167667138,0.11894203686781765,0.009812887246033785
-0.026986126232384947,-0.015711977017513725,0.01612414254399591
0.009411444681345062,0.015533648430829364,-0.02655537831269305
0.015691704807628774,-0.023530751195159808,0.027240152893478198
0.0217070685034007,0.023488471126068965,-0.062205662396098454
0.08293046679289207,0.10441691229254851,-0.05151919972299409
0.02056166127875352,-0.06723765802249365,-0.056270913540509594
0.042565136617313565,0.06967009805527408,-0.0318155355865894
0.08506066427344111,-0.06682354324097817,-0.11073367223451686
0.026186289749992167,0.009926856619106635,0.07622237016829189
0.058913876918512964,-0.03240636506208992,0.04940763469992506
0.037960296592337094,0.08028828444972999,0.04020648677847001
0.01539344076097107,0.011038629778253518,0.016403804563442235
0.0227490038137739,0.03216810748356723,0.049510471478772244
0.02603418771426608,0.06404971904773177,-0.07402269895989937
-0.003109720195529738,0.02993637383201469,-0.005752407102884237
0.025651969779432994,0.010123019172951716,-0.04065737266447764
-0.03208722131875423,-0.028401470070725746,-0.03445361812909381
-0.02697272386851115,-0.05289156931475317,-0.06070369775242755
0.03310776757886723,0.03255094188772739,0.018279859361358747
0.0961324865221666,0.08733248478819092,-0.0009543153454897313
-0.01118902589671328,-0.008102145082058058,0.0640882807351372
-0.057648171313168385,0.004243628545798775,0.005971480001375715
0.05870150961848984,-0.0030822138972661506,0.05420208257637353
-0.008889857389940019,-0.03755805090858882,0.1099088624553687
-0.03438143139991471,-0.0061511775091692596,0.02658791713195889
-0.04609830733236425,-0.010300684036815529,-0.032756270993113616
-0.014857516463253458,0.053163766521817396,0.0669933675639229
0.03572011599531481,0.06286900186647527,0.045354774865416746
0.04589599534810758,-0.0004900300746821067,0.008858186114016703
-0.09713209222619772,0.03882620345363362,-0.03356722924493802
0.05500464521232075,0.027267547930868906,0.036275340958235355
-0.04006008353241346,0.027939640785571214,-0.08148192680396864
-0.0033602801862860944,0.07056843778568503,0.0038583370605807833
0.033753177259875596,-0.04930282032472548,0.0031356144334619106
-0.009725116676124633,0.1519147339207759,0.01590685948168775
0.0767560936241315,0.034406968882778624,0.0866729691831897
0.015555415895000733,-0.045366625699595674,0.053376809745984036
0.039539179498701046,0.09132247990452913,-0.04277376585457372
0.09653628393279437,0.03600606118416375,-0.028416193466539445
-0.04620614179000164,0.04656953113463623,0.06430771037614
-0.03292181521980428,-0.08858921495631941,0.05661553460142779
-0.07357476364675186,0.09362480224332131,0.04647358875856637
0.08247768511232105,0.054095074381576506,-0.037471096913405874
-0.010656801506491755,-0.020741496884459042,0.003815886575119736
-0.08572165564865107,0.03252457362609366,-0.056702048547999206
-0.068227457870898,0.0005834387644615717,0.06791176848594045
-0.008345028809883262,0.04083801404293373,0.03174556306842988
0.10745491657671657,0.07374606677868183,0.023923386663770314
-0.01389847267765931,0.035509698217157146,0.0320362443873553
0.009744587573660738,0.006523967970943146,-0.04904086065344482
0.08963722356859712,0.014652108636580834,0.01480849029566703
-0.020142569648433615,-0.008576417788396549,0.0755453412939481
-0.09224613027201567,0.023489673247788233,0.111867128673495
0.03662180697430202,-0.017246709673769737,0.021193741459273087
0.036487634789509976,0.03675418557132806,0.11963320630654722
0.1186193107722068,0.0424524935686316,-0.04124678390429885
-0.0204934081793708,-0.13706966588214914,0.06983584190404551
0.04612122444229229,-0.030796932403097412,0.0920037693514248
-0.028693565066964598,0.12028984932619369,-0.06069973405361008
0.06626542563627677,0.08773662213628844,0.033394288022229
-0.058572915318611724,0.02852396881779017,-0.011805633065637955
0.12405964792638075,0.0028474680201607287,-0.07432856339343843
-0.00740760845970327,0.04033713554641988,0.02479934181116197
-0.07094626211354539,-0.02225714068978493,-0.054505127106708504
-0.034843464611831625,0.022978554530996082,0.014020694168718408
0.008522391616370648,-0.02103696360135637,-0.011764660730084284
-0.02076152650105269,0.031571277307872486,-0.06362974483594065
-0.0033355522053115007,0.03871269194721694,0.04516615519803765
-0.010625271469982609,-0.09300329780222537,-0.07231139130108723
0.026020068429436025,0.0631160255605579,-0.022088284759792475
0.014007686107709886,0.009692625034133434,0.1443052314049183
-0.01605193511270462,0.03192018980367965,-0.022796974721949755
-0.004767142630119923,0.09990839871381638,0.013499739701628561
-0.045723618566617,0.009246552157754105,0.1025422990446983
0.06363619164396579,0.06480587112694754,-0.054839633521075765
-0.044831878068822155,-0.007884225697315374,0.022525277073818434
-0.00033115836996782224,0.044379754021858425,-0.03512646692850464
0.0390361114048309,0.011229275981976889,0.03615559652086242
-0.10361391658793162,-0.004846815617544464,-0.0014210903049210767
-0.023514579398872484,-0.0064490954354864145,-0.021770650370822688
0.006941680998390756,-0.0283605325915041,0.0351186346262943
-0.10760983936369438,-0.020329082198383478,-0.023087186694558434
-0.022342232241617743,0.1060068807057116,-0.0017939473525314404
-0.06028039871073114,0.011997654288661721,-0.015229434004699186
0.005145440972060842,0.0574390390602533,0.00606286141360497
0.004024764990405364,0.05623382111613416,0.05261074017698397
-0.02638143324628085,0.01049480258759396,-0.02775560210860217
0.010228341276869817,-0.005913521344458052,0.04032871618058403
0.06515645043397836,-0.05867836981489907,-0.047301309808523796
-0.08919034576524958,0.03519196802028363,0.08170715989799857
-0.033015267439502796,-0.0315201663319516,0.034783801407373215
0.09342299804932165,0.0014143126508661431,-0.08483949822351876
-0.03513027240612962,0.0024350168017037346,-0.08796833520794407
0.03018398670638584,-0.002030000158687994,-0.052396237748151435
-0.03234748043457434,0.01881802443743312,0.01593160834506149
0.002399870111659726,-0.027145299360694604,0.0676458214731682
-0.07824838285413907,-0.13638901272121262,0.08589344000835004
0.06237977662726952,0.007585016962848181,-0.02261492767963633
-0.028553560108521968,-0.046239102012694856,-0.04053161617490165
-0.018103469225986376,0.018264131837638115,-0.03993513661646218
0.0144042908052431,-0.030482757993123985,0.06479378727681802
0.0015879605476676814,-0.03411332778797351,-0.022153558561618197
0.03690835911725098,-0.06790361011420284,-0.0026070338814126875
-0.06799537991337691,0.013126227206960758,0.009585123739991933
0.06295276314985071,-0.012029533788277614,-0.013314160743563327
-0.01598173234288342,0.025039927344263184,-0.02273156604700351
-0.01472052551121622,-0.01183261483450681,0.04755546863997006
-0.029730262566337446,0.06393782932354786,0.04237043931714865
-0.1094518217204075,0.050774800125487754,-0.015444586961936981
0.037714229877341035,-0.05658033737062607,-0.08001796149586692
-0.0611367537815134,-0.050798215565458396,0.03352578254334165
0.005038123751438596,-0.029467086060949846,0.04155262293054314
0.020197208055421197,0.05769295731281687,-0.028700689353279865
0.050582443515357775,0.019910702147137704,-0.0283546035250153
-0.07228489985172121,-0.008436869936811605,-0.003717973190869476
-0.07817898593490467,-0.019173613550939217,0.04026157466577357
0.009731648907566611,-0.13790590291765137,-0.06485992580928454
-0.020452110077784587,0.038129939573841,-0.01324498448189687
-0.008391097945692209,-0.016572301653419004,0.04556568846759075
0.024329397672463074,-0.05843459409362373,-0.049168353239152585
-0.000907774546110008,-0.07706538342906329,-0.00877556837467248
-0.004782207603478944,-0.02460205580036757,-0.00922490048392486
-0.06094653767802125,-0.14114564931816154,0.008546562049184657
0.02305213624894934,0.046936562132294204,0.01813752761745055
0.006697008545890245,-0.0708759284474488,-0.013444621815244731
-0.0642593358177505,-0.0378270413890399,0.027299149005216274
-0.03719120168193614,-0.05071713506255546,0.03406480184897072
0.019295336392147602,-0.030031935336447366,-0.0319521017411069
0.015393058383972518,0.05259609918088754,0.04361526593960881
-0.05978461434613222,-0.03821299505655078,-0.0017744033898390802
0.04539496200135177,-0.052857383911769015,0.027480708322967368
0.0628186498623804,-0.03608730236406561,0.014239316199630304
0.027744883610349443,0.030445011019717548,-0.05121280889604003
-0.017625638990299303,-0.08878931597209311,-0.013185903695450845
0.04422066204996684,-0.053192403152723264,0.03907983243544442
0.01616102596137679,-0.11476756436424677,0.1122419869210197
-0.06408512319775764,0.0071794712367291985,-0.13565495173058997
0.02840755337702877,-0.015543353479117167,-0.06495656913784423
0.043712852005180464,0.03580430978142782,-0.009955395047289532
0.10582666757592012,-0.08743708864735375,-0.027496524183618712
-0.09396886719202449,-0.039354233525064106,-0.0581213284155582
-0.06622131882350134,0.019959417366281963,0.012233315040587927
-0.04570646682323251,-0.04730146015414936,-0.02554116451454464
-0.05382244031818456,-0.021404903687244833,-0.06865284686797525
-0.1477342724162529,0.016316946799368105,-0.08647999697834904
-0.020736624432865478,-0.048532539059160947,0.042197320091863624
-0.007050184170133155,0.0029282444180837967,0.03614174086295339
-0.11393365676293589,0.0159459033033437,-0.03180228513035581
-0.0029379861745619934,-0.013106324464546862,-0.03791223751442793
-0.03269885750148724,-0.019877636668546785,-0.12191396862109792
0.049045779961733774,-0.05628051675694683,0.06084886950174484
-0.030579089244996673,-0.08778105773068752,-0.033906628961164656
0.021849256189851972,-0.036820053621952384,-0.011490237834506657
0.04917992899941583,0.003943401323648045,0.022151463203912154
-0.02224003718758659,-0.053261287822156035,0.032669693939540334
-0.07015221389427079,0.059893739539421474,-0.015073029629910781
0.007622885927179648,-0.005505581568679809,-0.05280885113900192
0.053281346448570285,-0.024969339906038217,0.020657316686671524
-0.03103011236479761,-0.03630162079409347,-0.03154101030878145
-0.024606398058567784,-0.06922525525510706,0.010446971884234102
0.01474958589640667,0.020741496089559757,-0.008381480518407092
-0.10324603452483755,0.0047016502863539145,-0.02375947413826634
0.01472697343344867,0.010019371066338604,-0.07348201316672034
-0.017252517732769063,0.01979868749640364,-0.018412032753858144
-0.07669343265787726,-0.09209573664320016,-0.02684231694932482
-0.0005337114911645215,-0.09155315695655564,-0.08207863118030309
0.010427330096207096,-0.018831050902640693,0.05052714879653636
0.02596334061780081,-0.1709822029458949,-0.057178199459780824
0.03856716769400227,-0.007445823795591418,0.0698174321936631
-0.0006658249595347318,0.03218449577541869,0.051057847763300614
-0.11330987854194022,-0.06410081813020782,0.0022605541938354734
-0.021323556327753415,-0.05861885612107345,0.0744886096575541
-0.0397038401549863,0.0015777512644229857,0.05016498029598941
0.09434290324524001,0.006008252360223995,0.0974982209334182
-0.0023130155654716364,-0.05618005451669019,0.011833618548369833
-0.07794176072098875,-0.012485814850370702,-0.11272407790578971
-0.034990490445695126,-0.036530724407166724,-0.0200338805906755
-0.06499415386043356,-0.023605975741635463,-0.09047592440760345
-0.010590739494434577,-0.05177703540868579,-0.057877402609040354
0.0047437149614745905,-0.03270402635494804,-0.09032216989049217
-0.0891469161228345,0.03837337182818182,-0.03505245981201718
0.0007895568195298193,0.030994752251395453,-0.03940145109498213
-0.06987566521643368,0.0025103639038067255,-0.04775601873539223
-0.05649143882062284,0.045325884956399914,0.031290085171944496
0.02546407960647804,-0.006708153557061208,0.054445235840310524
-0.04592082289826775,-0.004354065187171406,0.0779132712771115
-0.07940328263822621,-0.013420902492597683,0.08511282238761894
-0.0965677854342451,-0.00880624407237933,0.013836126990313474
-0.025955749486044326,-0.05504674885378452,-0.038651043343795544
-0.053915700509339665,-0.02256174237981394,-0.04186555461832797
-0.0942329438021524,-0.07254786224593616,-0.06445297972499466
-0.022080623449043404,-0.03154511530610318,-0.06001103036737418
-0.0403410699600616,0.07218487506539142,0.04533139246735824
0.08647693232443854,-0.13424784927619487,-0.14842849722982415
-0.0131060175309111,0.01266904077417751,0.020535056373080392
-0.06439563543012913,-0.11574830480849349,-0.13662465835584722
-0.025650300895582043,-0.07134986535064833,-0.004663852943065462
-0.04589077192063325,-0.07140097288512469,0.030566355637454082
-0.07385062997274444,-0.05096569383462084,-0.03175112689081418
0.003704124369914453,-0.008173858650226391,-0.054607763998047607
-0.04467821568593157,-0.012898680228054666,-0.04207580623206099
-0.014586092276775087,-0.005951357257711414,0.009001053229724675
-0.0788767727603858,0.010646638996137964,-0.026649353154686382
-0.08451447846374864,-0.03705793979577669,0.017433194914212653
-0.02644421803208951,-0.005137450221537701,0.0660864807756187
-0.07702494034182276,0.1015311578504697,-0.05686143301972736
-0.016837986869104322,-0.04763411216522262,-0.014361009028270484
0.013541671531423667,-0.011271958135042143,0.009503073481285582
0.126273003986303,-0.016017029799736012,0.035378589633995185
-0.05365071918075623,0.07999046936484513,-0.04465125659250796
0.006142381779282523,0.043750114965128206,0.0015415179628147785
-0.026378275802556053,0.11537032368992922,0.005864790371888178
0.0531669319767542,0.07054549046511327,-0.031156259823533414
-0.09426562494191293,-0.018423158409133437,0.07218320192840617
-0.010842341619321069,0.012782571359410999,0.10927164373623176
-0.010157902578360007,0.03300932290688839,-0.032219644615933976
-0.032545294727366766,0.07550284276217095,0.004987280521004675
0.0024928843646647037,0.005481206100527195,-0.08377844701875575
0.01261791931506486,0.003140982596495744,0.0005507355416618214
0.025876394772768138,-0.030068500973594307,-0.029807349263572768
0.037924624999024825,-0.02856892380791378,-0.029719174593712046
0.023121283182846078,-0.06775679703177206,0.020052205340855847
0.061373414980158955,-0.06252905666172862,0.10360470100291808
0.031307134915103015,-0.08466996804415428,-0.05033091535788699
-0.01711854754886269,-0.008689420712035583,-0.001089146759333387
0.10466883939921467,-0.04225614722830339,-0.04561175008149188
-0.05611132008874946,-0.019923514038458826,-0.07373675205626368
0.05223392563584256,0.06441923227702612,-0.06951702494082487
0.02594497404452705,-0.014723109274809111,0.05630819565757573
-0.0671743799010645,0.02811891829450498,-0.012472009232308236
0.050341454488017516,-0.06218142165331022,0.019425426893575584
-0.1252061043045559,0.053430499473871296,-0.06182737816742935
0.05542547733726493,-0.08350101681254761,0.053785631812500685
-0.023626627603609836,-0.04550526504387585,-0.0419277895655826
-0.06178436688634288,-0.018090282518678533,-0.01577570840954791
-0.07181872497771115,-0.10472843492997612,-0.11128679589994532
-0.06561975010221963,0.04915055173986886,0.0007534990655510485
-0.02015066179695773,-0.010470887835918994,-0.0005748834947334781
-0.058278776040612545,-0.015458832206366083,-0.007734257186721816
0.003500729377008698,-0.014505518862279448,-0.05808974653852359
0.0007694666961061587,-0.06615962013616054,-0.06087584852678264
0.029789230533514156,-0.004015304354793371,-0.03677931045239631
0.004661883217153103,-0.062233918207044756,0.03078201434510301
-0.09868209681764079,-0.03648211658520266,0.07409382419628022
-0.004903123622373367,0.05192571814467211,0.02384393270550291
-0.03343819722783531,-0.03283210212115385,0.01540060902590411
0.05107053553450622,-0.05937393930383712,0.07122572638202675
0.006913993488654701,-0.08303632791974672,-0.1094242693825709
0.04129723134360205,0.02769821140594656,-0.07736644153269631
0.00963861876411207,0.08701708678157946,0.03656262360812173
-0.017693704124860588,0.046188058760763616,0.05543576500950796
-0.017109075503252184,0.08583421620049325,-0.006578313080036934
0.061130172747792776,-0.08576198655009569,0.018318076602744288
-0.054602879634670046,-0.009886894566999205,-0.1605297828214165
-0.10787756672219978,-0.016405576711670346,0.008603180158223199
0.06796660418052103,-0.028256486994722194,0.015593161682758348
-0.00814420887255306,-0.08044206976674072,-0.05402382313765683
-0.07504612861410209,0.058722512948681076,0.06979541430733373
-0.008009618322709475,0.003596403399174252,-0.07363888357034837
-0.0664771489880888,-0.020647654170834213,0.03113186983265141
0.08080054062792257,-0.017198424417460695,-0.002270595679770531
-0.06281362866949158,-0.0712414646874673,-0.05224801263837562
-0.03785056362181629,-0.003037596282613998,0.06071178592187628
0.018211009664045215,-0.060497837810445876,0.10255453476906438
0.08557799815440983,0.010171042822841933,-0.05686183948471339
-0.08767943528426192,0.008792011984295713,-0.1302536053615147
-0.05859323656690048,0.04165945481111507,0.014160421177012671
-0.10988278336870771,-0.08452115941542758,0.030775955848314544
0.0010548788623190315,-0.06918698554350909,0.020381161840454846
-0.025835159744700152,0.038216788952426056,-0.08592355683860613
0.022612195339258984,-0.021555458855390505,-0.003931526630833151
0.02905261540009924,0.019991286609236807,-0.028316116515844668
0.007390882708697699,-0.07184839909952391,-0.08085892793714436
0.00538066529040962,0.0424816656206035,-0.04798617304459649
-0.03198940484016725,-0.010375890374146823,0.06665229411967961
-0.042991579089451164,0.11084516052913113,-0.026798813319372148
0.039082031143711025,0.07388669183488285,-0.0199109326078412
0.10851391034076874,0.028058735538051414,0.021211731870117944
-0.0030170350733498266,0.01808317688454545,0.011011477230489994
0.01654499551072071,-0.029617798008983922,0.00459083104052534
-0.00242036083233297,0.0010686909755142806,0.008198099316672366
-0.002703900378785561,-0.024180261233992275,-0.07139035037222569
-0.12792810076214947,0.04363414885405449,-0.0183209542077916
0.011583696025600339,0.014057341725696733,0.08669802518720199
-0.027721541483363997,0.045599295477485896,0.00958555394313705
-0.0740976235399384,-0.04531121081281262,0.02759244915880506
-0.024520968091400787,0.037575856342883684,0.02361351661173631
-0.049592147264403544,-0.06134514673118474,0.0253102153489748
0.03253776143530998,0.03600323930477735,0.020915368704692964
-0.04961979797610088,0.055508129438774076,-0.08367362227163998
0.11840383106304707,-0.03834760748368158,0.058445889742279065
-0.0517549485147642,0.02334791414345938,-0.017316041042839545
0.05489299694835307,-0.07862868783814193,-0.027278447442642566
-0.05611958794780534,-0.0003131721033566657,0.03282923322985556
-0.020577309367416974,-0.012533884254375476,-0.05261253596961004
-0.0004897435440679269,-0.07980320705048181,0.09132482189267328
-0.030662543014419598,0.0646173341348889,-0.05303913540831701
-0.013005225752481775,-0.03920060504615055,0.032946866243995676
0.06334454217761341,0.0030126401817298625,0.009587341695142568
-0.003974950039416496,0.027501285434220174,0.08177729047610917
-0.07936596693111371,-0.02056208806113599,-0.01560254115788643
-0.03540446959627007,-0.02112083219122085,0.014411179242256645
0.0347490483623305,-0.0010885413883858098,0.03194337278510721
-0.007892571155794663,0.009047833093855677,-0.02721017122984136
0.020732945029828573,0.006052083201398424,-0.00712226205712359
0.034037642379178355,0.02215668958326316,-0.020706711600764392
-0.06807067255410162,-0.019959445289109784,0.005476021342529502
-0.05174768407236316,-0.0031520816872055678,0.058098069353999034
-0.008193166350514855,-0.04142476587074512,-0.13897506610888877
0.011523554678915207,-0.0005401710497659074,-0.048100583929013715
-0.04858646596990472,0.08311680252189613,0.019948508286876394
0.016528329297840514,0.0031923000494206138,-0.028605224090813015
0.03484157081391616,0.04615685670932436,-0.015495439920472573
0.08761731652953568,0.028847375482077768,-0.08364601960255644
-0.031036707232693538,-0.04850954972035269,-0.045639631102293104
-0.03631754812547087,0.03354984664880276,0.06523421249008163
0.05375921453952197,0.06092256829489051,0.05978752468440729
-0.0430614909196772,-0.05760488634509604,0.01815094562588452
0.03241808920184236,0.046320230798016615,-0.04462144554815785
0.04605941108292833,0.002031751550386979,0.037651685329399276
0.04842477870750116,0.050860259332443696,0.08627855109848241
0.02799424563694808,0.014494616027139516,0.01909230666606515
0.05878974204052389,0.04393472609918187,0.08373017241011362
0.006404441931444078,-0.05388261889504663,-0.01493374606130205
-0.028425530644371547,-0.0265932239109581,0.026578241118998973
-0.0924897210120848,-0.01844029236360642,0.010004469187034114
0.08083023725067612,0.020449793596466776,-0.009500013392960803
0.015263571522430719,-0.006396343463782617,0.05611436305092001
0.08537198361218079,0.008064493486477439,-0.017515977350842357
0.0019237999302475512,0.05754336981254218,0.014087465862533184
0.024276662583337924,0.011950955297838106,0.028578410167419983
0.020065309109002016,-0.03710826076342136,-0.022297629911050935
0.005989837480440307,0.15901236348371098,0.033792394503411975
0.010347413566667713,0.12022600202986797,0.1089696897502149
-0.021635297866171306,0.018079403386695378,0.05280936335383422
0.031666543916671806,0.03995825664687053,0.0950166670678016
-0.058535166454705106,0.1243920580915244,-0.001088161612849043
0.014281839237325275,0.012826324891802767,-0.0030669172406910007
-0.02985595700953167,0.05888569057859634,0.026976344759021647
-0.014902992174156707,0.0066347824126663825,0.02075370946797245
-0.017616288819031566,-0.002721971335288644,0.024712882072692753
0.010073682070281097,-0.06125531634526332,0.04839492566266432
0.020864208196564503,-0.007055948149238163,0.011132989355603161
0.056952732845579224,0.09641521562186209,0.009614282878174374
0.09311448575761846,-0.01526289335108674,-0.03952079769307697
-0.012332189052771867,0.12042346958656985,-0.008203919100544903
0.02327029972086867,0.0047032996976121046,0.004354872091424917
-0.05748342742523646,0.003404691713147133,0.12798078413112107
0.1159442634122671,0.011099610244655497,0.022570830995903974
-0.0756779246734735,0.0001534376314960735,0.0957434635805644
0.07310812774252205,0.07161839094151339,-0.037144423059983916
0.07006660516683114,0.03552983330644953,-0.012536235265614617
-0.02462084800544684,0.04136103376520853,0.10065864807920727
-0.09561871689593426,0.059984203444758855,-0.013330675977112665
-0.07414450153135399,-0.012625071664764467,0.04233670477971208
0.03312382076077042,0.02594618623321197,0.09672713751718544
-0.048455207084058004,0.010725493563103507,-0.08284646769408222
0.0453969246621494,0.05823638264444886,0.009226128346813783
-0.021443833068713277,0.08003002190609629,0.08286702814612545
-0.012491673813069211,0.00027262211117104126,0.003740323812129801
0.0573372121461852,0.050267777258578075,0.00311964320794874
0.06941718130642938,0.05697824116956082,0.06452226972869905
0.02815312903319775,-0.05210747143920825,-0.017734658082498196
0.06305751551559058,0.13130588839305968,0.061054726358367686
-0.045322790278398674,-0.054967127156925984,0.055624650608886245
-0.14362575548554202,-0.08186337714036994,0.005491222441277451
0.07021196092043001,0.005874014727211857,0.005031064364875937
0.04569808794577522,0.09934616133354272,0.003617316867601715
0.077388651324799,-0.04379181719365656,0.09521005843586117
0.03794991989630425,-0.04268255563689607,0.05433683187543069
-0.10920117125283964,0.01899111448412453,-0.008132547142401022
0.04155157445919849,0.01643868137605786,-0.03167759131202896
0.040663602132596885,0.048285215075307614,0.019053063615629844
0.05071068759721951,0.02443514137710161,-0.03796109848782644
0.07717375446856588,0.04689568174710012,0.035252226888123385
0.18113812525978568,0.010766220202363721,-0.051387011746329175
-0.023608627024220306,0.045185811118117855,-0.0050281271565942864
0.10070877190275318,-0.00011044722308575436,-0.07436957150269183
-0.038262594920760326,0.030089343615509072,-0.004680469179123514
0.01110591648264988,0.020285648423898208,0.12011760552750894
0.02951883395305955,0.027967229353719505,0.09624682580415261
0.018649407329562908,0.054852805809063265,0.04636251657146605
-0.03552142554627044,0.08396071667351422,0.05504046790894404
0.016172749517835695,0.020879345592622243,0.014203079694586057
0.0893165585350498,-0.06579800730071877,0.09275694204226145
0.04345347911675762,0.054918217647482004,-0.05626222365956601
-0.044128179012579385,0.03340680215016831,0.022065158033878096
0.038985606772633755,0.03845209171806058,0.01172694728285556
0.1474346943232758,-0.06967331768033701,0.043783688939673285
0.09977676345311877,-0.025110402491567613,0.04958527866510533
-0.0317806130158231,0.049316167156163826,0.015041020712063768
-0.01270173126357272,0.10987692162446387,0.016944917019672764
-0.04063526346045086,0.02671270657506549,0.10997910681446292
0.02234935807525234,0.06197469835889792,0.08886127707580567
-0.002974848136736548,0.08765975141782892,-0.026603923341254776
0.08492443300469298,-0.011365935157466284,-0.026607450739295928
0.01445418347976795,-0.00290749658470954,-0.009023822065351777
0.08894866539826003,-0.09036007211508207,0.06485438317663343
0.04373416383159911,0.060456357681461896,-0.028208751914382657
-0.02643003572159847,0.016032522741944628,-0.01303077878100313
-0.009721389701561216,0.018919662138302894,0.0414427134886811
0.03260689708998932,-0.0002859701479704796,-0.026429818333540023
0.04321530295773847,0.04468645127098865,-0.007016638795305716
0.010317798197042469,0.07739450622752773,-0.01955835722548971
-0.06347474761715699,0.048177453267114055,0.07931565952650946
0.03197910593860701,-0.00516986884280041,0.0018582857266582192
0.11868972096074197,0.011270161198650607,-0.0410992767750334
0.049266310143598946,0.027342752841919237,0.013808601660633985
0.006037701785823369,-0.024660581679086094,0.013407843973655176
-0.03984196041634963,-0.028684948689155842,0.027842153726323114
-0.024553387032636882,-0.06966683431547616,0.05642364073021928
-0.04263230016701916,-0.010257654970842162,0.05575475667495168
-0.03211873273088406,0.12396821680298041,-0.01020014172115544
0.0456252796369484,0.10467251082147168,0.05411293814488689
-0.0410645361643229,-0.055043163383625825,0.09010833263233337
0.004569001125164021,0.062195821357249235,0.02055803248630809
0.11210517620300114,-0.01863094333465211,0.07872381750997018
-0.061710283781332705,0.010636829683143003,0.1037007592268027
0.021725481248952842,0.013724810548739896,0.01339786759648569
-0.010141493437714878,0.03581731110412154,0.021017224564434278
0.15310624032111442,0.0015033681242999277,0.016514811022488387
-0.04209425668110243,0.04860760478364112,0.02082914605585709
0.04605316610799431,0.01580248078427963,0.018034086008183525
0.012763107553045036,0.0073987818985271235,-0.0167625990663616
0.0037533693969091873,-0.006683262668638543,0.08752220687755893
0.04099642869347917,-0.03408948945788434,0.00747496415595182
0.029982120382076177,0.029717290219500012,-0.011483503344026775
-0.026697810189544605,-0.010929898921415078,0.04280185019830738
-0.011731061322736262,-0.025735370911764085,0.11149001160537628
-0.09455801172443831,0.08199191241704039,-0.007138247392796095
0.000881726294887461,0.09582389083751602,0.018425918230780155
0.037255650948764284,0.005434195877164487,0.017157019026681732
-0.009149304633762949,-0.014398930962065633,0.039855079285600586
0.028998787032201875,0.05217781705225943,0.07427455357551822
-0.019565034838254988,0.02502633377195563,0.025205100939344333
-0.06342545490935818,-0.0017033136192371092,-0.02176648473514855
0.08105951952632003,-0.03417490123858111,0.05545377446715069
-0.010621458393011823,0.10220240892698694,0.041290868007445
-0.018535235075939238,-0.03615778136358904,-0.00924172370560773
0.05674009887519796,0.058648307820274165,-0.0036184749012484353
0.021199385670681414,0.034905469663292235,-0.043034771248914194
0.03269622534758511,-0.036708296716062516,0.09764287073449764
0.010757052116491334,0.034651070547171495,0.003658373473857614
0.017058714611786804,0.07366065260343616,-0.06623841744147921
-0.01102924169192975,0.03763707492694271,0.023633537214673685
-0.09375311272527993,-0.015058563500113576,-0.008717704586946484
0.007294098788931855,0.016310382950701426,-0.06839529751998474
0.08178827063808022,-0.008671928351192694,0.11322225001317489
0.013698854047807792,-0.03543062635914105,-0.03311024311982273
-0.04041208622746709,0.06636634082550164,0.08179951065836782
0.05745071911034878,-0.04939283051387027,0.04086448801092864
-0.0034898458357145133,-0.045382086431494835,-0.002699790594318116
0.054491379442662226,-0.035338159891737206,0.12346441074976364
0.04962610067429085,-0.006261457874747364,-0.04188739396294347
-0.03568738868152251,0.07985078632088977,0.02722556141351489
-0.04514532353779322,-0.060642578793077336,0.032295351148891066
0.03924724906725376,0.02511166683387797,-0.08529658825144112
-0.02105330266149345,0.06124958884054078,0.0675481218585788
0.011647443996033124,-0.0659839820003119,-0.033975218927570966
0.02778553023889939,-0.07045971281318672,-0.02912915432378311
-0.011207371848429175,0.0036283291539347604,0.04888789091168878
0.05174108142215682,0.08158941789978522,0.013928352034516518
0.030526775856254382,-0.028252703548361267,-0.09570312094772312
0.05584887357732849,-0.10746773107893058,-0.026244093712670682
0.023887309201662894,0.02159651034651038,-0.03288584933196626
0.030623872556494732,0.0035504064603343937,0.04519146425645085
-0.09574319236524316,0.010248527376126446,-0.005033299893719251
0.0039579970211637856,-0.052809854695195314,-0.0469311958766283
0.016798838118227345,-0.08134026185302351,-0.05341506551428123
0.01020755954334254,-0.023235436006721122,0.05862382509762133
0.043103466630158786,0.015515673547061088,-0.02068873389708929
0.010515413229770532,-0.00924979455038858,-0.05682480364253851
0.007502405974583811,-0.009977898801951164,-0.07399068535571644
-0.014514700669189284,0.04252732655613089,0.04275241977331745
0.025097482826596556,-0.010238612011596164,0.046003798735569486
0.025174140844292738,0.10417686521573845,0.007185440141016996
0.07712712517842539,-0.07607028782476351,0.009352579536209799
0.004976519997717543,-0.007794275079307618,-0.10621271114395647
-0.034803702140775584,-0.015153266412707232,-0.0038720320391602047
0.05488999417429943,0.08481450834047029,0.005770138754953258
0.014881502408269437,-0.031022267710012645,0.04990309212028435
0.041379899783189046,-0.039839864435049395,0.024284696084426047
-0.04443701773561841,-0.05713908490254439,0.040437809293051505
-0.08103574062532853,-0.026979922717687625,-0.017056609162444593
-0.01736667197744022,-0.07522504524084407,0.03624995348366565
0.007697627202718418,0.03740257493439054,-0.03687757827068386
-0.09046384589998896,-0.05992851865589532,0.03136417950759612
-0.022129977418129172,-0.038416495040097386,0.02805451545243918
-0.05750813978236029,-0.054716426330925404,-0.07926950077264577
-0.05879844219304303,-0.07571989597731783,-0.034292279230377115
-0.011149757284413147,-0.031009778987993945,-0.011729853760876773
0.06969792819693578,0.025826476244038315,-0.018888787058473366
0.03696980692175389,-0.04150516646263533,0.08378446429645543
-0.13151550539777032,0.008949353137980124,0.07908882177801518
-0.04652951173745369,0.08991542181077718,-0.06692488592447349
-0.02903145983937002,0.022630396432638596,-0.04104376190166219
-0.02540883936864763,-0.13105595358795835,0.03182038523844771
0.026038698271688046,0.057279530555649785,0.03009729711394625
0.005343845770698019,-0.03048790157109229,-0.03538905572142281
-0.008624305028031395,0.024613124482818667,-0.03215698799824003
0.031341131636042685,0.012130198532686412,-0.005883119098297827
0.04294153071231908,0.05731734921383673,-0.019903875383355363
-0.023501050413310798,-0.010672457684910762,0.045679788370283046
-0.013481870076931567,-0.04590777626133428,-0.00173133776805863
-0.036544186877822904,-0.07128536117212443,-0.0035003928772570306
-0.008787224807246743,-0.0036159688120746946,-0.020838941384378383
0.019198470127981256,-0.01709852463035599,0.039011232518244954
-0.0785845002062786,-0.05652099029672605,-0.04699049171261377
0.023527254194070597,0.007690151039494273,-0.0014730850127980793
-0.01065208245684843,0.08869564029490395,-0.0013392397096487364
-0.060666521423042255,-0.02850704336729242,0.034008418889076186
-0.048326619406082405,-0.03050592334073693,0.015186446605024339
-0.10072196892830214,-0.08005141781846382,0.06803452639354635
0.004569997637028271,-0.007130298134001761,0.002436349255217886
0.01553469014819386,0.012217706667569266,-0.09484524249465363
0.03343935526656321,-0.01459076616340782,-0.04289110010380713
0.007558465001149449,-0.038776978121781075,-0.08836065808563455
0.01079809488343227,0.025977783238155618,-0.06059737710328929
-0.0001418936496005909,-0.07286908734752003,-0.16089105696078757
0.056907954066854685,0.0897974259866331,-0.002683292749888582
-0.009854922450690931,-0.007255335605122613,-0.07031399683139627
0.017862125034778922,0.1312324164139815,-0.047773333104367335
-0.00047592999852007906,0.0732704212156135,0.0073062858036982755
-0.01824593861423629,-0.0723151524159866,0.012149795598309865
-0.01664845700926427,0.021930317732594462,0.027647982326185004
-0.08494882145122898,0.07773166915638116,0.08185261226248902
-0.048414930745582514,0.028056362802144463,-0.0393687711466639
0.04813264050869563,-0.013926954848113744,0.05018298568372119
-0.006677248083537731,-0.04774106721404126,0.005972529136833334
0.02052743232419147,0.008597317155744022,-0.004169194320238618
-0.006591419265333777,0.04257853009252982,9.522190331228905e-05
-0.08992350171915937,-0.16370943229433285,-0.06888919895223614
0.02325614269403288,-0.08361538536730005,-0.05804632764114863
-0.039506382372057336,0.016087442000537727,-0.05781558681830459
0.023733316548932685,0.03364478167597726,-0.05396062491594322
-0.09569944231877847,0.008194787508962884,-0.06119231897897991
0.0006776226025725987,-0.026300072077220037,-0.02322876360008583
-0.066221047128975,-0.005242459301188614,-0.029679741957169985
-0.051274417560040406,-0.06496650051269509,-0.02427893235612737
0.08560260026637703,0.029789839160471343,-0.0027736516040526363
0.06685655515394923,-0.02224811448826867,0.011317958839953724
-0.08521611131653035,-0.006748312023301431,-0.014203433683253577
0.004098489498130898,-0.0012091191278074745,-0.06642642720991336
0.07093239580557217,-0.00940833131985892,0.11481606265890743
0.019636917052463405,0.02213947057797338,0.03061011265019293
-0.007622629043200983,-0.022831258203366674,-0.051819807180819896
0.0070293980869857685,-0.015306326160306721,-0.008974593934399174
0.014658896574747452,0.004761152575424796,-0.07093684348379685
0.0168619965830149,0.08364413516311725,-0.0035830536803217548
-0.06937004155261085,-0.020473464565062934,0.07244888812682009
-0.016318532358724727,0.005782933867809512,-0.04658174266742699
-0.03918926050279212,-0.05374401535973913,-0.04609809774242389
0.017637251420963042,-0.04625943630695155,-0.038866372295523456
0.02824000720599434,-0.11029120592414537,0.00014375539288013703
-0.04460387109435931,-0.10416474641816012,-0.0015038054140695985
-0.0005572037896513296,-0.06574807252168219,-0.06304834491975747
0.028506816794870653,0.007992825822846241,0.022768795356612213
0.0664625170540697,-0.11978649854659104,-0.03274044735605841
0.011294584243339751,0.0024425939018745055,-0.07857866587713208
-0.03694050922512769,0.03616011002916819,-0.16448063725425305
-0.04872356812000777,0.03361792075942217,-0.05740777562844477
-0.09054780454741482,-0.02488239202177875,0.05080128531974169
-0.11070903847837758,0.01324228131544454,-0.058457291144184576
-0.07225492856520421,-0.002225099673230691,0.04958246442505798
-0.09465321077606889,0.0016069261552536449,0.013033826407273283
-0.0235017742790053,-0.06881657781006652,-0.08754222273000344
-0.07106322055516771,-0.09940573536867878,-0.06860828259830191
-0.11275929264965578,-0.008993552855889477,0.025020701025674903
-0.04631876867450263,0.024538756320863577,-0.09404954595100551
-0.14223307697631268,-0.05024030524294355,0.022443803746746434
-0.072589035575978,-0.03833431955933386,-0.056100480149925025
-0.013314799707902681,0.02359349156998914,-0.01061156688373355
-0.08157876365320418,-0.00857442042738119,-0.0370736409628503
-0.06871373891414838,0.06728170904689829,0.08372047382554482
0.0032987314171107965,-0.04048618810464093,0.023638356690316956
-0.03974292223382364,0.00823606666088772,-0.018486156741761378
-0.07532445206243998,0.0028787456347291046,-0.019986031350783882
-0.013330910062860392,0.11288800540576462,-0.007243960419200873
-0.014292398397981418,0.05380754142005789,-0.018281073134721937
0.08869301556915277,-0.03756256947678635,-0.0875214862979461
0.012221503856869959,-0.0857025263449084,-0.09920113216628647
0.007259011794094192,-0.05522126160969697,-0.02128583851828989
-0.04116100062065277,0.008389169839200347,-0.016465180466022997
0.08472007135480997,0.014932936376594451,0.03520074445091856
-0.038376710281040574,-0.01093734639599049,0.02303454075803801
-0.052303923836009195,-0.11088695677161528,-0.04133274463860251
-0.14542539327240472,-0.05813009281865396,-0.006044186786840579
0.04446346440034196,-0.028023430681250183,-0.06892533998427636
0.03751984347279497,0.042676227592368166,-0.056995762056988156
0.0735639998318932,-0.05454277132654542,0.0033821227517607834
0.018274265940390454,-0.10159131468297704,-0.045548499428942055
-0.004411071291769798,-0.05462767410312423,-0.06263433364095572
-0.021503697767286563,-0.07944990530083958,-0.06255026599557326
-0.002284274803786488,0.03238713607148232,0.014830236603953287
-0.06486406778456172,-0.08513270325633457,-0.09455395050589409
-0.024075969249438625,0.050783118150418596,-0.06791097094264628
-0.052363077167655106,-0.0635976521008322,-0.04489620580732591
0.00029655446631055363,-0.021148945943103736,-0.033794745836694166
-0.009212330102432753,0.01417405676353586,-0.011514539474902089
-0.04375259944794482,-0.14522273673850333,-0.0009359556993732976
0.003779543087918405,-0.08766168722174944,0.023364224151126465
0.05660172657631109,-0.049447814355744184,0.008924833843360166
0.010000430994046069,-0.013352646371122344,0.032554436269221575
-0.09372366777487873,-0.024511805822215706,-0.0675045575077019
0.0380367510507003,-0.11523310082002115,-0.019313228421930582
0.013033942414297794,0.004481375848046431,0.003190555802815565
-0.12071563873450702,-0.07362356457467255,-0.034036592898078116
-0.014512123733183224,0.06201076822909127,0.007201066200695411
-0.008357926458700647,-0.1132830098014761,0.003635411227263085
-0.07535812709294948,0.07353204424233994,-0.013354887167844578
-0.07182797368722249,0.034745069894642315,-0.026282385467682037
0.020321607332784417,0.005939949690659606,-0.0165952477803296
-0.01172567435259722,0.010503554413638792,-0.019435345494604163
-0.06464621791372949,0.0037093010567390665,-0.07663569080785583
-0.04187847723679246,-0.019384097684238776,0.05005914450475569
0.01991017429014126,-0.013884571686498662,0.020147374956359022
-0.013029528602854827,-0.06950745762730619,-0.02530273095731757
0.017174208742204152,-0.032937810558697225,-0.0025123074807331513
-0.00824044947175212,0.01834608677491629,-0.04133634397592251
-0.012695738390668156,-0.042923726493110645,0.0019154797750320206
-0.029580110742091992,-0.022258210527843648,-0.08901813935674391
-0.0016794979683209896,-0.04071009382159797,0.010030779567798243
0.01581978304514875,-0.02175033837290438,0.08412769053904307
-0.06451744254815144,-0.02033895936456979,-0.00695099221271635
-0.047317277497797454,0.01976946028638845,-0.10506889689733692
-0.002858542262798894,-0.012388047003197053,-0.0024552985887310516
-0.010093312885562387,-0.05345133383929098,-0.07239251476363597
-0.03139389989586725,0.03364392209580112,-0.03172441961774195
0.022368416008970878,0.08263528558458794,0.058151141917350435
-0.061148749468575736,-0.014547379089033217,-0.06110338874531
0.06583681324942373,-0.011719177878192572,0.011105598920598933
0.00275098976220718,-0.03051266021135155,0.030680573195771756
-0.027381887351369705,0.045713632512274685,0.01755006829296405
0.0034154736863398066,-0.07252519344546396,-0.0339312099416194
-0.014726158191541008,-0.045431349442162094,-0.008235399572655611
-0.020013174516357653,-0.018773698042277,-0.12424904463683135
-0.08354456891334597,-0.01506132666228851,-0.009000611776673653
0.03138525237858816,0.08054879826031974,-0.0421624541917234
0.10097432111941596,0.03577275567685132,-0.001780261961751694
0.06011566781565182,-0.006751626801559435,0.0005044202014936553
0.030059173981302457,0.01676726840202889,-0.02912828214359369
-0.08794793623194355,-0.008001049738771873,-0.0016367220062400174
-0.047695203986764405,0.010465089166900908,-0.005588574562671209
0.008170674986777642,-0.009985228889687694,0.0317706607867944
0.011604254754617072,-0.04546115220557902,-0.00738874084296577
0.05942986546812856,-0.03249315752820724,0.05364122445805159
-0.034909711852884134,0.005170135398170546,-0.00013990470952214822
-0.05341164647085393,-0.030918961272417285,0.047781850005987545
-0.03341252035041975,-0.016802205641447285,-0.032778707486149604
0.04875004394803638,0.06669437511091371,-0.019134286455303996
-0.01392987360336829,-0.027856268753089913,-0.02112339482955911
0.06539545021431545,0.005472264442700767,0.1206065704624453
0.04705446144160821,-0.02483340164404262,0.06306718552953561
0.030530840222841422,-0.019984059941987514,0.061290434529343296
0.08435529761135016,0.1323201375697873,0.005297367850280903
0.014930310378003565,-0.07934413313413279,0.03547158398050004
-0.048762275608719784,-0.07396270984664995,-0.08077162415411084
0.03441291382497941,0.02799262812772724,-0.012172331038074467
-0.013393023512902334,0.0433319772587974,0.006846479313018761
0.0740266378039267,-0.08561555462006884,0.01831345350683949
0.002391941305930685,0.07614827670300167,0.010373839882205842
-0.0590742743171541,0.047260907698136005,-0.019038351938777103
0.021727074332922834,-0.1157075776873679,0.08484057466499938
-0.05168428508357525,0.09553375259146672,0.10798967652528403
-0.08813776363109978,-0.04436521171239545,-0.01917465958606482
-0.04748648504701469,0.0751142701269668,-0.03613341397847254
-0.0236330671900706,0.023510524351205146,0.07294743442498403
-0.011347373788786783,0.004300777314077616,0.007890544200973676
0.05805017088099697,0.027771945840610414,0.07175090283490027
-0.025734555401477982,-4.72635097171304e-05,-0.01900987263850846
-0.024274701631294603,-0.040117083802578515,0.052888898601591475
0.017158064632862027,-0.006930408198349974,0.08954265015340786
-0.005514099695003296,0.03642667468759152,0.05879565723320124
-0.11249030441057828,-0.01042177106602141,0.10467509260453857
-0.06490518846998246,-0.08062845709187742,0.0075800933750091335
0.03681407354200494,-0.006491311016323697,0.0008759933571883558
-0.000888011441570421,0.040266833883713,0.08417626334801652
-0.039554664867393265,0.010697909773206702,-0.009971453403213794
0.059561833282692,-0.01580220663045944,0.05993594679012859
-0.012891330598389435,0.02547293900827458,-0.012753378828249107
0.09589218499090935,0.022775437666335108,0.0031455577188159805
-0.030386119935458054,-0.08375870270574644,-0.04087759287853098
-0.05310001320320708,-0.015988127549935185,0.006495341124300676
0.05966611515192063,0.05636184558151942,-0.029937605579342583
-0.04008715570959243,0.01370036282362785,0.015248905015625147
0.07785656146811538,0.021099026687575448,0.010766639460192
-0.00672975595101953,0.022895771661290455,0.02031271905220406
-0.0034766319095110567,0.016903810734522805,-0.01579326806536856
-0.1622686114785504,0.024925568634136627,-0.0683856143685991
-0.06140624025602917,-0.019135713365956455,0.002118286295997039
0.007954502726402161,-0.012037639890237583,-0.04197936207735563
0.040035665853021214,-0.07524891220030928,0.010972661834778451
0.022010525773277792,-0.016454594879839697,0.00950957999045864
0.08847760755990143,0.003378259706738957,0.05117713691333668
0.03943544586954119,0.0009981515070944975,-0.051644268700368944
-0.021138203304468237,0.04032038140065521,-0.018078988262712217
-0.051871835557422356,-0.027254769015188446,0.059846192570824
0.04207284952710133,0.07862795549667174,0.004942133783071474
-0.0448726301948487,0.08179964253606921,-0.021641714406874124
0.019339345881415428,0.011446928056979062,-0.0678067934417703
0.1019069905309958,0.039582818728252686,0.0890049141725193
0.09459618716379727,-0.045055189419857394,0.013649703797422892
0.018349440755470174,-0.02896564208944662,0.07977617272832684
0.10296464975475444,-0.051347448085669864,0.024811005961789062
-0.008885506804729248,-0.005427146082031405,0.059238126078688974
0.045171175198353744,-0.015891082905498788,-0.004683497613279941
0.009229179834806152,-0.023984507269760168,-0.02749628721212425
0.04424260750582306,-0.03777040483479759,0.02981083088987737
0.008728441942255891,0.028219242354337905,0.007936848246145656
0.04182032981330358,0.049664379688520534,0.021565574810845742
0.050114494960015424,-0.03125421334801128,-0.009173834125705911
-0.014634695945170719,-0.05649911022014016,0.047943845304755275
-0.013164031863423747,0.04295936918810323,0.10285385246159415
0.04945000445407535,0.07619338657879396,0.062409817577366085
-0.02659334169170803,-0.009573457380534084,0.016659876921419417
-0.057124393791419786,-0.019872877832224398,0.02140618382869261
-0.0042429040645885555,0.009401383818373875,-0.023708188850601233
0.028967227608536983,0.0645754772534532,-0.024272978892646256
-0.04287928672525878,0.04006226918026172,-0.011013983705155534
0.05854598423127425,-0.0607401497646305,-0.04668429164655459
-0.05112432275169874,-0.013180370631271962,0.018989294540007858
0.011040812036461923,-0.023216123232523606,-0.05835771790750946
0.037337055952473,0.06976906748366524,0.0045892260213215175
0.036277813653694986,0.003335180927148426,-0.021193078988560307
-0.0073856965060203825,0.029629399428536086,0.00860877377002826
-0.06601908942750945,-0.04321776848816765,-0.006598563605123807
0.12284835884393927,0.050185308953875074,-0.023025999884825184
0.051977962048772364,-0.05468752193398861,-0.014298345563540663
-0.0176660380421116,-0.027142389300925614,-0.0081965543148255
-0.014803918543335393,0.09027724171860825,0.022751476101034143
0.12659543665983175,0.04495837777159788,0.06679418891175429
0.06792149585145983,0.067892172685335,0.09380717094063443
0.05225235113986747,0.0588435395989137,0.09680758593288101
-0.026825620619771593,-0.10130741289153312,0.10602536529890129
-0.06487342277371981,-0.02750204204515076,-0.03460173392330204
0.006592782931729088,0.03635042946747707,0.06749396320081608
0.11177158788627312,-0.04958661495811695,0.03696592851790111
-0.05355752857149229,0.02924701411172662,-0.01856714997051605
0.08630555610748203,-0.013423171154580759,0.009689474526703492
-0.04958935270603956,-0.010827859470907381,0.02523091940969457
0.07373355511323378,0.023981605130401755,-0.082698241640741
-0.019913047875567545,-0.04022723588937438,-0.013707280361165981
-0.0476740388289172,0.043164931368749104,0.0246622777870485
0.07160084916308664,-0.03613713564897239,-0.029352671702992775
-0.010291769970369305,0.08986061049927858,0.09666241428716177
0.0748587435931338,-0.03616846891800245,-0.009763447623124036
0.06460573043097112,0.044066702668362163,0.0448121854759353
-0.001005778741826599,0.03549150319652297,0.04532771637379833
-0.11980778819752992,-0.038253362692165865,-0.005546497981808247
-0.1327379723513529,0.014565246733847518,-0.048058314372065515
-0.008814985592299526,0.10312985341250287,0.019350813023188283
0.10749291629577483,0.03638767282310321,-0.060784252112014145
-0.008360904969278767,-0.02913426340247827,0.09618911585963522
-0.004876549362223051,-0.07944054464598868,0.03184327895002058
0.04331661293605029,0.002173007415582441,-0.03575332101235482
-0.01066180767258081,0.027624055670625307,0.044841377720909625
-0.02884389044314169,0.056137003798328644,0.08572566521954274
0.06468782255760228,0.04974623531937684,-0.04952131604841182
-0.017895741133568805,0.01805811265520759,0.06962073185358895
0.13947592026566819,0.09989662110723095,-0.08685694208403633
0.06137638719255853,0.042765500715759214,0.04855620453080296
0.05296776005838923,-0.04953259126706071,0.08815956791718703
-0.04504705900251771,-0.0006999239084160627,0.03578051802501156
0.03341404059546641,0.14470199178679793,0.02057386508563327
0.05982062447342415,0.01928698005045701,0.051554623526075004
-0.02197508288226043,-0.017458237158850004,0.03897803147345805
0.060370092286505424,0.092923942686611,-0.04796158799605469
0.024748304176986983,0.030967035696336104,0.03221387812367918
0.13595432155906134,0.04027990084005686,0.04038776459350579
-0.015831726933687756,0.10310311557167162,0.019063995935396937
0.06357420608183346,0.015902659259265886,0.025936939175308336
0.028257859685165365,0.0020588691364094407,0.07737723222585954
0.04112139557928732,0.042421273307388555,5.071470003625497e-05
0.07555859815870006,0.08750725220595,-0.021404297134143338
0.015701756794543092,-0.007024577178232835,-0.08467877980629944
0.02582815509094636,-0.07238246490649577,0.12900468684762786
0.014000606383874398,-0.015447655573377954,0.07087087949736497
0.045930870301448455,0.05604658066562307,-0.02952169006903923
0.03442555458602689,0.011504343664158707,-0.04449903589620757
0.02515276078727874,-0.010266833947691945,0.11596417573998972
-0.006945898571749737,0.04837835706447378,0.03890356484742672
-0.04635487461959989,-0.009144288471654705,0.015048788042111488
0.03899635509533955,0.014848590854080279,-0.02718170670185625
0.0735776948140144,0.03300212448659849,0.06300106286798463
0.06866515251696953,-0.016545928719570235,0.025248816748297324
-0.041275324485631704,0.01187337796281382,-0.017500557259830424
0.0295931189467833,-0.06519385202417378,0.05903773470130602
0.041194531444798184,0.054169480494841576,-0.04625980673096791
0.017741193895804905,0.03839916744017825,0.006820372574856116
-0.04186639629061193,0.006725549520784224,-0.002847243262089176
0.013741161309003568,-0.024704931511940288,0.07705693772391373
0.09983656074548333,0.07780073336009202,-0.014306616004697827
0.03240118401624272,0.03134715674724128,0.041560483012087174
-0.0006788611799478338,-0.03851109923106521,0.02109827153958299
0.018206722447637828,0.03918041521913335,-0.025083673445944393
0.020042982477191728,0.04030535478242121,-0.028762618074064123
-0.07261791159474996,0.00960676323792505,-0.0010656575080495306
0.011842309088913885,0.007350478777612076,0.03667358379452888
-0.0016908022364435643,0.07670427983395992,-0.05675032535443212
0.06466774513108813,-0.023534282056569423,-0.07356019845030601
-0.010916688108447245,0.00021173963084847314,-0.02143703266887377
0.1228223408854891,0.05309413019241378,-0.048276910924613274
-0.024783170803469274,0.004824316010979426,0.006801508142461932
-0.04028368122774726,0.059636577347806384,0.005136237308941083
-0.018178845394062813,0.059177962317764995,0.06454373412975858
-0.04159941394083383,-0.03917551149019427,0.03793964221704275
-0.05654652374130999,0.02680256932248666,0.053817569305432855
0.09307626746540401,0.0606396985237276,0.024548333329122485
-0.05975535796180202,0.13625687040384388,0.020083803397407157
0.046837101471801694,-0.011799960052192915,0.03833431880656469
0.03464866454548919,0.08152322746877477,0.016047906961345584
-0.0023550892240319296,0.010470565111541074,-0.0223937363469269
0.03486644840266698,0.007594171242675659,-0.0028228830388250074
0.04757871789947939,-0.03163886862515061,-0.0030039268192162093
-0.036610826999415765,-0.02659563472371807,0.09132427249559615
0.03218065258362966,0.03420134413384679,0.005549611303754965
0.0198010653512675,0.03127941738248288,-0.021422586368141976
0.13762364890512457,0.04325406185062516,0.07573455496512711
0.05215395506836184,0.015122552340088738,-0.020449134294788285
0.06956190845168621,-0.0015035145864979692,0.024419925605682402
0.05235427265585581,-0.017005599070215864,-0.00366306561882729
0.008925006202199846,-0.055871642964456375,-0.00626473577308263
0.08429800783428115,-0.014400336953082167,0.11773507912244492
0.017005381781878617,0.0005145834233209294,0.05091832665583246
-0.06893755332577928,0.1250912662705048,0.06692322732474415
-0.010175305727323664,-0.04166522792723238,0.041438889830448467
-0.021572886199023058,0.028041930332208476,0.1316911618555685
0.02801656097919687,-0.0026803460462064693,0.10111161834443161
0.05771997850125689,0.015812433814921843,0.03367361261423835
0.09202108403545217,0.04697461068416316,-0.0007465678915903086
-0.023103220136516132,-0.05060868072878237,0.04422748717194285
0.0769222105512067,0.018038519324695176,-0.02142382884197496
-0.06034996056495393,0.1273819968260991,-0.02015699857550806
0.022906825390237754,0.028634552108967738,0.027368421713687065
-0.06638504635175413,-0.013243317123343078,-0.009549883831426896
0.062321046761326965,-0.08869153173923497,-0.049950323126192256
0.015420698941787016,0.04187718642152505,-0.10058135685708734
0.12156668651788269,-0.017194911590332013,-0.014653823393790892
-0.018587459838168105,0.09207402624356159,0.04752680562139103
0.05284760187068167,0.08238212299502483,0.04026959200022616
-0.03697240532491487,-0.02613552684840328,-0.10390506391785335
0.046018951062424575,0.0492531807663484,0.05208600917523304
0.07191281438075506,0.045823926007239654,0.006383911720663503
-0.0705916281045706,-0.06001216832399098,-0.0842098663474021
0.04059148649401721,-0.048759252519974636,-0.06893895608220527
-0.0518752686398627,-0.041853384653022914,0.01644016947532199
-0.0170244069591811,-0.040126089837579884,0.021681501847604416
0.037302383213945564,0.05488776631451987,-0.06450049877759396
-0.06027250334106364,0.004449596839635632,0.07100809163381104
0.014198149732933159,-0.05269365269636643,0.014867879004609674
-0.06082994916578091,-0.06018128175586786,0.04208335223497028
0.016453872772537136,-0.01797102270689638,0.05436577042637203
0.02793550583273884,-0.03800534819073176,-0.011478463515140015
0.1137735305699856,-0.02792478221200624,0.0433109302270911
-0.00893595972097916,0.0041691101589160515,-0.00205254277071282
0.04405212460702395,0.05389990459506999,0.0032240850917347238
-0.034544423336261336,0.007178601404223148,-0.03742869045628779
-0.03431002422426445,0.02041856965856305,-0.02603593371266376
0.002864156429819224,0.023337018150813772,0.03120496145705349
-0.0024229211083079284,-0.08777180128458306,0.015030869014850947
-0.021051377638971885,-0.010922145937553626,0.0479058690962396
-0.07326837298132002,0.04606936615176149,-0.023850098629102947
0.09638392919833974,0.023829054230311023,-0.008195007248301783
0.009625173803593007,0.04036940911461905,-0.001440499363554247
-0.06798930736373299,0.05623332642773516,0.07447178632025475
0.0006861683104391862,0.01577509547957019,-0.02697871836726086
0.04915916291074208,-0.0675103101812037,-0.054022202556094905
-0.05061318268316008,-0.030567557950899122,-0.08704467793566881
-0.02500195822845347,-0.058334067194540595,0.00873836896017041
-0.03025245102229426,0.025896511689107088,0.056216001432509655
0.060079045021298946,-0.01755846891311669,-0.08491735443405561
0.0428118521242698,0.001753882237690427,0.0006516291222937701
-0.028436201871400692,-0.02044058650804658,-0.036459565020283545
0.003759224400105365,0.0477163502383663,-0.03521025512390951
-0.040418346962726295,-0.002219712085654254,0.029894038343586782
-0.09868185307949762,-0.017265162844119126,-0.025218122914990832
0.03640658361413556,-0.08706702912905666,-0.03436221497474882
0.04942363149452248,-0.034404027003507545,-0.034919755950154605
0.004287377516695751,0.017154382991096083,0.037592616679527714
-0.0460758975525814,-0.029886877796216172,0.0344167313051908
0.05511061929273202,-0.03447296359723763,0.035361655012307674
0.040605798107525584,0.054584976179985006,0.06271752530311496
-0.046963977113871194,0.10893111233425294,0.035138879230745615
0.020565588169571686,0.030435337101633833,0.04825025159186712
-0.10130213016814381,0.004245817422618304,-0.0777242569205261
-0.00779060618372642,-0.02263390406624574,-0.11040911886960827
0.046228951868209266,-0.01331571228491471,0.01628529221403322
0.08874033381110429,0.12852051560779107,-0.011477679488413012
0.016022993686896803,-0.015417223799370914,0.07466286283730915
-0.08456626948919763,-0.05939804445981856,-0.0013932645986574751
-0.09386511065146784,0.018288784288712563,0.02120583565224423
-0.006648399470269698,0.052388381717116586,-0.05147043816752402
0.03883203999966783,-0.05852994006557967,-0.0013504320875513329
-0.005649828880034944,-0.00957249913138285,0.06262308296847328
0.033785238306564144,0.018291494961736494,-0.007064395824214334
-0.006123424880531014,-0.0448388701145046,-0.04290881097301607
-0.07212659470683025,0.05633712661693424,0.0999583656696436
0.011078390596485504,-0.02033119567418472,0.04097005103140608
-0.03543313727311451,-0.033566832869349375,-0.0026762936880034907
-0.015702905244752475,-0.05300864137198118,-0.013082575019786921
-0.03149919477339464,0.015629111978112405,-0.08553836708054639
-0.0721601801620359,-0.08390468000799273,0.023969347607767075
-0.033534975037345406,-0.05831518463297295,0.07443625410161091
-0.019163937009117414,0.018656452833633576,-0.0806750524937059
0.08109016246927914,-0.040985246246848926,0.05429101447172927
0.014473963468219614,-0.010192590912949042,-0.034074658620460746
-0.006864415498374186,-0.03900360735813797,-0.03654335422971335
-0.02674286320832402,0.0030071152716919305,-0.014218399399061622
0.0843364722327329,-0.04774965274119867,-0.031069095225147267
-0.04579696678510064,-0.12180680830310973,-0.024153925481967074
-0.10534095830374063,0.010423371533712738,-0.022699815125691646
0.019729119150855203,0.013511095659575995,-0.014737202426236037
-0.005993795575507468,-0.07665909436042173,-0.08587251603660617
0.0518340099577157,0.03649884991713723,-0.063017450955459
-0.04008373767194495,-0.031048607646201883,-0.08553384616678145
0.0495459103906102,0.031129629458084236,-0.048214690004420295
-0.09542276315246959,-0.05628221656847762,0.01255444901145462
0.025565282973238748,-0.030184418096526847,-0.03963961407239726
0.03625350442721442,-0.11561250829959094,-0.005210856205447192
0.06790091131170652,-0.05193685864140883,0.025281004960252363
0.12805068680751078,-0.06338806561424323,-0.05057676893272173
-0.08329632943871638,-0.017193526972405476,0.08429324013707742
0.00365619054817962,-0.028122064723656096,-0.06231721170046685
-0.03658247684221237,-0.13170315580970215,-0.1098868600423028
0.006467616167094622,-0.01037605171927804,-0.050129434527080095
-0.09653935792381171,-0.04309508881449004,-0.052765899641618555
-0.05441234907478637,0.02780425497317937,0.05925752321084849
-0.002431042719580487,0.0026478793430159756,-0.012913094761057082
-0.0006668847057851417,0.022176875629078933,-0.004311398562376256
0.008639872310447286,0.04695960309814517,0.07919861518810156
-0.0650943201256951,0.04505345891259663,-0.11278386280607976
0.05590271008752453,-0.010796369350011058,-0.11899874427774804
0.011974845008753555,-0.022829529648339245,0.04333665756285144
-0.008425311475022245,0.030809570592721332,0.02073147618694112
-0.03529271552117852,0.02525683023595529,-0.01384728236042496
-0.029283296137356828,-0.036651265830330695,0.046190165625366694
-0.0006104243639272651,-0.026479536805523875,-0.060132204749881
-0.0026909547607505517,-0.06971828433239233,0.033621385920477934
-0.025865051016865877,-0.022311792617876407,0.026309464888009882
0.021989588714436875,0.020780166181783626,0.019548230921598943
0.07764304694915876,-0.015320868648250484,-0.029313690258713707
0.010420481594116633,-0.023240667380537164,-0.0035833671082085867
-0.033250123627266856,0.044370034389733956,-0.0027663212224794884
0.05383061208180881,-0.0020209780654046883,0.11142460789969946
0.009601146868618599,-0.047891009491493976,0.003452453883265847
-0.09428322264639012,-0.08938278570218992,-0.012922529021719803
-0.055362679676277754,-0.011437758458658732,0.010614663047978173
0.06168484586107642,-0.1089078869574865,-0.08206082840504098
-0.03890537996201829,0.07431502245900184,0.04959421658012094
-0.018765008331192257,-0.029399472291509538,0.025117242585681182
0.05484458398352102,-0.07621836115343775,-0.029005141206133525
-0.06803026026593251,-0.1058860737885767,-0.07481579196326213
0.047295637789827094,-0.004593363455317566,-0.035236610986095915
0.019964377557746986,-0.03795541832435925,-0.05635079250480732
-0.05166542544100103,-0.031199519747098572,-0.08039682895698029
0.010521029825868077,-0.008939644165987633,-0.06972155443670947
-0.12522006216495532,0.015334309746750048,-0.009721741615720541
-0.04342081817359993,0.11781460794090112,0.01432034932455771
-0.012263299046153317,-0.0027956536252450766,-0.010397286618697713
-0.08178670291094237,-0.06682345921090647,-0.038583106894236815
-0.04013922521571361,0.051520206728444394,-0.009891972054655605
-0.040476577716037285,0.004279196107149948,-0.04102724850535883
-0.03477565064515396,-0.0451369573948428,0.004725230992593022
-0.009982966180840535,-0.0756345452568787,-0.02528893741953306
-0.03308962465258077,-0.14727111496871476,-0.1070197757453735
0.026666216315845617,-0.04274205216579792,0.0025733530442436994
-0.07438316767665995,-0.045639465428282996,0.0014961470580239049
-0.010331330607305119,0.010324712308036842,-0.08904715968556069
0.0397010712435488,0.03225613948256689,0.03302578416447987
-0.004845783556741062,-0.06968884193546897,-0.06351126332766788
-0.08810691205988727,0.08326759109790827,-0.10808733305349866
-0.04075027702198762,-0.018980698928955493,0.04178459862557489
-0.027484704461615987,0.09795662143552308,-0.04109291139064482
-0.06482204513107438,-0.02447128547012903,0.04557205590837711
-0.04432464869142265,0.04625537021123299,-0.04983956846130362
0.039725888008664195,0.10676520800225418,-0.07959503918082651
0.0023933807449400477,0.03211407507839588,0.06898344516303298
0.05244138690318463,-0.034364402960454024,-0.03814669946595424
-0.08563913992167754,0.05066781059881673,-0.0066459471611106605
-0.024265901624850924,-0.05620104518184168,-0.014784659156805963
0.007509775308914675,-0.01812870946558102,-0.008772699087326356
-0.03467468229724527,-0.08814407673818918,-0.033489330465052876
-0.015410888768182283,0.025182481353185546,0.0395175858799548
0.0037108267319592297,0.009982809060832085,0.058357084362718706
-0.017562622787469673,-0.019790869867084573,0.040407875687888214
-0.023780538806087072,-0.06888811367848516,0.022467347548599664
-0.07493089457481825,-0.008400418052496408,-0.022018292604921587
0.020456317549207403,0.07670357204133202,-0.013951606320102446
-0.0835378021010524,-0.03939323686008798,0.009539634272714113
-0.081615063443334,-0.032936061902200914,0.051422525154684
-0.05409565039762376,0.042623825752405226,0.00557721928575864
-0.04742030402420055,-0.06922176929295759,0.07039299661627677
0.061382112435781996,-0.1166104718503779,-0.08007476011373177
-0.08575782749773962,-0.10187985288388325,0.002722756544531961
-0.029552250102371065,-0.05959635368885273,-0.049413227329585654
0.012393162443419467,-0.007327067674939795,-0.02082820648349392
-0.0002493424394464025,0.021900111835095548,0.00673635186284827
0.012123926458976274,0.050272748796328655,0.03376505275307975
-0.01749973383298635,-0.059337799357098236,-0.06427260400164309
-0.07075370755968838,0.06511252715782699,-0.03818459489980122
-0.015096999286237634,-0.04840886594483621,-0.07900354822570749
0.020717655537538415,0.04217883103641376,-0.050314403175477196
-0.1325101669073096,-0.05017144836385646,0.07057903309609577
-0.06516612895372903,0.03689257880510907,0.004968706804170917
-0.031520836713831976,-0.10477682653291112,0.08772815572895018
-0.04340023868390185,0.011387968945968701,-0.04134689304844407
0.009372615230212596,-0.0007912175666470803,0.022823347234028717
-0.05953414355943254,-0.031237972955077735,-0.010815567536392401
-0.03773785746435636,0.012532130173322328,0.0008199146727158949
0.09117865196730901,-0.0023656146930456576,-0.08313383048238257
0.04871606382992738,-0.11922696088029172,0.04503662198146971
-0.05028420383169503,-0.06552137943669646,0.048912172402503486
0.0654345168239703,-0.02974559621763321,0.025807681798509233
0.05592240165290428,0.04438205824009078,0.028219832835519154
0.02162282731270525,0.0315380276458654,-0.024661150730803084
0.03414188952772233,-0.08628140922952612,0.028298932148642594
0.040855624723474156,-0.062401912260270434,0.12459486033039803
0.022969757484852613,-0.04600064653443898,-0.010390530915072457
-0.02069385583403445,0.027668107886643964,-0.02721901917335833
-0.029286262261799804,-0.013082310393075336,-0.01683511398981183
-0.047804352759680604,-0.03542618676888078,0.006598341630669557
0.031084251497586497,0.018933430070031097,-0.10975528466676371
-0.004676600289880669,0.0006807574795176762,-0.07386272166655108
-0.024824192292541764,-0.08893418129835569,0.03230530930016475
-0.07720058211147195,-0.014598487173097625,-0.0001498121391400424
0.04499312545412003,0.01899440693503982,-0.06497840592783681
-0.007051140169878122,-0.023243812782795907,0.0812929061232123
0.005603835025033482,-0.04589419879082879,-0.041230122754285316
-0.07298207643234172,0.010938281932927523,0.055152176225191196
0.04001421593929796,-0.11378055577130292,0.019067703602243
0.06359655194973202,-0.001134872656097007,-0.01874132626957104
-0.015517739301644334,0.01721008896887782,-0.0002981837610649095
-0.07248177377958023,-0.09224755881011941,0.023363477792208653
-0.02606070338892389,0.056500472033333304,-0.03625051783691478
0.006675911428223661,0.13009051039430441,0.06908455558205152
-0.09631271026043084,-0.015834284058515585,0.05350263928035956
-0.011821954341075986,0.0436314095235533,0.038183700693174845
0.06920574516206987,-9.890731852816095e-05,-0.08679690764904224
0.0487437065320646,0.014556793578749743,0.03170159680325856
-0.031296674218952825,-0.050597926625007485,-0.05212883727254216
0.049022359643888895,0.0075234747271098554,-0.04842543169061012
-0.08030048056662813,0.020909251323375566,0.03182748526521183
-0.10024448318329396,0.0451340517229845,-0.01573903169971287
0.001937102183075353,0.0042394650401256,-0.04073739460901258
-0.014094400998992913,0.04860159025566477,-0.13207611747549974
-0.047455816475331654,0.07585187368864146,-0.006178205625555393
0.0037499348885154217,0.027318154114983718,-0.05344421573747358
-0.08812933380890979,0.0010564598686722002,-0.05752468818443359
-0.07169490617991271,0.01203132988081774,-0.01539197245644207
0.03708703965194982,0.015868399891543355,-0.01742642799031827
-0.02092481722715827,-0.03132105514580511,0.028137179218319187
0.048547219152706766,-0.004531354932360804,0.11265749288642922
0.03305276147252678,-0.0649468250964898,-0.0595725057018241
-0.02848358367674183,-0.022618974112253963,0.0243606493884449
-0.003751586517310815,0.03255001427207941,0.07632011944892078
-0.01969002465448174,0.03543785849399857,0.06248745218738733
-0.037411488668396164,-0.030031024929511856,-0.010979585709498953
0.03433856026188824,-0.05652562602625332,-0.026925488057945667
0.012471270968894992,-0.024148819002151628,-0.019027415359258473
-0.02516421316935477,-0.013837608527315061,0.12540249862299635
0.08554443972236542,0.030381020522119835,0.010803719657703981
0.0031879214123914554,0.08109000897204398,0.026496124999082233
-0.05697039189128502,0.028654464942516448,0.005522562035909016
-0.04696293290832927,0.0851079368819264,0.004768122077230739
0.01148630651386024,0.06299308053954489,0.013812255724762558
0.015380230652280554,0.023684443950704483,-0.07937039262845856
-0.07421850364113015,-0.029590365491064727,-0.04351949423875411
0.021121736719484144,-0.026074670169401317,0.010484139709778075
0.033153423189339774,0.062425303433344306,-0.02021879889353776
-0.0532782525523754,0.0018110613207425223,0.023202280797452915
0.021255302233419513,0.08378196252807796,0.04226659787000685
0.016099599181560016,-0.07605453277202126,-0.04961238705396986
0.04289421570835279,0.05645540354560504,0.03328761009744961
0.08367159657976829,0.02870560444269466,0.09702309463359277
-0.005552600756300435,-0.06980560590158322,-0.09627490781503882
-0.07249671953068411,0.03229754754348768,0.017244185665929813
0.013656179085750949,-0.025414096981918374,0.08356402709498231
-0.006036648718273191,-0.0462305968601765,0.11560092675540456
-0.022249289227588016,0.07413384090517018,0.03324650584127029
0.029442970133093847,0.0802172718737886,0.01741235574985099
0.007994550830281534,-0.02087999841328019,-0.03374550107426588
0.06762074029913405,-0.054573179004359755,-0.06630544132769457
0.05603426409183523,0.07503320825404261,-0.03241609094252877
0.044820318632605716,-0.0007601044855621028,0.015663173398267373
-0.010483164825486585,-0.0210650670127277,0.006581539243780304
0.02862643405039695,0.008075875278061456,-0.020628007094545417
-0.06064937673680555,0.07069553533144923,-0.049274528699516984
-0.04419636806507824,0.03199313526997117,-0.0029149039283353937
0.04727444495933842,-0.0010792174198873822,0.004858526783219959
-0.031924780347887746,0.1338608921556567,-0.04231811923225899
0.021125595816478413,0.06214174909851702,0.00211171734924816
0.0211621884844683,-0.0035857267897558163,0.04962305910846398
-0.006679455101861331,0.0020628142880610174,0.0903130447887355
0.04393911977868694,-0.021530281613714848,-0.03614757266945692
0.06051969717120126,0.04604473670786995,-0.006920533653948235
0.10442476393111286,-0.049723128539458566,-0.05283336703826683
-0.0027690525247922385,0.016469286919822336,0.011810107391234441
7.704535294734798e-05,0.013900574319354216,-0.02342535596965887
0.016609703063131413,0.05170397971579737,0.02794461682751218
0.07628557239414971,-0.014451202615457976,0.03875966445551854
0.05613051928036159,0.06690522022869684,-0.02411465551263462
0.03498010959535691,0.0755996953690311,-0.03527985153581659
0.001925604586796201,-0.040908020332718294,0.068622803977577
0.06651603723831505,0.02243401886260913,0.04054714544910158
-0.015167632040557811,0.06460588965336524,-0.014730188680628104
0.0016353681801445624,0.011216718847631717,0.054184842880295084
-0.03808851542371801,0.028831064855618038,0.0546477430982129
-0.0070622061437091745,0.053620054410684695,0.0013140624241549034
0.07087822086079319,-0.019295880741042527,0.027719762733392054
0.06373609207913183,0.008246071244372084,-0.009823561747620177
-0.023109144451464298,-0.019654878458062217,0.03411988224300501
0.03934321530156902,0.06289389350612964,0.018064355426128935
-0.05816207789292951,0.02560506334146956,0.10724816506690993
0.029751872227241655,-0.040610900092145207,-0.055672002492829956
0.06933631374534943,0.07975201755455763,0.005849811809381681
0.13555258960155753,0.01624932733272983,0.11471250809894236
0.03413418510712797,0.04445529707045908,0.009066228611086346
-0.04549761594691429,0.052181465497268015,0.06391311943804572
-0.004842583558940138,-0.09661700207787947,0.0210430470798351
0.009639863184477845,-0.008186854179185772,-0.04982827859141692
0.1131874108422248,-0.058842197380691255,-0.0713947793974591
-0.060548978912254366,-0.005756220991988073,0.07093621267010232
-0.008317563615142888,0.0007905978261834069,0.10958651594869574
-0.010532435711328997,0.09823451412439962,-0.014971482135045637
-0.01708354316527879,0.03306346476246152,0.15083164077428116
0.061018673562016755,-0.03180700764472308,0.06307306607024962
0.039169291603331075,0.10056996501564232,0.07205026651272155
0.07798873662877982,0.058462735356985464,-0.04275805576163826
0.08402642229499607,0.12084142999969434,0.01450441386040928
0.06199793084771812,0.057960893693248645,0.029034177712957097
0.013226699132905546,0.04144190796339718,0.07441374169571863
0.010733739183796408,-0.00507167608790398,0.00963507541894758
0.007809205401219923,-0.04706571181554778,-0.014739282879672324
0.06959801169960253,0.09960651896315392,0.06091822739919285
0.025931398519324404,0.013527349771823842,-0.021981666559165728
0.0017793872581832147,0.006444474506717597,0.07811655367114254
0.06471637863997323,-0.00709599488041851,0.0017842742880253958
0.10914313545320593,0.119088646577423,-0.00698604365858764
-0.0019467004104746811,0.07439602987675421,-0.04211097530958856
-0.06306141271790529,0.020679437446424344,-0.031006343990519387
-0.0355370439654486,0.004108681106607797,0.0513520263626232
0.06563747779915141,-0.008150592470415722,0.046017957631719446
-0.02752151761927667,0.03523154038371383,0.011367801137966874
-0.045052871232741945,-0.05196813703075058,0.001327140749390273
-0.0380066329022421,0.04932312101517391,0.07300018628475474
0.06534122818450458,-0.06514902636739134,0.030207682980388798
-0.00035602959993743036,0.05703987175634259,0.01731497840133417
-0.07818305727540943,0.017886971032874507,0.01327999061096495
-0.03470062963507023,-0.0005498418388902096,-0.004431896922117911
0.07503253562618221,-0.016423930985788128,0.01500949105693216
-0.08170186358316815,0.1197030539754465,-0.0676626394957217
0.11303082566617531,0.1183075416909588,0.09667233266818742
0.029568227697280923,0.0005686448406830059,-0.03170152796552593
-0.017092361950187252,0.027757185862612156,0.0160160758803822
0.007439100408223494,0.0570918496770578,0.021128411976504696
-0.08409039502039643,-0.01582948272913772,-0.10827970965404579
0.0691604315704872,0.04860834867197,-0.024872909478204603
-0.05019964907348987,0.05038118361877705,0.055865989242912396
0.0349799848003929,0.08690263362087336,-0.06946847494203587
-0.018038751025320966,0.04503842469830635,-0.007911503857968013
-0.04891024202736735,-0.05173089501193397,0.028696604817049772
0.023995908208792043,0.09616913722633773,0.03250239556453201
0.024829113724223757,0.07564886679306403,0.019718827298461365
-0.014621475374338562,0.033756057607021425,0.0591748445819998
0.03926761204869651,-0.008247226044199758,0.02104509356179231
0.1070194288913339,-0.009848596979955288,-0.011203298585720563
-0.00876415913638497,-0.06217227473887943,-0.04532624078467365
0.04893680250640276,0.05725915659488526,-0.1355885953509249
0.07152678886828316,-0.028240287719775336,0.11839286057735521
-0.030926230487654846,0.023942989017346594,-0.07829197499561849
0.05747141177423788,0.014087203954750792,0.06647373755210549
0.03180277103263076,0.03453615220585249,-0.024551720542447066
-0.01042316203977494,0.06275692072285668,0.04137053421168285
0.04035472344671436,0.07280892629395971,0.14053487004604615
0.08027819434833441,0.08441287387491081,0.11683000781652292
-0.0344250930219116,0.05984427984543879,0.044299194907217385
0.07794154530118227,0.05578440448924619,0.02848094981601976
-0.008349963273962414,0.017294314092909255,0.03982332565079161
-0.051815835735067706,0.0062202620099171615,0.06608405657809668
0.08490055979480793,0.051720301357065,0.06945536713474848
0.07985137315884093,0.030090440579483284,0.06239013880015146
-0.05403672840223583,0.015187784363670083,0.07884209568109579
0.10227367841274321,0.030457257344278055,-0.01998643324184953
0.020905385300544966,-0.03781110032574854,-0.03805409981618331
-0.04639808107628323,0.10563717070523931,0.08833089865806928
0.06383896924063542,0.11240934913564848,-0.05118363963697084
0.07197150790901752,0.1171025494530309,0.05536178298996651
-0.031961238497693376,-0.010969796576177707,0.07626849970055881
0.04411903138517902,0.02577590451881337,-0.031153108358184935
-0.016444395090253534,0.10189098400831195,0.08075892129616538
-0.021302574720610194,0.014523623636115866,-0.05813670613221134
-0.05984795588183933,0.11620747270096164,0.081899579486105
0.028793283087089498,0.04834519073507376,-0.05861932174168195
0.06853525072412879,-0.020293812756790444,-0.01244301415266301
-0.05069936916129199,0.1414383985074268,0.03633970343625567
0.08080193798019021,-0.009037346863787363,-0.03987225307292708
0.09521626830315497,0.020241179106248525,-0.01809679633215469
0.003417136242418465,0.010944259748878256,0.0592991013887893
0.015501482421206629,-0.00699713729507926,-0.060834567746021403
0.00427238683496433,0.09067274049614935,-0.014996235149302525
0.02341500965831406,0.09912398891298595,-0.05763876506158616
0.034522560999133006,0.013471038499145858,-0.05202175150746432
0.008147416707861727,-0.028795886588807294,-0.030701483034902215
0.004326795677643059,-0.0019184942362612152,0.04382395299758564
0.12524329615327612,0.019023466606684823,-0.021364747579101274
-0.0027879108166915766,0.021297282732232452,-0.014212362072907419
0.054805874022701755,-0.00017754952511388547,0.03812388611960798
-0.040861972671666844,-0.06305293301433543,0.06509743606097279
0.07633240124496253,8.765913495924899e-05,0.06975436341133644
0.03178551665161032,0.050267920350504855,0.016411575834670393
0.019498279279238955,0.08112268322203364,0.01506264900086106
0.041327213901024396,-0.017129704950072405,0.09271945910991083
0.028245293390662042,-0.011702165918345182,0.0018421371148039899
0.06006012926748262,0.005680619080688117,-0.02796720797908746
0.02779396114690256,-0.12102728291951281,-0.020918666154912134
0.04947219842096304,-0.09782476072841309,0.08155864893383713
0.04049791428977379,-0.07971887760652348,0.011816497839412923
-0.013048990843104702,0.04309983292389304,0.03618236377684024
0.04291114003013562,0.006619882275663385,-0.035082652990698904
-0.059264524657188594,-0.02170417588951301,-0.022619161276227234
-0.026788427782879945,-0.006499142823630568,0.017639961959018787
-0.08537886982316506,0.04028494352820947,0.014459673528520537
0.08688755587393913,0.13682558833387276,0.013480621898056315
-0.0028583713754328135,-0.002197120589114898,-0.03153260009534641
-0.06914355525062128,0.050403988881760675,-0.013901872178065587
0.024700750281488805,0.030078888615015772,0.029776697266783315
-0.003811431009543025,0.140489518014723,0.004397222638549046
0.030311832314933333,0.032130580004872046,0.04808062309418415
-0.016155671383364833,0.14929747760147422,0.06892320067780733
0.012959869030400412,0.008983070407189875,0.056784257289982126
0.03174992859125981,-0.054513864950449645,0.005652299434245057
0.029032335354787487,-0.07048817324439835,0.026293672698916304
0.07484151616985407,-0.06592993295332954,-0.04185371179207672
0.01791179438958434,0.06774576146382467,0.0194067777992701
-0.06674534294307909,0.06570387180512184,0.047188571763696216
-0.0900325305314472,0.0052221897230515174,0.10894938906503097
-0.009963031575650134,0.03722880266074084,-0.031743704213840415
0.09118770581413119,0.01300227857133387,0.1190451152224375
-0.0031134900930251466,-0.026656316603887467,0.11884360061625301
0.014122221605586883,0.06823006069210921,0.029975312448063222
0.021540143525411143,0.05864043847963967,0.021952583168388506
0.0013165563698854582,0.1164968849565087,0.03521785288825569
0.05861745292517716,0.04544188005617354,-0.053609703017979404
0.13500330276890596,-0.028428764822735805,-0.033083049764748
-0.018212661925606725,-0.06047257564357565,0.08436452891225721
0.019479443926079948,-0.009976360865842913,-6.645742552261955e-05
-0.049923073384510464,0.09114093874865335,0.07950005838510497
-0.01081831606453914,-0.05480364226663386,-0.04250200797756871
-0.014252470492409127,-0.03942360178211286,0.044413811034854644
0.04876992474935353,-0.05099626761687502,0.12556520932689558
-0.007040645897589391,-0.015107769849331387,0.026230345383219087
-0.03344106379842602,0.023428073312321246,0.07648149945360197
-0.09531204044385334,-0.013651449856892695,0.028135083614612165
0.055498557224837874,0.09109609997263012,0.06980689465088644
-0.05865645987001913,-0.09323909650839074,-0.00376674345606164
0.03808487606737435,-0.021951405828053265,-0.11593979304264629
0.03979755707865983,-0.025388926293107163,0.009194828071041066
0.07736829928226824,-0.0501295206634859,-0.04286990880650372
-0.10152906626515949,0.10431961228249745,0.015883961544468667
-0.05746463779706572,-0.019809679100594883,0.04589872663322059
0.02209482910269887,0.02526351047650553,-0.0510719760668871
-0.015532986804500576,-0.021129280184680917,-0.029096277253854975
-0.0051636581208269645,0.06947950988081057,0.03235317344586091
0.007250403445805596,0.06726388395558884,-0.0420427810481295
-0.005066150147511936,-0.07161601632312148,-0.041781051522939025
-0.042042705210194535,0.092586750326933,-0.05222676938533333
0.04813843466970745,-0.012727572448164309,0.07687817783152738
-0.04773265798740099,0.00041559822445171957,-0.018965181656219042
0.03353060813807542,0.046626687903185596,0.06371940989316185
-0.014261923914845065,-0.006318713846448448,-0.009572947436992408
0.007656088186628564,0.09059105682075376,0.04278070479181054
0.10417493658970946,-0.005763788253739374,0.04186024166024262
0.047696349312015524,0.017401621348150202,0.01981650778743014
-0.0022559605296317486,-0.015754162787349778,-0.04726045441033394
-0.005052277619489655,0.02669103255562902,0.0010814596789696807
-0.019867488257566866,-0.013307676728219548,-0.034169525120272964
0.03217111215051123,0.05739057491779355,-0.030370320519658395
0.040884686674185024,0.030785139315126307,0.006005857295679033
0.008006169958215693,-0.009091061506815235,0.023028164107778505
0.01218065186887122,0.05355648336566404,0.0379364962918088
0.020246149492466232,0.015450271654258805,0.027297577430649943
0.011150004985111676,-0.033269970118796864,-0.009235373511263079
0.06041492847992926,-0.02290920861795758,-0.007834909843040801
-0.0548098094507397,-0.04844036899968039,-0.07396555616362305
-0.056224726712119366,0.10577497460430069,0.04316900496950105
0.000668603613430613,-0.021026384474446186,0.059758546227113685
0.016818667731334908,-0.10217756353260074,0.12410380052197116
0.012073565839642843,-0.02805899018044318,-0.02239472725888144
-0.0005032460722054046,-0.05043138250657951,0.0037484120492996265
-0.05335726363073357,-0.07018581819916292,-0.03664231983583104
0.0164939061984932,-0.05266894791955974,-0.05655730081416524
0.00840738470192164,0.007439886348688556,0.007417964447059513
-0.011617927441908177,-0.01779886403892878,0.028107545670985078
-0.004179963085318991,0.01982174850684711,-0.0488128138715007
-0.044740903261585536,-0.03870195087495099,-0.05444286604166411
-0.00840168052899302,-0.0363078829086005,-0.004057115528377452
-0.0052055165763677455,-0.013055144111792736,-0.03383732339750975
0.07962271828641623,-0.011159991548810467,0.019653717635758593
0.018925030225928584,-0.03316647236840811,-0.08292432866136154
0.028688795464322812,0.026425511277562243,-0.01712315755656009
0.0722138656013812,0.020275471219271438,-0.038620568032014274
-0.048221402631579396,0.08602461631065776,-0.004081431175052162
0.04184069961821324,-0.0023126438830817185,0.06691155441400304
-0.013009794167529284,0.06657783974428641,-0.046024054170883115
0.009953517512912862,0.009847554355217074,0.00014240231425802566
-0.06241326002837847,-0.08273835222967066,0.012316993330847025
0.02484305422444954,-0.048573362679924306,0.021581912684001794
-0.030282544773219663,-0.06738057717174557,-0.013559364246960786
0.04573446008587256,0.05295675596705122,-0.014659680441496133
-0.005864016253264255,0.027760632841730498,-0.08532135851212089
-0.03138014193465204,0.012291496542858306,-0.016072529541431995
0.050192826305137814,-0.011517558588353842,-0.012767140850945935
0.005625643599019301,-0.01119934839085364,-0.13679674473560138
-0.03986259849123003,-0.06405172517514746,0.011630706346049749
0.02186735519339854,0.029429838560062885,0.058540660825704936
0.0172226548026215,-0.0836697359083447,0.050094790395058084
-0.08173499296937882,0.061373631245242324,0.06748293593768037
-0.05420933807540226,-0.04345948989460219,0.15727161781518223
0.049411196260326834,-0.03966133814628547,-0.013587568824632548
-0.04009704471460542,-0.0673133308608945,0.005222328864376373
0.013751861894486524,0.07027774588155886,0.05118326749546475
-0.04724036581184302,-0.0510652735273253,-0.13305445657093992
-0.014777188559671188,-0.02706119533602014,0.0024646166488200977
0.020592694425111455,-0.07951164819023937,-0.09519050102276705
-0.03575472599020193,0.0349400349172503,-0.04998803084080395
0.023936387360881217,0.03586972275462978,-0.09439770928746324
0.07811024109279556,-0.04763676593282688,-0.0633074005226049
-0.03778899601273743,-0.00928080595430112,-0.07150309472638941
0.051752360503512215,-0.04370687665576855,0.013173140505510765
0.0054328564605337845,0.01453228028287835,0.021222544668877512
0.03958687898893741,0.060804507396701235,-0.06382578093343802
-0.07212907240770765,0.04187468206603504,-0.0030743245630624836
-0.047912931614519205,0.017008577114187733,-0.10019837819107241
0.01611122200066949,-0.06515824390725708,-0.036892709265390275
0.034832661141524654,-0.10318320573318435,0.04669902148034363
-0.04831442305386577,0.0018652433682718045,0.03404698255401891
0.024406575802617948,0.03257518335502445,-0.039567910039093476
0.06067725348631173,0.03695952103712301,-0.0016651489564693325
0.07234336191381824,-0.06889560688502075,0.043596212255935504
0.02821602349471133,-0.05465244840410828,-0.008456241380575257
-0.04542223270685344,0.02249675821440773,-0.05166905264204004
-0.05178515307820002,-0.037963401689183385,-0.04479617918295141
-0.035953481399014206,0.02377999283788591,-0.018634593204528392
-0.06749127712441383,-0.052950606246958874,-0.12582553696734833
-0.07056535591089994,-0.02720669445147332,-0.0054783511599852674
0.04724464673853976,0.037967540338444204,-0.025848192796528925
-0.04002779571843442,-0.012825848372130563,-0.006492181864762376
0.016109091921334685,0.03237972195014509,-0.03794540676887836
0.05264589392753202,0.00045202748074455595,0.058236259164577975
-0.017226932766466863,-0.0710654444043825,-0.07286755881945077
-0.035788806330142864,0.013413514425355186,0.09144066460606426
-0.019441822435012888,-0.011006999747930884,-0.003655307441140154
-0.02265879091223561,-0.011652734104665042,-0.16440516707156821
-0.020817537500722252,-0.03785911614145399,-0.10511362170491426
0.034665777984185256,-0.09073971002416097,-0.04664802252249889
0.005150652762797671,-0.022269105558735118,0.03022924488319803
-0.06674446957557995,-0.03817158627648737,-0.010764657021613028
0.09174595794004634,-0.07149592156280579,0.01811371147925328
0.044616607263370044,0.05091789577945351,-0.051306229337079234
-0.011449734072143426,-0.02850779327489822,-0.10752674357854035
0.01812462605911694,-0.08251288610410153,0.08121330178572483
-0.09284725140534675,-0.09683588595758527,-0.004420861591700274
-0.029164676284009632,0.09134972616082299,-0.14291742090630238
-0.03675255533706871,0.03427260106618216,-0.07269753460208501
0.03633934319744482,0.01477204211636637,0.03482412148222121
0.07119676292483056,0.016488920841138933,-0.02921486850887151
0.08306640668452961,-0.05892599170171281,-0.014262992944506198
0.004916752148879582,0.04316889012563388,-0.040608991151040774
-0.03927354184382865,-0.0395657028967312,-0.025244337225229577
-0.060864239090574306,-0.020686255191918048,0.03164126231228209
-0.094767549052834,0.018804141874406908,-0.0319200892666269
-0.05360603546317021,-0.00907551532689823,-0.018854938582088372
0.029834118933355646,-0.013573404029782368,-0.11999194992104344
-0.08341095672213769,-0.03980880285316855,-0.03964052475067688
-0.0654799055459993,-0.03257170380146427,-0.020715372713298468
-0.042127712072129245,-0.019213814765851652,0.1028827035782289
-0.019470414123860785,-0.045013007232279065,0.0027612984183047647
-0.013994621578975706,-0.021570390542431647,-0.034016833210432584
0.02891879311821587,0.05311530887764826,-0.10411469342715932
-0.045732804011971606,-0.030493680782077922,-0.03841184770909938
-0.0015635513482346736,-0.00796562182055189,-0.050067893678177405
-0.09577317401827841,-0.05743191985707291,-0.044345405778594554
-0.019785331562420717,0.031399064356781636,-0.08558796192117168
0.10715979893342947,0.08049314513577764,-0.05870517422816483
-0.018526737547502378,0.031620788421520656,0.014404616921612712
-0.009984312486186229,-0.06445829739823761,-0.10238761479720578
-0.016983900504294037,-0.022876888361144404,-0.02661564937291524
-0.04830288874491537,0.02144283644902879,-0.021040854813579243
0.05555863735242232,-0.012764003221493285,-0.07608546717807754
-0.060696585529908656,0.00020659486248253423,0.05699037486305128
-0.03190540610160925,-0.08695426902284042,-0.06287821797260619
-0.0984750145977705,-0.07290590821391402,-0.024313105721118645
-0.08571162739319109,-0.07068474332701069,0.007779777172319563
-0.0774850845255142,0.03469741901245717,0.023850076585697343
0.06115893008608951,-0.03096952275115058,-0.01922482250974443
-0.09261399754067998,-0.05850387034213262,0.008771415119774851
0.12136492547641017,-0.03846090934129045,0.07725745605178744
-0.026454969433904005,0.043691568458792074,-0.0038537911936930395
-0.033986443526368926,0.053714330038668545,0.010605283721688712
-0.115310002328666,-0.01126904368031373,0.06912277976284822
-0.08775659483705497,0.008002529632268655,-0.02752096342399514
-0.030567488586601833,-0.0009760829330799047,-0.04086690608537823
0.011105200954416784,-0.04644361349759593,0.0016412837136045438
-0.06826625656288023,-0.02921381494530584,-0.07175121630541333
0.12079066727672544,0.009327778438273461,-0.03580628639947786
-0.04806485338508347,-0.00837839369610765,-0.008598361188292455
0.0971806932708611,-0.03561519644804606,0.025434575091342993
0.013200770701742241,0.02170533728380303,-0.12218360629914699
-0.02486764353477508,0.0292737013068654,-0.05051214310865629
-0.05314441613343898,-0.013753516820878761,2.867630775326563e-05
0.05499026554638135,0.03826678172520859,0.02572950925257577
0.036222796412476464,-0.04164583350340649,-0.001474574008194127
-0.12545508481902035,-0.06234124638695482,-0.015023250854747662
-0.13662626222121604,-0.033370926605161305,0.06011104195755846
-0.08322797700694459,-0.01866364792914853,-0.043759367762920734
0.00297516009803671,0.049171491351054454,0.026886512905528112
0.023203502846135853,-0.03876067842474937,-0.0012977003143880596
0.0011114000887808562,-0.02869025359292097,0.007334139817193559
0.07833397573951884,-0.003995751328375116,-0.03264482158293707
0.0360763589878527,-0.05720842318278788,0.09690198310049747
-0.0009929377927590747,0.010541862973499664,-0.2066322274518664
-0.0250240692824025,-0.036460454211922885,0.021352065426303902
-0.06583613435040431,0.02025784690084751,0.017387601036617413
-0.00010917059255352926,0.023254986288797748,-0.07749236026340245
-0.022286144119288333,-0.0037645479587671126,-0.04596129274296605
-0.08431970703603935,-0.02037175515233642,-0.030412394710430623
0.08319108461582142,-0.04737440292616683,0.0030648494427557883
-0.012499740576255414,0.036628162128641936,-0.06257476144225409
0.02390312046869813,0.07252969850716491,-0.04310504656801341
0.027286263671146404,-0.03955557635198652,0.020618553365850317
0.03150135849596039,-0.0017606301288499125,0.028157049444460687
-0.08481755035481728,0.02524471427904844,-0.1257557647158722
0.02814142823136907,-0.14515939909672151,-0.12193552825106233
-0.026092482120329333,0.03919188129893187,-0.051587798053140226
0.07573743283371798,-0.06057015413169849,0.0025076536111397225
-0.028343937136348443,-0.04267788855360431,0.030989629421053676
0.02280825880573496,-0.03739765659524701,-0.03248356011872415
-0.020107780739569293,0.01602420170035833,0.024287604921488355
-0.08700720003876743,-0.08648382255197734,-0.05984681261356516
0.014302178255907162,0.04253294062363561,0.00355079090766975
0.032809349419927206,-0.0075923214404515285,-0.03345027360587999
0.023779964461135894,-0.04403927049246117,-0.019875054636172333
-0.04375118566470283,-0.0591947807888379,-0.06711902600684698
-0.03022863248771254,-0.004799015941397941,0.049429376017877294
-0.0615912162742536,-0.01104940353837598,0.0410993222043575
-0.05713777554369506,-0.06227865056452893,-0.10618145748357818
0.06691268959930609,-0.04418798171829193,0.08301026345030224
-0.004250830284138326,0.005726823111139822,-0.023689402449807682
-0.07933717382730393,-0.1151366908797251,0.003451673817380511
-0.011859345930846428,0.005502543875938493,0.043370708656686345
0.045202760208255116,-0.060082012537960215,0.04313104656417421
-0.057022441451935434,-0.023117059143020244,-0.007061927739545133
0.026178138008211706,-0.032619211601828894,0.03139168625004363
-0.05167144030125415,0.07046032202241423,-0.0034254106836695856
-0.019123073423813343,-0.05250283394484383,0.018955126483661815
0.1189014419577624,-0.008196491367872788,-0.0001424984892089958
0.010172202566993138,-0.030238202565987842,0.06669400375980142
-0.05977279461581238,0.0031089358789240873,0.008773231136477927
0.010021340491795499,-0.10928584574727773,0.014480701180141978
-0.031833777903366355,-0.01634543789869,-0.10567405068248818
-0.009515615466846757,0.0065770107024990376,-0.03252768845198308
0.05815608177170579,0.09072869429434821,-0.01969238208921323
-0.02587962515652988,-0.000220919962473207,-0.01830366766429146
-0.05146638538893629,-0.015811466872333844,-0.030602871875284633
-0.02425069543971622,0.03647459355522313,-0.010041886269120535
0.08801609120268611,-0.04277531041427177,-0.03554663513761406
-0.009430568437330145,-0.009592170709392231,-0.0857414517732418
-0.0029642521247174496,-0.025894639562184053,0.06020132993808966
-0.05820730705781455,0.0075257189857648125,-0.006979900633103074
-0.0884438240469146,0.048361696245039075,-0.03058655789509075
0.01647722553290425,0.054901514948763254,-0.12304522278797426
0.07705007037801023,-0.01184302056714013,-0.01956809352122503
-0.11306251298537882,0.016430579724586922,-0.021253497076634553
0.028508412887872526,0.03322714899267663,0.00911485397018936
0.003517660266103867,-0.008799654295822386,-0.020224208286034905
-0.05751648215450364,-0.017554194649829005,0.026510664196227243
0.03686959712644776,-0.026056460463411264,-0.026325142132962505
-0.031344077063045137,-0.034472332601986226,0.032558129902785865
-0.02683703065200254,0.03302685382604798,0.0005302506441009504
-0.045932484230240836,-0.07288930023292585,-0.029409203157290974
0.0012266778580783705,0.007041056424135778,-0.016197220256245565
0.021620117424507188,0.09784287070880869,-0.02607073462478921
0.09284887515949866,-0.05123223351614624,0.04333922335782585
-0.020259704519258258,-0.04412972258980528,0.019860247386426638
0.023159211284232498,-0.015639222897984008,0.038460826808010946
0.09499704776850289,0.08708830558365595,-0.0032965950318484235
0.08898545915423305,0.029453905661169233,-0.012552074795812171
0.06008345974157607,0.05738386195906997,0.03495270386367145
-0.03270204105560055,-0.04332558054486522,-0.012203250912058488
-0.03832560470383073,-0.03603405567580963,0.09562044297622758
0.021957719190285892,-0.011638239834357997,0.00226352365424357
0.04336188964169873,-0.0272569891137218,0.1401103440536294
-0.06855119630217987,-0.0025852119339839254,0.07968353123847825
0.08951973051831034,0.09948604915914593,0.0878960285629906
0.06876926350952647,0.06842617046366505,0.0014971060070917159
0.06617755260534064,0.010884260233032229,0.04489165845013466
-0.015180832623231146,-0.008694545435929051,0.022220649578860288
0.044626423235060934,0.033024286556697674,-0.01210418136561078
-0.04900323011457563,0.05687191090183242,-0.01632257468146291
0.03695703831514608,-0.031012090681433513,0.09837431077790558
-0.0430415586667988,-0.05781528676787315,0.04652986157940597
-0.027140019547684132,-0.030294020287828984,0.06954866184318442
-0.0013158361739845758,-0.007710806331832106,-0.026083840145666157
0.053451498882890885,0.1432434299879407,-0.05281220486522718
0.005908237639939895,0.05278023751761175,0.05898290872042393
0.006022809214915998,0.09345614146380456,0.02653209401726784
0.02719277274565914,-0.04652622941260962,0.046084594325059854
-0.005760935577777704,-0.044760613361380715,0.04462914720055059
0.029825977670146116,0.030743161792749482,-0.05977011097715742
0.027513443283637317,-0.04273631279429576,-0.00820661832624494
-0.02391778152572936,0.032006013899355854,0.04900661102312326
0.15129890262420936,0.08002099298814494,0.04038544492176513
0.07318933011113998,0.08187430430069198,0.02858119432827945
-0.0354079134398021,-0.03765232261051285,-0.004717622476605635
0.00849068869817127,-0.038265033645393604,0.05698070593256734
-0.13807063066813707,0.08757091699712055,0.016445449358877755
0.024137810084939367,0.046621095941065685,0.014878188911648053
0.040271384158503974,-0.021760303241377545,0.02729817654135641
-0.10368960693843154,-0.06869659308306678,0.048239543409241865
0.010479943049352961,0.0395896317105263,0.07509125016606355
0.09158052356040913,0.08672603218929963,-0.0014206706994633767
-0.04610035749059665,-0.021499611960837148,0.0092448730233946
0.05145199196090883,0.023077840371521014,0.014636599861477256
-0.013959988839475712,-0.016209375627336597,0.07089786417683894
0.04282705506371253,0.07418842813662223,0.048427968076084835
-0.0006616561380679183,-0.000494107018766933,-0.035922362441351996
0.0324176297463986,-0.046147546249074876,0.10938739520646919
0.05856473868626685,-0.0015235483144353523,-0.013808792220760039
0.05470750723795878,0.05899699236232046,0.03863479504382132
-0.003042215968505506,0.0129291619581328,0.08914909865669204
0.030829613167872118,0.020280856385068585,-0.02419059505190012
-0.01977138675187713,-0.020899099500287562,0.033590900191768
-0.025121509115691228,0.07375776618838208,0.019431884751989186
-0.04721544169786331,0.03419070714802709,-0.021781328174957787
0.03264945003764359,-0.06996545130664589,0.037621131931533866
0.03820540474322089,-0.04608797868402618,0.012567320890275749
0.005474772747766992,-0.014019703686810152,-0.019940971797746593
0.051307552663420505,0.033356276452722176,0.15411721927756344
0.009832954766421938,-0.021348285233541035,0.022178811503509893
0.027431388750422732,0.08106118828125647,0.04284918343004546
0.005474125111922681,0.07614937387860446,-0.03335853123708215
0.09150885373832968,0.018369962737831726,0.040974295224158554
0.04720035587159517,-0.045372918978426616,0.05848535794232715
-0.016407485400345933,0.052293952358553955,0.08343323095103039
0.09143976477669252,0.0276330530441673,0.06768228943864614
0.02433698353641395,-0.011360103303352902,-0.027037253671170512
0.040182655442073154,-0.0018239875283764771,0.11247872495536043
0.06205895954891465,0.05040373906386166,0.0804946649733911
0.05730224506529784,0.01803134462260623,0.003889153179870793
-0.06795129143896947,0.06949014451542483,-0.06788929887992422
0.09096075352065622,-0.05894457382458648,0.06482664112052142
-0.014224975725219014,0.0888210395437189,0.08115346204086916
-0.049544608452857145,0.0013545328093247135,0.10578393141126548
0.07672110827305481,0.027313222611112856,-0.030084784639495068
0.036388104887432944,0.014396610417986223,0.04897614630650425
-0.11076015074667322,0.038094240535527346,-0.002067461092674111
0.09041802016839706,-0.009561730328271519,0.0009694805119577141
0.06707662882695323,0.024470239692181178,0.11280530243380901
0.022140712640404167,-0.009505435310696742,0.008786048882153799
-0.018854972749012457,-0.04239414326077984,-0.07129536617375644
0.04354104049528598,0.008701663157180451,0.09511695574183736
-0.0027657983755286497,0.021228999788222774,-0.0025094038491629
0.17363970430638265,0.033820972746039894,0.00483062844830031
0.049463044182074804,0.08181253767442008,0.012735927417984412
-0.09033393716616761,-0.032301334214414154,-0.010791326454245548
-0.047273292043100004,-0.04521171573097313,0.016530330896939827
-0.03671730103551685,0.00988444195005064,0.03598424563645447
-0.03276286754006312,0.07532894439664248,-0.08329777145150172
0.018587317953395792,0.005782879988842943,0.02723655330736447
0.05693090594180926,0.024179617249350412,0.014025664860673377
0.06720117038243244,0.03478876614095211,-0.004758996732952655
-0.027301504189925063,-0.04889634752838523,0.009896768297029027
0.03331941155668005,0.08497487936735774,0.03710674569429022
0.015040232170520064,-0.04881099483133476,-0.03495512062428818
-0.033130705591908935,0.054848976493123563,0.053147611803639416
-0.021136384524465663,0.013622804927191687,-0.0160130960944045
0.03912802030310744,0.01799188524635611,-0.04377725658203023
0.03241588427690143,0.050847681282145854,0.030357046282498003
0.04674732253721204,0.009650550400648182,0.018464052919384154
0.07211807839034606,-0.015359976892745313,0.02055482413574361
0.11496253261165752,-0.01324557664104543,-0.0040114645088592076
-0.015995032864095902,-0.03594767592209158,0.02196939471380473
0.016883051180141957,0.0554752601881894,-0.03853046838684239
-0.02741021889175992,0.012382218157098186,0.045983981673297064
-0.05803849978097693,0.013635156500312539,0.04024996280357053
0.018339570374957613,-0.05968411073118825,0.02346242400485609
0.009145276249708324,0.027067545102107314,-0.005741061241821766
0.07167484078188546,0.08386949448041917,-0.07941067159972781
0.07439779014296863,0.1244330989030912,0.055532801346190305
-0.05252167629166289,-0.010945727715778841,0.08946323875294115
0.012597939916359348,0.05820676448888954,0.02134840711271239
0.001326121514150836,-0.02577677325676267,0.019080391473631886
0.06602568228867137,0.06792127383515056,0.05640600100165206
0.025802285154353472,0.02582451522015466,0.022074049885315236
0.08794059102862214,-0.08672912311675895,0.04426671658824309
0.005108592458095779,0.05154243256043785,0.04848613017863171
0.007916938329754496,0.037681935510626346,-0.008112261190057101
-0.054150683150961915,-0.024668669632827777,0.0702610597686166
0.0216683258259025,0.0028419474205951725,0.05062125803331319
0.09611613348309345,-0.020874199641546423,0.07334568293371357
-0.0715670513368288,0.015740988227667743,0.087525620534041
-0.015683369116605107,0.08683286128137366,0.07917243721623293
0.07579882454700225,0.01973565948686,-0.06681836521109355
-0.03700434140435149,-0.07342902593376364,-0.04043950575945367
0.0075455571138018165,-0.036635379688019255,0.00872030575931997
0.05858415525949886,0.02638304364971502,0.09059454084501534
0.03609952192748162,-0.06073378163633923,0.02779211954427345
0.01761271767450389,0.021178685177940547,0.029896706919892387
-0.01486279980194503,0.05749895374595501,0.05740743648249684
0.028608411827271925,0.05258266385403741,-0.011453467438387592
0.08074109044558804,-0.003957785018433847,0.03434089983136768
0.05147216266864056,0.08751367582659768,-0.08879856333983158
0.045718440886965084,0.005562524417327613,-0.0016366450042543425
-0.003957323457434972,0.008642562412172018,0.0537744592978809
0.0333403920791825,-0.031535672507589846,0.11295689885002773
0.08254978760802412,0.04863346426380266,-0.08061950993699002
-0.026323338208290685,0.007782470528765396,-0.025040930407433666
0.03661709808932795,0.019951509508829054,0.011980568054314668
-0.027014868024677716,0.02712474244621292,0.07537813539117733
0.053855758523624536,-0.013021098118312372,-0.012215029191182857
0.02447004943096908,0.0300385932057661,0.04197613697477088
-0.07244437922051178,-0.01493032551976247,0.0030942970708153616
0.038226109649145024,0.05227847794295253,0.04542015860166035
-0.03731195544695376,0.016735948331806826,-0.08135847460504907
-0.013098262004968766,-0.019026747632637862,-0.016131078865724957
-0.09280722348881107,0.1447792530714979,-0.00803704426574962
0.051709215272607856,0.12517382697389473,-0.030464622637303273
-0.05635820538512805,0.05716660424575935,-0.008419162482175691
0.04289052047843743,-0.008593087328813935,0.0023641167991385707
-0.00859098459792933,-0.02047411396602084,0.007832617100484988
0.05493541329275389,-0.055606917910275985,0.08919647992315241
-0.017444439636936947,-0.027017947334009654,-0.04377194868167887
0.07760137496366253,-0.05343120711591401,-0.017950054844394835
0.11205670249444077,0.05192678727924489,-0.028149517241057763
0.030364449571921442,-0.018727963175954564,0.047633960586679146
0.05138867429039237,0.06193352499849878,0.016084103960970028
0.026549126459177196,-0.0131457858257108,0.0053631639788820455
0.048079652560044615,-0.033637954757333985,-0.08077121112484521
-0.012345633019753234,-0.015525858501388616,0.04128917032465864
0.035656977274332625,0.1044026747467429,-0.015972110992608445
0.05126937371449812,-0.012854600308768697,-0.011793534373699085
0.057087910268610785,-0.03804398634915657,0.10688273486804722
0.1657772465420563,-0.05888955687584227,0.04176054983102234
0.0035459406271757324,-0.008230450857092446,-0.027684452791204902
0.019952611794293647,0.047254387909797045,-0.05357980780525712
0.07579047820966833,0.020293532897114126,-0.04306260986056391
0.0527916216606213,-0.03617649351505006,-0.036827281452043344
0.0309449737393357,0.0333341493677697,-0.049359415717423034
0.06530614138297902,0.06928386611017781,-0.06609870090941206
0.00891017918347407,0.05854609071152447,0.03368526882485283
-0.054856028287243494,0.033893728108338336,0.10287137697237976
0.07791788540415176,-0.05594787761978361,-5.4191043645399235e-05
-0.009155541830279433,-0.006960239227434821,0.03817428419599475
-0.00206994313932904,0.045573420138132814,-0.04121708145893985
0.01138418610932896,0.035950751013385684,0.10691112137486287
-0.030439239885282198,0.0754275246882255,-0.05064029094201233
0.05051943632036006,0.009705140385090592,-0.05413876846683369
-0.01847938804693741,-0.013796056448284856,-0.009323339567594872
0.022028766113855548,0.07724309377613524,-0.012239035461206709
0.037432317712004476,-0.08539500393729639,-0.13765816326146843
-0.000695592290578563,0.026084284045493476,0.07923821501774485
0.0042589039083808945,0.030932233263869936,-0.037238935044076285
0.10975773582925015,0.08425458697599957,0.011643163085669928
0.07157199587000283,-0.04980796611043569,-0.06755387373683544
0.07718937953311827,-0.029166730344366593,0.007751896475159233
-0.057538925124996344,0.006150136910805034,0.005678420166484935
-0.05737899943534539,-0.017347101106526135,0.009316266087898772
0.025127513022460975,-0.020410181634355068,-0.021706043799446403
0.011483596828861131,0.07338028036945513,0.04121542428978624
-0.03785685143920235,-0.02220028391649177,0.007950988539239383
-0.007973163629922743,-0.03553543427665023,-0.008336283584771825
-0.059054820971035746,0.06039209718880826,-0.01996364262223984
0.005999431979857532,0.06532728517238062,0.01009585390072234
0.032264009567810455,-0.05022032393455327,-0.03547164296068284
0.011167402623510386,0.02088380062994933,-0.07977662604964242
0.03618991953525413,-0.04809336499743363,-0.024966804041102814
-0.009910599337939335,-0.04089863878696439,0.055536134868063664
-0.08851142813460973,-0.04760063252698336,-0.0026269463436881493
-0.0010231564505769446,-0.05765048920312769,0.0441786737046026
0.09269788021589763,-0.038927302969664734,0.035981902936635723
0.017059739112022083,-0.10708775864197807,0.029785887854584202
0.030284659801590858,0.04080677236023049,0.05073335160313607
-0.026791791777461462,0.020978801964956436,-0.04399658844851668
0.001592276993658757,0.04194242125103481,-0.10407739286233182
-0.030313861757116572,-0.007359600036941541,-0.028788053959809178
0.032632858626984035,-0.07008471868217746,-0.013151605294561202
0.02806359607649106,0.03972431645746856,0.06731083708909576
-0.056693370518311664,0.023004233173838106,-0.02493641044111156
-0.0052345092105018235,-0.023296321793102308,-0.03318522169585697
0.02703698794026511,-0.013540425768347714,-0.00957941742153298
-0.024335372153786405,-0.005674360560195002,0.04084826840207216
-0.0633531674813706,-0.03620102179276242,0.023162472998299197
-0.07889941712160391,0.06633453776690829,-0.05931516735779752
-0.0392831604489735,-0.05129763248795588,0.05746586370543276
-0.01572214716366456,-0.02359790820850789,-0.08511373503429054
0.11063999257465666,0.024501503550218247,0.0266149626940659
0.03641798634084032,-0.022678551725025184,0.0022231323644841244
-0.005773707722966918,-0.0014291662715536241,-0.032867338059876114
-0.0768285611435749,-0.09032815351893136,-0.0549461840724994
-0.01765503116727761,0.027283464741603362,-0.06155331540619098
0.027334182256188964,-0.06059648208287538,-0.035427044600045324
-0.019042168369097306,-0.052021499264966437,0.016676877866366194
0.004328334735729385,-0.09822448106501999,-0.041307264630433355
-0.037590603491614596,-0.07870291765048987,0.06528422825311228
-0.03007077505584386,-0.06705793563277866,-0.09044242638984808
-0.06902558984576158,-0.008675823083211388,-0.015612982593070583
-0.003249756589033566,-0.06797389621523815,-0.017292457303627707
-0.02149134542105158,-0.0573509377100043,-0.004479673881745636
-0.03704063669987913,-0.07401453017914221,0.033504443072150544
-0.04395510428601839,-0.022819502629992626,-0.02295238964998539
0.043500905555236294,-0.06367305275488754,-0.02102993711016496
0.049623191750449595,0.023130684783189553,0.008942821753731513
0.15872353067637696,-0.011649927522470875,0.00017587488264556028
0.0028767357642773394,-0.017928065032292335,-0.043368013444695944
-0.06319444513753986,0.03420043162301915,0.028755666858664382
-0.011555505890757475,0.054243449342996054,-0.00039059456393428574
-0.019450217560865575,-0.015755395030666065,0.015946401487597323
-0.02446901242688003,-0.10117127854585271,-0.05290223427079683
0.022402072846412314,0.10702942272460544,-0.06281994742232208
0.14514509518547894,0.10969043293975511,-0.024233313630640088
-0.020461559514850364,-0.04007965896198129,-0.06183947292427661
-0.07113294034204999,0.10786059054198467,0.06283155721735018
-0.04853485539002934,-0.05310339324718985,0.001887613586413357
0.04208671072853881,0.032062199211036396,-0.09554849149968839
0.002216771874027107,-0.0208003437143552,-0.03348727803342935
-0.04279395029324745,0.038941972944469244,-0.06093284614124341
0.015367602011079179,-0.04656202204841039,0.05371283860433243
-0.06620490085241289,0.03472504489588995,-0.060444814625411965
-0.028551643189474035,-0.030536434114943094,-0.008326121378640555
-0.016543790365620595,-0.05773945112157053,-0.0037346431781729774
-0.027875852086480656,0.024861356111653292,-0.05673869687913441
-0.0016125820420084779,-0.05878085247892019,-0.06997893806498663
-0.05261041960272165,0.01300749934417049,-0.07763414302942631
-0.05613227564857874,0.11481758904680163,-0.07575797051267003
-0.012457506284879183,-0.06666186398458446,-0.15037285201525166
0.026053493875731082,-0.010244719141407274,-0.04675778733735786
0.04437729726839834,-0.06894444358217419,-0.06157675257933306
-0.013718066940031942,-0.027605729617456665,-0.08232807602569762
-0.0698109055537425,0.03730966492397532,0.0011608523192416682
0.10775124511743306,-0.09368495716915445,0.04455443295572539
-0.015158215900562322,0.09244693018703208,0.04292524789330761
-0.04637727578154384,-0.026239751341424204,0.03573586820453811
-0.09523301036679727,-0.02056063095205434,0.04945183257384933
-0.08897168467511031,-0.07341053879672757,-0.07533797867798822
0.019043029226607625,-0.03476562105878539,0.0008269780591224907
-0.12636812034769473,-0.04589035774358714,-0.020268007627115166
0.07478063429692736,0.07935756864364532,-0.056285063460275994
-0.015775760502987447,-0.12078325565470077,0.05842888201575318
-0.02588003427258627,0.011418457898009163,0.05683853546869491
0.007245498157170932,0.054569764514245445,-0.04627647952671046
0.009889137387212067,0.08869584214298723,-0.017001096990173336
-0.0638355739391829,-0.017849921181540114,-0.05803723833275618
-0.04877120307873657,0.028637282403490755,0.03988365825457676
0.023903255098969893,0.008218860238825204,-0.05531624092039613
0.000611067430999309,-0.054388426638458845,0.04462326290353441
-0.0719550426671416,0.03815364868199256,-0.012577620332359787
0.011360700417889686,0.017236072462253327,-0.035395887304918786
-0.0073460573232942954,0.036261644796453225,-0.0582605372623394
-0.04238897979077336,0.004744175870802007,0.04707162312081735
-0.026834475310442554,0.026290211484402207,-0.0512828018932692
-0.03539061396518461,-0.06547828809950737,-0.03452733282904601
0.07046523663174835,-0.055233091329258195,0.04560334835487691
-0.030602291881910815,0.03555272431492357,0.014135694446852701
-0.04276675912581987,0.07612583628364818,-0.05660036714668887
-0.09121040132286874,0.013627647170590833,9.187720824285414e-05
0.020761192527708906,-0.022674426578517627,0.003944101091590459
-0.0510933884582357,0.06297221066425614,-0.025742334542577284
-0.08121552389859055,-0.032159365623556646,-0.007670255977119745
-0.012997121635658419,-0.04983716549658758,-0.00890562778018414
-0.012415878658569954,-0.00025635501556521903,-0.04205368455748013
-0.0954698495924947,0.025972473000650417,-0.07476887382538057
-0.046769336602609776,-0.05586612097784226,0.05257578235748908
-0.09242732401567955,-0.0008254642182313164,-0.11598829958127199
-0.011807069856623371,0.003960442062558935,-0.006504029033204375
0.06973181922740238,-0.04394528971050805,-0.07123859582946476
-0.02381159039596069,0.03455080260170856,-0.10266345113384251
0.059327280391991984,0.010660852516521043,-0.022067746878169682
-0.05006756511091802,-0.09393455904014854,-0.08245402307915506
0.05332364646505402,-0.06852570559847129,-0.021934401105036888
0.05169343376066157,-0.01218940211765435,0.0035647310919599204
-0.047416919823258984,0.03848887484151114,0.047033465581805954
-0.02794606660127151,-0.11233472909895839,0.04437885061055069
-0.043158743741829556,-0.006221640931839471,0.004126829142938382
0.024237418407333757,-0.13145941185649157,0.02131037060447238
0.045564823392998735,-0.12148923528325463,0.04115354100325784
-0.025920139980098574,-0.027324454333926784,0.0015651784654853312
-0.020663523613134983,-0.09184201111179835,0.015347324643247635
-0.09320344286733019,0.004439031863953776,-0.06935174526503096
0.026872399696085764,0.09626371224608393,-0.016014695658610842
0.11308558642420855,0.014027587132852227,0.03890922627822771
-0.08592253100450664,0.010035397203796318,0.04390184056439146
0.045162423210166995,0.03199908325146544,-0.020030894403548716
-0.047159800373300254,0.035432194417584904,-0.04974191984686305
-0.07743824797781743,0.005775304301021134,0.021091387878976423
0.029044638601256174,-0.061448937380360204,0.002582434152391625
-0.07659388665700642,0.011204703836548886,-0.000761020410553228
-0.06805673613349789,-0.015076603401534884,0.005173800152130474
0.0078120485124049815,-0.01540981254444488,0.015306658937625471
-0.08443824414141864,-0.015395049909578698,0.016364481483066556
0.00835877269815502,-0.012341308228553982,-0.01094858387081196
0.0027638964409110803,-0.021685750488612408,-0.057956310475119496
-0.08432690154426487,-0.04380693330028667,0.08808463989816637
-0.02429399310596144,0.054287950393672485,-0.07479761942425174
0.0006593596992922543,-0.010269508747943799,0.020144363454610743
0.04609887989825877,0.027791795587072718,-0.08704628185187202
0.008361730167115666,-0.05634542208591324,0.024782513614134777
-0.2115292851598665,-0.06722488634817667,-0.08085039184953241
0.01522938440806534,-0.05583607900427466,0.02086638248509506
0.08235627111499846,-0.05896846906162942,-0.010599467297974757
-0.015382153093418232,0.0804189822862538,0.05130201680832937
0.0018728315872372295,0.009694668077854768,-0.10528989893295217
-0.010932083794950285,0.037882294123441615,-0.007887486425623832
-0.04554992326662033,-0.03924944345785228,-0.018679741123742804
-0.07180979655111161,-0.018455000998305448,-0.0415954044903823
-0.012246771600780549,-0.004334231267726666,-0.08410769487664205
-0.08280096798431032,0.033574752380643086,-0.06681709913560081
0.07701603395765656,0.024860313452527805,0.03827894456106336
0.04513662989195269,-0.03593063896372752,0.0441209531088371
-0.02177684583187372,-0.0731804970371088,-0.04092850693722713
-0.050130884825832146,-0.014841607570274326,-0.011632639970523329
-0.09510387567054619,0.06989611626073595,-0.03279524810381483
-0.05931832043784817,0.012331360079049648,-0.0032143559992745853
-0.04507771339422525,-0.12738064767007085,0.03233494284056042
-0.017228567148168145,0.12687276138197556,0.03680237599151193
0.029717525656121783,0.027683681323058394,0.0239191067870674
-0.07860627723006829,0.02888215080944632,-0.041772797029742
-0.08848837286186961,-0.056148966763443275,0.000567512368403961
-0.01426369376453707,-0.05771474065802701,0.02285236508545087
0.0930806232962041,-0.02848433447788704,-0.09725593893299675
0.037121834996417746,-0.03564942533711978,0.0072324334159211395
-0.016654482044935807,-0.017755082169593116,-0.06880329954877287
0.01109715526915034,0.015516489495139169,-0.007346644187482731
0.06879035985463049,-0.012790594523976425,0.020279577346450785
-0.07823781438317028,0.031120513980011533,-0.04957284072777929
0.07270663446269149,-0.006884714866612315,0.001833370197088043
0.022618697285566376,-0.028357755978482405,0.022535704482200998
-0.04700790475619014,0.05917890919509183,0.07060874319833835
0.044428179499537,-0.01593583375643823,0.01492465053531686
-0.0074406108834089955,-0.07901285420816717,0.007205094837832632
-0.046198773456031454,-0.08448341480415884,-0.025350385528382632
-0.08136945026094236,-0.009735720774150565,0.08241483633389614
-0.010838963722507226,-0.0005102114766999989,-0.07500874174837756
0.03494692499686951,-0.043770348657447916,-0.0073725739076649695
-0.028501058848841132,-0.058786240921278723,-0.025066864148280715
0.034650476774953656,0.057264070235289,-0.07474929401933841
0.0327687562377275,-0.007765888526775486,-0.030461545974661285
-0.0048421349963331875,0.04613510373296805,0.016300808027877655
-0.02124043478860454,-0.04310482500438568,0.106370635016722
-0.10039347458942069,-0.04726319438406992,0.030884801190042707
0.031043366075560748,-0.050332862420169516,0.019885030026651367
0.020484726493186785,0.07945137445841771,-0.02174756283768671
0.002035798249219056,0.048635904738190995,-0.0327120104915176
-0.000808086287579131,-0.07838204085103802,0.005081534194755513
0.01069281786964748,0.043670926721595366,0.11270128223684034
0.04761932261961241,0.06352053357635928,0.044548095797675574
-0.023170068616335783,-0.05320602837068227,0.0626001494051902
-0.09290830968989178,-0.10174375576478764,0.060730125200644525
-0.023829238614163025,-0.041816696389500196,-0.11692655953327259
-0.026324713571526184,0.03858082152793006,-0.052067095873220365
-0.06340225088857378,-0.04927880252652977,0.033775308658757816
0.01992410088658056,-0.017269556488113957,-0.09463874084124345
0.08201215081124466,0.022062812892552727,-0.03530867229502909
0.05557483414415957,0.022544372280829,0.05125695661749535
-0.007825528321875493,0.003046403965232544,-0.04753144446718668
0.0749856750579261,-0.05229195063049952,0.039152644437202615
-0.018555114772744893,0.0711243129395747,-0.07253744480185444
-0.005309097294261363,0.04199899382711067,0.04080437025039603
-0.017216436214911392,0.01919550668370669,-0.022087360880173986
-0.009823041764690888,0.06049647939535169,0.07953754365276244
-0.11799595756574724,-0.075292134767819,0.008941966054383996
0.013125614914142294,-0.014963201415393942,-0.013280360016551479
-0.02740620689853433,0.03989910037363441,-0.0043963932111259554
0.09669406548717153,-0.05679983446124725,0.05604498215927919
-0.003660646020899514,-0.020781868303350114,-0.019905457083157586
-0.01973059563599062,0.06382085769848818,-0.07008367850186986
0.06723127604689141,0.06669661053008043,0.055291695519318285
0.044206214035467914,0.00020070217326983368,-0.029825318805041676
-0.022874353702163494,-0.010884676054502338,0.015054508476469318
-0.016497339471897455,0.02291836186275187,-0.07622895772794097
-0.03265739744978145,-0.0665853258184475,0.02400353771363266
-0.0045279065725978875,-0.0012069512174463309,0.06964891974971195
0.0013193879684737665,0.07059889483783642,0.15564333639784728
-0.003456564751770255,0.043502733329722626,-0.0663770734436082
0.02900685713878582,0.03507841529926188,0.1134809567359745
-0.03622202183436401,0.0780110494763269,0.014100735687370872
-0.04914104819683,-0.031541258600314225,0.08639108515163776
0.019376449939591416,-0.02787711960296569,0.031841866007548125
0.0636045775856047,0.07145038638221249,0.003367571434043306
0.006803715792363699,0.017934220653229794,-0.008264626193032431
0.06170818166631814,0.028607867230212587,-0.06305573186186239
-0.0735925889660583,-0.03120741370375337,0.03931768253772492
0.023648014091370337,0.04637638123688434,0.01715094103560436
0.019998054042671007,-0.11388063975719452,0.009139509739772744
0.08072857707630121,0.028061566424506166,-0.04718020740561171
-0.1013778578905074,0.03438567842600754,0.04286358412971084
0.057929415803438675,0.038224619615322704,0.06736649236138688
0.027667277988971353,-0.008577885957306868,-0.005369573037881598
0.011235477232964797,0.07154339980767208,-0.011227272587394891
-0.06202958114549506,-0.016480795903038796,0.0003454017228028475
-0.06432160688058794,-0.08501109025491839,0.05136178512400038
-0.01607300727034463,0.008740144071888003,-0.033810325465323934
0.03282004707721118,0.019234624532479337,0.07067192480327053
-0.007062639660885453,-0.03318388412996556,0.0867058651202792
-0.03283083630313631,0.01283205447498375,-0.014050428732735196
0.029100513228001557,-0.009485820446607481,-0.1271780787077004
-0.03965748594085074,0.02622281826217869,-0.061379697614010714
-0.08933639786795795,-0.0026224932782398114,0.030110840213048398
-0.06240777278989036,-0.01218909488788336,-0.07278626853220149
0.06476207480237997,-0.012417338914427799,0.07198369590608714
0.06487525773992786,0.09373656307182496,0.06706066313424408
0.05175870498600986,0.020794580561559146,0.02684508491731953
-0.058057996026640406,-0.017527512865295462,0.03661448032958354
0.06423838307452026,-0.06064179227627746,0.018355039160267143
0.03787088771109204,0.02551228724331702,-0.011906268133508764
-0.035720373550991634,0.049966381656186214,0.06529227184135258
-0.006294228829398623,0.044322544139478635,0.04128869693736791
0.11926251448069969,0.02814343669169198,0.02665622007906334
0.05334284929058926,-0.0608343462652364,-0.01782644261338701
-0.004758503417464279,-0.03842294230154908,-0.05816001450510069
-0.021373314870573656,0.04932552085715966,0.046714381090586815
0.06714921044535396,-0.07286624097968211,-0.04139406820143338
0.07055664606829706,0.005698838727227602,-0.006419748720316755
0.01894975879744305,0.0387976964930985,0.07859229390529114
-0.012773565408123138,0.03812102655676221,-0.01953209207217841
0.09084034570438919,0.008465089855715245,-0.03626728220682567
0.07291181891927401,0.05038274041672546,0.02998287809218973
-0.05054660852003073,0.04181202013721343,0.08528031906435776
0.004533512491168205,-0.01692708034022805,0.016539516018929612
-0.03038614375967977,-0.0033177297567357524,-0.014731994115205822
0.06206174743619072,0.03259977314814831,0.05026023705877942
0.05698719486244776,-0.01881516183565764,0.07830081257450847
-0.013108888575075708,0.051021669795609174,-0.06887658490224496
-0.004022342551586504,0.01624358342027545,0.0932481496892424
-0.047959424812553386,0.01463398389686714,0.012937329696774639
0.013436740161715262,0.04071205090421834,0.09234882761994186
-0.04594842621724472,0.08537175481725696,0.005494832287871378
0.029718614764411847,-0.0611418191763535,0.01657681194541584
0.08580851167908575,0.07464755958122639,-0.014171078234178198
0.02274134966070091,0.03091739194746742,0.04962015596626579
0.017386999710356097,0.07865002264073151,-0.056949511783707524
0.056966455748516526,0.008203507276247515,0.043769662581723365
0.037976987230308436,-0.03188369017944324,0.00659746506912208
-0.030046105162812666,0.021966657767717848,0.11093592251286126
0.11540456780779473,0.08711653706435622,0.06548444404680046
0.07217059408769956,-0.009761828836152713,0.0009874544633359204
0.06753784069806329,-0.04035375034584138,0.03876147572159298
-0.013601685948997636,-0.02953963361178367,0.060352635751759504
0.0406397278134166,0.03629593792815598,0.010207608452199576
0.047306852014437434,-0.058678454280708156,0.07167102296380068
0.058316305119208295,-0.001964342144092617,0.11497295021447698
0.022700928648483342,0.008016797988497016,0.08102125491484106
0.12669678564950548,0.03379302603034114,-0.018854154299523293
0.07222536600315045,-0.008248447687897304,0.03994475201781473
0.10697283603170546,0.012546932126083755,0.04946678121708797
-0.01652240994414507,0.03453998222123638,-0.005156854803729918
0.01192272232575384,0.0030196579792541,0.03596125694566015
0.02956484364149474,-0.07316079866012565,-0.00036676231705277604
0.011687187122351003,0.09272828423343164,0.015170970274532434
-0.0994717959829807,0.0259264723288749,0.03039295784563801
-0.04923449380633001,-0.06257513326960268,0.10685544428485083
0.020452343185017017,0.047882895505939,0.03494482769105582
0.1122056933532343,-0.05973857298617875,0.10338129827340861
0.039084763512670984,-0.032997761692568926,-0.1109755098454887
0.0692281864184951,0.1360638546714235,0.012118048747572071
0.054763152793505875,0.05337506602550395,0.024687585744149178
0.05347801585971965,0.056413500737430865,-0.06432190118523505
0.03624758874376462,0.03224373647043085,0.060341832958797505
0.04362270267468983,-0.05689689768025197,0.05933964928427965
0.005350205392326009,0.13479499990191202,-0.0011877770792047618
0.04132688038286312,-0.046675692493025715,0.0018058770216716133
0.10402702910255762,0.001219159760873844,0.016877672798325118
0.06258015870689132,0.0212433934339733,-0.03645091376172896
0.08495119070114936,0.017009538964111448,0.016870725269291207
0.075601519036874,0.016850546879884673,-0.00883300918832148
-0.08641733554723248,-0.05629218668875943,0.020388997066312566
0.056476708442460284,0.06382321865107496,0.05755724761764423
0.09137162190916702,-0.055475426775989725,0.047340627798183335
-0.019784386646256046,0.017292103124298734,0.0039698712347506215
0.01961429936281016,0.03494756799396959,0.06311138057935263
-0.032004181987682206,0.03962575642166326,0.1189211463772902
-0.01831741634207318,-0.031230849697762526,0.006987398479274409
0.04138721017863781,0.04659232247202135,0.0032713380571916563
0.03813020371907884,-0.028037888234270537,0.061501241264968795
-0.008032273364456107,0.04144983698010644,0.03330534940946395
0.08670249872614631,0.014449534156593901,-0.038608754159688216
0.06069322091338671,-0.06705879759247714,0.006305287938494952
0.05429300767590285,0.08664917200736977,0.008817670018539739
0.02718325537835772,0.02117879883574765,0.056550835859448687
-0.04915773872101516,-0.009318488738453753,0.023208946532179538
0.09248406523933617,0.03727962033769537,0.015568027824614
0.07345712763099313,0.0923763401853113,-0.009896285024304598
0.020672069658593768,0.08527925688552336,0.00034663224184088015
0.030764594837980518,0.027052622019573272,0.05981536895742995
-0.11200502091719507,-0.006345345665288871,0.05130564435899422
-0.0287207254781471,-0.019909148266853062,0.04538209675264758
0.08915663502929794,0.07619170877119745,0.0887608681664282
0.015860452317951614,0.08701347043196629,-0.04552234281711155
0.032406381665890154,-0.0009761805586876969,0.031028221196471962
-0.02165912958537409,0.06275870680565748,0.05754673687151748
0.05898201822070273,-0.03812254668709167,0.04010494625026062
0.04799060783224114,-0.012999528580790516,-0.030351042787889842
-0.01706934550265277,-0.06358513252919747,0.01496232113292269
0.021766789282385592,0.0051282990116191425,0.046849388674989986
-0.008423357383206102,0.015996737969021783,0.07924493754691772
-0.013393433789705061,0.05002867913698188,0.04197842556743486
0.04639724069649527,0.024060347044707164,0.024258893284370964
0.05282794507733227,0.03831263790488075,0.018788521267043272
-0.08945497431006749,0.05006871344762161,0.06704113853246504
0.02015971376657215,-0.04276717834678259,-0.04391615536758453
-0.08207567648046905,-0.060134356146164,-0.03961078894607161
0.019533749100872994,0.05320233183167536,-0.015440103815511242
0.06777919197698061,0.11266856878969818,0.039108488915373045
0.038906044533879795,0.06503962006049253,0.0008309477595846299
0.038018238487631285,0.0540738588370345,0.0930897378453666
0.06681090306783619,0.04955524001850674,0.058247859762948724
-0.005083800541154921,0.08673505252592108,0.0154191874060675
0.041414725430861776,0.0187936059897133,0.04173237310761647
-0.07203748659295259,0.05688389672560973,-0.031279465996685386
0.002504458864659522,0.040191816176730705,-0.038454464902397
0.025139284371575442,0.05745734191300749,0.030192031732779914
-0.006382349093888297,0.04525133622405297,0.011757576855757582
0.09508528713121098,0.08750280827702332,0.01706786127473744
-0.022765337359662886,-0.036990743825332434,-0.02002668696336031
-0.027511621120822855,0.036674601998638555,0.024990628940832846
-0.04489998920231643,0.06692004197871596,0.006186729247111961
0.07613977324383242,-0.017252565459264815,-0.019519251960243268
0.0023863198513555724,0.027090832622936323,-0.0065918054518943735
0.03122519247319963,0.04540160340954282,0.003169197480951135
0.017527947351185295,0.06145603492352051,-0.008343952790290947
0.12608361433354195,0.04096392254688704,0.08735624758566728
0.06329818991758246,-0.028665294198023283,0.03441854112484189
-0.0012755998684075027,-0.0028214229101613773,0.05397306890573224
-0.024899321808325603,0.0023374016454691202,-0.018118245197296105
0.020280858950646057,-0.02411712805770698,0.07504078178565095
0.021633089044422266,0.055370514139503973,0.010228383088948046
-0.053999435009878194,0.001984991753775993,-0.006352426846565567
0.0011822052234385667,0.030621945127744847,0.10690501105798425
0.00018524396526494076,0.03137564016288754,-0.010208008634622045
0.0072150929467111515,-0.05340964027710007,0.04974878776214982
-0.029967565636301662,-0.12160935120321138,0.023656724470197777
-0.04940572779289767,0.014305334556126797,0.020789377666275054
0.03464475934875581,-0.011239540793299547,0.03582464263686609
0.022333313389344744,0.008432596058489616,-0.016671900098901096
-0.03771620515578171,-0.02133790358352099,0.0024279361274020814
0.009134587045234628,-0.025707936283238142,-0.06345562468904435
-0.03207160830277451,-0.011351096741722615,-0.01608525710917234
0.028560784385768898,-0.023683143405705036,0.06172346131183415
-0.009851257544951263,0.08803332508588389,-0.013450913337086177
0.012409655028319838,0.0336507719019952,0.11846922343181264
0.09283996048181208,0.05046882217021433,0.04724457204241982
0.037860739608674886,-0.041828659250175954,0.01847864627581873
0.007130729270472647,-0.06452167225501496,-0.0058028592286889745
0.06523060900231793,0.043833338961092115,-0.00225927329324438
-0.05699663966888755,-0.053659794215936536,-0.05396832994723531
0.0445962534458951,0.08418174869483942,0.037565267260161975
-0.00124080346211886,0.015865751445956474,0.002749297794902369
-0.006838667531390869,0.013258753789983563,0.02353373613873277
0.09016431051786394,-0.027731770246269098,0.1045342486724761
0.07105854248765112,0.00045417958908415546,-0.011774989491347481
-0.11818554547342962,0.026614015001310633,-0.05958089267825343
0.040899543101315654,0.007667786290869569,-0.05183591138913497
0.044200915409331784,-0.028191186155394402,0.015708638453601098
-0.04439342829323784,-0.003580035311572078,-0.05060163322955616
0.09105277357036365,-0.004190187864794753,0.04552619120862864
-0.025965939993517324,-0.042041758501998115,0.008510654940564423
0.03175071134653832,-0.11344493804058392,0.02773815380684054
-0.006819375902503541,0.058402268413376326,-0.0008674290646659198
0.017796363179562714,-0.013311894534210524,-0.03905899314691766
0.05167334974310144,0.04736167899009984,-0.014325588746571643
0.07636995996333175,-0.008158008354786195,-0.08929646261724666
0.027063580084994085,-0.021207516182679267,-0.04362213268447063
0.013890709116804704,-0.024396435517429302,-0.13578251822924256
0.005200026037242246,0.0051273357411900896,0.03579944428673671
-0.019001371339363853,0.015992884529281912,0.04078270450489009
-0.051798766389374085,-0.017917514862655474,-0.012139206904219858
0.10764959568627476,0.004228342613256716,0.06252709107434605
0.016178902461978097,-0.0029294332989726985,-0.03228778265526161
-0.01347634117932423,0.011277626391886432,0.0022295439847312536
-0.034797348721175785,-0.05773266797931762,-0.028339686148154675
-0.04787182857576324,0.03484802198045607,0.032018018038827464
-0.022422795597476043,-0.03808763781435187,0.00576004419987834
-0.031008021032034885,-0.027347019693346165,-0.012416889835722538
0.05153944283157652,-0.08511429981980721,0.012621624962481301
-0.020958130715362674,-0.07409780141765017,0.0324355285962104
-0.028678548464031277,-0.07364957614893967,-0.03655144123679503
0.08715526521282149,-0.01786867549699314,-0.009835057642742989
0.003309855969313902,-0.04251344905477866,-0.11442319795908118
-0.0348692705119342,0.051318365733843414,0.008753436979680496
0.03975185908622491,-0.0202931471900493,0.030578877364822045
-0.04909882759880359,-0.0069913724460195625,-0.02493934944726969
-0.06890217024165712,0.009202630981078253,0.011366192812856354
0.05797554908049372,0.00874524073824394,-0.03170893997419806
0.016782951086904613,0.012107937930492947,0.02407120400322877
-0.09089600157134556,0.010106418059509412,-0.05278935984627361
-0.04486277744513709,0.009517818563096143,-0.01383768130523684
0.039102842525441314,-0.021126223141767764,-0.024104896569191306
-0.09145083606837041,0.10325446753016886,-0.037436995243104995
0.07502185991824488,-0.025862959771561715,0.006812831637331094
0.030388327189112486,-0.05951736307094947,0.10032049948801627
0.005908685184850351,-0.031528872094364266,0.010000190177012182
0.025842430783470142,-0.04124735453832861,0.03744600746871116
-0.08461584953911089,0.01256700869192271,0.01034895462233335
0.01007134358602367,0.01267326033827745,-0.09057200849454268
0.0683327934351726,-0.0663814071577224,-0.06172482860229316
-0.028641189961075814,0.02072952171061137,-0.12026797725725874
-0.015611013937595137,0.013000345119596437,0.017442994526823234
0.07509014664792729,-0.04934966323294132,-0.0071980340696205635
-0.015356630154131315,-0.020372284374121575,-0.07705158187269964
-0.013687155744891552,0.06987213644941553,-0.01203272906380842
-0.009139117129684323,0.16531115596824814,-0.010669344173064726
0.07688679662379981,-0.05551153611552342,-0.02631076273676531
-0.03047166559441887,-0.02874986963066764,-0.025485414758044757
-0.0542411893462502,-0.15865433215700053,0.08090077584951139
-0.13435306927891735,-0.02097618138627379,-0.016299487999130183
-0.07996024517077177,-0.045460779924999487,-0.059803568672791296
0.028091448395472222,0.003548189217778601,-0.015340285580924116
-0.00177372393460524,0.09991526834161986,0.0014142185069214164
0.055413120841461175,0.026334522793661955,-0.0982051685324392
-0.009434433893849488,-0.036759720272863686,-0.033164426163234936
0.06730242064980213,-0.05033744699209082,0.06449630760381235
-0.046129338083578976,-0.0781171715498994,0.0479179301007713
-0.0349405170216061,-0.023749590791408905,-0.04648909918226809
-0.06160336713310389,0.02987641134423409,-0.0016761089674199852
-0.10452773775006693,-0.014329282209325172,0.018546574510514127
-0.03278528521658042,-0.004995590625198831,-0.020399997982274168
-0.02947803926745571,-0.07748758535408842,-0.03981117598870944
-0.027639923842513625,-0.07963344152492853,-0.110319148388311
-0.042852055474845344,0.028259646338873092,-0.039620083736573414
0.010607165533139118,-0.055192044456088094,0.035797130805522936
-0.08452930799359167,-0.05701087244261021,0.015556968464509956
0.05818308055616808,0.01235982369082974,-0.08713996792511446
0.02138097235521763,-0.001333484434956388,0.02621583637794197
0.03756127126837776,0.021166111885421886,-0.009251461827087186
-0.02779382705688665,-0.009833696987856317,0.06036359903367789
-0.016423157257194062,-0.048840333433577396,-0.009596044530047846
0.02016808378187659,0.061460418497311195,0.001696302873685076
-0.01359503473571019,-0.019974471682886928,0.08392095933182517
0.06212439157946506,0.0222760537695969,-0.06768065898977767
-0.026303559031871593,-0.021845214111509702,-0.001197855871581499
0.019578454189246124,0.037423364470631645,0.014358696979538097
0.011139928483962974,-0.050373029504881726,-0.03181406765651417
-0.021015162511687845,-0.05224632802045345,0.029745352254762988
-0.07396277348443475,-0.09276472068614873,-0.028622562215600663
-0.008113081274336052,0.005011514155009399,-0.03174186600934343
-0.14976713979990053,-0.0927137248233472,0.009138065296645986
0.028422712184365893,-0.0376635379487039,-0.04063401285975419
0.009932120679471582,-0.08833361292020533,-0.011301932682461272
0.018183642082314478,-0.13104141169798578,0.0073840697795052
-0.0024300018182177446,0.04240322926481338,-0.019549608646322814
-0.004696298967152145,-0.048390730235786765,-0.00018409479023196243
0.001209067087423639,-0.014335508894449548,-0.03179268383610233
0.03705067850118533,-0.04647012276913269,-0.04041380421726068
0.016753065561399758,0.08006768291795416,-0.04570845530019614
-0.11142353636892194,-0.04649590295842058,-0.07928794656582473
0.004146903933393387,-0.07670056023532959,0.025917914409931873
0.023070545766426406,-0.029713938245126026,-0.05024757365521225
-0.028631976542115592,-0.048804788033771876,-0.027321582043993643
-0.07170633002692475,-0.02520913452248848,0.02552476402383384
0.03361961472065101,-0.09116296520736261,0.035702576915659624
-0.036911635736560464,0.01960863883769869,-0.022087758593629152
-0.06028743453815723,-0.010672269353626496,-0.03747438456506562
-0.059517419526205886,0.04962738962522504,-0.0844067247570488
-0.052948255526748575,-0.06721447143834869,-0.03745887981983651
-0.024549271507523982,-0.030180819225882626,0.019397942795358284
0.026677150536840125,-0.004681781153947441,-0.004097063249860051
-0.11996116600925237,-0.05210435669189366,-0.006500350759999917
0.03387763325792707,-0.05277599440848558,0.010648266792099962
-0.03877954830390323,-0.0010170903967894433,0.0009516711694092621
-0.06065387033829853,0.03036790107220731,0.08440013084997533
-0.08645197862893444,-0.023972807570711244,-0.06467446078134101
0.005879574442669851,-0.010948175755856954,-0.008042595045040412
-0.05654348545790713,-0.01001641334155442,-0.006122158115956972
-0.0964797943468253,-0.0681773856015594,-0.03875554044812109
-0.10881222339950794,-0.052198718027322635,-0.022454807859317364
-0.06098581288932246,-0.07504929548724981,-0.04580085507732009
-0.08805609386614549,-0.00998622531039966,0.04588409685262778
0.04820402778888965,-0.05874835917065482,-0.05020830644874998
-0.07993281942949966,-0.06459922896137087,-0.0705899027542365
0.026633974279729005,0.014700603235255263,-0.0909590185524724
0.011163405959282762,-9.394618929946599e-05,-0.009188739313558137
-0.06560338067556404,0.03381816609089169,-0.010614322283322824
0.021647190757807393,-0.08151478726806777,-0.06094800309458186
-0.08214764179148559,-0.06343379662612074,0.021752617269612536
-0.03592619838964374,-0.02598488992871423,0.024970571072007956
-0.007513372215341926,0.055927043596577485,-0.029214393724262863
-0.0016386850482058186,-0.08733924860709359,0.059568336913496986
0.026344860067497294,-0.021268833066787726,-0.037726817292615164
-0.10353890150688694,-0.1051008895122941,0.019478752833405
-0.06166077753059791,-0.07358210750881355,-0.09545373021602595
0.05675789298657932,-0.060327251917771135,-0.03838570947441827
-0.005253895370263877,-0.03895828408103037,0.019723909443294788
-0.027137116854371597,0.01170272286448287,0.0032325715642625708
-0.015186844984010288,-0.022073376483960544,-0.11187305197733455
0.0011138194872065063,0.06788144775959559,-0.040718843790402505
-0.03913575868836329,0.00728135512803221,0.12080839166389819
-0.009325669987778538,-0.04103095020171211,0.036675110059036925
-0.10847506823374702,-0.057286909903451796,-0.0150774384971544
-0.0018018675536008652,-0.020029860775338713,-0.026587282139643224
-0.11000349208251206,-0.01945591880604387,-0.010518970894887526
-0.057673957963757565,-0.022358537139150494,-0.08237477288771752
0.013875708207423246,-0.029583184754448537,-0.12165515091494854
0.01854335274791158,-0.057383720048805716,-0.021506757097936764
-0.01848172925116042,-0.14207682480425282,0.0028216586785927943
-0.035546137334995516,0.08395823765318287,-0.04192392578453255
-0.061992552395573025,-0.0006976314897020573,-0.06164200620368201
0.023868087550792196,0.05453969286066737,0.019721624875081747
-0.09051139159363789,-0.01908993118430038,-0.07167028514964476
0.021519267052312312,-0.0036053147489456417,-0.03274093152988719
-0.0485762394573695,-0.008884410556875708,-0.01446849763614996
-0.04789634339524254,-0.04806893489537506,0.02851873426934123
-0.05657066326728377,0.020569854927271206,0.008451402723738451
-0.05690739971376652,-0.01915004137211107,0.024447302204449628
-0.06557740409438101,-0.0683933006262794,0.0031448634513031384
0.011695867523160182,-0.1438917982737309,-0.05783016817614312
0.06608565691908358,-0.03791517820846975,0.0100615428933772
-0.012477757780593962,-0.021489966003434474,-0.07442146751926772
0.002066204483993467,-0.0032178425517836815,-0.04603089764572147
0.06613184892255188,0.027943440566315085,0.016105827243738574
-0.05501219361624254,-0.003917836552587163,-0.031999339002560426
-0.020567045427697443,-0.017149909868049866,0.09125208787145342
-0.05287413806244978,0.06213456383064869,-0.026942839264106545
-0.008287535962876832,-0.061948210862938835,-0.039308212306219836
0.007600863561431389,-0.04618085210260414,-0.0719589746169285
0.03993086614188526,-0.11004357859242632,-0.023492070086859346
-0.032438697951626724,0.011967787524850578,0.022638974622575712
0.025034953080634137,0.00710939133227948,-0.003706160240040713
-0.028311231024533957,-0.04592965588014255,-0.016391428841328094
-0.05750281752926062,0.007532738490951197,0.011010960541351634
-0.0470119295175679,-0.014166234660668929,-0.0077686982068397685
0.023098479639915327,0.006768901589713291,-0.048353729014816486
-0.011126638869313334,-0.1064431830632552,-0.13622345665044566
0.02243568207564564,-0.014745080907636007,0.00956276625090658
0.060366401082789206,-0.006932767244021794,-0.05411290439497364
-0.005724746490390547,0.028687128138174735,0.001874483093260165
-0.03134901285628212,-0.042698794825992856,-0.0449736054158093
0.013417297026660627,-0.014675269491692195,-0.005227295955429403
-0.0022683292955594167,-0.016008900458782956,0.01427149446306517
-0.06201469701020433,-0.004591198973384542,0.03339340443146281
0.09295169460396321,0.026614513293803044,-0.10045238046651446
0.029333255797052912,-0.03814448391717564,-0.10353402841703015
-0.015458010122744146,-0.021046839087250205,0.06323727350519287
-0.07033654167898556,0.01155190152066533,-0.08491965214095139
-0.045910180102115825,0.01739113321242859,0.03373321121012589
0.03599618462884452,0.017622402375323136,0.012735251682127352
0.005967125455410624,-0.026331644400328556,0.04236241671747349
-0.06664678863282518,-0.00039973336576191055,-0.016708984806708738
0.07471971693735274,0.047787773208799386,-0.022632097826838986
-0.012561537963119405,0.012987499649879546,0.016814906525798007
-0.032391164870602715,0.023946841839147113,-0.05268974696762457
0.002517513804735804,-0.014709982896057686,-0.07079653391250387
-0.01826066638167978,0.04310351693086725,0.023624110821328013
0.0812003673346694,-0.03665951235035307,-0.09741969416244498
0.033815026509778454,-0.03734537230863919,-0.06191731211043815
0.08514634431729848,-0.03467918842084347,0.03406856047065996
0.04026043216530881,-0.0789182078476018,-0.0409102057473539
0.033205549822952776,-0.09888701407409005,-0.029002252662713644
0.030197413420709474,0.025672250634977377,-0.022615822699424967
-0.06784669439234468,0.008683226473627716,0.07012310085622028
-0.0031727529780948213,-0.08538636044269644,-0.0402788718724582
-0.10375923562709968,-0.08134158577898053,-0.037170526156879595
-0.06128402798012471,-0.027072237072022904,-0.05375994535044978
0.012343841601960023,-0.06338871189964626,0.020868934995064453
-0.08624835320697813,-0.012914834034426392,0.00241365816130688
0.017598639215621072,-0.025791181926293934,-0.04725809984131039
0.023446250750511575,0.0064625900304335826,-0.0010955122500879383
0.021167860777434818,-0.025654294911025725,-0.040786565560246645
-0.028452208959468317,-0.015256758081560117,0.009062498211140992
0.022605909062564745,-0.007449698193586977,-0.0625865301345199
-0.031128631349972333,0.022867834937384687,-0.026144439519411117
0.00014860413401792007,-0.06515228572075608,-0.015119037279907559
-0.03462352855789,0.02141688652867716,-0.019507311564718535
0.014838804491452525,-0.00897524220920715,0.04671969283601642
-0.05889311026500859,0.06997406263075634,-0.05844696982212997
-0.007072556846112334,0.009910337235260788,0.026911121190503658
-0.05170942839229085,0.06482087006242196,-0.051882304941951944
0.07575046951929833,-0.07191603634823081,0.06055244313851138
-0.052472958031098124,0.057364104517127354,0.045612468406681296
-0.013507147484449067,0.004178393647209032,0.11514905789346716
-0.014801081884158965,-0.027681864017438784,0.020150086101627735
0.01707929173553809,-0.022355794848817633,-0.01757528561701247
0.007308973312480145,-0.038975231620641246,0.013652478399293152
0.0019688909711951864,-0.014397303971640681,-0.040713379797956216
-0.03670525721034002,-0.029153057335371553,0.009514976773080048
0.08927697471657448,-0.02668897241776957,-0.11132480801838608
-0.027547807470108474,-0.033804798419608324,-0.003917822650749506
-0.0921450843186229,0.03347312656214334,0.059013482819723906
0.025090311043465797,0.07484560039650581,0.010762074438170656
-0.02513997134652515,-0.05131974441953192,-0.057323220568326165
0.11089566596471262,0.04671037584881356,0.054284295496323895
0.062051917418875294,0.04855502939056209,-0.004799301043564447
0.09508145146823475,0.03229035140241207,0.021728239673512742
-0.04922207151975778,0.002073319807216067,0.05606868034122098
-0.010560758254896718,0.10141908379756072,0.050599924064064335
0.003926799219279303,0.15169851904606754,-0.06690339948161365
-0.045386075269230684,0.04062578723415691,-0.003175624627849788
0.0027485114901527104,-0.03737960688618161,0.04164765967128532
-0.014415764602757536,0.11864571332992921,0.0049091096836421915
0.05879863606382104,-0.011319068474230304,0.07116568718696184
0.021165051974557862,-0.011799249145621964,-0.008587754610318282
0.028582462977712886,0.0437262144080019,-0.014618610314861212
0.061598772269491085,0.0009575005758919054,0.009532439416375025
0.0641824787505352,-0.0003736469920438343,0.034787712730408205
0.08029770361398886,-0.06364634048845341,0.009207349177806688
0.07509054935296537,-0.02427525295077091,-0.02867966694163456
0.03871275649036017,-0.03296665576921275,-0.010877749069481284
0.004755913606809518,-0.04342040964472706,-0.09561036272572668
0.1238278882592971,-0.007728211012817536,-0.0234705111811954
-0.06103883128826392,0.04450739556167927,-0.004182647440762039
0.07392345783069619,0.007508274115746604,0.003372659062301794
0.08030479510342672,0.09212581592552387,-0.024110552905787036
0.13114983537746436,-0.005197073982815959,0.017757564169368467
-0.03464683974848643,0.05213603252958515,0.06751043260956335
0.03073444800585118,-0.07308797085113117,-0.11931637034757847
0.05846643507195834,0.08319062025101169,-0.04715398756400431
0.05463310318888498,-0.02813168880712086,-0.016308772695032624
0.07527908782428029,0.040827427208215826,-0.03867246876452041
-0.02827253446464792,0.0368069534773137,0.1120005381613416
0.03685172734339987,0.09422984325977543,-0.005749321012475796
0.010840006671540673,0.05354959849233083,-0.01965267031429408
0.03394703261271239,-0.054854550886806214,0.038786348678064936
-0.019096958077240343,0.009833455763842354,0.04207511002875066
-0.1213436056611925,0.04284937777025114,0.03420375033132758
-0.024277297233518055,-0.0979840578689947,0.03875926393591016
0.02792323217343029,-0.007950125618681698,0.04582208832542162
-0.022924065458751103,0.043906190691789165,0.04320750097041124
0.01468726132756789,-0.06240654931022561,-0.04456135072121853
0.0821589666807786,0.024194269251106203,-0.061717263978739195
-0.04613625268448707,0.016538301475497078,-0.04135463531849201
0.031796466763852116,-0.036496813652640986,-0.004040396657573411
0.05424148318717828,0.022106484796685755,0.1139340067637614
0.06459747078201337,-0.024965118133362597,0.046631106873188666
0.049985696167373465,0.06206458682695709,-0.04790647523022158
-0.1058991944045512,0.011479627942796992,0.007806030222282665
-0.019202506960182504,0.020070827434412186,0.06074741624797328
0.05292361144055238,0.06543513548658689,0.02730554525780319
0.037221133688846844,-0.022480502278396285,-0.00348946575567809
0.045812869417700144,-0.0025928642272605787,0.10218388702261864
0.04913470597798933,-0.07024539528906676,-0.03608001333086254
0.02233240167039828,0.09056528846593896,0.0735984577604282
0.07946706833023892,0.016179808735058563,0.05027295004411657
0.03049803840444478,-0.05295370703149345,0.019549946254158033
0.021491244828198253,0.04566855900291188,0.014206630576795285
0.03167950466022691,0.05315288724702496,0.04968234130341412
-0.03157995498214434,0.01380673209830216,0.03673367270044857
0.00877092799871553,0.021065675584475585,0.00683428787689039
0.004030328429461797,0.055609301725582434,-0.013407657175442553
0.004075643229853952,0.02340673388053103,-0.015702092158348557
0.006242541402838083,-0.02622849585054965,0.07349262012432625
0.05379060228592864,0.006073502152312511,0.06671566843585583
0.05730092481562993,0.0205498666528519,0.04005398197889873
-0.03639368586636971,0.06378725661398843,0.025931565141539742
-0.06639213216263859,0.05250988804425239,-0.000744943597322946
-0.022260982892510883,0.024273690100551006,-0.03685869471171834
-0.04711772264370048,0.02023951408924387,0.003480310767279334
-0.09878897784102154,0.005730807013367319,0.11163532266026774
-0.02215590974893866,0.053637696379644634,0.056435378134966005
0.06337299688617759,0.02647272749882242,0.1205426162477748
0.05445528602900901,0.06572864683515747,-0.04411087693545005
-0.01089301070523293,0.04484020793815585,0.11433986514686317
-0.021413951374690085,0.01845851822710408,-0.010592417120347686
-0.0011025744840557107,-0.025616214457166556,0.06761197924346583
0.026553845645506422,0.022567156217645764,-0.019333848390921806
-0.12720821077390881,0.016851627736518757,-0.1055265012792484
0.013420838638505312,0.014415817553664865,0.021402887746496613
0.01937340613596049,-0.021078068406719268,0.06309457690500661
-0.013338930148193155,-0.044299888938019436,0.03583743640578076
0.03679496338751882,-0.010125158106974341,0.033836340197003906
0.04648229557822717,0.03720793284482832,-0.029072977890995253
0.037555746246891945,-0.023973450674252942,-0.007220863003255706
-0.042995759320484876,0.000529584842943704,0.12872159713718045
0.0009097752619618114,-0.005059818648925726,-0.007112320729676543
0.11050605067858094,-0.02426409764886716,0.0802594416746518
0.0826532645839627,0.033963963861036714,0.048168839628751584
-0.023390208821367102,0.10514270098651814,0.08456181735179248
0.12078152778213716,0.056202425581195856,0.04048048910020534
0.06017920383549746,-0.011500452935899425,0.023355383690926802
-0.05231029361631974,-0.0293207545066589,-0.08397779708804144
0.1405438024273158,0.05595042413791996,0.006604489636344824
0.035195957115456894,-0.008039226801716967,0.04073485052468023
-0.005881893332799492,0.06449721449161773,0.03263813681505569
0.045264488981184035,0.032156705641670814,0.004887558029146907
0.031656929421102944,0.07406912167469079,-0.08326326271507754
0.06074406434735533,-0.0621659603372963,0.07137341508059025
-0.012363213868172122,0.022755993067355637,0.00746525509421235
0.016640863663541366,-0.003431694496024186,-0.003908711909690374
-0.023895613279620646,-0.035492943067052626,0.0870765033757746
0.03898642797984428,0.027575332825870987,0.07262385663265376
0.10910319481012191,0.003493206289252971,0.025057287640808414
0.12383184185223109,0.024133319211952498,-0.017365759841751816
-0.02393047464776454,-0.06221556524869602,0.017252110778658375
0.025690202709510515,-0.052405483707836216,0.10894870483907138
-0.049923814375488776,-0.05452942159782215,0.07602543843875328
0.06526559651246701,0.04877754777857159,0.03383005540209627
-0.024587432430078486,-0.05520471529291668,0.007002994686818807
-0.005445832426064716,-0.05730327418183551,0.0838674057646899
-0.021463372883003554,-0.04316672397714313,0.06031265954831675
0.04281354702742146,-0.030542643565264024,-0.019859591625041834
-0.050119059156970416,-0.07230892877624948,-0.02910179759224154
0.08019051627563194,-0.005724183190167684,0.03577575367908681
0.02567751974602335,0.10512212978570075,0.07113560618617239
0.13285201102249183,-0.018138413692701822,0.03394366557673302
0.06797869657082549,-0.06853952890600234,-0.024149872301037215
-0.02137598030845759,-0.012354144249588712,0.11613039439210508
0.022375007292764485,-0.058701280810879684,-0.023769747557372857
0.08525309909605837,-0.06221096783905525,0.04023049929335297
0.014942621841563204,-0.014335479760441354,0.0009972767343816615
0.06169517411733179,0.009944490034290985,0.018713428264952675
-0.01259433118650969,0.030740261983644938,-0.003840325758102392
-0.0090466509727718,-0.08360067932791856,-0.08562547441821752
0.013054491386312362,0.01959129636080338,-0.02313556073602886
0.017441092663464473,0.03953068459350584,0.01982872934170206
-0.011303673370720815,-0.024855846783554788,0.061883627945815395
-0.05298540963926367,-0.07889403107608282,-0.00682104810414166
0.10411905558745967,0.019027740746840965,-0.010642046129038225
0.07387334622724169,0.009736083376882348,0.015009064065488482
0.013351239465232406,-0.0598177091698641,0.010754348976814019
0.009840226389382534,0.062155480669998604,0.05494651449431984
-0.04926736725764742,0.09329407436430753,0.04490545653823689
0.06914588815669526,0.00827382090326037,-0.07760802892437788
0.0027528390282172584,0.006737420630276505,0.05468956769287518
0.009480656183819089,0.00396768720019274,0.02561659543015647
0.01588572230950108,0.017747491354596898,-0.027320882553282102
0.02577330568697867,0.055654479069943946,-0.010862009567322976
0.05485074569153345,0.044914064207232464,-0.05277320216598549
0.06080865940577436,0.03037982224163832,0.10198855458251277
0.013893943086644014,-0.027790439172809232,0.029094457213761686
0.012176382034222978,0.013971831541790197,-0.01797161311266518
-0.07998529381004567,-0.039087811528943264,-0.005162212803061178
0.04667515956814582,0.05361236606011768,0.05466753738208267
0.050704150378861564,0.055155238371667484,0.049781598167246296
0.09220627894116434,-0.007688449907306376,0.06446851125517718
0.0282080885796277,-0.00950438395255427,-0.025605940286860196
0.02477947378450205,0.04977562303624367,-0.03988194249529213
0.016656909296320153,-0.044523365656815285,-0.010654251206050952
0.04585036865883919,0.07946743461465323,-0.02589225895650478
0.056762055694140785,-0.0014314439082104488,0.03836163996803758
0.014437465581793592,-0.08254289711011312,0.03832163527075474
-0.013145689125145337,-0.046106325153012315,0.06949132517739381
-0.02229335899331241,0.02887342100555685,0.01396726628537795
0.04635181201130341,0.03876630516471914,-0.052793532328554764
-0.11096949821388732,0.0545781889413915,0.0370692964898499
-0.006345771249378147,0.06647474201315555,0.03752765024538986
-0.011200943191947395,-0.024431654931631637,0.0315506572695156
-0.03152821664832891,-0.09976809843706297,0.0823934946008491
-0.03405449483858561,0.021703443594170327,0.039237452421912275
0.0038627784851975365,-0.02608616511028581,-0.02546271125345062
-0.0089885701373788,-0.017051833150425345,-0.05832220926110854
0.022828006255543633,0.015895008057873555,-0.03323729764944152
0.045073041042881117,-0.002307594873041604,0.0066971434509295515
-0.04220916442788628,0.030326101371379484,0.1160906843873633
0.018993823517795855,-0.03446845889675925,-0.030637681798810976
-0.0810570728742772,0.02782468600518026,-0.02576382231511706
-0.028179191327918286,0.06396719428121202,0.003642183581285074
0.0605494186846528,-0.006566998036338272,0.020404007641150777
-0.002063021870266357,-0.07341263708111356,0.036749130545430816
-0.1254941124674866,-0.00396128570972217,0.04828783962674847
-0.042014160432509814,-0.026446875590876984,-0.05495769629102261
-0.05904252575305237,0.0557569207292775,-0.005335366329100536
0.001012077427497727,-0.004235728504318357,0.09009012731269056
-0.10418504664867301,0.11221985525003492,0.015747494282752152
0.10775209333551906,0.008941449513159682,0.027158833875110363
-0.034669771739576985,-0.05968304063804972,-0.024439967600654894
-0.03574271812340637,-0.05123060553671699,0.051032416101839125
-0.03496330405917299,-0.04693441478303663,0.062186040274459335
0.03265755040803049,0.035346264537449296,0.03258681219964388
-0.007313824766736546,-0.07504952068802283,0.009962646650959509
0.010052636563208985,0.09015719974025135,-0.025190507526339594
-0.014495844985600612,0.06892979636159623,-0.0457449537933427
0.03432247536211814,0.08189650939820364,0.017413059005992926
0.06346513939691975,-0.03816354547132388,0.0026052100305338525
0.03946516960785452,-0.04805395296872311,0.10268032908799599
0.00017227975483683985,0.007031024608897246,0.08926316458308844
-0.036695021986967266,-0.04045147974040915,-0.03323887696223628
-0.03600126732618681,0.05324729723546797,-0.18465216867703269
-0.007710649405085858,-0.06745726040019182,-0.04664591264736047
0.033849705062682214,-0.10303718535513405,0.003959344661037537
0.053667949858408885,-0.058628787303928336,-0.021176248754621856
0.028895603837496214,0.04868115366813076,0.016077171806603598
0.03800623291624927,0.0018020029042277725,0.08103109783356773
0.03466648051678448,-0.008974668980440735,-0.04005993000285333
0.012210492834901132,-0.05919148826080118,-0.02421017484174248
-0.0722253484753727,-0.07693833552344431,0.03118340957340656
0.04220872048923904,0.018083923069704542,0.033054500939148856
0.0032989970901895196,-0.09584004631584837,-0.12923412973015577
-0.03428522240641932,0.024880981259996274,-0.02021149499414285
-0.03286311911330057,0.034891763374304205,0.09097695746106003
0.01740301769918465,-0.0517324907037275,-0.03581428458795542
0.11287143776320806,0.011705796568385465,-0.035038174499478755
-0.005606777499460703,0.023338305884635265,-0.07713956087260361
-0.1552092254194017,-0.03594408384111755,-0.028310720114347446
-0.0840389680533946,0.030430037707601647,-0.03657104375805315
-0.07573192562662492,0.01542274090641263,0.004541436926996475
0.029859807405734108,-0.023107341389579334,-0.01197067164242153
-0.06586903130917443,-0.0755122697608816,0.04785594352784242
-0.052967800257540575,-0.006186188277600722,0.025689293105205714
0.07346352147552403,0.0456704576217114,-0.028965770256183597
0.0033828096974605707,-0.027303076511752424,0.02273903560926502
0.02989213939556129,0.006022904711395546,-0.020093374021108217
0.04466040458682112,-0.03684244254278492,0.07877302940421949
0.03708553681749648,-0.07732447977371631,-0.028034954079354267
-0.030490236814221645,0.03608709426173516,0.02755257353061881
-0.04888465686020869,-0.049390081868057906,-0.04735681771558356
0.0446340722392779,-0.0030914150513583127,-0.05606209757556003
-0.039630880819503285,-0.08643109755223972,-0.0057729804960609575
-0.0010003278707437866,0.027676852911707586,0.021825235428612824
0.02022206521550839,0.06414524110840715,-0.06387413151291911
0.05005569319158704,-0.019676936996404167,0.056281862281725624
-0.0467532157477447,-0.0769315187156889,-0.07363169384957005
0.0725792914819347,-0.013196401395780051,-0.048204315814611085
0.014414245322171075,-0.035704775873609575,0.006549091266950037
0.0020903675406505912,-0.0862755701739098,0.026663956689081343
0.012318633546855693,-0.04798594245301282,-0.0805204735662443
-0.002980819336261915,0.014317189138729447,-0.019309256088918737
0.04558707666754128,0.06549277487766014,-0.013002273776994209
0.03554055223593573,0.011186958652679269,0.027431272233894983
0.015998341741065594,0.027547410523166574,0.01712487267697193
0.043544824251216835,-0.05124864526268936,-0.03234042492605719
-0.024670109996194733,-0.025862034319438943,-0.02432366941419108
-0.0038668881395448745,0.0024236250136670055,-0.09112079878077896
-0.04578551330809086,0.03216618751946028,-0.05169522831915345
0.008711574447884023,-0.04411579915692132,-0.00041531982231141594
-0.0014023482755511126,0.076808332586782,-0.08980226983067932
0.09294787273413192,0.010308457119638063,-0.04616173960505734
-0.033704133635524,0.012454499827256136,-0.04823668466556914
-0.08527940225442446,-0.04619568834111562,0.05368314363518548
0.08573490038093971,0.04460688063746261,-0.06440326478176774
-0.026891343416252867,-0.00505854821947792,-0.052644987316703085
-0.0897965595665757,-0.015863197368077127,-0.07385052047487958
0.02187160754957671,-0.03361714990269157,-0.019539093937188723
0.03530361300297341,-0.03659750007090535,-0.04639934674010053
-0.04654167279068015,-0.03332713532439946,0.007019929694209344
-0.036379600476363363,-0.028950383670814994,0.023027348279631366
-0.056251535810881756,-0.023659146370582737,-0.03419676989745081
0.004261626742425018,-0.0808982112416427,-0.043421628309700463
0.03687315503782816,0.016928329619059292,-0.035747640466954944
-0.0036717132175471574,-0.08435718544432294,0.01696383769922934
-0.06067978917953839,-0.03758156664125137,0.03938389366020794
-0.11257178518617576,-0.004873516669747779,-0.020989610620869962
-0.050266563839241565,-0.10615211149151303,0.05801160574087852
-0.005718400428483884,0.10828885364739807,-0.03345343168479126
0.06795999719427284,-0.01315648306560034,-0.05427631403694701
-0.002331189050127965,0.01773300213023843,-0.0889156020939532
0.0010578522735381589,-0.0022722557899305107,-0.0942435685093163
0.010727716001868691,-0.04274755771558905,-0.029810648747207118
-0.051966022552114674,0.026418593887936537,-0.07601214199836318
-0.08632333810175923,-0.02377677127967425,-0.06507424100333224
-0.060503902132593546,-0.02591109332266477,-0.06079909051818848
0.11359696621927663,-0.011418635391152086,0.010891709779968426
-0.04255088027059031,0.05765769789694927,-0.07305553666251692
0.02647506611641561,0.07076150335098128,0.05101252117783882
-0.009919780616099516,-0.02719135391899158,-0.024298206226246802
-0.04121073479487797,-0.040369033189854346,0.0349293068189324
-0.13848942127904687,0.054268781042585826,-0.019546551749617884
0.07377413992720545,0.02197607877466553,0.06365419351235466
0.010255786508471434,0.0648518654318927,-0.06779644743624201
-0.048659654129752226,-0.12476238388257896,-0.010028784479332122
-0.04690913843799425,-0.008459991353868965,-0.09933560131652877
-0.11795404497178608,0.05668175630853329,-0.006722189116025765
-0.023766508900536446,-0.015072719975858217,0.016836071071457962
-0.1030839114941944,0.01658115952561139,-0.055020824133016705
0.0001566814722913784,-0.006552395691406556,-0.010779504795775772
-0.05479549190094091,0.03754897727250908,-0.053184244682097204
-0.04209695406100853,-0.0862549811613724,-0.15936127162396935
0.007358621530539074,-0.05066939938442294,0.017701225603115784
0.0676289339966272,-0.12986971286644688,0.0361145345352927
0.028933559485926325,0.007448769695407299,-0.010107793698320868
-0.06282576572008344,-0.00593330775391772,0.0036217706487730733
-0.05229970478754162,-0.06312991506051509,0.023726822995000216
0.031911966932980707,-0.010916396888576771,-0.01308530812786338
0.045305352345188545,0.0020910392312770525,-0.0018588898910417116
0.003514976459707605,0.027500512000095536,-0.04274738745821367
0.02542923446326905,-0.015490713835041333,-0.022905613867689474
-0.030574346212537486,0.06775070614099948,-0.06460941115980734
-0.05683631598702303,0.06350325379928391,-0.09310756750535905
0.025204335228574185,-0.07188694978876058,0.023223499364822296
-0.041262149871623424,0.06082440161132964,-0.064140211878785
-0.014237546958322977,0.015550938571847073,0.010665427256992422
-0.09283075874648634,0.024401905873617572,-0.027235988291622337
-0.05439387420485278,-0.01101305384380303,-0.04777727000513005
-0.057029495000288644,-0.03023562556223026,0.02606480448519072
-0.07315471636076856,-0.029180461364004404,0.008955983726188142
-0.002711057885697081,-0.032009809311554976,0.037310744142387414
0.05791599473204092,0.010610719929203392,-0.03387690974619291
-0.07452076778619,-0.08276059509914896,-0.004020523553372499
-0.07450967629863724,0.09164162427484039,0.01344023649408655
0.019617176481211477,0.015353033628071128,0.019857472010043797
-0.013994669859551456,-0.0014641515728985657,0.09164136270493889
-0.0033915175109695828,0.05167351748094823,-0.13104576919219194
0.028622471570406816,-0.04212436583844807,0.011081663914889156
0.011181439544234267,0.02040256600088433,-0.07911160312989102
-0.027338021788024507,0.0327218968580504,-0.10792387904097638
-0.08666181149097472,-0.03328993839019366,-0.06168423079541299
-0.034200463520787615,-0.04165651836489506,0.0837039556702717
-0.04888899605389908,-0.023082346358834195,0.05866478600110439
-0.10089102867250278,-0.12274112573093508,0.04310000398254234
0.01304984712264708,-0.09105278657812378,-0.016929182699451425
0.008951421829139921,0.02126686217045747,-0.010614050060616463
-0.07516023877922716,-0.018046286645647565,0.07853260802539792
-0.04573874327187824,-0.05899529438459708,-0.02400654994131847
-0.07870017707661735,0.012971248191923006,-0.06711096405163408
0.0007048618895301971,-0.11040627096098232,-0.05955325464427009
-0.02331016247346951,-0.08091790533060297,-0.045050016712825255
-0.02268398225894204,-0.028667660942774828,-0.1048623244499245
-0.1171666815018567,-0.011118033669849859,-0.046967484376043644
-0.08651784006103116,-0.03574485987394582,-0.03207446172476116
-0.01802302747222567,-0.026404451266447644,-0.016915186553107434
-0.06481438091158356,-0.019402938444720696,-0.023559320012492807
-0.04159597146572551,-0.023215513149204125,-0.0953005797768636
0.004231756298073156,-0.025203111299039828,0.013941274566674315
0.04027348100693558,0.03513907519784326,0.009616294285613666
-0.07127938438320873,-0.017127025807357095,0.02959520939530729
-0.06818440283131111,0.010393555328266833,-0.031274544991929235
-0.013829349665930149,0.051206778182135745,-0.10044127025049966
-0.11122179959440695,-0.0797131053743923,-0.07890682549583207
-0.05046384518119921,0.017734928535630155,0.07188310766099007
-0.18128518885153783,-0.024971925738196118,0.037428111413950006
-0.09410649347842781,-0.06612072455171278,0.07260750451951592
-0.07422470858514747,-0.026157840602233487,-0.07673055350332886
-0.029882043709514566,0.009357174674702066,-0.038331442230989644
-0.008450697046426902,0.00045810284943757773,-0.015414312005169933
-0.02714058081938332,-0.07083700119739221,-0.06755936572523405
-0.07986956658058207,0.024091356531174547,0.08165692283126852
-0.044983836185483364,0.008015392276714476,0.018113774514858613
-0.012064617920111358,-0.08410048603551237,0.14206572226014438
-0.04702842619604094,0.06652407803274654,-0.05262488805355674
0.05996556729211943,0.011524808178403451,-0.006822339762826675
-0.05613981795368474,-0.02891489839483902,-0.09331111528055502
-0.013388428376448037,-0.05447791852574854,-0.04350452657276671
-0.06519073983580023,-0.01266520963902239,-0.022659840321624658
0.041778068398395804,-0.023660208667161606,-0.060577175126730366
0.0209412245250153,0.07925090632817806,-0.04624277771357728
-0.06274824777166774,-0.01595501398670142,0.022385557870941104
-0.0318723821806687,-0.14543624363925708,-0.036010894807961505
-0.006251989276795006,-0.02585400885660247,-0.00339101775232252
0.015312555702431853,0.06545180332854231,-0.02894697430368101
-0.028834952688932238,0.02546218870658053,-0.010390108461330708
-0.019345032443212104,-0.0472344179730709,-0.040179298613990555
0.08885357078151213,0.02618219982975299,0.018688533868627694
0.09035749830533876,-0.02650276048304031,-0.03975907185737148
-0.06306864171032914,0.015555560205775441,-0.03325848374366752
-0.004830111345670712,0.022690247501606996,-0.04077215146233993
0.03885183217582139,-0.004621460182846272,-0.017360182126832192
0.08037377648854332,0.04829275728499415,-0.0027277250859279534
0.01631895529807362,-0.06751802966455299,-0.004528103915007259
-0.08483161328226169,0.007505275911258465,-0.05853876855910185
0.007410155739655971,-0.006818725595213576,-0.0738206036199379
-0.05485959891458245,0.009955845899954378,-0.04108389257920939
-0.05449660934691565,-0.09673858942962188,-0.10248461741668365
0.0019627596378357925,0.08211992944458148,-0.10060843043188751
-0.03302748389167722,-0.013924095659382327,0.03456008444799163
0.034150958317608685,0.061910571021717084,-0.08739665230768927
0.04322776680942769,-0.07126574438244805,0.07760271996914905
0.0037456647579280303,-0.012202270732866461,0.06533953437257806
0.022139407008546694,-0.10440016289812672,0.0342017764379847
-0.030047689559351567,-0.00013447515791613351,-0.011717185879677496
-0.02167716507109355,0.05365458602057119,0.015513825286125292
-0.010083658022731546,0.01964417191393282,0.013334821664304016
0.10874812261412131,0.03163805745529129,0.042221392410590634
0.005941206874488887,-0.013746292839111895,-0.07611403977061341
-0.06808866059857514,0.008698249395127172,0.07282230499209431
0.03344408615728312,-0.03532698201468886,-0.057225815809204716
-0.05668961258771734,-0.0005563193362869857,-0.05463378324659892
-0.0746770005727114,0.020296059866323393,0.08433703252665191
0.04386104370756117,-0.03132227531871723,0.0542489237657374
-0.06031796322741224,-0.03432503360912934,-0.03346177288957861
-0.08627195907125437,-0.0045586107131347755,0.011595362177401673
0.04060296475996271,0.016047452341720395,-0.09868376268139313
6.75072734139696e-05,-0.023725789923584355,0.016439157879270444
0.03970249057678599,0.021449570258348392,0.057206890924950876
0.07894283148702075,-0.035785110529328076,0.015949764118303494
0.006214935269197823,0.0007781921868611334,-0.0606505930087048
-0.06539994801192581,0.011986005348484088,-0.001370645818351299
0.020583961899711543,0.024053064772602852,0.027996695375975187
0.030303174977691076,-0.059104477136324954,0.01206482750092255
0.04786460055267086,0.08749931680512367,0.03666301105695829
-0.08414958776307267,0.008877373879335047,-0.018128644881644417
0.046791953328820024,0.03597872533978303,0.03731290467308123
-0.02967837859424916,-0.000405600466205267,0.0032332365736880116
0.020299441935831733,-0.028852969902977813,0.02038794558870641
0.011917393246061723,-0.03150559060895476,0.07405849299430507
-0.04902294839873823,-0.002119116097035543,0.008712781563355431
0.0200366691704509,-0.09386524091232608,-0.01985516952779014
0.03241367826821982,-0.04121648816230322,-0.03594439569117508
-0.0279916772811001,0.06571201633423948,-0.0036956643705687653
-0.0005074178495944543,-0.03332386392891718,-0.004172063221314041
0.07652727417789687,-0.03660518237232397,0.053348981336406955
0.12056025661516857,-0.02505231773256122,0.026463216252197712
0.11253127991052571,-0.08510438109786692,-0.0671731438955024
0.0920446613127293,-0.10250015621494209,0.03767003832831449
-0.08699819088513312,-0.0364696967314236,0.007686581018906966
-0.0452050960693877,-0.01804429952669928,-0.010463812832717391
-0.03201425003634218,0.030281729997162082,0.012586880092009256
-0.04214646429657872,0.008007138039268377,-0.10778315934817494
-0.030613885614148385,0.032595810959096604,0.012275022006104887
-0.00047339922067942113,0.028275681477385767,-0.10033497847122104
0.06057055130829801,-0.07066339679691465,0.037496473773596044
-0.0773768190127832,-0.038733251664938226,0.0167553959266803
0.02587838139230155,-0.02904454702248762,0.01983851601104312
0.0037502846767643178,-0.002120841043965869,-0.01911232051211549
-0.04357413384559563,-0.05093117954596024,-0.008137976725482058
-0.05983603903704393,0.07354901825975492,0.10762250379463666
-0.008431412775962065,0.09244223741578149,0.029881118063379435
0.03994600395986525,0.0014705319688879653,0.030960135369326
-0.02915851890864988,0.020308696295200285,-0.013238593244240286
0.09864876231444981,-0.015269240693369083,-0.009370117638849625
-0.005481026212077394,0.06382683196549614,0.029474671108270633
0.012485423913445363,0.05618399640047861,0.03769420044004632
5.830219595288032e-05,0.0009146650357934327,0.06397190312213223
0.12315507675939785,0.024859380057144845,-0.08286767328138503
0.08046929117454363,0.004769390245670959,-0.07870996314646807
-0.0055382654815978784,0.01111285429203927,0.04837342945918246
0.026352066603828002,-0.006550111512377051,-0.010153793808847424
0.08072657366936291,-0.044503359624131524,-0.013433130108023226
0.04419173380081151,0.07055425349060605,0.06443797084624664
-0.0029820539563078854,-0.022753106186491602,0.07061849317008126
-0.03132524160279121,-0.01702262714346957,-0.0015198853237303623
-0.036132360816192734,-0.035232066815980886,0.022975530806239444
0.027935494431594182,0.002500892078698134,0.05044363167411174
0.07572942695260479,0.0019162795850950504,-0.025320642984446716
-0.028012804851752417,-0.10381148344543253,-0.012257892273638105
-0.03761087603370875,0.011057173249603031,-0.11064807958856902
0.04720701202950593,0.03146493195263754,0.03731590709441356
-0.0003870151516670809,0.02627678515017894,-0.03920845907771827
0.007167887690052323,0.03133610579573001,-0.03624813085912351
0.07842953809462826,0.06805746134752183,-0.024363922570374823
0.046545983289805797,-0.01100200926471682,0.10707558405577322
0.02766981934204421,0.017676662502135607,6.159047876932826e-05
0.02792703529745605,-0.04423357061846946,-0.03554654121190781
-0.05509090789289829,-0.014200807139260682,-0.011740557651468395
0.013573778437377065,0.004785650835203398,-0.05846309338131919
0.044088204623790664,-0.023743725223498588,-0.01402187694151008
0.04847024185720261,0.0027315508342581046,-0.036426471821434145
-0.019340849570224403,0.0335785105306405,0.05219166106420883
0.026538815364328023,0.07129185377253303,0.0590469113891455
-0.05640576456061423,0.03941787636688546,-0.027376218106123312
0.06040720812740914,-0.03500037269224826,-0.013259429591965032
-0.03842168836837115,0.04261351293281153,-0.06474587641731566
-0.05941071083642501,-0.030598403437984346,-0.010425603920761566
0.04913814720380669,0.026395204846113157,-0.06359363406280494
0.04581589383773654,0.06447360218606739,0.02688568030746984
0.16009254093741665,-0.036410115114637834,0.0021602485332461972
-0.02961889674489548,0.05105444040040431,0.08716275720025705
0.01947063548383552,0.058954614189954124,0.061145007099014256
-0.022454108329566017,0.017045660112726,-0.0345293529979387
-0.01666200620221657,0.01581695438082701,0.04084740651053331
0.03229400590681024,0.008100085141837344,0.03854328057642386
-0.07757284221904488,-0.02755383980475455,0.00804036706280728
0.012649213449363605,-0.005864185682382998,0.05613488095919756
0.005224883280796176,-0.025978002186352916,-0.025870164965964993
0.08802714946676775,0.10298705563201478,0.0963158999169138
-0.015465258367639814,0.03134953603853065,-0.02677871373707143
0.0802897461042656,0.004217385959715034,0.024723871863321912
0.09334112704313745,0.0171771692914376,0.03697226674965696
0.09633823969692114,-0.026305933561370693,-0.014410051139305938
-0.030957960652484948,0.03504769197548527,0.06733097013710632
-0.002642709882157635,0.04324825641873639,0.009763419795128184
0.05769538037149155,0.026812700996176084,-0.004088288135966612
-0.04277553601459236,0.00087091525912791,0.0358361663315485
0.026970522686619338,0.02111686790917375,0.01624100896488228
-0.0675066945940905,-0.0363762680399068,-0.07839268753559987
0.029534300701653943,0.054904025241657495,-0.05954207700232961
0.060744257825830164,-0.002905806023331809,0.10990837076892077
0.03586686488917258,-0.0376001564931604,-0.009622668289219417
0.016475205973878946,0.03992797704343084,-0.05428896710916209
-0.04849432251311953,-0.02021617536893896,0.025287401766207963
-0.05747909489061768,-0.0013908979909928974,0.10804717659082508
0.00954682144626674,0.03656811908763499,0.007063862965587638
0.04520893556879811,0.013878445429297746,-0.01767343208611744
0.052492557530259165,0.01916921394433194,-0.08245967406605437
0.08630913091333135,0.014390072096941977,0.18696405280178985
0.01729344304544437,-0.004775177723713591,0.02337866928860251
0.003146614760925256,0.05769907351632985,0.15899022106301375
0.1185974963131345,0.021098350892205856,0.09341536944230677
0.008990259605650358,-0.030873803700794237,0.09254138081400295
0.050648090648925184,-0.05435785238348304,0.05270254782713649
0.07828331009187384,0.01506261572025366,0.005998730081934238
0.11121196750932419,-0.03584198757275954,0.023767780417777638
0.06168832312910383,0.03312484622935769,0.03276787335336726
-0.012282564544163689,0.09739499078381306,0.06228491452427445
0.11514703316185051,0.034000008041031336,-0.026878555073456552
0.004673110818974757,0.006921060838193466,0.03169067676376188
-0.05973845804150439,0.05908003022258558,-0.05161870437830374
0.045630017570117004,-0.0025739999024792584,-0.05311609248211587
0.03236028761122497,0.048919811680814704,0.058701606029709745
-0.11565154366192706,-0.03852160933138506,0.028492055615007172
-0.13111413692992996,0.05500098862694154,-0.025235267410834917
-0.030380234295965574,0.05089859323915526,-0.005602161642345071
0.11470193601732377,0.10731142930666958,0.05749873687044642
0.013612143934793833,0.028753434133202343,0.09930403619358731
0.035357158404767074,-0.0025545348167364534,0.02248836734397458
0.008143918422750217,-0.010996657837991058,0.02510417374021021
0.015691124271361746,0.04037391803963991,-0.05971388151653971
0.03946858281509015,-0.05837796585516858,0.03614377332112853
0.04571993330336142,0.07668754069761825,0.03519001740887884
-0.0038262562773873875,-0.022452711635305544,0.04112334959317697
-0.10655831470539566,-0.0016391164922058,-0.06615781179905118
-0.0016460574266780777,0.022201528533616812,0.006754976046677142
0.03209098622758949,0.07658087610467079,0.00793282090556965
0.04432918378820959,0.0038020389744195214,0.0334857978476897
-0.04180234707984011,0.04844606370069261,0.11131394280634764
-0.024900488120052394,0.03289504174683798,0.010122647094650225
0.05614409778646628,0.02704278414635202,0.05699259020315642
-0.03342476753768234,0.04566178261096142,-0.029489242541546928
0.0013993525916416276,0.0074226678873907746,0.10687728181031868
-0.07280538350347684,0.08785522628511294,0.004638839404936186
-0.042261513101532186,-0.012008417605196588,0.03832655342438115
0.03152941004319848,0.015601188985634805,0.06430415230540894
0.08072604451975839,-0.006675934193217228,0.0773446619312089
0.02017966235306462,-0.028039130104335647,-0.009496310089977568
-0.0534967920243774,0.0028569839963712984,-0.006175981134906947
0.03426539954688987,0.06436363281821364,-0.04541828117382625
0.046093234573784336,0.05727286070215789,-0.03375467152302881
-0.04052085069851322,0.10009605845536376,0.08635105121503842
-0.03775473725664354,0.0047175027996525076,0.07504341717646178
0.01851149162156053,0.09680514120895667,0.06187717892439913
-0.03216192461147004,0.021264938725618007,0.05553091964028504
-0.02263707105797997,-0.01955237523363993,0.022006494167590304
-0.059935272435903,-0.0918667880960301,0.0533950185957876
0.03790599417386774,0.026605453976139462,-0.06444454159806094
0.026733139389496084,0.05203765789165953,0.06863439598036927
-0.0029953504230163276,0.07377583076883389,0.00045297870429456856
0.06394293746168281,0.06381708812686022,-0.12180452039653494
0.006881343936417192,0.05686235376919402,-0.014714934834002089
-0.018688818154614463,0.0158876670050608,-0.018581566735216624
0.013226606766923877,-0.036307528782039536,-0.019084994748800002
0.04527236787138632,0.017323561560099024,-0.040183659089704386
-0.03870617927784772,0.06378289222683686,0.03382373296903026
-0.0009009848190023803,-0.005961022163325384,0.047142409765560826
-0.0014924953987098238,-0.0237733380176528,0.007079302302104665
0.0038092420670259777,0.02236492901095221,-0.007369368921744239
0.019889204312148162,-0.009378978509488777,-0.06490677927278478
0.0011194762046234756,0.009949651663694135,0.041663789635070364
-0.04751852741790901,0.0018908508896653166,0.1047984173852258
0.04109516685431563,0.04018549794617607,0.02776504871866224
0.06475368644391032,-0.01221394759122361,0.11982927288901586
-0.022104686893282564,0.08729560730753086,-0.05128613818538956
0.05100349467683124,0.046476635657671954,-0.05855371318904733
0.09617776380353131,0.046306824757448295,-0.022813889239144652
0.06785646710456565,-0.0030565328516555506,0.04184041152646108
0.031917536574345616,-0.004029154185048681,-0.030911088907953462
-0.0038773397719641146,-0.04062205219479521,-0.024870641648187048
0.06920877396010588,0.09353582898517507,-0.03667045791091699
0.024725268064845596,-0.017136016153434366,0.006409705306007879
-0.006792425790817222,0.08148629478783137,0.0340061966510246
-0.013564370778429747,-0.006659747079490349,0.041720240298789346
0.017695525277543526,0.02865632781688111,-0.024907802070490075
-0.05428194603858849,-0.042405222443414506,0.017441704416612254
-0.002356747763336527,-0.11183616788249243,-0.020956395376371124
-0.008341322197101271,0.061270968032819347,-0.036895675885169885
0.0894964404952253,-0.07563089517870207,0.037754366025033126
-0.018269644484626823,0.011206471518945355,0.029370630639244125
0.045772084414749975,-0.005394527657812632,0.0808340671798077
0.0388431581330925,0.0323196033883098,0.025021855654047735
0.049755304060411044,0.010774774834073611,0.08424548158343038
-0.07327346464462527,-0.06468849129103246,-0.036916461630206815
0.04671830982504354,-0.026230702366967267,0.10393934043845068
-0.02472760455208979,0.01789275298042116,-0.00991537657147569
0.01231101699663175,-0.022987336652629586,0.018446277058895365
-0.07117417141028565,0.029773396093932362,0.03535841851441716
0.047012381926379625,0.017300543028370738,-0.009275802578636774
-0.005707645179013429,-0.10051473588285255,-0.06661365874083303
0.005378790052011825,0.007315859756041196,0.042849536191158485
0.029575650966090595,0.00753820788794941,0.03897618690263515
-0.00566459926916684,0.11004886929425077,0.02260735501375608
0.02452159162794821,0.031438760556586245,-0.03059246275857962
0.08836582785244564,0.021104942655961426,-0.11666016087423414
-0.046297386539628047,0.05984949441820994,0.07933847594723784
0.04616798764292074,0.04557253524117927,-0.05283846649389232
-0.07299458787085647,-0.017438942869806035,0.020977607765384324
0.03169396134734937,0.00015249317667354728,-0.0010142552012938376
-0.007049050524751301,-0.020379040127911283,-0.018645307722835045
-0.044814977342496565,0.03924189079035028,-0.004381153294816006
-0.0517877773988292,0.001067490396600403,0.06380880736741652
-0.011329856686241724,0.026677491465436142,-0.07490021463324449
-0.1391906672753759,0.05144604942907932,-0.023587090518390988
-0.014032346989349406,-0.04969275045025557,0.06024343183742812
-0.002241388138013146,-0.06189850600497757,0.03949952609108173
0.0005125139377637161,0.015368924172886204,-0.027016505596704446
0.040160929727833916,-0.06620519022344812,0.1201894339620734
0.018261708709351194,-0.016238865430235394,-0.06747123819194019
-0.08862194189418554,0.060619085461957385,-0.009161628888497789
-0.0005106777558715725,0.02260285008257634,0.04706299461397416
-0.031237764274282907,-0.010594810591444449,-0.05204973307894887
-0.09855847901156232,-0.03878801328159523,-0.013190511749584287
0.046617817632255566,0.0042416411831708925,-0.03363363024984431
0.0191904191296404,-0.011604327852940462,-0.03481083265912892
-0.027465178741388464,-0.03290180770723564,0.011966121531638192
-0.1173018420697128,-0.05582341945709329,-0.04813091787468472
0.0616051727252874,0.014675553007439768,-0.03877128211194456
0.030973633584609,-0.05552425216831946,-0.09685108318606234
-0.007422465904072253,-0.002969762675124784,-0.018687792878241707
0.056579465818137525,-0.07556082875584566,-0.03655783216541425
0.07161058735241464,0.004522907661391535,0.023815794501364132
-0.0031853164878803946,-0.047147376288790975,-0.05943127629881367
0.05722511526404263,0.01995199498620316,0.04341784505332347
-0.012400742325557414,-0.019670628315846685,0.042650532963505995
-0.011974450272379592,-0.038217134272114595,-0.007354474539476289
0.041385369624306854,-0.013222449330167684,0.04179563743029424
-0.0497767880137927,0.030100934678992115,-0.0001374532886221913
0.009710337856360786,-0.04829041794559091,0.05161572946320171
-0.08834125216857955,-0.01273043485168165,0.0017163879746886213
-0.017502538667886293,-0.0007402272087971163,-0.03538242573574979
0.07569439389809601,-0.0028176363558765054,-0.12365888169726885
-0.00988250853502186,0.062401666616930335,-0.07652165284640085
-0.024299754797998268,-0.07214478189723167,-0.022693057567447855
0.022549253178097445,-0.0711657381715186,-0.05609188968282672
0.01547244334184014,-0.04048814949722027,-0.02088563000303106
-0.03177621261203547,-0.04120175831294007,-0.034824619574919655
-0.05416640209387064,-0.06900654209924527,-0.10662622433673152
-0.0012705434454294631,-0.05918069768973815,-0.04603945395570592
0.02989689873082506,-0.04808065313241026,0.02803860213546395
-0.057582073843511876,-0.012106971645444558,0.0020725537655812178
-0.03243157480366313,-0.0037854943478056163,-0.09013849735145625
-0.036763128733516476,-0.12310813478836949,-0.016553408437085193
-0.005454946851737328,0.005723067797348975,-0.040912334391151224
0.003004150220281089,-0.024249002816625377,0.08071717625697808
0.024255169442560863,-0.019655069758199768,-0.07362924314667872
-0.037003560291285334,-0.001466188168368212,-0.011072579224421257
-0.012741173766923441,-0.06313468568024855,-0.004202567423125534
-0.05923259971909674,-0.024023455487923947,-0.013381611470304759
0.018911944976937545,0.010050439125673228,-0.05070027544830095
-0.032632286559879486,-0.04732793177251796,0.025870070469678416
-0.05490960676367594,0.013308789171767196,0.011653286399545978
-0.01704019262210202,-0.016520090910228,-0.02420873509868851
-0.03952058288732241,-0.006585224393787892,0.07656555617410642
0.04556892430038047,0.0553651223514925,-0.006615327002527198
-0.08507278986015421,-0.03294757907267424,-0.01733717943429774
0.03953143741708531,-0.048897419307330395,-0.015204813946178453
0.010667596223894838,-0.10000348980961504,-0.02637947344982314
0.02068743665072361,0.03280858081405013,-0.060748732588126395
-0.013911669618596273,0.0551082959167357,-0.09059068504030612
-0.04446362382136178,0.003800524448941335,-0.04084820820052007
-0.04544534480599362,-0.05825470678343596,-0.03715248896630073
-0.0058823955487503354,0.030679556250721794,-0.044605854187494715
0.0076894751839896094,-0.10366902449049281,0.05836263304627753
-0.06232347747144697,0.012153543770929968,0.03485112549841027
-0.0022634777646192376,0.028539792005245337,-0.013624833897690387
-0.03816742963231516,-0.10421508940392694,-0.029496306421554635
-0.022899458387683282,0.01789457206146451,0.005455558383583366
-0.008691486119380474,-0.09258735864952294,0.02617168179719747
-0.010449847032895053,-0.06671461401645287,-0.09029119153850676
-0.05572864646049565,-0.007650042137535664,-0.03856347116622544
0.002269402698639053,-0.06316696249067322,0.006729644905215843
-0.027289906041310888,-0.04111761650219843,-0.027291664719361595
0.04759318670087296,0.019769887119504906,-0.013423057756423138
0.015924529489689546,0.00907714533701156,-0.03171646818644441
-0.0445843524846682,0.013421974629679333,0.048029484451075626
-0.011338087913214959,-0.0606436571812668,-0.12032922176201095
0.028669826369358324,0.03430328249497436,0.0872274929677484
-0.03026033215244903,-0.11556557354647432,0.09233158455012827
0.053203695942345135,0.0029290603645084415,-0.005334640373248364
-0.008649103042543241,0.002728663876793498,0.034203205087279274
-0.05005946535620534,-0.01871971615905319,-0.0465497635249556
0.0022061691578796304,-0.01866263905108454,-0.0046241558942932935
0.004417359465847839,-0.015870370789715184,-0.007905149548221515
0.024386014844691883,-0.07480680803575429,-0.031235033217675408
0.008206965961091862,-0.033993969852406894,-0.06044642514238715
-0.016327874553996948,0.030160961766269995,-0.026109013149089588
-0.03338417058526665,-0.08168682871782648,-0.06356509084552711
-0.04431539672220369,-0.02132576207820007,0.019817292749431503
-0.06918448811811849,-0.017431467214580578,-0.005053915358764035
-0.06835715219478086,-0.01605737084487081,-0.02899872074285645
-0.02769604315170493,0.025339507522871587,0.0041746078568618145
0.025946890832833917,-0.09242552205392895,-0.040266291186844314
-0.0715547175371956,-0.006318711708867263,-0.03950266713417781
-0.0375067725453906,-0.010423710750604491,-0.002185744237810261
-0.012450389920741383,0.02882261953004927,-0.04892310216524454
-0.010716513965115625,-0.025704343064110916,0.011508115673799224
-0.06329429381540397,-0.047722979938668406,-0.11099973360456189
0.0039576010063053085,0.03832405591908426,-0.03855698503670214
0.00997873540135973,-0.019676516378105365,-0.0073858970144823274
0.012579249346342532,-0.11903843079938714,0.007332163567962548
-0.004306687060299377,-0.11536892542446897,-0.053379713015987006
-0.018472579825458246,-0.06179740195141234,0.025337036052124336
0.006513543723421368,-0.07518699951256397,-0.06670254848842154
0.011199403652169492,0.03428971305881081,-0.08052565297597675
-0.031130820616115565,-0.022746571119816813,-0.007801160829659041
-0.01899316472320892,0.07768564408236855,0.028523232437572488
-0.05623453487623963,-0.04544623206262031,0.09500732923212918
-0.03277009006157158,-0.11165959851505276,-0.0048538716259465264
0.0201955732883133,-0.015310338101208253,0.013971439961852582
-0.03606321157051012,-0.06339701913752813,-0.02787144817269327
0.03952655644852372,-0.09743384047083298,0.08711146859122101
-0.015444023579585783,-0.08612014927783146,-0.029969058244087618
-0.04931341031638889,-0.089967333910112,-0.008298853833696574
-0.009528268269628307,-0.09314286634551315,0.02559923940389732
0.08799726582066933,-0.009625101172532836,0.04063924791099852
0.028464555226399183,-0.05492242827180832,0.00565177567246377
-0.08521925668256947,-0.009729124111020594,-0.026558387734404883
-0.016241462763660123,0.010190500634752166,-0.05557575340115264
-0.07092217147460825,0.0008680056611949857,-0.09561585582179626
-0.010270510674148893,-0.01726032291576727,-0.005871287528637888
-0.08965114898413575,0.024878618030161465,-0.06699637101207515
0.006426805884746506,-0.12519214843936977,-0.07834464801765349
0.03495192991948046,-0.09160226128036049,-0.013164526440082983
-0.06917053392831364,-0.03436430677271296,0.014428001873762551
0.00929079573613091,-0.045605265528169764,0.011195073671984048
0.0008621831689094549,-0.06897388725459819,0.011693285113660822
-0.062033105911598,-0.035274849011309645,0.017418808333924576
-0.005875784022704004,0.018021005324705543,-0.07276245862226081
-0.02560103383617664,-0.04989297622448201,-0.03415722387025459
-0.03181003322609596,0.009149264350478331,-0.09567427689019738
0.005688096126604723,0.005235269431848395,0.030262331303002706
-0.11547738423173069,0.03660439040908206,0.08871312652508447
-0.05118005542979735,0.017202381325402374,-0.13848364544316535
0.09060092941813999,0.0459951849251779,0.009139810196408957
-0.014919202089792047,-0.0018448819430580809,0.03071998541040404
0.005374942795403667,-0.027482262195102972,-0.018457620322105277
-0.09168210391341483,-0.05831914649394471,-0.0009120582267953675
0.06451720745340074,-0.0423092639261646,-0.12349396140595743
0.024406693749784877,-0.017504229773698133,-0.17173240991403502
-0.05107088651338791,-0.06154849523910335,-0.015004927703561287
-0.03954040745338497,0.011142639408042176,-0.08231514341053776
0.06847458422416433,0.030893536773991224,0.006182023279696816
-0.09435283224887658,0.019155208141321683,-0.13983438289823788
-0.0012830399235125717,-0.03413491853903197,0.0053452437833785334
0.027195855456572257,0.023529940043817324,-0.02427431106071664
-0.05358094973914246,0.0198173110934289,0.036019116782484185
-0.07757007104476946,0.036190773032562656,-0.04740325873030596
-0.008100153182151036,0.08134659650940217,-0.07022272255267187
-0.02879739876079044,0.029084289069080116,0.029626970506138328
0.02262236724465071,0.06895813631707642,-0.001161993491211542
0.018075893424086636,-0.0270160321224562,-0.0009331168586269797
-0.026241764315307208,-0.06575706791164371,-0.05821311240966785
-0.015391303318667707,0.034866328544414175,-0.03169950000078689
0.08525560064722089,-0.06372797891223787,0.02514057472873222
-0.01755745463371773,-0.01020771338718791,-0.010436043042039976
0.024621553684663594,0.09959929403942924,0.04361355468680039
0.023727752496410258,-0.015056298243719814,0.06267198445768332
-0.02658688712557898,-0.019413075007690787,-0.044360364700648115
-0.0361342115948227,0.0013319843711247573,0.06849557134591881
-0.001065398336547901,-0.010248983914403816,0.017464987157032374
-0.07769875520373842,0.056598373236594425,0.04049696790346608
-0.037839931978090116,0.04770413384737627,0.10251562179550863
-0.01539595807951986,0.06273522157930472,0.03744465300000422
0.04493028239611849,-0.07647426413919746,-0.06236109202247042
-0.03615379393751467,-0.021544540306936748,-0.03170443737412773
0.028942978091141595,-0.00713319685104186,-0.036148193977234386
-0.01831863844279725,0.034316419510144726,0.10107385408690737
-0.017435843037249515,-0.07928879605383339,-0.012061612490018008
0.01523049430858025,-0.005946682389502286,-0.09398364153179256
0.03205635824317442,-0.006618179525134444,0.049025556642197
-0.012885017635179345,0.02160658379554902,-0.046711306394491524
0.014859114817559096,-0.08475825419781181,0.041944698651832556
-0.012907986509773314,0.01722666077910917,0.08094331818132035
-0.02320364762486389,0.016864040738461095,-0.031012867267615252
-0.014821544035425942,0.020560955253904487,0.010654733029906983
-0.03753339240954533,0.06532255431402048,0.02521320466331388
0.03883141245712224,-0.0008845964688549068,-0.021236508978732895
-0.04992392432918531,0.06766580112881768,-0.030658842615711595
-0.012606705646859945,0.08808646408680598,0.01120246038042266
0.01009922699080681,0.004317591589655929,-0.08585485030108055
0.03154239898145864,-0.10122888906941357,-0.1299406564373253
-0.02946305100585857,0.07072997542707421,0.0031817496671798394
0.07455736879483392,-0.02013357939650149,-0.052656259839230966
-0.07077661164141552,0.09332811589779741,0.019093048876806303
-0.014824826523664857,-0.002199324529990366,-0.07008023585783138
0.028738333662842532,-0.03943126841148498,0.017441566367918018
-0.03119593803964754,0.027622843736062976,0.05914389056701049
0.07479707168397742,0.0005152057983694599,-0.05844970631620715
-0.011629172503419948,-0.07102268834142456,0.05140952419997095
-0.024725569771264777,0.009379287892569628,0.06173399304521385
0.06419746907807061,-0.05720143364048432,-0.02052254990263985
-0.03295795360055028,-0.019363049803570904,-0.04626909463803625
-0.04436763024007711,-0.04071386970195008,0.014756230155778927
-0.07171980845198513,0.012213002265768085,-0.0026138872415139127
-0.03110011811133778,-0.02255734068832788,0.03825021048724366
-0.05798783664345668,-0.0818516839061568,-0.02994817424911869
-0.07182667227159627,-0.03659137503800792,-0.016994581800439813
0.03775032508953492,0.10098786765472954,-0.021495879447038416
0.026835495129369225,-0.015140244414666024,0.051959273772034936
0.1405461663606523,0.005952243376466523,-0.02234284030130938
-0.06094499041961493,-0.03997519648366171,-0.03387384118074875
-0.032966631209842175,-0.028452517035079557,0.04087994592790297
0.019533140971297474,-0.020357652066810325,-0.0437751884006049
-0.02174702481299527,0.020725334470619878,0.029924342420526193
0.006863696101189707,0.019967266354554144,-0.0034248820111695047
-0.004458303483278508,0.06198821327416218,-0.07748338537157663
-0.11008450028102236,-0.025654687410036413,0.09019968337038793
-0.011089487959266342,-0.0648626452326832,-0.036486179314576594
0.0011534360434979846,-0.056277717443062834,0.03967139957583089
0.010788631868033919,0.0015485738246744669,0.014486956079099209
-0.08532891175439077,-0.014105475293602721,-0.12139948137090306
0.014892347979381194,0.034613969365787256,-0.0005905166474002984
-0.03173773709208691,-0.01536136277969826,-0.019749352184246373
-0.016085469572626625,-0.06440436909219005,0.01858540271555551
-0.050058103827794145,-0.009684111381224592,-0.011224752196052686
-0.023333709990632417,-0.022495500543152573,-0.028818336457613183
-0.003502934144503843,0.01787731162480591,-0.02844739128389529
0.014985159022414837,-0.09167451093647107,0.02007189914389134
0.04061265013223391,-0.060588291678632555,0.02151882317467564
-0.02807835252591832,-0.11908550464157071,-0.007759696375786993
0.11967296596649717,-0.03369095483921117,-0.1262542145439974
0.08535729795326097,0.10883572560443024,-0.03294399256550883
0.017155688464279402,-0.0825058864965221,0.037032959651851736
0.05185596493635289,-0.02880228054852698,-0.07993833978033905
0.06260012761327223,0.05521511249946129,0.09634353811917674
-0.025229814429493538,0.09123669851645522,0.019324401025237387
-0.0032591998535849084,0.07796690509641979,-0.0008291414281776637
0.02754806939347833,-0.017353420868379047,-0.002664276932215985
-0.059800520793106146,0.081861697714761,0.0886018275404364
0.032530675410961225,0.1690912753949372,0.07254483794151009
0.10190752361578254,0.01709909884604239,-0.056681170069767126
0.03121584168202504,-0.014855866210750579,-0.0018315807143094547
-0.024255985491940663,-0.0018035835875293438,-0.029283715669950902
-0.04814112887678374,0.11535743650133073,0.07394687305716013
-0.0047833484709766845,-0.020116782266810306,0.030381363112976196
0.09400858284884518,0.10959909723136416,0.04126275826947372
0.057408227321859,0.0864887081595511,-0.017021898101102627
-0.02894250646582053,0.022430608858988472,0.08376732833974901
-0.009038708885999664,-0.058065849155223226,0.029235667561468698
0.1035604426540141,-0.040177890055222355,0.04565480138592044
0.0046986525956711515,-0.029206387601299746,-0.07611614756115258
0.053331564022513885,-0.003812218709374775,0.02422702751148234
-0.008394618728179334,-0.038030625917591154,-0.008718164697352237
0.015977544409783627,-0.06392360283548035,0.02359560474739477
0.054653457454652346,0.09325225076637676,-0.022520363181110357
0.011119494933358747,0.019406366554160503,-0.00749752221275196
0.048043256723123984,0.06620079828055414,-0.011591706058957353
-0.02461006402245963,-0.06448898122538432,0.026035134043077918
0.04685308728740989,0.020425310149832305,0.09868308548917984
-0.028329864648420904,0.005202369654392124,0.04487546432769783
-0.08285775196868703,-0.035510806586896614,-0.06787828694595718
-0.0180391419655683,-0.058819384458981286,0.00896921733320237
-0.07689121715538343,0.08070640962638381,0.009088411868474342
0.003775653953537718,-0.07427330423868433,-0.025437878798246143
0.08685808500945175,-0.002579017035541642,0.0693438022341394
-0.08670129791450464,0.05050386780984388,-0.048345240704225925
0.014429667566282896,-0.034917860743499146,0.02312399481566947
0.03625460206045366,-0.056833184106550895,-0.002144400141465958
-0.008793743876346505,0.060988292533636496,0.009290556251312001
0.05021668240631559,-0.09230186751676961,0.026944660894889144
-0.04590759355017809,0.030653979040554447,-0.031205644980275664
0.06929233855141793,-0.0009508043280706015,-0.06114123195916965
0.041313401648417666,-0.05252782674630632,0.0067229649370383095
0.00866720501212789,0.03444753004237795,0.03037503319736254
0.16036359408655787,0.06455665747679168,-0.0471634042283
0.09427062278346861,0.09056451760850098,0.07540521117389752
0.10659422655747823,-0.0006430975357883326,-0.04230161627935615
0.030768725164560733,-0.021621129852470822,0.10624673801841697
-0.048297815865340626,0.09535205971571167,0.07885108837742558
-0.0006257939580281043,-0.00984008775530134,-0.03372026516565736
0.011316283876578454,0.0011166867185856064,-0.02017774613211502
-0.023450767911965105,0.023924317369751844,0.022148897494819846
-0.005803739626189526,0.11769540847203758,0.021399856193501397
0.03974249952825833,0.0491421189098024,-0.012293217206955045
0.09224948968933971,0.08787705555245197,0.029087619205481204
0.055054996731180555,0.12092326359625828,0.05093224581181771
0.014319354320109029,0.016889535276145777,-0.07580705596722065
0.03734448640593302,-0.010211050997737954,0.044231570224952166
0.04369875764085494,0.04583681423609161,0.017934927308905328
0.04547049099914138,0.1054760129419879,-0.034662086817401086
0.049784583840196274,0.031319139625109946,0.04463004473400188
-0.0020735602584132096,0.0501529384144275,0.011634023716746343
0.06652579708642894,0.13817931429942296,0.05242815428101979
0.05835504632700545,-0.029561618501553713,-0.06712138715249964
0.06808179327512269,0.051436690262493784,0.03207724213706753
0.14118034567544474,0.05480534751662533,-0.08262721813836651
0.016258681245097044,-0.05453328207104345,0.15181795016690502
-0.028243699050680218,0.025960055607983507,0.07018823447861236
0.030695423609879282,0.012249845801197529,-0.0014164692053261034
0.04879732461542491,-0.005033437085283504,-0.005565578055620506
0.0015033075160073399,0.0936415788861068,-0.00559278552393979
-0.015432485385113263,0.05533455558704866,0.04310660124177086
-0.05997899795836526,0.07689366397525241,0.10433816970865548
-0.041728095207968885,-0.008161971077653457,0.08781287127978377
0.0346789310480854,0.04412911446464263,-0.05467932116182527
0.016145687276932635,-0.07939216176517444,0.07438919314719583
0.018010279652874002,-0.013033319988045172,-0.034890081519653296
0.07263477831019265,0.041920906172150975,0.005992880575332423
0.01321189934255906,-0.03181846872393085,0.05333199678482599
0.10626640997747744,0.0405313897320076,-0.030831687126338863
0.0756509476581854,0.1324123416192473,0.0730529276384097
0.026490601114510463,0.016906831201577946,0.05520473103249357
-0.014897945833246135,-0.04066844554574899,-0.03636055013262619
0.0019008273685297283,0.01178764152117235,-0.0376084524927366
0.07362712628592637,0.0226039048151283,0.06658784104185286
0.006606719796957008,0.052743732895136945,0.031004820864002067
-0.036551404505647644,-0.015498790271213769,-0.05030038842679781
-0.015832913395576048,0.019824888480813024,0.058682258916329166
0.11797783876894653,0.007344583496556686,0.09413430887082255
-0.0653687638592302,0.09532593243776669,0.006421373950904143
-0.0418127413906534,-0.023527152509873753,0.007300637241838548
-0.05824108699370232,0.033782862025700446,0.05283322107733085
0.020109775326862728,0.11373440642259403,0.07558946788497271
0.06902012726078924,0.007156638465229992,-0.011080215256326537
0.036033781714907065,0.05168686063071945,0.11094324720978806
0.04812680996092031,-0.01007653663118313,0.10475725525278409
0.021727675878435895,0.06702831398363396,0.03591568774986488
0.024173938253185596,0.028745860630417102,0.04483422835108326
0.027850849339414507,0.037451487343291394,0.077448226563704
-0.047234392039459276,-0.06373986299784568,0.07129373812697345
0.005987441933155344,0.07131049829746028,-0.018599002217537304
-0.05190720012250359,0.0745882408707153,-0.08059082992354911
-0.0260394355794815,0.057239595823106476,0.13771357894276867
-0.022602652478592014,0.09751748970477926,-0.014142850473758711
0.07756288057353894,0.021502863757364283,0.014597599037760407
0.18947855638479805,0.08453896550226235,-0.006853748818999309
0.007107106792883977,-0.011843013855991704,0.05639103711586195
0.0051201850204561465,0.002747914361565419,-0.04972961995575008
-0.03633451434528984,-0.0033594434945539813,0.07022001556440922
0.02385240681191161,0.0387919842538466,0.02457476445692162
0.025192451392855305,0.07215775811620867,0.04772058233251182
-0.04321440154314059,-0.017242170582286494,-0.02447889398288806
-0.033555933709140576,0.06373520815860786,0.0734000800031767
-0.0009653683143218302,-0.0011571178954887136,-0.02232071108782141
0.017086788488063876,0.06149104789520389,-0.013648200714546286
0.045825334863000694,0.05028920303991745,0.01169642750880033
0.057184983840940146,0.029247918251873346,0.023820081135576418
0.037727973344096236,0.045041337411443796,-0.07203186136946552
0.025402007255683205,0.003964164312185329,0.037164073086347595
0.0099229571743388,0.08851084132408274,-0.015110808509009109
-0.023338585163677483,0.06370595302650522,0.04943415861108044
0.1073132137373492,-0.009140001360208629,0.09320942906146215
0.06177967014253231,-0.02641607291303235,-0.023066199879864663
-0.002564294946543885,0.051559519820911684,0.011449622110620124
0.006606047686602175,0.011024726415758829,0.03616629206622223
-0.07402151523929545,-0.0070738629814664465,-0.04418915512663656
0.05806707531423385,0.006802132310297347,-0.11123220847459257
0.03590445656994129,-0.07397702744982688,0.02390024251639652
0.0015949398167000861,0.09949606164713899,0.020339625136980927
0.038428814571788164,0.011224762324173137,-0.08178992333299669
0.03276766139182923,-0.0011537656841609546,0.03663891416863449
0.0034793289315898247,-0.013295253142889452,0.0022614768649269704
-0.05104604327802488,0.000965968594544479,-0.039500782579031654
0.08231240606250143,-0.06547252195617151,0.03315733533900371
-0.04638704938430328,0.0774796450564554,0.029818324111400243
-0.026322636733698803,-0.06312542776053175,0.008536254424524633
0.027082598014822525,0.036363376201336055,0.060022578465246675
0.02051225945311778,-0.036259218019403516,0.033747751265302356
-0.04774339401228693,-0.022849087840152417,0.03877802757872366
0.06401933827702354,-0.024467943831141682,-0.04250117469435417
-0.07787955246211106,0.019374157902832437,-0.02001422380245771
-0.009971803441857309,0.13273830469390646,-0.005279744619172803
-0.08239117680008934,0.048276035442906186,0.024159327630880717
0.12062501381317625,-0.07026049049398445,0.0847995133651471
-0.026445274377953954,0.06584070928996741,-0.10819235872059636
-0.06422699429920826,-0.013470449357105544,-0.021672898025037086
-0.08091771600158054,-0.031153903439343218,-0.013367416310848174
-0.020243341118666092,-0.027172701981879193,-0.08206771327750398
0.02982230935204773,0.08808418233136366,0.08586733295832062
0.0711408297294666,0.024169139907997586,-0.07924407491791553
-0.007329242893307969,0.0910131982013508,0.08179959052941257
-0.04480313998385946,-0.048767228943265704,0.04029249762719892
-0.06762455751385442,0.052025679843148556,-0.020230357136733736
0.09687053936894699,0.01600665581801159,0.09398452010969531
-0.04367584563907011,-0.05561905405526421,0.0367779018244851
0.07511867009204598,-0.06530627347776628,-0.03912042397744807
0.010326111252003044,0.031898742462849,0.01741686639218234
-0.04435362795983738,-0.007889205322224629,0.025811032545395244
-0.029880593267891442,0.006649714650671778,-0.06682761689017891
-0.09006762830900987,-0.00012298570359191817,-0.005499809853621983
-0.050637289716342106,-0.03279560937871915,-0.0020088243618941407
0.023717976113296502,0.010126166470374964,-0.03464285945745082
0.023581075310286467,0.032273523022846425,0.11168911134723261
-0.07789148091793814,0.004447367537061811,0.003113360455468882
0.026406479153405667,0.04837013777523026,-0.06778588437261816
-0.07884382851882453,0.0055848209796820775,-0.041595911582731245
-0.026407404595797015,-0.0647728619820429,-0.026683862256417796
-0.011605567308917632,0.008466419510191626,-0.09258509221681335
-0.0002215988982799729,-0.012800525353852045,-0.07110768287122454
0.01410850751595828,0.038187437025044645,-0.035133682837879564
0.011136003478113365,0.09982652829808725,-0.08562479345042984
0.04366994648420961,-0.018195143968167078,-0.040796154087921074
-0.01478117284096032,-0.06690328049634993,0.015413397962174167
0.0248436944860165,-0.03532887700779959,-0.0006952884980629555
-0.11731156640624943,0.06335522120526899,0.07894648068781118
0.031789209348728635,-0.05896197287485261,0.04931227178832753
0.00949912482947593,0.03326863218807474,-0.023589209059870355
-0.060089985364401736,0.015086776691979204,0.00421639749832552
-0.00661118000079329,-0.01100394413598523,-0.09878752978938309
0.02793893653691882,-0.0549191059435107,-0.04512569918259665
0.061985757444068285,0.02447895222854772,0.014283735875409887
-0.005216276047254764,0.057352154068473236,0.10172024956692483
0.09561734494804087,0.05737034486668352,-0.002622292784661991
-0.006992453136857256,-0.015123280183335745,-0.10321133823216634
0.07856752963309875,-0.05357945054193012,-0.030077720952133517
-0.0717695766255941,0.04152285234226961,-0.08929038842817227
-0.04117647126321898,0.00724041519238864,0.02879278341554729
-0.007502587943820967,-0.06477171867117068,-0.02381282707411742
0.00065980526876761,-0.012157277995133265,0.020910978695243023
0.04008135790635823,-0.003326450715060478,0.018288789530896823
0.03960141734425728,0.033461510715860524,-0.05270961131557128
-0.028219175001749097,-0.06888855867273451,-0.03782723295349438
0.018385492784435457,-0.015840213367847925,0.04156724636361699
-0.01185075311090306,0.04037248906513788,-0.05292564624364543
0.04442399934319249,-0.048495136860638284,-0.022181537977955496
0.0221003948186492,0.011397089383771881,0.01694105234392628
0.03043755496039046,-0.060089416686868194,0.04346960416502997
0.01986196041472653,-0.11165531367310337,0.011935620974228778
0.03126645678018871,0.0626820575060019,0.008169858961325882
-0.017859808069801957,0.03761365068170293,-0.0669209855972245
0.021072786685542536,0.025457668601598052,-0.03528745153590639
-0.006982920308422809,-0.05113640290503327,-0.03782057975601301
0.10653450735271229,-0.05010273079155269,-0.001914552957271028
0.02035030943032092,0.0115928414543999,-0.03107219102046223
-0.06622179232191433,0.0625411201366824,-0.0117487677985952
-0.02003715318769541,-0.03982309948800264,-0.15059596101171463
0.06450974388294438,0.03707192818068588,0.01729649040221716
-0.018563419544383584,-0.0661714402204834,-0.03669338453900412
-0.04842707869227581,0.021079038746441632,-0.016604757282742397
0.03119338772378076,-0.02142909432309096,-0.007792766558253179
0.0347468579541012,-0.028187820148940328,0.052727934262029694
0.035341773970211314,0.012936284729421058,-0.10348195757915252
-0.051811061100383096,-0.022917170712008553,-0.01916346959454296
0.06186376395203863,-0.031163112461075778,0.06463967934681589
0.042209142319778487,0.015396980403325896,0.05726610034120584
-0.10588355635261336,-0.04536119682918771,-0.051201800629975584
-0.020360796542103175,0.012883567857549212,0.04120902636654768
-0.04550422589158434,-0.05013885660163738,0.004586292632001962
-0.0889765631858851,-0.04826185478335322,0.061751576000002244
0.06017183044575505,-0.01946434768347547,-0.007964414674928682
-0.02358163365261325,-0.062057628562649736,-0.10990295488628933
0.05917884370133727,-0.007986426072808885,-0.0364548895924935
0.037600164013826945,0.10695639196563257,-0.09067889402592255
-0.07142711814561492,0.0064923752516599115,-0.02352057551793161
-0.0118004294144751,-0.0555070879607072,-0.0012262600424409725
0.03480850830314432,-0.08681455697859655,0.002086494781971579
0.004996798102466957,-0.04068833154042983,0.020988989709030077
-0.06873303681096898,0.0026991480497179123,-0.027280768630216046
0.02735158460172072,-0.03693255042442879,0.00919033011836366
-0.07164471164548503,-0.0654869213555569,-0.02504562330658948
-0.04511628770787503,0.04005308200154998,0.03751920057730367
-0.09664819468625468,-0.04451242796156565,-0.07003657695609725
0.012005704266947689,-0.13040049856012564,0.039187008400562086
-0.0001790018128943159,-0.006109961285634874,-0.025705882689526185
-0.004697594728384874,-0.007030210235130016,-0.028764361770702268
-0.07544342831107048,0.03467574887863929,-0.02858899650665908
-0.0161861720682256,0.07357992201844385,0.03196853759943742
0.010046828681859982,-0.05252809914636153,0.05845029045303575
0.039247124104261295,-0.132394676289304,0.09097026725796889
0.027643874923949978,-0.02817744991975399,7.912226202009057e-05
0.0019848201345162783,-0.023112208108426284,-0.07857020369860077
-0.07519789169296184,-0.01727290135952015,-0.05260026251189765
0.001413031253352813,0.023917392831744048,-0.0029969074220994856
-0.03998527502599421,-8.207303163970323e-05,0.035140150668304546
-0.036351173109335666,0.006726609938427858,-0.00824391186739199
0.01594215177483005,-0.09590263492659556,-0.047640924715671884
-0.0020284089346354253,-0.03860757949656319,0.01433147594223214
-0.05525027998086388,-0.01601876336553114,-0.03086981102998962
-0.03086956307430487,-0.030597224159179405,0.07090142054027727
-0.0337469554131985,-0.020331150558584043,-0.07014148470830782
-0.019038753040031126,-0.09358470804663413,0.07587536753836335
-0.09975729375681927,0.01124079502304904,0.005905312474837995
-0.05257773051593109,-0.022153542867666732,-0.04193023903949054
-0.02757431097008148,-0.047897805062737546,-0.07753747489006506
-0.06677078595635148,-0.03034610123574459,-0.04067165885152638
-0.06471157843596789,0.004639148828376967,-0.08963824229367781
-0.08704757229947184,-0.021162268376747506,0.03578960013278748
0.08346298397492666,-0.07590589583181238,-0.04345050698796936
-0.0030254018619920303,-0.05721024260215333,-0.0933349079118902
-0.011258826650984701,0.04206719519413542,-0.10913915083647768
0.03971660863388837,-0.05949480585670899,-0.04948980249739421
-0.06030740572503686,0.05406087776802143,0.046774771494617784
3.848882975197171e-05,-0.043925277280936245,0.013684443158052662
-0.045121298679592345,-0.02097802613136805,-0.0841667684138733
-0.016481080761544926,-0.06049509592515834,-0.10734297346231343
0.011726201966410214,-0.05283549557563134,-0.01951835177165666
-0.08115358882618762,-0.003721949757710386,-0.007155766844566532
0.08406862599476693,-0.022626317871116866,-0.028704974384466654
-0.08119108264501504,0.050134172283518505,-0.12722757757292594
0.06145899547583265,-0.015608555589146379,-0.08286193991613255
0.01257954924838443,0.0057553791755668784,-0.030128685144124534
-0.05882477722148576,-0.08041169848718593,-0.02053118669479844
0.08098691772529008,0.019036942571980953,-0.04733326412813729
0.016831419875503986,-0.031846137241358465,0.04637186692717263
0.08690432949213887,-0.0732247199250913,-0.018872151898799996
-0.017623776673703635,-0.050403368407014565,-0.011734054672328194
0.029743006902622163,0.07617479816017908,-0.0009493904710471575
0.06445868741327263,0.0025464632801844717,-0.032295596125733426
-0.006766377746703085,-0.06782952946329339,-0.09537654295535736
-0.0015507816684955066,0.06190763734417857,-0.09421968250508184
-0.023852998149901564,-0.00164605413066456,-0.010428550854881242
0.0487434839896457,-0.024340694783280305,-0.10850219659864703
-0.033750182688500496,-0.01272332814466386,-0.037915046220771326
-0.012773618121351957,0.007868631300812532,0.036077062284732925
-0.0017610260974025918,-0.022737726220851538,0.06796118692663852
-0.0350651542894698,0.025045571895288266,-0.02914434185677045
-0.01938551992215229,0.09527809260210117,-0.08510228676770681
0.009752276619156251,0.01992153679367437,0.026111201170672362
-0.07112177646495949,-0.008372476354761805,-0.007367856588399207
-0.05893691342231129,0.05384550530342623,-0.054632472884471386
-0.0017857860512974326,0.011615239946186257,0.050483514679118074
-0.03510799410217618,-0.02985066806990195,0.022817552977510334
-0.05745374239065333,0.02289209437843168,0.04605478454225784
0.08967666572245483,-0.020148682502396466,-0.05126120452759418
-0.04302345040205242,0.020187641220511872,0.00625473804120133
0.012418538363405188,-0.040088700130913466,0.024336877474801052
-0.06533000026537625,-0.005565685343152174,0.04882784167391596
0.0073740578668220515,0.03316259971764489,-0.07894461988928625
0.0727507565342563,0.020340918888829128,-0.04741576714727903
0.005668705642074532,0.01065794407124717,-0.023443817532997853
-0.019930302748847068,-0.07762603537961137,-0.055288566064955656
0.07338526117382499,-0.02203911498433177,-0.09979528485864633
0.04092986204574663,-0.10161474948745443,-0.018451525370747367
0.02439451850707129,0.032810514732335365,-0.09476479038687172
-0.0910636037526426,0.018126645944304038,0.06914745445418458
-0.0685770387524062,-0.03283712371434472,-0.023906253516245972
-0.038623935918966394,-0.05631400507969567,0.010347306087921723
0.14512362388800407,-0.0789816667602959,-0.013035832976953522
0.03682588253752595,-0.035726222194207055,-0.07381711138070166
-0.019648559568909617,0.00981496256034554,-0.06621688086708898
-0.019050207964602054,0.023075960511675996,0.0983737287211282
-0.0423486529279767,-0.08945063010279934,0.05139657885294133
0.06661304265775002,-0.08261973692448803,-0.02765049451476903
-0.04381258249273129,0.04305214190614132,0.036065144159871484
0.09510359757569822,-0.0678685026628737,-0.07341443897989415
0.01818230635175229,0.007404140742932625,0.02033273790228947
-0.06117360639214113,-0.08488043397866148,-0.005533259846813349
-0.03741838583720117,0.026377719323503346,-0.02384815489619439
-0.0629069727469656,-0.008372236499547592,-0.05917659197142868
0.007911962666222298,-0.01188028725055278,0.03731832813431345
-0.04727896587691555,-0.08642351290213829,0.01735034155370327
-0.009274143525369306,-0.019819167293434956,0.030361428280254225
-0.03349962730853684,-0.07745517657083427,-0.07753851352879632
-0.14326109005734874,0.11886388160648463,-0.06319058831306125
-0.009351939792948308,-0.16484990286204945,-0.003102452808700156
-0.007087204135070106,0.09110567294629157,-0.029495749445777743
0.10081777338459458,-0.04324412162403048,0.03968853808922555
-0.03476625230124068,-0.007202706367104676,0.06596989477754991
0.04218426089834379,-0.11764878796168785,0.015560230392617856
0.08145696784720637,0.05015944112152409,0.07944224782199875
0.1162397361776908,0.07664901427699564,-0.08989221378247479
0.015237891520336536,-0.014525318007568778,0.024141298606268576
-0.04505095420879149,0.07704058651618247,0.04907302116747294
0.03721268095448001,0.009232194136343692,-0.003247490051292049
-0.021988359225693907,-0.05412602602933485,-0.013927206317276581
0.07561381016157435,-0.0527574910484561,0.010862519998379226
-0.019585511593002904,0.03534776381097213,0.04129140792883231
0.05562452757328004,0.002226627467567197,0.03095572675566106
0.015038647359456236,0.006440487695193125,-0.0037930397592513144
0.020972818978872633,0.013237032793163774,-0.004661505557781366
-0.005410566376900428,0.12376655993242398,-0.07609571002095816
-0.04335191826633208,-0.04936550108248581,-0.009679582717097696
-0.05505891526682035,-0.004880797462066433,-0.007020228198504546
0.018962099800619952,0.0037864779697069414,-0.031036651811699806
-0.0021002897231757623,-0.010541939658001468,0.02433682256898164
-0.06084496978717156,0.037689103938076104,0.02673925233205272
-0.013294637500088264,-0.0007992058072702063,-0.03372161439810563
-0.006736379420782321,-0.03374638006295411,-0.03736139517049297
0.05116029539333847,0.09932801953331197,-0.08848443231752576
-0.029443091154870257,-0.06269070542084038,-0.06595921840836548
-0.03296260616615284,-0.08892977190375041,-0.05185827698325132
-0.03145851835588063,-0.0011234803652832356,0.01847859055395884
0.01716514978793183,-0.04461838127679553,-0.09412776034735593
0.04180811975702152,0.005523789690499421,0.023512212926510248
-0.0751967758985717,-0.01636752856260457,-0.04508178069607928
0.001916530206745458,0.055485606607183977,0.0351000732209773
0.0005315483656948474,0.042429539058572864,-0.07488626517766683
-0.03509058844468614,-0.04416752662250825,-0.06346024022109477
-0.02464936001562322,-0.038997672547667284,-0.034182706752064064
-0.008867188437755906,-0.066205732844759,-0.10402629713419007
-0.01782713641898643,-0.04349177058523504,-0.0265835641370284
0.03947358678060426,0.000980107652197611,-0.010166295199986713
-0.01301173614881481,-0.015154419226608703,-0.1251277358620737
0.05450495249081447,-0.04008075277161344,0.04076542683839435
-0.07589110092030213,-0.009477677996317324,0.04416738643075372
0.004853821621417484,0.055123833723285186,0.046412926860896236
-0.05966986166416567,0.03146185827651651,0.022475490270649927
-0.03785955637490159,0.017348009034406402,0.014651021922542248
-0.01568810157550169,-0.03297579431490921,-0.02061713094137428
0.016205695022470806,0.054426816660303835,-0.021053737666202985
0.06146037145864573,-0.07070487157986742,0.04534391832425186
-0.043907894088894416,-0.0006444119232500573,0.013012321306043802
-0.04590159644886249,0.06001796681523685,0.006149710570974049
-0.024714102034744577,0.06997263122106233,0.05292464869634707
0.08291188335595573,0.018278914126386693,0.014755546432149078
-0.017994563584401952,0.066327214581556,0.014375045010328874
0.05231504912063625,0.031605376479545005,-0.020389163102604958
0.10399917356058552,-0.006391284968399061,0.02213574130313041
-0.04045605487733986,0.00487359054438367,-0.004608661599008299
0.09853304713739122,-0.027029399615152737,0.025538699179632283
-0.0021660379856810463,-0.1573270015023849,0.018584956287021382
0.03752860248701026,0.025981115762905644,0.02396328600915969
-0.004311369365366774,-0.011933249727101986,0.08485846127338881
-0.020314606812351258,0.012951688978335702,0.04249779284878265
-0.086727261998434,0.06410858806193805,-0.02409023058132836
-0.046786594261383534,-0.011739540605960913,0.06553004055020888
-0.0605336088647332,0.03449695506146141,0.0721140670726484
-0.023701296002867397,0.04254923907743339,-0.0271462225718933
0.019183323876651823,-0.027793536339927916,-0.017752626110359652
-0.03224202271223692,0.05126394238149995,0.022138998383608693
0.07045932659307798,-0.01453048210111643,-0.04453220992649411
-0.04067591320302921,-0.02496806032806969,0.08187061207947813
0.055328608815843276,0.03967922235680641,0.07433617553798134
-0.048263075526466234,1.0454016075002459e-05,0.021902025628083556
-0.003719369603332489,0.06943671669814257,-0.032652673089103926
0.013348767303570732,-0.05253508480783009,-0.029699001666916032
-0.02168437933133454,0.045108861921829654,0.03699703180126113
0.03204376795433603,-0.035803290178240306,-0.036183172997175536
-0.03502005812760094,0.042007279840507505,0.04825311382277172
0.012026659875723593,0.06763352958101927,0.03668575430705606
-0.0035231363398782,0.00610420211272673,0.013413923553209781
-0.006659674151391031,0.1089677257900905,-0.021276531036037806
0.10715802609057662,0.09739176035051691,-0.04594015403815973
0.03251699483783585,0.08195513282132152,0.03785509955946108
0.002445363516906194,0.019441608203663686,-0.017633314754654416
0.0004770646006670761,0.049880539316586744,0.0464698287989036
0.01708629007141468,0.03887425450989253,0.06396441518653206
0.056952616359691066,-0.055495266807881596,0.009139896949837155
0.05098470068221977,-0.027661979454664712,0.0543941118606573
0.040131501099132376,-0.03167254895573946,0.03213530227670995
0.017461550574215425,0.04706760657244506,0.025237428790401056
0.11786008063707104,-0.07034028732991063,-0.03602426720885313
0.04015467106810632,0.009200442811706998,0.020192296439387525
0.051317302157251596,-0.022010388923163697,0.009598708043138896
0.06489829856289715,-0.0666900496462019,-0.04072337436959096
-0.003317606425137629,0.00490596981432472,-0.025355636741186925
0.04241965024234684,-0.010359974140397393,0.03262388404349126
-0.03755299642523106,0.032639623396964225,-0.029088629506457915
0.09462256205424437,0.039536432794665954,0.016225252028843028
0.00449604541172423,0.05344482766092891,-0.06085261798543584
0.0055842197967842615,0.025499920737420977,0.02164334592848285
0.04298055846495844,-0.019493636526310823,0.051488590153361435
-0.040131540665231516,0.024648849175443473,0.0363576726883056
-0.018084443131878306,0.05632438283689355,0.016122663069235155
-0.020193219518758514,-0.011895219003015137,0.08364032809588973
0.012910881813102876,-0.021337744707311486,0.09376963878320559
0.06836326557386942,0.006427071626980533,-0.011956001581338646
-0.04015539697477827,-0.06667040616780565,0.019115679787929427
-0.10752167429571502,0.020625578889040524,0.058484318952482746
-0.0018418176793603466,-0.08216113864926805,-0.03215304277780813
0.034938393728021835,-0.04125999691305356,0.033850305033684976
0.10832621714006015,-0.02854309243160369,0.056630758380859944
-0.07016093299796339,0.09275973314298282,-0.053019070976287705
0.1080157729401987,-0.025767046365038265,0.004922012648786719
0.06792928243072596,0.10155031238100161,0.025497353737298924
0.008543460900202787,0.043058370389177834,-0.014513677828188834
-0.007394162163418764,0.03085569974812289,-0.0252361950030674
-0.019883870996444526,0.021049680555645548,0.08734033928920067
-0.03187876146712409,0.054701255159498474,0.03646096666608814
0.09674157351709142,0.04591777804672875,0.11894839999021753
-0.042930700269243977,-0.009222221730048857,-0.024991102757417373
0.0019202055004954588,0.026550499525933014,0.08488282432019852
0.0328216260074564,0.057820175458280464,0.09281708012636603
0.01418906141793235,-0.011890302423559589,0.045200950898853884
0.007945346603008474,0.10391941416776264,-0.018070814763359467
0.025925891294970284,-0.012071165595411926,0.01863877191169218
0.022021476410187237,-0.0005677680899545991,0.051974672283224305
-0.01452434571926147,-0.0298951507181498,-0.02741105411468766
0.041276848511498376,0.03326924979706842,0.029259688599101608
0.054415979174947386,0.04293570994883851,0.05188838075502638
0.07307947144048008,-0.06391008794736662,0.08057139893397125
0.08327898820098834,-0.053268861032755105,0.06323888329596877
0.020703888604746135,0.06600471442895249,0.046534774770267004
-0.0012604761667252724,0.021088089517481808,-0.004490255993979519
-0.0032281604647669236,-0.0199598333155071,0.01310951980743531
0.030062998117833827,-0.057394919960431584,-0.026760845451010037
0.13035581299877858,-0.019733320965942047,0.016055933252880045
0.05529393225085549,0.015858062147540007,-0.0011444173803388316
0.01204216126776806,0.04662515174176973,0.04799046163282003
0.030390402078169804,0.01953270649767328,-0.005695871514200094
0.016559621104408968,0.04395140521198547,-0.0023089069642390457
0.03109041301708388,0.0958849149595916,-0.006983045771652888
-0.029249466980430253,-0.11132325525247654,0.04022107472315836
-0.008274356495422026,0.0672409080580453,-0.021064599240992007
-0.02551833076019296,0.060048303927762545,-0.0890736418497293
0.006466665893497182,0.01847680739243982,0.024885304304319664
-0.08855841848243733,0.10007551300957471,-0.007604232535992874
0.040451618267931894,0.0801377035769992,-0.01924347995187595
0.018176692021800604,0.08381077447837908,-0.039828636053221206
0.05044776904454779,0.05170828235343148,0.07247025021379123
0.012141999818767018,-0.015436681201675913,0.06703236981201993
0.10820572165287352,0.07037855479041588,-0.059886679641366056
-0.13650344171825263,3.102430601053044e-05,-0.011577844587706953
0.11082191198734213,-0.019548964370153313,0.01899801252605021
0.03909572810487244,0.03346891140539826,-0.0017637839356764058
-0.0041866584881189405,0.015180529588934701,0.047349679260333545
0.07515940078929419,-0.005110604517347385,0.11839565847392916
-0.01799868374806661,-0.006838205243986803,-0.012148178965499142
-0.0809719055364544,0.039219549644990165,0.02624186562965125
0.02412454354411479,0.08007325173769925,-0.0795029211057488
0.0015884620461084388,0.07101067494524271,0.035537193214533164
-0.02516973358406729,0.12564503820729372,0.06842799150010538
0.0513650578215908,0.008962903566181894,0.0785238486630022
-0.03991492026290415,0.06781379287461596,0.11597674351761093
0.023994954266199353,-0.04280895632617766,-0.025937815497406428
0.004052631893893814,0.08459439059249214,-0.07549620371882075
0.032085950090748216,-0.08299342487080322,0.01202001354007383
0.12541743120991256,-0.019579379886542892,-0.04304430162242216
-0.01863062924239787,-0.0004032369100239984,0.05466315565601336
0.09558970624349104,0.10017096111828626,0.0730816831826859
-0.0036876681419498215,0.07196438406751113,0.001046750203689488
0.04052528373555471,0.070213068418272,0.022554907538014504
0.017704851637573585,0.05712619032064109,0.08907821842885186
-0.0053041802574649195,-0.042259405880594236,0.020536456724417746
0.021620481222787067,0.05028874256158185,-0.06885271986641411
0.024953667607116075,0.02323769433788486,0.043569634784562675
-0.02724835868192889,0.04429520315927955,0.04584534469270207
0.015035060851412893,0.03997107200946612,-0.06467319134168034
0.061884334348962046,-0.024643484431868985,0.11195035238282373
0.031876357971024685,0.09990939975404074,0.06394242861923828
0.06794291599951091,0.009238484666254237,0.07645163807474475
-0.06284675543365013,0.010039977983436654,-0.03611728348209
0.026486156865595578,0.06929081363874678,0.0047773395667177684
0.018903623772549238,0.016516368771091795,0.13018528433839768
-0.017685826399201927,0.01159642424849271,0.05282266793339327
0.009264367355809388,-0.042394688988742664,-0.023775388257587016
0.021597207173381237,-0.007029909038820746,-0.02919959553822048
0.03729609675229818,0.031984220373320965,0.0018832099004369232
-0.04262906311059693,-0.0625602301565558,-0.06034861031974119
-0.016722642731123886,0.02306398241380313,0.02142659784926019
-0.027490547420960194,0.06336255789484586,-0.0039835484903875465
0.018436943687794232,0.021950108772210212,0.033807800374857276
-0.027793663596322116,0.04296610552893604,0.03706405292394452
-0.04364845268255013,0.02934634131089913,-0.02688464397557266
0.05238140737925484,0.013406393880367233,-0.013390690242357912
0.0333882753457353,0.0649831283050443,-0.07918407296680803
0.07542537475742322,-0.054477379255247045,0.047102110893891345
0.008563251427647422,-0.03100988110590452,-0.015881395670210473
-0.009862687496678697,0.007319130478740431,-0.03662463020144255
0.017491415792273486,-0.055779497204230574,0.02155953129557666
0.012777717876239852,0.009889449647886597,-0.025001422927031072
-0.05187935489891214,0.09171309126482731,0.09602717777819142
0.030945767462850916,0.03388562231540906,0.09372633062298129
0.01373754376409629,-0.009245971124767636,0.013754044452926889
0.05496631063786201,0.06634369410150526,-0.025852700180042792
-0.03163165816993117,-0.004326820251505988,0.10982101037386122
-0.030311816213689502,-0.028932279297712055,-0.015891889998820484
-0.016606470747701968,0.004520233288403366,-0.010678571268677937
0.04124342567443495,-0.03188848052182337,0.042078905710210904
0.07261666752882306,0.04602927334229402,0.03574897681294759
0.03255581293785115,-0.003275279255453019,-0.035292382741263235
0.05786766786915669,0.06114760573781866,-0.08823173980575265
-0.07671278186316773,0.020902416130056764,-0.05590400701471167
0.009320363641625575,-0.0022900761437140444,0.027101609290507728
-0.045474242659615735,-0.0035226204927986463,-0.04890168072853217
-0.006579882994586251,0.02152469687182824,0.03202056702024159
0.050668898357817606,-0.014782980777628388,-0.025864890478328753
0.022466255419454656,-0.06308713961647504,0.03806597682970281
0.03685924551974565,0.052141665912445415,0.135756158346409
-0.031013733755122397,-0.04823456341202669,-0.07444468896255169
0.06571859481816497,0.004316480098836661,0.13298300580093467
-0.027664570042601568,0.11168367547204784,-0.008164772426839424
0.011441731293707513,0.042393539596353606,0.03464417409471144
0.035573609516224444,-0.03117995611882489,0.02282996772853066
0.017519149924653764,-0.015626721559629637,0.026467223209591186
-0.0303717902286657,0.013492118801863535,0.017691492322843186
0.11977612611561436,0.022928965584687884,0.014170326582705992
0.07489957910010865,-0.0560582193861142,-0.023121946956513997
-0.02224514676859743,0.05295973651922569,0.027896874050036616
-0.03281359199403873,-0.05998739534846252,-0.07994904808088528
-0.0005087723960446756,0.10938082570152775,-0.003703732598298903
0.045469379109263325,0.07868574002634698,0.03605566597269309
0.029092857762283774,0.07524308240021653,0.02890653428482234
-0.038750996911577525,0.016249824354855884,0.12412222846687074
0.08534513780954389,-0.03936656409130695,-0.07249682037429848
0.06972553043885174,-0.02654842014505937,-0.02121835907794953
0.041371918934898555,-0.0801903064479882,-0.05574930540859621
0.06691106379895856,0.06921227271574559,0.041109723746334134
-0.00605570312422971,-0.026867753416965488,-0.05493810459766002
-0.029992801712526468,-0.016673280094695132,-0.09435314805467049
-0.05707158462929229,-0.03284009231633044,0.06944815631147006
0.012291547750450124,0.018923619831001347,0.007831559569162198
-0.10467741308475301,0.003916099510669904,-0.01688736075424026
0.04957858177549893,-0.052295173656300195,-0.06842985199143164
0.04466261441266542,-0.030690832971767747,-0.03562328610714633
-0.013402710645056784,0.01741897892810179,0.014957291622507033
0.02068756433827357,-0.043535950766970824,-0.03503484643979442
0.028169155441547328,0.041774713113267546,-0.008586398346466365
0.027793061419007906,-0.09951129126569937,0.010896819601419205
-0.0020982813706627024,0.0034025377280368484,0.007933167612399067
-0.06928370962730292,-0.03979210277759294,-0.031565419726225924
-0.03522979474908756,-0.01958297169750238,-0.058982681002967545
-0.07341512367345576,0.03318443731711588,0.04195110364698022
0.048216433410827264,0.008272168244437206,-0.04518087284177804
0.13701375627415815,-0.031066842580391496,-0.02383624974809586
-0.0050387447976022424,0.09459590108367177,-0.11379036243706855
-0.08497885302455226,-0.08496100227717904,0.08436408941669056
-0.04347004564013425,0.09039875653498154,0.05168941241658126
-0.021781970393519517,0.023098823639509155,0.055951421119093195
-0.006671076892469508,0.06917785882277512,-0.04222594746060135
-0.0005937284330165779,0.08331214628586577,-0.0663706067217684
0.007457005413478217,0.07137404916895891,-0.05640043941977474
-0.025406821826241374,0.0320104932526982,-0.013744173268640615
-0.08117620449070179,-0.0639469966376063,0.004046522772680242
0.031061436831141362,-0.042830377265022285,-0.021093479152617743
-0.017938644625273385,-0.07669350996297232,0.004058222138469951
0.0005280125555203875,-0.0005556206250599907,0.01570104636532409
-0.043680835107299754,-0.016830268722925555,-0.014462860503386346
-0.010967499766223741,0.017661169195181646,0.05157946597285337
0.0302643262992887,-0.016315788515497913,-0.09293277559421008
-0.02870571528827565,-0.04317735618508286,0.11945605494629541
-0.08712207319763113,-0.00315326851558047,-0.045663617353014226
-0.02225373732834362,-0.05920467724859828,0.014240686461712736
0.00527705971410827,-0.13193942753291765,-0.010955967254862435
0.12409764743360092,-0.0775892212636593,0.05220125807106417
0.0002974379083851156,-0.004679390485485303,-0.015289897218367751
-0.03944303897042345,0.0457491784800609,0.05681937384568219
0.05356445108972517,-0.011042706762345998,0.00261341508101128
-0.021013001260508417,-0.0037202541870038526,0.009000172877906684
0.0040354342963216825,-0.06834065951979512,0.03441577737383956
0.023059493706970295,-0.00489300498206597,0.023361002998071458
0.02746280898012999,-0.003538143308706507,0.040195862335687504
0.042353100770385614,-0.03807244245242363,-0.028157873894406632
0.0188873993445793,-0.020054443813676878,0.00840221744740648
0.01722430824343856,0.05903072345142439,-0.02796157570173565
-0.0810435570929485,0.03889615810008696,-0.04169410340768656
0.08317710740915442,0.06824744334039433,0.02635922722735356
-0.005767465077381213,-0.04976697774533716,-0.05182172186268533
-0.030349779179125284,-0.08755222997647387,-0.011785479165849825
-0.0838852443682481,0.039712945514166494,-0.013346600723119363
-0.06265206822422868,-0.10401573844446033,-0.0035470238065403916
-0.04788137252717777,-0.0030154109528395742,0.02942432150344399
-0.003999746506512958,-0.03106476434692501,-0.035510510578872445
-0.022754026080515598,0.01973374491844912,0.01697366551292292
-0.02431551183277389,-0.029795984428720224,-0.02987664407325004
-0.0097885850857872,-0.08716305659088538,0.02048463028368109
0.06794480265188364,0.04142371424516528,0.03201550687628231
-0.04502125230816148,0.1083388015762927,0.05140078971052006
-0.020694081031166177,0.03554082224750104,-0.04794095086429717
-0.09381117061057823,-0.01720567954922652,0.079369361425708
-0.05265837193704201,-0.01005728149639801,0.05053580414322378
-0.02065609818231682,0.10223422036080881,-0.02475705596064789
-0.06388058684921957,-0.13006938641300786,0.0367438814820094
-0.01320533164351319,-0.008558216172644784,-0.010940661390942226
0.0038769214149643703,-0.0077894896635519,0.04652696002342731
-0.10536181890108744,-0.02044746988217496,-0.015992518454309254
-0.03716817316828324,-0.09507223305510314,0.006184388116095113
-0.037570925635858274,-0.01805489064673603,-0.08797343350685008
-0.05284675938093838,-0.06719055261740894,0.06297512858275077
-0.0591014583017233,-0.08712187282255697,-0.005770847360232586
-0.019211839932545407,0.05596308981120024,-0.07226002529243117
-0.07310374988195179,-0.0053971430716723,0.040692235589882754
-0.13669053029456052,0.017046014948222665,0.022817594995296946
-0.0811764691821034,-0.03342397836742487,-0.04665193628448931
0.0561008275389922,-0.08146016826615722,0.02754786387490079
-0.007554747306048127,0.08683455450107222,0.04401187226853411
0.03665436183736786,-0.04696406684239779,0.012394907381117374
0.03238381698220881,0.01747926245859416,-0.07727215271136897
-0.024303636753174436,-0.09003499833664436,-0.06739297258237151
0.010806955087797051,-0.02894416191775616,-0.015900261595512184
-0.08298426801013083,0.062459294795244105,-0.09131108277815622
-0.04145014763045672,-0.09242221717545714,0.030659673356357154
0.015299263083634568,0.019798338590731036,-0.01416521382295103
-0.052967618806667796,-0.14329936817568228,-0.07246034883826699
-0.1330735963134208,-0.08021631116757119,-0.04232332962319908
0.003652653852983294,0.02419686261796857,0.041667239773521776
-0.0411006948307467,-0.000924025927742253,0.038012722274135255
0.007151735945430487,0.08735763808430191,-0.02042841020920025
0.09549691445807562,0.07642445677680593,0.06293685061162527
-0.05300344564133178,0.007244714623744507,-0.052921180208556476
-0.029908869090562784,0.010303384012508441,0.0037126095990631137
0.025010061932880398,-0.050359121021091205,0.021331359925861174
-0.06699925012642742,-0.04760095399755011,-0.09092948136263711
-0.09167461844412933,0.01653583663734331,-0.06897541489891296
-0.05430372388191266,-0.0027681143389415713,0.020374542373622496
-0.054773638010179,-0.010497532884417656,-0.0330972229762189
0.020554078768999822,0.07235717510079186,0.088130422361707
0.0029937959205905106,0.0492806979075799,0.01238738125142342
0.10352626626863878,-0.008109485965101257,-0.07556722673534064
-0.10474591010746245,0.022391034770571295,-0.0500896929309825
0.011295258400545363,-0.04270054992224914,0.052235192198736735
0.012685913124360581,0.03889051833815459,-0.14626403827296744
-0.12765971620677166,-0.08889357895667964,-0.015529429560615324
-0.04018402566291429,-0.09990906850276014,-0.06603493239692232
0.02984318877271989,0.03362588044103615,-0.07097684970898681
0.06270973127070688,0.03492873248325962,-0.06371221438577115
-0.005761543083273526,-0.09025547555171376,-0.01721742016800617
-0.09110751789522906,-0.001731828275364302,-0.02953428374523277
0.0005388060219715593,-0.04859764066342173,0.04194968772324105
-0.04048456236813454,-0.018399659956561863,-0.04120117086114719
-0.012984383537903314,0.05683552343882921,-0.0027236725056034444
-0.042025450095609256,0.04602812862412981,-0.024472808874760776
-0.1796880005359251,0.04945617818432922,-0.06189484756949392
-0.010853513106367544,0.01995140646741452,-0.07796777010533712
0.0017092690615212076,-0.07031106200835022,0.01813171057458883
0.05489652135196605,0.033482876583428384,-0.10169453481325025
-0.017031901170850124,-0.08737357450583304,-0.0033056895227680447
-0.09489364252490115,-0.07472779625281854,0.05641388845942443
0.025950437267165265,-0.029962193524248566,-0.0035387805520594624
0.04463683511311189,-0.026737590768286055,0.0063785191635307124
0.008961018300221987,-0.025313732955045756,0.10285958303928311
-0.07524316503000728,-0.09906637022670824,-0.1224323773737833
0.03722305935265484,0.005096512766670558,-0.10043583073590383
-0.10418081675879536,-0.042426797529609886,0.009307064774142268
0.08686840100489075,-0.027083037497362666,-0.07303094729074826
-0.11240189179651006,0.009588440462899018,0.03234567615871303
0.033893172036458495,-0.04693554936535389,-0.03883251850086079
-0.043736067191354575,-0.042871797201963394,-0.04677999453290067
-0.04641128503196322,0.01591310117221491,-0.03732368501126554
0.003991705129999398,-0.05279196262823032,-0.07634992439587926
-0.049116866671666176,-0.07968345893917551,0.12026846543166671
0.06883481445662192,-0.04398825829735519,-0.008365164748506088
-0.07916422605682263,-0.10455099928999498,0.00995996455283912
-0.002652420856328056,0.024117328786050583,-0.008606895190046388
-0.024515903480007244,-0.05748636185546036,0.0062087199464977635
0.03230136173059617,-0.0209353128505612,0.011815749595948864
-0.049540904580299146,0.04199248292470096,-0.07784254480677572
-0.06433599701972156,-0.04566515150303654,-0.02770861372679228
-0.05705022508687116,0.01250903336323117,-0.06036592121370879
0.06882904830992673,0.015310123354179792,-0.01719801818202958
-0.10118115105467199,-0.0111661958091444,-0.03956320425424022
0.03374908993576249,0.057612661337645935,-0.005406960437458383
0.005123779886176769,0.006841426358655867,-0.07593237555704506
0.06195977721999091,0.0020024521916923166,-0.06553898057413798
-0.051610384837284695,-0.0019270297861354903,-0.09208673519116618
-0.020242189374497965,0.022604644316958824,-0.016866898966853144
-0.11225454766782685,-0.012334583987531903,-0.09500791122879418
-0.06763895969274948,-0.02494303852751861,-0.025448769708047225
-0.09410617941284344,0.005506938651505519,-0.05828680214939625
0.0049010431100819755,-0.019282088610843174,-0.0027603774884296245
-0.001192763286169199,-0.002971349126142586,-0.04546808861505361
-0.12165771625566124,-0.006189701191082746,-0.04146787265952349
0.053561006752382206,-0.040732793888090715,-0.031151913604515566
0.02251247445783069,-0.05476308337394359,-0.04795468258274192
0.01589404573324068,-0.016919362415026777,-0.010841526052738935
0.004179253402687089,0.008793796933915288,0.05235278084332862
-0.03879710354259547,-0.1766481945177719,-0.07967846530807982
-0.01593051407158607,0.09431282634099385,0.01982827352118849
-0.08556446876669785,-0.041699044349644214,0.028413936922504244
0.048183412854506,0.09597957573710753,-0.028286125674141228
-0.12912726509253805,0.016482493311758273,-0.09968770603519062
-0.10517045065069096,0.05244674629022378,-0.0216894018916397
-0.05572326238505473,-0.028675456101932596,0.017464247826689427
0.008035027958958512,0.0036672593572910656,0.02890725766565172
-0.06852972554755629,0.0003244275787927641,-0.06745036141289315
-0.03340653159671652,-0.07856915325594217,0.011394531080090508
-0.05703934830531604,-0.043673326556826465,-0.08357045119714235
6.929339677723065e-05,0.003616312269400075,-0.05063139730883191
-0.10745198062612299,-0.01270144603393577,0.05247096358844482
-0.04745260939498141,-0.10798889756963723,0.1365777843857885
-0.09891681940778116,0.03379659814008246,0.045273643417140116
-0.06711051136298926,-0.05766193154311233,0.004377872816756247
-0.05365440380280674,-0.10086824804153441,0.06273271327052456
0.002695205350905396,0.04374780752277181,0.05697276168905947
0.03545087183540027,-0.04780261215644001,-0.04292157939005047
0.04521922161327844,-0.07355017314541593,0.010950703655808252
-0.021986316504221982,-0.024288517646663975,0.01761272106650083
-0.045884499282681956,-0.025460938310185963,-0.0656733828199359
-0.002422143864069656,0.001483705466383111,-0.04362850339837238
-0.005041919558343503,-0.001117040290048792,0.05376410929757468
0.033285572164459674,-0.06956767301896187,-0.012531180152187174
0.05644732588566704,0.0648669648959687,0.01558220672628804
-0.050297086494924696,0.00619022382193655,0.014928949281131055
-0.06598538365790842,-0.12022368792126979,0.16673366082744315
-0.014554179636431545,-0.03241618443148419,-0.0528383929974014
-0.006403163399213187,-0.03413177387925528,-0.0994693720374313
0.05417232775007365,-0.017397215371330897,-0.021490335605796117
-0.1405423173284633,-0.026087309353863733,0.05280348262590107
0.02247723869303351,0.00026154769888211277,-0.05542682237661918
-0.0754925165908711,0.040905363118830605,-0.07652267529871229
0.1505205231836561,-0.025336680797695105,-0.015393535111355897
-0.027742255396635863,0.04330078813437999,-0.020065918770004486
0.06824837627726707,0.02040620206557603,0.015560576834735334
-0.041120570467881985,0.03478969565647254,-0.05784464010868203
-0.029245401573435567,0.05514615371878742,0.01930805532720159
0.10903951259331425,0.023166385622875,0.09956327110600155
-0.06719638870801269,0.0013243902308759294,0.01139274020635163
0.08083883993364434,-0.03668707540469343,-0.09182421014790706
-0.07734234965181086,0.011831543087887489,0.038839200656102774
0.005531690186722208,0.001946064182381595,-0.010103553321640927
-0.03570468473617863,-0.03283523212301807,-0.03548938369578556
0.010194371872350075,0.015248620520130022,-0.05441514758612072
0.016649833411918412,0.022418177347975243,-0.002311907342760921
-0.053903347206059625,0.037347397152883384,-0.043884977058664135
0.007888493472568647,-0.024352050463923455,0.032468318537302525
-0.0573662197261192,-0.06570339659512814,-0.032555339065390786
0.08278789676097101,-0.019062361791361962,0.04409548268079559
0.0345258012973841,0.01720976548180005,0.028622400817642803
-0.005533052132961382,0.07011482007190167,-0.015113614999326955
-0.018516733102984618,0.03846183661274288,0.03993611530201162
-0.01127744667143201,-0.007130460640806902,0.04311204233020171
-0.031104589884776875,-0.08347291944125855,0.025966623424985274
-0.06574020711612705,0.07633022223874708,-0.00039727437752053044
0.043081192046044346,-0.0008953779947969692,0.04212188728302406
0.008754932774458718,-0.0037429193033831337,-0.03009812805691709
-0.05788751729543173,0.06055896143992819,-0.02748292713484236
-0.0951550307166183,-0.06457313480260506,0.013520764871273681
-0.07580332646734314,-0.05896505957012234,0.04332281482327104
0.012396671619522482,0.004600782730181394,0.0253098339205032
-0.012386392770215271,0.06276260050183553,-0.007205475359204877
0.07377155855182808,-0.0004142693307245864,0.17539767268765669
-0.024387378837010153,0.07924525614287213,-0.08113451576104648
-0.06137920877567913,0.05489481977661169,0.0029098448793357843
-0.08088183856812822,0.0238364962451564,0.048369809368619884
-0.07712150724809594,0.09388530288957882,-0.04966179440378914
-0.07772662346118149,-0.03673222109630303,0.013365891012936785
0.0028554768880683307,0.03281083966088174,0.03157585775647448
-0.017769992632595055,0.01862410589673171,0.059527042854792
0.029795114134950278,0.049784017196340215,0.045275368290596446
-0.05288126754450101,0.05260776653592515,0.04771280928342797
0.010925906527607497,0.0971418568682213,-0.0047610990660957135
0.10313579255147229,0.062217051594679024,-0.007364423083916307
-0.06453744303831258,0.021226251383364862,-0.039441055138651496
0.008335718466258014,0.08398402376780134,-0.07466915957359704
-0.002986377036747546,0.03777916461691331,0.05372245186322558
0.04841032038080269,0.024315277295827265,0.010211960784017052
0.026536505335259995,0.008105738580597032,-0.0024918854752171374
0.0038732780343006656,-0.021309695541450985,-0.02002325261498209
-0.13445061362082536,-0.026473019258146078,-0.002875821158097836
-0.020121403268555434,0.039853007285345576,0.06332297387642177
0.05386921126775457,0.05563185346779456,-0.02103761864529183
-0.0702583883874467,0.005830646927439,0.023888363010206994
0.016570756033358516,-0.005276757088466837,0.0319904477580058
0.06023523191552362,-0.026499372519085934,0.033514454177557725
-0.0275370481336003,-0.04003497998542507,-0.0785984034819964
0.004909936197422333,-0.02688560351255346,-0.010625310571597919
0.07533952688891261,-0.013380978562676227,-0.016068669604036825
-0.12512356117458187,0.031915993227254025,-0.07620544647737647
0.10031444347549434,-0.07531684729769957,-0.009316353670085084
0.0070807181771838324,-0.0023080576006017407,0.06326653439173238
-0.020387395995871326,0.06423483575937608,-0.0307944188661752
0.000993076190196885,-0.014543107586831945,-0.013230296317047007
-0.046360362785527916,0.008924542962226912,0.03258119732167354
-0.04320354676861276,-0.006026135099224431,0.11074552412758666
0.0512340595247833,0.03781319722305011,-0.10631552973259241
-0.020701385042275415,-0.09758609309819322,0.007859514168248358
-0.007131535139790592,-0.04902438664306592,-0.021360755928860144
-0.03865945647309389,-0.03727709444324516,0.014771163794647806
-0.02903729159283848,0.00510043418513037,0.04634378987275564
-0.004868493095068108,-0.07899179568380463,-0.017454046897741382
0.14203760972439566,-0.1235012261229683,0.05039520550983611
-0.02778045804182102,0.05896767090689167,-0.014923904916926687
-0.04222214191422084,0.06306270598429166,0.07648695884074434
0.08653504215651875,0.140096868588109,0.04303487533735646
0.027514463556338763,-0.10912218406476606,-0.007455887541372457
0.0474710379860881,0.08583819733982281,0.07337867475558418
0.027154952341506597,0.027030684686436372,0.006730348564622051
0.0642656012799083,0.01100860145555095,-0.0038053808411259212
-0.012184859387240265,0.060127394401033825,0.016566208789143742
0.01219741173993319,-0.041703898472557226,0.004402105959400281
0.07330706369675488,0.05582066134336359,0.027648801973988283
0.0428619635778032,-0.03273448840123587,-0.0027637666984686275
0.06871395559063313,-0.05491192592942369,0.008723214622078613
-0.00254545844087364,0.01617563389919806,-0.012954700390699597
0.09391311172150912,-0.043566291130496204,0.06997777332927746
0.018439038598991833,0.019013316803664675,-0.010587096437437672
0.04019508280732425,-0.04009064954557043,0.054155759937793285
-0.021017777899729684,0.03614763120273905,0.021715096600297214
0.09626249890026242,-0.02581993603630888,-0.04206762721517694
0.08456547685919591,0.011953286630468407,0.08926758327463699
0.04622143799306237,0.10315177980496462,-0.0622404127759383
-0.0005666980449184379,0.02248343082065395,-0.056717799337467144
0.06854437254463437,-0.006185160577547883,-0.04257410196130927
0.09048734872946124,0.013158725898075391,-0.0017098254966252668
0.046857239042298354,0.024100599209333537,-0.005232414648376742
0.039162109129042375,-0.0062040420393129625,0.057841907961623
0.008116424902155955,-0.01531904604803188,0.08311913091735462
0.023239948339438682,0.052858646128619735,0.025332760203605233
0.11710311543575261,0.009978562102372917,0.021434522503632703
-0.02695142643239144,-0.09363379922401432,0.07590931696010125
0.019632341459957015,-0.04795210707263388,0.04549774373316397
-0.002389867164643584,-0.06108271492052199,0.011630681259952234
0.031068257774618066,0.020823957542733598,-0.04932911757462112
0.03583172651776917,0.08819748340946106,-0.01220032894309116
-0.05318676577184152,-0.06324973307647729,0.07982622830229034
0.03481877180757703,-0.014862394809675602,0.022320445732946927
0.022993016740923043,-0.0895692945677256,-0.053277461937134576
-0.0037502020552975697,0.018221383763280183,-0.048324764631620235
-0.012399407128290876,-0.028440418673713528,0.006238109450921275
-0.0414532703071227,0.08065456666812063,0.09420579852651714
-0.04986027527187475,0.0641209502346152,0.08552511896990894
-0.007137500789490624,0.0441121654289378,-0.004172116967588173
0.06508812820150851,0.011314374738705916,0.01962732262452053
0.04389813045095334,0.059386182959900516,0.09954083137042957
-0.0288648481350251,0.07704270993883433,0.03745026650329161
0.08692833207598616,0.01032946287200666,0.009178080498099709
0.09250686657060665,-0.06548423045775811,-0.024382312985655127
0.0031930865670790377,0.01961874285028041,0.04855725363228228
0.00589900307128185,0.05622227057603555,-0.009302487141061442
0.03969344859352772,0.04451881614543797,-0.01114752959257154
0.04073998345209858,0.03891560945059657,-0.00961964144761385
0.04686139958310191,0.031513239990414825,-0.036458559947906706
0.1375969056339517,0.012199898531636541,0.04423026683340933
0.0416084541254926,-0.03644231790262166,0.057238363693593794
0.039751475644519356,0.04159709801545192,-0.000758238904818305
-0.022357715055700996,0.025208634550336412,0.0055432795762700125
0.018154737293667886,0.03152452545090399,0.10220950117760674
0.03821416381516429,0.025204531488535294,0.0020774912846491245
-0.006649361551286495,0.047796477989239,0.08982143448873466
0.0016491000502881978,0.03373721084503681,0.04584737328515682
-0.0355999937891521,-0.06267438588347635,0.06914193259930845
0.006145631014315197,-0.023966311084781863,0.01720149135833266
-0.02007185501938981,0.05499273631506938,0.05842070334451149
0.07025381158742205,0.11185480962465626,-0.00023256916746369413
0.032250244315351596,0.0034417924054645256,-0.002453095496671387
0.019766920986531038,0.026667469521777693,-0.051208586493674005
0.05580875990822577,0.08678281560157604,0.06152726697105663
-0.06937155231590048,-0.08909487050504539,-0.030470301200930455
0.007434681609382444,0.011120946132133255,0.04117975543004091
-0.015545657179671882,0.033351110345042415,0.054714954430846466
-0.008131763544648878,-0.10237156626008974,-0.004531698540876237
0.018913983637571696,0.10812054458595344,0.11087179738660362
0.024825370046744056,0.07198966207972071,-0.07196301161630478
-0.04708639865348978,0.007850479537704205,0.004068477388111646
-0.013651688977660864,0.005161920309894161,-0.006689832017050895
0.023645842789141586,-0.015950052082550167,0.00048404907665430125
0.057600405547807966,0.05097640351753989,-0.01805677008989607
-0.05532812900109592,0.048493671786784306,-0.021843318261259372
-0.006494199409527543,-0.09936670651287971,0.015451108169255864
0.06314847182005602,0.015535695501633473,-0.037338425360199726
-0.028397852999226116,0.03804876937387582,0.08114981981959776
3.420854928090286e-05,0.10837213638762092,0.013286685201445238
0.08707846720617061,-0.030107979748318907,0.08702055766815223
-0.06149623283778523,0.03097862288924088,0.05889825379381493
0.011441539028096434,0.06383650346167176,0.016499022858737847
0.02044903668016088,-0.017571250222319465,-0.024010181168600486
0.027499095249933853,-0.041385801370115084,-0.011527361444308677
0.07167650406505159,0.03653156790764875,0.0780296910644738
0.07194335179717683,0.019738789862437094,0.004257229407847535
0.02965803758946425,0.04761666479389773,-0.046820541399715795
0.019858455219637992,0.07103757305487193,-0.031658893297114014
0.0014249957164171392,-0.05782259055592426,0.014075299994707831
0.045257951177314334,-0.029507449877226304,-0.06485869606070233
0.043161718458412324,-0.007133425989037427,0.06752481298353655
-0.029409174258295347,0.055264736469626013,0.033434606349226834
-0.014719438006488991,0.022196178008412094,-0.09524096098407313
0.07851218193963087,-0.01916396843201528,0.03928115013335298
-0.03474029343265378,0.07064652417155184,0.06413773250125772
-0.030584266917152318,0.0041303235840595,0.01387232468627486
0.011216377696376349,0.08023682710385824,0.10035238820607646
-0.012774565365902473,0.044468427061434904,0.017974529972106277
-0.03309380051899806,0.02686213476212981,0.004875337285849626
-0.02938807590971708,0.07966857507247671,0.012203076680429397
0.02095647578501418,-0.03346422244853562,-0.017042760953065048
-0.06890190726051809,0.0002923481563884625,-0.057060315071045746
0.011742640147833192,-0.009582227558379341,-0.008325575150456167
-0.009765615788406286,0.0083912466008707,0.01057159393287152
0.02186782871434445,-0.003620473685249339,0.009516766626906828
-0.008488213042362506,-0.03097800107060815,-0.005921657252599697
0.005352622771863319,-0.01905470969770193,-0.019109397066408577
-0.009557488517805583,0.03055336216156486,-0.012038660630141411
-0.06494547966163049,0.025217212117893115,0.07627797954941455
-0.04214175395197732,0.054650758835598126,0.05375067521724915
0.06938163805464106,0.005871439423088207,-0.09704466150066415
-0.059573727063253,0.0697716193539466,0.0037209092823473414
0.04486989731093398,0.06969323125035798,0.06123798293638934
-0.015222524023301582,0.08843275942734564,0.07066183572856281
-0.016889519831116175,-0.07390363703218578,0.0008568353484018423
0.015967924670002444,-0.10433576536358088,-0.07371326456321384
0.04620853159993408,0.0494237080683048,-0.009488282032611222
-0.02236870533141814,0.02021189865904219,0.04497023108487
-0.09909124493815086,0.09285238175666558,-0.04388332540248038
0.05161114147183763,-0.07660926983006726,-0.007768208878431408
0.04469302849955773,-0.02665762117154264,0.045998599034429426
0.04355255040583238,0.05467547602201595,0.023422259971188665
-0.02304103986785798,-0.018753684942685145,0.02757631397521935
0.050028568598816464,-0.013027689295627146,-0.032955075230052894
0.01707253643623573,0.01766626540439439,0.056393519297278524
-0.10054246243892814,-0.030394185435773595,0.04586940741285357
0.00852930330365122,0.10263332439710054,0.06312525740067405
-0.06170181750120353,0.08352384902864005,-0.009246947421787272
0.05208187568996859,-0.10479773973071703,0.03426119634438659
-0.07343450403209799,-0.08511357629471308,0.03151089129521173
-0.0023275950906581216,-0.037498133423228164,-0.015974360921834345
0.06264151180101082,0.016290044945322872,0.06852109755989295
0.05386052252292508,0.05097000850889649,-0.008264135771958706
0.05388716907140949,0.01632346641886038,0.02472584327112928
-0.017802189020251057,0.07589106999170285,-0.04672277099403186
-0.0660397877764009,0.05932873815559832,0.006455227985187259
0.04195973895884166,-0.0017987566983858555,0.05844958387316467
0.04784591035796587,-0.0036081212097164635,-0.0039046663015401568
-0.012737992574656925,-0.016019822588875805,0.024939946938169297
0.05757072550099925,0.028644336074776636,0.016741839353954194
-0.03509181198616951,-0.006179186048335884,0.010565428664730588
-0.05238316241022535,-0.06772625293397155,-0.05605701002931304
0.06588476716098529,0.05609659136553112,-0.05436875522471435
-0.10342627737525396,-0.07924433785218231,-0.013132464797541689
0.05959695182686401,0.053389918646585474,-0.02591734232922971
-0.07362830777429404,-0.049812460814641045,-0.011656508626760115
0.05890033270047011,0.06194368362621378,-0.0440004518801731
0.06075972249725298,-0.09674512660793959,0.034626959126012845
0.022905285474217073,-0.017811041362885395,0.05048419989295312
0.07131365516203754,0.03968985003884005,-0.06616907204405999
0.03236288734889359,0.0026290205421751005,0.05390310302688952
0.03443232316559351,0.06012372647106919,0.10236647542323991
-0.03205667686971332,-0.038320169025521864,0.0229215085813528
-0.0012851754131060949,0.043032844651940384,0.012404104379163623
0.11442295982374427,-0.026369055111421815,0.04793733114369631
0.010740109856144674,-0.006000903247958709,-0.06864013865836902
0.0026356789255932178,0.01433167276744925,-0.021139522142373312
0.04181896379077864,-0.0383146396050298,-0.07036633168707507
-0.03062245579396842,-0.03248584083129924,0.07079460369821165
0.061691803097925955,0.044398485813132334,-0.02980156815956868
0.06712668199843368,0.010800720568643802,0.010418849601374063
0.0012190015216530297,-0.007304742805536852,-0.058198693573896974
0.00809584902118883,0.0028380030849140224,-0.03089851401210294
-0.002858477584108379,-0.0255460632229438,0.04943470314677645
0.06241462237997485,-0.02323031500407606,-0.01291272421387207
0.045507419884276756,0.009315928007216735,-0.02184784875525278
-0.002014691587474765,0.05140530185881333,-0.06317433975284388
0.07110948790074992,-0.032660854377808086,-0.0010348511599565261
0.039966019594252056,0.04310056575334879,-0.018960642136456023
-0.0059802110165550985,0.06164891357675172,0.012815105614154136
-0.036698556069374985,0.09491015160243498,0.0688080626529281
-0.014015573752081099,-0.007088547586473256,0.0040510673589111805
0.06938254014197054,0.08617865225145581,-0.035892645426324817
0.01821958006874208,-0.09571310316572385,-0.004310435649845435
-0.06476756729447614,0.024198717292595498,-0.020125584174867265
0.017542493960845937,-0.09756930031715629,-0.0533051878588299
-0.023721060107321463,-0.061775713638612596,0.05373145257573363
0.00325480523026073,-0.10493716762956319,-0.016202313547573448
-0.06056462374324808,-0.008044824000998695,-0.012266136453785836
-0.028515938020533323,-0.004252184978820333,-0.024048664750638375
-0.04397537210532654,-0.06020120837225611,0.0015975035532517067
-0.02726020148488832,-0.004893919210833357,-0.002480675554174175
0.036943519716277344,0.05671376939284521,-0.08594419028378857
0.08147159618951935,0.01744152946791871,-0.08625680907668914
0.042101906710510936,0.015611147652246067,-0.07021518762859538
-0.05438879053303461,0.04760182060622248,0.022313328615846294
-0.004857599291373013,0.038910020584062746,-0.027794377273455607
0.06199027246711517,-0.0740204526106768,-0.05887904674640982
-0.00040767004478324716,-0.034741214637408285,0.03502929573028545
0.033529948075718935,-0.02684271412433232,-0.08915939936674824
0.0229040501358115,-0.08589295869998713,-0.005313884064890495
-0.01658147174212585,0.06337355736852472,-0.04298633954586955
-0.0477293017056996,0.0003939384131817006,0.01146694389950236
0.034479534660673446,-0.03481935353822821,-0.14996890651490638
-0.11849605918875775,-0.005053358114365753,0.08320054486509706
-0.01222952641952366,-0.045946049437424585,0.024595881354598587
0.02038281862681069,0.003278565982141275,-0.06606951520496476
0.014025857767945567,0.013259806763710288,0.0058149063520377756
-0.07350390188933878,0.0015246329469126053,-0.046148809140735096
-0.13521914928549242,0.02497203907329504,-0.07526971603370794
-0.023157378954739842,0.008760779274944128,0.037812050277952744
-0.03137280664851121,-0.0530202476007213,0.033004473486133175
-0.03615759622761193,0.03308371173429931,-0.0510977581137271
-0.03175521386776324,0.02958987022389061,-0.013499932271441572
-0.03619431181238068,0.05588436477841033,-0.09878733089544078
0.09253643821062647,-0.037877365220993296,-0.006272206199883411
-0.08887151986889943,-0.10421137761181914,0.05772314682735835
0.06680125866510336,-0.06874767599149229,0.008333167884818807
-0.01726613958638585,0.0260337120722317,-0.022996961137985765
-0.030349331655262164,-0.061260154366427885,0.010228978380169958
-0.033334602375093995,0.003024858918120264,0.0710761503340865
-0.04308936263782518,-0.03211253625802201,-0.004155376285372103
0.015071246337116831,0.06997783982659365,0.0446944488557733
0.057848523431246066,0.031616655626600744,0.024280859064914798
-0.056655909084637586,-0.024163507435123605,0.00597156084683146
0.03619756517654728,-0.015256942847037446,-0.06414105467987
-0.005916713537184598,-0.047701299725090754,0.02916385356395063
-0.0002811461920364834,0.018828799033412745,-0.019486121832687747
0.004674779019345217,-0.02444524903054997,0.09642086445387697
0.0809695488319632,-0.07022796222523978,-0.0420308712166894
0.09895902598344754,-0.1320898253219346,-0.011023084015689886
0.0035083895050054305,-0.01559974281678523,-0.004409444447431259
0.04354391583662842,-0.024255465593048624,-0.003644042920851038
0.07550529673521295,-0.08866811729633728,-0.022244661703278372
-0.02914555715212389,-0.16810074171701447,-0.00850176428636205
-0.09213558356095963,0.0051822609028087,-0.06960951472999019
-0.078177951406399,-0.008793716387829281,-0.050000400480623944
0.1382676312354391,-0.015089856468212086,-0.005855143079650384
0.02808942866616146,0.00811418599090602,0.05096998462752646
0.015471154904040836,-0.0005490137713016555,-0.09321660499167228
-0.07558490418862548,-0.010154633584500194,-0.07223535620182366
-0.056830848125656336,-0.06077904524666422,0.03782971290478476
0.01217519622227059,-0.0054671180617000825,0.021037132153335622
0.011679564505939103,-0.011484102935600472,-0.11142298697163636
0.0017314655945781937,-0.05744672765273591,-0.005665895238155758
-0.011874047045329211,-0.011725514666383195,-0.056880818085028303
-0.08281188993032051,-0.11975917550389065,-0.03657092070234214
-0.02366229478194399,0.01156179924306204,0.016008398377555542
-0.047179651564273214,0.050797168049773425,-0.023303026571035366
-0.024406115585929877,-0.04122472092710584,0.01293868565967828
-0.034409860755513236,-0.007229101138027789,0.020745283960444363
-0.050183089237168355,-0.042564996933764226,-0.0173653851956952
-0.05675268525410204,0.03127634840833035,-0.061447250007716545
0.022857116685025127,-0.04500874826084318,0.018274171652391532
0.027829985552621454,-0.011141169660548948,-0.07359546878296608
-0.025118606998130854,-0.07591472320485237,-0.04783028140830882
0.007671175571306123,-0.07201623258914379,0.04573473105087199
-0.010820902347389959,0.07582936059433536,-0.08409461295517132
-0.08954237196543141,-0.12422077262869091,-0.04700624663522093
-0.05165274808523856,0.012617996538236795,0.08331922640662154
-0.09313865917424803,0.059813661027947676,-0.042869580327425605
-0.0012114353686120856,-0.01808833671733298,-0.05018657343507205
-0.08394013027655596,-0.054153910822719115,-0.055419004770268836
-0.06343258945784483,0.028948409610775955,0.08863516618880551
-0.09273030674722879,-0.09440045598424568,-0.09715274339040181
0.035353432287027295,-0.013850316679458397,-0.0776033137809158
0.05322148233577416,-0.01733357308113037,-0.08783914150977798
0.0712934871727391,-0.03845886911658517,-0.003886273442381471
0.018988625990102776,-0.052780578588156865,-0.0171899620851371
0.005136908873668709,-0.0750122122263332,0.008619566574055954
0.049269006477105186,-0.05353206396012296,-0.1457672614664888
-0.0025219450738226956,-0.014828930698651165,-0.002705499100819672
-0.0019008173046986473,0.051281481240851336,-0.05165043612468932
0.02611833682224828,0.02846452534942003,0.05617018993451543
0.021559975786963618,-0.04975023070778502,-0.03589951526184978
-0.009395198465850293,-0.004522002088477613,0.13843113641652866
-0.014132057221019508,0.048935957661728285,-0.0919055830410288
0.022605129079747537,-0.014331356064544595,-0.00020869685469464966
0.028604879528943028,-0.053581338431623056,-0.057039739155102166
-0.0693184446533002,-0.0901947854876296,-0.0029635626013850627
0.06053537857254401,-0.024885152997361906,0.01309031640351006
-0.08530048820312391,0.011551526908704517,0.027973111266982712
0.009733642702240447,0.03557140036185857,0.021379022108511274
-0.0345344381605134,-0.09421502566035327,-0.0681699023643535
-0.031999810327177525,0.09212767061398426,-0.05479710449669395
-0.05985477799784245,-0.04858833755846143,0.011955023329747093
0.0611980373700205,-0.08025587865170031,0.00895176273907141
-0.0361871322178645,-0.07845882884043212,-0.07011317046505436
-0.07722586427928509,-0.03196803105033516,0.033167954804506156
-0.029772211089561497,-0.053615615621078715,0.06001381225586355
-0.061168052650843026,0.0035552424755923746,-0.0023338084884399445
-0.04896549084931291,-0.04082894657115977,0.059753744639654785
-0.06280172083679,0.036993414069240164,-0.0480701849594998
0.045765037935796345,-0.04037498157851614,-0.026157041643187717
-0.0957125079027984,-0.03538489124734398,-0.04200177368705628
-0.03450421325725649,-0.0013248239459867812,-0.08666924817159466
0.06903031793887363,-0.02784629503755797,-0.02614511568054117
-0.06888947671988749,0.023192511114360385,-0.07429456907215352
-0.08287400301465064,0.0071196331446999675,0.008105680341006873
0.06467653250771771,-0.045499694136850594,0.013133423104867828
-0.03148637245951887,0.023187634890401432,-0.095614969565557
-0.04122519921704512,0.038128657670958604,-0.013438616175582714
0.021887614048165416,-0.07137857609023657,0.01875768425149725
-0.04524973753086786,-0.06576187947213485,-0.07473606112630056
0.03443848957989408,0.03547702583079415,-0.039655892313157914
0.04280626020673742,-0.10064543040651042,0.0973867598276163
-0.06731106975872306,-0.049387547249378425,-0.00680694965132502
-0.01196671066794704,-0.055521599821793464,-0.023255907443067002
-0.040089383529242385,-0.09490073271930029,-0.02083497851651308
-0.11119391227350688,0.05033278414233533,-0.015284425951419921
-0.01810893859690427,0.05103995821180829,0.08051028656731107
-0.032615621206738735,-0.06218967231098483,-0.11640435616839377
-0.10750091927195059,-0.02008168243044206,-0.08040082738072189
-0.0068535444942935545,-0.05111756938033005,0.04139719941943409
-0.006863498706988188,0.008553335156832395,-0.01964458179975434
-0.07255779378709071,-0.04211362182457316,0.02390924205063224
-0.01878235972255749,0.0384172296974391,0.007486981321007549
-0.037134456121118445,0.0723841853433785,-0.057480385736528125
-0.014061808728026818,0.03247272978850751,-0.008826341897912746
-0.021281543265879263,-0.014320950875289356,-0.04782918579051651
0.0036986720690883983,-0.10503601214993921,0.006943565954295024
-0.013675807151819451,-0.0400573587334995,0.005928106785312635
-0.002248171534524404,-0.04583012771730469,-0.05871763359367442
0.010363938754936793,-0.03185541468586999,0.03152145303651335
0.030879479153733277,0.05007211969851125,0.006990665368443505
0.041038750323158506,-0.04176163813158817,-0.05035065690705991
0.018875727804467973,-0.07639303489756495,-0.04915404914276193
-0.08372358600701019,-0.11351449705406913,-0.030249586678945402
-0.04149704831804113,0.031151274216091117,-0.021158347021296424
-0.02415775480272174,-0.028701048692724516,0.02118315103102881
-0.0852174716675519,-0.001897709246091308,-0.08189857510696988
-0.12230141582076548,-0.04980487973495437,-0.03842743321037529
0.01941359953562382,0.11556381640595786,0.029289047870831687
0.003984135028425349,-0.06345847813072336,-0.03945464777618619
-0.0060429075023075325,-0.033111414543979034,-0.09930356022332477
0.0830409649598416,0.009426378906585884,-0.12854217422502123
0.05858513978618036,-0.015662380904008937,0.05917574315115184
0.013635782220090396,0.026022482452400245,-0.05818938671681137
-0.033598546184744886,-0.008332348880689304,-0.07446426185565247
-0.009044616310405304,0.01995073579484251,-0.04696297116445701
0.020577706200066652,-0.0515331662094139,-0.10078538592042942
0.06413668103015718,0.059309833473737375,-0.08964289541376687
0.005447286346065752,0.001272983043304741,0.07200887966671031
-0.0397249975287347,0.00013352225293716737,0.010553515054501868
-0.03936968068065161,-0.03964550851740714,0.030806485528937718
0.003333920027709626,-0.1086248384828067,-0.09696362481366735
0.035962350081181045,-0.053188583846488315,-0.07820792449525521
0.016258176205560484,-0.01977370071415175,-0.14667198570052212
-0.07230019823500787,-0.011475293506256324,0.11990269413619475
0.07135810384168244,0.06919546668743942,0.0663040109648167
-0.05056002153251606,-0.028114155722721502,-0.009799430104516667
-0.056781428076151615,0.019443833391924497,-0.0018511244654740048
0.06159057031902414,-0.019232340954551286,-0.021138101359318005
-0.021502036179369684,0.1342725136158549,-0.08099791000685921
0.03517625585363905,-0.01189126325746746,0.010652475140055755
-0.015429075774163498,0.011402988729794209,0.00932397550827392
-0.04043712439942582,-0.02958993427304652,-0.032877450225699274
-0.11472865591208989,-0.031018241466245936,-0.06826121656103397
0.05730388916206372,0.05031974423674758,0.0017607988905899222
0.04649055887939711,0.019565824845900325,-0.03731065696172594
-0.021651622534623112,0.03636805627768271,-0.028687071041041637
0.06678844901594756,0.0008670054524610935,-0.08868707977996883
0.03364045143745077,-0.018339522422165255,-0.1374047745571633
-0.017874501951996333,0.06421795126855821,-0.027140061783661892
-0.10713636801888182,-0.009634834961126935,0.05769746263790153
0.07131049684113455,0.05251321071829025,-0.047326691326142464
-0.058934248742228135,0.0070195936967439075,0.061944161714219514
0.024731283316798556,0.02956218055694331,-0.06210000033405708
0.021256640694339142,-0.04829048374126412,-0.004087930961541659
-0.010648912204142389,0.019619187845038064,0.05512387398668415
-0.0378615236906195,0.00334595096552165,-0.06106488486241748
-0.054220239826120425,-0.042769111203112456,0.02586971811819987
0.05784077737955907,0.02427848344712099,-0.1034776466261723
-0.008376323336479993,-0.02045104816149805,0.03034104371475885
-0.02374224572665998,-0.00565654359806759,0.0023656496034505444
0.0234983826167353,0.030189541925248448,0.016794532470710506
0.08795573559620906,-0.05212792429216681,0.020547509462684053
0.05768852033475197,0.02617237789273502,0.0029867099976532687
-0.014263694046266606,0.05601189414342111,-0.03340097797140907
0.029118819400157977,0.035131812755849,0.03137974955386711
-0.09799767996630633,0.004179243948090593,0.0009164757383045286
-0.08320627442371129,-0.03239444901191846,-0.05724076983771803
-0.09061023595555487,-0.03774345309495235,-0.003920277707878532
-0.011317409281434768,0.11091002358716476,0.05357600534114686
0.014505196297328254,0.05307053025398269,0.08585829537176501
0.026697684988676938,-0.006981247592960852,0.009444377608838383
0.1344312208882327,0.05344455730897543,0.04422510632161271
-0.028985304116438685,0.025163590134308,0.03671162215134205
0.024564782066916743,0.020254733296524545,0.011906375420362741
0.03096451973846856,0.050708033510854664,0.07263347854332694
0.00840859029640862,-0.035661809463032226,-0.07694508775436011
0.06326144305103848,-0.055717399261849744,-0.03601518977088357
-0.057026023985516726,-0.07003670527657585,0.0581223383570837
-0.07248234947733864,-0.04522641220254871,0.06320045162682096
0.03431483316843108,-0.018649415335494173,0.038513692614467174
-0.003843103310521777,0.043516510192965124,0.0021422535303830216
-0.027134370082211673,0.05827256037437532,-0.055757940194358833
-0.04575980313893695,-0.04245096773954592,0.04609954038937052
0.022584049553593926,-0.003650583382604133,0.048038316014057524
0.049638015377186546,0.018070774517874998,0.09640330837825833
0.009518235889989493,-0.041979256610673345,-0.013093059576051677
0.043965157977146875,0.032233636488128256,0.060086623740086956
-0.008110430925331412,-0.021888375862661347,-0.02475154974717407
0.02053932763875109,0.10616269106183472,0.017275530961224788
-0.08845544981536409,0.043181258745654344,0.030558809663717205
0.011741041854126092,0.08940768174664103,0.01692790986871001
-0.03154764247502949,0.05596617652465897,0.0011968050481280072
-0.014686446911948467,0.008541910947979079,0.10810226160053443
0.11290690617093387,0.048906347769713227,-0.05946766526770933
0.028020958834904956,0.07570667288251144,-0.015259514930005548
0.0030393437001814926,-0.012955258600478662,-0.06393578520040637
0.013353106204999144,0.047716311061167374,0.11231751591765891
0.01623001634586284,0.010696188366742297,-0.03691090883466562
-0.043606736617283114,-0.018517111427677986,0.021632730350999194
-0.011358757353481764,-0.021291413497932926,0.052528491103977455
0.06500517151601286,0.01850015209328402,-0.05887942983746453
0.03249602105705309,-0.0018167466330218079,0.007626912487446655
0.042416031895521726,0.09465566483034243,-0.029439638506359243
0.042982056394714876,-0.05798668908652619,0.04588746448666215
-0.11642262190084961,0.06395728660356778,0.12576221070388235
-0.04214306403267019,-0.006891511401222612,-0.02889462082039873
0.02416526090559246,0.03429831562345158,0.07160085439322397
-0.02328464064474835,-0.09747396042130796,0.07275316242197497
0.019545380173150235,-0.005897784492283231,0.1088963266150815
0.05597713734646938,-0.031148000670526022,0.020882594414948698
0.10501196178358524,-0.039240726622165475,-0.054354533544074615
-0.027084534815183105,0.01718032675083926,0.08280424970006359
0.024787512503643153,-0.03693855598534666,0.012899976599911748
0.0071528743557837254,0.01777632148433708,0.027476446170416304
-0.08587297322193327,0.024234214555716102,-0.06424913983105597
-0.04318844212812295,0.09153219187672917,-0.023813188818540994
0.03683838408687981,-0.06132024887214633,0.005304281704908624
0.03787949448727197,0.014236158663035464,-0.05755868831951248
-0.004623999470736721,-0.01459403973755373,-0.04369644011716698
0.027809519743271484,0.10769698097539517,-0.02941294895778801
0.0020379960974500518,-0.005216136190153001,0.027463367576731325
-0.007853184025220717,-0.014680988933895866,-0.03332535870011895
0.024681662438856326,0.021931729319403424,0.02528097198130148
0.06295553516470473,0.024660765946881477,-0.04363556801275952
-0.028362566920309723,0.08555838930216894,-0.0634594048113061
0.11224964886517226,-0.07028260139071488,0.00975950299326627
0.01868214867538091,0.022329032653856693,0.06575141995102007
0.052596030428018276,0.010593345525240013,-0.070744168786436
0.016505227325974228,-0.015603502017621017,-0.06916199752996842
0.019121819984206166,0.035618074876715575,0.026279592987218606
0.0008310455796505488,0.11080900685668467,0.04513602818467191
-0.006848362695981349,-0.007230797214592157,-0.04368521620152584
0.010176602323192896,-0.06310094187148839,-0.0288285773675039
0.1236879255323891,0.02898305048157474,0.012680815349737588
0.031171423622070434,0.0124824136709792,0.0411294696274869
0.040969784090514175,0.023516672799013982,-0.07730609037964413
-0.0305925271521853,-0.015387111835129995,0.028051171162414328
-0.0008153964943017969,0.07675518121937128,0.06922597364868102
0.06610610191349403,-0.006995966055502401,0.029074582832169658
0.033998196888876786,0.02658352459406761,-0.014500501070184767
0.05898988747825221,0.046324908367026255,-0.04789302603103994
0.03776731879677117,-0.08577109171789858,0.010194834674862985
-0.11135305434347917,0.008118547556555665,0.10719360445063264
0.04877224811076622,0.022627261372504204,-0.037561229519763255
0.018009134377247545,0.04434556937381941,-0.005779800280452094
0.003234600794846467,-0.08574284571133621,0.06261984687921196
0.03753456072890497,-0.05521763003611947,-0.011089191090004044
0.035821315742738336,0.010280101578953395,0.05710304444448061
0.09704992137352658,0.03283140684988153,-0.11045670025742746
-0.029660667252338936,0.03864302903843439,0.012517734407104558
-0.05935275371383171,-0.009405311033332305,0.03097868091203397
0.07077879544965968,-0.060456534995271385,-0.017993275017266913
-0.05167537754077098,0.018570009048022564,-0.0007007399618405748
0.005572291561785729,-0.001469660342362275,-0.031062819568966175
-0.03185873351510052,0.03676707457317298,0.021332517791506564
0.07346257733800844,-0.0018804844655619067,-0.03596369094504363
0.024036660507259274,0.020271154368557358,0.030191236065198815
0.031109702963727733,0.08950688221558613,0.058224841742341965
-0.025367316863891726,0.049311344333249796,0.04026648001882806
-0.04982364571567346,0.049370058257850014,-0.05815387247608301
0.025915165910348235,-0.004345179426783419,-0.002976084756092942
0.07901629183666081,-0.04013555442791281,-0.01843824008819938
0.03881770743961495,0.08496406736321278,-0.05378140960275832
0.0320340162197121,0.06192095087143168,0.00764936817292752
0.06350028507599366,0.07846588026134105,0.029742258832017067
-0.0011613238712045032,0.013586059284868994,0.011715439022703198
-0.05387417202443828,0.03142709874015173,0.06043567253430162
-0.03915119203569435,0.09841691802146045,-0.012349290359093743
0.04043655761227519,0.050381854188348715,0.0725090594577823
0.0161836746931269,0.07433982371558767,0.11246646044166361
-0.00043148486830388993,0.018501459285589557,0.08419606489009787
0.07851095467718175,0.1321979686056994,0.016871067799711762
0.0315086941690555,0.015008337632187964,0.03255052111461657
0.023653751149695545,0.001254387183523241,0.05876820121548522
0.06014714905187106,0.001878999590866081,-0.04515711943073479
0.03443752345143336,0.1152563882752238,0.02713658207402872
-0.004121954710950088,-0.0526737729694975,-0.002220167714074763
-0.03645614104813929,-0.012469454009756364,0.02690210216932015
-0.042242896794991484,0.04351745142565773,0.02644776645033297
0.047918000201281785,0.018273459288929546,0.051049358668285666
0.09484332732233233,0.0550144429023951,0.05304669859076619
0.023379102126474864,-0.032400009371147495,-0.026515467229049152
0.04359174932042085,0.034674541863295896,-0.039113886951094176
0.03226283074899476,0.025169957299406596,0.006459354030003153
0.07524841709773661,-0.054858173734712815,0.01736370985771221
-0.017077735454571308,0.01140365401799956,-0.05853989444984773
0.030537378744517396,0.030306166761526768,-0.025414716046630703
0.09854759201463786,-0.03530316528469535,-0.0804542893360151
0.054350335753877446,0.029736345615124934,0.06105278442472349
-0.025476149121944566,0.0037707830976344645,-0.021105036143091598
0.041849356072350435,-0.006022080529315653,0.06891656468284886
0.035756149213400285,0.06480703339589106,0.21153903224072712
0.02368392292127308,-0.018590911499815385,-0.05298357457596733
0.16188591548179307,0.04178954811016185,0.03272213357546837
0.0008993095971285558,0.047995498762592854,-0.014107969136609265
-0.0397361351299441,-0.017459783262005556,0.05125337905662092
0.024239138725232427,0.04999801854018882,0.10246104102518101
-0.003115233042560988,0.06843913740953547,-0.03378145231390479
0.03798189014107957,0.07809567577925984,-0.047295107427979585
0.01151487575618152,0.03937151379469163,-0.019885560194140735
-0.039418306189297515,-0.06443058541544727,-0.026523910830085907
0.016062546309470127,0.04952090159827918,0.06939821955046059
0.010097164387177913,0.03496412021106282,0.057274818693568
0.0444022908485031,0.0252266619281094,-0.04517187600115776
0.0021425344109815402,0.036833774774166744,0.0037499053470792017
0.07231262044085847,-0.03692477108784218,-0.015794987864535683
0.09483622224097729,-0.010926705033948051,0.03538904075243299
0.006406529229342548,-0.028202336719184415,0.04105415067947206
-0.0062515608332737345,0.046219686685752694,-0.06775016722428459
-0.09748755112062321,0.0020488064294509507,0.04610461724263376
0.09198405041060788,0.031317766087432294,0.09118913599191109
-0.037277145935428864,0.003211027040307228,0.09109676852898103
0.033560475875762,0.04133300266646414,-0.0570096433138518
0.05979377085247097,0.018784081686481532,0.05593707761082031
0.023456802744659395,-0.025488292295907856,-0.06425073236379861
-0.05335305877103347,0.07429419148958001,0.031739353206658535
-0.04066399195827876,-0.0677380737984865,0.06040052495527874
0.019915464388390584,-0.02525053479957174,0.029710562717947576
-0.012989065721970007,0.05668460633837229,-0.025833454419222066
0.0603205309964944,0.016446238323461038,0.1024772579950717
-0.01500290258095444,-0.031172673453347205,-0.06138835370816928
0.10212226068802638,0.008764716544985349,0.09473531825104622
0.03429257682918719,0.02671522286695619,0.04465041116881502
0.0358244257890499,-0.11804459300529732,0.007459174414114337
-0.05124658650895883,0.05677148692900839,-0.012832251208372695
0.05496065024978382,0.05263231662166462,0.046632503843176215
-0.036813565342723974,0.012578338521229557,-0.06111590819485214
0.012480335297759392,0.0061571212590523835,0.017898620037538088
0.016257118648041496,-0.011603221290938508,0.003236347458811255
0.021282549918514568,-0.04673103175605151,-0.005601930575630773
0.046531570027661354,-0.020672796677237065,0.05782539088355697
-0.007930714033349186,0.02956552987513942,0.05736511462429732
-0.024145135925080323,-0.047259794481144965,0.08174717938023683
0.05204612904505067,-0.009502607248289427,0.0601964330417161
0.030194051124202332,-0.03263606528409669,0.01993192458374319
0.017012194846593887,0.01563915480104429,0.09587077081605086
-0.011300733924217378,0.016982771517886748,-0.0355944172207908
-0.018192518060915253,-0.039346679026487454,0.02880432579766275
-0.04831787837497065,0.014160858644179885,-0.032499308398314705
-0.05292327156439042,0.009053111812474443,-0.10423468307016745
0.05138057547016289,-0.024502190822235766,0.08483875599412063
0.02385972707591741,0.0737182731699472,-0.04274620433694017
-0.004581515338519606,-0.05128881487205387,-0.014169797342430585
0.12178565754214639,0.010245352765540915,-0.03224064167791345
-0.019077006072295552,0.026570099580463975,0.019809738438737533
0.03727385577427848,0.00729346289648353,0.027798560203228267
0.02599109033131868,-0.05678908553236165,0.027937162453749817
-0.0820741892999044,-0.0725090012278444,-0.03204221135660127
-0.034916389740700764,-0.05238949862054744,-0.035883814609279925
-0.07237536393790683,-0.03140439105304289,0.017403040949576797
-0.021137645038737756,-0.02597521562665763,-0.044994560955440396
-0.059387621359687184,0.06024270396104957,-0.095391433906639
0.057472969708045954,0.009416104307158422,0.004598774909860152
0.036558055918063506,0.02687271746365331,-0.05413462838627308
-0.013215703794950148,0.012346064399240419,-0.021220174556099074
0.06106580375175968,0.03532693617104374,0.03125076407024238
-0.08669270842389126,0.06020879526908142,-0.080736254745393
-0.039181874451850694,-0.09261432659370596,-0.023269349216143508
-0.027757384185745575,0.003943456432710393,0.03711844884482082
0.05002261982586695,-0.11194476515058979,0.10025940645100724
-0.03794932013231609,0.01841012376410819,0.04269925991156157
0.012777651887757459,-0.043657125072318476,0.00899460625668695
0.1005899512406953,-0.004250339473696249,-0.04607642558558184
-0.026737209033205634,-0.014686255561674359,-0.01314429138859411
-0.1025388547873467,0.020793556814804687,-0.06954913696056853
-0.011012973032377433,0.082719139192564,-0.06420196458803812
-0.052060253734652395,0.05308625762345079,-0.041527434047582155
-0.046491427740494244,0.12207005152613315,-0.03971550004686356
0.05294080207121504,0.0010710847396673481,-0.09594017001234428
-0.0007832148293228092,0.05085902437650179,-0.05309827099267553
-0.03855818956988131,0.027229400957863074,0.060215101049028025
0.04041152009326884,-0.039926647479754426,-0.05950677669135057
-0.016894203109611202,0.009619278878667044,0.07159253805428628
-0.06201346051594799,0.04337372149706137,-0.020192667579362687
0.035897491721723705,0.05538036970491426,-0.0391372941222835
0.026577499355573818,-0.04163280327758469,-0.02137316408659735
0.01931469901539995,-0.056662926406484744,-0.016648620227865243
-0.08556979613667094,0.005545377567307644,0.023013437290710464
0.02586057319210735,0.006983336817389246,-0.13930777799181596
-0.06814195800244353,-0.00846031267835819,0.051454473216504225
-0.018424082568454257,0.04879884987239154,-0.03994364702352661
0.05398824601768357,0.09295974713052266,-0.0584682679870376
-0.041587731773685785,0.024467478252093926,-0.029115062428565985
-0.06688369994823885,-0.10770891411940842,0.013913871882965712
0.021359425573504145,0.026710334559755435,-0.07569065597176089
-0.08167836866822739,-0.08802598543737852,-0.033638347295890006
-0.09631525567194693,0.017180909276354097,0.06937590895186324
0.0102332573644003,0.03736306625477374,-0.06602150643855853
0.008802876314222191,-0.028866182950268188,-0.005252474499045283
-0.08663834642312775,0.02338343097388662,0.022013775729901375
0.02575487940484982,-0.013900162203714924,-0.09692854021613377
-0.01665629783725797,0.01386310013749101,0.03961387385140107
-0.019297099921446254,0.020234665159123796,-0.023461074057101593
-0.002157193227959554,0.010764170994269764,-0.03959400929106788
-0.0934586805015583,0.007702361273761482,-0.04279962133870321
-0.06287244054936401,-0.11131620580684082,0.002540598323603477
0.009417929257727827,-0.017184705040371187,-0.03327397836019474
0.07835565847883359,0.007295291669964394,-0.11816946160792034
-0.053150508961665344,0.06215496692991607,0.1094823565754419
0.06252948631344334,-0.054066778612975694,-0.08349300607163541
-0.029642488161104433,0.014830585164654225,-0.034087484787946
-0.001328443892711988,0.11027817212626706,-0.007624377470087127
0.0355742533854224,0.04671911003414378,0.04941965763469024
-0.01857996517896322,-0.07268268683382441,0.002952738067749391
-0.002230827415962356,-0.003234565422658424,0.0025501227594705647
0.013108680454332536,-0.08798271578058038,0.022860310494528607
0.10304543859719419,-0.08164832350125806,-0.025787595089074713
0.007705240180748011,-0.04787520367659542,-0.05916632513674328
-0.0926905118454983,-0.033003505268711035,-0.020400427493898893
-0.06263048323779585,-0.038353964967831805,-0.045161073090854154
-0.12304752792266735,-0.04540823330227724,0.060226708336359056
0.07649324503511191,0.03715821209082676,0.032993289840843626
-0.056381917063394675,-0.021705639083695882,1.4462608997685422e-05
0.06902765516620103,0.037533813647209785,-0.01902398410286273
-0.01835465810981924,-0.018098828818888232,0.011409797313869565
0.001596698587780717,-0.02511198501249457,-0.056864256227845814
-0.15256466638198657,0.06749009123801242,-0.04377755511041902
-0.08868410615437179,0.017267861583229217,0.04696926928029803
-0.08627628342469026,-0.0760678220780085,-0.06532814534780998
-0.039800655809164545,-0.15399910571347245,-0.04725045493845706
0.07652833332225774,-0.03891861859062891,-0.04797323037205903
-0.01799886470716305,-0.024450585868556772,-0.020617383870243842
-0.059174720202074184,0.002056190379639781,-0.01826675047775421
-0.04871748017887948,-0.02902910821592291,-0.07959575956531657
-0.01671768744282586,-0.0520648534671437,0.05393995799615574
0.03695661386261155,-0.05511675070480743,-0.041720559351898036
-0.07081085624438897,-0.006266520758327322,0.05995647850535271
0.047506838055463116,-0.043190800316689815,-0.1365930843856305
-0.03438027399597976,-0.06312722076818175,-0.10151518705267698
0.07748590175084936,-0.06539958505947883,0.002835137134431665
0.037376959445235614,-0.048875070760427713,-0.0664239945707634
-0.019134449579490335,-0.048827912909583784,0.013297631371412409
0.011461519447512922,-0.06148653717005423,-0.005725516328358587
-0.06619693813331831,0.027716791247611023,-0.026973336471070804
-0.04521165249062928,0.033735859388634784,0.01079707957945119
-0.06355011655062925,-0.07614726406135237,0.025566726325083427
-0.05467152675219769,0.021135308626275304,-0.06217370191209991
-0.0002906409479844982,-0.011954501087957942,-0.12230436537939215
-0.003491568301851669,-0.02326046698298718,0.005918134220765096
-0.05005710573086439,-0.07193370374301056,0.02497812434533409
-0.04892339255826408,0.05526791821974702,-0.10400009206785288
-0.05468485415326399,-0.06363290337565188,-0.034935137723659526
0.024785684336174372,-0.046271017376317836,-0.0647249543785263
-0.013014982044465686,0.038268905547336966,0.03701132512997227
0.047759403352023055,-0.061812992565363836,0.04997755080320054
0.0064936483679105435,-0.0702030201995264,-0.06100660522887627
-0.024156919345134042,-0.033190362140950835,-0.03952089381553468
-0.03195369916767388,-0.025860665795778903,-0.038231446115613785
-0.09370119142375555,-0.04008920767119306,-0.05078055393093037
0.03948387678622542,-0.004707332706709937,-0.0874990363220064
0.04919747609982844,0.042098787363163914,0.01879380735891759
-0.0030902716446273917,-0.10610423436688496,0.06320705237261295
-0.017508314965249013,-0.03962919118702088,0.03176646982423628
-0.018100123320134616,0.018781335508501543,-0.1435182463989039
-0.05379541287730607,-0.0792670516944374,-0.032970886726133346
-0.07293014804586799,-0.1051849050337441,0.005850483794810287
-0.060440888052513644,-0.014615537267220039,-0.08400389284284691
-0.021144905264045142,-0.04964756872773718,-0.051826441757708966
-0.07207783918019565,0.003974825732768882,-0.05863157415324555
-0.03652028089788102,-0.00022557635415638294,0.06355658758974854
-0.08732274626144551,-0.057757895270927284,-0.11678603867441312
0.01563894709314853,-0.03353864837171379,0.17061014284997836
-0.06296246399205632,0.061078893419806726,0.01397506242542635
-0.032245183103666294,-0.04574064312288485,-0.10446948554055595
-0.03662393257728665,-0.0776403618439782,-0.11734761665205798
0.08677599769263838,-0.09200530577316518,0.07403350169631409
0.07586494874851202,-0.04653813014567623,-0.04900817049740676
0.029303404253577914,-0.00359941799670244,-0.06357433273303822
0.019496690113409623,0.024602442675086923,-0.11193777508684702
-0.03388725901589499,0.04626049236041056,-0.004748679315105697
-0.047125008574366405,-0.028489872260415713,-0.0329240306362302
0.0206255332616172,0.048379827286956875,-0.049558205816452046
-0.0007058150660676221,-0.09013843850557333,-0.05783300594652058
-0.0264861103359411,0.005551401101510905,-0.023975819061270585
-0.004119216160101531,-0.06406749774927703,0.00943202794130878
-0.02327642753909243,-0.07084515261076521,-0.06437038341324827
-0.058168758829966076,-0.06326939775342624,-0.02921755555478505
-0.06446339367380144,-0.039492255990105016,0.09681023740132232
-0.10419828031627318,0.050985427942655336,-0.06658660044387893
-0.0235157352029503,-0.010054634549880015,-0.047659062125263586
0.0662685776070718,0.09868373465822522,-0.12710348428268953
-0.016041582931320245,-0.0722321424193213,0.0034008834803594644
0.016876616764434554,-0.06223469291527813,0.01712164670923387
-0.026640538029043034,-0.0008595498441465732,0.07138158159869223
0.004211444326904984,0.018454217416878714,0.005097458882503687
0.023626701153081322,-0.0394445255951906,-0.060373684147777676
-0.02589220369850815,-0.04026088583683034,-0.04700639772452171
-0.05068742351285862,-0.06631283007973307,0.021582699727188508
-0.02896818537818467,-0.034779400940287745,-0.02517947386434663
-0.03027803084522642,-0.010662614563685292,-0.13314590931922748
0.01600394366512892,0.04017409494070946,-0.021597450612154068
0.050408290792525554,-0.12290306086590877,0.05443404442561463
0.0680425154861079,-0.0021056890316274238,0.03501642860791475
-0.07331996362291825,-0.06290845785719763,0.009300760578073289
-0.1287223887099532,-0.05773444158064828,0.009349052897160568
0.0323524473758247,0.017870007647624583,-0.03201773614108186
0.01032959375664041,-0.021239451866934954,-0.0667077298599848
-0.008996403594914009,-0.02375681398162463,0.0674657527282846
0.04585207585582518,0.02755153525146254,0.08760360631865856
0.008871125155090236,-0.016002509402061514,-0.014772834269985094
-0.02773982975115269,0.031691967959097636,-0.0504995977326673
0.07106794515207934,-0.11502435772736105,-0.03164756042019716
0.07492367190587407,-0.08086121173738894,0.007001504869407402
0.06435792110655549,-0.06924080274545041,0.08690835558851273
-0.04349719265285011,0.01474942654844888,-0.007056859932285713
0.10624745178651729,0.02465193644663179,0.07613138879135611
0.012341777288860593,0.025593283932261294,-0.06208950587909723
-0.03607837511384451,0.047080564895541646,0.012967045629392587
0.04011016745494246,0.005900128141590792,-0.13332688769643664
0.028087463271311813,0.013214571729437515,0.006197802383854846
0.02254576504345522,-0.005824320573985732,-0.11926220155729787
-0.019443119642610723,-0.013228179904442833,-0.019010583442118832
-0.01673879003082658,-0.0258500037200302,-0.06711685932118878
9.665048659952998e-05,-0.10184412204591418,-0.05999635167439518
-0.013608244079303325,0.007748350051632805,-0.03158952789656921
-0.060971781966289426,0.012620404154497939,-0.07083275564487752
0.03734669859741576,0.13549949156614047,-0.02441637840299918
-0.08202799032307474,-0.037930140965828515,-0.05877922026962625
-0.051706382110512907,0.016370378393243408,0.011237950794070759
0.07019117138647406,-0.08950084411678677,0.02719123857009097
-0.05163696001837673,0.03379113269325024,-0.006302494716856951
-0.07526686472905629,0.00547730657035028,0.0021761385275378357
0.05530660309009054,0.018751976310525355,-0.01738426708502424
0.014863481853059718,0.048171084070933956,-0.042866322073743524
0.03197320191518577,-0.04546893855135245,-0.006667470416798351
0.0718826413718075,0.06205328247493198,-0.06755125162849836
-0.019869072095307926,-0.032852536205762686,-0.0657310457096697
-0.023995910922321815,0.008570651624875143,0.020021825424356064
-0.018030274459997574,-0.09485211635486365,-0.005270801539516024
0.0167757355786916,-0.0034239887766096674,0.01858188414583932
-0.008971770507283068,-0.023111839553041046,-0.019094816683900034
-0.07881697675066927,0.0016285573082562557,-0.007942816645706483
0.03541212519460981,-0.011665152765938193,0.010645251791433274
-0.015581143286605866,-0.09478822944445454,0.07330590490608171
0.003706628274848637,-0.02003758971909699,0.02850982687232341
0.07738342732157677,0.01130545238144166,-0.029447724000288826
-0.03584553674288813,0.03309754695043178,-0.005319877717254331
0.02371920338127718,0.018522764365296377,-0.023286072009157405
-0.011487200214962877,0.004555614983492133,0.011062255460061388
0.007759675036858929,-0.013116510961947127,-0.01598498719076339
-0.015998437096704655,0.07851609129154541,-0.03798782352495342
-0.01775218709327589,0.005820616777714189,-0.03563030928594843
0.003923722683544533,-0.05120687859522717,0.06183530750323546
0.10403270287740321,-0.0012013784627170007,0.022820403234234017
0.09613748450052884,0.022458037379993037,-0.06034128996019903
0.09013933581168042,0.046791288614342154,-0.08813552737609326
-0.03003910371111852,-0.026790259170911403,0.057670643614026046
0.011362437664082755,-0.011119833826856407,0.06339233802300459
0.10782375114294286,-0.055829356742867646,-0.0088388328693661
-0.015078599499513606,-0.01031937807181102,-0.11935590832546394
0.05349158509475947,0.028340743856363704,0.03343048479081124
0.010747018838869698,-0.07861252414986367,0.0372000469356593
-0.005761901257441691,0.0008155624618727028,0.012574938164470846
0.03304130934990249,-0.00018399097790731218,-0.07269282200506336
-0.08596482837091668,0.018018913385848077,0.03607249069052515
0.02425059383068244,-0.023885290992766168,-0.011819488899127923
-0.06791804331490436,0.06273898006472359,0.08118583109236573
-0.04579612504427838,0.006201683827367211,0.007575057948591941
0.07974162099561881,-0.015903325732056463,0.14981502526720344
-0.03536993188033373,-0.08631926568072879,-0.027306880571466796
0.03255692533624251,-0.026645229585563278,0.023771056184032028
-0.05393425041533122,-0.03372395533416918,0.01687490116381062
-0.06630725827473855,0.021549876240524346,0.011759116226068806
-0.0501289138551049,-0.020465704514715296,-0.09911600738712795
0.017114701724171365,0.035327594205548984,0.03928956067501064
0.0012165015971798477,0.07730638488905994,-0.04328395343114763
-0.010055134381562521,0.015970114454622885,-0.011034194124510021
-0.08303349211723245,-0.05523835063585105,0.0022354223296888213
-0.026955349183813676,0.019720231704780922,0.056399354084671546
0.09459434116899719,0.11143272253174111,-0.06914052898474467
-0.11819947997185862,-0.03565019248771842,-0.009055188985064976
0.034801306789886924,-0.003550925154845069,0.026779021086669085
-0.018625783614772958,-0.11109948567522979,0.0024263725425970935
0.01607326249984885,-0.015677093091033673,-0.020378498849041235
0.006803659915088055,0.03968699558193973,-0.025608420188242435
-0.017266122044025965,-0.058565251422749785,0.009207680105547426
0.004678608914490238,0.033396353093256,0.04942409677569781
0.010440994605108622,0.005660895109491025,-0.0024814419266236676
0.02336869414590588,0.09392305310374269,-0.026188204844312717
0.043866048251098036,0.055365549134261685,-0.03688553178495027
0.013054291526517938,-0.0900340039445149,-0.08452327489475547
0.028034930400937984,-0.041763411127673414,0.06729309690560267
0.12254482108669569,0.03302853312540743,0.007192142094283402
-0.03991919346866077,0.09656566962855753,-0.05970783961680935
-0.022776317622433116,0.06823771259145736,0.005704647992668209
-0.0008598719622316658,-0.05358498399652374,-0.006876215646036575
0.03869101147422934,0.04993297501818194,0.013162329635595715
0.0673358673074342,-0.00578288016563437,0.022126701536954396
0.040238840814923446,-0.024548370464782043,0.03373746407979409
-0.015482558248100327,-0.018617186440222033,0.04585298095355949
-0.01978327887330812,0.1293145120947941,0.0123679030572205
0.03954001565607529,0.05659639987970034,0.008343984374262621
0.04539728260617919,0.05570572947857755,0.032998270762387746
0.10845498251437913,0.05986553514231795,0.0019488413399922772
0.04481444943454992,-0.004450633228787552,0.06605497003457785
-0.08879972308643405,0.06833610188346226,0.02884653510621389
0.15595849011815036,0.053242638974136586,-0.04824951689853942
0.061586908540906836,-0.027642772605808406,-0.00792630931064778
-0.06328816737860746,-0.015280070651531514,0.0027459283853647
-0.03973178129839236,0.0278537204395645,-0.019160399383507547
0.04741957696022773,-0.09316348715144332,-0.011515458123788075
0.02890456877505884,0.03232409589479297,0.030663470306861985
0.005437197404767726,0.08744033228574503,-0.07367364083799327
0.007107344935926293,0.007693154462322825,0.03441664941696146
-0.007549052331430477,0.07557602661193483,0.028492202229473303
-0.09303118104993269,0.040207622597559334,0.028026187383412532
0.014273044193909831,0.030745593298030338,-0.029146365929827465
-1.5820474438649548e-05,0.07362565231019122,0.10731971049840063
-0.08402941612871553,-0.027856610883595985,0.06201217798894813
0.08766019358309575,0.027887039729646963,-0.051677906006274005
0.041124867762054054,-0.030687884146866018,0.07659844558742966
-0.03341033545841341,0.041825375005648785,0.028508926284354447
0.027517579215057444,0.020853718776691954,0.05898157720906394
0.0702065819429378,0.10439576769476355,-0.024498030870271744
0.06284628994786534,0.023262221187961864,-0.0010000736665452571
0.10466188986977451,0.04291834183780649,-0.014025430212977592
-0.02695297998889173,0.08384494059247026,0.06533140228457326
-0.01832080689522607,-0.049998703547687824,0.026055684517286293
0.008342260893755418,0.0007409094752116388,0.10556632010745157
-0.04825123625122421,0.017224109950599337,0.007463092385019892
0.00949186491429172,-0.02753284936131755,-0.010778601381604282
0.023285945783303254,0.04011941502315075,0.014905015520195866
0.1149018504704959,-0.013164297897488703,0.08360159017903197
-0.007291235547019607,0.0007531629556818964,-0.02144247934750727
0.0020649384504055936,0.046498364085955174,0.05788797060952431
0.08738074426124941,-0.02227202055683677,0.038862990898300316
0.0670922488665418,0.11358973325086869,0.01700713545549655
0.09180938644755278,0.08800894751766665,-0.04572033016049687
-0.03868195376742031,-0.026851954930596913,0.04014653578437615
0.03272810178601531,-0.031026751025552708,0.041585794526667136
0.08911226640170336,0.07563224070730545,-0.03478878968463745
0.01855717051614447,0.00401750592833772,-0.08613135038631345
-0.05150928308923819,-0.05324168095004787,0.16152869748810392
0.026928685955158106,0.0357526179537844,-0.00012625922483597285
0.042190866661459894,0.08260406548623722,0.04426897787287844
0.02847568422770401,0.035840026660314356,0.038878967386533486
0.09866151423512252,-0.02363099522723713,-0.0182406533048189
0.08131719079615052,0.052900380798381774,-0.005793569703654338
-0.011021543029163233,-0.028658570420400233,-0.05206755316224461
-0.04835533465427329,0.07966067945187032,-0.009702628595046819
0.03309054692437343,0.0068113809254872135,0.07204347265983596
0.07052710730358966,0.04446087110449333,-0.001903724491507646
-0.027281129436304553,-0.04479755389979691,0.005696669569385953
0.022512510390128877,0.060368370583827324,0.05941268171118948
0.05763121294303809,0.09882144232244976,0.04279955476206665
0.09979870714600783,0.0622626184955338,-0.010166899389060104
-0.10855853322376968,0.03357270071982778,0.003970586840463718
-0.028469511105046506,0.04677909301834736,-0.06083026617918555
-0.022764466565739615,0.0875361524523967,-0.041249841390107664
-0.005978035074843832,0.00932007805540961,-0.02364110911146481
0.025285715100628863,-0.08398090919646188,0.06543621294494242
0.02982304513371009,0.03518400054475779,-0.015030128772043051
-0.023882777648127098,0.02239998625361641,0.013921247332592425
-0.02331642889782588,0.028297738798748893,0.08571124314588142
0.0942991393138066,-0.012616798295840899,-0.04276112926244746
0.09633780356416179,-0.00828960453458176,0.040060319561022975
0.01456527513589452,0.029461596366761503,0.049492064653401696
0.007582281923525789,0.012633450669914021,-0.0049309229522836485
0.03828993853132924,0.011523096980277888,0.08216043644764306
0.030387351262791733,0.0031272809984647446,0.002364049992518439
0.03421926108062533,0.08166313298130874,0.06539224047398251
0.06860275121367299,-0.0032126599621442285,0.028839901391415904
-0.02481486370061431,-0.030336439500121187,0.04992885967254222
0.025819140434565246,0.0682665189272205,-0.029128225356463023
-0.028156932655328596,0.005432912554752031,0.056747928122667365
0.12052775810279497,0.058907074410272736,0.04280131363365714
0.010440195004147558,-0.01871699106116243,0.02598360081541488
0.03121698067982001,0.024835826648301564,0.018709383955162105
-0.032320033428833154,0.12293549001228952,0.06610840804261134
0.06225592452865171,-0.0014694402356933353,-0.056929238076016346
0.021611009779940134,-0.04406327954776284,0.027268028974601212
0.04423485022722643,0.022186811852269624,0.05224389469837659
0.05716319686655984,-0.02576686416928916,-0.05096440851298416
-0.027199181296160762,-0.012314898042758843,0.057387172462116054
0.05390225786575316,0.04911627966170688,0.0011557548624792947
0.06142983928668315,-0.04270683590807911,0.042451025317375934
-0.010452630446942904,0.0871914932304695,0.06942646320694182
0.00713526139486932,-0.03555930338194395,0.017187462277665842
0.07570014696760777,0.05551921367390555,-0.0016829933158282323
-0.002814889117715238,-0.010726130198508887,0.033538769765443045
-0.020215328785884626,-0.07581426241011571,-0.02420663196784658
-0.016866402182375676,0.06146827994076272,-0.005401289012721685
0.06540666193191129,0.04274299887981249,-0.06955487897965193
-0.010535209911938313,-0.015863006694253425,-0.0016003407218423797
0.01565601931152642,0.050125075304375884,0.001202234892117831
0.05076532851211307,0.005142584462639736,0.03967145556166097
0.03688853788641559,-0.002406819461135922,0.09456433185794211
-0.02569753521227227,0.009804974437567063,0.05966540610714028
0.07355412370645639,-0.03945263062603198,-0.030090722468113708
0.05100686854006425,0.05377156925228058,0.04066774315812344
-0.01628534647456437,0.0042194971808101715,0.03983178050275921
0.00960277135945158,0.010736195321599596,0.015123621062150665
0.15713766251975056,-0.00020529593159716863,0.0673438505259305
0.04684216229587973,-0.05302741382518117,-0.020796213196872623
0.035762532994966095,-0.02314487756873502,0.06103019675078602
0.042040739473333984,0.05086022649896173,0.04310860249834385
-0.08479087823316132,0.04675221626725449,-0.027433574764173754
-0.03448679214253404,0.09531697437283519,-0.03858994672374045
0.047132709444446905,0.012834022825495764,-0.05980863644587969
0.14075957414342152,0.11172798807362969,0.13133351478336383
0.0013170404901069813,0.08786466099153459,-0.05580241060109477
-0.017659157247315094,-0.024697290178267828,0.04713063746122587
-0.01671467749124749,-0.061268198982710124,0.038661652354736877
0.02793433475400263,0.04403663399340335,0.03839519689094479
0.0843637815330525,0.06786488824324063,0.04563924340517431
0.09645927167194791,-0.015909307220698145,-0.016811500539224276
0.019362596054501573,0.0402444048854603,-0.1142540332739099
0.10012632057647437,-0.047336901311607206,-0.006743225369854637
0.011598197231123394,-0.02598189825178679,0.022111359608462947
0.013343192804437036,0.01006825101942666,-0.020113118070114108
0.006894402339958075,0.07428642960334855,0.02650406958001659
0.0636517626530039,-0.00495515215232396,0.06350044162833446
-0.0049655090301294925,-0.02706443385541183,0.07812131421315252
0.005448874011139513,-0.010923261091164703,0.003930621054733683
-0.03820941628307156,0.00794208976729612,-0.036784835608324254
0.0781079066907447,0.019940635982844377,0.11413807494549245
-0.010764765983749595,0.03505064041301928,-0.06111493999215613
0.07112079760371366,-0.02963396927030667,0.10910503174348751
-0.008413253384025588,0.02855309555329161,0.03318033175045078
-0.0037131643517172054,0.03416628080600194,-0.07161841793207704
0.03869949252730363,0.033443489841754326,0.029207648175736
0.03773206981451331,-0.0033919404398023035,-0.006878062534450323
-0.11201338280549185,0.014850715036603164,-0.020277747804985015
0.08585329928506437,-0.02022179271249392,0.04762326421429393
0.06750246770755382,-0.002063488824577929,-0.039772103216695526
0.018959633487104548,0.0632518967043444,0.004672487828759089
0.018498069088667166,0.08874797073369652,0.03564941139581511
0.04158348899705878,0.06540696017059312,-0.01991829764039868
-0.02640109583486907,-0.006462190312822998,0.07483584452876925
-0.09574923179648757,-0.0334160233890117,0.0600616142080427
0.08526783104630942,-0.03747047995313003,-0.07529095472631844
-0.036527217525559603,0.0148382995179769,0.046363251351285016
-0.09496264166778895,0.0175751915640508,-0.02747222474922394
0.022470895996744542,-0.09968260531025852,-0.01210910088834687
0.015574305686671319,0.04567245178828688,-0.0339227018015399
-0.014918289899766388,0.005630927941365896,-0.08746308548630476
0.0037535632528270402,-0.02524039338818256,0.0015945906436304023
-0.09098992290558162,-0.007054746169752576,0.028887697141310238
0.03214936263473997,-0.08659916754748248,0.04761317275314092
0.011279363867914713,-0.06946343506366633,-0.050721887164612796
-0.03227751604526707,0.030329789847880623,0.03820884409529475
0.04815643405286644,0.02022373815408231,-0.04675946915524185
0.025686838109732196,-0.00021718188356689445,-0.042865365323105524
0.031654526215988285,-0.06715523557479462,0.030165255511083382
0.03913146332615195,0.10219639763942699,-0.0844705319226388
0.0002884236866571308,0.019732614656928663,-0.013805013207069462
0.05727618655087007,0.06639130763200031,-0.05161012254565626
0.056824523631470544,-0.009131101956057154,0.045509574213396096
0.002648708483464975,0.004243121772081255,-0.020749976645380336
-0.050380502330915906,0.016519947914682927,-0.01675815188731174
-0.060202609677160096,-0.008807949886080569,-0.019001919044713562
-0.07877814746366278,-0.011852925324964384,0.04911400049841619
-0.05705619447484195,-0.001250271562333986,0.010475665694287232
-0.0631244130826406,-0.061301795574793636,-0.033797835488712465
-0.013187211756202617,0.014878671993206485,0.06577280877788357
-0.07196869431027489,0.07482307321796752,-0.044678502630950065
-0.0655029428121338,0.00973370553159637,0.056296872342124146
0.014280048870136737,0.09367646992919794,0.018991515684941472
0.04491710491598433,0.051440404159110456,0.06797224785544351
-0.051740319699161035,0.06421574682234422,-0.0031708637729003985
-0.03636439169047544,0.057248569672587644,-0.005147563902106089
-0.007675087662044498,-0.01980300693800292,-0.025911261272997796
-0.04059589446259601,-0.11300284756652369,0.02854714847241815
-0.13584473249119075,-0.026697006648961456,-0.013601562505317868
0.030338104311539722,0.006876524389556505,-0.015401015651358072
-0.050507585999153705,0.06753268826002584,0.05844566309487081
-0.03755030475120133,-0.05202481976997686,0.024289743515022336
0.03926342876712214,0.06611136832117503,-0.04911059037943842
-0.02081468125852851,-0.04025829577726352,-0.02021126726205263
0.00035532313279097814,0.03432595449337278,-0.023348714343317405
0.04154857532274804,-0.007272272006539857,0.060774138525039226
-3.570800832487092e-05,-0.02464338969532183,0.01685732392215789
0.10915429275018956,0.06502782497007131,0.02079660902234066
-0.0631214033133584,0.005384181301603393,-0.046253571268684374
0.042125359061019864,-0.011270949453289499,-0.011772149317846344
0.024421228344490776,0.06418876099918167,-0.05556795547104071
-0.061920481608776626,-0.05446254727988356,-0.013565580149262579
0.00918728454699225,-0.09947254419298175,-0.06202955107822518
-0.04475819213386116,-0.03703928653613579,0.007620205113251831
0.03190310578305818,-0.0305747581446425,0.0582258397777456
0.045575103942489155,0.014936093195864655,0.05698192393884788
0.04301569739218391,-0.03250360032649319,-0.06549521415414906
0.019763543940560863,0.019627673435415934,-0.001721519909518597
-0.012617025996652546,-0.06424537672737471,-3.222230198077734e-05
-0.05203984524349689,0.035884083954246034,-0.02065039728811193
-0.0753399860227049,-0.06965357641763911,0.03319275743130249
-0.020600036984040986,-0.0023679580127195943,0.011389394976456949
0.057288830080896885,-0.029116644282461683,-0.0533827648563729
-0.0021944910339035534,-0.08071735782676989,-0.0003537285875088239
0.095057215686983,-0.005168867283438848,0.010405613062246478
-0.07806990056507838,-0.04457159751375818,0.06090524826796823
-0.03137496536123925,-0.07165430531623782,0.031233247477508205
0.003958336699472197,-0.0010940675075043656,0.0014432523508497944
0.06038636011720203,0.04189298577135838,-0.06053123666209911
0.08346063146529968,0.021770582338962265,0.032433204118446635
0.05652456650778271,0.013890187098919739,-0.06905443298281813
-0.10626931998324926,-0.026495297329692667,-0.09287845123732609
0.04801924296553575,0.0706514882706697,-0.10896488698921498
-0.05049233553967254,-0.041511345638946276,-0.02554573802740081
0.0623584389101712,-0.036788129078924155,-0.03192852301383311
0.0707193237328218,-0.07355905916617836,-0.04096189522119765
-0.027476637895460156,-0.016443239576918452,-0.07717350538460936
-0.0404900820706626,-0.011361640361225748,-0.08616982142688806
-0.047904086076690444,-0.05511641177272676,0.03387466586082483
-0.07067339489028183,0.018139626756193163,0.025821640941288568
3.829680096645825e-05,-0.05033293727761338,0.022298427925346892
0.03590308266159396,-0.014689428649953831,-0.01428510517775415
0.10360015101734642,-0.012973324431398883,-0.05065821083212098
-0.06637763679397092,-0.043128375922062395,-0.05002052032817518
-0.021643838686218338,-0.0017049021250758276,-0.04047677492842261
0.02985900339493026,-0.002008434811430943,-0.06813529603442275
0.020591234945722382,-0.07303252555951525,-0.08035586468957295
-0.043366798409303506,0.010909196860813347,-0.06330644002918973
0.031143817936803993,0.00769719122994026,-0.06785195339044219
0.002519278381685301,0.01058803606445954,0.03799138192147744
-0.06907510150496296,0.07421471927229427,-0.03420433927385952
-0.00498038918227961,-0.06895264643598323,0.03865666208598068
-0.06916925040766435,-0.020059978467569708,0.018525791017856716
0.10535621231765976,0.037885287930922606,0.017904687563308853
-0.007196173515007665,0.01812776575030211,-0.011317952175405797
0.020167814994252707,-0.028232047479262255,-0.0794276315690731
-0.003170096034904455,-0.013850373205764571,0.020951480957640028
-0.06446243278182456,-0.03737422211485841,0.0033886091710108174
0.010779252194063019,-0.03411618253058866,-0.12164551448901714
-0.022184794209815267,0.0012643617090821006,-0.04304151953945881
-0.07410926622431496,-0.016444289439182625,-0.041671983266009904
0.021895398071243764,0.0330755690913665,0.0381301895890583
-0.05939139729030861,-0.009503958955909076,0.0035097286592104503
0.0651674467223041,-0.05671992598704953,-0.014086450883687752
0.00676129721828329,-0.0045222140959372825,-0.0648868107254567
0.06369403036149646,0.001252421763287541,0.07772191986954566
-0.03639696810669321,-0.02997108057197794,-0.03774113591240377
-0.023375706817258233,0.047739430676250985,0.03757437386907936
-0.06416894462157156,0.021553756465549648,0.05680795076785265
-0.011010106124928939,-0.043110912614988985,0.05216662264793528
-0.01110020089761463,0.03670978803749855,0.053387442099377166
0.03159943268170523,0.04922574238350423,-0.0670364157340949
-0.0825752577225785,-0.030070146605953578,-0.03502214112693654
0.01675947672968629,-0.026899430994352255,-0.12473639315245665
-0.0012414966356499683,0.011530744299677903,-0.01592761972263871
-0.04827503639129478,0.06966810036657482,0.00020578499813002013
0.0159811837512459,-0.09530603114659042,0.047034373231296625
-0.0018030181199212292,-0.05304331969151596,0.012175189924860604
-0.02996563659387811,0.022011919298169563,-0.05991499585467417
0.03748188325189861,0.055008925232744726,-0.09002809259889218
0.05720932064168607,-0.03420585497464627,-0.00615909847859865
-0.010140775243402633,0.017232030964495906,-0.06277217156695927
0.026970933132003987,0.05333995205042788,-0.026241516512592523
-0.10071412418578679,-0.06513906374215264,-0.006029124697930512
0.05695350563409335,-0.060500386054190725,0.010140182868486742
-0.05035109832280558,0.042136770424823736,-0.09831173042048379
-0.049775337806422626,-0.019016692010797184,0.034233096481224884
-0.12339695812461154,-0.0707451793056814,-0.01200124477037527
0.014526121606675657,-0.04725331043510693,-0.03287779922141544
0.013982867168317484,-0.0541889110814394,-0.006310002245218523
0.004884847554474232,0.007582762977626778,0.049338620985169376
-0.04980085719193568,0.034196347826123685,-0.06646444902525889
-0.07850491788985438,-0.00859293390364226,0.002831795802246753
-0.022827113975170357,-0.03693696036078866,0.018858667004170094
0.006985193316149042,-0.04669552479361424,0.07184597389183991
0.0480479020878425,0.025591486350884613,0.08407481379346247
-0.013866228397248924,0.0068721655497230374,0.004446906222680173
-0.019599727443583022,0.005377919689911966,-0.04339639687610486
-0.10598278603273324,-0.022815065045537743,-0.05036593802743311
0.028239858054840472,0.010139812702146263,0.007016765951024441
0.009155751026847986,0.07574031021447793,0.032358592071367535
0.014628745482605017,0.0077342805905620746,0.03283879186655076
0.00977926907439261,-0.06343361941424787,0.027878626019911847
0.0061195445339269,-0.14532621152209962,-0.013259574005966657
-0.03224344416961514,-0.020024567629566458,-0.030258850271877503
0.039287646862342145,-0.07447651477143963,0.05591800197456571
-0.013722229578404174,-0.03922819951688916,-0.02836177329122795
-0.0400361111714544,-0.0952104911766666,0.051764039899495976
-0.0029229230765980482,-0.013183234772388967,0.03410768966331315
-0.06926096432858023,-0.0535596344895641,-0.026677062336287957
0.034571882209132335,0.013130884747534603,0.0238148380406794
-0.008669398398998416,-0.07305324254935226,-0.005640901758564014
0.07094932579488586,-0.020134752686688042,-0.046912653674617805
-0.07364908890435595,-0.0019132069890501445,0.01614867902014238
-0.02336250531201949,-0.04728995008376437,-0.025874094239686247
-0.023658585422252253,0.05317875791654617,-0.09234997606826409
0.08535936145603915,-0.037453191030123824,0.017219667385960757
-0.025431447686762174,-0.10142185816874524,-0.011095747177088533
0.02862863345632588,-0.007407373268815191,-0.07895332450049561
-0.029716466060519458,-0.07655731860267151,-0.015127537825029696
-0.035218477070878385,0.0360687878324286,0.08916338290653805
0.0019327405942298238,0.019422089407420927,0.0044234868878031755
-0.033156216632964045,-0.008437962435639844,0.0047186463716297825
-0.03167674695045,0.08355444658279249,-0.006292401955149712
0.06130378987820547,0.041735225124208665,-0.03847290750062713
-0.12523625538222077,-0.041945181217390694,0.05426391164139627
-0.002073884642411797,-0.03585954357623132,0.019367780404799514
-0.009884176847544222,0.00916032212436221,-0.05154269282268244
-0.06603750540431196,-0.036223344432839574,-0.029815380913477574
-0.002262151363197948,-0.005070657070660267,-0.06620089186571482
-0.09200084025387206,-0.01157532553488814,-0.056646015024994695
-0.01668016630134066,0.02061536023354519,-0.08527344595823005
0.08954604014690573,0.050598056231975976,-0.06591224672980966
-0.11816652134516892,0.07032172238688458,-0.05732049095988021
-0.01449528366369522,0.08203766857624849,0.01646474136256581
-0.04491156694690619,-0.048696102650796984,0.017271574092529052
-0.10529880972146735,0.028401235326143366,0.00941905097269429
0.08265194578207545,0.005091998525658448,-0.081556434334187
0.0323048615771358,0.07970038557748137,-0.05782985374369916
0.009909886935729586,-0.0031336280598802373,0.04047749688919457
-0.05947661277162268,-0.033408189331943366,-0.12348808399232772
0.06745895705041828,0.05085755749469037,-0.048640202236424325
-0.02960915466452354,0.053536093531677424,-0.04639828785145662
-0.061935426092332095,-0.0018696071229577713,0.06473604750898707
-0.07536712835423874,0.029413939263425254,-0.04128952524449942
-0.08082108458148757,-0.03292498428231636,0.03152574885181998
-0.039734194221915535,0.053528591659587704,-0.030714177742746256
-0.10003061640533938,-0.04709762318595133,-0.10911821930025814
-0.09837030457616876,0.02686448119128998,0.006453712435481639
-0.021080962216150956,-0.008742948660372929,-0.11043983904965327
-0.0008195170883405298,-0.0006601437036977912,-0.02449196096476943
0.028238474430138355,-0.030908931780471605,0.01759606250149833
-0.05782768842003609,-0.03559641621693453,0.05815493240794771
-0.01664084622430108,-0.0036174200137852105,-0.013964395202115235
0.013571081370912126,0.012154345639290715,0.04534230857937215
0.047534208188321554,0.011360729521837757,0.03153226090088107
-0.07815364367978378,-0.046362094258270294,0.003864493965986794
-0.0026628869301545772,0.02155337048909782,0.05076277755573191
0.09379126013326111,0.004836164700690088,-0.024326960021712148
-0.024835034936270057,-0.06957688677371839,0.0018804062957495787
-0.0052618934474106755,-0.10761903617295823,-0.02236012478479673
0.06031861560142603,0.08193578843839504,0.022247527386315396
-0.03281422962444441,-0.07016546973296413,0.013660092092239926
0.021155814575141322,0.07139976173589774,0.025677123518965866
-0.09975614811950971,-0.00153326656126685,-0.018706150708380078
-0.0341564638397784,-0.05506237457197617,-0.049590751571275155
0.03565979077826926,-0.04131379494223608,-0.02555920407661492
-0.049474531146259826,0.04081478924494218,-0.023985287706265762
-0.09035703716020886,-0.05493145077341876,0.025958604650394485
-0.05871110350771652,-0.02408813831822098,0.01630693759055753
0.03042489907427752,0.0403145959745825,0.002650620183507423
0.024793227723929362,0.014973523541898608,-0.08838129893262085
0.009697409610136348,0.03195122917943413,-0.07334885044463504
0.005972445973050241,0.024088666226122973,-0.01340113203259533
-0.03822683604982857,-0.0005486094415574744,-0.0007111034214671397
0.019924022307007277,-0.048131128589368945,-0.013499890349443246
-0.0030419341576305263,-0.12502315172775255,-0.026988949464950007
0.01571971943577207,0.008799383823889648,0.04314675765657402
0.05967197408212947,0.0013027823163617946,-0.05233674003724522
-0.07827914263561307,0.001545837136119315,0.00031173975604684026
-0.048237158739887834,-0.03578690738417244,0.013386320057249998
-0.034704861995319754,-0.04036736182050732,0.06630018629890003
0.011294474377032048,-0.014218916839097843,0.0024891877638457864
-0.02999418774508661,-0.06490764017652594,-0.009962854864687051
0.014367536735590426,0.0019941957752281614,-0.04585308440844307
0.09568889314874209,-0.06327720807405608,-0.11327745018035854
-0.010984874658485251,0.09087540498459439,0.0007951421363938657
0.06339020610411795,0.010162869927969855,0.01858641720211302
0.009893601188860747,-0.10910772379968234,0.024434026993789236
-0.018654890091426797,0.08363074058262353,0.024031268522158637
-0.037437847798652876,0.03655610748188197,-0.054834825996771475
0.020166745845062735,0.0031342566035320366,0.0877147151810454
-0.03903430018592739,0.012311427739024093,-0.007329343244725263
-0.08305184337455326,0.016363872210946775,-0.03556603461240492
0.054568860100362035,-0.0036790726433902255,-0.016226569608386508
0.09298404900797298,0.014240200081581817,0.04686862814872355
0.01404778918555493,0.06962540103843347,-0.015054276122377095
0.045153559529352634,-0.021584691420618203,-0.07013867826244372
-0.053522222951029624,-0.07646159805425243,-0.038847194407943354
-0.03738233556468931,-0.04142514350791256,-0.006473287774995904
0.0596434771618145,-0.016137492851746538,-0.017693126434103174
0.08775690450045946,0.08856531283677807,0.02374673022859595
0.02493671539155742,0.02288910290519208,-0.0320723896855582
0.046825178086619124,-0.13089319578107844,-0.003251948461326786
-0.07200999702632005,-0.047869316413401045,-0.03145561576241341
0.024156558791731692,-0.016457943294691385,-0.024062130051077577
0.012158184313923993,0.11166355096182431,-0.04286450582794598
-0.07989112142148198,-0.01928958076149241,0.0519005018643421
-0.024233911686834052,0.027059367487637986,0.11050020795868863
-0.02472285167348982,0.012656562490505258,0.007635074687301806
-0.02192347609439132,0.0011783612117132409,0.025815844095770153
-0.0402497439722439,0.05229786454257271,0.020292738261143077
-0.0381786953187931,-0.018952736884598455,-0.011022356075691084
-0.049588229584541885,0.0639622234562336,0.0854764189111024
-0.04115966842976117,-0.024738501280447377,0.05312050909689477
0.0014299585121623744,0.08739741698927993,-0.04691206197711474
-0.011884673232511134,-0.09543834287181749,0.034143113937677994
0.04096687962674453,0.028252525559831862,0.025933308304593117
0.022665444401389012,-0.050544605742033594,0.03365274807520488
-0.044117862413554754,-0.02437525883604776,-0.02677306844014383
0.06381748320201594,0.05083726557152109,0.0313810865952675
0.014525830439246252,0.00037681243619437643,0.004206506881870105
0.003465133831004303,-0.03979550391694941,-0.006966413681591234
0.02511069145608944,0.05402714697200163,0.040701020635257774
0.025716415063869902,0.011942198236437005,0.023888872856489683
0.05560808208427577,-0.10347339901493034,-0.0033137887735608922
-0.08223098354678043,0.02860239550419981,0.005435101768778457
-0.014651748174039787,0.13288187672872545,0.08862363097600905
0.020976043708607416,0.014442485277858635,0.024085845566676544
0.06929498786865683,0.08707340396534365,-0.08080533630923946
0.024458198044038988,0.06571702409168502,0.006935534981213323
-0.022175060781489894,0.002249421804052385,-0.041097709455348644
0.0901524638159988,0.009783481362855404,0.03358762874929001
0.08936556747582533,0.03633253799092479,0.011239191508804862
-0.045431797146643256,0.06612862035901111,0.06654501270989022
-0.14488408287643478,-0.11080562715226346,-0.01045153147474525
0.012974278702284481,-0.06488534502121408,-0.005567149070382927
0.09962309310621505,0.01773382987657076,-0.05327475044818021
0.06402118382170827,-0.07281389545451868,0.00926031538090414
-0.008028703877434847,0.023740722202300366,0.038255151069631725
0.02406000096860051,0.05341835836542733,0.029000586811404543
-0.05611895876682164,-0.09849889931133687,0.021730012568691365
0.030986209806722176,-0.0015778596171852222,0.021170395614279934
0.01961161514502303,0.13386961676809805,-0.018047285678703215
0.04342956892006343,-0.04918293227010231,0.03893987446165277
-0.030788309584431826,0.008382626131755756,0.05002459660194633
0.07465474911419054,0.06413098257238345,0.005922628937473716
-0.032269673280376936,0.0604649623143324,-0.03786598149571493
-0.02589129881772166,0.020875272280562227,0.016495918195664556
0.036523555441212,-0.023565871359374848,-0.0008695618731145022
0.04580388358311266,-0.04138597615303627,0.014579212410870814
-0.07781278389605956,0.01027763108872019,-0.027254100124892773
-0.12200005475516998,-0.07210672095540874,-0.020771655854061093
0.0038311350283465797,0.04750229474630131,0.024565350688410457
0.0029722747971008406,-0.025350043524288938,0.12320253488181183
0.05963166421462287,-0.030858486606569507,0.09089538296246313
0.04156444368118657,0.08280691088322605,0.09419379825333092
-0.018812265798378483,0.04710110897955771,0.039099685049192354
0.04905646309775517,-0.02562608180631235,-0.09738250900432636
0.020698081621017144,0.0018998385604514431,-0.03191500848954067
0.004487600948957853,-0.009975527853486165,-0.018287839835131752
0.01999272388634352,-0.03751509430894516,0.04891007951229094
-0.07964307196033193,0.09740779068669389,-0.021764990286013686
0.057172115093108586,0.10711352851520571,0.11880624947405895
-0.03520041253874526,0.02572036046490723,0.10964240741793571
0.08902523753966196,-0.0049844280879548925,-0.019658038885350032
0.09539684551872779,0.07688368382942967,-0.011225247748558386
0.030618416516951824,0.009666603872287972,-0.0439667023527016
0.03545266435517119,-0.009893490043365701,0.06575004101929843
0.005708905145980792,0.11067248202163316,0.0056909665814049
0.032574538309263955,-0.035500265975140194,0.02191921380154231
0.026518639761282943,0.12767853711780003,-0.0115908641932869
0.033468219934621866,0.11099661422955007,0.021712361040066065
0.07474603384491477,0.001605623121722504,0.009269423458042821
0.015147327865913506,-0.022053083689613052,-0.10647546629453776
-0.08393995950271026,-0.023384916783734017,-0.008949049365850038
0.07201257707213919,0.02823535885135682,0.11574291658817001
0.026413613365243567,-0.05587241848273847,-0.08982872172647294
-0.03709489105177209,0.01662575787623997,0.07049118037022971
0.009214043294366807,0.031594553946016096,0.10205961492843821
-0.008910633857044395,-0.05693670394006359,0.0458969774452406
0.034163530398152536,0.029268410329284227,0.04144681238251612
0.03198704842818696,0.0653341019284817,0.07692730712641282
0.0009943561001383786,0.11708414929912861,0.04975082730270729
0.09619209912303064,0.0589778879685762,0.022775441947078555
-0.04993371011204317,-0.018347579595624056,-0.06525792523850374
0.023324768249555212,-0.013444086636367217,-0.03129460674831227
0.04038410290752513,0.04514111793721673,-0.04655060262830446
0.021931856506754076,0.07882313610752156,0.07767217234189361
-0.030526180932006323,-0.0931287514603828,0.049336896557090434
0.030965706227115093,-0.059128567435801666,-0.030800515406378955
-0.02460724261604901,0.08213175042066104,-0.04989985578088235
0.03836310381302747,0.021914033240554916,0.06045372426993513
0.04542389948466119,-0.0538263045334563,-0.052474533000216886
-0.12360361334031825,0.014526131178136573,0.06129478182131676
-0.04459478384591797,0.005109933587861638,0.06663003001294882
-0.04067930642356708,0.07407197460021762,0.034123165106331524
0.06559239744770537,0.0182173666742941,0.04015252493751881
0.03145810312942558,0.05355727939056741,-0.0574908679778221
0.08139812734635134,0.001503147078399058,-0.03635898935309986
0.033049397693318994,0.08091337281229313,-0.006313715159275358
0.09602512242194178,-0.014699578500965042,-0.03241673131882673
0.07659938230950131,-0.02063121682141639,0.06614526242100839
-0.07889015907476157,-0.018756606068753835,0.040184165902491215
0.011860846744268821,0.02451157572437447,-0.03629494518862709
0.006249748607460659,0.07351958918894108,0.027543155962736265
0.011123517032407274,0.03987611825504155,-0.01352058720181357
0.024176791745070963,0.04366757909863377,0.047542385354841205
0.0417638145143189,0.022006227481358318,0.06386599106061455
0.020949524810123545,-0.016892085121740005,0.04098474206307019
0.013728060274868652,-0.008038235467161429,0.05696666225261729
0.04668132114428738,0.05990212750081232,-0.0029177915743790472
-0.0718218159262279,-0.004534705024076713,-0.06020091471119994
0.037732188351008666,-0.07104131098362253,-0.09291382842992671
-0.01118333403883879,0.021755246724423086,0.07095641901874603
0.02468838499557377,-0.04161669359121409,-0.007013520756214343
-0.06560164157045494,-0.02006035252258871,0.15242949720009347
0.012091756948467664,-0.009288941751119478,0.05153671879885295
-0.07204923192936802,-0.09303687924071113,0.07000100173906273
-0.0853326369118042,0.03003275165800383,-0.053931074416348965
0.07437063679204792,0.04209831774122714,0.011354189572912194
0.04388547267247537,-0.05591025353050951,0.05090957465150871
-0.04158614214394314,0.02537267134042153,0.06181808189440958
0.021792324693976288,0.039783600551373824,-0.004499082848195116
0.025793393519063953,-0.0678564377904933,-0.00019521571539583837
0.05914034911233047,-0.0017070229915522699,-0.0637327168279691
0.006926729502791631,0.005830832450307445,0.06214099925756264
0.07251182036579246,-0.017432929137357847,-0.051439558396069236
-0.047335589092403346,0.01057000940241564,0.09175297376753001
-0.07969091907180083,0.10176234949353173,0.08536628833044065
-0.0592732036609135,0.09817716988181172,0.037025860405446365
0.020923322747141298,0.04178156909894183,0.031217307081444032
0.030687096933614086,0.0048719850364767735,0.07450177189383221
-0.12642243751899027,-0.02862092141045194,0.019193375015037307
0.05509174457830758,-0.05453510616254008,0.04871537744320077
0.07284216997530718,0.05320540095521773,0.021530895705638355
-0.018901370752466166,0.0593874944210027,-0.008985979756793902
-0.0029941753022909735,0.024065484126672216,0.04368388473637326
-0.0043630704038463575,-0.0034572521944110906,0.005852739930345319
0.012175742103128285,-0.013423058712772612,0.00014079663204452295
-0.04161034679745024,0.08875952926876148,0.0197321026181339
-0.04573425632191516,0.018661957235103135,0.0676030808917109
-0.06614271497020918,0.026768793329047857,5.226066720239245e-06
0.03539705957244726,-0.0020713358461489327,-0.024194351269327345
0.0659111302437573,0.014212794501825264,-0.008314234170607242
-0.03444126664346165,0.002802870780619672,0.07924757612816064
-0.0017310688854251296,0.02919323101919897,0.051900794235868304
0.013944000760627509,0.030828996339266453,-0.08289152100633279
-0.03303328146082819,0.017095086217429487,-0.030991569434839446
0.07736986134835191,0.11166469525093536,-0.07181560477324167
0.05462579196393569,-0.04225441553007084,0.0023385582640708946
-0.01482461543151168,-0.03249628836441324,0.006423135739968142
0.0764819011959457,-0.005616854929211814,-0.002315464579758928
0.024863809033211434,0.029747868427123576,0.05792151214457916
0.07091273465867515,0.027250101221370185,0.02273854895878162
0.01840189977624733,0.08046906106144507,-0.15815824781905274
-0.0432836519728845,-0.12931862775123956,0.05238113607283884
-0.047969658463633796,0.020230310214786794,-0.031171950866570083
0.030711097244200423,0.05962265160535201,0.005168689155106161
-0.0534158609161966,-0.0715877724392847,0.06900311435761367
0.009817327139089753,-0.024434456618986376,-0.016916276542726733
0.049792322471685545,-0.045019370389414406,0.01285492830094426
0.03448769005573984,-0.04567357217505401,-0.012508955408324963
0.030984557892130397,-0.009096591271279628,0.011245986251522934
-0.004872139538781092,0.04899474511781689,0.10419464372179733
-0.04175478558841923,0.023407702472938007,0.058303736246986
0.13935991142598847,0.06634978629876558,0.08840310692073881
0.012628554188020669,0.038309331011589155,0.07640438719218241
-0.10726975597380042,0.02125078084006091,-0.0291067395076747
0.08382664168827428,-0.07219097438185697,0.048088680012768066
0.08318016392296859,-0.07573287433387665,0.009986532777288091
-0.011190607091602585,0.12792961681999804,0.049902964692788716
-0.018340581782090422,0.012030273876726998,0.01666306017120727
0.046998606927461696,0.02390755703167022,-0.017282018628599797
0.08545125073257624,-0.010995324373602344,-0.02970634945044892
0.0411702422168947,-0.07353499848483351,-0.048310314540604034
-0.011096361603557951,0.05516602900515282,0.07952657994862677
0.012395215282750642,0.006580649205588592,0.007304578011746362
-0.04776538402979232,-0.02258029249535348,-0.029962983722634198
-0.09749871048512596,-0.031048828794018928,-0.03987883249831826
0.007151483843400922,0.04957023299526963,-0.029910898266037537
-0.0027899421196162064,-0.07816667537864658,0.012505845257898607
0.026942956355000984,-0.0016407800906436448,0.07652046847728626
0.018379616151139287,0.022208468064498738,0.06555849315980108
-0.02388930508725788,0.02075559461540481,-0.015488649710116863
-0.034532438931604494,0.005367997556571141,0.018089140716333572
0.008517957954097977,0.05690663849686035,-0.13502249878164524
-0.05990716159409399,-0.06085275206796912,-0.00980754631513552
-0.029865068735013944,0.01186859847686557,0.06413697261973908
0.030481843929917884,0.01706401320629337,-0.009489263386720636
0.08156868095425276,-0.0016778659728415052,-0.021646853844480438
-0.03446264906907777,-0.10311850893316368,0.027796195366255775
0.015669882917745112,-0.023180078563659307,0.028898489366451237
-0.023279154626056814,0.08316389855187156,0.010341936800619119
0.008898856932794158,-0.05937323918879566,0.02797367315488376
-0.0400933297768209,0.0315857157654709,0.034998225803847836
0.049904911589238404,-0.07171402219522939,0.06541900925361642
0.016881924907513467,-0.04178948080521326,-0.0012778165657540718
-0.06804157555077685,-0.02695795427563609,-0.05075749883519224
0.12324652016547964,0.10229049359832046,0.013952768335883672
-0.06218905858551194,-0.09742797527229742,0.06573924295161987
0.06763721599685205,-0.0713382210896268,-0.03143725354730906
-0.02570489177962493,0.016866270048312072,-0.08324462934126424
0.03454199801595808,0.04651479325128769,0.0030268881779287925
-0.06817998592790613,0.018239710887511966,-0.07030288211499774
-0.13369304505737775,-0.022852052812106224,-0.0811547386770432
-0.08569730485352964,-0.004591498956483678,0.03251945423150462
-0.022629651027030538,-0.02049295760583165,-0.024214832829388865
0.002468883655812708,-0.04121452284372181,-0.020590088049718167
-0.03969738484654663,-0.09839924293824694,-0.06058745047750194
0.02234023803143679,0.0038513641883311193,0.02656270192286425
-0.0290798341332741,-0.051646592897610165,-0.12177808085626801
-0.024702249198001163,-0.05708106006820865,0.015920792451100115
0.002509116836891437,0.04028206397148437,-0.005869502644822911
-0.04463450325806074,0.05446840511334746,-0.012325859975575146
0.04253594709691008,0.013298043327418312,0.066025494050235
0.01630519431024489,-0.03370187428201771,-0.004116695124740465
-0.0017198141548036856,0.024220563716347898,0.03706651729098932
0.024035829271332826,0.04563388514415039,0.03145587455750831
-0.06674975606107511,0.037406575927657705,-0.0371977564373951
-0.02846097954554031,0.0260096983419529,-0.054461231682797415
0.018954142168302296,0.05771187091796134,0.04716558469405799
0.009106448747168651,-0.08698997996841089,0.008875630786675989
0.019490227377651784,-0.022231153891641525,0.03780201653113891
-0.017775133643328486,-0.0327460391066664,-0.013128061416838543
-0.03574154104659519,-0.062162731344734094,-0.09531698363870328
-0.10289090835402452,-0.06457214471868081,-0.04136346371745278
-0.013716475536476522,-0.03244316257024286,-0.058933364816514504
-0.0008875805247135632,0.0031261985579916184,-0.08022220025326807
0.025236908648357207,-0.049180053838001614,-0.011571465266925932
0.039603620350293064,-0.0442155913325125,-0.014952201196404252
-0.07200242332641187,0.09018343707460914,0.009556850475821436
0.008166615700269775,-0.021193051782058357,-0.00631784626366862
-0.009992300789991727,-0.13079412086370387,-0.1030987609942813
-0.00648988451648183,0.048152473935569734,0.03240158413492695
-0.04231640476264608,-0.07702746747036526,-0.007595469836970666
-0.1403541684004952,-0.037727251420835814,-0.07011987876961678
0.0385268519286602,0.0374547763711218,-0.03300259458779711
-0.031953694740692005,-0.01372323947562621,-0.004024199368279779
-0.029108979142713515,-0.09104418021697355,-0.016013786994222054
0.03819219143628182,-0.049928469871849485,-0.023292436794230365
0.009154361735736503,-0.016060831115853134,0.06458259410765123
-0.020685874942698447,0.09198805379894462,0.011238828495873644
-0.018945462809554156,-0.024173411062068793,-0.02540407099892001
0.0003270398110653862,-0.05651582310894128,-0.1141773029677234
0.0015795135885207229,0.001051013378932368,0.027981060161632276
-0.054405707526611766,-0.0947852717421113,0.003175618990313569
-0.013896644580022554,-0.00651987008332989,-0.07988789744597771
0.03329367279030005,0.02733536313798296,-0.09689318516459268
-0.0757650725090303,-0.013940120079570392,-0.06757367176103868
0.07446363665422745,-0.02042017984287909,-0.0796027139512379
-0.08185965448944246,-0.0019094884804712366,-0.09899659257411039
-0.0061066112669402785,-0.032805758978832686,-0.06718411618055115
0.01217494313938737,-0.04366777625384194,0.12919573479590238
0.057060558068129555,0.008808816868425301,-0.05374468626125878
-0.027312427616303734,-0.06333946857788525,-0.09052986742984089
-0.017674298882206355,0.027054194600947774,-0.09433468407336701
0.0395601526746301,0.014854792652394574,-0.029699429694502837
0.01586059782807552,-0.025686586324870246,0.06149514262868061
-0.028836852897290446,-0.006658168807251884,0.0064299205047071775
0.011061254219191394,0.012394428034129393,-0.025379738238232738
-0.049319592190043005,-0.026366443344815714,-0.029257001967222286
0.022027156463394395,0.06168235630356106,-0.09367551110700353
0.013545870819376884,-0.0347769580174097,-0.02092884210922026
-0.027572392279601544,-0.01263787975094717,-0.08701904931598785
-0.03847515847970594,-0.04325551155966183,-0.03779326114901116
0.05449966350798248,-0.020859772423319788,-0.09052330838915541
-0.06919128841634131,0.0014206548523293845,-0.035946220193056724
-0.0715773065461118,0.0626440680466046,0.06005687247761416
-0.058190406633450834,-0.044974402515184655,0.03630600324607372
0.0020550173368517437,0.06402657725897665,0.05760593635104257
-0.07425386902583567,-0.04233710852730939,-0.08052969348123319
0.007109239069907087,-0.12131051581378297,-0.10188846066651348
-0.01985103251773066,-0.0386759413515424,-0.05785655405758572
-0.017062514110008427,-0.02617916251615152,-0.046154030991312794
-0.03300763768018201,0.01806374129767898,0.07321493216581446
-0.034434554547152794,-0.08350310467876307,0.026368458087955474
-0.051735238966577744,0.00871033497521927,0.007599053305394423
0.03553389920725142,0.02769912808666917,-0.017516836059752423
-0.10397508253996686,-0.038355895270716686,0.02355907380632415
0.003019069913681831,-0.008543330840576591,-0.07792604672171798
-0.05456481525056928,0.04999180503201722,0.008552926407780083
-0.007311324435698858,-0.0006231798337640489,-0.0616921806184693
0.00910301314951149,-0.03913048759654171,-0.052068514829434226
-0.11182540803639557,0.010307591858269079,0.020097350860947064
-0.020965937407219026,-0.005873310929458666,-0.031035638055491897
-0.029496117971375357,0.02047287125775428,0.004837691008025242
0.06555570973573133,-0.0014865627935459272,0.01089079291114833
-0.05538592520886333,-0.01472600239187841,-0.048919670332514945
0.04565285695846824,0.07891170609568704,-0.07461396714045442
-0.027439382588157576,0.00658741545207096,-0.019463937891038677
-0.027614352814077165,-0.05954165215868566,-0.07998762329004584
-0.012493909822435787,0.0027589648137135263,-0.0841907251186434
-0.016026829341926084,-0.009033854372481569,-0.014633183134746635
-0.02280607992184956,0.0923572942955784,0.008434019233356703
-0.06246643703486435,-0.03424119047388472,-0.13121161536264606
-0.07213061615106943,-0.0575185698177058,-0.00369368573478426
-0.06413820793201483,-0.007608349461196401,-0.010696433918782056
-0.04339483825248586,-0.029066938837753437,0.03007835077541103
-0.03169224890859926,-0.03782335817023705,0.08497573819843143
-0.026599142006616724,-0.04380499849864029,-0.046408070237602184
-0.040202867527156044,-0.020423176793818016,-0.06083359240957305
-0.07415659884145501,-0.025759081800541782,-0.07483181685281201
-0.003774671584289721,-0.0662406576354344,0.024131575365036153
-0.02165918779624173,-0.08781315026579195,-0.02523701187570449
0.023935060528080837,0.053939805801987394,-0.0560705065509059
-0.015902695314710676,0.019879222660969576,-0.018502648111804205
-0.1777042639514605,-0.04504169452581627,0.032380743566174604
0.019473629105205493,0.022687237538004754,-0.12617260805305736
-0.05471771453845076,-0.006968924564456016,0.03499625116188884
0.07255049032817767,-0.040315495020667856,0.006869419169016726
-0.009122307211371913,-0.007516925843427178,-0.05461846241534695
0.1022241807524986,0.00769682620142707,0.010184374668909025
0.06087012548125815,-0.03605328705614733,-0.007583760032706615
-0.010871863126784103,0.04695967485694355,-0.054919978313115334
-0.011703973522170869,-0.03161371693049515,-0.024685353566374833
0.03210999131730036,-0.05866909411959648,-0.024479278545314297
-0.11011919275085078,-0.06753976324589167,-0.01694230306446216
-0.018664273937934985,0.032577438767044935,0.018185346250525293
0.01450787111343449,-0.0453796324952249,0.021897262763784203
-0.07723227415913136,-0.02369635838819785,-0.0379996601961181
-0.10133405844878554,-0.013641729901730633,0.02263344390531029
0.0418661339930675,-0.07300395573309122,-0.017333614159636055
0.05841815637359259,-0.01769807881916292,0.011415000793526194
-0.09922005160016793,-0.020023778583979017,0.09746632727633134
0.026089406950900056,0.0002142724982544912,-0.028595627028819175
-0.080022251418565,-0.06884187039359506,-0.041653321787057655
0.06067415688783792,-0.0037981765618985246,-0.018159759968648524
0.021613965915753243,0.08068559102606646,0.029956790067034056
-0.09182715609939614,0.01401300048282769,-0.005547498498594419
0.048947616084700774,-0.0767242116845483,-0.00041202336714595174
0.0067980219570416694,0.046810107588045304,-0.04954886292259557
-0.12493240905692773,-0.06819495760098955,-0.05553727772100336
-0.04679375290102443,-0.058946404463306776,0.024639020574271978
-0.0490050858334182,-0.00820440609648498,-0.017668146402807488
-0.1335547076002855,-0.05456951281383993,0.027440593205796324
0.02271458369868578,0.007308851496527,0.02514706687738298
-0.07513186654412377,0.0740870326363526,-0.07444071090384763
0.040363220296501454,-0.03687379708981602,-0.020642365194959624
0.021997737075517533,-0.023710856988002453,-0.00484410425147784
-0.003022172453538311,-0.07867205848164095,-0.006708334386225453
-0.033770091542002764,0.007936305607877866,0.008476517764572889
0.02256256472814946,-0.017777683569247787,0.041205677398088336
-0.09243536043172593,-0.0022665791656616245,-0.0009920798611203884
-0.014432498940960395,0.08317042273704899,0.03600740601395917
-0.07280155255723933,-0.031796942472813707,0.04980430339015047
0.014143346173594225,0.0007233393724593185,-0.08123779988565394
0.023816248596211755,-0.06342622307545778,0.042544574914937294
0.05667852729397898,-0.0010045567937144086,0.0656793540587704
-0.07595289867558108,-0.03145141541002977,-0.019139713463698433
0.014192537845189842,-0.08022206069137404,-0.007436246797431333
0.03387899513656578,-0.04402913472748192,-0.0372059731915592
-0.017626147922706753,-0.00438946380586816,-0.0618532168042997
-0.0866519153299198,-0.017129584492288123,0.06464375639199102
0.04217691624321257,-0.03372934207967362,0.11119998707932235
0.03533354627560155,-0.01748332071057057,-0.057012529632163245
-0.06003706470304136,-0.028857401249761418,-0.031152325518332004
-0.07920318999570586,0.04212846597395802,0.06198797019995442
-0.04025026506801377,-0.048223960312357914,0.0048462859547634095
-0.03158271484999751,-0.05431089862765925,0.01598702667383195
-0.026956957003033563,0.00693346549316464,-0.09160082078868767
0.03860300368599699,0.07488652443830314,0.04513092299057958
-0.05421088596958839,-0.07993936886145167,-0.001780665007205512
-0.01618393676470174,0.019982000483656663,-0.03108986943814124
0.029655124693259448,-0.038155938750349484,0.0055080632540521245
0.07063063495429049,-0.05655692718792076,-0.0229823755746306
0.005159569748602492,0.08349387350922663,-0.045947608993028924
-0.07506016612337542,0.06929620804345694,0.05317782536881008
0.07847631162027777,0.05630131721361508,-0.03756768270941031
-0.034071810766262325,-0.003032929975338071,-0.06261416857614067
0.00903073382171396,0.0008324688917962786,-0.053761473418296415
-0.016992516769780176,-0.060378806281628034,0.04063571917062361
0.03344926444087178,0.006765884395328115,-0.04830586802623688
0.14475919134205056,0.036373356491968226,-0.018266749691275886
0.04388968111546365,0.00527622899526947,0.004452462569483824
-0.0523923464856486,0.04739054982760551,0.04237533255433541
0.06018931503975872,0.04942188672106425,0.07932084431553423
-0.098349306727542,-0.014335276250518572,-0.06749064049660103
-0.0029933141308420425,0.017508778060009764,0.05584899757168605
-0.09095123723958706,-0.008244363903151366,0.022616139342245052
-0.06274413953091705,0.11261846751637168,-0.011234495451479934
0.0514285252992045,0.012540190663309577,0.00039336543016020467
-0.017661576322617726,-0.06356231707657412,-0.0567845521312985
-0.023474545519626855,0.017170998769396848,-0.05186198479129744
-0.09935373442287335,0.06616259328488969,-0.003679551313862332
-0.043311462969556,0.05050942209493878,-0.0069673042086006096
-0.025872833005767117,-0.05260147035343199,-0.05244631281848646
0.011925295536068237,0.04430499383717038,0.1210355175606202
0.07322764822348826,0.08046511933140296,-0.052455630952756446
-0.029922708790686727,0.001539608939461663,-0.04163380793741973
-0.060885716848325305,0.003997866598694061,-0.0218053101980115
-0.006882817596085453,-0.013977959103238293,0.016561360059594264
0.01876530673549456,-0.02193320586382539,-0.06949670962355303
0.037646040737940485,-0.0717311699550456,-0.008743247715055491
-0.04684566231374988,-0.1132514573737462,-0.059065459777858084
0.017106787293484627,-0.037745678864351276,0.04732886380671504
0.01889876405394497,-0.011757390929714421,-0.024156173798141806
0.021566463368942558,-0.007872913763629532,-0.054779084169011116
0.028049434389461825,-0.028581914274250983,0.029039625956089464
0.022724448626203472,0.020228737145336052,0.011983793957038661
0.09412299909542406,-0.15775957440470006,0.006642683847707923
0.01224664467252043,-0.04499883332623293,0.006803652098395887
-0.05556724636426257,0.020011323294272083,0.06725423311279319
-0.059045453377341385,-0.0013894367300930424,-0.02586458353662659
0.021436437613388773,-0.017337849406266755,0.11489040329998375
-0.014414711950617892,0.00858023182058703,0.03838455308396695
0.07279422972273923,0.022182345624735426,0.07496578773826468
-0.037480798836590244,-0.006938279749564503,-0.09403440136697039
0.02795746278277839,0.08667127852456157,-0.02024310895461828
-0.04150793641787616,0.0035558711173568035,0.022862147375364218
-0.0017094659171140534,0.03164614452563089,0.020995835674246018
0.06555122141546918,-0.031459574269073615,0.01723182920050617
-0.03036745278628287,0.007425005713673832,0.03558669067276457
-0.12280849739829718,-0.010047310211039604,0.01999460128898488
-0.008686221205717728,0.022144701071006682,-0.008352406802194283
0.037304583809806946,-0.013235415845375343,0.0632150340169757
0.023784078641623442,-0.035247332104753226,-0.0043913012464850115
-0.008596989924199635,0.047457449779251745,0.01923371836902351
0.06167217308786493,0.07067673347997432,0.082433319929994
-0.005145281908697072,0.06888347515634712,-0.008781550359895987
0.04713951716383796,0.07285437245094678,-0.027325043816215828
-0.019805603029773668,0.018164464436543713,-0.0005489052903619885
0.07096755266482568,0.04629608212370311,-0.03725702441166078
-0.05959700136672818,0.031063681259975127,0.028800137501387435
0.06909588555297266,0.00028368181223763916,0.03195034705157661
-0.03029867091267524,0.023879966391331116,0.08883497314700581
0.03647236799047479,0.032515648740540797,0.0499518585734265
0.04214080708320806,0.062414207053963604,-0.03101121133559654
-0.029180940204005176,-0.03928946391006905,0.006343827785422658
0.04282975409896275,-0.06923978312211224,-0.050003751213333905
0.056236771916279,-0.03040841300816855,-0.04829948422036599
-0.03931413704474013,-0.009268961043252737,0.0019562338586569285
0.01475523865192258,0.05752274772153155,0.019063516571039052
0.02994532268166975,-0.055895942655288966,0.002118996345758427
0.09400164330171815,-0.052979244878356244,0.047331194155239315
0.004481882289351735,0.06092806582161839,0.08275759113097349
0.00714656960893378,-0.031487624548987785,0.12581019023170953
0.07250934745483194,-0.011956254074852351,0.04527115668267672
0.0590460039811628,0.012047923457287554,0.10365133787914244
-0.03163314580035925,0.043619273100070466,0.08001611323012849
0.06606899089411612,0.08936746010562886,-0.0687713969004559
0.08078151615524337,-0.041293355980357487,0.015684223724117964
-0.020238785142885032,-0.03393269090331505,0.04005790389567634
0.005366646482164714,-0.017503848281469565,0.10948932927807306
0.015487071550136561,0.019237398491239052,0.054310201306243214
0.058187295094594096,-0.009954743071023717,-0.019943940284192697
0.11354743422562925,-0.04868560052673236,0.049106984610126955
0.02661380291042869,0.037539155438395436,0.04241258579074246
-0.005181464083837496,0.0005749618186008665,0.02022405760346009
-0.012303271087630668,-0.0673014305596361,-0.057216023470588365
0.01853944675322797,0.026048974342944203,0.06719936664813556
0.060557602021580836,0.04299061217790234,0.09518109775732857
-0.004836010357916365,0.027918667710782857,0.009708154816617638
0.037549264217274385,0.15264851332319399,0.09715187614873863
0.009793054130804366,-0.07190770094673911,0.03761242134994064
0.044590813489772146,-0.0016385655804067728,-0.08591813338042774
0.06349256508893159,0.015686674374550933,0.03291125995288223
-0.040742084842897666,-0.036830291928184544,-0.018610146885740555
-0.04609715325944683,0.0191524259532437,0.025494053485609076
0.0030946638347084197,0.02784540829470556,-0.025029796660166567
-0.015214950094250404,0.03596778062261602,0.03397836878845348
-0.03230843748163795,-0.04754635221152648,-0.05887505930445923
0.021472809349569126,-0.004547438162831843,0.026726515092410454
0.017736512204998042,0.05841200479968764,-0.0027946262578067357
0.08484480794401489,0.04927844833176698,0.013540317643079808
0.0712750124479784,0.0758049981406695,-0.021986822159982357
0.029095318069663895,-0.019270291123845033,0.0426282107681558
0.021928000226779477,0.02860223586454898,-0.023141189800894132
0.08729367590165564,0.021800142854805974,0.10224646143166422
0.08835584724918792,0.04590441635857265,0.07646996188005134
0.023495175078542926,0.00945538770193263,0.05082765090553726
0.10957512115895099,0.1302100884637422,0.04534652016991002
0.018529970727322775,-0.010312302455796996,-0.017004365532548856
0.03444025159269076,0.009362775311062558,0.10965205804110284
0.015529212039593718,-0.013589856946358649,-0.03377206810407507
0.02092618979335454,0.0029934825671895267,0.007608500912274739
-0.082798902757587,-0.07409161317516808,0.11099451975239044
0.06508737611603274,-0.05262058158986334,0.05575099968471817
-0.0021521952961542946,0.0028592676235179547,0.021746899041923153
-0.01643934183121346,-0.02599199345044671,0.0021902318510933216
0.1196718686303873,0.0006847878484416946,0.029104134522436875
0.05304030089833893,0.07003435211057626,0.053680304288677955
-0.007329538435221352,0.053583144846710506,0.018365788923529885
0.028046202501634532,-0.025279747448023197,0.1253494851066705
0.09378173061793707,0.03062216356950072,-0.06596615858312672
0.007375632729098398,-0.02357742298357653,0.002757083777153682
-0.04554968347512021,0.018396229509373994,-0.04038875820235025
0.031022486768982387,-0.013187571791503039,0.04200462951395777
0.05574660102438371,0.10066545978824257,-0.04637866085892825
0.07101512049077019,-0.03897782985106446,0.04477311656703281
0.013944440278465284,0.005864126314025752,-0.016576910320187325
-0.04392111747341408,-0.025487007539061888,0.02572837594137253
0.005979222573004152,-0.07671752163669109,-0.01396519541365352
0.09288767564987616,0.09370236320208344,0.0470819515344164
-0.009076942475357268,-0.06128881042432606,0.017021190642385498
0.006583377266945866,0.021076638250276954,0.09449796858633544
-0.02805521050952619,0.037899746979327006,0.008890435425507267
0.046564365336908164,0.030803092821323236,0.06387643101784454
0.04544946069245383,0.02157830325838717,0.05247132594008143
0.022648809599372904,-0.012033347619374572,-0.00443210254273679
0.050257558256345876,0.02170021140680541,0.0063338321182383975
-0.01376826959790237,0.07295122766120761,0.02654240974619901
-0.014095566549145542,0.02843709279077205,0.06423071324462376
0.0013505232010088478,-0.015719883082115457,0.027430282323523174
-0.05058568770954423,-0.016355770082150566,-0.01313978279730459
-0.04604501738432751,-0.015340072046371455,-0.07842936076640175
0.03986858051760816,0.08203473053100196,0.08336302549504385
0.0226297080717225,-0.08330497811318313,-0.0011330175694242543
-0.10110948844321606,0.06638188254294954,0.0340673353241342
0.033913033304050294,-0.01297977917903946,-0.0102222424142558
0.07269057104121156,-0.027171734317060988,-0.019870905296955236
0.005963770870619731,0.014370441128403175,0.08125353786634286
0.019277038015266194,0.018552432479816867,-0.005640107609367326
0.06795048513127062,-0.0043621927875850605,0.11703649443548925
0.03849765646433387,-0.011433919840225685,-0.0035135474131770643
0.017903464114954137,0.017113047400814325,-0.018287680655204933
0.0033724781801428086,0.05830649444949332,0.029299608894245627
0.09145955874724426,-0.05533208790888441,0.05495993559987225
0.07311998581244752,-0.062371292074979295,0.04365996867175922
-0.017878740214210737,-0.03708966802941795,0.05360503498336
-0.008896856657155644,0.012146928596329128,-0.04646321314013889
-0.04787584426725598,0.07507861826390554,0.011972978858640399
0.004093525095733831,0.012662223840056872,-0.035848510556968805
0.09628264832003927,-0.018165155057322534,-0.07968379148352696
0.03978684258536095,-0.02378139730663018,0.002101979494017662
0.02939532481927135,0.03128911178286742,0.03500637370920133
-0.04925516969769364,-0.0671996823551799,-0.0743095735304542
0.12654336214295708,0.02701609557877964,0.10208405505131712
0.04281720710586832,0.06341553669165866,-0.05931794131834069
0.044726018010218783,-0.08231990088969346,0.006439437349097658
0.015764651179101027,-0.045086664060117736,-0.028399678100123414
0.07039105307132489,-0.0003544896155937057,0.06371308616869549
0.00014139875639508463,-0.07562985957470095,0.07066475218515433
-0.03039528123720449,0.14959407557232637,0.029943788049532228
0.05195705287876158,-0.0037484802478848275,-0.09625948345092843
0.07645854232688269,-0.025306028660248614,-0.04756916312372539
-0.0641377529891317,0.07669585917522515,-0.0617720836677777
-0.079843473152093,0.014690661710561836,0.037301165990965404
0.05708111153747165,-0.002989662674733943,-0.01664646651834204
-0.04347030338925112,-0.018052869452668215,-0.04785700109247705
0.06771627518197497,0.018246877231345097,0.0100788580899214
-0.015119576895138579,0.08003881673593151,0.021934351401050434
-0.017471256879081215,0.033079298576457604,-0.01884879515561004
0.03007240158117539,0.06805836358550812,-0.04351071175972692
-0.051359229407793174,0.021115673779818024,0.08692503984215
0.05676435531419722,-0.09790677934304015,0.049011919509240394
0.038216246606314785,0.01142353311715581,-0.05223688893093953
0.06624645078673647,0.035340950666524915,-0.013661038539040904
0.036643974991977066,0.022810555466798915,-0.057314868960719585
0.11392030993618334,0.06544212643649695,-0.02567140105962832
0.057169093122617684,0.020875048482559288,-0.10698838077342744
0.06024316948534378,0.013049570078741456,-0.009700943006424656
-0.007212348376654368,0.025326660963149956,0.011738428164747947
-0.01309921164810242,-0.0852468868369647,0.02703346897805864
-0.07273287902057216,-0.010300465961231874,-0.053734430270313265
0.013501863277024722,0.032381404217958626,0.042230751309918886
0.0004199204216646657,0.09176438291023939,-0.03894127459991546
0.02420840769364801,0.0548917059831202,0.06656787524424447
-0.030653087531484276,0.03346227428403561,-0.09305513012058213
0.054581243752517564,-0.05634786791001894,0.08416157372049012
0.027167312925530023,-0.027094185630972337,0.009218851549735053
0.00016759351727979512,0.04517337553794168,0.03476113620535494
0.024338885651766853,-0.02013903613816143,0.02433713943959179
0.02083314068410974,0.07349944124153958,-0.03873040204225174
0.09293514084639698,0.09967141700389379,0.0029965740471051853
0.04587735005600958,0.022451207440556363,-0.04964263107440949
0.07235251184628623,-0.02891551467079733,-0.021440247573884626
0.007981006510569617,-0.0004825475804041031,0.1183005694689433
0.15925171498531587,-0.05840902013622885,-0.06336118891834491
-0.11282331119741587,-0.0056638006878637,-0.017275350232458006
-0.03895162428658798,0.0613209645087933,0.054902297923733245
0.061197838991064214,-0.02513177927335296,0.056394169947617
-0.004076957243820905,-0.004047851863523388,0.02734709879754691
-0.04177355788642838,0.04380315052638846,0.05704981241292749
0.07635756267427286,-0.0435420850098001,-0.06418607999631169
-0.04354119998963614,0.00421285795800699,0.0030490166885667885
0.0009844540368899204,-0.013541334125409234,0.05164786477708457
-0.017735205660364947,0.07159635447433058,0.05658429146265533
0.04021786078379249,0.08218389024502328,-0.03323160639701025
-0.00018295925146481437,0.0005892259427764193,0.021095135627870187
-0.009574272114399384,0.017826662430801412,0.0003939140111198184
0.1132236859834476,0.10318091582164622,0.001156067380200134
-0.0989361745112655,-0.023464501072502156,-0.01763584044731069
0.08602364309621797,0.08655067559566129,0.05379722748925165
-0.027206644726979687,0.011988613281885996,-0.03808902198203912
0.018579790932843867,0.15317391289233362,-0.024958458418658264
0.0357380955126611,0.02651108993978693,-0.03544598886304701
-0.026351006166626043,0.0492133980535581,0.09039761670264573
0.03856320232521943,-0.04375245378298531,0.13094645461602902
-0.09670210211476583,0.015533991815584064,-0.07053362125143398
0.012470536194275957,0.08071168281422406,0.05430622674788762
0.06309760059903664,0.05006569943871364,-0.0961036465617435
0.04037492264569676,0.095955166626683,0.022328175813540945
-0.10275355850827969,-0.02793584125980252,-0.06241264616373488
0.019189663301683813,0.05771807480602069,0.07252414025371846
-0.08622325691637878,-0.020645139315478664,0.017061481055804097
0.034428154631257826,0.017260906875508606,-0.024279950589773214
-0.07346314283902058,0.06066530407615494,-0.0030691573401654027
0.0008553542822720001,-0.011496630886348206,-0.004158937425206942
-0.015732379980893874,-0.027635257188090078,-0.024457608258327934
-0.00596025940815738,-0.018959966603001994,0.03670391371827131
-0.005910031776302071,-0.061396793842978,0.01674226620659522
-0.025242723876512663,0.039677490744661176,-0.035056746612141046
-0.023351644193517387,0.04072813527510398,-0.009701676517872161
-0.02292859015232318,0.034781348043078,0.05980033480254456
0.042952317139394375,0.07532832072781301,-0.02608199370955741
-0.06423315432174562,0.038106094356871435,-0.03226472073708991
0.021106148356611808,0.03001376502704122,-0.01906906550696071
0.0642341695031632,0.010062233724976905,0.09748595991712652
0.0651858002699249,-0.06834354636838305,-0.05362890184710125
-0.03865300058263617,-0.03531756153840223,-0.11281970146607269
-0.04001241028158701,0.044585398668812816,0.018302936395073827
-0.052918028846359474,0.0207959282997744,0.05639785231818219
-0.02968645692901681,0.03718413228610454,-0.00038333169124218913
0.024909282157607404,0.00595346745537405,0.010150505442051812
-0.03233211366168805,-0.06044560122539701,0.03883537654849193
0.0013120712999465795,0.05500833564972575,0.008438855535572661
-0.05516364291550516,-0.07193695893461254,-0.03318477303197828
0.06245174982955577,-0.026511142005449594,0.044469149854110906
-0.04398791981684312,0.04469027977418228,-0.0703296818256267
0.05371153696604885,-0.03491546393178701,0.020149463435629407
-0.08084945121775804,0.006115315164332459,-0.06870295363983792
-0.04489209823000758,-0.04933341929237039,-0.022265761418524575
0.03130173146556875,-0.014266817460306704,-0.0074310354686782775
-0.004506287252294456,0.04016618588130227,0.06461239666513605
-0.06768617880354891,0.04434910948645525,-0.028867185242247295
-0.009511261004851836,-0.003168707125995209,0.0013039929842653883
-0.09449741425108828,0.006188230324472773,0.0507393146288954
-0.11387505684926143,-0.023019386043143648,-0.0971878060886902
-0.010346136894211119,0.01252329920275146,-0.050655277432199455
-0.08883781809552985,0.12191248450543928,-0.07347635080069988
0.023101838612342405,-0.03287057644393406,0.03851267966946028
-0.0012828169977705112,0.005758009119036456,-0.018450470417472314
-0.05255884771642283,0.01363271263013437,0.08188108561283786
-0.06413360620377864,-0.10245770634726065,0.03787299944317836
-0.06496526009131232,0.053744573926773315,-0.005680929753407523
0.004050278546343418,0.042549613064730256,0.0033767020121954813
0.0011015660666145993,-0.08337753186117336,0.02040741605886546
0.014292597885157675,0.08212287993720731,-0.04053645530390277
-0.05282013025866883,0.006313050452632167,-0.033755653058572956
0.06322227327048513,-0.05158503565230253,-0.05275620715266818
0.09095397119928779,-0.04841943745105661,-0.012301125178149798
-0.0178652835784076,-0.03944590111916735,-0.07010822689570476
-0.08186240384548331,-0.022231398586898758,-0.01949225436056041
-0.06170186318169492,-0.040264846745516725,-0.10003356790936184
-0.09925476971550587,-0.02027648592390205,0.02519335191730016
-0.058424104875686576,-0.026762863957820536,-0.13923336128826586
-0.054925796484414105,-0.0385524062193484,-0.08458463252219871
0.0705935307052713,0.006609780591823232,-0.1486349918908509
0.08002934267717601,0.056063185222358564,0.005066034320039329
0.006921697934706251,-0.06606656114710842,-0.05728683319663824
-0.03125516186095231,-0.040344287910447876,-0.049302122890591604
-0.02975360604820776,-0.07107258888868441,0.031029008384631147
-0.060867311437163035,-0.037420104505481444,-0.006042790553499251
-0.02618581054066263,-0.047611775994473,0.05499317611771742
0.0630556135909782,-0.019497052850480475,-0.05622867916783528
-0.05830359140520967,0.0691919498660562,0.04982903056806591
-0.06062849569290366,-0.052124111875175044,-0.04451739706228975
0.08207191032227967,0.013164026706719158,-0.10373844353291384
-0.05155761497343191,0.04034342289418123,0.06878928931597555
-0.04462817666165328,-0.04910625143861766,-0.0540745465124878
-0.06338041369032923,0.010014587610457253,-0.04439470794253619
-0.005163758107504714,-0.06550089257845512,-0.057181656005573206
0.017664895425228234,-0.11003167931172045,-0.01912979306373428
-0.05923821671406457,0.016523030023887376,0.049644068500213454
0.052468950972285044,-0.05397089448739022,0.015061313408571027
-0.008476530107719687,0.07147892701616647,-0.005467130113521944
-0.0061811995583267235,-0.02962329677551642,-0.04951897795899369
-0.04664887732964021,-0.02015881957966447,0.01713890299154536
-0.02292182166009997,-0.013163324150188602,-0.01198698205081373
0.009288952819639987,-0.001590223498479617,0.000673229045769063
-0.060660090624492374,-0.03344053905575826,0.04396695856028801
0.028459761831331344,-0.01312553235673932,-0.020040898781971607
0.011129325731184372,-0.05469689171564355,0.019994959509393374
0.042224182961351164,-0.06742455226321087,0.016919744022961734
0.02808833926976239,-0.022938952680007535,-0.050887107876545365
0.017788238774595636,0.01654944801340795,-0.23236220064508128
-0.11901886373318107,-0.029115923494864214,-0.010140194561948722
0.023012735751239684,0.03669482845217108,0.039822827211720355
-0.08720562883842453,-0.0745094883221475,0.01608715872251226
-0.03453645384178218,0.011922769742719809,-0.11896411102726195
-0.06174784256534688,-0.09998418726250599,-0.022494130128181015
-0.00876588910968366,0.0037712131949345536,-0.00956379823722513
-0.0031905450850546364,-0.09956151955923748,-0.11720723909892683
-0.019479742861474674,-0.1390864893914607,-0.039205043031377125
-0.05957339763480256,0.047115138394217826,-0.03515305996805191
-0.03466291861934549,-0.0027584276977238274,-0.09716404097389628
0.014312938752347983,-0.024431529045297704,-0.03912651623048953
-0.06956706078231023,-0.019540330934602577,-0.07326457255673363
-0.04062743374384749,-0.00723028305621078,-0.08871346278003059
-0.02206615271849651,0.025790722457618962,-0.04943227471921967
-0.05947663708172149,-0.04150355371539151,0.05845534715240408
-0.03611986702181151,0.02562543226965241,-0.09168151031881173
0.09433625916018623,-0.06640952953860997,-0.014412637261701462
0.030106472684674018,0.03961488847831943,0.0023701844279535172
-0.04292718393390994,-0.012797656679201016,0.06353150524941445
-0.06171112123497505,-0.02916325681457304,0.021296572589656417
-0.022600162386818303,-0.0715329974165166,7.529215274616752e-05
-0.018237516824196054,-0.0036633147068968787,0.05001034933605808
-0.007889110561056234,0.06799881617561168,0.008985458953920937
-0.04221328701262142,0.0749402659959584,0.004313240870814639
-0.012421390594646847,0.012165689376734526,0.052040837898695604
0.05457938561691324,-0.06575181063846908,-0.017019089821882508
0.010597783549586313,-0.07295484153612539,-0.013714886443793445
-0.023267178144507482,-0.026903405366191437,-0.07930940061295619
-0.05486821969001508,-0.028799245298436686,-0.09275331079503447
-0.045876876843105534,0.029273267665001466,-0.015057965648220178
0.045755533905437566,0.09231566963578669,-0.030559857599422167
-0.007871713616327883,-0.04015028704306303,-0.015408310575317732
-0.05976399976449169,-0.04145887609936623,-0.02849954315232887
0.0775527448506761,-0.20593047261227523,0.13163951379732847
0.008554548562318513,-0.040632206753898656,0.10934322283656221
-0.09124887566725037,0.011261507849989125,-0.05679002490261846
0.01957472327284727,-0.0973735068171849,-0.03703400332811503
-0.08358332395126858,0.014993364316107094,-0.056355130052100785
-0.016529578843731654,-0.05333076186243105,0.006573990287825831
0.04755412722612451,-0.04934302793805502,0.07434448261615632
0.004328245118477268,-0.06750357824189382,-0.05060309884583768
0.007632818401553526,0.0143004976330675,-0.15046642069369123
0.01247758747301993,0.00597711474718695,-0.074063621524981
-0.05458307209350587,0.055009361643818894,0.023050303934589227
0.021759612000402197,-0.0815386314917379,0.013977209212005213
-0.10106014320400553,-0.020305344830561907,0.014419507721310308
0.012306065751941354,-0.04029153275466037,0.005967186404531949
0.020345558878719045,0.030672777881499785,-0.015057833748627483
-0.09853207916899152,-0.027568687093390602,0.01891272305983128
-0.011970191995509916,0.00577610559243516,-0.018112761983016215
0.06721966029233316,-0.06269835824787359,0.03490537283341692
-0.03806513676870152,-0.0332414694107706,-0.007259377505943394
0.007598653372948046,-0.08169646931961273,-0.02616687614563056
-0.02789531539284814,0.03906857250965933,-0.009605627468222702
-0.052192228000817624,-0.03207919882852367,0.0536238034779509
-0.016128943084322472,-0.033715372548783124,0.00197706846300256
0.030195459503774155,-0.0740125251578534,0.014657145325128374
-0.00559833128079079,-0.014718783286229407,-0.0626766232622961
-0.02976813975411808,-0.055927639917750425,0.04122754922597964
-0.059423472762768215,-0.030185647826360698,-0.019060808742090804
0.015156304840750137,0.07845477021576246,-0.003566263501218579
-0.07376709103489944,-0.019319296153781588,0.04264140434473597
0.008004267281094615,0.029749400370859852,0.00012919697708714192
-0.017746120611679073,-0.013278714326429186,-0.010101287330999126
0.04829617711502085,0.029510967083024496,0.015260338889157439
0.08371176468383873,0.03773662006616425,-0.0659806282641256
-0.10141317268011099,0.05044789172773069,0.0029084170578459988
0.015562480154027784,-0.054980769711730756,-0.032797089454377
-0.03161947433018875,-0.017267341479455328,-0.013492128019363296
-0.02333912730690846,0.0165498129155603,0.0019437226751159529
0.000413099224940202,-0.020082154754890814,0.0322345762737096
0.026943159894662914,-0.004215279579987704,-0.0044030314969760575
-0.011609198683702967,-0.06346855288539953,-0.1030330624704888
0.04909685708170435,0.045590096098571765,0.043404668979046275
-0.1262862781898279,0.08550442198683365,-0.006279644693312065
0.035788922122640274,-0.06293635383011738,-0.03697755294893894
-0.035516874236848676,-0.062403008304136774,-0.004315307579676658
-0.07937826746997143,-0.008390891364622122,-0.05805235061232533
0.006855932988329616,0.019580093783384697,-0.056182602244872086
0.019871644403466334,-0.010230114330798123,-0.07900330942157395
-0.0035800059039160156,0.04390637240787055,-0.07379523153275908
0.05098207371930915,-0.05777012374062381,-0.06710105300329224
0.04114910564502123,0.025902760988742092,-0.033733009863691044
-0.04564480212610238,0.08548468867255997,0.07943404972059748
-0.03955305647956352,0.0006107062029356083,-0.1062827044751546
-0.021033387614510554,-0.06652361450307434,-0.04919130153340963
0.026472819455231764,0.056378896191156186,-0.01155851323546578
0.013489029076209573,-0.0035432164611764383,0.07566255093722188
-0.024474336438374475,0.01096541576599486,0.030114795318462916
-0.04625007994123756,0.011498876523447853,0.034754339015017156
-0.0696195014922058,7.17272279514413e-05,-0.0624915270791378
0.022756135673747693,0.0008514603524195372,-0.005724813477076324
-0.03280272456363512,-0.0476731702831664,-0.07154935403977333
-0.05358408975410375,-0.005376070507532748,-0.027789958364775328
0.019743731576421022,-0.015148811219523503,0.008552192094497075
0.0003015062063252685,0.01926223049677557,0.08530384131126231
0.07495970780825523,0.10677581629746065,-0.02191060958913474
-0.013260878405057665,-0.013042810171483565,0.03824983672189606
0.03439598551766071,0.0867809269472858,0.05236759095958336
-0.07648457951876385,-0.0562919738531214,-0.0004595792358714902
0.0344110321011013,-0.010836034733419105,-0.01718318877454587
-0.1385260231204704,0.05208386087529439,0.05338995445228915
0.03394467451714733,0.013323512196204885,-0.04784610473041466
-0.00410987030891452,0.018948250332823276,0.006577798946442311
-0.00257460351404542,-0.02408679273515868,-0.01700146402004439
-0.025556603675333092,-0.01792523907120955,0.07942497495667673
0.0059886357236851005,-0.0007605268101208709,-0.08514002434212233
0.015851422267290097,0.03351090478333311,0.024008158050719344
-0.04397484581659931,0.027329517179997043,-0.0019470217183967305
0.008786994289931873,0.05211050356582871,-0.08971261570396176
0.053400025358325595,-0.06569313976668266,-0.02810145306032167
0.1334789454704619,0.009335572026185113,-0.04240359021598668
-0.029499970438603765,-0.01984836769018658,0.021790446163798244
0.07603190592565609,0.08623701173310896,-0.0031414703128526487
0.05005077926130985,0.06125934916530332,0.04757638398620973
0.05340162788146492,0.013695561499495107,0.11865105715524593
0.027154650480078566,-0.01635894085446626,-0.009857938392694257
-0.015631902202666442,0.03707252167823878,-0.0015328650390301363
0.09292060008083147,0.12866395601395242,0.06723981354738692
0.02956363766322871,0.09246263720370528,-0.046324532248434636
0.04974654737972163,-0.04076672688478306,0.0018713665542865684
0.13738187633493718,-0.015434529107226974,-0.00554979065155369
-0.09399708308542999,-0.08599282268297716,-0.016739130141518052
-0.0029984305490861852,-0.053100642171981294,0.05191954392646075
0.06633539216620186,-0.086875407703554,-0.00656612992747563
-0.024453769074010416,-0.05003479353787433,0.014926370603557889
-0.01644684888278318,0.1056796332516189,-0.010590575955362854
-0.04162538826777609,-0.08903829910905503,-0.042446933067107034
0.1352083260138073,0.00938642195300145,0.03803870242314591
-0.0023287245198782185,0.004070637524189911,0.0785229004267062
-0.012316535953794137,0.0257874262092478,-0.07082282795088
-0.07758521591947701,-0.03557515435193819,-0.048103135423395824
-0.03997804056741196,0.02830713851736419,-0.09264764149245283
-0.04987330487057236,-0.08871912371591135,0.01148392957599664
-0.1069945872133023,0.07457670435621189,-0.06073289761089631
0.03283302091194319,-0.0526486003190005,0.03178252557558623
-0.07618643936441544,0.0840178214158879,0.008819974513311213
-0.05512511120770517,0.010287050047026042,-0.0173024916233697
0.034576334876609244,-0.024169796850022858,0.029227354075206047
-0.07681648318713033,0.003217377720960213,0.026793709054718742
-0.07437650589980524,-0.01958042541998879,0.008386320676784033
-0.003778035463982036,-0.017897601490216814,0.055683399908880965
-0.07230169518718048,-0.043648045103721694,0.037195530564722454
0.02434035310977854,0.06688916706257289,-0.0087667529426827
0.09509872645185664,0.0019927794327941027,-0.05122954196653705
0.020201279834025858,0.08932313979846991,0.07210003164842956
-0.017308069606786963,0.007352437913134759,0.04028017703113861
0.026685875514632723,0.007483576776761993,0.004574728979929017
0.07107042671492605,-0.043398348093257114,0.003000716050642222
0.010254437470476743,0.07988599322245388,0.06445581465550912
0.06806821733569299,-0.043503728059118306,-0.01456996706839353
0.014189320603945423,-0.029764976806270955,0.02747062039306696
-0.056557683791333545,0.04707228207260527,0.1316214225494134
0.04413168678054681,0.11634628551327486,0.009208979442201176
-0.06965515963906624,-0.08127482431334526,0.025714607491618604
-0.005418465096341366,0.01790489297554773,0.060070361547163956
-0.053763026581732445,0.09454220730611221,-0.011007773727145266
-0.07898315939628485,-0.02063556071005895,-0.033744384385981124
0.08400026686042172,0.0487036588509543,-0.008394623302056146
0.0024937986760438687,0.022692774649175913,-0.0334003129688483
0.04188491376160798,-0.03367896604717327,0.06350759394083054
0.03945804185697512,0.00929581172543667,-0.0768712961011355
0.0605527745646401,-0.015392798256122081,0.021947480162025836
0.015621314629378692,0.01822206793050892,-0.034297581395568495
0.08132713022556697,0.05056950236819184,0.13131560134151574
0.029595098315761383,0.07576485858834103,0.03426558813927236
0.052218285871158565,0.1286960189124572,0.02027444506010883
-0.031215057449613337,0.049181449174258936,0.04187131809299245
0.02293246846266193,-0.052352925995787294,0.01635431878735829
0.06697171216754699,0.025512389473808007,-0.021017014039832922
0.06622137643865131,0.03872102686975046,-0.013053551516810376
0.07643568210053074,-0.0396463631888785,-0.026932300290478363
0.029362319018885207,-0.012716064056497386,-0.0038492557976810247
-0.012777596696513793,-0.0016833804487874568,0.04179500203763663
-0.02422298832147593,0.027055052966077325,0.0385196412726508
0.017061399901372457,0.07915676105908345,-0.026616902714661543
-0.10239135383067005,0.05808186162306296,0.027256006524856557
-0.04088406673986576,0.021273178894954465,-0.035735966354077484
-0.035130066542547404,-0.07848441285567923,0.04216760170094746
0.09101217807236876,-0.06457554623439947,-0.03470873336043827
-0.002062184530670936,0.006834468354867854,-0.014419321307130577
0.06109584284467199,0.02441459850467045,0.07533250079580231
0.06958738887686677,-0.05648262731089509,0.12907877272670704
0.037293895878474065,0.06088794926292497,0.06248483285816027
0.11318857275071786,0.017419485531682922,0.046161760753504893
0.03261786411559222,0.05867860712250156,-0.010225926834316421
-0.03905225303959542,0.07248953394871988,-0.045666059929762984
0.07226574398018053,0.007751877003242966,0.10036133937494594
0.02766418302945648,-0.0063461634343759815,0.032637710532563126
0.022033025542754464,0.05262625598059806,-0.009582149329968839
-0.015199300184263319,0.14320584407953896,0.12162916033591066
0.00529921887218128,0.024886152825864243,0.08789363117060284
0.020949226477760024,0.00770619803575706,0.019863629594627254
0.18809247849589067,-0.07759924506817611,0.07838635620247911
0.03893714231056113,0.023273233979877857,-0.0013113220482652045
-0.014149911502357202,-0.0049002755997454225,-0.004653493566550194
-0.1142557573146786,0.11099112883176601,-0.07921747788382284
0.03212139878966396,-0.02937617106568779,0.07848535192972979
0.02213500835443592,0.06361554018599744,0.03185970655636852
0.046151638351630025,0.07225075266637661,0.03229860031270497
0.09474669283305845,-0.004017033093810473,0.05189761470422043
0.03335686573943758,0.060229840608042214,-0.05068509391283604
0.050130110935260146,0.026749403898925106,-0.0017047756274248746
-0.0018913511849505855,-0.12488240583605445,0.08788353244935329
0.01668794043298741,0.020552061011320684,0.07831526935143518
0.05981019717262222,0.06436839130503662,-0.0021175121086753623
0.039057877114999626,0.0351213059853282,0.017503465879033092
0.025377008480161917,0.037839078847916804,-0.010985638596087588
0.07409381878691987,-0.07472226109796791,-0.004777352675948868
0.020493525060388845,0.007933112627232074,0.009849676589217609
-0.016162265156518942,0.03866229319088969,0.02500480509340465
-0.023305897300883897,-0.0015981181638678559,-0.00043910539810999155
0.02248166370676031,-0.012923724546194417,0.03041520575895634
0.02610593674027438,-0.05297503591427875,0.030367277279501517
0.005424412995271858,0.016313754676739116,0.044764041568641104
0.012161164674573652,0.023284145355083663,-0.020779047087845032
0.10003486824114888,0.0976677466952021,0.04756364872933053
0.05370670447684883,-0.01132016813342264,0.10440996793165312
-0.02076219535686383,0.037773978375431616,0.005939621149162768
-0.006756988428962569,0.043014580122777875,-0.024993346318340586
0.07002843426528252,-0.05761916048071353,0.00023352310239864796
0.0029410079582951817,0.06357939395002385,-0.01751057337223458
0.08170469961975735,0.013421618574827814,0.03416658355219888
-0.030884158885620287,0.025399371536789766,-0.05100477268710968
0.058944532221800267,0.04222145433178073,0.003200129656561187
0.033361921880310244,0.13453445185740698,-0.025550130664443987
0.030567720131340254,-0.06799107671566383,-0.054313176210182806
0.005687362867158877,0.014700281364786426,0.03599239492561974
0.08856725613769913,-0.05284716052484825,0.0659430518321522
0.007965656099406497,-0.05484159758806105,0.08080774849323714
-0.01626991274397575,0.035209928657433026,0.10081995054614393
0.02301167129238831,0.04706809135763909,-0.0049704629876239186
0.04413970399332299,0.004980008587131312,-0.03667272087029286
0.0885741114567296,0.04134723532759402,-0.03770190324944362
0.05593262352196039,0.11129916834022828,0.05123700884977303
0.06693040499656047,-0.10822895143736211,0.005115449687448771
0.03334989250998361,0.10960582884011469,0.020414185687947107
0.062245406289179184,0.06618381801308781,-0.007828707329732537
0.06307548459050631,-0.10352665822774881,-0.02079118374782239
-0.094229136824003,-0.03738906578670185,0.037259218104586184
0.03529375611361671,-0.08025585902292998,-0.07318226644478197
0.062405965746328076,-0.057761033225087646,-0.07362740518563338
0.025830274490149144,-0.026350248452560284,-0.0048934616891346296
0.0022855198335634836,-0.035708984209705384,0.09993871955205469
0.006028709631115771,0.02598151973012252,-0.03236910133090212
-0.007293579719091059,-0.016542263917231834,0.12277742786908305
-0.038097691985220186,0.004838314634291931,0.005995823211484438
-0.024190157312855894,-0.003806451037678852,-0.0066671170467366946
0.011158994250620176,0.013735638409282516,0.044597740339960334
0.06297931139652556,0.06416850923557642,0.05411032369428216
0.0278534251619444,0.06011333345812164,0.014370653523810378
0.03551898546087898,0.017889042261782603,0.05032382438550968
0.039979560857817384,-0.012603977977105668,0.00996496211233245
0.01085292854695203,0.04016769846545654,0.06803515177133376
-0.01177360753034831,0.06723692219872363,-0.04929752433148113
0.07529287815479242,0.008202189063315015,0.034269583419033064
0.04593393107900372,-0.01861641045656151,-0.04430211945859622
-0.03076028177422213,0.09929162590028046,0.03359658461517652
0.07462256941265688,0.07156724511297172,0.10824893179352738
0.01007041381930957,-0.06269018248348485,0.025983128384578676
-0.011257492058855664,-0.03335503148881984,-0.022203940408303584
-0.03871114187684405,-0.034800683363348885,0.01648804297451341
-0.03236972301617522,-0.07182575943809774,-0.08168168575120496
-0.030882918822517244,0.028976998855150007,-0.04331132512450171
0.07767478988037384,0.07394711020133804,0.00879849475451797
0.06338935670297846,0.0003025795197214489,0.07148006762019041
0.049971050789057406,0.03925983217388506,0.05756276647043662
0.08162737722847048,0.0007601101913370083,0.04010674815102166
-0.06152070942078927,-0.012435366746787881,0.05782780863217368
0.0031669896084826725,-0.018591447696980835,-0.06581738028698715
0.04382754120536699,0.058430758219509396,-0.03659531861756599
-0.01878095941057109,0.0017011548593910703,-0.012007358099580713
0.04436961376878816,0.003387703634003059,0.01836168477527896
-0.03845272623304754,-0.028565652932254874,-0.0051932441787241376
-0.010185174937101044,-0.03868993333070963,0.018479859087348345
0.039195989129243415,0.01652179528079449,-0.0599297899297054
0.07966678697200749,0.06609144686138782,0.05099388986200859
-0.03420891102351778,0.055025665080013886,0.03596695506213031
-0.04773442204356887,-0.020718624977704738,0.04505618860541907
-0.02066278804895417,0.09560165343935943,-0.048134909260376335
0.014622539973368317,-0.023934566891725156,0.09171640550720896
0.054305788825772874,0.033323216086474164,0.06455259705416085
0.03917126483579519,-0.057228629061057475,-0.050738786613749746
-0.08523964262371013,0.003965098011814344,0.06513394371660423
-0.01604009695546465,-0.017765038280965047,-0.019584313482260682
-0.05368950681725283,-0.04742708784329352,0.06070883393989464
0.01305090782939232,-0.004657281241636191,-0.07180867773847048
-0.011853093458595691,-0.02436055170464902,0.052722976335238994
0.044429255834405754,-0.03521770628063435,0.05257775110800386
0.029782981243217953,-0.038793571115542866,-0.0010267936750810776
0.0662868732985321,0.052237392108257966,0.03268142034432246
0.06950820723018641,0.04300377621859879,0.09298993651780689
0.035745072334539094,-0.015798605494891697,0.032558232029904495
-0.03426516901736039,-0.015939656083828593,-0.04350333496695678
0.03308096760932723,-0.03359499028550304,-0.040446464033845345
0.09699817304835653,-0.0005053303270579207,0.043775229943953324
-0.03806207401447401,0.00013522338169505302,0.030860414224061904
-0.10969468576518406,0.10135732467173338,-0.0458724975391578
-0.1017823982966283,-0.041106438798899435,0.002909755837779857
0.012428073203432359,-0.036880913873053,0.04877800571999423
-0.04056435991124135,-0.01963036159478768,0.029420521883201954
0.0930384944358732,0.013431746536547239,-0.079126350962903
-0.11234476371466781,-0.025062408881491676,0.0003908116147214643
0.08651814261757054,-0.06606051082744334,0.020117734261901707
0.011761993626766363,-0.031393905618432666,-0.014186405028935761
0.018508273372135474,0.006293295563785673,-0.02012004961958583
-0.03876099888468034,0.047478678413005904,-0.09993131183396237
0.00015480019449931224,0.011420682032192025,0.04127065096022993
0.049847776834969056,-0.0800614422364331,-0.13665144181577304
-0.07522005611963563,0.03163212366123633,0.051681284561752756
-0.10741591191633922,0.01357763850163332,-0.005374234793563295
0.09422204656709546,0.034278714912532614,0.0015373262551453596
0.023585997171840744,0.13105980170761244,-0.024994603725512494
-0.013467751531232834,0.07326908629618667,0.11669533818501414
0.07024907495574335,-0.056982819727815194,-0.042266439445825824
-0.04116854204451856,0.027326562630668353,-0.03789353618161468
-0.059351962653566154,0.02453283523630111,0.0779127472253436
0.0016800174543291986,0.013325081894160096,0.02246381214552208
0.029135060911630463,0.024606259173413234,0.0429123767356274
0.036435215388233064,0.023091911777162747,0.03672266915889654
-0.012245984017432238,0.036222145488905955,0.010691915770633997
-0.05694345129097741,0.054431864700145875,-0.06028820050103033
0.046971792645111525,0.038660388815444896,-0.011189279879414685
-0.06808489435049235,0.06295181719216168,-0.006595847547380294
0.06883338235119042,-0.04254920506702288,0.02894683742293937
-0.030313893036432504,-0.04377460321877248,-0.03977759963927386
-0.006736075591926162,-0.022282688085219673,0.10109757298727547
0.03361352234791955,-0.02171516949170954,0.011155871773474891
-0.015218656879436415,0.04915589975446046,-0.05139378572225119
0.026219360814269038,0.02851748585338245,-0.041083357371026745
-0.011605614270879645,0.0016856055463552915,0.023286922120170226
0.08374151782909059,-0.027481449856123028,-0.04248719640447157
-0.027372887949267333,-0.08123134350197028,-0.03702904958951868
0.0481033347394775,-0.04820112532871888,-0.012432479385575432
0.11818811501972405,-0.08343869314423064,-0.038267291406650146
0.0702827169464736,-0.030922872550187528,-0.010237914819969178
0.07404269860554476,0.08478388803247565,0.029401928890558905
-0.05241347799489364,-0.013985318598440979,0.01121540929656232
-0.04753427889759025,0.06347679426501232,-0.04170801756489091
-0.08559214013072033,-0.1420251007019617,-0.007994850875736623
-0.027307618653664385,0.010041748271500062,-0.004922639139220093
-0.010678962542429246,-0.05848879865965013,-0.013686522503585243
-0.08967202384849934,0.05538288960647391,-0.07960163798852676
-0.011542058727214317,-0.05382641708094756,-0.002802891701638063
-0.059088874263935984,0.014665420596255177,-0.0488488436464968
-0.07220175320708103,-0.007044992521486045,-0.11269255520475488
-0.09114435895193519,-0.04414444358433997,0.02381405728348389
-0.11538143975310353,0.04637955486504733,-0.0890266066180562
0.012569034887142356,-0.011908614996506734,0.051865931256095024
-0.04746414284707767,-0.13244322850702397,-0.04205003371435176
-0.0980571816415188,0.026935840359125572,-0.007409947380622051
-0.10235734785293625,0.03622581516922722,-0.019307924834629807
0.0004028696057144735,0.05252049994488445,-0.0367694625064072
-0.011723880513456162,-0.028615964450213638,0.09944686381855114
-0.06913185824899536,-0.016718928630408494,-0.05018970835000808
-0.05060302079249476,-0.003380914056073492,-0.06367762831636081
0.02933315793260332,0.021172626587698,-0.003919169349289087
-0.024449193333843905,0.035635380079656005,-0.07127979532890275
-0.0650101275651798,-0.03126388834807167,-0.010714689971798214
-0.0013283961919828887,-0.04650696129127849,0.07163683865137611
-0.04011765005413632,-0.03603937851859385,-0.005705030591709062
-0.05522717458309817,-0.059768840084717736,0.07501902659379198
0.019888768955123405,0.003356935852189784,0.08143415727404953
-0.028010796588516435,0.017320850937129997,-0.011499430083207592
0.012993797259422553,0.008893894678972622,0.02718231068345342
-0.028333353206202887,-0.041242556448298086,-0.04238005941408733
0.04625905103462645,-0.04048998977359933,-0.0684438840819158
-0.020084810994612824,-0.010998587610931953,-0.06125715777810761
0.029930062819656458,-0.015066370629251537,0.00724185374068206
0.006360895368655046,0.03257153100236268,-0.08113888624113778
-0.06277441686508058,-0.06176091124807066,-0.08491525356231854
-0.05039652853311913,-0.028247612101017564,0.020751619204439593
0.022348249879514392,-0.0707968322037516,-0.0766766600112754
-0.04043194726804222,-0.026797739964673023,0.015298645499601728
-0.03461151361725588,-0.025679062426850564,0.017750966507861714
-0.014726539177832872,-0.04192077456391492,-0.038510661696382086
-0.022055714962592933,-0.05005146478994158,-0.007985636706366591
-0.03704128969203939,0.06199017073370357,-0.0423377805361472
-0.013379060246798538,-0.010869783113788698,0.0048453586335073864
-0.06030142595148191,-0.0050209370906019735,-0.03692744482116103
-0.05565354510741356,-0.016374030076993867,0.022260087011936467
-0.04844132783694812,0.006433211648930029,0.046044732916010515
-0.003131547908676608,-0.007899495969956104,-0.07401336298769473
0.11244987786285242,0.0016153854358315484,0.00662199784223326
0.017484712361863056,-0.05447672375769118,-0.038230452310998586
-0.04409453109996288,-0.053304442771132166,-0.04049787388292006
0.006526436280946256,-0.08022823232417015,0.10502710552318456
-0.051413931625558365,-0.05331669246348218,0.00934144578600516
-0.0912763026945361,0.02493844346010333,-0.05432697422119524
0.0065981223630824405,-0.043997470745283776,-0.07672242743426144
0.038506818983674265,-0.04630792054373054,-0.09218959859146679
0.006209859051930115,-0.025229161200659777,-0.06911417127270403
0.050108498493413235,-0.02555304134664861,-0.10288637503235715
0.036006042513109474,0.020383135832077667,0.034394388953907534
-0.10587742233902722,0.007964195493792046,-0.06412463332754405
0.05308355137531692,-0.0030099688965898874,0.06629368048854155
-0.021717218206804133,0.006108988925440359,0.0774712642686059
-0.03719417972518283,0.03821892675575438,-0.062108652999503064
0.025273651963757325,0.03687916209108218,0.05822793880584896
-0.006519244329732436,0.008982354374281375,0.02554318434357226
0.04745370989158553,0.03603356514949222,0.02313182887907548
0.04302240688864653,0.038479544011770256,0.007844931711154118
-0.024981400143704126,-0.0755452745086202,-0.09098291311261573
0.011607206032331622,-0.009369126840696554,0.09721315946193307
-0.006324908416017303,-0.049302931098575094,-0.016099762077026347
-0.04330274199567183,-0.014640253245404238,-0.06022949821047141
-0.012911656026788513,-0.09587539858463359,0.016405805954439273
-0.03980258885499845,-0.03866169749315539,-0.001960059768793765
-0.0330192538807402,-0.039102385261328344,-0.08388158324435066
0.04061242202943355,-0.06448983120443144,-0.02865093083188328
-0.07293089247854427,0.05023280811586822,0.0011209789409370105
-0.03782982989774765,0.03687927791018631,0.05255066775564158
-0.05996324747095952,0.04611867277496964,-0.03389674493097745
-0.08150807172695133,-0.04908675621429718,0.05860422585324014
0.059586589163313525,0.034765777537409,-0.0840713743785468
-0.051448521730800764,-0.055948808518568816,-0.05784038997340678
0.044212699275603395,0.031041612509496937,-0.09188121048643855
0.02107702127777449,-0.017003923884097587,-0.052285653110585875
-0.030973937357997097,0.009671974329613399,0.05709259476774344
-0.10778840739383203,-0.03682061447645209,-0.060465461645743575
-0.018119014298179643,-0.023372987659567468,0.03664496462931953
-0.016666454607151146,0.003104475080898745,-0.06054593272884527
0.01492679128627903,-0.036183134579908544,-0.046617225882326294
-0.005769162060875787,0.03569191404863878,-0.01658048949462735
-0.07682853031889514,-0.042852633084982925,0.06098708319250988
0.05534849449722766,0.005544644049258252,-0.022532672465601207
0.0517753747223864,0.04444272207383332,-0.11341279140493515
0.014643477302318079,0.027669325309232228,-0.08259533660317166
-0.06913879511967294,0.02201764928917948,-0.04504011387437544
0.03669800113095889,-0.029496723276890457,-0.10423399014234005
-0.0050588846137758995,0.011686378323223803,0.012178533644813503
-0.016255875767127635,0.08265903645243466,-0.11966863896464866
-0.057781884148108226,-0.046441425222230076,-0.04654688527813765
0.00848598629223576,0.03682846486810824,-0.05691286340485491
0.02403739893417575,0.027384694932986935,0.038066123431343885
-0.05617154964355527,-0.004386933566342073,0.027325295119532154
0.059983298581700734,0.05054430825288163,-0.03118719842700536
0.025143425650616547,-0.01392715147456491,0.06495188962063426
-0.06720846345078511,-0.04594589361421651,0.050792118155063445
0.08510995955048203,-0.026589810652252917,-0.02323814836989538
-0.016373115791356783,-0.06919059094009594,-0.04680651253665692
0.008325627953432307,0.007636377360944392,-0.0232627109380397
-0.10723720996953409,-0.055941946959917985,-0.005503052395060493
-0.03721268222442859,-0.008981492727398408,-0.0020365167693802075
-0.005081176398739878,-0.020732066854429902,-0.032215428153322984
-0.046025645783740396,0.045842848947820675,0.08052504100948508
-0.06705728922888202,0.04534082336870054,0.060345145798763204
0.04255145523687628,0.0009802841613520824,-0.0291806317717699
0.006034792953155961,-0.0077223143407661714,0.04284797438867777
-0.039389648620733395,-0.012207105188772565,-0.06309252857124518
-0.04913679656957189,0.0038357715325454678,0.005898619069682948
-0.036026411382693344,-0.034526336006634344,0.014213383623284464
-0.02961096009171079,0.03457698787275369,0.026480456984057755
0.06201875281709757,-0.07506893198085954,-0.04224791560316991
-0.03539810103169141,-0.029797748601607284,-0.03501195733050711
0.08416290525867512,-0.006398670495588735,-0.0033366514536138075
0.036471810098749426,-0.011207506211433455,0.10425834376677207
-0.053416146786598964,-0.009540327425335386,-0.10432737368264769
0.0009281550966747983,-0.02176453893635219,-0.041086598827910714
0.011647021400697401,-0.08222703642612297,-0.021597266306364677
0.025441471400817192,-0.13569009203228538,0.07028836804976868
-0.03124171387173158,-0.014550471735179427,-0.055286089856901914
0.016096024005573827,-0.07814576547433642,-0.11791438224989316
0.09306783651543717,-0.0769477284510351,-0.09826715757816644
-0.0413546776779925,0.016521180172362877,-0.04827243644532287
-0.03992096682864035,-0.02866894318523542,-0.036354684813694464
0.011738348098288562,-0.06823356025009927,-0.03690145734581479
-0.032326602694248835,-0.028682633905850262,0.10797587961225408
-0.06132704787212575,0.07148269688023279,-0.006498718912429496
-0.06125880487803646,-0.043660326272512234,-0.010503055479908124
0.004817832760519721,-0.09838820712973072,-0.016524559623470974
-0.08719879328867296,0.034931610627986345,0.04276797057375632
-0.10315460788126926,0.024791925477722056,0.008320126302326898
-0.07411729577325804,0.017935040133795634,-0.05673071502440197
0.03489684839423309,-0.016095630532640112,0.014029190293373002
-0.030534199620086765,-0.07120699248974004,0.06576858750543137
-0.005863313055576487,-0.059438433116761,-0.05037719904019915
-0.005981652009534463,0.0027247725002181224,-0.04203632913950183
0.016625253906192045,-0.035205998196840504,-0.0030239950307284066
-0.08103398269531284,0.02505163608450102,-0.04786422411169515
0.006429744252224921,0.016534990228190157,-0.052996260337609874
-0.005622516776916225,-0.018487638280035648,-0.004860522355669616
-0.09459323260504655,0.00812189246338081,-0.08309206336030067
-0.004384517267288007,0.0037950676493988533,0.0994658628938875
-0.05621727752329365,0.00794203231430603,-0.06303987762324097
-0.03516722718171258,-0.022043963431631376,0.056869938125453615
0.016360840944469386,0.011533322207739742,0.03204680656010349
0.013150133011971522,-0.08643002941762971,-0.0622058766270909
-0.048171774322707,-0.03366202302135354,-0.018302480477029287
0.005702566485608424,-0.07231511771579506,0.0257667232020461
-0.06717315965051905,0.05797761360885085,-0.02303001933898842
-0.02939484599456192,0.06053143176630775,-0.07041713923451527
-0.1165959582669028,0.06285130715993989,0.021953122571488362
0.04918440772137675,-0.0791663302978939,-0.0014257066260385779
0.023742738601646364,0.04588462572754308,-0.0013999685918506853
-0.006277402640891463,-0.058653203209943244,-0.028751139520979414
0.11025679015723513,-0.03270133438026093,-0.04809473799250986
0.022448744628534526,-0.00868228912569865,-0.01961332302796396
-0.03614701740805112,0.02102029959808879,-0.047507554477065214
0.03882270048977341,0.011115059339203445,0.028175526915376475
-0.026482468351824162,0.05018436545628601,-0.02020160286477379
0.04738205796517539,-0.04961366951353734,-0.007923898966580646
0.016139194938163577,0.023656153760458053,0.028499768466853665
-0.027140537003433916,0.057750101896742595,0.04331309606409766
-0.07328748537533332,-0.015657618081310165,0.05367686683096881
0.10035985582545463,-0.010873188768151552,-0.06033365445604598
-0.03713561754021997,0.018275040875035772,-0.015300793229806115
-0.0062709136786305115,-0.03343344425149273,0.006448348735423533
