81025, SENSOR_ID
bearing_fault, FAULT_TYPE
10000, SAMPLE_RATE_HZ
X, Y, Z
-0.033899136769572125,0.13272609410051348,-0.033220549361340855
-0.00559361057932494,0.08051921597748914,0.057751393742915665
-0.10721862493469987,-0.06907110171643274,0.06956826655996994
0.01188062068941232,-0.06553568890233706,0.03890884089516519
-0.1229331423784558,0.05086796637690586,-0.08820074241472735
0.017123536769862745,-0.04761879441788664,0.06739537877637383
0.09615265112825598,0.030820616844109562,0.013242709786295248
0.02403320006144696,-0.10650273018747314,0.013749174640919135
-0.04718371996276377,0.024418414439794464,0.019466102185842687
-0.04559175252003013,0.031212305332071314,-0.09326070635024478
0.029711429528531445,-0.023854693619768046,0.00628756000507086
0.05736004629428993,0.0014409008981524757,-0.02966585340961586
0.07266041587497982,0.042901447479927135,0.03988689148621413
0.008088679808775073,-0.01984701291972515,0.012251189100196083
-0.007969736561817833,0.04276789699448032,0.05133976667196774
-0.020178695937302236,-0.026453480917093833,0.014015339840459454
0.029940658914482377,-0.006297160681697833,-0.02310698380135356
-0.06711376671243378,0.05044198965703611,0.03043108157459711
-0.07399917978984423,0.07483262524684667,-0.03236323329707566
-0.03396898608721718,0.011823808390098153,0.004096274830947903
0.04202174354866299,0.05498341070843032,0.07426087855783792
0.06590924951758517,0.012604566567290957,0.025832441257408363
0.04762654999833576,0.0771514694883396,-0.0037257088441935643
0.05548169946235085,0.007952510932354755,-0.04555708463184167
0.00716446321510299,-0.023589005911082737,-0.047849922027067684
0.06008967263264511,0.0598228668865613,-0.010371564212183304
0.03507855622700518,0.06715728533229712,0.05574644159024174
-0.018936739380116897,0.026512736277264796,-0.013238747580935474
0.021287721550498715,0.07502652023533014,0.036461106156873875
0.017253614914848166,0.003452693299904718,0.014012647690312685
0.0647008698739083,0.05920660262842304,0.004840716709696113
-0.07884701766924644,0.0026992584975031745,-0.07044639662136923
0.021407628950057017,0.03406742804744918,-0.02570781422736234
0.06545412847819415,0.025361687128821284,0.005049767727933095
-0.04590665367170666,0.024813224862645415,-0.03564334591596307
0.02820344781023791,-0.02986422447423675,0.009093808807988997
0.04064958804314037,0.044807698174801194,-0.021125583592243594
0.00614068398262483,0.06487042262750459,-0.02122784669788874
-0.03641665678002285,0.07145908151375743,-0.0007663127303519854
0.04189699871949437,0.12024933772467898,0.043370978975239324
0.01074145643623631,-0.03630772432542026,-0.022802350689464068
0.0363817163982617,0.02240019692783713,0.07875112617788574
0.04715360749832055,0.0028514435370507185,0.027368829412345728
-0.02769141072495403,-0.008109145438009214,-0.021144381072163553
-0.05690978641386039,0.04603419032858733,0.04636972029464263
-0.012276764999579057,0.0701663492794515,0.14474342966549286
0.00175652483635866,0.03081003983220393,0.019798959429604447
-0.04065569526242241,-0.04417157830784309,-0.0064815907078975
0.051968543569790304,0.025835079675829153,-0.020435891717949732
-0.004287931665409155,0.0618400495351058,-0.07547974243161637
-0.0113185221542438,0.09020084055020361,0.0016581326758572691
-0.03519679362874661,0.044924537032516185,0.07865256309338092
0.031162479871685404,0.06913792399097968,-0.015521741750027197
0.10526760483722425,-0.01291107002482171,0.006830211729133813
-0.09378877756177455,0.05072807585835203,0.007350604292093503
0.019170506461744945,-0.06542131649019223,0.06280623764591703
0.05655159645745881,0.0737649929039755,0.01737072437186633
0.07190052281218268,0.047079014280659005,0.03679146235447461
0.01564374840993627,0.024563950978034942,0.05067551556376185
-0.04316815451220481,0.031135679441025108,0.01132393311451724
-0.028321053579133598,0.10494603684505033,0.06774583475242738
0.05925235054902216,-0.024724811043815,0.0009144663498959725
-0.011705447672115163,0.02573353484735158,-0.06785065068353355
0.04514324577532469,-0.026669236474212085,0.06774045401593887
0.10890099037510483,-1.5924156505801867e-05,0.058174265777395734
0.022790440112870954,-0.0613945919599956,0.004515757047209485
0.057887208676724,-0.026921852032032505,0.009014579649234867
-0.06258555276065264,-0.0022927623931462103,0.013662074014431303
0.049705228267226315,0.06392228856219519,-0.0414737129718628
-0.004955566447151047,-0.03671199282190492,-0.0025002375830126267
0.05765637109965328,-0.02852840561920613,-0.009353534585321698
-0.011168669763857567,-0.047959349203630916,0.07196631933866199
0.003365444179774319,0.0023843515448968185,-0.009552945330220382
0.01807538390424009,-0.00813250926822768,0.010964919684331324
0.028781442257643487,0.004549132626771644,0.045255520420332644
0.04961377504241472,-0.02393456139389396,0.049550836436041745
0.04082179654387548,0.031207682237760756,0.019073336610045486
0.02915665260853116,-0.08682842470295749,-0.0077653205264434436
-0.08255292136935506,0.02573132673820253,0.045875766950233175
0.0065957639127629895,0.05777962075471389,-0.09652438271671496
-0.015210744539374405,0.03439814504065394,-0.010154242398603817
-0.06106111043750296,0.013496614722157248,0.17107397960865603
-0.004878151003776858,0.08502033462732798,0.12460172095084189
-0.0772438459980157,0.04455226156664213,0.05234067677534719
0.1008521615198157,0.0014731920159989226,0.004239818636498974
-0.026652773751996237,0.10303199830367718,0.016645747022209754
0.010836113401516407,-0.014831032633759442,0.006526999129697378
0.04527184988732791,0.02265631987663755,0.00016464795412935232
0.06485042912679598,0.010659721085034693,-0.05366053195507295
0.055742705230752206,0.11271197497960779,0.07264700501593957
0.001888268117676218,0.04369450089716681,-0.05364201000862512
0.09474756746179619,0.053281991022711875,0.060564916122483
-0.02093780922539258,0.027112811538432712,0.041536691487990246
-0.10789535605728395,-0.01759214658723574,0.01570317404651774
0.005597860792840782,0.14242448541786462,-0.027674961152853797
0.038163300389531696,0.08264866127245321,0.055709482256950035
0.027237431775832786,0.026122641832233617,0.011455859469051982
-0.017646181149655094,0.002470981009577225,0.0062991170572226935
0.04415785101609247,0.08655663415330267,0.07822445568019573
-0.038193290708923223,0.015277375558669353,-0.03185993787326199
0.052219817849483915,0.03171325500570056,0.08134655337295975
0.025210422033727475,-0.05803890590611708,0.07470900206415126
0.011231022490181448,0.11238868129445684,-0.04703460109553641
0.030242676502886177,0.021877864491671735,0.03522106997519971
-0.039167643722979754,0.030339784151142433,-0.021424555757198857
-0.04176648544531458,0.031109373184079452,-0.009656825360306105
0.0006606865337466239,-0.028251810273967184,0.02309853013350113
0.0682657805323531,0.0658683868435751,-0.017688710089034002
-0.026996603888587246,0.018975213533634648,0.05686989175598493
-0.047697595259587756,0.003655578987909691,0.026245836073386427
-0.04877155002591688,0.10695517444387449,-0.04062139768026661
0.048472763394729786,0.07101716547705743,0.06103578405489711
0.05693028289156728,-0.05953972882418378,-0.017571965939012692
0.11361919344490815,-0.013493475767663406,0.0007984109709160726
0.007520921327596745,-0.006268600023319703,0.029065244636801997
0.09297784618840126,-0.015606819272340668,-0.037632722717434106
0.0016269429237656952,-0.029623088912477488,-0.04805642820583528
-0.004280411663451802,-0.0419025735161489,0.03554407636093877
0.0025136741768805385,0.04588745994830397,0.001866590892786773
0.119385568873184,-0.05394741013999854,-0.04012683434550361
-0.015409320932016503,-0.02972581151810895,0.0256701571439363
0.08436703184632222,0.044555512472881295,-0.09895709145834941
-0.023787743400064044,0.06973574097758875,0.039154888282737915
-0.048273676271069495,-0.03465927943730828,0.03384187690945069
0.032775715838263234,0.02432568204789591,0.02284393060550963
0.052563715831692455,-0.02349243545725084,0.01784333462460694
0.013023865287241022,-0.08455172098030742,0.0948625813244407
0.0018044392211367319,0.0435143022061831,0.01646599467063084
-0.04473164355751946,-0.03672806994201798,0.03599524636872542
-0.0044818960690205314,0.024882021498516677,0.056534394016834535
-0.009650842494675939,-0.004740646629009915,0.015339025121170807
0.018304041471785645,-0.02077669391453025,0.03832211123449812
0.03112225550070863,0.039363856170493476,0.07959302526610064
0.05786575144820252,0.01902742295904372,0.017357228959516167
0.047656463350426885,0.025114309230380827,-0.010661383120867098
0.03034049120778682,-0.05188490689976202,-0.03044904556173977
0.039389497849990115,-0.021362975930922422,-0.017604370808984297
0.08831246282844009,0.03962321292636137,0.08460979008921733
-0.017067409039815948,0.016469094989671473,-0.018526980660125758
0.04488508654436959,0.020918875332016088,-0.014376211255671772
0.012409179073735932,-0.06275002820168249,0.009601603995948584
0.03148220256917411,0.04321587501129821,-0.01655892130677958
0.09685400409148572,0.011927433622007497,0.012450504164092768
-0.009452916668983371,0.029622816745149036,-0.03127243200855594
-0.002066870056701314,-0.04494844686647321,0.036516432157174886
0.03165868686437009,-0.03305776589989907,0.15627077655631275
0.005840108222451958,0.06425883646306106,0.013583056362812962
0.05264376730977622,0.016320098314874198,-0.02557871568987788
0.011712674732726166,0.03377584644007409,0.08339826859896271
0.0722590716345061,0.028765832520463885,-0.05002362466173892
0.059698901022039924,-0.057022000371551834,0.005381625178695398
0.02407710897751902,0.08232252324457316,-0.05998085637230219
0.09807672754436235,0.035097598662743174,0.024155030494766878
0.045954534745439146,-0.09247687111097629,0.008108465583394939
0.04257366380781928,0.04690958305009818,-0.019221671640582694
0.017878219182689146,0.0826255414923876,0.057660503486563
-0.04209146719743953,0.018048904482003428,0.08444916615862619
0.02355771420362291,-0.036184779002100806,0.030577170213675623
-0.019669223419573365,0.05589855567028676,0.02499499406613355
0.06351530514429982,-0.004791275126678417,0.02823562561800342
0.08257934460923473,-0.034581411111106214,0.03351732332406238
0.0009262444655005492,0.009846438875441278,0.10453628559024704
-0.0938855995687756,0.02854722875142425,0.0947670024801022
0.0067266784491803264,-0.08012791595822494,0.09180926745785156
-0.04270274791880549,0.005268624360891028,0.005053952270443921
0.01914300495243549,-0.04734070640823014,0.024119813322104576
0.05016268969756289,-0.018066011498739595,0.051325186299215717
0.03322064312462224,0.05035379438187948,0.02253232396035322
0.0411262810980377,-0.030606919919474056,-0.0040379725838164664
0.039330133718621915,-0.01787341378929637,-0.09839448795765147
0.05697223725132053,-0.0026688188134444176,-0.04264508189388251
0.030247587358034796,0.013121387885679889,0.04376045772444743
-0.003611033487045336,-0.00026005199754820275,-0.053507434109162706
0.05756168232081399,0.023665982770616836,0.062151838989699004
-0.016026507015696564,-0.03148399589047679,0.021334685239326745
-0.037031540184991066,0.08913237882946733,0.0764892013734918
-0.019708316719549014,0.00571811334138644,0.11323502092686788
-0.013652373169467113,0.0018403064211761086,0.0037946496035222666
0.019310956515726386,-0.005124243002813023,-0.039105610864505355
0.06110515197263276,0.06295600604529007,0.009191149555159026
-0.029323495906500276,-0.008001871286478331,-0.03064429944400044
-0.039366605163953086,0.062254065010403994,0.035979240968978116
0.05160171254531871,0.0022210191608534294,-0.02122002386300773
0.027688933046059946,0.07977994110596705,0.019124168515224065
-0.02633776205410134,-0.036199987038842044,0.0009794501753719043
-0.06532081120837589,0.013547575302197846,-0.09727851203964276
-0.027382804323857618,-0.045531248654235676,0.029772557190981062
-0.06115331713744167,0.03848136255854226,-0.035873895762911286
-0.025907686568590896,0.06409493506959804,0.023483787379490417
-0.07965355287831459,-0.1006190927647762,0.011422327972757105
0.006087165808999897,-0.038180065608667026,0.09071775350582367
0.06280021353101953,-0.023932193567128404,-0.0184460334348468
-0.01620707118537467,0.03966534926314362,0.0012040938248512462
-0.06768003430760065,0.023242205907379347,0.0027497693350780087
-0.020742949676917605,-0.05654249331920601,0.06248670950462682
-0.08448606216364057,-0.018389378840567266,0.038610602435350236
0.006488493001025273,-0.05604570590090762,-0.047259841911108574
-0.03200149788649897,-0.01457769778261044,0.028953503720365058
0.02381179331580318,0.001905106059830344,-0.021505855336246583
-0.06531847664283773,-0.010890994063636783,-0.012013272995678339
-0.021009389990596997,0.04679179327618594,0.008746934392622372
-0.005128055431382762,0.04642784919006993,-0.06331922749324727
-0.07033375304138582,-0.013138831424664554,0.00461992289784335
-0.05247420327613165,0.006834381855207837,0.11919664033239603
0.025252775387083808,-0.005771297766582667,0.06169506681183388
0.03795679807108653,-0.04127204366652062,-0.08516527294674825
0.11018989207720273,0.05891019340456678,-0.014826858279743142
-0.01219284359093073,0.009010006832253717,0.014002172471366548
-0.0004042553252500149,0.008882283986942211,-0.048374407739594665
0.07903427197397427,0.04483471594116962,0.02451208622587269
0.06601778840285853,-0.03208999191815071,-0.007810146567780682
-0.028715971927631912,0.09324428002205935,-0.0170741974541738
0.04847773650850285,-0.04311691899554817,0.12725533239570455
-0.06831492488822666,0.056550475053452544,0.03999934056209129
0.07182759509885875,0.010603616422974782,0.0341510378879342
-0.005498221868579546,0.10467801911049222,0.019047518707038327
-0.01349793945819723,-0.04981621749756995,0.012051482248325942
-0.023486788550820467,0.0232448164358882,0.04979157613292036
0.005865009538614291,0.02890003475836567,0.04053685732547582
0.010655146415796408,0.06043610296216448,0.048169630605740685
-0.07254048146104276,-0.12898996375204444,-0.07991893925890037
-0.06064102512468739,-0.02673130662651954,0.007835707438094655
-0.0006985455839919521,-0.014149928405284513,-0.009590548616350959
-0.02816292205663832,0.049632573525252084,-0.04444428927629917
-0.0430970788470673,-0.00890016499319237,0.007363926703453651
0.0770142874318159,0.17944533422453868,0.02419229788975807
-0.007069398915417037,-0.054504975881381285,-0.002064764236710286
0.0005616617194599133,0.005747718184522235,0.08407951765215194
-0.0035519448112161017,0.04993786894277168,-0.029955094611738713
0.039143087346975344,0.029708567753849772,0.02706908219827156
0.1041480008546204,-0.04776212162609946,-0.03555866937937156
0.07223604069103083,-0.012316951077994862,0.026635963210813733
0.09601503594119698,-0.033493027979368206,0.031883397043490296
0.02518026647382975,-0.033298787739911434,0.055598845163919
-0.002347501015472214,-0.08965906182377707,0.017067572081408806
0.014666357784600369,0.040725975123343125,-0.07681244215714605
0.02035688992066831,-0.027509770666492926,-0.0071966040121464745
0.024667881371643212,0.11078431320519802,-0.03094170694568419
-0.06269870070067515,-0.06594885124021023,0.08770449016800069
0.004917375337080837,0.06486782393323226,-0.03556408208658558
-0.06833450723737858,0.04889184385293824,0.02701030654918196
-0.041566314479171945,-0.10090807957069656,0.03666244795163345
-0.07507953905660447,-0.04581919455601007,-0.05675997455741141
0.0275204334183466,0.04135201324841563,0.10571238326471193
-0.0984965547665195,0.009496202607925957,-0.010911488339068772
-0.02942642919850299,0.0032301360233153147,0.045046831915555946
-0.05583169124680638,-0.01210785419996211,-0.034997156907183344
0.019999004987756072,0.0654068106888598,0.020008463920384245
-0.040819851237140097,-0.04974384971181986,-0.03962320649385744
-0.12311795859929354,0.04591136615792428,-0.07147567668733813
-0.01743143830826176,-0.044569034518012404,-0.12493966054933962
-0.08662878996952567,-0.052857221979287584,-0.07792414298416134
0.14800361318510433,-0.016056381398680885,-0.0012088097132994732
0.06430950557781451,-0.037279009762217444,-0.019485496790546983
-0.09869605609700996,0.07497416716823521,-0.04983124883675735
-0.06248990574873502,-0.015733398098917984,0.017757444453559597
-0.06594900970458167,-0.1347473461455999,-0.05028183223445598
-0.048357766110854766,0.010756161436145694,-0.027177306151300602
-0.01585513699569329,-0.062115574482153435,-0.03775586811149226
-0.11312773622186796,-0.008780902235018529,0.01688478940172063
-0.02139550452577315,0.031727193538076015,0.06890587194566683
-0.05834698794312945,-0.014851373737876442,-0.004783278993118919
0.01271517414463565,0.04867481003654074,0.010257929558752224
-0.029932884202099275,-0.05890189207411109,0.04175950027386016
-0.14876357203058144,-0.02664287245493974,-0.1031306784151804
-0.015843810954203775,-0.00529835542953115,-0.05697070402618222
-0.044748895073198805,-0.06563902153118253,-0.04425909819524059
-0.06560999981257383,-0.00898635389015101,-0.009818405888956525
-0.04309283304970283,-0.007511707946612805,-0.04018902507665366
0.053678341942615185,0.013618993931382096,0.030033867192744725
-0.06239068071243106,-0.12198880958277436,-0.003961185063607032
-0.01341036176525474,-0.1065318131335222,0.021034775191038423
-0.004044956407266339,0.06180641661916271,-0.09894126942322333
-0.028056220784411334,-0.02058081113728299,-0.009251764966127753
0.026161760687379926,-0.03280713905508045,0.0525990956940775
-0.06502294926715771,-0.03855109119965481,-0.037426017853554205
0.06504971299204289,0.050714033182911525,0.06482217757891999
0.009054182460733484,-0.028601256823854247,0.006445961251080462
-0.012013043901245718,0.014230291466137752,0.020950400784035476
0.08779439521096376,0.028423475230659367,-0.019179627030611785
-0.11470898886245395,0.02524665748868323,0.029854471175426008
-0.17661651321345936,-0.013853287535929876,-0.08238983606340917
-0.06435122173312302,-0.07508873325386484,-0.0753629681070423
0.04487093461574676,-0.009990815689798064,-0.05224521080241247
0.04748821847002013,-0.03682216179887189,-0.02579829850171752
-0.019549921705238914,-0.03717313436337398,0.04964827701428212
-0.011886349346001964,-0.02826048796891084,-0.02592549473658027
-0.020709942423850422,-0.06734936295732011,0.037624784638043196
-0.05706532489713537,0.023604016765038722,0.008608982231129537
0.10884789294597631,-0.005051468984281517,0.039680742432735394
-0.002526179687724877,0.04476706983433553,0.007977683335494735
0.003908150027413373,-0.06339067790387681,0.006482348639312196
-0.02401437863767748,-0.04516090225874301,0.030648489291799495
0.02518714843765646,-0.03186614507333493,-0.03713310697454408
-0.04893979329456087,-0.060170591998667505,0.0012729637461009816
0.03163658643063513,-0.03707891517307901,0.07233592372663705
-0.10566059248019026,0.058524192287215074,-2.504359892219199e-05
-0.09403747558578807,-0.04624954404369433,-0.09295282336619129
0.0678033147290657,-0.03617990833241304,-0.05187524321268477
0.024483326224393656,0.026584868743688816,0.07214226117537689
-0.0833467859861178,-0.013867789621970304,-0.05057123198350716
-0.010464345255447744,0.029238317790776895,0.0531677304891992
-0.016891507299742172,0.0034252062935447546,-0.05848345284179374
-0.04576923800980745,-0.09395700851390387,0.07277047567117995
-0.06551481102657256,-0.09718490560582525,-0.0260307220303762
-0.058711029357434524,0.008835645447197532,-0.057521064899364205
-0.06056172218806564,0.007099367693872323,0.09056075700358737
0.013387596662751241,-0.039749545917759574,-0.01093179006481109
0.06506625220282394,-0.11592552017486313,-0.044319594471145814
-0.08970714205810823,-0.0702538475797335,-0.04501360416465977
0.012452908238076429,-0.06491261547821006,-0.06178226781895248
-0.10934417687209519,0.05468210951811067,-0.009095751363379772
0.02116823806168577,0.02658418561709205,-0.026858988668530773
0.014280546530444742,-0.1952934229678515,0.018552479402058786
-0.0228254109830373,0.033559096916467565,-0.012955917895991789
0.026223205241604226,-0.1023772411812425,0.025954008698017093
-0.047107997727194456,0.11036599753699934,0.048899952064659524
-0.0171875301995489,0.012626500539119501,-0.046954135248342535
0.010523398860627954,-0.025472804062102367,-0.008409716257318869
-0.05396341728754521,0.0052963226569797545,-0.028473347722385835
0.06164748436751579,0.04145158000194208,0.007312866620213097
-0.02748654911960552,0.009142933080794884,-0.06438571717123412
-0.03167536847485107,-0.002120529416037766,0.0484141111713709
-0.007276934150840903,0.013743924800843039,-0.053881464120810726
-0.004632596359854798,0.07714204418827811,-0.10788977429790099
-0.037390419458774526,-0.012684909092804321,-0.0386092456643067
-0.11057753905071972,-0.03427052545601203,-0.0007556582429836083
-0.07392735990733844,0.012335045518844182,0.09098772146087515
0.02726466897772823,-0.029918244294724956,0.08416278071219424
-0.00963991601129066,0.028817701581281874,-0.0751610420641381
-0.09209734256463536,-0.02058507820451458,0.06712248017775051
-0.05836357743068366,-0.01023408377724119,-0.015168726856935138
0.02876690171945449,-0.0529475503538204,0.03437595199289353
-0.025295675150774726,-0.1275955237675952,-0.03820624368654371
-0.04192255234617198,0.0285840727340687,-0.029011416249599967
0.0026390989458639283,0.06975741909579566,-0.0980742796514126
0.10189351155755556,0.06033588745700767,-0.006893386475381878
-0.0418646704413676,-0.027802831319267224,-0.03396504643992669
-0.029582553299632927,0.08081518918361932,-0.005558032834717282
-0.029032882500550236,-0.017899426882786718,-0.07355751934971891
0.021415828845992132,0.008323939549419977,0.06525617647318976
0.04661844325198638,0.054108962207412604,-0.07324863152819777
-0.07801758953973582,0.011873259522294968,-0.01586499850708764
-0.028859053329837424,0.024764503830333455,-0.08170371842403153
0.02802708286421518,0.04981232009932437,-0.04687300547695853
-0.01383502451377322,0.061201157484359454,0.04022755350052512
-0.05218017081375564,-0.02038615308544905,-0.031958107260962945
-0.009200791534861322,-0.026479067197249236,-0.043944097989662305
-0.02213541782433568,0.1015066488471133,-0.027366592451417225
-0.04787177297860132,-0.01581129557701914,0.08600386239014934
0.02392766615018467,0.021734778914855084,-0.072504409077709
-0.059061128403262775,-0.001385766984526783,0.009242615061816778
0.052385308088940576,-0.10290610484375493,-0.07868560395738272
0.002086414012126,-0.03870230344065809,0.05031476939363305
-0.04490806239300933,0.08035810230438482,-0.00757378857683327
-0.01721563722041769,-0.08501277001602107,-0.05745256154188781
-0.017329713201638883,0.10517038587017644,-0.09769895182174992
-0.027615206990156047,-0.11915900151349451,-0.09035778049648771
0.05904966933251071,0.007685194399373131,-0.056024578105277556
-0.12224486492090919,-0.072334496566803,0.02673662147871462
-0.06766721342996282,0.04766036630213959,-0.0734789404331978
0.04744944340789011,-0.005019521159008077,-0.04046426785388307
0.03798893697179996,0.03915808279194914,0.010422946248621126
-0.06238362663369047,-0.0013093736359486713,0.018196138386941327
0.00620826488331121,-0.01051036725104572,0.036817099696171876
0.01723984571414515,0.040923930336896425,-0.008764655575695824
-0.0071027998108657096,-0.007185410380318566,-0.006464233810909565
0.013658553990564983,-0.0014656861887830004,-0.020036659993037165
0.05845314010531569,-0.09255933323545174,0.018370119940125537
0.032805449786733755,0.02114576877362231,0.023225305416738312
-0.0297705539208108,0.0332897792654199,0.053616872922286715
-0.022098988757763192,0.0007542677028747231,0.020470598990266965
-0.03916076281120928,-0.06421931454805074,0.008249166393453897
0.04142345130975472,0.09836789019604147,-0.08747239345984688
0.008456071310795952,-0.08625613642736135,-0.036728620550974284
0.0716569172508146,0.022517580795872065,-0.11189702377845326
-0.044952687616047995,-0.12920426156717144,0.027522993365574885
0.028232363762782833,0.09683153711415068,0.016050129011499534
0.03265849974959436,-0.006405018999152668,0.08167715291401378
0.03180101616169417,-0.06446091565651486,0.016562861425653573
0.006065921213975071,-0.027964539761009044,-0.004052542385976724
0.03694438500913216,-0.00775718525585782,-0.06933853686813139
0.09779632099443736,0.029072127448350724,0.026192595494487454
0.04097435155641296,-0.01814904743384419,0.04376240378145024
0.04814379505940247,-0.04229587075887381,0.08506955913393413
0.03336406622812659,0.02409604079292562,0.08927933589034155
0.026592197542849524,0.019157913877559996,-0.059534890659679957
0.01079926254736021,-0.009622647924698913,-0.08612519335576067
-0.004360773759233735,0.008671175509340722,0.05130173879107965
-0.08347018497674281,0.019517562704014238,0.003241124681463446
-0.002094232094056873,0.06634526774660081,-0.008080558721133333
-0.08603736012692288,-0.011228364895805806,0.039836105910438124
-0.0043456114282949265,-0.08955763954284969,0.03190742737163932
0.027211513866396406,-0.04583889392326079,0.010472253165566455
0.038389733562495865,-0.03065505588831538,-0.009329028523276257
-0.005856598724075416,0.08789913638140202,0.022169401627276274
-0.00926726361374965,-0.03732741322845247,-0.03685728179163245
0.0648173120259865,-0.006871435142068717,-0.05949599327538569
-0.06187881242775013,-0.01645452939759135,0.024370756869323888
-0.00585152382184423,-0.003667537794527308,0.07399597334807784
0.03549641327991608,0.021026108206042355,-0.04117126640699551
0.0025427051899597547,0.031058285455025716,-0.030869818104193515
0.11696817477498747,-0.03146014987533969,-0.010413508431455725
-0.0022838945483236403,-0.0036014521555312764,0.0029904627612906544
-0.046486219957004304,-0.022049350072542308,0.005339695925857825
-0.003006538757956378,-0.052363657858701645,-0.030613191209225784
-0.01989071741191966,-0.04546838026277215,0.03207507524643348
0.02540454846494104,0.0016113330501247914,-0.005847175829550816
-0.05018336996178286,-0.020087785584159818,-0.022952550370732447
0.014958192494396456,-0.04804887922024179,0.017458554193754982
-0.056991648068221594,0.03290218576889281,0.004638655024615674
0.005384145384601552,0.12365465012252677,0.0014247675322660255
-0.05726982192712913,0.00587528430794678,-0.06295669002923608
-0.031120617120465564,0.0813019226555994,-0.027251800248089167
-0.15538485167562205,-0.04404971063924651,0.06391228813334403
-0.0779773362096267,-0.07456818293238479,0.03957059267998961
0.04095696713433766,0.05424538991436396,0.021074843956731912
0.016733717908042768,-0.1038582149397212,0.041645634238779955
0.021865973477545556,0.07850306530454583,0.004379286028136612
-0.0012699246831379771,-0.005846449140665592,-0.09374960987125898
-0.016405894103034998,0.017013726789851948,-0.002941978280076412
0.06144522998497778,0.046245581927538276,-0.0059394514351650465
-0.05682802617730945,0.09184207684855135,-0.014819750724898356
-0.003946908838103791,-0.00877453511606064,0.06358922927541354
-0.053407291990423086,0.018382376969505718,0.005424446641906046
0.00903695128697834,0.039703259523632926,-0.0497954884438913
-0.007045253944206969,-0.015740966115258763,0.02578167147374423
-0.037930446620939154,0.040014086756346094,0.05187750392986023
0.07930153740663118,-0.0024302412786154394,0.07721255246735488
0.03768204448396115,0.037567809836818726,0.09240135712948765
0.06399136064799024,-0.12606979818898578,-0.08996857076768633
0.020045173139290398,0.03582651070702441,-0.020234729950881956
0.0039163416728408154,0.057690784082802385,0.07308384920780758
0.09002281622533856,-0.01047190741076994,0.06273503010401109
-0.007116777674149645,0.0003738543391250248,0.02075849800566693
0.03878082752032842,0.05905787630193142,0.010857007448947676
0.03451572244592874,-0.002549524576967095,-0.001406542005563418
-0.020406554139695707,-0.018296612002567558,0.015129320098681148
0.11600447811983444,0.03435162395038573,-0.03038431232458645
-0.020278450235532937,0.05480976889080415,0.01266790740224131
-0.03753048680350321,0.06554252799899046,0.10447157965475985
-0.041681142388672536,0.09927327792877329,-0.0027934290056671144
-0.023433440747311053,0.07163331614357518,0.009911789221066423
0.040127806856850204,0.0009657988786418211,0.12925569241328472
-0.008866312533812962,0.03130977099071806,-0.030227299892317205
0.0608424186580523,-0.01649731232462279,0.018089233650841762
0.0046515425657910545,-0.010751836806762855,0.02781940704402494
0.06716822849214464,0.03845768960545281,-0.059728010519021546
0.027476782724938136,-0.033821283698953465,0.06768990228543592
-0.009922463535557329,-0.03480036188078701,-0.03759964710173712
0.06663666658136348,0.00023205767866740952,0.033034407405323506
-0.06069294063456296,0.008753767419832973,-0.033531121352669994
-0.03891502902591457,0.02588312743322432,0.03828865683403412
0.09388261662990194,0.052087510345286844,-0.003486550059348668
0.03173617424705906,-0.059711597069584094,0.009762034614881746
0.09603329803863747,0.0033591131648556833,0.031409873967887476
-0.046181430476687955,0.06916840711363552,0.0638969806760458
0.06460711928177978,-0.09985181730677029,-0.008945934993234289
-0.03864631290719017,0.05310905618750583,0.028203235424908484
-0.011036690919064968,0.12718759285893136,0.011203313167666783
0.03610760727236889,-0.008250251001947873,0.026985977113122006
0.09551767009905825,0.02373366594094007,-0.0015929049265861542
0.03513622131833395,-0.016027971711744752,0.0017754197763943848
-0.026812905252046864,0.0154792378224946,0.02770049212030076
0.09491986969453588,0.06197091563032858,0.03538574204890146
0.08265771744294789,-0.091744823457493,0.0016204201792365189
-0.033946694119616004,0.007826034113934876,0.08209819080759415
0.04315351108552091,-0.016220614587101084,-0.030398185838527797
-0.010077762887531629,-0.04361258630169068,-0.024057711360976335
0.0057694293134412655,0.10689947198907368,0.06583904187053392
0.07000336187086789,-0.08963160904595208,0.029098958677442777
0.11156318418083983,0.09145779021860236,-0.014290705223952645
-0.029744838649497167,0.0617958109770413,0.07896669676651277
0.060755126807150964,0.010285321919962728,0.05231494522846655
0.054746678296224094,0.007536497619547179,-0.09859366041145708
-0.05431571437762253,0.0517456952084954,-0.02987974712883778
0.09483802975479129,0.065037126722388,0.003353203380292012
0.0184830180909725,-0.016158660867418725,0.023953730293239498
-0.01683002116834753,0.02382898822765804,-0.0716323302529718
-0.04183539898249726,0.11496626278632023,0.08619947258537339
-0.018087779662267763,-0.03680901546460173,-0.025956665124641117
0.09422639877043663,0.04437585297159216,0.012771993963741513
-0.0113241791010701,-0.039687864919113296,0.011777902061742392
-0.004009616878793851,-0.03764809642744032,-0.01563337635713364
0.02782004897004881,0.0660682294178648,0.060222342846978125
0.04812829064919399,0.027387872391046127,0.02400781420979294
0.06320095903526043,0.07813434255802092,0.029877990419383327
0.1803000636833109,0.06770316321558616,-0.05533818593894212
0.0689052926660215,0.06327427901135034,0.04336455692152044
0.016496103000256224,0.03641355453950398,0.06306245177324131
0.030720290662912805,0.060270032167060755,-0.051292916337486186
0.10864853486564047,-0.019592149615206125,-0.017295686346274944
0.1178962020947521,-0.004837658239835486,0.05237827405598998
-0.035674152139345904,-0.02724262289244573,0.10329415279984658
0.07268752089668076,0.053983572433517424,-0.05247476796858542
0.0458597168449031,0.04925432587571397,0.012928955093958916
-0.016695185235613696,0.06353327864881209,0.03948858658411082
0.11212819435636286,-0.03711196907325452,0.05914601126493019
0.03681596997422879,0.08110073624343922,0.04886347366998374
0.05526646562877365,0.06591075413938977,0.02670334413615731
-0.059325036223118285,0.055591968418818555,-0.007931805952970928
0.09150428459823137,0.000603124746777154,0.12470865318546925
0.03164353691804331,0.01655582711229703,-0.0162075675678264
-0.06290253002334803,-0.027171224946240847,-0.05278934872831584
0.13780609151509818,0.005924488305558738,0.029901274458339837
-0.012811790576930372,0.022142455794647797,-0.010817423743210482
0.06893166922240493,0.08683222997430817,0.08436582047938937
0.04927196219227105,0.04433790453147951,0.007339726010603306
-0.007090412585662877,0.05404861239711143,-0.014373599540425865
-0.043440082415227774,0.05429945895616074,0.0017130245691927143
0.039082925673583735,0.03861076422286601,0.08703279741392231
0.03582773396898804,-0.006615511786176351,0.05896081084955026
-0.04882765162622748,0.001708060039240851,-0.03802389474293376
0.10202675354147857,0.04529369869887559,-0.008474840001848647
0.010591277739830632,-0.05491744419896803,-0.029519019956829696
0.027428583066987644,0.047112597118947816,0.02475439663949984
0.0012669525780575688,0.07672335296689235,0.038066473416107624
-0.04132042481239697,-0.03695054227913743,0.11521708755003651
0.0510943887767093,0.034320423758322866,0.027531190554310886
-0.012683122662406156,0.0430148865513202,0.0570863029452141
0.08592889463270884,0.10162943335956803,0.017673580822599778
-0.04268526712810741,0.05074002278191288,0.08228208666776869
0.04589368241151816,0.04124778096154,-0.013535522068093882
0.06642984794668956,0.05159844679038372,0.06584227605640333
-0.012272055276057108,0.1090971620452083,0.11358405594032608
0.0458048042692263,0.030340133813048925,-0.05025756298317299
-0.015049788345058622,0.07419785805351195,0.09325313022610743
0.050648404569819075,-0.09510781367157362,-0.03577119957364918
0.0804972602272665,-0.0194591310238189,-0.06807145628856325
0.10083742606899618,-0.04116623335666731,-0.02543020220306052
0.07513749888260629,0.0010415044344644978,0.015048322168504866
0.018438135765513775,-0.027654350148066886,0.05138019037738123
-0.024113135549156593,0.031337596587740255,0.016707468897763537
-0.07306650971011804,-0.005645280770931266,-0.0004859827902466106
0.032674931784292705,0.02529741780607392,0.008902623438719295
-0.03821176421770568,0.011366603853477507,0.006535039436955135
0.030982368529424358,-0.03339774957631077,-0.00499738402050506
0.017271745628302772,-0.042404519214957984,-0.04039336547775316
0.07785729437607854,-0.006953623476873748,0.04554327852791284
0.0974778613257053,0.064063909888319,-0.032009982002327894
-0.07859025153321786,0.0011657426962248356,-0.02019297240587062
0.034968777809649604,0.014156991104662944,0.0076553999229997585
0.06150285692031089,0.025571207807392138,-0.005314257846998009
0.014256597954126014,0.059034556424066076,-0.0039640177258058115
0.05468848985137316,0.015776375431258198,-0.052888512258399245
0.005464228755108326,-0.027528452313155892,-0.160187964468839
0.043270258055740925,0.0016386147560724911,0.0540211513102731
-0.004723643296810236,0.0030826482737413684,0.09236275970741811
0.023042309975185575,0.05425260321191251,-0.03313591339342157
0.10057397513217686,0.04809870901447528,0.02359350256506676
0.06413760267710295,0.05126638658099803,-0.03740075419459383
0.04875754150150375,-0.017596719174443207,0.05882272582040921
0.00799839585301395,0.027316252132877764,-0.03808279401407586
-0.03477683027672589,0.01623586649039105,-0.00033048293001274043
0.04917414256298453,-0.003911900515354968,0.01877845545663885
-0.04185008161492534,-0.055840033800693585,0.009947692696771659
-0.021430111568295128,-0.005851933811754334,0.03540833828690003
0.11636421191676602,-0.02157730656128509,0.0505200650832877
-0.0832311846071118,0.02055867141714493,0.06195196335824217
0.06855725514582608,0.11131423520431447,-0.05502641360147917
0.05964622509379579,-0.006777686740012501,0.10303447329575964
-0.001482292105479021,-0.08460274880541313,0.07298263387720141
-0.016373249773972746,0.017823884515018346,0.03102543137346069
0.0067684060948277084,0.03528361308266284,0.08036736231318448
0.021148241179587857,0.04231818461361932,0.04800862185015761
-0.006755223947369377,-0.03031333815852562,0.06372731366193005
0.05602273620590778,-0.01910113792017093,-0.05731317842269648
-0.04408900003083916,0.05404760259650173,0.0385959096391301
-0.045604570839199644,-0.003896407376955926,0.009256568946222999
0.007587133124004432,0.023271072317293657,0.07113484318681598
-0.07499913692557766,-0.028239406958361073,0.06849790916144759
-0.06502139071525191,0.024904024416380507,0.03307603839554888
0.0648864622308123,-0.013353366451440644,-0.022990553127133353
0.09117216547655708,-0.03152329488977014,-0.01611075743041556
-0.008791073357645222,0.12970165270554937,0.0034880596278665807
-0.014162944900032892,0.03313463566591853,-0.001606669035371609
-0.03055368945800112,0.007881495333451857,0.03379614742423487
0.017293334113215493,0.09005123402163814,0.03343099529967568
0.009744776337717788,-0.11569114183725292,0.04253504542446499
-0.05128262871310146,0.03699641161940452,-0.04093610028476623
0.07904000990672391,-0.017612312279321796,-0.006165083754026877
0.12355074565899431,0.016930351305472276,-0.05673244935891277
-0.08167051189459604,-0.017098877907484974,-0.02215006549143362
-0.022150583447135625,-0.028314081771176405,-0.11470470997947144
0.003070139318574945,-0.030103559534500824,-0.042505315541097016
-0.013328902452918925,-0.043712017012077824,-0.052470442705906284
-0.007962331470321875,-0.0753306468980554,-0.02833492914285013
-0.02145680769582426,-0.05883066738981035,0.03178079379621802
0.0637539013608654,-0.02392455959518661,0.04516303773608875
-0.0370756998380925,-0.001865301035018968,-0.03467312458977997
-0.0037527577618773934,-0.018886651511285203,-0.056059956411615604
-0.04366431210060514,-0.06662915796904754,0.04457521682175426
-0.022172303923156778,-0.05036577113088557,-0.014674539426302008
0.09130861916596378,0.01641024115975244,0.0012394669952870488
-0.011289293155334857,-0.06304587584480885,-0.0003595256375955489
-0.07424181201021128,-0.014194346476422395,-0.02733314729026368
0.008134307568001035,0.03777833740546651,0.006314701662664502
-0.05681135461116958,0.08097216454422135,0.12181108579905411
-0.007695407773969292,0.01752215905102527,-0.027059170863193514
-0.07770370771885586,0.0457685674234597,0.05176339206162171
-0.01731976447607558,0.021510539137718283,-0.027301266310590305
0.04876394651059969,-0.010060695188896825,0.017481702495507095
-0.015362967501180195,-0.05250448428598826,-0.015312443223406264
-0.10337339899724411,0.00418247884306501,-0.04601623181596243
0.027230494023420343,0.013976278872043037,-0.0022008663825313665
-0.06094438699747625,0.06417576385951694,0.011600110788897541
0.039970451885629046,0.032677344806722686,0.013493106992953882
0.05832644755529795,0.061084604560438745,-0.05894237798846042
-0.041039984868577226,0.026349083706051966,-0.015803391055244833
0.009861607196453502,0.025847584303489615,-0.09327981277610117
-0.030424380429099705,-0.041386173694381044,-0.0023047255963613874
0.06328770830468433,0.056445538339723475,-0.03329223996943251
-0.011417948442737923,-0.059690913347206685,-0.08794917305073248
0.05048104352422794,-0.029887548508543575,0.037587487613711744
-0.022855310842568765,-0.04279925258390477,-0.020383243123545204
0.014362453109629508,0.024284630641050013,0.05784276603548065
-0.04398863178196858,-0.0848511391983935,0.013662539708670648
0.03003325459064271,-0.02001809433287617,0.011736979131321308
0.042153347499870944,-0.030338717939718842,-0.03767039740191196
-0.0550190942642473,-0.0713253086743858,0.07259916872092029
-0.10421952122921756,-0.02216161039875834,0.034010705648978054
-0.018272867684687482,0.07613573144893174,-0.05496300749489175
0.07364071088647771,-0.03676635487815296,-0.04554713361698018
0.027012155801021245,-0.06649132009965927,0.03089063221562712
-0.16409895042273,-0.024133621654964348,0.024783756592845898
-0.11020770075428098,-0.007106408919322449,-0.05761226046700804
-0.08055950186963015,0.038754501263742004,-0.08667618711317507
0.08521721607999487,0.04574818893727202,0.004421049274654415
0.09932797056426564,-0.0032865370020956283,0.05814825698360708
0.013229178452958342,0.028015223657182762,-0.012074508788500155
-0.05036888179051083,-0.03598492453602356,-0.03795251101825095
-0.029757382694179758,0.024806384718134664,0.027519542495227797
-0.10950298901449668,0.05454937091436293,0.030909894589566986
0.0047192665583982284,-0.04444092699625565,0.0371053030079077
-0.05201616269668764,0.02126174910514408,-0.02725349887482313
-0.05285078631781925,0.03323546176924121,0.009513825719459046
-0.0289664574912875,-0.0546640840540677,0.0278903735075225
-0.09280401087589295,-0.020596849758006693,-0.004982985763454333
0.006102131147967437,-0.02646037639763589,0.008629403839608231
-0.057479734172411645,-0.1053883785968371,-0.030951652024476438
-0.07130824554827438,-0.06803341792010022,-0.046403530819711034
0.014720736692706746,-0.005237613376054082,0.005926004131995786
0.05159937870957822,-0.05884108566535279,0.059809635847371895
0.0555054481494633,0.014203442396029269,-0.046279598553180486
-0.05586763823826535,-0.05637002806640676,0.04537119871349851
-0.12021978234739822,-0.031722310740729884,-0.023923623397711535
0.032372939868876675,0.02437770323855141,-0.004680911559849229
0.023248355312793602,0.037881296065325414,-0.04881686773993714
0.06410266281498116,0.022400108276618903,-0.06224024427887071
-0.015922398922694755,0.01998049016679623,-0.0025160705425482897
-0.08295777597068892,-0.007395828664911416,0.08122630658039975
-0.03486166097626912,-0.010996885492007823,0.03463565785245371
-0.01314176353978063,-0.010617742166496191,-0.0529497710515192
-0.005244261199490103,0.019002726364425945,-0.07882653945753926
-0.07596759352440034,0.027847543438282593,-0.04280115212292646
0.008369422807267199,0.015157639694291652,-0.05701965594196497
-0.01670880302336605,0.06709085394289464,0.01771640299807629
-0.10309732229637593,-0.1113758108271707,-0.10432225667556463
-0.07480490611135611,-0.03378779741542157,0.07374101218159385
0.001984060136140414,0.011602453480446532,0.009542156987337538
-0.015864182809097856,-0.10159012282320863,-0.04762665239452232
-0.05605913195886046,-0.09302391500863758,-0.003680148336141404
-0.015467119083237849,-0.007462573119895927,-0.04619726348780942
-0.06953182363459212,0.036132374141067,-0.08368070800246749
-0.09523579193230616,-0.04593301013547142,-0.03716844374124184
-0.09150697154869827,0.004533608949903834,-0.04832012184338674
-0.03343166584956097,-0.025660246212673536,-0.04151825543872435
-0.0724290514512555,-0.09440423103218284,0.0012181846376501555
-0.0031663563907819037,-0.027547027345163684,0.003784396913166621
-0.013833817734727904,-0.05556706606119653,-0.05096135800795327
0.015682709220028963,0.00019725748027058995,0.026500768039863648
0.0007923116798491461,0.013457447041202355,-0.033666887808039794
-0.05834649369233303,0.04764878720427935,0.0406296645480454
-0.012032444103408695,-0.020594929214210696,-0.00796122297795077
-0.055985680651366936,0.08249677440159936,-0.017673326764758874
0.020786093290056436,-0.04619429929654208,0.021583823038184603
-0.07590463168601459,-0.08223172896063992,-0.006077081183504978
0.015647663964058957,-0.02622416672763942,0.016829275663795405
-0.015350439073238657,-0.02457478836385084,-0.03846455834558344
-0.07637818767104507,-0.13340305633707975,-0.03987156003088929
0.028279308537170804,0.06143599041801932,0.012083667100670843
-0.04638650514079824,-0.06051618758828575,-0.005566897356211079
-0.050639562360324034,-0.0639205601648328,0.04681119154813251
0.0023866684485621334,-0.007402919154284159,-0.07646628816807027
0.00710871652680661,0.0025524333265875207,0.0143650281480712
-0.0077382495909771205,0.023194776066740547,-0.007830543351803068
0.07420044906988027,0.05371185841270995,-0.11716835913386198
-0.07509528495411912,-0.02864344756091674,-0.03478013422160194
-0.049159959805641765,0.026233147775814872,-0.12201741587562717
-0.05356477213464164,-0.15691725505726203,-0.05359350160668179
-0.017356255569250797,-0.06132702330341269,-0.012760593488546093
-0.01830400146468657,-0.045625369207890086,0.053090900679043436
0.08098722252677101,-0.07845542602947389,-0.07803364882948507
0.062169760091601994,-0.059730799836900626,-0.028207997877575774
-0.027348609609883626,6.36954276283519e-05,-0.10119031148536198
-0.05040717903296531,-0.07762581051635925,-0.009061651932086108
-0.04284573639577202,-0.009244162581924429,-0.04090293705589686
-0.020556710891669293,-0.0720733301913456,-0.05693247774118322
-0.04706224348419054,0.010655602426437039,-0.01242811324202419
0.019769575034489485,0.007704412361500809,0.13700317540122053
0.0605737645525949,0.03567488993664135,0.03522358062311916
-0.04432271538667721,-0.02918331466453674,0.02033376708663915
-0.0026309843488159963,-0.024510149072482293,-0.016970764162334267
-0.012450935308798764,0.07574143883889915,-0.045854089877366944
-0.019483953558227886,0.03513544016518562,0.02386340521329176
0.004954168829226981,0.006925223793851364,-0.007214691971077231
0.024616547320511127,-0.00947699648152716,-0.09239733821848042
-0.09779154438510558,-0.011042889991558684,-0.07718740102021125
0.00886107761958024,-0.09277762907964801,-0.0115299935420197
-0.08724766305576902,-0.08469966837697225,-0.0729884257256223
0.015192751135717407,-0.035056774193073695,0.05940778711276534
-0.009524760709163043,0.01915829838867155,-0.07258064731729065
0.04799587404674103,0.04981164748700851,-0.07161183404338417
0.06053195208690299,0.03089853551793418,0.0010761058164105476
-0.04119879560493632,-0.07299950302665961,-0.028682754523173863
0.05922351994553131,0.033030809179914716,-0.08040989022788961
0.03940297311269585,-0.06414145048602687,0.00117412664463451
-0.06735036720440422,-0.07923096724879639,0.02006242717840443
0.06043164830358366,-0.006587147632814793,0.062269166911933974
-0.03847263606698979,-0.028434296630056262,-0.03073856164497399
0.06632377253744061,-0.020161548627314414,0.021766951189824652
-0.014130684566012186,-0.06402225074486301,-0.024537810357015546
0.03843274099251347,-0.09117701071222012,-0.0925792904886878
0.03351747774678439,-0.038873978190922295,0.009587037548955402
-0.05144945248284516,-0.17744259210982918,0.0363671584536431
0.04814533272778965,-0.0756506255865195,0.018560962211898936
0.007378929791173841,0.01348113963696388,-0.0018580026878662233
-0.04024896752710334,-0.010176207501775208,0.07781379702238485
-0.007232686967161577,-0.05781038400944029,0.05057444568460115
-0.041370591372283876,-0.027463276055186416,-0.0024361382778631292
-0.05039901166272245,0.04296294754735781,-0.04613193577785154
-0.08445807175883353,-0.050573909836028316,-0.03647729181553052
-0.08878644943957656,-0.044553225347007515,-0.04131069690827947
-0.0029899254574189335,-0.039540338240008244,-0.04461236056299916
-0.03540212661814173,-0.0796419916076254,-0.0592058361077028
0.006820348188110996,-0.01771094016492952,-0.029059443754678033
0.01944465990624586,-0.05308657482836326,0.027973344418919535
0.0621161387814412,-0.07325581491735353,-0.03860142680405992
-0.0340788928888177,-0.07058379120525461,-0.0506173141082851
-0.01810926088880471,-0.02557774636477931,0.0390347884721026
0.04484023840465527,0.031282355494446426,0.05370761584230904
0.0034415440388252116,0.053120554697655614,-0.040150309921976435
-0.021446701779422584,-0.0862566724985013,-0.05501387245508298
-0.03007848384200914,0.0071760663870129825,-0.006048677168274407
0.03266576070549018,-0.018379760326836574,0.03503264410609315
-0.06114112963796157,-0.0077662898912179085,-0.014796257637670751
-0.05960728680043888,0.020904001358068077,-0.022496282097596212
-0.0029246013461830603,0.11453245553355626,-0.05234699228057907
0.016366061702237478,0.004636782857750519,0.012402633024554847
-0.04551085978107059,-0.02325555088066858,-0.07381208866978141
-0.119747357229233,-0.031400606370305215,-0.050068966246280835
-0.02161570158566494,-0.042542400049416895,0.07493952838074719
0.04065966892136674,0.0325947305294632,0.019887650695778827
-0.08594345198166015,-0.041363562567248637,-0.005385275684859253
-0.09617684163359885,0.01992802446965372,-0.1030130012960615
0.035328065777030654,-0.005598842322502886,-0.03307442608837339
0.06671385659066653,-0.06694979623762937,0.020605898920877795
-0.009212011384610972,-0.04497222883452794,-0.1054356585197549
0.056294111076400116,0.07953404971190764,0.04441628125860786
-0.0573550056890649,-0.010845499502774848,-0.0973956709478328
-0.03590575601547037,0.006184918216958409,0.019647534214674238
-0.10385496653098045,-0.012397265908369632,0.03291142501503582
0.07119029947545902,-0.06528974396098235,-0.04203949420028658
-0.0698568139202503,0.02067917680293334,0.008258873517999978
0.040558750905123196,-0.014426620406525873,-0.0866832703143448
-0.015149706917512662,-0.052300766528752554,-0.005212562857627322
-0.05640800364876534,0.047416696216481265,0.0026895503948625634
0.059384353679438534,0.02203007230394857,0.014052523920942344
-0.033189058872559435,0.002665743822184541,-0.00982157848769661
-0.0456551048422104,-0.03296096624483875,-0.012328040563154617
-0.019890227512592614,0.04419571270170933,0.004239357755824801
-0.046809746539212396,-0.07280922141377835,-0.06083740094605702
-0.035956687309500135,0.02300803097456531,-0.015030652488183175
-0.04296754243525393,0.004455879241438004,-0.08140073196859401
-0.0316459964332553,0.05790076619999917,-0.09064163572323987
-0.03785384039851716,0.021664642563946932,-0.05014796099432567
-0.03167672057263073,0.023778657702220367,-0.10430229559978038
-0.00781827572102497,0.03981611655499352,0.03957740004440809
0.02572394416293262,0.01652247783209428,-0.040334175578783354
-0.016427198082204983,-0.043529066825413076,0.02638398719434057
0.00987271698691434,-0.005577273638671051,-0.022825628423249762
-0.06672624734953095,0.006133621192578469,0.11945745198269538
0.04211387081389942,-0.01832431329976984,-0.06475960198050112
-0.018308561201201532,0.0175236719205514,0.0024755294418067793
0.051407421990331194,0.10955624979561122,0.0022066200909256345
0.013778933840509478,0.02380313651191623,0.055709213278682716
0.0031420179293913846,0.07244711470943438,-0.050012206521223075
0.03852976407009802,-0.16129546793957766,-0.056327311722799915
0.01238984667558629,-0.027958210740678918,-0.008685413125300733
-0.0012650575707758784,-0.006067283836038995,0.058914722278535274
0.07186101177118977,0.020351086651562458,-0.015352055020158625
-0.04793041158293312,-0.057200509588133615,-0.007038851762840203
-0.04886866593907443,-0.042207701737969124,0.011869132752961954
0.08780525181063344,-0.036010750757763874,-0.11217613952511754
-0.006723079446407672,0.0514555722731845,0.03166913505203956
0.06924327958425763,0.04550624292669409,-0.09076669256357325
0.05755997773439665,0.03468434671521726,0.04326154382418214
0.05189200977373385,0.00462845369729768,0.005179292646530282
-0.03269080348731924,-0.028235990510656037,-0.055855627835999934
-0.09866853239304339,0.04183429728552898,0.016360371155306686
0.026476670911299547,0.0002987311158634221,0.017003572136662506
0.013344963750133066,0.034986956879565066,-0.036179212147427205
-0.015569536499591094,-0.06662246269858142,0.08045211428157398
0.11947139814654331,-0.026788984908779928,0.10523792043795965
-0.025617529329597738,-0.0019461006947762282,-0.054372679981828646
-0.03303081418632411,0.03534649926464083,0.024409287568096787
0.02020718758892927,0.04897781491302951,-0.02817447252597412
0.012124626523829509,0.040769655555400235,0.006257053335123466
0.04636294125043822,0.05468241307964605,-0.12016518422859991
0.006302965625199571,-0.025604446932252944,-0.002789549455292711
0.08606679770114978,4.867217323469529e-06,-0.046296839948997845
-0.05065050021004781,-0.05495186261965832,0.0019542938351550807
-0.09979743806314689,0.012205827264207913,0.004912350121693406
-0.0330889006645442,-0.03349964931345889,-0.13390305693784424
-0.0122809133262198,0.016079764240099517,0.06992462813313916
-0.03903175976358115,0.04315710736345165,0.11019746342579129
0.06550288342675953,-0.06461734687672832,0.02151688759993299
-0.0201738656775621,-0.021305083900055564,-0.048232842706716655
-0.001071245610710145,0.0157019702203812,-0.0721943297832754
0.01516442793565091,-0.06378394889694718,-0.026574103794717915
0.011010654757677867,0.0662029728093202,-0.039327048932930035
0.041342619049277086,-0.05548945026056469,-0.019862513918419422
-0.06851506254172748,-0.035973852162519145,0.009753861579002194
-0.004251936274276952,-0.026137363372979245,-0.11053077129945779
-0.08177989307246619,0.008784731067745641,-0.058069626338408634
-0.10284259047578896,-0.0670541681695117,0.0708807012473799
0.09700866020256196,-0.010643731025215476,-0.012068362097504549
0.04634596833331951,0.03897351876594924,-0.05539401062365899
-0.09164870981882513,-0.05434169627915589,0.011220738888646203
0.011042489015611548,-0.02985212209547615,-0.023271898223297276
-0.000205261873355728,-0.032636520466680086,-0.0003744653035947145
-0.003870921766845725,0.09458293287410639,0.06325281497616533
0.03226731153321317,0.02941333195518223,0.06800473368942299
0.07015830489203907,0.02126403409641814,0.024098155223712146
0.0103283308003284,0.008815433962576174,0.014139314135248457
0.008892355759477714,0.057289629945385445,0.037302301337264684
0.0218940465930628,0.0034897556287286835,-0.004945303411366652
0.027350514534161652,-0.027154576828823627,-0.03025533959913323
-0.05277243577896304,0.038065438267576523,-0.006387240719184218
0.02895143782148162,0.0720737999545748,-0.010605026281437634
0.10881374531421446,0.005623290149623022,-0.0033990572610563385
0.008987233250149234,0.07949876231528404,-0.02338705279242081
0.10613330560097181,-0.05595474666775559,0.031524495130259275
-0.03419555725015651,0.07793600744729592,-0.015879229009106474
0.04704919605377332,0.06791850821347853,0.04943916834219991
0.08674866436222392,0.001582090843130218,0.027421904028935237
-0.052244664784686666,0.03728245085668251,0.02465007079229529
-0.04533858167264442,0.08021943526739227,-0.03370818773343958
0.0637536888316746,-0.10666942007973965,0.040940167869334056
0.06436661382935474,0.05716959153403894,0.01944246805959296
0.06875261320842022,0.012788237991996538,0.044241679993975463
0.03561572845084651,-0.001598055888793335,0.07111253695733194
0.07319513093599281,-0.017896892434185713,-0.045492901987619565
0.03362959541005499,-0.07296849804603911,0.14560792458025792
-0.007576142319518369,0.051438490278856976,-0.03127595633920502
-0.02171900647134468,0.011087514528539802,0.061125739418896693
0.016516080514037062,0.045795517658664055,-0.04487206578432926
-0.00240375946914634,-0.018748926688585403,0.042567021548818675
0.058369802564604625,0.020878211552323417,0.16767839896964767
0.001516398814342441,0.10869622334714316,0.03708409402154382
0.0035439956192942577,0.04765281831626961,0.024320572354433335
-0.001024467985280636,0.07587767667235985,0.051552449795217586
0.033376327690984,0.10214260776432155,0.01396533113905725
-0.0005532925308333915,0.05493788002378083,0.06214767918455197
0.02360818227470998,0.023974837584462498,0.01414962793531797
0.02467768712220951,0.013318813189436788,0.016597056061627185
0.03530052772429707,0.025124468498968645,0.01140103545099089
0.08057812798096674,0.07023440218512891,0.10559829278030361
0.044947038879327994,0.04930979073997396,0.041758931290559104
0.05608862857972213,0.07729952623852651,0.05285059093361273
0.028456842488316928,0.059275719506152666,0.02215129986257421
0.003962365922080767,-0.010328319708196781,-0.04849806749411449
0.07383741469875599,-0.06069616954563524,-0.11479371488950406
0.009343728869494984,0.038545813663347056,0.05013999091608754
0.08576454313730722,0.017424596077280308,0.03601387347947686
0.07583482005990769,0.014735841066193911,0.09816235848557558
-0.013541611895294826,-0.05970296179362693,0.06181791553876239
0.03328357223068603,-0.013236748401526038,-0.010513105090438759
0.055244737253182574,0.12337623368816042,-0.03414972443207223
0.02675049263017509,-0.0520646294239884,-0.019042037593835742
0.04897534803204023,0.021805902650840345,0.007772006496966053
0.05881929146413277,-0.012851137154913886,0.07932870815719983
0.03893717964468954,0.00812071720794636,0.01869758118139941
0.023905719542984358,0.014046825877512464,-0.06109813787601748
0.02793632254155945,-0.0027183050984693514,0.03214315922740929
0.051389251159794994,0.006243078218314239,-0.0034224103930417735
-0.03899467689408562,0.10343077966960562,-0.04325077420675835
-0.0083004651316178,0.09134530253922778,0.0231166849590622
-0.06833562106977338,-0.01341270626163667,0.099235788688426
-0.04120592163265242,0.00828957929222622,0.014560957380056248
-0.008037946009605262,0.05518014555760698,0.09864961695491706
0.010562668423399665,-0.04461778387389995,0.03352471422937375
0.011728372590621703,0.03876207664245851,-0.051853061366652374
-0.03886914989825583,0.015332402176949148,0.01384230685574871
-0.07001718592521837,-0.019186159283082708,0.01049043801121543
0.0855587887105943,0.009413068015872219,-0.09516296809603479
0.12869637009600404,0.07728706990551736,0.011261439592652817
-0.11140080793388264,-0.07027871371334446,-0.019663402899758865
0.03278675248221857,0.05287211083179898,0.04272910313940369
0.002835648207106436,0.028714922165638306,0.024708118653727094
0.04252484502482322,-0.05626244538209009,-0.012001209786370651
-0.051633437457056626,0.04001968370781211,0.015727011996676393
-0.015370609801438239,0.044885044861086104,0.0011885244014355825
-0.06525505113559826,-0.055974351340983025,0.06608032545598522
0.002521757075305265,0.10905839435868832,-0.00011148032252178419
0.10298849336814893,-0.027103262496377425,0.02570651606414137
0.03512480953898778,-0.017691829726120857,0.026443222004398186
0.008430041265820226,0.05383860398644366,-0.05955267631185658
0.04539450729963353,-0.010809773134528099,0.03129957174935876
-0.06768039623245208,0.1253065534816317,-0.06493732926816263
0.06039106522469687,0.1119843146833073,0.061881811175384216
0.028714462026242664,0.012387609452668109,0.03932302912878238
0.05301246365098049,0.03843334993598084,-0.06053075004314216
-0.13623317925505002,-0.020375932238662138,0.06950884605923968
-0.019126752850403793,0.025949445030043115,0.00396024652120195
0.07011999361745902,-0.04069406389865144,0.04119089318717283
-0.010810959864454593,0.058726250812621575,0.05837788347415597
-0.02459355535096915,0.1041554145694104,0.0772633679341854
0.06456798827681605,-0.028534961253357357,-0.02024517280615781
0.06399493793932282,-0.0280225924645746,0.0006079116270907015
-0.04176189901476661,0.005217447555256986,0.0581518365840233
-0.08307591089325386,0.04047061498689609,-0.05429316039287038
0.06389278565105594,0.0738399840177934,-0.03718961061195
0.007853808164932023,-0.05164116860471462,-0.05725288414144595
0.00865371589605669,0.022870090310825607,0.050849220615458504
0.05932018149818703,0.036301372637160725,0.024303984529317896
-0.004535242513637669,0.02198208722705259,0.09683708539813034
0.016884664271906207,0.005546899193265287,0.10225789768603961
0.03083685981701733,-0.12484413494358673,0.05337574961949372
0.05854564053350836,-0.0027782001675170816,-0.058783897255405476
-0.008791409721809609,-0.04911218405008881,-0.043566180323191
-0.041641417909042126,0.0518710486287564,0.05787229627990526
-0.027541225150320175,0.0345647538126059,0.0537963626941736
0.10235750343305441,0.061047947086723994,-0.07501341837183953
0.07109615629077243,-0.0943945761431238,-0.034357683175769094
-0.025580727977272115,-0.000640358310169363,0.07883240181892925
0.11577910800289382,-0.014081751855916709,0.0069347277476867406
0.052200577185106595,-0.0743168105926959,-0.12761834031616331
0.03668338016137283,0.012585303828971786,0.08266917662272519
-0.0387285743059261,0.032648416644809615,-0.039182492991903246
0.06508397939160339,0.00045982788775915037,0.06525471174385415
-0.06314915380600178,0.015864827048247262,0.0425107036492043
-0.006804869185329236,0.02016096293277539,0.053142783813858625
0.06765043584432956,-0.07564919171230172,0.05932788747499594
-0.026231990839686303,0.05417658918968626,-0.010388248276229604
0.13141726706112178,0.08658946916142556,-0.027640966360704067
-0.01104328138284026,-0.02593138238519429,-0.031645346900094004
0.055238953692512714,-0.08137470125990831,-0.0002385806466451961
0.016757850132903967,-0.0030811408258265265,0.011583725305153348
-0.07850936497233423,-0.0007111448522975489,-0.04216609604142961
-0.03577613744239179,0.054010399680619096,0.025895440320113247
0.039486472107268245,0.10224758073620237,0.0006655131935362005
0.06376732352288389,-0.0019615566346594254,-0.002884728902304106
0.032228682478831594,0.0029459232949140095,0.04330295449957418
0.023076427221735783,0.07549709369623377,-0.0029129335467228228
0.021510396451021485,-0.022908822819413265,0.013055489230934962
-0.021608524494317324,0.006456919514098419,0.04481197200460378
0.0048872078076227995,0.0026089684472570297,-0.044826655828470875
0.03319344224335857,-0.0755714925325604,-0.0129070246012869
0.03454859150907756,-0.012439869365789323,-0.016416719098232842
0.04517259117931851,-0.06261280716889005,0.013380911219090208
0.06361257586301326,0.014803547492308073,0.07587239207509913
-0.008319829334580428,-0.005074512376137865,-0.044006384862194284
0.02545444277278929,-0.0575982824359513,0.04544144852731439
-0.06982077730128,-0.005692364863678396,-0.009275635545462785
-0.015493537008601701,0.02812829930958732,0.005759883566573059
-0.05041934867101515,0.04714878720107138,-0.03470229038667455
-0.05059220125220118,0.043634771189601546,-0.07432186643745886
0.0010212703196936894,0.0023151730429810695,0.06975239553257992
0.040749932034540075,0.051084195322445326,-0.02406050714564526
0.04281156003398813,-0.03756022531029071,-0.0992494074306339
-0.02829288895631683,-0.04221631698355442,-0.038571411001844566
-0.01940511404314985,0.017442202075736254,0.05567394224989105
0.020549992646758462,0.02037910386038416,0.08508178918907781
0.06166787280717285,-0.00818286593846942,0.10394586170972088
0.04113897384829641,-0.09823258161936908,0.028354421604881275
-0.03362493015900321,0.07673533273455627,0.04026552583068854
0.007376231373066671,-0.030233751959725327,-0.01216752945316706
-0.004813119216275523,0.026573867330236395,-0.060825762295854874
0.04446390874182972,-0.02182849184218027,-0.0352520838896619
-0.03158105083391373,0.08722172858368192,0.05099996552416046
-0.030781429730175378,0.023429743462444697,-0.009151825624478235
0.053780042316745075,0.04970056488542231,-0.01260412219886144
0.07335648013760655,-0.03203322041601274,0.029380626168032147
-0.03595080426373195,-0.06129385704769276,0.04974340097260482
0.03575097659387509,0.005998751891884843,0.06528098379014048
0.02908889487393003,-0.08819504383678665,0.05574997025644946
0.03714009675240523,-0.04974002450668108,0.1134510503414821
0.09386352194272829,0.029245395276166757,-0.09169609168483467
-0.034622397810115085,0.08211790171993333,0.07315074767300399
-0.06895214138263006,0.0031160422727444467,-0.036195927266888174
-0.036731324086710426,0.03336853644848403,-0.0033174033168513087
-0.04919761621040352,0.006915646526607094,0.022723688162461127
-0.008892799908604178,0.044546580205622334,-0.023951415781533893
0.052618780330458415,-0.017984853701076265,-0.0378382641223593
0.004036177852974755,0.019234847401446625,0.07631510335890845
0.010432312943905377,-0.05308031909919846,-0.04709772913345063
0.09786494050413422,-0.008619488954668032,0.047400650537047416
0.033592419190878,-0.05803203888574044,-0.014363955076464058
0.024961160320598353,0.06278237932754574,-0.057057148784405515
-0.02233638384368325,0.02475805031724892,0.09792258776985774
-0.013605486609408001,-0.0867064369267979,0.050129940716263574
0.00489668393637811,0.08683656413752149,-0.08717483940887685
-0.017110682841384416,-0.01808408658932944,-0.02783748087255007
-0.028766684540504482,-0.03865730536103705,0.0608359199037046
0.016615464374085467,-0.01444782139786426,-0.04766752946865668
-0.04131217938656644,-0.023025488433841834,0.011014477753603586
-0.11669710111728471,-0.034518644257031404,-0.07897308973130625
0.008400637917255135,-0.017067847779970294,0.06415311630089181
0.07117204615615842,0.05432710970603049,-0.047789831079229676
-0.058186503139436956,0.10738102010460909,0.004029993809998199
0.01810385967827917,0.053820551788765714,0.01588137624452464
0.11916520991766866,-0.01821166624583151,-0.014701497986745162
-0.00963535053884202,-0.034603279290384634,0.03386565633795314
-0.02471544633336925,0.08146348137321997,-0.06275864503442738
0.015468032889870142,-0.010123787831369746,0.07793747630338464
-0.04411607991614675,0.004227578537398894,-0.019522322443751607
-0.00823161291037929,0.0853658934149892,0.008199007479653776
0.02271372124477094,0.05956523322257884,-0.02323434660972059
-0.11798465661288958,-0.06693596969664667,-0.07470802162714503
0.053613900435610796,-0.03052633567536721,-0.06913390538748243
-0.022583308005998226,-0.025556865904549936,0.016331758912835215
-0.011145943623497277,0.0021664295826907065,-0.037804903949919075
0.04078900409167383,-0.04434787280983414,0.10898657148290916
0.03248499775492557,0.036334997296736074,0.02426496097492907
-0.033883256035425996,-0.011732873197109263,-0.022323971678862978
-0.01845470751685436,0.031764301649216634,0.02522746120642163
-0.06848688776523537,-0.051345530697054574,0.003914139993764379
0.042326737455416874,-0.10968727864727813,-0.04183916696794192
-0.03040167816726216,0.07152221644666712,0.012406624308816342
0.004205293060262535,0.05586436229841549,0.010926854594225927
0.015023365133065451,0.08830466576242427,0.01996341960343081
0.028115348632934953,0.003399418127214015,0.0016766378025595188
0.08941167313571978,-0.030475825368940022,0.02979385254488337
-0.08468237231961012,-0.008827450215089289,0.024163511474752715
-0.013991000491056192,0.04090062372660579,-0.03338641841305869
-0.0202912641683289,0.03858040504080122,0.0009815654760772195
-0.010951953697624837,-0.031684631685455114,-0.1024447900685103
0.007185910170843603,0.06304940068379368,-0.07740114470516637
-0.0627527490675114,-0.06951932543518002,-0.05595354499426065
0.0579634449928986,0.0012659486335154877,-0.04040259521919693
-0.05464831259441731,-0.01434200751115881,-0.037286086692953385
0.051202381255191554,-0.05372561949407141,0.07789547765607675
-0.052506042838373915,0.022217517494538847,-0.01869096813360371
0.08745673752791787,-0.019598830263788777,-0.0755477371653667
-0.08188516063947958,0.07786700926587244,-0.040089185682098884
-0.009089831927758966,0.029172456855354467,0.043688374640458216
0.02946027489718834,-0.07052301275300579,-0.08119530184002291
-0.03825089816495529,-0.05447934640848547,0.008739435056289912
-0.09174600900760269,-0.01674096042454489,-0.05076743746808607
-0.0007725613001777661,0.0339373059387473,0.029381212852230214
-0.03796229686164063,-0.056467855710155404,0.05580618134986767
-0.026149629429644716,0.0013991070926980872,0.019068486875863683
0.00385975148957814,0.12895517008648122,0.047952746762051204
-0.03641483112004215,0.05241367564687237,-0.07859173895551218
0.00920263382791228,0.009253380914191587,-0.028368279715811753
-0.030174588013368274,0.09440361601510054,0.09313427086419479
-0.07187080232597014,-0.05852407518953356,-0.06123013573721824
0.04193154058611205,-0.02050456785348685,-0.10195113046242357
-0.029029052779463195,0.06163750678942966,-0.08086788831065014
-0.013864208464160073,-0.06887459266464421,-0.0010564182258625838
0.029549671400049486,-0.15513664265994917,-0.024317251253359803
-0.0016983081798182219,-0.05081586915664752,0.06074822587910565
-0.03792281120909861,-0.00931914912256196,-0.015383156495834719
-0.03761320689696938,-0.07262785218725532,-0.04770919275340761
0.011886295676340954,-0.10475945835747873,-0.04659930042284742
-0.08976188581203412,-0.06457497142420093,-0.007497038260326017
-0.06828401815154544,0.02346941940276549,0.08672424116615265
-0.05105266865421969,-0.04634901605824421,0.007350198283545911
0.0016296861186429375,0.046337746193660045,-0.003934315200860126
0.04186267595557973,0.028370856548517037,0.016681148033988992
-0.004408778705955678,-0.04877818516658194,-0.12921773358769165
-0.012238394880786239,-0.029817051472469464,-0.05835402141687161
0.0038407171905811277,0.014368688083006453,0.012772178544192384
0.013122790257550032,-0.05226091059772461,-0.02521405095510104
0.06615687867650376,-0.10764382268904067,-0.0547718022724555
-0.055147393368252924,0.003755265753433837,-0.012761214247897446
-0.06243204274764892,0.07927237285677566,-0.13507124899918255
-0.011798217161594467,-0.07485347160419215,-0.054896736542470154
0.020542893677737085,-0.017379380815998633,0.005253291516005468
-0.055561150126385114,0.04550033034473344,-0.012807052296975666
0.00390084027925822,-0.018147958579052995,0.03356475721276205
-0.03325815467354184,-0.05321464137901005,-0.09163469822594511
0.029921595888996445,-0.041406959273721566,0.00911337172381374
0.04713768055884473,-0.058222760428502086,0.035226858743599196
-0.08668902909600079,0.0994422259036581,-0.03870277052998143
-0.015162424690756172,0.02572934512027879,-0.027424430173558154
-0.015156997881120352,0.07539792413108787,0.09775877280324763
-0.03986614413720177,0.055799024492987404,-0.04178086634953014
0.0016983991251242232,0.0371667794000734,-0.022205801050418236
-0.04110334668312013,0.002129730664457107,0.01843498049349827
-0.04468394890348197,-0.045663780184504524,0.08077104692866031
-0.008749632686579767,-0.05799063371421562,-0.14582500956391997
-0.12262784278178077,-0.016784334341095882,-0.11246689292065003
-0.11934752816519054,-0.06405988192977494,0.08411958293354879
-0.07085965578245601,-0.011034782712095596,0.07353937026219814
-0.05331029266457972,-0.13059586288254776,0.11058011778324937
-0.10557852714760252,0.06995394398758903,0.0035693644874286792
-0.07544275504322312,0.05740171699722196,-0.03952588462326484
-0.02047421417622396,-0.07072510366813542,-0.02735015988734144
0.033967480171333345,-0.0342442334696604,-0.006170253852613201
-0.06723237504418414,-0.027866970803434334,0.009378211169005245
-0.06299532570620395,-0.052079862986384826,-0.02955619310386504
-0.08045008571978296,0.004289285457738962,-0.046873429844130135
-0.05519048971734014,0.01047783368114047,-0.015315530678147914
0.07268963009553901,-0.042780934576336624,-0.017450167972875373
-0.04200495658332274,-0.11373385398625024,0.02931536982713582
-0.07280335914205537,0.031558622659671506,-0.014740235529547547
-0.02935012292006496,-0.049001656490133286,-0.08313513715784301
-0.07314461096875807,-0.03640714025240194,-0.02470489512836334
-0.02590188142562061,-0.05417570955205918,-0.060473483737347
-0.05536302545488607,-0.08090561328325664,-0.10838447497523158
-0.06880550654354485,-0.020832667959377032,-0.020467108672783403
-0.04986523103694964,0.009696868315211746,-0.07776082883986185
-0.10614777873727714,-0.05180575967926278,-0.07668251981486753
0.02647005882741927,-0.02641633694662103,0.03409724462656975
-0.004033624568410631,0.022307998500180684,0.00736634759804862
-0.05519751896381325,0.04525316137319858,0.11737588880224503
0.014218397900887542,0.02120007141896287,-0.0027548149076566976
-0.08739394357707134,-0.008875995977112222,0.03807971864361754
0.0018690026169057017,0.00187581160011897,0.01921524879113647
-0.018186059382469866,0.06717697715042803,-0.016804854188833016
0.0021908571556336492,0.0008505843969675367,0.08377619082778101
-0.04450720967984837,-0.043947482326566596,0.033119656562004364
-0.04505560414652013,0.006967940571609366,0.003652871811032774
0.005205525220280144,-0.06993542777143098,-0.07405674717856413
-0.025788649002489557,-0.014573639065633857,-0.05221072604508058
-0.05717407956165428,-0.045717608712210006,0.028306326117658275
0.0197598823818715,-0.036173604646790494,0.019603386189154505
-0.06463009538538432,0.024498812776385107,-0.08333063482056352
0.009373734223964019,0.017351898350432916,-0.009359567596969983
-0.03912784310170127,-0.03731488624056217,-0.1171123016166431
-0.044614155559685474,0.010313841169189663,-0.07203034567796442
-0.010537123818398508,-0.005003022902940139,0.020662403902218168
-0.04106420285705614,-0.1088942829679131,-0.03212410804000308
0.020787475994220032,-0.0812759037666923,-0.012812467173174734
0.05210452480647776,-0.09869754974718843,-0.07488528475418248
-0.045237744484311546,0.10824323835874089,-0.07707418793109838
-0.02628966404910145,0.043922861573330495,-0.03211460734207926
0.016227056868617907,-0.03559513239730483,-0.005985975517711354
-0.009863118721721933,0.040263947137096176,-0.046548412932232074
-0.025072956701873254,-3.4429066842041334e-05,-0.07719602837261844
-0.004816227611954552,0.008276238317812237,-0.128534717004308
-0.06188469651471659,0.026503543721798077,0.034197694562139544
0.05316119072938323,0.04182037084224495,-0.10464046199495779
-0.02306703736150368,-0.09541874812154753,-0.07468955520234727
-0.006794961695056032,0.010036964436433165,-0.0742558274964526
-0.0032650326313917073,-0.02465804200076377,-0.055191100726990704
-0.05948349950794078,0.02422463048494257,-0.0595740576699325
-0.02112031656370639,-0.06016743892117768,0.047772035254368614
-0.044960384721954565,-0.05322040039797062,0.01816207246448146
-0.04529035735854952,-0.008223461902831861,-0.18156281544795033
0.01968549636138224,0.026709261137061485,0.02741266572088373
-0.02588208491876079,-0.010397872483162469,-0.055932427392189156
-0.05529707406509606,-0.0012160694380667723,0.02767028802463338
-0.06749282810467575,-0.11672694443016897,-0.103130672556926
-0.026944509117873272,0.04431338555850607,-0.09580099560515383
-0.0561968226751131,0.0495448817768601,0.07781715346446365
-0.007270679259365633,-0.06450945253196998,0.08287788614754721
-0.06983316711153074,0.04655083329068042,0.06638640912822263
0.023343703907985486,-0.08229533690356705,-0.057049627103674366
-0.04672342747814552,0.01247388446092399,-0.10930973273270195
0.019959280408155575,0.06621399439403741,-0.04776207756223441
-0.019123192521211772,-0.12812551888762216,-0.021662349871911207
0.059472011549267,-0.04549573554557575,0.03740951057610547
-0.03253576431599993,-0.06571652804536941,-0.06786567762024401
-0.023482092506336222,0.022674794263989217,-0.04600659463584022
-0.09024589150355136,-0.00915719520794972,-0.05459104364487518
-0.028106688603505896,0.022078669696562178,-0.002177390771967361
-0.05778253936393994,-0.009984800457178013,0.015909252456981705
-0.009018503103662595,-0.027521392792745653,-0.004070002141900703
-0.06481693014085654,-0.011235303965889353,-0.01902655914115916
0.08208790760969772,-0.02275580552243113,0.10422852732829793
0.08355300423543213,-0.004115475359847129,0.08258034494672743
-0.02645838239093069,-0.04782590162663254,0.04530778837416215
0.06492270052717468,0.07512984689223476,-0.013441949072709077
-0.030039707294765707,0.036570105491823594,0.02853769088923985
-0.020203105786730628,0.07699466827125895,-0.05995582978241046
-0.02744963449979175,0.09273303436288502,0.021717491671851746
0.020127917380053494,-0.060003135271833256,-0.03342775391424483
0.019430937176930646,0.07827501476286121,-0.06922853859867355
0.13277992690628865,0.015533597129041718,-0.12393502785939346
0.01545738747545887,0.04558835316827819,-0.005498690069642366
0.0023185609808513584,-0.04331395999605875,-0.018493009993050768
-0.02514296037479916,0.09255141150590596,-0.03521539492684442
0.0319299773481431,0.020755079058526235,-0.02070418745426204
-0.01041200889546036,0.019333280295355325,0.04662609319404549
0.022297486076354584,-0.016429036279490383,-0.016209631775443215
0.0113418575847912,-0.08199769423168313,0.06679625401294646
0.04999865876168161,-0.04586622550531878,0.11953026855698994
-0.07657764801393478,0.011307358185075545,-0.02187514949766317
0.00011861520653989833,-0.1058887197235587,0.034983663868290236
0.1472715381039536,0.04098358896447141,-0.06939292631041526
-0.034730434659549864,0.004737574127058166,-0.03530860759016098
0.1341574446156749,-0.016310432639073977,0.10390957109355956
-0.007022864547458614,-0.019782554094814442,-0.07710986944397434
-0.013162590066622001,0.011478643689772177,0.08123305185262288
-0.014055022873059337,-0.05471925282630274,0.027477248272359762
-0.005614084362290451,0.03156077154240968,-0.10058193913833077
-0.01680905902510035,-0.028797485624357005,0.05573120865478349
0.045953923223904174,0.007268985546147389,0.0189127423157137
-0.13676085166951663,0.0003518311903962396,-0.024371585683719568
0.017537645547545153,0.0036092192047078426,0.02829931982212983
-0.05387104424193387,-0.03627756072657682,-0.026633509030198052
-0.01598949155144881,-0.07095773158039267,0.03711376241893868
0.026596691206597224,-0.017209440471600626,-0.04164460574082227
0.024026121023435355,0.013329466671182375,-0.0393140342659198
-0.01029808932773765,0.015375113297717496,0.010303955240974964
-0.0045919521949286035,0.01012703169754116,-0.13559159501353543
0.05173102237709565,0.027843071302786165,0.08451956548565853
-0.030296082115973767,0.020588194879290804,0.0027052339175771146
-0.012835028448881548,0.011345933347100592,0.03385734068390041
0.06681176118758539,-0.01980423407052778,0.011558984870490412
-0.031220404297542026,-0.022385895111305357,0.05972565943828749
0.0891739229383862,-0.025039924126873836,-0.00029400984835027157
0.020716951249503814,0.018330540511331414,0.03473046035156425
-0.026181945099519707,-0.007178234482783866,0.007460659234961109
0.006879189863419882,-0.050863916561470136,-0.058211042048965635
-0.030479880672037114,-0.00034478493415258157,0.033855696494339234
0.03981929664997243,0.0038997389864427424,0.02278836767138476
0.028197477950617028,0.053753770760340276,0.0012656133188471558
-0.059827116939185965,0.030859318843935307,0.07468626179027361
-0.0012012450858271233,0.010412173209476065,0.08115753846787477
0.025480815205412385,0.004589777546649746,-0.07770233146269255
-0.12543371289688796,-0.05254542750038136,-0.011523415873621351
-0.007931298624245919,-0.02053252577706764,-0.10825059755358481
0.0322764373239191,-0.011649550962642526,0.07783117372838423
-0.02669790088481841,0.05545022504323963,0.030274055236204564
-0.0692558221117337,0.0233919703787035,-0.026226110272596866
0.027018685959759495,0.012296550940166157,0.03302878008615298
0.002000288881526334,0.027351102139613295,0.09262390048909833
-0.061341649986838664,0.06871594226368823,-0.0016623919905096457
0.0967396189081901,0.03180654409958003,0.05382517836937522
0.0737314390584381,0.04607688708723222,0.04508672203711708
-0.020347557405554433,-0.006737970037461689,0.04619426854309738
0.01973391645127786,0.05309402783829423,0.01725353881035721
0.02821050626675517,-0.04412065927028842,0.014802184125981967
0.002311325549133743,0.07453880192513265,-0.024985283559749626
0.017675721622036754,-0.034818806257934994,0.025289205139478195
-0.03488973796957695,0.01572400988927519,0.02202422120096013
-0.07690585933569397,0.004421038897867267,-0.026799086648760385
0.0497719565720088,0.0036957073929172884,0.05662762117345198
-0.0550933780289361,-0.0007908314771595069,0.09415448154245158
0.06516206350712367,0.022721261089635465,-0.04559161431901621
0.06963355442330368,-0.05974114169730278,0.0606911645162479
-0.0003987457075333538,-0.061896390015852176,-0.0032863010570095205
-0.016936670387055652,-0.036810525793434745,0.05754905834215809
0.017041380092918577,-0.006794217442128851,0.09883450630389824
0.012093893415770116,0.0514670588884714,0.015939493760281285
0.05010221687389729,0.03426047538828906,0.034324912963670184
0.06955075441262051,0.05828661859366488,-0.02105637167606193
0.05667290536095777,-0.03716421538666534,-0.04243381109127478
0.07278289062317134,0.08664400857679846,0.008213178376811256
-0.005545396869077077,-0.025180629642523544,-0.09043005080248065
0.03863770336732479,-0.08094700504102459,0.022724003475450907
0.02828178832735309,-0.0889555717365902,0.09085395337777166
-0.02728784915808089,-0.012627450897327827,0.04071095389410507
0.046810431049211655,0.020840140951837283,-0.019286762155971082
0.04007996170627834,0.04733117367671172,-0.04277350490872103
-0.025363873981975947,0.029521589380744305,-0.020725257507591882
-0.04394875973549653,0.05948654485544905,0.04746746985792921
-0.010681632204909614,-0.03395758584909227,-0.005125166835752967
0.01738930559104975,0.05911034175424108,0.03894513369470849
0.03608170593584383,-0.070240124461957,-0.0012538924275920758
0.09113100725382023,0.07951808646315896,0.017044881915347317
0.08782348038065378,0.07686844936393762,0.010204456573992347
-0.010544728152671011,0.04059100208489756,0.05706954902961684
-0.049340367983090896,0.10332030038555526,0.00045219932250072786
-0.0004280501272960306,0.07407698961427364,0.06829442655386037
-0.004016765942273629,0.04901131855955709,0.011947400135476259
-0.016828183544082328,0.04790748386074055,0.07183991264696521
0.041951796295759514,-0.013216206926100708,0.09075715652928501
0.07522179389424032,0.08221112775567949,-0.03934741083937805
-0.06388111568367658,-0.0085188688422622,-0.021613396515772484
-0.026580240235324085,0.051990915945076134,0.02683097682168619
-0.02568555276654137,0.05436953189357496,0.04036621277052643
-0.03313204325220148,-0.011527188328299395,0.12344727572749445
-0.01639387265939272,0.004812168639572352,0.09801550963519111
0.014221064302346782,0.08729923269986507,-0.05884574395514004
-0.04265604588056654,0.015370905085388964,-0.02047328120164321
0.06937010739968716,0.0694657145382682,0.09406440558582872
-0.014371782107221072,0.021563215816605686,0.03848742910495461
-0.04864239329580533,0.059284403866503195,-0.0022093629029856093
-0.04043889447201651,0.017239255743028724,-0.038528587006317325
0.015695087753705483,0.06363444614253233,0.035510243650484316
0.019547207202926967,0.009701226960822483,-0.012932317750392244
-0.0013233113647747388,0.08050586291598041,0.023642536794558813
-0.055923564145155674,0.006207134130185135,-0.014132666520352982
0.019536612737677525,0.02826049760911596,-0.002044446661002494
0.05380883530259803,0.1613716145234979,0.07490771045273396
-0.04649191364774492,-0.02175315991010768,0.05455575741218585
-0.03776964680481187,0.06916121364703559,0.0020871317786537065
0.03159844357901957,0.05741059003593221,0.07236971308276671
-0.08408529026829675,0.07188103184079413,-0.010993641666734173
0.07472230941005575,-0.031174934290836336,0.06770333683465513
0.021535133195861762,0.09762614657256276,-0.008311918798529761
0.0894479638254893,0.0056709953291310695,0.1486904482514562
0.11259670795495398,0.07704886766932843,0.053583125089863404
0.06757570772472658,-0.007377975464005426,0.030272220828907244
0.048012919101230046,0.0025151063459199485,0.11529255544026856
0.07586706689667928,0.0658904248736773,-0.10123736314802374
0.08503263728853566,-0.04191069209724509,0.0746970326064198
-0.051766374400787685,0.0036701673690696865,0.03998325744579374
0.02229399980190742,0.01104398706109951,-0.006143594175537493
0.05666889654856963,-0.024586335097242857,-0.043267658337790255
0.006136831694722974,0.07549438232831779,0.12066636687878333
0.06345712337955439,0.0012297921465192103,0.0011984301239862556
0.036375091821377756,0.07274388445135255,-0.04056033984034782
0.004860284739183131,-0.025818219208714008,0.02254579550678507
0.0011407835044257783,0.09535506037112541,-0.007609889261620515
0.028184231479859573,-0.021753211365933733,0.1120798198206384
0.005443049351186103,-0.009069972656606445,0.051913287115818066
0.026974572255632386,0.02771717329322186,0.05169917725884775
-0.031763832185524386,0.05757117719815679,-0.030989375911500014
-0.05022804349373669,-0.02377285532470087,-0.05469381006267712
0.044799909893860984,-0.024485938690211026,-0.01477143565985433
-0.01163918857753065,-0.011786576718065805,-0.039679104329161385
0.0913497656724402,0.02226839686619013,0.06345937264586005
-0.02542941926544272,-0.02445977430885676,-0.0172334955658112
-0.016830793593760197,0.04987563878811093,0.0022549950313140513
-0.09236287461802924,0.09700198665810167,-0.028745958665209796
-0.02354116704935715,0.010638208195493772,0.11889756160693227
0.0333782701748649,0.11288308847329215,0.010687546718626272
0.014065205221538084,0.02067658760185998,-0.018277459317040865
0.0047997368793808795,0.03163436564290045,0.02015211275378157
-0.006470417376614589,-0.026880400410500903,0.012644493729022384
-0.01340039732029168,0.021107348222063047,0.07729714512553879
-0.07070607232395164,0.0010459208889869315,-0.014165409389930227
0.06157351613929973,-0.0345214315715689,-0.041062401101922275
0.043800168240382215,-0.009074131531944626,0.004693640462997129
0.04664902156523195,0.062421227335136484,-0.04602661267932364
-0.043631419102401675,-0.006120293119301061,0.10563160370240711
0.05579703111420717,0.018568398897921785,0.011532442841735623
-0.04110085378933412,0.031612187324488485,0.12915631000677372
-0.015102814426911745,-0.016526949432383854,0.019550976081619403
0.023902487069382694,-0.03146656825288745,0.08134658803703733
0.009993128670578829,-0.008861623485411994,0.10025737509240648
-0.09371137832035434,0.05449438702626978,0.00848948612273724
-0.03290523593477352,0.010425051341105745,-0.05376465746797614
-0.035485144677512404,0.03972747114217018,0.03867929486168944
0.05234595515949592,0.2361668567803934,0.04905240875810563
0.05175874085072714,-0.03004955109128579,-0.03558579712806914
-0.012725160608187087,0.06066527768881802,0.058998433427351005
0.10227762996819319,-0.028052696971714624,-0.058633196555307535
0.01387717995775159,-0.03302801089662548,0.06063179723637905
0.0729971458912166,0.11491018891733358,0.030168229158430662
0.03191815537091933,-0.03040485335384977,0.002468003327245864
0.002111959078958628,0.0027560002477937384,0.015666764700738682
0.008272077200112287,0.0173786731545489,-0.03691076719379698
0.03872925704613729,-0.02699222042289181,0.03780705447393265
-0.04384212328560483,0.03530857327039051,0.034054399023528685
0.023966639432465794,0.012803021863918792,-0.0003046485834308846
0.034907363810035376,-0.0006051668564939945,0.058294190852748784
0.008137367479247596,-0.10734422725722527,-0.04237185299955176
-0.08081508252964284,-0.0005867846068261275,0.05207121407122088
-0.05510913618293478,0.0573284935084152,0.01585729448081099
-0.04336945847285416,-0.04574541182090056,0.014961515848198595
0.09034826868252174,-0.027122103014436537,0.02012632273328336
0.02141799465198955,0.04631427344095096,0.044536582773453404
-0.06001308582631168,0.04074807985525554,0.026094947792106696
0.007600448968547086,-0.05077352104392353,0.10011255443059154
-0.004283700678902144,0.013491532722079317,0.07745564449855535
0.0759658250232588,-0.027560744961362106,-0.006176144739276294
0.08437539319988181,0.03911044301027964,-0.00859933798275028
0.022403945407078393,0.013851346353288224,0.022501822937394375
-0.02362329650528439,-0.03142059622325298,0.04522553918839149
0.024956133763537516,-0.00066879693697941,0.037732411746708765
0.02518013898100851,0.016235777063762637,-0.049664908564943475
0.03588589744998342,0.08358009223163582,-0.004395455384379103
0.05656509479914612,0.1173099385942096,-0.0038489923981973612
-0.02261373948472992,-0.11161694601170712,-0.024602942814993468
0.011947247837416797,0.007786348098018911,-0.07619492030843221
-0.01092752937785849,0.11028456833622431,-0.010385131274162289
-0.000599285134398329,-0.06869346331108468,-0.018924463982565094
0.01783901054397124,0.04671314474440933,0.05433710104813815
0.07321367794324554,0.04820199411356203,0.0077365353247696245
-0.10841077611123591,-0.057751613786543296,0.06572047688845264
0.06788311371549594,0.023839738265812913,-0.04551917028517878
0.01693936280204072,-0.007848548313629928,0.08220167821206463
0.023130605792432066,-0.010677414012212397,0.019671694247270607
-0.017023720135199285,-0.017902738909612338,0.014145159471152795
0.04857796698148675,0.013033946543664247,0.05483088789854716
0.05367475238259809,0.054639789009178805,-0.02965101462153206
0.02825118717854319,-0.009249141292562197,0.016013435299037815
-0.008902241545721352,0.07557056829046832,0.019737991867452072
0.04184107574052667,0.04984467793405324,-0.032438683556962056
-0.07450346158935739,-0.003359280027515241,0.08415190285820534
-0.03272467277283852,-0.00766838486263857,-0.01489643396265416
-0.013804455445194692,-0.04825884325125255,-0.03602890772982817
-0.030584845003032025,-0.023678913513204745,-0.0043940127626855945
-0.028323290431851007,0.028844322749872545,0.03862459304051089
0.0019850605817582517,-0.015772228662089514,-0.01732447382337224
-0.015109395945670255,0.07561103338022758,0.05990392535073348
0.006162286443848343,0.024903829149468596,0.034015372415555224
-0.03727055468803939,0.010794276293747004,0.03341667669714823
0.04764840391457623,0.03685721812096496,-0.027874838671281564
0.019167552914662093,-0.11830295699479211,0.06567707193367439
-0.020767067525818483,0.012718109637233927,0.05474960565365065
-0.12265423041369851,-0.0924560760425801,-0.042121850279620975
0.004813186386560102,0.007802299861765642,0.00971965979632881
0.0880579949076088,-0.012605114392910342,0.005502726359734247
-0.010850273294389767,-0.041262732134018404,0.010368518906200545
0.024951136960677904,-0.0754125161942901,-0.08822681804469841
-0.07515616360207501,-0.04191461443548923,0.03665881053974952
-0.026189829711542215,0.05679282822401072,-0.007541757458427518
-0.005226934921458321,-0.01301866426826682,-0.038349811003668806
-0.051871044374449206,0.1184375044298444,0.05463472488478466
0.08493993768927041,0.03609446323776537,-0.03247812069707463
-0.09551929527523995,0.00510027418179137,0.040286578949817034
-0.04502595030267708,-0.0756354923560446,-0.026574788638257074
-0.12746506191234028,-0.05520724331222416,0.013596623759672667
0.0497648255423973,-0.06129160583335069,0.06391799995448189
-0.00922487457265547,0.03450778724828659,0.025708499879247962
-0.04813300827856286,0.009486759800764528,-0.08100381244906535
-0.06023700948733729,-0.12218599613633366,0.01524731802109971
-0.013709944992860403,0.06301046885868102,-0.09208972292416938
-0.0006601334920387893,-0.024653522261014815,-0.0458280586423524
-0.07068274385872224,-0.06318731209895671,-0.05243345485986767
-0.02833222999704873,-0.08619803634773199,-0.09173151094692565
-0.04403712064479216,-0.02197488744722366,0.0951072310711895
-0.11584221972905002,-0.04256933239168712,0.10728765725035629
-0.06479846180180289,-0.013357923636031038,-0.024221344224351703
0.02679915430254874,-0.03332030797740286,0.02873284883119328
0.036094316524762436,-0.04270538915634218,-0.0014283949495032125
-0.09728935809024986,0.05449733263240459,0.023565543095714174
-0.09093672802092072,-0.005081306033390631,-0.012200545667384792
0.020436173597483825,-0.024518568073498746,0.0011138559588508585
-0.09055264583768508,-0.08391102739240625,0.04954318718304347
0.014282068132982838,-0.04912189412125158,-0.10155237122720329
-0.05846118205772181,0.002512844343374822,0.03539111382403089
-0.07501337804263561,-0.012630939739794596,-0.0202991331335673
-0.08118685111704181,0.02046110603870549,-0.03996512351098243
0.09130939114166742,-0.002041668350681043,-0.08734525591633269
-0.06055213223384951,-0.020299902007724545,-0.04447966957881683
0.01795155401132227,-0.005925416566468482,0.08668994147985774
0.00481938602454144,-0.043888651709436385,-0.023592369641683618
-0.0244192673537747,-0.05744985019781931,-0.017135215010475244
0.0011745518570680392,0.04609467039725093,-0.07618307325308299
-0.06804323952094933,-0.05114007916579267,-0.04712297778606449
0.010427562301568598,-0.1000599831133004,-0.051913310242868216
0.0028060073316875603,-0.015796133787313316,-0.014328315729212608
-0.043639938165092415,-0.014782320725724279,-0.166557732328735
-0.03802587844886408,-0.0670508269344295,0.06936282283812822
0.007229486906240248,0.023474334319629725,0.02649697626313905
-0.005991853898114943,-0.011454850885876246,-0.04708118978187424
0.009505445946052328,-0.025250296599324235,-0.06415439041123289
0.0037322347006763373,-0.0009730518064357731,-0.017660333246487536
-0.011884389026461512,0.07358067924040376,0.0031800456551793164
0.013268076654809044,0.07060438518532036,-0.02325375766707447
-0.05534049021450908,0.003855779702334257,-0.021249441369964886
-0.023882896463715435,0.029568967992966686,-0.06774125495231124
-0.15425158270017356,-0.012312339779619751,0.055185570289212435
-0.06589664046482382,0.06862276855109141,0.06681491907344947
-0.0009108733528920034,-0.07946853061362673,-0.009096105016334061
-0.09508362611254108,0.05097770513151819,-0.021870818563902703
-0.048860300601157904,0.10540697701710446,-0.017034024591175725
0.01854857687789362,0.048734379988587415,0.008008247742933208
-0.008632602859139901,0.018463792345673122,-0.02858146785842174
-0.026931751558958838,0.05636035876602159,-0.02212015452613044
-0.09947911237967172,0.017774686860582162,0.03261630766836052
-0.09172547506871487,-0.06496522795072762,-0.08490826474046592
-0.004691484552716002,-0.07516557361285063,0.025633950041667648
-0.042425351192645074,-0.0081590110547503,-0.04684211844437236
-0.04480207092284732,-0.02533688761528312,-0.03355932302833904
-0.03806994507531243,0.024378128109360114,-0.04920607682685843
0.03406919376891469,0.05896152890229896,0.02982767461981716
-0.08908975030814216,0.0026306186273510716,-0.037928038561647476
-0.10196629452430948,-0.05543402774571232,-0.021936651802671597
0.002938295497847042,-0.02687151365839851,0.030535191658021574
-0.02766471305094326,-0.0833883527455085,-0.08854865914849323
0.025115134708406713,0.048754926469435515,-0.0010676112495710925
-0.01990962239035105,-0.014244869670323387,0.003691743851889105
-0.05462426090615622,0.038785328757622445,0.0159709969172587
-0.03770615875324729,0.027175095642901752,0.011971251973727903
0.04963170811216103,0.0055830181812914735,-0.013826077589391018
0.03435484511712665,-0.019917050159784885,0.04115990015249464
-0.02636847134650045,-0.0665011514299961,-0.06464679026590411
-0.09898317060101627,-0.02150505116004537,-0.059994750922000635
0.03746166600343663,-0.026568438762379902,-0.03344398136641997
0.01168310791758867,0.006789143127828728,-0.0290329283656718
-0.08809847976797566,-0.006491255018401473,-0.09463807633921612
0.07240758413860762,0.00036759437588377436,0.010442291950936284
-0.012192364452532248,0.09258424778056551,-0.001676705832459064
0.048756481937938065,0.041936806872324886,-0.014944123159627773
-0.08432466844217347,-0.04932703710419674,0.05650649517773153
-0.009636529203523113,-0.03180910043521857,0.026960297346366395
0.0370933481856155,0.010806462932071992,-0.014319943363272351
-0.024167170356026824,-0.039666263135465965,-0.06285225425629642
-0.03165524880490439,-0.1285069987667576,-0.06248291603613808
0.03322301276693687,-0.0009106323419883662,-0.025034142856739598
-0.148251605385827,0.04017312343247438,-0.020053708793304873
0.0025479677127885902,-0.10019210985322304,0.011622859395069626
0.026087785595189126,-0.0018053706753691605,-0.01069932445466932
-0.019385773458651327,-0.040562229179144135,-0.06744817241959768
0.025290363202855,-0.0190962545312124,-0.007091220096384916
0.03334916807358819,-0.03023721290793786,-0.01686699166990792
-0.04570858285452302,0.010328406427499347,0.024511466158243296
0.04030696292605998,-0.07469025586264322,0.005509377228929413
-0.05025340710999079,-0.021578028426428458,-0.05251739103016352
-0.03213955310312136,-0.07391956600612626,0.01637991361910547
-0.05507963222903779,0.045716275201292234,-0.021267505075066927
0.013990778486841368,-0.09085256113679249,0.007594306391516061
-0.02320497053409474,-0.13413474404645448,-0.07378712048920072
0.009863539204332219,-0.0919036994649991,-0.03394904709640913
-0.01664098831066569,-0.05656165952467052,-0.04364646835624706
0.022347247170228263,-0.026871861232040644,0.0963967548060731
0.03808335791504009,-0.05311450280576087,-0.01034215519029008
-0.004915961580362957,-0.08289725659322682,-0.08090464931882016
0.06078899926663383,-0.023571589313022667,0.10739225872635469
-0.004021181248922041,0.01255411415587086,-0.0007491052622953069
-0.00974619933954404,0.010129091720322225,0.034582637404770994
0.04864315067166179,-0.1512772420240177,-0.13286775088690397
0.017748057373808083,0.0004055969018126361,-0.16553877313821655
-0.028388254107212917,-0.041308629705242766,0.029588170347186662
-0.06403546008004667,-0.020646220230662284,0.017319228322679125
-0.04710990985679621,-0.1320049312836632,-0.08321735177087884
-0.05568588770723107,0.0022200660274855066,-0.0358657660169301
-0.000944267043117078,-0.03440014563375578,0.12090404536223609
-0.04259189356828076,0.023160108758827454,0.0037829471264792004
0.012570891981619207,0.008110037780600897,0.008992515381973452
-0.04064770587559598,-0.013478680672312691,-0.020987043450190486
-0.06533787054731678,-0.016063213667147563,0.01699617828178823
0.0451247275226281,0.021036476293936446,-0.011305456504779422
-0.06389470637862757,0.008560160187170564,0.02917479763352295
0.009593675468341917,0.05037756500236602,-0.07245428981300389
-0.004834266242077589,0.028793395846372593,-0.04555348912144067
-0.015538970951201585,0.02937254831049627,0.026358600028951556
0.038517847348027406,0.002122961643417128,-0.014057470000523077
-0.03087930507691654,-0.05198687342449017,0.03855087620795471
3.3089300493317764e-05,-0.08813068881913402,-0.01075721892814488
-0.06943187635774906,-0.03467835731976947,-0.042498823883263905
-0.16074256198435002,0.015709782758606548,0.008600500552194482
-0.019303330003145,-0.0783913601457238,-0.04442624085123263
-0.07627055742545646,-0.027229810048839537,-0.036301973426801255
0.06052306902848596,0.06901824894918938,0.019453329555522012
-0.05000363222636283,-0.08702468465300722,0.024149315342203256
0.04045621126249328,-0.031643859760305135,-0.07129678522498359
0.05740505230218702,0.006293110783029087,-0.005883761233908191
-0.06442497934280923,-0.004617679951878839,-0.02453579169562193
9.726337087630557e-05,-0.012514485295427627,0.000301235149554286
-0.028040686837869574,-0.06948529350203311,-0.006320410163935862
-0.1138129893105849,0.004460189101452874,0.07608382740357787
0.1348040010895575,0.04383439442371517,-0.09598432144163152
-0.004666222858491189,0.005057390386703761,0.024292399804588225
0.023604987379946332,-0.01443905979694345,-0.05055323858591886
-0.051753039599887155,0.002951828076080817,0.008667105331646613
0.0009106489174921083,-0.05124721262442192,-0.018050907917764966
-0.12576290456663344,0.02401774837129647,-0.06179897365281384
0.035345362456599264,0.021510162928233864,0.0029646501531854826
-0.017774785741686793,0.012797457954299894,0.02672190292716925
-0.054432782086056154,-0.12207522310870547,0.09825453493439315
0.07655793097973243,-0.03182270914355006,0.09691775777091789
0.026754569529144973,-0.06697040238699029,0.09276527776937252
-0.02432364653155278,-0.004949615678993871,0.04353408595698552
-0.04228827099115918,0.06124025469486323,0.026111091477169154
-0.034514741733811506,-0.021304080679486095,-0.030311830380966465
-0.03631039332053562,-0.033290690336859184,0.007216249907467399
0.05107989291629559,0.03344101153546527,-0.07873728457710279
-0.021519822823701205,0.016648227488820014,0.024089760199080053
0.0428733167753035,-0.03642163771946655,-0.009284292559251655
0.03574923979729401,0.016082299751074,-0.010930545548678046
-0.04851392531676272,-0.010864857681123318,-0.0023967105049435364
-0.12637354233453899,-0.0011282745398775006,-0.047395208613745715
-0.09680687149936505,-0.052822708727354485,-0.05017873291719715
0.03734744450832652,0.05327104028315842,0.015031289239145689
-0.03418032152341645,0.059351630011862125,-0.005982449627588165
0.03518794481636134,0.001393257915703638,0.08406211722058028
-0.012188236310611781,-0.023641104953739285,0.010547485148093736
-0.041161182583016404,0.02571577317840372,0.07835310260137697
0.006721164959665342,-0.07519957492819614,-0.08270617505348371
0.06742855431974461,0.006149669341573382,0.0418772220525048
0.023360129841572257,-0.007312962639871842,-0.01743871649345651
-0.02636122699403501,0.011420657498754521,0.006643431626881833
-0.04724389130464132,0.04297420239123405,-0.006860707223998744
-0.01462927037636613,-0.033185154932624285,0.0039011026265426962
-0.015221605650181377,0.05770444808712246,-0.05736970375753331
0.08529070247215906,0.010010387849870857,-0.024838088404649218
0.03219526237597552,-0.014911620534041476,0.02326072875247688
0.023392667251642248,-0.008537110731270661,-0.04199673238106078
-0.018456237854827195,-0.0038010339854858367,0.09127957666381416
-0.042436079124397355,-0.03869269837809593,0.03481894752825438
0.05955798290306097,0.027410061153762738,-0.059120897228540414
-0.033367233740289624,0.00742635229554272,0.06142478599182374
0.01212622303890537,0.004434762851327938,-0.003655714310483802
0.021524104961829535,0.10962829652610272,0.017117033461420468
-0.03252691934235303,-0.004494596491331316,0.03785896444335199
0.05381826457499573,0.01779475331713591,0.05526738642108661
-0.01584311512489486,-0.053734420287451665,-0.015895758036913316
0.009892672144394397,0.05841909579610452,-0.02958375157096106
0.0062825534545113484,0.0743413322053627,0.004227999252873165
-0.08419666107056811,0.03796784903666326,0.0055108378854699545
-0.0037333017778266105,0.11368293299133748,-0.0002997826356367023
-0.023842337040867318,0.006965096044782381,0.017759008112455316
-0.036886461236888164,0.049500431626541046,0.023145759913751576
-0.06461197874159934,0.07920811618156437,0.07277750496122831
0.024842136117936037,-0.0008867776612701789,-0.01016476372536013
-0.1149275176674861,-0.07718322676417161,-0.031623485029314544
-0.031129184828476174,-0.03414446370161494,0.011643532094957765
0.026827695450508643,0.09701310518926386,0.02389126849054155
-0.1586619464355064,-0.10566056171375743,0.06655305058592427
-0.015352744024969623,-0.050323626725103245,0.05486767195426754
-0.03627192443940583,0.05518947049893737,0.04596175240100554
0.019764265443390584,-0.027126733611020817,0.008737202822234847
0.11435479234200326,0.03578280113958259,0.0031216845214204415
-0.015816785170170947,0.007722739599608305,-0.049059894097676075
0.08430486521104412,-0.0029465780824679067,-0.021034830220464495
-0.03734655733533611,0.05317229418816778,-0.03960699214496512
0.051512524848277785,-0.0431665672031889,-0.03959716067934724
0.11548114842779603,-0.07936012993258536,0.0760371512111759
-0.005687916034642353,0.055619272758224515,-0.053516460240689616
-0.028542517011042767,-0.018996166851813007,-0.03346089158930934
-0.04405460996935259,0.026292145701841782,-0.07903957116041418
0.008469936398732305,-0.04943762065882789,-0.003518528458460751
0.02087621463187971,-0.04373211119945773,0.05692227452415412
0.0201809119244944,-0.03693683189956219,-0.010934028008763946
0.04923964362922748,-0.03529588492542817,0.04984767079592045
0.040938143401814286,-0.04481941911932996,0.049508616724842365
-0.07589712361118994,0.04626860738563998,0.0028231411843093316
0.010691745370524237,-0.009699547173329857,0.006176886355152137
0.05202031542900501,0.031865157759881406,-0.012697662633086257
-0.008700962303467273,-0.048719680908745934,-0.024171951356527117
-0.0067520674646628625,-0.04555291635335952,-0.04864829698090507
-0.01486737350448923,0.030074529971229856,0.003104977870868713
-0.0011049051006308715,-0.023763552774575813,0.015911591410229135
0.07090067835975625,0.036758686824640785,0.10173518270989615
-0.08151323350033036,0.004996806568979318,0.010423340068235813
-0.01286609955005652,-0.03437157600258208,-0.006358803637892001
0.06126459698228631,0.007093884999641333,0.041251144340011064
-0.0014684131672343618,-0.000438595406096913,0.05365264261848389
-0.06551650123186228,0.053318309108214196,-0.029713622695515644
0.0012738908648406112,-0.02636894875202963,0.013553878935130211
-0.009631223663199462,0.013082786700041952,0.0009525276514629564
-0.02020801644470059,-0.03619393138104155,-0.012693193646054738
-0.020820433814881564,0.02633037651360174,-0.05023228692377202
0.05467517131884779,0.002874191311457011,0.08570010396890607
-0.07507906107958157,0.019584034876953187,-0.02488185276708535
-0.0723262059632523,-0.012213556432247015,-0.018370247798074453
0.015455463558967632,0.025734317488358784,0.025691956080555536
0.05745364068714774,0.08396510834084125,-0.028091339361436738
-0.05736006610255047,-0.042521234780223204,0.0354956081770393
-0.00403991800856017,-0.06692450846497233,-0.02887819080114975
-0.029994326604376124,-0.027201008471687476,0.10934203747599368
0.03765467211999159,-0.005449605642768319,0.08379147147821817
-0.07045637340868585,0.02002065811956314,0.04842216800701046
-0.039630736038250375,0.08318914106655083,0.13587900690287016
0.09103218735595918,-0.07209007501513326,0.004217677012551354
-0.047631418217323244,-0.007069620371285527,0.010267833233382418
-0.050472427295497654,-0.00784408850882125,0.005896367166752339
-0.006099702292933289,0.045364146251327654,-0.06889107714592158
-0.004232642782774786,0.02260432106131379,0.02738365645466196
-0.02653946220448905,-0.07071536853218105,0.00388188314623537
0.04969000674079732,0.0450467319906835,-0.024503610773888844
-0.041498241033864125,-0.015425866378386131,0.032476890368109905
-0.03730460390825269,-0.0009659057926526028,-0.037638082520891805
0.03529425278645871,-0.002654748030025191,-0.052591741551588876
0.038111610267060184,-0.05527617155781944,0.04492559491506249
0.03354052147146842,-0.05094252005212382,-0.01150298872023108
0.05241530117235787,0.05884615715749013,0.012688000702702342
-0.012785817236501674,0.06663549469176037,-0.08690271265490623
0.026378112732510388,0.047201463769415905,-0.006312747391181119
0.00502119892090922,-0.043816058363249887,0.003654159973046007
-0.01024459414468945,0.05515099003488848,0.08279264691113512
0.028613525438856532,0.04210158134906342,-0.019560307863130965
0.07825431536533307,0.04320709287046309,0.08509512808658462
0.02179562493848337,-0.039400261720597726,-0.08611115606672888
0.005100171982605943,0.001751689646369967,-0.05197476033884487
0.11503862305094376,-0.013386497990577707,-0.05892451549800406
-0.04785015326869034,-0.03861550503195091,0.002096799314179656
0.04386867366661326,0.08866443236962704,0.00829810477802967
-0.01652441797609256,0.12470431445825411,-0.019853124237196512
0.0015574742695357718,0.03976354421273652,0.0627385988956299
0.017405062217856353,0.06414333003943404,0.05468354262760228
0.08659154730537211,-0.09568697646979603,0.04668811086139657
0.1277248897013014,0.03227877655628417,0.021150075282956236
0.05646277435139224,0.0011546447395534773,0.07864478650886579
0.0034940731248444823,0.013839577442846088,0.023032492688026318
0.08669264262197643,-0.013101723831065119,0.030561949179093877
-0.0039280553702849,-0.04993871231974485,-0.00455856632994241
-0.04556019834223545,0.022340788570151985,0.07138716698326578
0.053987892232149906,0.05751872277221887,0.05459210196272284
-0.009234217513391246,-0.021208649294424384,-0.05372588268549996
-0.020967227192712812,-0.04260743035885066,0.04498355979585576
-0.008194901014042699,0.14221485432847072,0.09030037799444093
0.0881088749326121,0.009819230192520487,-0.00868139111045662
-0.021282984366375827,0.013484411408682378,0.02322354259960924
0.0022365682450768594,0.0021182640194077895,-0.04505103081795411
-0.01600107711994639,-0.007285176971654244,0.1087177084326319
-0.128525458607537,-0.0011432831313271316,0.06247477685983904
-0.005289944732902077,0.010720256125431161,-0.0012640536167582844
0.024193889026858848,0.018043186330817453,0.03955178063708403
-0.018153561564840305,0.027034786833392763,0.10269443854553417
0.04702616007209062,0.07055099022479211,-0.046219334113834276
0.03380142360582885,0.06309282977687715,0.019269449607733753
-0.03392717640233561,-0.018075388663302383,-0.17931952974119517
-0.0673196947311007,-0.005667866440884968,-0.04749879112071916
0.0357475300316453,0.10035132294471331,-0.028022196171331167
-0.006395428741925335,-0.050765747918433704,-0.053436741346873484
0.04288877176410077,0.04430893491310945,0.06708098531149262
-0.04303835996154508,-0.07289434621552943,-0.01513007280743743
0.12620594840934993,0.04045340821181113,0.07664132196702737
-0.012333322560167437,0.10424985007021681,0.013433990015004844
-0.07847832655559978,0.042110390038537865,0.019114848785534513
-0.08986401345396407,0.013555032560474675,0.0490399434958842
0.040289506671770434,0.05127610735654756,0.08382800891662386
-0.01011757194483566,-0.022771094402613705,0.08107090847117296
-0.027458294761628074,0.01878252895727658,0.05570582107688732
0.004020626835235068,0.014725613141913774,0.04459809516652412
-0.03224529816864371,0.025344052864379685,0.11247595407160696
0.09559931386612291,0.006833538963287504,0.018671184066231857
0.007346190475761776,-0.02146862989605024,-0.0215023109792877
0.004564452768387456,-0.003645738334143056,0.07732267829337934
0.04950073420865115,0.012473167242050187,-0.03163239193513216
0.0026022761211303667,-0.045594261326604726,0.05788875777881261
0.01625745346896903,0.002246537652817824,0.003948796727206296
0.06714595510704266,0.0077302909350841845,0.07441492615813922
-0.009911891004145672,0.10091251577054783,0.11811675022922406
0.09438076761491133,0.07537613420379384,-0.04455362855509662
0.07448105724044099,0.05568558880651807,0.012558810128665186
0.019333626281286643,0.038394448287952916,-0.019464293044702916
0.04197650391757117,0.051592952347739446,-0.009052810791613675
-0.008619078964709714,0.07127153672572394,0.0014687800914588121
0.04346318567729657,-0.05450685572260175,-0.006777727102693285
-0.013626536298352105,0.06545874495066295,0.037095337369771865
0.022322259140154472,0.08460202199444802,0.06760860758698321
0.0485526836245346,-0.03169862934690658,-0.031334550820513035
0.04518053186387973,-0.005894874142068254,0.047737626767200704
0.04480607912034672,-0.03297692388862192,-0.05031397915337825
0.024837097958807626,0.02918172116612397,0.08809690308462095
-0.02961912877003564,-0.0017971283301880525,0.05806429470335923
0.003345184104359536,-0.06240668712223833,-0.051556581131184914
0.13207055943712237,0.04293341570983142,0.04311100009869627
-0.08770054612963245,0.03948930943308575,0.06874583803942205
0.03137344099299036,-0.06183115228671393,-0.020052658961018176
0.048524783510976915,-0.001996344363129874,0.06888486914189561
-0.02586747407102447,-0.01645036359602711,-0.012121973707987493
0.061588437432667495,0.01995458908477202,0.11804093429859036
-0.023393640339220673,-0.06582145352409371,-0.07879049337776356
0.016885780952792882,0.06450699779593248,-0.024020186908497426
0.011194739330552492,0.006512844009266862,0.013987841867504501
-0.05840403808558245,0.07181117371211265,0.034891152191548085
-0.0911280610940599,0.009981803730166015,0.018837586768159262
-0.049462622313685825,-0.04671492708083433,0.03578241213717523
-0.03478271913286343,0.03107335545189884,0.030451545162415924
-0.023814209635795818,-0.01285322130988872,0.021360707936419643
0.09938621318456836,0.0016300977689719404,-0.013825615878664028
0.00877146449691231,-0.04100294015924978,0.03426534489542482
-0.012913744178947287,0.03402351472752375,-0.03266208735354934
0.0780583455854397,-0.04380195820459299,-0.034349648486724824
0.04054103539585391,-0.030934804832010825,-0.06385368329631233
0.025289553712776643,0.015382976166638342,-0.011955904093039961
0.03772155696953481,0.07603399722687663,0.004680811069688949
0.015959677389092774,0.059292293693774464,-0.003986292069840882
-0.019519156343260333,-0.028213236541533585,-0.015279403494117461
0.0028780824697542187,-0.01054806497158324,0.05964985767495823
-0.01729742358382427,-0.04923515261499188,0.015229948314397628
-0.032434745079579955,0.06883297353418691,-0.028337320038739365
-0.01103699034004766,-0.005008802254503196,0.009860560093442376
0.10498689711177792,0.028917769546933654,0.028209451400340473
-0.008816313322516329,0.026612161828725684,0.10205450612640525
0.0038260540123657427,0.0370149082861044,0.016150512511739153
0.06913327281433783,-0.09728315530974598,0.08547244482132735
-0.008327925415974735,0.11016098763852052,0.06473098652616915
0.05205265238414443,0.03426860543794476,0.010622072476087508
0.03803821692738511,0.06569219741146257,-0.001610055531479332
-0.04726942401361635,-0.015831848916494105,-0.05195472959004743
-0.037316886717946654,-0.004381855443085994,0.03177678034587439
0.027463249952641468,0.025367662019825023,-0.02617972794179236
0.015631056047575278,0.04819342225480938,-0.04367341845854675
-0.018074951854078432,0.009521601373588784,0.032951176523671424
-0.04468437735243356,-0.009109958418800681,-0.0033922398418785495
0.03667721688558983,0.019012841085411052,-0.01970967691553631
-0.001578556139163089,0.07587172443665392,0.05158567352949309
0.02724201038048267,0.0935841434288423,0.03692118917003652
-0.03937799205096292,-0.029582695760659493,-0.04249575674761805
-0.03612872189939591,0.1074724682009059,-0.003686365459467973
-0.1082823167690645,0.01265419901024337,0.015540456131741095
0.049502981519249645,0.035060031569189985,0.04206848112458835
0.05339379309923698,0.06769469751059434,0.022470496637994164
-0.08473771412620298,0.012555544261997398,-0.0041238994287072575
0.028103281259545126,-0.11306157600962193,-0.05467520739141547
-0.017873840382871545,-0.0034113440380835218,-0.03483580705454936
0.00314251752533732,-0.042860208218983814,-0.12780228437756624
0.0578683653300291,0.08201967532350582,-0.05838756755950184
0.03948221789734544,-0.040859632073246326,-0.034574536891519486
-0.09950142852213317,0.006254485011345776,-0.00516269514053631
-0.0671033949189476,-0.07040738138518132,0.07254705430397772
-0.02136803096451935,-0.0108195102686058,0.03354397575073053
0.009584422886887208,-0.037901357571782715,0.036099882085047684
-0.017753228920929124,0.07984973854662342,0.10924410337855643
0.036998049366650194,0.04317273131067175,0.03592989126713979
-0.030681618026589884,0.044375498616359865,0.026932732364159023
-0.022216071834076916,0.04556097408095039,0.02428926858695348
-0.002804122944245916,-0.008389244984032169,-0.002146974514940372
-0.0004997385029041432,-0.06254719734008277,-0.07532249962135333
0.06078959482336207,0.018414597431319048,0.023955595644958166
0.01416091179444227,-0.030451436255540146,-0.05288043895892553
0.023280175202031655,0.02258497991870263,-0.03933357651989997
-0.09491845569269204,-0.022961905409172756,0.04474129784147101
-0.008811324674237495,0.003583503397593584,-0.01631167336107065
-0.052190465168754197,0.03389415917373374,0.03775259606190672
-0.053811661074728484,0.0851708041374598,-0.024955285423605582
0.013904110380554368,0.03686682737873442,0.004367903812523803
-0.05235265834656227,0.05408235317295868,-0.0034094652007409126
-0.0015057538329796322,-0.04725816260117629,-0.007675129840176016
-0.014075250430737422,0.02838462577147337,0.05333406201538829
0.10735724858640823,0.03627125545698924,-0.09764821663302424
-0.019343269182403897,0.0038299055784397984,-0.10661777215596048
0.01848404730250833,0.047311785098648675,-0.04078881911497911
-0.05800494850074519,0.04124354241548882,-0.02684975283798458
0.08848523873828187,-0.052557626531608684,-0.029334530766261635
0.05956688497085854,-0.015189478523060804,0.05414604034987159
0.001996490041387316,0.019390502610013138,-0.0685588581730897
-0.03295009966256762,0.1332601375063592,-0.01464711810815795
0.010013678934619881,-0.02930208823381812,-0.071559401296931
0.0021573213546712206,-0.0572428768929583,0.09889946548805141
-0.037122342800811815,-0.0076885067562086126,-0.024634049430043412
0.038768575448852254,0.057113630308369884,-0.010497873742766952
0.014153404572607803,-0.046095587841749504,-0.00291160052772049
0.05265668546085832,-0.00690082874892543,0.06316778742986555
0.06889101848185393,-0.03269814882310766,-0.07419035519456053
0.048603000963492154,-0.04346071205710027,0.017605898892534333
-0.03946192122567065,-0.04207636529458643,-0.010888866487521923
-0.05573736185447287,0.02699426898468063,-0.01829569312057517
0.04696768081489047,0.0290384084230595,0.009921287434740033
-0.06803129872747785,0.044233705979453614,-0.07508580473131617
-0.038332737252615844,-0.009037596755140284,0.04344968329821253
0.03967377426857806,0.014601489242534672,-0.005837456774013116
-0.07384836834349964,-0.009851485828381351,-0.034222312519740616
-0.015492466448611826,0.0441619510503338,0.00045008776637252106
-0.012459678076393498,-0.0428053310315982,-0.026022169376903714
0.03537830823611164,-0.04797316435729358,0.09526209564718231
-0.07107972595319514,0.1669978314611414,-0.002720293263405559
-0.010273041297128242,-0.02078423527821124,0.023070170865131138
-0.02347117962895728,0.03762683932465677,0.025461296115443868
-0.0003835719545354638,-0.0044049694547902115,0.03756055629609189
-0.03345970874115149,0.03706297063066495,-0.04457679566649868
0.001157137524163139,-0.0817989996423973,0.004715409438775901
-0.023960507725585604,-0.03436311993939929,0.006452646397222862
0.03739881284047341,-0.04557076440801136,0.014595752163405881
0.08009711575026233,0.07924373526963517,-0.026945004237478976
0.0037810594917907954,-0.0008619578672668278,-0.03443020710632803
-0.08589887443915725,0.05686580174102174,-0.0208059065601972
-0.07927138256789187,-0.05370116707298541,0.03510910829738702
-0.05270915313410149,0.06609454808154515,-0.026241719485229735
0.06077155509279174,0.06381738843805097,-0.04809265236571096
0.036166940425232,-0.008817763586479281,-0.027107220311764206
0.0717979175840392,0.053827017498908045,-0.034618934330731356
-0.002664815198892126,-0.07708795715296998,0.06765245541208192
0.025521921330391377,-0.02952487599817913,-0.02462778660433062
0.03110153315423559,-0.08673508465266785,-0.06669487716086925
-0.057188766759650574,-0.013912790002821949,0.05416793655196316
0.008572676299270495,0.015811406066849106,-0.07218434893352438
0.10423740230079519,0.06166152283301827,-0.038346750017417885
-0.023456260569850708,0.0040711572946707675,-0.05243226641440479
-0.014765363435822736,-0.05913028970558265,0.06440418394761713
0.03452938591464497,-0.04732988179769531,-0.03596119660424913
-0.06440716331772424,-0.08587661073580183,0.01537558819080289
-0.0075421683077803135,-0.07451175088977946,-0.04393921459037183
-0.013611059890311968,-0.01595476087852541,0.10354190763913423
0.007775057755655578,-0.07143293404420197,-0.11505801883621142
0.02526864416449019,0.05389351604860368,-0.005195147177984114
0.01690200270240804,-0.019064194969294956,0.0187273383886664
-0.08122678241666767,-0.014047258098044418,0.019560009794950428
-0.04491082981936109,-0.038292888085076776,-0.04371773603696161
-0.010857025412021177,-0.01465113245359754,0.004429790335620305
-0.1019940813058701,-0.007068982079360693,-0.011853170409844804
-0.03368947147888668,-0.04215069986194445,-0.05397565839401844
-0.08694213070579929,-0.0006215002960637192,-0.02370907173514558
-0.043822477511251456,0.03346875846759661,0.014566976768710542
-0.020621800170894697,0.020800650693101542,0.0019000618407510085
-0.0925791872797558,0.0044701748281831995,0.018393964785099932
-0.008657987629953314,-0.05941989782517345,0.03397883040514741
-0.09068382351840956,0.0034370134327935745,-0.026817880276261866
-0.0635072975639026,-0.057441564237956974,-0.045067499342523756
-0.06307909442488067,-0.1295370033239563,0.06074678454581184
-0.07643822217921653,0.000835364143033885,0.011462902748429295
-0.09470058358151738,0.00030092751057160874,-0.031220463860620114
0.030187650327007785,0.036553554566641014,-0.06794583691083159
0.01932433107046106,-0.08355468112432246,0.029260760166321412
0.14642099206630474,0.06445205220797105,-0.012848232383272918
0.044001004746069855,-0.09861078212618925,-0.014911534684493112
0.006119544016887007,0.005241699640219921,-0.09125866040468286
-0.0256398309324997,-0.09513241765765669,0.005932951400803615
-0.08330910078684658,-0.029514202787615677,-0.07970154906106872
0.015295481544884287,0.017915996844391723,-0.09066753396416821
-0.06423414184416748,-0.04949659946939033,0.08482252507657836
-0.03923222062058768,-0.06867686603177708,0.05472060416088611
-0.0842278071687504,0.014239507976748063,-0.011687479926331389
-0.014832646578570436,-0.04661974839583233,0.03781869827667658
0.08159216343272649,-0.03823776568329418,-0.04181369168161437
0.00666559885972335,0.07795746645624355,0.05093275325634767
0.018044802800775517,0.0007685614941065413,-0.018991671359468512
-0.006348130011250801,-0.12664841280949835,-0.05195139348342012
0.03642612684302501,0.009498690367804097,0.02685706983316718
-0.045007363321665037,-0.06540007360211172,-0.04009520832488994
0.035273757985815016,-0.09651439884933866,0.0012599933663749417
-0.08377537270094321,-0.030160347453627234,0.00017478361688244223
0.05922326650498383,0.010069976785148767,0.045582576251618864
-0.0022163468732499976,-0.09523073531140722,-0.1172897311387176
0.043435967008076774,-0.059329425626561995,-0.1355111344049697
-0.024787930634137072,-0.06888064140349591,-0.006934943051729415
-0.08279297274859118,0.11051624788190631,-0.003294511259913393
0.003921304553921461,-0.04729141411269262,-0.0311873096638558
-0.06188045821339937,-0.03302737654199024,-0.007478324147155475
-0.13641033280318418,-0.008004652784931126,-0.05188206172763509
-0.033034720219609265,-0.0006000667701773939,0.013235957287362578
-0.07715608264670239,-0.01887511496463108,-0.03790905568246613
0.029449718808907868,-0.0001189165454688508,-0.022732666406205495
0.06836857486710679,-0.022572187605793475,0.09060426074353012
-0.09069500511764994,-0.027198662336954175,-0.06207198593899946
-0.12268565069746977,-0.00027267125578421536,-0.05270070985866447
0.0810643899117539,-0.038398585502278454,-0.04278257771915446
-0.06135106253608591,-0.02683041761838482,-0.09273697834283169
-0.06655611904285026,-0.0675698765416019,-0.010780934443272076
-0.028526662440655687,-0.01971289013874457,0.018040461806485896
-0.002209063582735475,-0.03290996222010133,-0.04124637499931224
-0.006353671711019174,-0.0014050200964760631,-0.02530838663043715
-0.07490759919731103,-0.0035018691819811675,0.02208554624956269
0.04477664980851543,-0.05164814109051667,-0.05399160563791755
0.024044791776283502,-0.01218922861100852,-0.06326217028433109
-0.13497218994989738,0.004758704918697194,-0.07712401799028026
-0.09300659762254913,-0.05408808448845787,0.07490359372539956
-0.018982458654165497,-0.03070973475741432,0.014858282581902301
-0.007301398025815128,-0.015986593300612726,-0.09851878402282191
0.06418589023703028,-0.02428099052893021,0.06785507093022282
-0.04764292262865835,-0.0745697733119679,-0.00010802782515860823
-0.013621962792293154,0.06058732976811019,-0.06646938607067487
-0.10475371135344207,0.049375022188112,-0.04136768190501979
0.0008569823728808677,0.045428733522139,0.02192061542644714
-0.011637636782176337,-0.04515939524688409,-0.13364706948348554
-0.08178447166896426,0.044374197562120674,-0.02645863010386614
-0.08246212661764582,0.030193057287889243,0.001428395717166995
-0.04891260585268892,-0.020219524707366314,-0.06991257204368634
-0.02119339795325725,-0.040092540484592175,-0.0660985348134255
-0.019464204739578484,0.0041107054898195244,-0.05122247525415221
0.12969287371307925,-0.007430672268053197,-0.08496659388782665
-0.0267323679984832,-0.04997048298448221,-0.058719258277850246
-0.10640898776291972,0.078723275203992,0.0269990514349451
-0.055815010018468635,0.00016957223497937948,0.009956790725702536
-0.01804793840026922,-0.02372324666945802,-0.05981769639778308
0.050398825875477275,-0.10684607443848909,0.03540590225260524
-0.09520748348094368,-0.09165427233691796,-0.05847309605819154
-0.10544640481302411,-0.0060387909653877945,-0.07413270183634926
0.03410517440321672,0.0103729063207507,0.05024187253653146
-0.001278843868855531,0.08739095097885163,0.013538730693588137
0.026849376363951856,0.05697537605847242,0.023027416201283755
-0.019314079968398987,-0.07680195937441274,-0.012434625006748617
0.10468566426737816,-0.07747107657845148,0.03423558973188181
-0.08004652588918942,-0.016202943843396992,0.04413655643587308
-0.01050352659647111,-0.11200902479717753,-0.1345819586571847
0.005726187498991007,-0.05209631728727401,0.10071219727006422
-0.005865262503360074,0.08638578124234178,0.10587307294866369
-0.03376336278666643,-0.044164486248228746,0.031171999064015774
-0.0870601435541323,0.05829199613848957,-0.01550800034192219
0.0037515700835316426,-0.004047889050798852,-0.039201881513437946
-0.01344295550012111,-0.03714054734459476,0.013278513115158128
-0.00396124839962877,-0.04547263761907526,0.009651793069573533
0.01732286016105817,-0.032657964088577594,0.020878585072606617
-0.0189720576105077,-0.039561253169946506,-0.017767092832078824
-0.10147874749720746,-0.07668908947845883,-0.03351169443557652
0.019397178000814447,0.039727356841346866,0.07533141793294444
-0.015618127206148476,-0.020907405413141903,-0.034505132561095775
-0.02548053464000622,-0.062499035954091495,-0.0321068815354594
-0.08334042720867647,0.010434738711714199,-0.0525261504481332
-0.06275179376538316,0.03111896897674654,-0.0826269682033687
-0.08048942887214747,-0.0398200741310929,-0.013175945449682981
0.08916742886900621,0.07264680118245094,0.0021152066729721985
-0.046438669689486345,-0.022016630900174004,0.05207484094763434
0.017265813813912845,0.05715536429176927,-0.01632613307348148
-0.0018097026928183954,-0.024043674123339402,0.0156447587468183
0.011480922047195218,-0.013585002372149393,-0.10261870680518421
0.05794224092166889,0.09007192299011854,0.014255359922680094
0.019258719869627836,0.009596845463128929,-0.06275162002963305
-0.03633377964112611,-0.055509980700609834,0.0761478079562295
-0.06534369680148434,-0.06402293257104004,0.03150889792796405
0.031705215558659204,-0.061952005165143854,0.036921571340809166
0.02007215241432434,0.0947023731767839,-0.022139967670807306
-0.040008432133836626,-0.02327187832005529,-0.10104592076692771
-0.010226095279470283,0.06469401334868438,0.03056944520476647
-0.00013839761768060215,-0.0650999941900482,-0.04588901822762329
-0.04704297884052061,-0.06311703597757548,-0.006075163860510512
0.02075832820756923,-0.03833376776942689,0.03510343947921204
0.010776395673289065,0.011188626686348,0.09011077512328446
-0.06884338378883613,-0.09065766368393255,0.00334543386885172
-0.042729442378428184,0.02690454417078486,0.06658665610225621
0.02026091150569406,0.07791170272881716,-0.03145387049740964
0.13087845487670857,0.005588485939231911,-0.1218029739983451
0.03273444477236947,-0.024373874517002923,-0.044955719943943116
0.029068648804499046,-0.03445397904077246,-0.008359958997762545
0.009547831185955678,-0.07805703912388497,-0.06713725387018493
-0.05782026675825835,0.08380853059363276,0.06116590424366929
-0.03995315962118338,-0.05262647966763167,0.03752081995025442
-0.04166539510812318,0.06574375086547825,-0.07060663458858549
0.038981979055307425,0.1117375597908508,-0.03601173599796273
-0.06903175059804649,-0.047492454975164695,-0.031088197956058484
0.04811546705267942,-0.0332785374942669,-0.032734930056683466
0.020534638683219513,-0.03610331975553689,0.07802159848577139
0.033432700381009366,0.02263144911510179,-0.033318503597742986
-0.04941087501469398,0.06601402939424911,-0.04131528838831491
0.015869445413389135,-0.06602935588553704,0.017882857573244038
0.043827016429322144,0.023754510951170132,-0.006361847755574603
-0.02831526719862625,-0.08862245917421513,0.07328565620849442
-0.07982235978135771,0.015320941358711341,-0.0632835336376464
0.027452644294824545,0.02311721271587035,-0.006690898457771084
0.006323450376448679,0.03708174481526501,0.04741255651656412
0.003003460457164567,-0.007376278379956469,-0.039415755785075765
-0.0066897421019712616,-0.005651894384205063,-0.0667576520541295
-0.027527300693046455,0.06452331734902975,0.027558482961890157
-0.07333469422806563,-0.006903347545456927,-0.05021344640397743
-0.07162012524564795,0.020054059717545352,-0.07646259111310959
0.03564586148654266,0.00510886473806672,0.07846505706246468
-0.045221177242180305,-0.02760495065955058,0.05627643118922396
0.05895228166265734,0.0321533386391336,0.06144071595043503
0.11702812460606435,0.009529183851135933,-0.015930166907924266
-0.04810822386637098,-0.06855721049920466,0.05160526526915625
0.10436557517435822,0.07999952322368221,0.0029169214039146806
0.007877781839645378,0.07200562471639846,-0.031230086193025232
0.04228188359515604,0.022324771506977974,0.0015241268644681336
-0.016064492871282938,0.042130787803704835,-0.05961254564141295
-0.08904348048977735,-0.0463469413489756,-0.03130184419729718
-0.03950581979740311,-0.00023489009402448066,-0.0015203481602073556
0.008213721666805836,-0.04003434278157874,-0.08018269011292559
-0.014074303101629226,0.017793504245288857,0.024050302063544127
-0.01983897699833126,-0.02919876042965673,0.01900487918872267
0.031473248803092616,-0.009562322605865311,0.018766842913433612
-0.035813850039335564,-0.1144338346919339,-0.10035447422149642
0.005242039696148949,0.014365623786231088,0.04380605336284188
0.0004675736765115514,-0.09784973530263454,0.015073543796434146
-0.014687519129940069,-0.07394622349263108,0.02445546202117928
-0.048876868421865186,-0.023680841185130773,0.016217509924873835
0.05490568004939364,0.04023048335629771,0.03209008934616093
0.042756534418633654,0.04249914467367431,0.037983420007519676
0.003340019150938199,0.07662519778014293,0.06236415152963626
0.012453485790348256,-0.054207163815303765,-0.09435001713966969
0.02663051299406504,0.08103791584457108,-0.04143901310899461
-0.09669894286001125,0.14105410343831776,-0.001465547397383412
-0.008628127320622325,0.0021083848108708406,0.0801231741964687
0.04288076143867119,0.026272272861566234,0.03611239144220386
0.006998527166844452,0.012645297030710042,0.09054902571121573
0.06148194474354443,0.08208103845084061,-0.040292526112978524
0.061552751783735066,0.017707022269514254,0.03494715949375184
0.012717042264917822,0.06754149443094955,-0.019098026271040507
0.02222239388761976,-0.03140456001353856,-0.09157352760961568
0.05527448004058373,-0.10493050044664776,0.028625361516795487
-0.009286449802862359,-0.04284300141746179,-0.0024625798685869154
0.046601999836703475,-0.0272238293592253,0.009204028763447166
0.032740167994223524,0.015657053347099492,0.09907676618413844
-0.006629126110120672,-0.042459481494669285,0.026376608989859267
0.047151237375507346,-0.005118598852677882,0.039327815350664284
0.09280670370862706,-0.09095955294488156,-0.025757093392042935
0.09917521123287004,-0.07846174389392244,0.19066321179848222
-0.0059701975958264,-0.01295575212789716,0.03221468826656283
0.02565675246419501,-0.05132502368995499,0.0027431110369890432
-0.06982704610556417,0.10532848567994679,-0.05498422185020281
-0.04632532043985092,0.0880815358323402,0.015216809094389716
0.05749110495041554,0.07150207900248172,-0.016447859156093272
-0.02091691757730086,0.023042372150497842,-0.04049775757482658
0.041173320125986575,0.055394977525576386,0.01940039539085854
-0.0017886738569954097,0.12053749649608264,0.058075651791889435
-0.054126139941272675,0.036282436778180445,-0.03485502560899884
0.06603297611730577,0.0989910884469504,-0.012578761557664169
0.08272372674587405,-0.07019388810412161,0.046616212499445114
0.008055415330336328,0.01610379269350884,0.028108168962555677
-0.058883674809493504,-0.018861722593588863,0.06661991513349436
0.03399701205565437,-0.02072099637324063,-0.07512102406873628
-0.04551063237042601,0.04509096751135408,0.020919666922380103
0.021760145449924686,-0.034968368050296086,0.053178555581101655
0.01163939858522657,0.0039894335941699464,0.05287537199830962
0.07700913947811754,-0.06741079701937423,0.056763111834644615
-0.01687586117219669,0.12277713054369581,0.022102746035832163
-0.033957550364503444,0.035910862679499625,0.026546040054418928
0.0666300810400938,-0.02052211584884251,-0.020839794381074604
-0.10450849432467851,0.06252976938908503,0.06123027635492016
0.09521870204753609,0.09526938946339918,0.054936289625052606
-0.018655149418892517,0.1101243610356531,-0.0010832267069163966
0.10053854950206874,-0.04435330656743465,0.005178214162381935
0.004449960188440065,-0.030522883869991746,-0.05408617371254216
-0.047063347070148906,-0.055593135394331736,0.01619237585976742
-0.013268267388143934,0.15222163772420788,0.04599848073773062
0.10030163918884481,0.047240873472178195,0.04931580063434016
0.013981409459954627,-0.01370092824684608,0.009060798270689844
-0.02079484916920944,-0.006384190610475401,0.03785572270539665
0.013739134547018556,0.00863061043543601,-0.09197632964252185
0.1315031762745991,0.026277099624093147,-0.008109441999012527
-0.006698906851239288,0.09612309919558785,-0.023372917757936516
-0.05734294721788369,0.07266559744181826,0.002587787872604691
0.020401299747754623,0.0547068682983166,0.07641007980617254
-0.0032754878547005747,0.09709371284695388,-0.016140722035812294
0.043332281535696945,0.04404626243302298,0.08457072091359863
0.01312276742875547,0.0038419650394419073,0.017013963411293385
0.000683818097709548,0.02741877088084662,0.07597999566511657
0.08576772377012028,0.05122855847049805,-0.0075934987893472375
0.022123611039782727,0.001648019891519744,-0.0006725628919325641
0.009693619460759785,-0.06537002979371637,0.04053505146913436
0.021228144337275427,0.020918252102213247,-0.01968271926506157
0.06862621524269867,0.06443006239470367,0.07845749012863867
0.027243878374854546,-0.041278761723720137,0.10900243648479263
0.03628501566207841,0.02958068762352449,-0.00816270667881485
-0.02432286628967439,0.09851264979986778,-0.046554843173333665
0.005572764697159522,-0.019641735541863298,0.01672806589932865
-0.03679272497996475,0.10298228194176696,0.08158613648144654
-0.06041680106486231,-0.03423121386636164,-0.04110874654333233
0.019245119236670577,0.07375848868832915,0.07038097700746745
0.026595793627952502,-0.016758416180795998,-0.013934349915269487
-0.07585913742076056,-0.005348511600031913,0.0025578518362868383
0.021601557771204528,0.06369116993606064,-0.02625517363151872
-0.019736520298231666,0.0346393972038367,-0.03322643009703946
-0.006089150352548971,-0.007500961095824259,-0.029538082134755707
0.06702665512392256,0.07136818705205603,-0.005798724941823794
0.055290529591172484,0.09611526582590413,-0.05661256897980276
-0.0038309519845452743,-0.04861477988963269,0.07531817778472125
-0.005568693727531337,0.11586289319573917,0.049482149619282045
-0.0086197807245019,-0.03146854517813544,0.02508491178659506
-0.04267382762157407,-0.02586703055971681,0.010906495144397402
0.038255164798793165,0.005922880435966371,-0.009329354190707774
-0.013953840303587876,-0.05850257036545528,0.024231303638269974
-0.012236846339276634,0.020806377761413915,-0.028255704662590846
0.0004103227944800905,0.004986712180116707,0.04199481324046073
0.005724215693765331,-0.0782246224705368,-0.06372756864057802
0.03175646988953418,0.07770449771476329,0.0036573539443578683
0.021257858544933183,-0.027790559516693396,0.01010364167344552
0.05629045635638568,0.061375869360352324,0.09049961236697965
0.0240854557838174,0.07408780123569342,-0.01188080870219017
0.02532973803456311,0.088261561495428,0.03818887393564391
0.04883187388312239,0.08117516094932409,0.06700438357153354
0.06310791266265688,0.10787512177095326,0.08938415449640538
0.01921493926701819,0.1456665440311139,0.00507842691998662
-0.01241691208083916,-0.043211237895262676,-0.051681571253013876
0.030785929910853885,-0.005226391266353991,0.08062327898719383
0.01676240430037003,0.057682357502532956,-0.0040062006717656515
-0.006742184522050023,0.05966240457926604,0.021167383590625737
0.035393862460441766,-0.020780054566602597,-0.006136980803674096
0.057404072662976424,0.07822740315849534,0.009976138620088993
0.015434851264785769,-0.05714117689372782,-0.06386273150469612
0.016848252134430874,-0.0197364822687776,0.002715964376491655
0.0464284484042904,0.047208663046924705,-0.01844666376196069
0.05734351814155167,-0.022201341536680606,0.05362043316767892
0.06830623865159796,0.0024645949615858097,0.07867646526569266
0.008770561825496095,0.013784344269061893,0.027699812062074884
-0.027762822422241405,-0.047933909054881874,0.06741400893575104
0.05883575557479221,0.10343124243453147,-0.016133852383015138
-0.02950240245089665,-0.00712320429477982,0.052219070778308924
-0.013498509446749758,0.04070796033827115,0.012889949036468545
0.028187572615845,-0.07048893501971422,0.08651490930133719
0.0744616009051333,-0.02571408696496815,0.03733287978049157
0.010887154984222804,-0.022375694659119403,0.035871229272956676
-0.03364695282470988,-0.016108610764475773,-0.0027049645002461195
0.05765058250108817,0.0252693328165775,-0.01053618814520423
-0.005114838883075231,0.045257559670079536,-0.06683497735541848
-0.05469619336043167,0.00974013355085735,-0.011733680530977184
-0.004857344908968282,-0.0035950985030237595,0.060797616879633004
0.02903114220392622,-0.048539128168755524,0.1542391173325972
0.06719480731192957,0.018995175927169976,0.021717846044478434
0.043107340064353315,0.041295525865529266,-0.034918428085977615
0.07202758362702359,0.004904423464882127,0.030891957238180764
0.015088395383705993,-0.08060221841857541,-0.07424487707264621
0.008908573430839,-0.029157618839108806,-0.036957718952317725
-0.09914844073844059,0.10949725381499659,-0.02900777449992052
0.017509255372068083,0.08831696316017552,-0.021222546413912937
0.03009502220874668,0.004554001607806344,0.061877161236307605
0.04725035843414141,0.07948875280844199,-0.015936241210396614
0.009170552647948048,-0.032868365192276094,-0.04118315725524077
0.06285333978975108,0.061880344994391184,0.03763742862054412
0.062399912367076246,0.007198284033944024,0.07659349023371387
-0.024361441192474614,0.0547115106989115,-0.04568371574359063
0.0195730416902818,0.00644388183598454,0.016838214309536186
0.07007912422963491,0.03751500565323733,-0.07228231142724156
-0.005684020693899339,0.010479191962064087,-0.02860348599129941
0.05882284720566648,-0.01787738340266774,0.0023087357159018154
0.08253210668064835,0.07327682010130238,-0.004096277187875558
-0.05322112792892796,0.026213308619979808,-0.0647302221561673
-0.03274113357373131,-0.06619676560212194,0.06780595230452639
-0.04199631005237435,0.05171488566389945,0.07901533390626682
0.04864508942808619,-0.05280437849907947,-0.005759023268268571
0.0004941856612447199,-0.06513584150703536,-0.017883602014691143
-0.019010553678709602,0.031531228138219965,0.052309342482174816
-0.04602193228121356,0.07698343340576091,-0.006496424524530047
0.003570786897784623,0.06359240431785275,-0.049000004016648044
-0.003729486836376272,-0.035051632271931366,0.00031176295641456835
-0.008025881348413266,0.05485414278185342,-0.023342682121649375
0.059793887031437544,-0.025496595037742,0.10729585942865007
-0.0016320610849667435,0.017657719192101448,0.03396098173956152
-0.03632563682414849,0.004964536495783841,0.012404588563811682
0.05053871191662071,0.07881877198356571,-0.019910586459350246
0.0783023284612053,-0.0013145812159323861,-0.008799055145232406
0.025672918253956664,-0.057254586324412195,-0.044127137991547875
0.06402826217759645,0.025000106318430585,0.09806487060795714
-0.05365928194038466,0.059978143083253804,0.06068042298249639
-0.07705539663516849,0.05744718676161251,-0.03459503984877443
-0.0907833305653191,0.056291790029655515,-0.014673813926949055
0.07803287682967634,-0.002930659680931393,0.0031025525452194423
-0.06194501964926078,0.006145269742461326,0.004934737427617658
0.05152430040069409,-0.07466770592078825,-0.010322560612632864
0.009929875597838183,0.12764728660864832,-0.11566186639927206
-0.018710470642813223,-0.0512469714312378,0.009795656082071285
0.09406230479269032,-0.16187849059286663,0.009101138886928671
0.024827952735923683,-0.051818369801706614,0.03676179244679024
-0.004133031499549887,0.07372769365735873,-0.12250253952091752
-0.006776683845378099,0.042549499335808795,-0.007746447329823747
-0.047834057564580174,-0.07980424796658658,0.049321799548701084
-0.08022809448134258,0.005437921938464431,-0.07260712949386472
0.03503716410120207,0.09862168829030583,0.04181033233485304
0.017052056180205718,0.0607642759398439,-0.05978825804864185
-0.07854559076100912,0.0523124059112896,-0.03489843564531496
0.053237895376317644,-0.024005187743533395,0.024373873778662965
0.002088872506650707,-0.05533090106509174,-0.008089934856712435
0.05469402441581721,-0.005700452238638915,0.09391558842587178
-0.023927502693914766,-0.11088098983467531,-0.00541917168075306
-0.14621405877531918,0.00855283749024811,0.04484006900475355
0.0226299263944983,-0.051902826529864936,0.009539239180499275
-0.01753933783093492,-0.06492324453408123,-0.05861158154434385
-0.0032683584252235537,0.030153074655328044,-0.01069600429444927
0.0560213319249757,-0.05890334725967156,0.08299788342508982
0.10494875895210459,-0.0007747480492378027,-0.06379613294630772
0.05076537487159099,0.06769043791568975,0.018441249053353266
-0.04147413320917827,-0.007808035316178864,0.03010761913070445
-0.08407749920916552,-0.00362060000804646,-0.06710628923218938
-0.04080642694045875,-0.06308696591755941,0.029532214169341972
-0.05933741461486905,-0.08487025028943697,0.030179887490577623
0.044035777231617744,-0.022094414685107387,-0.018224171652174364
-0.04898501181810745,-0.02678023540450255,-0.06737498524006438
0.010217055838027459,-0.029609615529097986,-0.09597133225218335
-0.13451154999213238,-0.012175248890703119,-0.07962229165152045
-0.022261001719404386,-0.029547267821310133,-0.01833995871485507
0.07488048872199428,-0.0760023467028316,0.09155657262986457
0.07598193747896553,-0.0013594905487665726,0.022099917128323876
-0.04071416548500463,-0.007976228548768602,0.01737932900711639
-0.04550478289435046,-0.03906446905146345,-0.027162197815845855
-0.05961815702070365,-0.0313776946024996,0.058144989383055116
0.028713110167720175,-0.033712091877558914,0.022361785775072168
-0.007434667922787154,-0.0313455693747486,-0.03544819706869094
0.050302298461685616,-0.10215215260960886,0.041910750485103766
0.030883605544678387,-0.02409047542865176,-0.06796547725238372
0.07213647585996669,-0.03579287112387795,-0.017889323318972347
-0.018961788408642113,-0.009932299485774905,0.03874294790565894
-0.014971805656504206,-0.04162343401445242,0.02053829626007131
0.01965831790127138,-0.019538904521399083,0.017534272404783575
0.01105129644032692,0.03435121183844352,0.06592594020841683
0.07429458479185216,-0.017685104711335733,-0.04513436885008334
-0.12275585297362623,0.044033880811802685,0.056337915959288866
-0.007827850567865679,0.09498219647082454,-0.032890768382058594
0.014493185273791821,0.023603639452330707,-0.008241141637916696
-0.0640873982448059,0.00010993435238857395,0.05320855556155209
0.021684108567858768,-0.04629080329697761,-0.13185633282255824
0.0036285824097583904,-0.002207039759708011,-0.1405946078479849
0.0214562861430148,0.019795355881428257,0.06325149118448127
-0.0070484463325497185,-0.013265062747680688,-0.03197502024936906
0.06503869522467083,0.07445587518453103,0.06591711372539229
-0.027240571760568003,-0.015054595284949669,-0.066566232428254
-0.030416350385627962,0.06915806784773675,-0.021728161001858606
-0.04702900235053593,-0.03597684877193702,-0.04355963162950194
-0.04470882697581387,-0.036441385951023246,-0.04218326304449207
0.010595846457657352,-0.020241619427115387,-0.03494900850630129
0.05594182885777164,-0.04634737826597885,-0.06779640163650208
-0.09028406571384717,0.04696710318706401,0.016576188596144188
-0.013868094359425421,-0.03455257232230343,-0.058443401581382455
0.053370341434314086,-0.05604407642471356,-0.031041727097472133
0.01937008477497238,0.019003180167727722,-0.016572323250304583
-0.016801514967139004,-0.02825213655982966,-0.07997702220731864
0.05634110933525825,-0.03904872659828985,0.017621612295652924
0.019392429602954436,0.021621601499138107,-0.01129337035065979
-0.0016795761560268706,0.013096414889172917,0.04267832537185336
-0.0653158267273573,0.02419394429324433,-0.06476909324061002
0.0151045757345231,-0.033572793397220274,-0.02931222492883616
-0.09832839934971202,-0.01314796119840902,-0.06351709440540249
-0.03127853325392328,0.0047401132743814835,0.11759263674146897
0.045752861225298494,-0.01907430037938476,0.03491207137151866
-0.05084348410494727,-0.09829796831836494,0.01993917174575904
0.06413597716594277,-0.031123217621509484,-0.09977752391115377
-0.0678787721083733,0.019135047340047142,-0.02834132161026992
0.052807352150542074,-0.026205349813418946,0.015162322838798994
-0.0410010071930996,-0.025285208737887244,-0.06942498391474661
0.03279920191064071,0.006891437667642653,-0.05577646747153604
0.04334814704580582,0.054303162118036055,0.006586094666149393
-0.054101236355131484,0.03490553174455459,-0.04731062612947603
-0.004823509706305164,-0.08422562632175813,-0.02935982311016106
0.0029980928459010583,-0.007483955560336042,-0.007523905627437225
0.011458831363495414,-0.07056125867111107,-0.009364384842045775
-0.05590681100116242,0.0015269020322137457,0.025665969227150646
-0.05252233935559314,0.019136150542553257,-0.055728381326130026
-0.04592718194932037,0.04652203633051005,0.05839661218657187
-0.07423709733199048,-0.020411680878263987,0.009528721206528406
-0.0818602284337461,-0.05328269560403877,-0.07925822353519729
-0.04858325388331375,-0.08186568352774419,-0.05675994520390862
-0.02811374089558849,-0.05062367714762761,-0.0024878916941705256
-0.07474224258784445,-0.07181599622775199,-0.06350254630897333
-0.08008867530020947,0.05787830417916065,-0.026252392037835495
-0.05286989860143358,-0.049668417039988824,0.01048868301209107
-0.09462151450356901,-0.030732977256936474,-0.011389040430936167
-0.08291225806403921,0.044937099931639544,0.03498306890964954
-0.026197308864545642,0.029797017773817512,-0.06716204637181916
-0.004076913909399297,-0.060580025060597065,0.021810155011089686
-0.11529183182688826,-0.06487151035019877,-0.02944723823944334
0.016883898041107563,-0.06817401097063783,-0.029668107592869742
-0.028448144529590956,-0.0016580141939301074,0.011964407855319426
-0.04252336246190282,0.014171243921162435,-0.048592083464535085
-0.017927691767956288,-0.050140168327873734,0.09967455473268881
0.038078055790702725,0.010825775398725205,-0.011357050877525462
-0.015337058320081025,-0.017807359335534453,-0.0024645117247642234
-0.15363182794957636,0.030520705259754012,0.02125195909550042
0.03005639661278785,-0.032000429986694286,-0.08160760047477018
0.0470353708437956,-0.025332084028687744,-0.09424636695663144
-0.003705897280041826,-0.06554545513483154,0.04306809147338203
-0.006933853551364801,0.03595480213615408,-0.024946895552108595
0.03038781053856328,-0.10872400099534692,-0.03277903809399694
0.10098764100918135,-0.06338001454171141,-0.02033333456920543
-0.07819386661821441,-0.02513760076881366,-0.06259434620444908
-0.05738966120182033,-0.02382425074939605,-0.010632928630143158
-0.059542268233862036,0.0397073000925139,-0.026707989385838314
-0.0686042870116249,-0.09274612857066339,0.03530780436072668
-0.07644341702526485,0.05498465046018264,-0.047507198931288255
-0.0013555262891840822,-0.03762535381822074,-0.07555596538397359
0.006053515106720302,0.10053191607785807,0.01917921364993191
-0.005749635368713181,-0.06608321580893316,-0.08382948959918272
-0.08821885368129674,-0.05351448227096016,-0.05421919950186564
-0.002331478398024247,0.07371445870951253,-0.13453365146834145
0.002340406155573148,0.020670654055122334,0.01999926989354322
0.007415627066291976,-0.06397066265393318,-0.0412140332214942
-0.021719967194308205,-0.057996709340172994,0.04874663656596975
-0.13623036718779263,-0.06361830756115124,0.0012364818532449827
-0.061854837502027256,0.06532320659013706,-0.07395233421289517
-0.0031915315523593293,-0.047482452958270756,-0.009855240987871543
0.008206035887519655,-0.055095071244052114,0.05189756459843016
-0.080636718595262,-0.04776150327631419,-0.0021270792192096717
-0.005971434667398769,-0.04762967527509307,0.016243105392723733
-0.03515813743851787,0.021886497173918766,0.02637284083471777
-0.061263216113889095,-0.05259246007249785,0.02493362112004109
0.02702120103271945,-0.024594327431778713,0.042405103976516825
-0.01623099867046215,-0.0030214432480971786,-0.028036985514361103
-0.006037561420138036,-0.06391081844810718,0.06503361819536647
-0.014583814420609149,-0.01697453309824016,-0.05824420499261829
0.009694291121860665,-0.0809311774048963,-0.013586169267929927
0.030702674765633015,-0.03392912046714198,0.07859350621984253
-0.04565624288935699,0.021032654540975932,-0.01589925834592779
-0.030912324535864916,-0.09568977107424573,-0.10487003185302837
-0.0628746657727054,0.007487074445852046,-0.00042646544047879667
-0.11017862085320712,-0.014902622650342399,-0.00594328532076773
0.028981637172154937,-0.01579912773149099,0.03007685959730184
-0.026178053273973913,-0.01809481146422894,-0.028603498132844216
-0.09128035366454554,0.04453447592738338,-0.013206607638730971
-0.027213222076842607,0.00989687315483808,-0.11741740577268339
-0.0963565989947732,-0.06176118614092184,-0.03630633495607094
0.002314348449730514,0.013779719115403263,-0.05259664135100124
0.014636794761068102,-0.05068182413082224,-0.03472665048278132
-0.0887174168322301,-0.0035710174127565938,-0.054485053744870456
-0.03877442341546322,-0.08703851341191157,-0.036155744007942386
0.007422045268672907,-0.030804697208481724,0.0032788999047955025
-0.02539053591126028,-0.03147210629034116,-0.06933072855573921
0.030004946758459702,-0.08122423669057835,-0.04774389234638892
-0.036115696588773616,0.08178791464544558,0.012190566177040412
-0.05966336124337827,-0.05657806103137936,-0.000298386955785733
-0.10610965723237886,0.020352831569426508,0.019388236626893034
-0.07037255660799908,-0.002010395625413221,0.027520698621529255
0.005413982129082508,-0.02314153527994624,-0.028937255165725814
0.03222074882091119,-0.05981482019013204,0.05439264860109078
-0.05781881255309774,-0.002693126224163867,0.06961782659809404
0.0618002652886847,-0.08154187265040543,0.003521479465608079
-0.11857453623646905,0.06181134844025704,-0.028628827425047593
0.06220247211247594,-0.005622067848786643,0.04988544856881104
-0.03314192208466613,-0.132150020331536,-0.006481728902636531
0.02076014712052892,0.03306505666507448,0.022511514163445566
0.03695831563644695,0.024481494564978494,-0.09529672214520674
-0.08896501798433262,-0.0217768745805221,0.014618456522989742
0.0062665960817356505,-0.06778230366865215,-0.08021382707078036
0.022320877193824754,0.06141453977668107,0.04712594211826758
0.012766016269707367,-0.030777067613171727,-0.008879233054684799
0.03027022141414355,-0.030812397706200655,0.0226435190338611
-0.03898296374918276,-0.03605934351351395,0.01564468582214255
0.018789067872983567,0.015591777233573117,0.059832946260469325
-0.015733114801600653,0.009968220721775464,0.02566854649444359
0.0046286406048927295,-0.016637071910760637,0.03579918141124659
0.08486464783152188,0.005352680836423259,-0.025477985153503052
-0.11883227547585073,-0.03076955358050103,0.011489204583121238
-0.03080517908710272,0.028913373884825455,-0.018815557592753343
-0.03680378979339901,0.06905134108978313,0.006045491159645689
0.008982081194933267,-0.08743618097270675,-0.00028793747738306216
-0.039523889003997406,0.02968049383084525,0.046040092261435406
-0.013555027643765734,0.03574273197076741,0.0463453161077685
0.06449886271195515,-0.031533599286151244,-0.009901939655009597
-0.004632923502996445,0.08809639510228866,-0.0331608898831961
-0.02117473551301776,-0.035183885024672,0.0522312039923976
0.014538575359061164,0.05842218315768713,0.006244498565073933
-0.025647089327038502,0.09294213575806404,-0.028106151406292124
-0.09298213643392071,-0.048095344933149174,-0.1597051354506406
-0.03928699910009975,-0.07217183081897603,0.036144439417889036
0.03688208220797903,-0.06373185679170092,0.04280733850871897
-0.0842205750657362,0.07593420441445184,0.018496844469310846
-0.012013711747205051,0.12383704528746836,0.0887237536719203
-0.05819989095280189,0.004131553688196159,0.11517952257705383
0.08576828077449854,-0.09693304179821122,0.08585079286784834
0.012707848201695694,-0.009864692978363782,-0.0013211544798719518
0.006567364336972517,0.03744799607302237,-0.07437164680434985
-0.02839472304134596,-0.03872310597727824,-0.04141878840034626
-0.13081784046504047,-0.02203350608627256,-0.08378457693670652
0.006077767024710619,-0.0891033780661347,0.01166679114867878
-0.03894567012645845,0.04844078925499703,-0.05295435405740492
0.03266073252898427,0.01687649150683677,-0.06822179315748617
0.07005471316385016,0.012822946922373613,0.0022126489581643745
-0.07255572675595534,-0.019840105299136036,0.022367124054432478
-0.009873623951214184,-0.06200415094561891,0.039180425024989175
0.0018517477815877374,0.043584636176134756,-0.014972102285566752
-0.03201673631655346,0.07019063767252745,0.011040723309854594
0.002736154572339797,0.019684243953302198,-0.007294133258965491
-0.017719833579726695,-0.032360647112831986,0.00757774657160445
-0.031078286215825625,0.04155048735564676,-0.0998263675408914
0.022768121765104194,0.024063336759273097,0.11038514600613232
-0.0035575045108475352,-0.053532070598614805,0.032069512861898804
-0.03759919719098345,0.004931788499471068,-0.04954080134713126
-0.06443358349981856,-0.03536232686577255,0.004228967157437154
0.0005412941339514939,0.04461754243224055,-0.04343448909682594
0.04702507675279212,-0.01506136317586823,-0.05661613378047515
-0.005451839505276316,0.11400812017064796,0.018792709570629063
-0.050416208974241754,-0.06711635958124923,0.003405681144442457
0.061354394640012,-0.01636243138198719,0.02905756824725219
0.17068725657307265,-0.037790564618396624,-0.047522749763727695
0.05185507344430535,-0.004051510908744471,0.001543999109034073
-0.02285492265903995,0.008610118741241138,0.13012863140286784
0.06648710244868421,0.039452596402328836,-0.06029934811549625
0.001987235354177355,-0.004727394627932855,0.021828868439137988
0.041065685967759384,0.04796467631640373,-0.05331470873687447
-0.00018435028640935262,0.017066708438108053,0.09461581098947375
0.029625792587661133,0.01963956846968678,0.02506871221952968
-0.037446014214994244,0.0004840715952789225,0.01915766235489114
-0.017278068884529495,0.07230876294519237,-0.08359237767190776
0.05350511315473417,-0.01858278421247741,0.07008449799248272
0.023511215949821095,-0.06123257084266266,0.07155788084465303
0.014831105435032382,0.03252891198472667,0.07871112247651121
-0.043239439736926275,0.014231512373037632,0.028484068777838746
0.07172242141088073,-0.08267406656689974,0.015225862361523734
-0.0247342260198455,0.0337692920517706,-0.0011915334477853642
0.012385343474454396,0.027696002535587363,0.042502496008470385
-0.11562158881076319,0.05633521757065419,-0.08034162009839482
-0.0023163966252567943,0.014083781458633433,0.03748428949745966
-0.001172264534590373,0.09496921428302722,0.058105716419625836
-0.027235894878210862,-0.03373825444184112,-0.0054683290883125076
0.08401770206221859,-0.030533971885730427,-0.004013379127058014
0.06887268971150208,0.0626985792291804,-0.013387345048098274
0.013725500906296578,0.06177985744742308,-0.005243922867900073
0.029768374065987365,-0.10197093674381223,-0.05830028716683437
0.005600665777779539,0.05477120092037773,-0.015758337905867746
-0.05668108724414306,0.005027197506016624,0.05713771468170148
-0.06062502324309871,0.02043496815947524,0.05681225602493925
0.0004913192936549446,0.014057731470600047,-0.03447709792074344
-0.046191236597404636,0.0557090789350827,-0.035272728790487914
-0.041216096831516336,-0.0029821128445488617,0.12044389911989548
0.0823950562954926,0.06461584551922347,0.019122936558822235
-0.039990269564848246,0.029025181297100883,0.06247508411172273
0.0175695611623684,0.036934194020230494,0.006852247246495678
-0.05912236634101669,0.0651322854532864,0.061347652475653124
0.03049290333625536,0.07710161847464304,0.0029271608564550543
-0.040166308822959344,0.020266041137051265,-0.005831091385880385
0.0329772135241861,-0.013400194424226766,-0.05977283232379141
0.04470039863847907,0.047877050332103974,0.006739687427253163
-0.00328451015024446,0.014917354404673835,0.04966118886824604
-0.019494570990524977,0.0490279500344598,-0.012343667152865478
0.008019539604938328,0.04185608892557713,0.06921789300199843
0.010227574310829995,0.0732047618845377,0.049894483633855104
0.11342563119781965,-0.004285979282537912,0.0009338134086458831
-0.04749993085953754,-0.0033488318010788456,0.06759634460755178
0.012317074179148502,0.045628574839375116,0.020620373627603883
0.038303656330375066,-0.010730087385528952,0.035261902561069675
0.04586463949064713,0.061861492085466985,0.02467160931639339
0.006420351431791756,0.07260385012886766,-0.02459133219546043
-0.006957155343884157,-0.08197916190836288,-0.06794727853364507
0.03389185310778377,0.05527574673509396,0.12445816389739069
-0.027779177779190384,0.024023964598086416,0.006344540699103207
0.024860843821378112,-0.0571882931920272,-0.019084038942659604
-0.01913632513116686,0.10802986338892807,-0.1036423078447495
0.006924081835681672,0.033763942180991754,-0.002622029700340686
-0.011995454983725222,0.11243824414909614,-0.03351957924883775
-0.006704718387390257,0.05967084321932824,0.05275717381606854
-0.018975804452830494,-0.002021148073922417,0.05615169411203408
0.07941239436620108,-0.012250863858382057,-0.02005625947920896
-0.011724761818864941,-7.806331298587307e-05,0.024887647082901487
-0.012593639640967075,0.003843762871567005,0.06300427679914711
0.09042366068886935,0.04906098616880923,0.08109501886313346
0.02946591434123541,0.05143984318181088,0.005521840781251494
-6.980858362289066e-05,0.03265436159328754,0.05917394166030025
-0.00021073349139846473,0.015451715144363004,0.025998356564936587
-0.008659659270037205,0.08115410576387547,0.04144195188106073
0.03662524647869975,-0.026237770961316017,0.02316691715415612
0.02960119929840707,-0.039899348022181855,-0.05613276508653128
0.04261326736667988,-0.03305630020787295,0.10354792678851818
0.08175447248983757,0.028511012124006065,-0.06358224579319711
-0.01105744380503599,0.04156065449466319,-0.036722021328506375
-0.012682120662024114,0.0665778970330135,0.05266358949616956
0.03773439903590291,0.016116033449829502,0.07946814824938744
0.0645086744156351,-0.019805383338637073,-0.04823031737012483
0.09731620088929407,0.07296213619778691,0.10349825364032679
0.06435405481382442,0.004134063443371373,0.025201943152123416
0.004782121317165487,0.021830794570464888,-0.006505059569080533
-0.03624741692747104,0.0808846821028297,0.038260086975742236
0.09116931073734434,0.02479149650707238,0.044838676443385614
0.013270493230794173,0.013416816825014784,0.014456149655450726
0.050151064537777776,0.05760980274260552,0.07002999438697481
0.0376485643460569,0.03654706543459527,0.027288801832241593
0.10483818868583214,-0.013664384057786319,0.05964050804238576
0.04879933261283504,0.019215105655173086,0.1097830245897079
-0.0596709156014692,0.0734300277462763,-0.04251134702071284
0.0387842245142801,0.04489229268254527,-0.029946661600545932
0.005675352940144108,0.03893604383391232,0.07031744763675392
0.09416425380424145,-0.04386535556131082,0.002307477007554168
-0.03966255018501656,-0.03457469728974444,0.07542147796827148
0.011121184574315395,-0.019716254586013525,0.09186070531363699
0.016634544831649,-0.008829301896553277,0.05797619897676858
0.08077320085659409,0.07250967582505921,0.015566511437562398
0.0032120835346840203,-0.06273547220513802,-0.04011152188038386
0.013737658185349354,-0.01048927673722707,0.04490836187240112
0.12316889335596612,0.0025917960623189212,-0.026595545038132714
0.027114454645835027,0.1167955449977735,-0.007761827438371522
0.07029823333033691,0.027456527725699276,0.005053169110652501
0.03268819718023019,0.0808513040196625,0.11028093252780798
-0.01580584624617847,-0.029364980055181514,0.06212334045440847
0.04553222160080467,-0.07839206553611651,0.011712434598075881
0.01916066822241946,-0.10975365978908384,-0.06781381106785285
0.04657820293170295,0.008947409196686407,0.06086751485989835
-0.0021695667976358683,0.11249027110180787,0.0490965185193913
-0.05039966123618679,-0.0426612845822469,0.06533728315169127
-0.08364753932144448,-0.03657046780624941,0.066519836527351
0.056320513613347875,-0.01475209169063519,0.07833684494040535
0.06978055154041782,0.009917027178026021,0.03660809157015395
0.019185929303371804,0.049183164631890514,0.12506152916333343
0.0693193047817451,-0.010682770243037334,-0.007646383528842494
-0.008882785671581087,-0.016542086290116994,-0.07802573048255458
0.015109371727522006,-0.06307522894123416,0.010561549100024907
0.05100462478509561,0.08666929815902186,0.0676886578109292
0.026595062099118574,0.04731304036077995,0.0868264275987553
-0.008675355692502086,0.012956162941462625,0.03890392156280065
-0.03699674101971697,0.08422859095316176,0.014051903034024933
-0.016839092409858793,-0.053407689222621804,0.08949436721737539
0.017167288183997924,0.013406083631981522,0.08291183340328549
-0.04432681227736489,0.07011951629715016,0.08158048409688251
-0.015778188863983526,-0.01739171346717919,0.007495814848558203
0.036766312639060356,0.041583545344200744,-0.030514344947684225
0.02788520535989953,0.028093229352169343,-0.008886454313266137
-0.015490181310698754,0.062210136710307465,0.0151711148475269
0.03266278166961354,0.042262999795918084,0.017643768662404795
0.04828581122236043,-0.008549992171909434,0.1162261998857991
0.017439450859965625,0.044352096060152224,0.09438378693935193
-0.08122785936832516,0.023453105016215975,0.12671592045500432
0.07091413610452235,0.06292248211635582,-0.0011244091911370019
-0.04518995718475676,0.05347426192703744,0.09193922669837487
-0.034052170943676435,0.034483417814194756,-0.054099311758158325
0.05972283113120736,0.0001441426206222618,0.01672921551398731
0.002749820781507664,0.0014762441134077518,0.0055497116526003355
0.01949092446099249,-0.02963258707114469,0.02790861142728048
-0.006315450599652201,0.021497692373354117,0.008281326832919638
0.012221812072541263,0.019988513249616077,0.0012399292686324347
0.05741633639094082,-0.02374754679911949,0.032253115840008166
-0.015835771577017342,0.04876530112006127,0.022708893541633583
0.011563172587492255,-0.004900749186433509,-0.0328766321461666
-0.06800464928467853,0.0802698219243254,0.051664987729234724
0.03380542677444628,0.02646170079489049,0.02337177537202606
-0.0208350328708572,-0.018406866210816695,0.09717248231078676
0.015281738260894689,0.03904160345100239,-0.023358968967634685
-0.022294732903229895,0.09091873488129187,-0.006815221330090191
-0.005889569482123741,0.03188152608130804,0.04975003946710144
0.08884095402857042,0.032135258652213686,0.09825691146951536
-0.02116912723227682,0.027768411003832993,0.021057122904912632
0.07477025607666657,-0.028939646595885424,0.03226496348691885
0.0032457043197211353,0.04942007407516434,0.0012944669948838586
0.02389708759457323,-0.040659774351710934,0.029615893572890274
-0.03904402801836389,0.08194661957210445,-0.06197989680260572
0.0338972284381896,0.04466977667235509,0.036775838943921
-0.019311669598668896,-0.006702735343705269,0.004259186527429464
-0.003967968059903095,-0.05239211763232786,-0.04787459777605722
-0.000589603387679773,-0.0203203648834967,0.01807706588276699
0.00525122054652457,0.09979875089395095,0.1262417764129451
0.07688727022331024,-0.027861483094159777,-0.04885329616399936
-0.05664762936238736,0.03569386040390111,0.03210070643840536
-0.019765724710202246,0.032477758115484076,0.0491786508858411
0.0026187397206596996,0.04348817359471189,0.0503513132277542
0.0037224536414930216,0.11351597484025741,0.0041014912167295255
0.01148089766578117,-0.03707883169413831,0.014019037962749123
0.024057311885139536,0.0045491047109572896,0.06698159313676871
0.04176244398379218,0.10477345439688404,0.07394070804355399
-0.005975045175792335,-0.002903013585019587,0.03321527806131963
0.04491362329200961,-0.0889451648377158,0.08982582385681787
0.0495563509556443,0.010249452352813996,0.039891260250636024
-0.051762387182882647,0.03381119959367811,0.0688532131873255
-0.0010429883777821865,0.05567405615836536,0.046937035687039094
-0.002297576955059258,-0.047112531400259436,0.04305400644255615
-0.05169864484393046,0.042809823998391894,-0.05045325836499663
0.03135442109857059,-0.034663492046763215,0.04436340396989209
0.02905953065922909,-0.016120856359623216,-0.07238432149235141
0.02307087106681855,-0.02656882045170421,-0.06392845972884896
0.09645746226125258,-0.006892229864709721,0.05561773253600378
0.01922013532900221,0.036310231443371484,-0.07141859847008034
-0.01479214758782053,-0.02691541847284118,-0.020368908765071858
-0.028630749660203958,0.08028597302049187,0.0006906888635549034
-0.031995053703782556,-0.0641467678186023,-0.05441541529197925
0.055079858070063596,0.014718711424495313,0.002682688521058624
-0.045860554798299605,0.0839645595341907,0.03202451938334213
-0.00804028574704441,-0.0163768793649358,-0.0129619595039247
-0.030686302974418496,-0.08675601230346416,0.038256880211034086
-0.09480041892957901,0.0457982191832373,0.02481702331221489
0.019506467711437166,-0.01953521108132683,0.019587162649143883
-0.031859135727885464,0.016460570785889278,-0.009446590480974477
-0.016698214411945234,-0.006190916308403643,-0.06655722417931122
-0.024038569456674853,0.02138336006041371,-0.09640838712898847
0.011854712785232072,0.13025081729211307,-0.02465241452780632
-0.04866307108229945,0.008172440844141074,-0.057427519448425356
-0.04372788980003876,0.03430961589951312,0.06644794149925046
0.03624005860210392,-0.029368432697598514,-0.0624059702892371
0.006970671193265391,-0.00816926440687172,-0.011445544739032098
-0.09852427442262528,0.026600935211660973,0.04265098723235299
0.03904686393679798,0.011426499047351548,0.03664482232688546
0.0022249494576043003,0.04705106531701792,0.0739572160660245
-0.0350483280652161,-0.035556514361048314,0.046831226391875196
0.003370711727658513,0.0022503212243165116,0.04476589818143402
0.009457707699948,-0.007384445260510022,-0.008503777926413372
-0.04022716414726122,0.04379282262991826,-0.004839554344150312
0.07450231338449885,0.06103295362651672,-0.019060148710447356
0.01116298317367061,0.029866433709940774,0.031737945533372044
-0.08969402631442375,0.00362512177309252,3.777880824359578e-06
-0.03844315357340572,0.02220692842210919,-0.031362125013352164
0.019941539324152248,0.006816389807023989,-0.006087121605868311
0.06682652428827715,0.0757896186523416,0.012273376937660938
0.03223540227919404,0.033410906469402826,0.011949725901907526
0.06048834319511917,0.006632582494094528,-0.013957114082968295
0.008350958501953401,-0.03474770113094841,-0.10612407133335444
0.0094169673555019,-0.07736336122957868,-0.10293508856463361
0.05260238532822595,-0.10064804185440493,-0.05470125643551516
0.028869632288761538,-0.11525113761633585,-0.05759007464083511
0.06253818533522086,0.010677540625385031,0.0036659765467675553
-0.03063620483777109,-0.0744742413006935,0.004606974956486105
-0.13309986177091226,0.03298453355363833,0.04883741413110792
-0.044592859422478724,-0.06330861605090546,0.03803874117246687
0.0005295970280383352,-0.052521431635469934,0.020679887538249286
-0.0634024671562573,4.99931138195301e-05,0.03611641229203169
-0.0030973901840061525,-0.028546241741316692,-0.09229788236496417
0.005633511732054527,0.0759417760793114,-0.025286100956667255
-0.05680472914704304,-0.015824389183452654,0.02399273385231119
0.003064279849634725,0.061070846324275174,0.02794844475680109
-0.09004881318151325,-0.022594275200966678,0.04947428273094937
-0.06474249803484626,0.04070590998437373,-0.08212006315651563
0.01743370900247037,0.04129400777694288,-0.0015045005244657319
-0.023212227921939776,0.0945160153272433,0.06571711101858495
0.04565574122683366,0.07520541993236068,-0.036417706148114834
-0.09107012417993805,-0.028100765777457078,0.06589510758158815
0.027491879343181376,-0.015273887218871168,0.0060250147553668545
-0.05741929331974546,-0.050311936752916425,-0.011903583732493388
-0.06222700647466345,-0.028541994958873673,0.0036366052346038027
0.034717666037031907,-0.051552085298882826,-0.007826972041663166
-0.0587069745055612,-0.10566879459602051,-0.08145635068039926
0.03555961785988266,0.008628301020236704,-0.011761975968047017
0.10571346413202629,-0.027419522577760442,-0.053060453805902345
-0.010842789526106325,-0.004982895048851476,0.05861370801584661
-0.023077175155648114,-0.07434008697756506,0.018964152168706325
0.006241202487832798,-0.057045822994036814,0.038186994160062576
-0.06827194467964806,-0.04244598433176824,-0.11826630182266816
-0.033776721593741316,0.06445336119280409,-0.07929377631721288
-0.028766633839745523,-0.08497271263510131,-0.09939862998302024
0.06937226218316755,-0.03679346931975376,0.03640688770212852
-0.09816030857481706,-0.04732675934981455,-0.017536363105968546
-0.0387978203015382,-0.026408022159992703,0.02064170967873844
-0.01761970705944391,0.016959526182196996,-0.04414286277171924
-0.0361315698762959,-0.056742007868279126,-0.06431302290006496
0.01695528033220372,-0.01138096893642251,-0.09867037199309697
0.0185814067577939,-0.11569746174137954,-0.0385456026241794
-0.08451024200064254,-0.0824336863900398,-0.006245329749603635
-0.02227131999989026,-0.027444886282613337,-0.05308493395324085
0.0035780109290216924,-0.09840389043222865,0.10039580321770014
-0.023987133795710047,0.01927153629037949,-0.07960083540472682
0.00048012879036681,-0.008299245005779455,-0.015540046524778075
0.07718973219378925,-0.09357650599470788,-0.06576202278546303
-0.06599340961011385,0.009178012202231668,0.04241116473932746
-0.01168618265697731,-0.011333089350594601,-0.07468046809077279
-0.0590738247329277,-0.04290438920859928,-0.021650711099585114
0.07197891948222782,-0.016125045366595567,0.014105772003440157
0.05462709104414119,0.04694863301670327,-0.11598115583408382
-0.03130832778069835,-0.10551134815385507,-0.033077032443124495
-0.0631445413635154,0.040097573284208196,-0.09185432418977853
0.029728304455744533,-0.09707696701480646,0.018069030591104828
-0.04162507841017317,-0.01540715395133969,-0.03038625474868806
0.01662298294066025,-0.013405350877113899,-0.022488112701562816
-0.014598157339679774,-0.058722423352351616,0.04309786783431316
-0.02211599056858226,0.06096740086562549,0.0015902392284979881
-0.06231507052854936,0.011907880848273128,0.045804153087576266
-0.12216148409852197,-0.007647972331133738,-0.014700513360853257
0.012254510537434083,0.04598144808035204,0.013476522585304882
-0.009607666907407825,0.0005822115277226911,-0.029597000680125267
-0.13080769942589268,-0.011597650652433152,0.05368367705979295
0.014401194466855026,-0.021268569418205298,-0.087009428799826
0.020521301356397067,0.023437297314207257,-0.05135866732182312
0.015823579723624467,-0.0258655239183948,-0.07566628667777711
-0.11510946587945155,-0.09938886757558026,-0.0329644726474074
-0.13717711811476305,-0.019529865629745947,-0.05838829119247943
-0.048043073911501095,-0.04770250859424528,0.028483724134153864
-0.08839571881739619,-0.03877533850358035,0.006351968652194683
0.02251596822490569,-0.036400860589640704,-0.036201100703738665
0.006170136118761143,-0.152431830720029,0.05473517661131225
-0.10450351997946064,-0.05672607341805078,-0.05884441658604691
-0.043148129461492185,0.036868587839139606,-0.05556744203964117
-0.03733749024351415,-0.00349372640586941,-0.1040043785440015
-0.04652086550484995,-0.044757285878720784,0.07144372365062046
0.015895484980879872,0.02561553540381164,-0.07188110299985763
-0.006285223902332033,-0.03611058175449429,0.08973548680113579
0.04390885234773981,-0.12215422320389341,-0.021411002886655973
0.01291018684399265,-0.018589458628828576,-0.006850702127584984
0.042437374771570724,-0.041345231290023834,0.03565129589225746
-0.0384758988580299,0.036737357305476934,-0.03135557199769329
-0.04090031409448529,0.060673432423728454,-0.02144359684319211
-0.0454284652382318,0.002682627414502106,-0.026522759674660664
-0.08919302708387314,-0.049486027366132994,-0.031936730193072985
-0.05486879544149888,0.005911258326323721,0.02388765140724571
-0.012181288003673123,-0.06390287873266327,-0.02291944043118923
0.06793633729093561,-0.07470786135393398,0.01891295426610186
0.027007146866169025,-0.047497786225145236,0.020245637884403405
-0.0308193089018508,0.09567143895757724,-0.015601217764357342
-0.07235700463966643,0.05511145210776908,-0.1009207290654179
-0.09474405392595005,-0.05192603082894506,-0.11943406309485985
-0.012958465163750345,-0.09808130177442576,-0.018729249468060354
-0.011461543389534565,0.00783158238193184,-0.08363308062194334
0.02368316262019836,0.002220755536456759,0.03485557012523034
-0.02083957818649814,0.0005234331433301501,-0.0018638327705507128
0.011600340750132172,0.01804088537775749,0.05407881539590352
-0.10780091624771408,-0.010487474475134614,0.07412672550027134
-0.09262557340868521,-0.05427282485954296,-0.08474146360610367
-0.06070718985444151,-0.06563513928893162,-0.023225793590724172
0.06675061126128086,-0.10482822964657747,-0.005529441395879063
-0.14460510179647595,0.06154278900540884,-0.06981240972499993
-0.013210861171623258,-0.0651547710003652,-0.08169048313411888
-0.024724323271287756,-0.029202099970195197,-0.04516660067468173
-0.031124503280947,0.04891536722912189,0.009839135889878815
-0.014525690740133934,-0.06020743384579019,0.026701509942350894
-0.044557100840035696,-0.10288211797158102,-0.023325104794808857
-0.018371462854627794,-0.12119570692488403,0.12308748056685669
-0.02337806640326103,-0.07541647022653364,-0.025256975628845636
0.0024989892006226887,-0.07024959723751628,-0.05910423610332664
-0.0029279738540070634,-0.08135637522873546,-0.05084396576342624
0.0036898903772006053,0.01891258885386898,-0.041112198319847804
-0.11283846020801454,0.009166768155001465,0.00045996081321887997
-0.0625459289976158,-0.00700784928657747,-0.007900301224564261
-0.039106206045706374,-0.04622939540962759,-0.09409480297592983
-0.07600446451111253,-0.08768966908539218,0.021097753786707165
-0.08611607145441283,-0.14635220396988,-0.028627494008001388
-0.024301915936112067,-0.027194461902214903,-0.07406618735617046
0.04572372894032316,-0.09898580212065876,-0.052255514041482334
-0.004544281763913666,0.019557379861564354,0.04950173940029532
0.04601809267177888,-0.10352787550797261,-0.03128089407268759
-0.05857654586749867,-0.030126594247360174,0.013234894846369187
0.0543126715436239,-0.02773036414449812,-0.016190590736524603
-0.0013985973104042714,-0.04146332362994393,-0.005775534492725668
-0.05437434005050239,0.005931829691129752,-0.03991863302750275
-0.05746602751890504,-0.019464435637490497,-0.015020789517429576
0.006654925756800718,0.021025255897029037,-0.0034550131485512788
-0.06797712574935756,-0.07904969203272061,0.06451151681590044
0.023608355312654608,-0.03606644367646339,-0.008545913337770154
0.021302856701370915,-0.024830464885125976,-0.01308519067650298
0.04864870378553771,0.023931069031910432,0.061359124919113196
0.008886767059589325,-0.0777733861597072,-0.08975008141325375
-0.00708716873617907,0.05127165048994248,0.01493922177586739
0.00473405727971353,-0.031132037151913695,-0.033782159158364786
-0.006512378861356616,0.023324695682274053,0.06807700824491572
0.019048315428399146,-0.06507064654651575,-0.0034744397299914815
-0.0652252523723941,-0.042995583073911936,0.04943800097492041
-0.012332500742235651,0.008881894436639773,0.002926871068432705
0.025360827543274116,-0.053514711535459815,0.037596548374330276
0.008667866273499853,-0.04728330907197859,0.012665178009955485
-0.07121831524481302,0.025132922941362767,-0.10393438180393672
-0.04087676531934131,-0.03943839749645464,0.1133424273267321
-0.054029853399817904,-0.023325283908959174,-0.0025885778648273173
-0.04911457632017111,-0.08199219753268125,-0.03684783318212205
-0.059380501832510285,-0.0782837979231998,0.019479131912133782
-0.08251541778310457,-0.08858842677769137,0.028268544552019485
-0.08360447396548015,-0.0018809072749469188,0.005041751943827555
0.015999437674118648,-0.03493301256676598,-0.05445689558018664
-0.03019997678089516,0.02440303856423318,0.005301741163789241
-0.024939342204531426,0.021728363853753294,0.011769959613403783
-0.018043587202313333,-0.04376469293759168,-0.030846869716305174
-0.0764222637647062,0.11883414748207295,0.11085584113207651
-0.03501743479178757,0.056331373248023286,-0.05590169129853554
-0.055480804385150774,0.02835926296863512,-0.016209417761057082
-0.0373661597993264,0.011936600904510392,-0.04220968094900506
0.01758916435025308,-0.05529745026475023,0.03985432654228405
0.06189749583791668,-0.04844018398009553,-0.022745186733382584
-0.03010973078710524,-0.10813122105624884,-0.012352675277238
-0.008207430788684703,0.02498668943575294,-0.06850408681375042
-0.04744264997837599,0.01636760296267004,-0.037854422826584445
0.035753543443069184,-0.03748364640756553,-0.01876010302950746
-0.09461914418367366,-0.0567792056994884,0.028026113572190786
-0.08770556510790573,-0.004841901189827741,0.09415568630735191
0.007323595234853923,-0.021506682395331298,-0.019656907663553498
-0.06142686269016776,-0.07278833593300761,0.01112514661924205
0.017538001783394666,0.03265850340701945,-0.06649129635950336
-0.019827575955835973,0.012249599067017641,0.006562688656853794
0.03323064131990192,0.0940452947840523,-0.056918395909713544
0.03267026210162043,0.04247452498477953,-0.05752359862632402
-0.08090034151843566,-0.07004466138784564,-0.004529931749920269
0.012762108643103558,-0.002185179174176776,0.015020951726317865
0.01970647296436912,-0.01638398580586229,0.06297728855862762
0.03202124248396852,0.027174569203108886,0.07269623508588516
-0.05657702756283613,-0.06350174878336594,-0.017822923618135044
0.02041063501660249,-0.0064105491176835415,-0.0077814863499889066
-0.06109701991786577,-0.03311008625515453,0.001068623966303205
-0.08631915180613906,0.0625143423530147,0.06064314166947293
0.043683790645562444,0.04170201310322827,-0.08193660230820075
-0.03735439572560695,0.050231844584873286,-0.010850383029011859
3.788443709362406e-05,-0.02216195380509403,-0.009445344456914691
0.07195671484571324,0.03959055446692947,-0.02510458743987858
-0.0966418852890998,-0.0734889213704178,0.05129750190384645
-0.059330614248533954,0.03760910455548536,0.03186086073694111
0.04984145620672596,-0.023768316549157197,-0.008336514586035605
0.09040940905680449,0.02111870165016964,0.08222755314250148
0.052547947588747,0.06248079364125882,0.08964119646122262
-0.006660215606813101,-0.02893690009590917,-0.02361404818926021
0.03419322493656728,0.00722749828452573,0.023740889911570365
-0.03592884959247477,0.079141702555816,0.0596636505042211
-0.015956467637296152,0.006137930929729759,-0.06615999171030394
0.04779035591610366,-0.04861791066703069,0.0978034161533745
-0.004136870397125437,-0.017672321447784307,0.06361680208830064
-0.04184585858289259,0.057498289641375336,-0.10171246096474977
0.006526961394917387,0.057340716190898026,0.10675872575523185
-0.02205177787342124,0.011731166871352575,0.02959913827951192
0.02006477396350647,-0.06635101071703642,-0.040781665207060995
0.08041983117013804,-0.01294862838416069,0.04843386608453282
0.012160996342248757,0.0255956890986625,0.0368875498378846
-0.006968671852601282,-0.0006088435695103585,0.14167430152930052
-0.02291052902681162,0.049880867741954917,0.026608269967359766
-0.09482910741209614,-0.07047288167135396,-0.03588837813515186
0.02145533571673085,-0.04244946127204362,-0.035525312230989564
-0.0003034500536019816,-0.013592182439095886,-0.04561818898708747
-0.030977605937021105,0.014938935051681881,-0.02685137349195576
0.08878837976213921,0.021324443541964198,0.07206696811217023
0.099817529855707,-0.05424990349247655,0.13712532728021137
0.03766819988457329,0.06082691679118781,-0.00983705877424416
0.09060454456687063,0.04412966010007981,0.002662171766949493
0.04506482661458877,-0.028296371569447296,-0.05999368116244134
0.014208795302442904,0.022381392040081795,0.11502358453108692
0.08178131775029149,-0.012905481168884262,-0.014629682022442773
-0.004525893777931115,-0.03366284301304597,0.005766251101847021
-0.024847995793290674,0.07532474029990287,0.012347831002585453
0.03029931147671267,0.03742142386737272,0.018191316054763877
-0.00958942479603341,0.052276267189829084,-0.024237381931398655
-0.00015380189702621228,-0.0835855047929074,0.1385448414806402
0.037893109217844126,-0.055007165380653374,0.011672772331295485
0.060803990522267454,-0.060895193458208305,0.012947609245789849
0.029788309497480903,-0.031675025625297615,-0.08249705283873732
0.029475556707632175,0.039167060156736336,-0.004810897446747871
-0.0789145193275278,0.08212232010097952,-0.04560430934653293
-0.017940903704357213,0.06513899064146701,-0.03928628995241875
0.031805950543102646,0.01565225565813292,0.06454924036440737
0.0013459903791123128,0.09018791764667566,0.07438948824046493
0.05300728925202147,0.06872042855834996,-0.08044305405955486
0.049875042425116506,-0.10693057210576,-0.019444384323225504
-0.13166409602806106,0.0077055441122663455,0.005121397406925665
0.0559311928597029,-0.0363553858661548,0.022032362779927327
-0.04554833303828127,0.023733933690240037,-0.04940227125617297
0.0039196699718760265,-0.0020884009936330845,-0.021135032856572485
0.01953501183305424,-0.017347661186604184,0.09689539819632205
0.02047470503566878,-0.021823596055958086,0.06514189724889421
-0.01262780031438247,0.08963689234566238,0.035512634897734305
0.008255919813304922,0.11214156660744276,-0.03170315029950802
0.05183783379800817,0.014712161892155498,0.0435715313782721
0.012259445023228604,0.021671602058612773,0.016346585373528105
0.022850267829428193,0.010570136292066878,0.05678037440955962
0.06226956601264415,0.11867472712965692,-0.0054895064129922445
0.07362887206248439,-0.02131002524056492,0.04430348192650961
0.0336276657103841,0.016100154726600254,-0.0200277339705469
-0.0020581902996308077,-0.03621320214022136,-0.042653976956222
0.028318562660412924,0.03454985550930845,-0.003540843936226598
0.02590481029016628,-0.028555532419689614,0.005677186927604836
0.01459321001430608,0.07264439258896749,-0.07140254342480487
-0.005290763708731119,0.021842534871732426,0.026293498136719315
0.005516668041240904,0.03137320473233089,0.07128236085986062
0.01251214047749394,0.014077129312341227,0.03532325855104225
0.010587156296825141,-0.02524611583483359,0.02002632154855754
0.08151466951402989,-0.05632378898349171,0.004096597620038398
0.06596645402303877,0.03007806172711315,-0.004403482514203486
0.09374953496285743,0.08827852045143744,0.06386003357777978
-0.06687864799136108,0.04855104884487095,0.029487851183990818
0.036246500259318755,0.05180562925981583,0.020412065885263106
0.04974489478777379,0.07443422193516999,0.06247626099347825
0.010481884210873258,0.04384918031085347,0.005713730407145774
0.0025427053274283407,-0.09901493899100869,0.023813125446375483
0.06900437625989565,0.07296253882983848,0.007428356838516262
0.05306369153978476,0.001747011135976858,0.00820243195426449
0.007634755637638147,-0.026008089078394567,0.01064435833200061
0.1027185318440826,-0.032703536170870476,-0.004260149933851768
0.03285780314977577,0.02449935848548579,-0.0392983189693683
0.0383189968758809,0.002146934174425519,0.02507510711496566
-0.003400613838500939,0.06164093227932442,0.0800835840720547
-0.03280986427008155,0.07195222525031775,0.0286137165727963
0.005291369952308231,0.09986014244980707,0.03599104977350752
0.1424473704060714,0.06351709647839898,-0.04738514413758278
-0.06222771379874074,-0.03624238764710888,0.0838024022709625
-0.012970983283277133,0.050152091076331964,0.05901364003377188
0.02376054683688805,0.02026300345924001,0.01757361368279903
-0.06405397950692002,-0.03706146109475907,-0.013722266509897788
0.023555877119095882,-0.028513224999649305,0.04754778333559719
0.0586759686885733,0.050162882976799564,-0.07370930371693782
0.0790047052216433,-0.004747677444873751,0.10587042491256027
-0.003460105897495496,0.04725624951408336,0.08582840639602043
0.016316188826676695,-0.019734489504362508,-0.0035858971373395956
-0.046443938213607955,-0.05245229539638975,0.02141892503205392
0.017857846949237297,-0.03235617865091579,-0.015312641596335812
0.030893818891757897,-0.010825234891158934,0.1364166067752806
-0.04793824902986732,-0.09212581235977187,-0.075875489514726
0.06703097650772227,0.1249424352689987,0.07258454244818544
-0.009944432647429533,0.0636706469296288,0.022964097581655896
0.08309037462215771,-0.07921346471046187,0.018298241049960143
0.040488528419173136,0.0018788860310397157,0.04186770444088243
0.024400239630312286,0.09573205791812081,0.04657632306216094
0.01741390914348947,0.03564521945384032,0.03721965367835672
0.004040918615674818,0.0009228502429563662,-0.0012008103194612943
-0.001681870275553072,0.024243568165913387,-0.04388268701394146
0.06847877875543164,-0.0014403379112291961,0.0547800001228434
-0.008368898114219411,0.013352597691980734,0.0662823438569585
0.04603977405395421,0.010306794660903852,-0.035990733699751296
0.12026347482309362,-0.018681970739777627,0.043103045233710315
-0.031734171318891474,0.04356759963115594,-0.006233926094540841
0.028665984673275566,0.1180595381055704,-0.030074019313547813
0.006642418741178387,-0.011794231929378503,0.04171061675973366
-0.07159645654126118,0.08571018755310306,-0.025962800560763867
-0.004737273429553691,0.043683175336057374,0.09241062656202823
0.10703046485830633,-0.03285775066224405,0.04799005298410705
0.10005187410988237,0.0010165156897555053,0.022314378684573744
-0.03647069637060414,0.004188999435899492,-0.030603476291889854
0.080180248385511,0.0021296560208695532,0.01257370011088365
-0.02661534469823074,-0.050213413486428715,-0.0014175465646399515
0.0459705090576496,0.06212000749251553,-0.1053312179978054
0.04011516035611651,-0.01853924989231813,-0.03350987269391603
-0.06416089179022513,-0.029189883137954686,-0.0745180916372187
0.05617563330517909,-0.025268041205808802,-0.007098753045257627
-0.006509213210368722,0.009054188033658078,-0.02839943463836068
0.08268010909121151,0.03478289453038705,-0.013158102411312069
0.04834893821637,-0.04543405366532158,0.003775066869215667
0.0044210590129368215,0.057934786490163544,-0.03614044332461324
0.06261560988236188,0.058583010196855495,0.006127360683237926
0.04949181550320114,0.03192704865106367,0.07887997768401497
0.048760905051871084,0.01679577010093023,-0.000772056462087882
0.06722386986288172,0.032674627473525404,0.031919269675256705
-0.06755311903667188,0.04332932422921178,0.05754345179487107
0.030170224051316218,-0.027049339241975792,-0.06267993044683012
-0.02216497687901338,0.016342054792351693,-0.06720969836145345
0.02611943965077789,0.04198435795179771,-0.02013777469110191
0.046011521279873416,0.03596558550484011,-0.022315573397642924
0.012809346917851145,0.09336854083105275,0.043997739841723865
-0.01721763417566939,0.008424302903865222,-0.0009654517340302801
-0.011485415990335528,0.051290716030274804,0.0012697199011358958
-0.037633272523381195,-0.03768088587589831,0.012664850498673875
0.06367383444478328,0.12696625241120207,-0.036258750986981725
0.059931805529761885,0.05138406469574871,0.025064515781402626
0.045446102841802616,-0.01906420334634075,-0.04138532510504826
-0.02204928426884961,0.028645716422860276,-0.01689243470341669
0.04629140385110454,0.055359113053661854,0.03020510953621617
-0.018053803885607553,-0.0014699744847753802,-0.0135104383367984
0.004106720505973868,-0.021466423175130735,0.037145026541500356
-0.011426510377999336,-0.015220014118367252,-0.029444199952056042
-0.06803565238703105,0.04162273830458562,0.0473707127109716
0.01887696899171439,0.01500426755067347,-0.03992517637947575
0.06806904142595142,0.13863242955708735,0.017839435596734263
0.04374360983650474,0.05131560573264748,0.027274494018900367
-0.03570038642647828,0.03078345504832768,-0.05892371080764695
0.04667983750612232,0.11525896994622001,-0.05273688297874353
0.0412679409017193,-0.017910197433511483,0.03993878429762722
-0.02917706211716787,0.04275585719299616,0.021317395730592558
0.0980137107498199,-0.005362040544442684,0.046921338221835515
-0.19635429500212045,-0.007016288916191058,-0.02826746391665863
-0.018919683316774506,0.018490650109116852,-0.017709736739472768
0.030193695411259602,-0.0016808613626366122,0.0377118277895835
-0.040530125156483854,0.03647936617909567,0.06309178180197006
-0.007542879110647074,0.02283188597595329,-0.10340041016501818
-0.038050653143926826,0.05922436254157808,0.10910484359292154
0.0802033351914198,-0.03178069330902762,-0.04745236563412113
0.08013853898829058,0.10795236528847087,-0.017201059649718894
-0.08307552549674946,0.023753559804887643,-0.014900845598242332
-0.010000699663215526,0.03019030526887836,-0.03476322375786698
0.028834027744026748,0.09463154126747775,0.05852518272777327
0.04409058271497074,-0.03438447510885641,-0.04032647723737569
0.007826592249831019,-0.042784117253945014,-0.05133518208814346
0.09881320590039887,0.018423414264238592,0.015360177892932123
-0.04199338620105293,-0.026994640824640564,-0.05453980749775817
-0.06555570597651164,0.004293195689830375,0.06569096888993886
-0.06728334899817227,-0.03224693185899391,0.0219293051858125
0.02281945663219208,0.020215838378649424,0.018171136710014295
0.030827650558671364,0.013140717845728369,0.0652548037289978
-0.05775608864055524,0.007725130759976049,0.047114953550671544
0.00679118836206857,0.03893022548300113,0.08564683959928583
0.00046704329844345083,-0.008881034335039867,0.052595526802246835
-0.031792906752956776,-0.06914096864395253,0.03975457737797049
-0.02181251478303803,0.09819211162241993,0.005921273961515521
-0.02416535094690848,0.008555736520735414,-0.017273381913633576
0.049987392204648484,0.019126055533419152,-0.05627546862838097
0.08075579868560366,-0.0016316375507164785,0.006600590868777106
0.04381817481672009,-0.033765571451150535,0.01999511382616012
0.013578041535935285,0.03982283452506639,0.01893258954383898
0.056688733547119244,0.005977192588485005,0.07502273949636253
0.01063039379028766,0.003522648552942491,0.01508998512351833
-0.04543591232898338,0.032367357972892426,-0.053274164758060565
-0.01108844558740829,0.010362728363450275,0.02952210431276167
-0.014383638900189118,-0.010312563861824955,0.05978864958583746
-0.037946698554801817,-0.04459756735885671,-0.016051350446791405
0.03417725549542925,-0.06815236367840996,0.01703059190212883
0.024128002811108187,0.08519168024246186,0.024212899726238166
-0.017383458517178693,-0.06346366690608757,0.04684491193166447
-0.02062724789083209,0.013198810161266545,-0.0015109770954072103
0.054827613189019526,-0.04833078836955137,0.052092665868312085
0.038815611190130585,0.01403103223877216,0.0819519423014982
-0.02493043202277894,0.08808194183194973,0.09501446551950384
0.12596770885034883,0.03769311377176529,-0.010936407179301295
0.04095850093047293,0.006242042570208174,0.07434138111320404
0.013931972864997266,0.05858878667611811,-0.06638523785558503
-0.0931066187486264,-0.006642095638830195,-0.03918222856996581
0.10864205695165173,0.058374750946561395,0.03416165394032081
0.016252205322500237,2.239445285944202e-06,0.017880850595545783
0.11634432363771186,-0.0483770151454852,-0.02742103483001418
-0.03349413539433755,0.09797808793855581,-0.03400062036377407
0.049233699746886295,-0.04001753303176807,0.028343564767697522
-0.008019866331789995,-0.012453017790321593,-0.013237105120901413
0.037908395001986915,-0.023194263008416423,0.010960885744860671
-0.0354349374821794,-0.046745469260820925,-0.03438599392733394
0.055757227883687234,0.0031920134777694833,-0.0355147027151856
0.02609791427257614,-0.03959798943508057,-0.021271523580743218
-0.0006990093748265973,-0.07451729000794469,0.002739891526597529
0.003209461248022131,0.046136548888005176,-0.03892897808482251
0.030568923954483792,0.036670938214826296,0.04484664253280489
-0.02636787487088141,-0.04031494728857956,0.032903345087853704
-0.02503964432863565,0.05002353131816177,0.02946287150211811
-0.07273878840803702,-0.06931849052674607,-0.04918962039325154
0.01588371828715184,-0.0056412304204091135,0.008531039764328088
0.08301619103423251,0.022386195898829293,0.030268476276814376
-0.04557440108200633,0.006108055159001338,0.03465516723079336
0.016865747070623213,-0.011832555207698263,0.03334084352599867
-0.06617594262882129,-0.06762718701410102,0.09757724554862661
0.020831730576204667,-0.08446730361170142,-0.02271351376509806
-0.03619010205130892,0.08461948884538995,0.002396580098488761
0.009569264363629275,0.034334281812924125,0.0166795460026751
0.04426524767556332,0.10086869459759285,0.017541725869877938
-0.020433086674910075,0.01696931531826621,0.07942900151343484
0.06123488045385858,0.034865859949592466,0.04081094130529834
-0.1386892158796969,0.050123414892063456,0.015197200784678472
-0.014410697472476943,0.0032938995457687057,0.07118205904483324
-0.052777579812732074,-0.027379394070885067,0.005647436516500501
0.0882599744814153,-0.017269685045712194,-0.03796241638357093
0.028502245165256103,-0.029440513356773047,0.08291534515359003
-0.11683024234825899,-0.033281686199967984,0.0030427343725696714
0.09222799510111476,-0.10183467428160932,0.09271749126033996
-0.06528944085391443,0.03498768903586766,-0.12898242767206947
0.017278392532785694,0.06601863773091207,-0.06726819660783749
-0.08756679143178904,-0.0987062343551756,-0.03609862348115311
-0.004577642582077115,-0.0004169785306224229,-0.0536132902226098
-0.04475258937460952,-0.0394449035630845,0.06022201659919842
0.003677536767519623,0.04283260033747968,-0.037997875134843
-0.025708175413566313,-0.07822431836153318,-0.031217693213727703
-0.0183420640170302,-0.08266215662352286,-0.08059915751470645
0.02986593075732252,-0.032581326329548604,-0.03688672328485093
-0.05481411919167549,0.03969225575651637,-0.020855453634296577
-0.02006004391676266,0.02109467648024279,0.12048295261184017
0.04314071038579444,-0.10930953872624788,-0.09182830287002684
-0.02880093685659994,0.019031029412833515,0.001713421062470433
-0.013260354131534226,-0.12825289274223978,0.11592236293948946
0.0039039161853593497,0.028158110560985064,-0.026419650625229812
-0.006343294980668657,-0.04042194228028469,0.007578815209242735
-0.06525842090756576,-0.014068486897400052,-0.09714083752230827
-0.04353871268618783,-0.023879700311377053,-0.1036178648002374
-0.05607011565491199,-0.05100105827844214,0.022553163263726417
0.022585627871493815,-0.02164504945897069,-0.0906481276941172
-0.035625905800816524,-0.08213762066021305,0.028564557037525022
-0.10899486571073116,0.02444830498102574,-0.032608920492881124
0.02128050663423986,-0.06922963022553977,0.017747777816120247
0.01535708292683145,-0.056442837477485686,0.023412239594046636
-0.006364457793661852,0.007367483654677948,-0.05059965886218762
0.00800024663239849,-0.059262554774381485,-0.06234620680104924
-0.024118441719424177,0.06259221291242938,0.04000065658810985
-0.03211603273369341,0.011551635236060308,0.0012267617644515921
0.010891393311716426,-0.07038068958607538,-0.07205478000142256
-0.0007352674677775922,0.036536576900860956,0.01419173852276133
0.0029552532711985234,0.06894814280496873,-0.021196597101124724
0.012374387952529903,-0.04686172481939531,-0.08385311456769821
0.00038042488684839754,0.020187314545841935,-0.07324703737806565
0.05706305163338317,-0.06048556936020555,-0.0938295414447686
-0.025633908921517498,-0.10563271579303381,0.03893818732986587
-0.04717509511441369,0.09673108499968369,-0.13121013293045128
-0.013900413384810236,-0.06281885247167432,-0.09111903088428065
-0.12467574268548787,-0.04515819300976698,-0.06122538937028896
0.05432967135686265,-0.03836589772243855,-0.05049168182246149
-0.09060012057397641,-0.123220465846472,-0.019269605274435123
-0.12771883318201452,-0.05862587832080811,-0.06076475598124689
0.006421941444073757,0.07990757845777019,-0.0636373307496796
-0.07503517095193565,0.05176751869042203,0.0174570172374158
-0.0320185272070041,-0.03170453042299158,0.08973615806406102
-0.040839011630143814,0.04493203850420587,-0.033790307064565386
-0.08441887739302778,0.001748980896411883,0.030332797823226558
-0.0728034501791547,-0.02196062444299746,0.03945563300031353
-0.02926988952999786,-0.13144226881772456,-0.037572194054770025
-0.051390156016077174,-0.04125460376039661,0.007960289395932314
0.04938810804589791,0.013412917061411147,-0.07906274977805051
0.011174624102296981,-0.07167401359869799,0.050102465140399996
0.03958176594412344,0.027392517824290512,-0.03411831227857527
-0.038555606785826944,0.0007347992826377096,-0.07614481063367351
-0.02816308836946456,-0.03076752907651374,0.006375982301054749
-0.019418636914650775,-0.03321060958327992,-0.030056119863778843
-0.08734523664850131,-0.006188592190256312,0.03911239290317922
-0.11155849669318475,-0.07032120229486331,-0.08642870965146159
0.030499727637989735,-0.012362376812514104,-0.03170688905958799
-0.0011109227151012181,0.03139925125072049,0.008464287706714306
-0.034498351714292184,-0.08893061299145616,-0.018366249872417473
-0.02706702855122894,-0.00631283030738781,-0.0264896701496091
-0.03541341598141065,0.014588580987100055,-0.012507501307661196
-0.16497803157564014,-0.005709171057928323,-0.05755149006717351
-0.033201398745724205,0.10391215118698074,0.03973934515873354
0.06436819209865281,0.032724126719583316,0.017835506335136062
0.012139353233009437,0.06321467052099919,0.012873576641297658
-0.03648756134221987,-0.009127374791233843,0.0193545441716315
-0.027748464476803833,0.026053081760067123,-0.006541613953251474
0.04054411307758799,-0.06409812832402234,-0.09067396972005487
-0.0070283391132563485,-0.029502959977632928,-0.08996034600404802
-0.08442666763616814,-0.03351749038490101,0.012772713362207633
-0.07191940381602857,-0.0622820713510692,-0.08730150827205554
-0.023978638694868236,0.04377831861099218,0.013032355316763403
-0.04442435161808423,-0.10347235831847422,0.03468295820987252
-0.04053202423626601,-0.0481348699199613,-0.008682327007151575
-0.04538061797199069,0.02285760555981396,-0.029481361037509084
0.009271237595718629,0.016801466858127837,-0.031782904294924114
0.03546907536850552,-0.1454133738858693,0.07937879830371704
-0.022914958853958438,0.07744161109711312,0.019431288307033653
-0.018672921633732433,-0.0020685470917925428,-0.1175205146595873
-0.011121951116940327,-0.09112184231826034,0.022171880579869768
-0.03634774505336527,0.019106120648129523,-0.013713230954255484
0.08654419040789577,-0.030816094733436935,-0.11855141234127721
-0.015283834942764191,-0.011948554456481051,0.03196583147790129
0.02899185175384045,-0.056337900731469936,-0.04928941312112975
-0.04401723010552357,-0.02388339478278912,-0.020188133427666705
-0.05303756978767796,0.027912550272595472,-0.06877787990073202
-0.025637759889550412,0.0165474940066921,0.07283905942681325
-0.08841164290006281,-0.03679537620682404,-0.06600502732832113
0.050673597268462364,-0.04898154203996355,0.007890165420686792
-0.060323169729003305,0.03237420390497987,0.10181449194274629
-0.0008277784514044949,-0.0602282530071999,-0.01985511316448708
0.04987374091069197,-0.02238843546343696,-0.04147468065657087
-0.025691224623043497,0.003527425337522549,-0.09492916217843851
0.10262504266394937,-0.037153991477087145,-0.02151032790431856
-0.03270024491877749,-0.01660039911640379,0.02568961791478485
0.04562798707797472,-0.031768435460112744,0.06898778929925253
0.09534541903913467,-0.016826706057528493,-0.10438674968922448
-0.05417595463633249,-0.0026686281331920903,-0.029641755694714753
-0.10662515383449463,-0.04908187370017571,-0.03437567399198796
0.05836131281583273,0.02703804114895968,-0.024042576549098412
-0.026197407472610772,-0.013202605045308392,-0.0023676605538191994
-0.006663555856950694,0.001501900812297563,-0.007186711670225476
0.04377535278615866,0.02460468786336794,-0.07892076871379469
-0.041601035718498415,0.0045726786608064375,-0.015416665182902916
0.0802102576907898,-0.059721854590409754,-0.07035531565051661
-0.03699161773972609,-0.001394454741779086,0.016283464706274606
-0.05357017597869504,0.06041690027914466,-0.013748590370391386
0.06036045260226568,-0.003099193390414215,-0.003214310125189518
0.024953683061725268,-0.044745466923680824,-0.04011837741694943
-0.11951070070397735,-0.06329290744380703,0.03724112365813811
-0.0390571332056522,-0.05314512737940686,-0.025652735551717605
0.0995282832258321,-0.01760960807642733,0.007939999184262046
-0.04882704301791972,0.025857941866923834,-0.0832022255820701
0.025462707604900187,-0.05519863742520391,0.04850458075446934
0.047098227190232246,0.04942000376077272,0.03202460843184001
0.03593800196501781,-0.051503156335959324,-0.05713072344308465
0.0007485846168259255,0.06802800819765735,0.020431643369007563
-0.09287485880375429,-0.07791383110993838,-0.06093215798065921
-0.14466407638215448,-0.060950485276614536,0.08805617586096653
-0.03138579432475952,0.04456779210555273,0.0361472752303599
-0.014065266488288472,0.009012076463275422,0.05570133569267058
-0.034720787210898975,-0.04148433847563707,0.03739620186346399
0.055635265367607614,0.02699173101572314,0.08101726006346882
-0.0454972225445861,0.03894096748311294,0.055616013095550705
-0.052188648791219205,0.03354029614085047,-0.027022941981374136
-0.02030963484942991,0.022948649522330035,-0.009508158611451538
-0.0001122851445146452,-0.06142741079410305,-0.022001127226959453
-0.07207744321377363,0.044236319338229586,0.021093157866330974
-0.020124800923808125,-0.04719672900995209,-0.06166149312471957
-0.03915659158037568,-0.10329344706854021,0.0489169186643682
-0.005617406333334714,-0.042140750717761785,-0.012665747134389288
-0.10532120990487098,0.0330572512025627,0.04615561464487372
-0.14106237831272564,-0.07854374370107986,-0.01709846187198917
-0.07107057717048738,-0.02656325850844221,-0.0428161820076103
0.06894506457030054,-0.043503864877789074,0.02982767960640763
0.015485684966376206,0.03536523466407394,-0.015817651197228957
0.015543198819949228,-0.055912138969206694,0.0025403731376075064
0.09472294098302024,-0.04216791911905838,0.06246156756138822
-0.0074764738753775265,0.05865545626441905,-0.07393591176018964
0.04808509419071975,-0.03177241833270806,0.04324731311077207
-0.016152418853396196,-0.012887339758355395,-0.03790408368971166
0.010384860085897858,0.03786590105877566,0.03736199106511215
-0.00598388592524238,0.020587315103259764,-0.0735545474423282
-0.0714691674870104,0.02426596422626701,0.0547977632264859
-0.016362578440595982,-0.021868103067971396,0.006216526425680249
-0.060373793334249665,-0.04203118700354565,0.12203884319211214
0.04118509601389192,-0.007410297636797688,-0.03555937592689151
0.017910748796882172,0.14451613907398014,0.030379860993638364
-0.039812517150772705,-0.0027214670655387697,-0.025362626292446972
0.05287434887610761,-0.047048638129131355,-0.09564295727978243
-0.00680551362607414,0.020970794946399588,-0.06349745821414433
0.01931036332554701,0.02785286737018603,-0.04453152857790077
-0.049011508537453424,-0.012808159646270342,0.03017225012072678
-0.08517915952460631,-0.06220204983232804,0.004641933611226197
0.017719173949758103,-0.012231417239983455,-0.024002593877659663
0.013373499886279904,0.017443480108698207,0.06954458397689384
0.017016152965614817,0.07442987046726503,0.09332530721615676
0.03614273573584792,-0.02505596057263454,-0.03729046160888207
-0.06423064013585411,-0.030866170465143786,0.05492695833583516
0.024819681647658996,-0.028498621413464837,0.005386777148562697
-0.07247656321698225,0.026253929769734043,0.008629195341088226
0.06609943119255492,0.029911938343822185,0.03616010275950083
-0.05286866880060713,-0.048628970287535433,-0.0891111069709526
-0.03238966364280456,0.07864853496093184,0.03776049489824883
0.07144523253348334,-0.04236662937114628,0.04622992986976591
-0.033591292355200274,0.03361086042788931,0.128506542569604
-0.08321922349584336,0.046346623184198917,-0.014458842607015347
-0.03764487479432021,0.011643665464203073,-0.0860797147710958
0.04030990707472726,0.017653537402012576,-0.03251337343211202
0.0603709116434177,0.007321456422980432,-0.0022660054404924266
-0.013997800814027662,0.03663166978249665,-0.07063200131807343
-0.018757015237930615,-0.030697614586200565,0.0020037670866324873
-0.0030339246918352535,-0.09515607244266186,-0.031523908940676235
-0.05972390770846697,0.05998346863798172,0.03284939514656414
-0.01664168755237996,0.00403863614153474,0.04618660825144976
0.007246490637346733,0.0025768089651341673,0.07664431207409322
0.017685580771945437,0.06114616058944325,0.022768964257517847
0.007646799981960672,0.07241003385860578,-0.0009737974265947259
0.07646393105750253,0.03536604630795797,-0.058546176804518284
0.040852787084599405,0.018634134834980005,0.000977281961715171
0.11337823203648917,-0.012886166601934975,-0.015374945912812271
0.03656963560902145,0.014604169613485948,0.003589346996149686
0.006216003644666345,0.03202063317034941,0.028408431126803958
-0.06138418850735671,0.08857508475617049,-0.032921620615702814
0.06685050561857352,0.07222196017867918,0.0010843721190985506
0.024306106827470045,0.03115512312545718,0.004838612252723552
-0.027159969578316817,0.09083759348246813,0.05324865677563564
0.002011708601679419,-0.09714315673974681,-0.13815985174836956
0.027432019928980613,0.015669075047317706,0.010933783043320952
0.05270870350361904,0.11242523644996882,0.021712235881772603
-0.019554067306598772,-0.037342810331898055,-0.05289041439622648
0.013255398334878796,-0.016548210748375123,0.06214113944772538
0.09529486483994232,0.005837841022772322,-0.03438344114448981
0.05286409043480479,-0.0411855584521979,0.05004895357077206
-0.02721413794390372,0.004050859446674339,-0.008917645932802533
-0.0802172710055782,0.04388244917739024,-0.05962553933097203
-0.025509760089605142,0.04404304572734626,-0.013826392425246031
0.03687485803913032,-0.013061375726575652,0.13285754599313546
0.016190770624286185,0.020530737839414753,-0.028440064256117926
-0.03842897551834133,0.08267664771204515,-0.0676768272632534
-0.012382826718710523,-0.04641223782762433,0.020937858344266633
0.04287721363384216,-0.0763435243462605,-0.06313754744394677
-0.071625366527934,-0.047108447244802114,0.04516649591058265
0.06707792826451463,-0.019848494291936924,-0.04346746966224356
-0.04490525529836356,0.0042657631765251995,0.0229472994650039
0.024149004573431387,-0.059012610936775,0.0035517802099350564
0.05128056630437498,-0.000610850926401247,0.04354785082888306
-0.03822382012018796,-0.013636583582878493,-0.04904877638362436
0.070497351010986,-0.0057179851355473234,0.027964410555710147
0.005428417350559975,0.026208144935316022,0.0039057932204326976
0.0651815831056817,-0.06329026164394369,0.02744091296088188
0.13239372728290044,0.03930303334373862,0.017529698254758173
0.027876265475816633,-0.03311628513770791,0.031211653725377476
-0.07456822427124225,-0.029572491232006722,0.013568228031555668
0.021291116162106362,0.005857034020787149,-0.04141281221775392
-0.024203750538086717,0.06954906774036303,0.03375959141602168
0.009907794692435726,0.021841867289784933,0.05902418780508435
0.01623367132098108,-0.024179816244775047,0.029647203239193662
-0.0020891409341441576,0.041978368693923976,0.05371594877253957
0.017659156660765837,0.09632687819034821,0.027266086418182747
0.0008483606961605973,0.11079093642838198,-0.07126086545352048
0.05554632078727506,-0.0050449143401997895,-0.08165563630279418
-0.04846538963663542,-0.008800823211333568,-0.07182663010767742
-0.0314678086549427,-0.09336191309982,0.0033933959512686337
0.013787135505861647,0.03202394573526521,-0.04909569783417076
-0.002304963131204353,-0.057401230868246986,-0.03648100648486119
-0.03203836424425997,0.023672624184979594,-0.008443231862840326
-0.09390687080512818,-0.008017980492243004,-0.05307123642521078
-0.05651535102626246,0.06506557049264558,-0.031013718356704217
0.06529955874708762,0.10477803780405764,0.047684867884029154
0.07490501470044003,-0.01635894197352019,-0.02193421008326235
0.10436870525512452,-0.04475243613463087,-0.05795997660784989
0.058147049601933364,-0.039441356015515294,-0.0260974753670088
0.06780209630400208,0.006125188646240147,0.009108025035125809
-0.033306965256315255,0.059153691650161946,0.04864165810521143
-0.05294297068562575,-0.013223867282919917,0.05507162787506687
-0.05748283097990245,0.029316837616099642,0.07351913483825338
0.06583172272788941,0.0315145416877536,0.02430007263217891
0.055345890536709005,0.005593784753266712,-0.0030510144979903515
0.04116181014735236,-0.016544410866406213,-0.035037156513835606
0.05660860057961217,0.03408172713178436,0.042546623290327615
0.008476333313254328,0.05897370830939031,0.05531369345037248
0.0659784822913801,0.04706069654596248,0.03700080390011397
0.06526421650032518,0.058378427348251646,0.07955784135658563
-0.012323873636103284,0.026693781266549126,-0.030307152521160768
-0.014217680774994482,-0.04135457048543297,0.0350800109744816
0.05769843361620437,-0.019796583394370595,-0.03061745336812823
0.1225507272533039,0.0299183686015925,0.08025044915268954
0.10180800289688717,0.11775264564293,0.024101652419740657
0.10354012080548133,0.015445947299363778,0.050500964316685285
0.08143816351405556,0.07157993294294193,0.009791566481928662
-0.04701536622603695,-0.03241219294686319,0.1650511699117652
-0.0030509400751676484,0.12651191288984634,0.04148253034018426
0.052827575429803444,-0.01108746264516287,0.04721488339380768
0.06785908587591274,0.022835108240706153,0.019411400307181245
0.05529753419200409,-0.04290938214450076,-0.0435507293641496
-0.015046186399042451,-0.01897866588698117,-0.08276881352566881
0.0008939842762010312,0.011587378732978075,0.013843770545845945
0.015070246973641142,-0.04474687396442682,0.026609251563141652
0.004053528393149777,0.07145949833269315,0.023775476092698637
-0.03946449513820492,0.010157864177020762,0.057854440304346125
0.04318534269125895,0.04487625780357565,0.02537357050006024
-0.02410796977909106,0.053014362239664464,0.07517848298147478
0.05449839752920504,-0.01916409361103987,-0.018556980488151312
-0.07237819917340663,0.1449490559405088,-0.014077091400735361
-0.029439159760737525,0.06067584373799241,0.10997513249545271
-0.007419454662541309,0.021149727729464166,-0.06367202021723148
-0.003370240492693001,0.005439004570035981,0.04235280705761548
0.04963730030503663,-0.0714041815971469,-0.03751196046694395
0.025462452064091035,0.008989640761925249,0.03739775897177931
0.047250335070267685,0.003584769500844614,-0.0013562554137280594
0.04701939905446821,0.03860750720850021,0.020067876778499447
0.027024720801279545,0.06890843026681163,0.0666295904290815
0.013360093919671395,0.060698064559079085,0.05038650560975952
0.044717039074088125,0.003159880836138159,-0.009790720574248832
0.060892795380230264,0.016067691666949577,0.031182292144546698
0.07172163116904842,0.01685516477170049,-0.04139976485346556
-0.016176811108854428,0.03064509033163044,-0.020172248794099377
0.17405419454010104,-0.01150571788363117,0.03030072699699955
-0.04065544183882969,-0.04622511983597441,-0.06526214476690446
-0.012949620056364523,-0.0022156264574804616,-0.10869784398008385
-0.048643707143488896,0.05317736405464628,0.04978739426905904
0.01918008904842843,0.022980025540416824,-0.03414967795887314
-0.07544960871133777,-0.020053919867366096,-0.07193438850124112
0.0389664065138492,0.0985304567439079,-0.003354729534939
-0.06918309617044212,0.026531023749198118,-0.018794348666459574
0.08947147991472831,0.00765282455986417,0.04943469253352688
0.07949853802779074,0.03699638419232626,0.01334095565981848
0.059598075095382494,0.047564228077356746,0.040859833210681325
-0.011860482555951412,-0.003033679163737875,-0.10603151583394088
-0.005305708481465193,-0.10124068685742629,-0.006853025939390661
-0.00295201392444204,0.016192444029856812,0.0422919928453428
0.0013150629940361855,0.05441040597400171,-0.0539596657903916
-0.022502098367381426,-0.06523400903993029,0.07150473246068541
-0.00846295980586068,0.005995297443797867,0.02692449985153429
-0.021834816931680556,-0.03070135978699313,0.021907087087268462
-0.05420576374313392,0.026045317030120245,-0.03007545023716272
0.08141099343119457,0.04681450266779483,0.019435216655873156
-0.01372757098893512,-0.02807429414279044,0.030777691013008028
-0.008516896694518484,0.018889796390235847,0.08692949495481737
0.06963257628195156,0.04296106799234366,0.0005344796133030377
0.08780618123167384,0.08978302853327756,0.03587436126400757
0.04278266507091244,-0.06977885082292695,0.013260312843458879
0.05392833907465615,0.017457116300538183,-0.0027904186513099567
0.0051650711529030915,0.05942749936379326,0.020579802834002008
0.06906605443353207,-0.03190066819260375,-0.06553673364897712
-0.02380923698597425,0.10044079860524383,0.04332584716786949
0.041416264694524654,0.02077218072051187,-0.047869944100213904
0.03198370177309295,0.0005040798505818074,0.02618798303172975
-0.00864324645222125,0.03140870008311647,0.041299199809069265
0.04780062220693676,0.014041628833827981,-0.03931252733095764
-0.007429261799264501,0.035739784167782444,0.009978840051012104
-0.01881941621909161,0.10103488012285518,0.09487843004898683
0.00016088661026134737,0.006077532817625812,0.0068022131527811
0.023560756550250386,0.06837491200479826,-0.14542855157080764
0.07748365390995642,-0.02575501013307105,0.04530430457031506
0.01686064595536775,-0.044374589362235574,0.025917499148360564
0.07401560510604352,-0.0024011071114462303,0.007802634121746319
0.06076248306687406,-0.014707991193720458,0.00429463936019121
-0.03230680498149811,0.0961769650062094,-0.05316575235320857
0.06223783854206141,0.055032175865478886,0.018230550015910292
-0.0006313831226326672,0.04390216143952593,-0.028033374429725484
-0.005034322080431187,-0.08598256411848966,-0.03199803628125979
0.0026137747392972373,0.0020249030312492547,0.020187216454430473
0.026807468973259842,-0.02391967733465579,0.028145987289906672
0.06856116270583854,0.00366637327346259,0.03662597541545584
0.08536343344088221,0.048928314782407764,0.03758256700516112
-0.06389755921084694,0.08004877207437687,-0.025591905279932138
0.01912431403856496,-0.016943872702356814,0.12215745980283403
0.01819551660700687,-0.060113482436975174,0.03899819778718726
0.03688132680934031,0.016888985560662016,-0.06882867659206907
0.03767880598103258,0.04557463984947858,-0.0776740660384019
0.027942598179233454,-0.0890869338010964,0.07223093880408926
-0.05039196120311264,0.038892603349089346,0.0627748457127769
-0.042125650625646036,-0.019077984967633254,-0.004137784612056279
-0.0620525963323207,0.15465748703055315,-0.013080519538328846
-0.018748854351212277,0.03879059499711711,-0.06533937320769773
-0.021367202277200535,-0.017089481713990648,0.05540272023889531
0.007747788160780045,-0.013651902705398176,0.020541510326890368
0.004763642474432618,-0.00798294835783784,-0.031790736081652116
0.07589110180851566,0.12442162147283342,-0.02117995783338552
0.02252790018253135,-0.05207213882921768,-0.04563461191904732
0.02598474849241812,0.056734516296722375,-0.013016819690283465
-0.018062702200660537,0.015906781604918877,-0.03077488017962529
0.009119976760588067,-0.004045322614021576,-0.028451420223245205
-0.014956857483279698,-0.03416284837966544,-0.04034328365937999
-0.09746508073985265,-0.03551670049522811,0.018447268053592706
0.057227482388574676,0.008065418522596568,0.019118591761619643
0.08623908977790817,-0.07370084972495258,0.058489345967690655
0.06339272346640287,-0.08167700044828549,-0.037166236472563924
-0.007522521161494775,-0.012617110569204738,0.054751382765238256
0.00017342234467471835,-0.08098876871077638,-0.023552629608342163
0.03211290496769594,-0.06047613214241391,-0.05735129204509563
0.004862234026889671,0.023245742960449702,0.06067344414044352
0.04991320271497832,-0.0005063059835040567,-0.017459410529616377
0.03320667321453733,-0.038123698778963,0.08952411199411059
0.020876389720924444,0.06070810402623732,-0.04459178983221548
0.06530541110791023,0.057198510261438164,0.06978342784385373
-0.016835940713317288,0.06438400769495314,-0.01588769584304662
-0.012016809780042827,-0.031109702490648584,-0.024557496593016873
-0.013707847008162124,-0.04109134938430678,-0.013464123461918855
0.05062112473110405,0.09218438348103768,0.005898691155732478
-0.02446092612326377,0.008065056564370593,-0.054473632924715944
0.025653649461446455,0.012318368472207014,-0.025207858495395783
0.060816599863887225,0.02300897320808949,0.008829837804950284
0.10984396315170139,-0.06112318609731276,-0.032421922289325195
-0.030680195484286715,-0.032918721499192054,-0.06699768158021209
0.10287479903588358,0.012448271481777507,-0.10328439522662583
-0.016805235954107,0.01049049063048372,0.007530154351669973
-0.03463458884873029,0.09992588195604504,-0.06650867825450428
0.0190494630085278,0.047003319843586175,0.028087870383490064
-0.029849665804133806,0.07383726402162107,-0.005629819117709223
0.022981153365317874,-0.016652834065116955,0.04060483172728922
0.06719843259719313,-0.04328372857319881,-0.06189902722618991
-0.016726567141869077,0.0053743449238799245,0.024126105455861288
-0.11739995905352718,0.000494537309473693,-0.007440742302065744
0.021007723459300746,-0.012437648138308931,0.025485517071489616
-0.06287364089811985,-0.012092386676259451,0.006365467820920518
0.0020890375821315636,-0.12999802130088323,0.017217062595910316
0.0897845664776356,-0.014289560643604456,-0.05996181378854884
-0.03627042346224078,-0.0920484102194577,0.009660856381313995
0.0017029251877674935,-0.05996057168423745,0.08958991986251073
-0.05963006868954398,-0.06444214867390549,0.016331153474687662
0.017087710001636492,0.013110381103528166,-0.055763570117561514
-0.055991616090076496,-0.020428348952172146,-0.011472536833961763
0.006523222914293422,0.011493361839032799,0.058790263607267045
0.13397231785035554,-0.024506746480405354,-0.10340668348425928
0.1258847222611391,-0.011945980179151413,-0.08208129073815339
0.0074773284478893975,-0.0025443245530521715,0.07910410186961461
-0.014075481094908984,-0.0053748940825218815,0.00753479022809515
-0.0716526885302389,-0.11022802023853435,-0.0192926657055792
-0.08555892958819707,0.07053087301332452,0.01094452207362859
-0.08201355829973613,0.05312186396265556,0.03581161133060216
0.01339618765966579,-0.14022419314070886,0.0048879673515905084
-0.03920130397977449,-0.008038763676039973,-0.05079244650300442
-0.007030883716338147,0.03904595913672104,-0.1789372618765901
-0.028824549159725387,-0.006344679966176215,-0.03678459161542531
0.03625237930027473,-0.039389264701989245,-0.06180875969258936
-0.0001694029981664045,0.009328809783212015,-0.019616934697223247
0.04818477647451868,0.059824071755652485,-0.04994332680358354
0.12350317529404041,0.03587687504242183,0.02657118923496827
0.047075409456495305,-0.05109659627517233,-0.05486946197287834
-0.044872996657148126,-0.011156993749438454,6.850946511197976e-05
-0.0006665024727328332,-0.08010412046718872,-0.01979555039447021
0.007712726672788604,-0.01866035072442033,-0.02836414410996157
0.0458374150981508,-0.004581464733420523,0.013898218589064204
0.010969535689154911,0.03454201516792231,0.042742033800889194
-0.08546696032372227,-0.09409228838326286,-0.043221498542100334
0.0042380844507045705,-0.06423216341815369,-0.010864387333044883
-0.007803973150961958,-0.0363176896766811,-0.02361459879265767
0.031744021042640756,-0.025758131437033118,0.09806308711626106
0.11489095725023633,0.03251970307042901,0.01100593805360131
-0.0629994773266,-0.006539164191609055,-0.05311681600197616
0.002957157143599712,0.017825003866793032,0.030817604032042624
-0.0261292508600995,-0.01744091039455324,-0.05366323501770417
0.021646688044320718,-0.036895246712454526,0.007893282157049753
0.01577916682169453,-0.11643696551864326,-0.09467584213251667
-0.08780813896404971,-0.021742443755190778,-0.12732124235217565
-0.0002786036864780607,-0.00086979911989047,0.046284486218267806
-0.05338888890716355,-0.03752795818047881,0.036715820165070884
-0.02471920805016646,-0.10272940155937321,0.022608830530339262
-0.11651239702377829,-0.04353758136171937,0.09480761548670173
-0.02723072284870942,-0.013200630692272912,-0.02854173358407881
-0.03066821042116582,0.013607583662247,0.08569790444721921
-0.03458996618488587,-0.09383183311090683,-0.0002265954476440256
0.00587469703437786,-0.009898289869058514,-0.05736387951211655
-0.08068539437264466,0.03599423811862293,-0.014689194746900263
-0.06541079884221944,-0.07073085985411712,0.024709418320250424
-0.013920833887700764,0.029966435537258994,-0.07513259784269996
-0.03682862860656199,-0.01015655748015587,-0.03936245809656805
0.02673426673478237,0.012618061930322503,0.029397034321016754
-0.09752189579656101,0.05608542652134099,-0.022545035880881206
-0.09616944471863528,-0.08320204535586295,0.016669259769955154
-0.028322430033316078,-0.09817644416796867,-0.019231652516730646
0.058456153133138976,-0.034686329123577136,-0.07367767005744176
-0.016845343477953842,-0.08263891414753397,0.05169146287078039
-0.07282572147306057,0.021380619194152507,0.014269500236199936
0.028798641582427544,0.028609924427072914,-0.026005318573218257
-0.12000535230518557,-0.03392546071745453,0.02145441059479858
-0.07813357241638139,-0.03611397606008524,-0.02927617771407602
-0.014662238204547996,0.011425041690242083,-0.029308801630622168
0.06868721392160079,0.008346524814218985,0.0008800166714280667
-0.06204779597752111,-0.05728514962312802,0.028522691973335318
-0.055902707658727964,-0.10371400023063151,0.06191772966398131
0.0757259674403404,-0.12060891411273242,-0.07944007764283435
0.04451625011908519,-0.06404296245732059,-0.034324598225808946
-0.11316073234529547,0.037213545558271145,-0.028681668165113437
0.04002403085850738,0.10667438612965335,0.032764696693224404
-0.016121572953123147,-0.05846445953060267,-0.03786152778370715
-0.033318482918004835,-0.005259896005798509,-0.11735592850065393
-0.061261741937912756,0.059295152197509055,-0.030383660659351074
0.02887840068838039,-0.047714274644771015,0.01191482279986517
-0.09542805031647258,-0.08144229421038324,-0.0768853535852665
-0.0660985779026412,-0.077724965781369,-0.00756793127101694
0.039559177925203956,0.03845693678417461,-0.06089087604834499
-0.11826632850112574,0.10193965191628131,-0.0557812178357491
-0.026814936993297445,-0.1236373242717253,-0.018392315719555616
-0.006338515956059228,-0.08150329901922505,0.10757718286966879
0.0010324928276783558,-0.05932619577180314,0.006025234848472255
0.002798675112182524,0.005561886413277952,-0.0009674679776440695
0.00042018385441914413,0.006219422546898477,0.003998438327801446
0.0009757198041544894,0.0022640209668052767,-0.061185562257492
-0.022040040098359224,0.004858817690201318,-0.00911609603889154
0.009364735426322924,-0.040657254598506005,0.0035447474182690834
-0.04903990366013238,0.0653940002927708,-0.05280344366482657
0.01787928359848639,-0.06338888718034787,-0.02690944166777389
-0.059509529474593134,0.039596313618243506,0.039306024627804234
-0.080442339518905,-0.028610692233320793,-0.00826466177535046
-0.011998411206472213,0.07261938854927977,0.032468269676068424
-0.10102756581094244,0.013478714333538564,0.053289743641328574
0.011732667184009636,0.03412926423225403,0.01340437188316601
0.020284123679513825,0.00034500759992781016,0.008070649611402924
-0.010638927781533828,0.029965194436142747,-0.06388525950502373
-0.1062922442479648,-0.1054332335951016,0.025199183070112697
-0.08940319183608529,0.008413562847698095,0.02894657131189478
-0.04168426041590201,-0.0374715791655379,-0.045810003855523446
-0.009300941870838157,-0.04818258558573543,0.04924677453752753
-0.011684930025544276,-0.015664537434098874,-0.11113770893129062
0.052738170643625244,0.058929704967002706,-0.027799104420524377
-0.07411902425620626,-0.01212796959982593,-0.083208139789535
-0.013274155230297905,0.015307045208510114,0.05233188677878732
-0.04035621896675464,-0.013002626880713472,-0.07814566073677919
0.050218044051775185,0.04089912377600273,-0.06536352973664195
-0.0347268977414224,0.0061581737554119095,-0.05097024718590782
0.03105368813690116,0.07787704950047422,0.02077014490232061
0.0518614627054159,0.007116470871641682,-0.06125987686212098
-0.047845405672120644,-0.06328801150074859,-0.05917825798108985
-0.0513556075446181,-0.00468330832170368,-0.06672418196271387
0.0158370265069063,0.030229323641415493,0.03137877921746945
-0.07226101582620979,0.003765092763428419,-0.018739735963678672
-0.09823690529003015,0.0751870543895872,-0.05510290330127137
-0.011401051928311465,-0.00507251158573328,-0.053254731576530503
-0.07546330270178865,-0.08551271967812518,-0.0804927948867061
0.011009326238711346,-0.0602366819053235,0.005004578665322657
-0.05447519209408258,-0.0025927554134203296,-0.006127634388104904
-0.04029623096084346,-0.03383672273992648,0.016182470558102423
-0.07104672461295654,0.03145485992456134,0.0566775075372521
-0.015681920901366907,-0.04928796052247403,0.029811338429794335
-0.08267012189237896,0.03151995827592037,-0.08322656119191575
-0.03559213837747588,-0.02070923573963925,-0.052919091610898555
-0.08724385080885287,-0.07567741016635658,0.0021521398673182077
-0.04814396125325271,0.0019660157767916325,-0.03211809681937301
0.008904916502391145,0.020299336496517835,-0.06342665605687166
0.006587629366168022,-0.08858152508574428,0.09030957576819754
0.00358174775142071,0.010466367429214217,0.03701239265081001
0.017020857461968943,-0.03809143707398477,0.024962630410888115
-0.1618167278911881,-0.02581943766253659,-0.07299558949102106
-0.027556354245446994,-0.06353392795810134,-0.030087556201905015
0.020918063170790348,-0.04432453420680526,-0.08313308144664758
-0.018306084685787004,-0.07833134907025836,0.0278404511245538
-0.07900596902842691,-0.0013085255068044973,-0.022110764665993446
-0.07271154264212752,-0.06855034717564529,0.025172302603046474
-0.06142422346399306,-0.04956153145131595,-0.043698747397418504
-0.07529372754425359,0.023380369610231534,0.08818530671573178
-0.02583639066503781,-0.03588964283631808,-0.06982476953966887
-0.07921755666995248,-0.06152377385250934,-0.0891278726920325
-0.048261210366697,0.08063226612742787,-0.03499528612391741
-0.010624799759460853,-0.16535168852131799,-0.08527063687345396
0.031593226068472424,0.10821634854800552,0.006704665258991271
-0.07875234383800708,0.01249828762308983,-0.006026169066296311
-0.0680920424463543,-0.03761385436696721,-0.01325273279619359
0.004677549870992625,-0.07374310159113581,-0.010208655292516527
0.0027633682696178094,0.014324675546032556,-0.0297901170246661
-0.07481218785561848,0.023136350060105837,0.020346741461460302
0.061968574592689535,0.016396547898099335,-0.027766924451494573
0.015329978074975653,-0.03377687137980576,-0.07696001686430098
0.03953639960529545,-0.15461642022361596,-0.1259545996172048
-0.03772859112049886,-0.07384012358441691,-0.023351888013511617
0.0691697252811858,-0.0029415349274818543,0.018389156479794062
-0.06158257320976184,-0.026504063498726884,0.011880209609415028
-0.07021617379569225,-0.14823563340560825,-0.057952935211448016
-0.007916521224665986,-0.1223289261248475,0.055291546314793154
0.010143128376710575,-0.03255301135399989,-0.02115727937519171
0.039355740003485434,-0.026281213897507677,-0.043489405342862476
0.037017211520478877,0.028338745517370346,-0.08472755063723651
-0.03333278293509372,0.04066439177331263,0.046674765669271485
-0.02850362200729017,-0.09595682432412225,0.024037671805560108
-0.017784632587281534,0.00019387872614110707,0.06215994820234515
-0.052301102063346774,0.004092680352149153,-0.02478193393311395
-0.006626093218517702,0.021204200431042968,0.024404994122117586
-0.01677326071442041,0.0004448476780634673,-0.07672873930897384
-0.006254391533103341,0.04061134159036966,-0.010295559954552422
-0.049531991809303955,-0.029494240460987683,0.06000715844653562
0.059611624640696394,0.03008648743214863,0.01843245905360948
0.047023980690435445,0.006961544913927544,-0.03390871077162635
-0.03964476320190117,-0.10326560641507082,-0.07956323375717585
0.05851746367883135,0.00745798210423809,0.03375933912862641
0.061352159619969954,-0.004617393481074009,0.0010469136184258557
-0.02590549919366752,-0.033942525853007784,-0.06386427346902476
-0.11215252471529481,0.000493154869969723,-0.0633147530242515
-0.025534552494813484,0.04745561471733596,-0.026190780284244694
0.025164581954590426,0.08280690170409143,0.008788621601136443
-0.07788056508993305,0.03264274316319389,0.05345762953746068
0.012968038253416914,-0.09046409693868565,-0.13122110683285088
0.011039156478549042,-0.11781018446104813,-0.06081638930931693
-0.06300583988032084,-0.019478831268858722,0.043018183469764715
0.049729774258899004,-0.011054523583742818,-0.05750083589095679
0.02466814047660356,-0.04106862000583522,-0.055319174190753356
0.0451675601059996,-0.011338477894805979,0.014564529713161965
-0.08756044364792284,0.04815594877025722,-0.04965240859112253
-0.0591857202741896,0.003891991472245294,0.040874912216672867
0.020695746981834257,0.04160161889034082,0.08079986967763725
-0.017422393781812005,0.04664525092399473,-0.12112278722223932
-0.026194628943009012,-0.024053608927083994,-0.02384479774953595
0.04115478703803594,0.04192990395273052,0.004600675516858655
0.008522784195836026,-0.008572246096515003,0.03759678690852611
-0.017872646792846704,-0.004059571750462651,-0.0367759872569356
-0.06777180642965766,0.12279199551676095,-0.05075436195168837
-0.06402092995489894,-0.07010238138606899,0.025288731740088655
-0.09392924408389602,-0.05348699754073126,0.06651459495155605
-0.04770705037470055,-0.011037479302580377,-0.0660357541448345
-0.04496641144378954,-0.013839315416137534,-0.0829849593715984
0.012728227634386378,-0.043753507644119144,-0.06134406485542152
-0.01147592651028435,-0.0492447942136676,-0.04091743354046622
-0.007248598373036521,0.010194567284017882,0.03419523872856491
0.01950503870055404,-0.0079925653480198,-0.05359601294954207
-0.03628161793764524,0.0321558861038347,-0.01418533043315583
-0.04669537470821214,0.010038707846588509,0.032903010371769875
-0.0669325829609636,-0.032133357088775294,0.0007837439907208178
0.07848154227612722,-0.039585016394081,-0.020457764054412134
0.01090149402232744,0.014996082589014328,0.035525610956531374
-0.008340364382594362,0.03678891900664544,0.05489185287218479
0.029023682471451928,0.06421469681149855,0.009382688384636125
0.02766769182231973,0.0009825988990130033,0.011277331020440897
-0.0378510720410947,-0.07000625364705995,0.010247734459883013
-0.08820340062852965,-0.041418545365564906,-0.05205019624731538
0.03828101148549283,0.01718009487247759,-0.05321743935966071
-0.02193563217829152,-0.045990680815703816,-0.016720361139368794
-0.008901529342846552,0.025721332357369942,-0.08322993302083359
0.060799227946157115,-0.032945516121933735,0.033627035646227016
0.07720891519238385,0.017322309642905813,-0.05517277391030948
-0.05885718302922763,-0.04142908769792578,-0.008208019579950246
0.01709775326638266,-0.05975073281861569,0.05280207248036976
0.08828087997119287,0.11920354729549575,0.07298335041430486
0.05338636812290181,0.004496647285193287,-0.10589507276648205
0.013924631243630227,0.023223847700989605,0.05478483509541794
-0.013782923211197947,0.023936885939818593,-0.021532948809045476
0.009138078583720793,-0.016040052852742365,-0.055563999196975314
0.11418792539255126,-0.040838385872405084,-0.04646867119062882
-0.0370579668607741,0.04974994174665675,0.05527927861558944
-0.0026085219847775364,0.02511459208915879,0.022574567353567544
0.04547726586683738,0.061186654390702026,0.024450955862086232
-0.02113259822559935,-0.016361049306594273,0.0033228034765109098
0.019399576622469192,0.055862060206861075,-0.02674281439690817
-0.05354892535343191,0.0741325745191651,-0.05201187377418185
0.041214670695989476,0.017724646331355506,-0.0813272472795289
-0.12077019411556524,-0.006781270124295602,0.03678461643411028
-0.01339417388231257,0.09665779853586018,0.09611809309348937
-0.06277883626170205,-0.13339486093765088,-0.0407918493798407
0.03988277666417001,0.07028858700819984,0.05367120507086298
0.012057231978487029,0.08206268896780548,0.048954880738170156
0.07162309542207479,0.029277740606265014,-0.08014711537359163
0.0022381348285816054,-0.021478148866063966,0.07495463580548792
0.07842420941713336,0.017167283776380594,0.03799703023245821
0.018009338183549713,0.016441990357045966,0.05917886826691414
0.016013820641407946,0.011969981479299565,0.0405006022892601
0.1270999470631486,-0.060621100909359786,0.13241378563011375
0.021929284647859745,0.009465086828172192,-0.020287043864544066
0.03514658118386198,-0.07370492187237528,0.030608061279814074
0.02472105470387015,-0.008137167099031603,0.00855327870058151
-0.04053215205777032,-0.010788733322192084,0.008046354274707634
0.053641551789278194,-0.014763660476523648,0.01589754618172241
-0.014970608955617297,-0.001914175641706848,0.048687297116361564
-0.03423845334654019,-0.04631886877053853,-0.03937625905715179
-0.0006891179370156972,-0.04958488233488874,0.08221842787486067
0.032971355396802154,0.10822957950888759,-0.05940823014922516
-0.005508475940881236,0.04270622259600275,-0.08586298716183435
0.08904614623185227,-0.059601201950193694,0.07314429865854816
0.13118802618778339,0.08325184162772283,-0.06131600311825612
0.028461615236007903,0.09044598954208696,-0.003736452977729794
0.08184457762573036,0.0915822441017071,0.046611371440247185
-0.0477684054863424,0.10164518223964346,0.01672171824144836
0.07264592448683829,-0.06896856666288889,-0.06608930236255398
-0.01315379174680291,0.040023025209056845,0.00957046381679762
0.097214157717358,0.04964567439273087,0.09661881917783222
0.038569177507652846,-0.006171061379987918,-0.037960927769944496
0.03261766678051306,0.04812529836742777,0.0923067628652307
-0.034766674466970626,-0.059483347230423644,0.00016222579390925973
0.03018215323481871,0.07717984697063773,0.07328738656037023
0.025368792924824718,0.02027228013335563,-0.033324143370149606
0.022986208385850002,0.03660803094173049,0.01702533255080832
0.03954275363822472,0.08243703926041321,0.0837646196221502
0.00963786803831283,0.10190578607378435,0.05395635055102027
0.021317696031488982,0.06430039944498778,-0.02028078219802607
0.08278532950479556,0.07642780815909492,0.03662020859746648
-0.00289043098157726,0.09197628592993243,0.0502172655330311
0.03099485644691654,0.013523848935416253,0.04336383423590813
0.05298360193696254,-0.05763243536119117,0.046397148152764495
-0.007005406349140309,-0.032930260630714164,0.08976562222499201
0.10945505054233146,-0.0023851415334892843,-0.012950775132429194
-0.0016626840408959162,0.03442221031926808,0.01077808450858046
-0.12395981513605903,0.012188152728531881,0.015252008432599275
0.05276795662619228,-0.04528127456899468,0.06319401403273789
-0.07218072551058732,-0.10475689075221176,0.04895101967534821
0.06676782142428313,0.011673295483011447,0.12447618853482784
0.03699252175675814,0.07823143854752052,-0.003142729011691405
0.07868776606831362,-0.08728224051781974,0.0018549636399313417
-0.03490582392051601,0.094115083734738,0.08386289416885138
0.054708121246092076,0.0508457502183584,0.05262808025902507
3.9702050623518365e-05,0.10012399566280944,0.011109571130303447
0.03952060516766394,-0.015287147652685174,-0.03225733711002894
0.1150143822047568,0.08080057860351131,-0.031054379902119032
-0.025215985289502595,0.004759155006004956,0.09683789045921362
-0.03961438954433026,0.04677081672247499,0.011496722537370885
-0.043587024100872195,-0.0007847846154504928,0.06382113045723031
0.06751268950901707,0.07604076964930473,0.004455767076368956
0.001580460478652592,-0.024439138443012688,-0.007440131542852373
0.04512412412739881,-0.05031068854723806,0.020882265267127904
0.06346399281927914,0.02623867607102341,0.0028820573317498537
0.05372974145077733,0.036268820259706305,-0.02818452178130527
0.02871629799615424,-0.05872661173549335,0.04611562644470055
0.018866676100734406,0.009508558019597633,0.011565047332676706
0.057516816147325345,0.03210838431079047,-0.011983848923856795
0.07576555121493207,0.010440176319418315,-0.017577605017917657
-0.01565236699416573,0.005896830522554984,0.040800923908649554
0.17265650236753008,0.011126884645445324,0.06423996877116128
0.02011043093452751,0.05494638399929129,-0.04923225436645917
0.04435956456619787,0.04869483420886902,0.09308163975054749
0.03891304865257514,0.010658390529160539,0.03936541035158388
0.0028008645819895574,0.06820630993866209,-0.002180156222831627
0.013029704043873127,0.026238669700615676,0.0017433854915951189
0.08699370474967218,0.028175012010268785,0.010278643032189146
0.07005721710184717,-0.018146173878012373,0.10055189708723626
0.0450769391942103,-0.048762810920268615,-0.028484789380939523
-0.03468953287069361,0.0050975256151032,0.016778875817969732
-0.01691593129159188,0.05417319310996663,0.034639621925007094
0.053718927179912085,0.14171780700966624,-0.005627946725256811
-0.0497210010174005,-0.02715830264520551,-0.00745262674303827
-0.003930109023959568,0.06550921077949667,0.058579325514467956
-0.052701605478393955,0.03332736473784048,-0.014619517637797758
0.023700930180575813,0.02383693211967014,-0.05563878842550496
0.017631553613522682,0.04668091303860805,0.05877067869369314
0.04154389946011428,-0.009968204317641182,0.03125048622448524
-0.009661016554439655,0.012617507538474772,-0.02367690568789421
0.08059489035598502,0.05946470379651873,0.10795590184353435
-0.00803725193671919,-0.0013639335384704881,-0.023865640706852695
0.013675464799186129,0.006972154952584672,0.0525423861338995
0.009854826795472992,0.027149857471276805,0.040118110534160624
0.06863285424957746,0.11887303288961298,0.020819143767953952
0.10060617824758128,-0.015276175927385324,0.014973205461580964
0.0550074075963944,0.07606968513962216,0.08446990444580617
-0.0015878908987695568,-0.001453760320084492,0.051783918467798604
0.05569549621302717,-0.04561679870712979,-0.007346176143934256
-0.050493613430252854,0.03369942209809377,-0.05514830658203018
0.06796251733205624,0.04956481299435728,0.045058111552257654
0.03352821875710543,-0.020789190292333247,0.15163408941935866
-0.00900942198069362,0.05526218758974691,0.06618021676498352
-0.019115845318944842,-0.010276187736771511,0.06040778382072535
0.014179153762678278,0.1142654251886098,0.1028643622615008
-0.034050799003905174,0.08401362174782204,0.007665167779219422
0.0059295465439844295,-0.006296894209981604,-0.08875735980877177
0.09120244261098948,-0.04972163720962213,0.06054820933186314
0.07529550601851052,-0.10257875889468987,-0.024406198925221483
0.051047848756085194,0.008760908825223082,-0.0435248215430376
0.0591168776543732,-0.06665134102907769,-0.03206545672650369
-0.0316385248665704,0.05336002769641493,0.05683001543047891
-0.0400910943127072,-0.06152130836215536,-0.024221109917490154
0.06998057694119095,-0.08052095519440955,0.04405112532652674
-0.02678086555146428,-0.0008172574229971478,0.06058339487493278
0.07461540178731588,-0.006397060127057732,0.004374200395729751
-0.08420684596875275,-0.036960973027688956,0.03260135703365382
-0.03686142930648004,0.0039840639569951085,0.08474808110054817
0.08072346034310518,0.03835267445591362,0.024260541623793527
0.01809789638648515,-0.07622176738863912,0.037000727392894825
-0.09965811182134537,0.07013776549635428,-0.010018106392313935
0.014118866239161677,0.009262533273238715,0.0444472793050579
0.03070291652238126,0.011568894439167648,0.07667438739905351
-0.014542808586043395,-0.025341880782043094,0.04239875454452485
0.006440596445997733,0.07698488942543716,0.04278690297814737
0.03395875753038398,-0.005846966654398435,0.05931188320324678
0.023767816327939173,-0.05332888527437937,0.030203600185993298
0.012360652400129013,-0.05932463738849096,0.032174356263454267
0.00705265366853398,0.05976258728281062,0.029734820167985582
0.06829201194543169,-0.02130640355374695,-0.009010533290391913
0.009897611365109102,-0.03893379728385148,-0.04665040545736515
-0.0413752020921841,0.019540130565788176,-0.05095288559042147
-0.029147528648525965,-0.03249016860844499,0.04548894206177459
0.02211431730582291,-0.009726841313079972,-0.010252007055826358
0.022247735196303374,0.012070393722094851,0.03520760304394244
0.0020162840763185983,0.0604027507424479,0.006515902140694421
-0.02721521490191454,-0.012032713851584172,-0.06542539751338597
-0.04723017565565894,0.000830531107290592,0.07717980798381742
-0.06926568819537271,0.06516215266837097,-0.029823322415002594
0.05631104845736417,0.02279090723357043,0.06819186870101014
0.06744272923009417,0.04682116676253802,0.056035368439371014
-0.08631279836690588,0.028058935811925426,0.04647618845707726
-0.015122506903871421,-0.04330599099905154,0.027974891741849098
-0.05598608853993124,0.011680455481909064,0.048811584159848195
-0.08026565365900828,-0.021873593565820134,0.03822833176299512
0.06721150571931088,0.07539970184427663,0.009620438885323008
0.04978637085980772,-0.054360615161621786,-0.011218063674744285
-0.002964441403923404,-0.045491261799992494,-0.10420848481856981
-0.017103730672779975,-0.06891364269867184,-0.06802732075148593
-0.05724241223002767,-0.0065029538364379125,0.03572412599196402
-0.08459877412864793,0.013933485413518295,-0.0056908135648307745
-0.00476942066677885,0.017042411043405984,0.02748280370602291
0.004379968617709593,-0.002298625423136035,-0.0651482612217501
-0.10802254979597276,0.013024037451439152,0.044133273258104136
0.07532161782932989,-0.008004460157045023,-0.06699251357408588
0.09255414946591274,0.052922836513726375,0.09143333501083288
0.04555944395809777,-0.013406228654978375,0.011477788744337806
0.04030422012087031,0.01458319381765565,0.04340357740070752
-0.02579718729181648,-0.06543779413612118,0.0178764712502747
0.0068545802439881195,-7.369510457045649e-05,0.0008782037508264235
-0.03243160109599095,-0.01984007273443139,0.03796838946742092
0.05947467852096834,-0.047728215002247824,0.034101332160557184
-0.1638382725076826,0.013184016714569645,0.051958560535113524
-0.08279179671450343,-0.001396866460754664,0.022219333654582795
0.03398015677611193,-0.052403326615857976,0.012083992960973323
0.031229825977023874,0.07225901204307623,-0.021425393409297024
0.03191692025273076,0.04529362304209802,-0.052541234386417515
0.030546205227808702,-0.06477853408337866,0.007696221519081191
-0.03111758543513853,-0.07935164976988049,0.017582362937662174
0.03468314361022305,-0.09976011964849239,-0.0336296698120673
0.0010527854872696436,0.009515092076096934,-0.07200956197756078
-0.0650522875280778,0.03469552471221837,-0.024297053322349247
0.039209885248589794,-0.009160479247122287,0.020770750155026593
0.005727163716277139,-0.0012928751608214757,-0.09024894012197189
-0.0043495722643591755,-0.01579477492883586,-0.004826753364362648
0.018712536705865476,-0.05905669357054292,0.044882004322558525
-0.06320041123353852,-0.0029482027409574625,-0.09275617269286061
0.031493473141900485,-0.042338128880668964,-0.020753716809473924
-0.05225819855123191,0.016561296265460077,0.0764931308998708
0.014143997127513618,0.008340976225829357,-0.04941172282130025
-0.01144643225152784,-0.001287802027081929,-0.015162387230551341
-0.007904879875825666,-0.09404837200940033,0.0022925448282546156
-0.015359706450638427,-0.07280526424770803,-0.014525495577763297
0.10568639871162824,-0.031111740935924476,0.04474208528152964
-0.030481897686780834,-0.03495348848625817,-0.07767727352167575
-0.014357832496281257,0.031854437817275066,-0.09135220958493276
-0.060309217513429624,-0.07018929649737238,-0.021928507525393867
-0.1323524355065465,0.021222460498996582,-0.02793400935636388
0.0061210367730352554,0.016448253869015057,-0.02433218002059845
0.028270551824961996,-0.022281507525086598,0.05830949469214054
0.009503277739235774,-0.034527148534317126,-0.01505291716457715
-0.037686377869145415,-0.01104685823184729,-0.08901277030460494
-0.05181344057158724,-0.009934241313873167,0.023810495651526577
-0.12488377362157173,-0.09068322184169554,-0.012244096790732443
-0.07238964935167667,-0.10259408373652393,0.05069130251540106
-0.04929005390741734,0.051397289362710465,0.020977103541146278
0.03827988668759094,-0.06685425632224322,0.03983994448020811
0.023054251985050192,0.0017578155071037837,-0.041679810001831526
0.006548781470805639,-0.039885915486262594,0.03334268827575443
0.019607687985430413,-0.001095778876377549,-0.050891523357275356
-0.0203506407979751,-0.0645054715817,0.046647137621190396
0.07039899736737854,-0.017983105839327426,-0.06643021419047199
-0.03021124440936112,-0.14428865076077024,0.029715293287629205
-0.015251017641006025,-0.0960581924516906,-0.011004045594153486
-0.06640887794280592,-0.10882506749416251,-0.014939098746262185
0.010898077728199465,-0.034787933225008116,-0.07661433230947526
-0.0462677376712195,0.006528898211016708,-0.015196049037740484
0.026444345842026342,0.047943060923859276,-0.08162430761500197
0.04059448981359175,-0.005859860919289859,-0.0744068685388282
-0.08604069855017121,0.0007145496078149235,-0.09377420403527899
0.011152191691623467,-0.07233467414492505,0.003542260183576571
-0.02059881375987188,-0.026281339389906545,-0.005974416303740876
-0.03395416709547017,0.03061617236482377,0.051702337174357724
-0.0010343492605118035,-0.04152615910950885,0.03394323112713905
0.007063269808023548,0.03030399639767925,-0.0011645204594606506
-0.06349041652217109,0.010575368404963165,-0.03716434800845186
-0.10885330412147545,0.02685520382753364,-0.015029439010706835
-0.01896842000119118,-0.02107067060745465,0.034709831482381374
-0.048682183028036036,0.02523234144051588,0.06335298201646622
0.0881682038479836,0.012572852526566352,0.014668088914566092
-0.028075448827998492,0.03597667476027011,0.02470971734750594
-0.06466436554526667,-0.02514874062502071,-0.09815023819517178
-0.08752479800349175,0.01943252916748131,-0.004326209307889479
-0.06121672462122102,0.025841095172187814,-0.01888465030014122
0.008575799140065687,-0.0269356672230009,-0.04057554026627875
-0.012799457525736076,-0.05576910985706146,-0.07439491453632624
-0.04709103233799145,0.019829205345521305,-0.043274765386919475
-0.03319453266764441,-0.07965145641862018,0.05776562000253241
-0.0821972355153217,-0.06253870487164997,-0.0015110590834899532
-0.10000644982877407,-0.09276192733933142,-0.03175595099662878
0.0019248984025440584,0.047530155352228286,0.05630467512269067
-0.0381126098865166,-0.029546297924473282,0.0011481649099269985
0.039909436978642056,0.040453453980877796,0.03008923180320809
-0.04689687795863008,-0.093796910287507,-0.06738296976676941
-0.00577919986854138,-0.03684191718062875,-0.08743342953495359
0.10772323199980278,0.023971430860204687,0.07796816767588065
0.01581549479195462,-0.06835457551109901,-0.04077734523576998
-0.08227512428243842,-0.07133037526740818,0.008101644630521244
-0.0009568899871665072,-0.030058191209667778,0.04161200292144092
-0.016388328349364732,0.016231740898426453,-0.02245414921814115
-0.06212901185504865,-0.05332520243654478,-0.07804691353026899
0.028416269325771744,0.02477293749125039,-0.03986108559424642
0.13527274066203643,-0.021844851038554873,0.04286789032999925
0.015543299089329169,-0.010479534039008906,-0.026168629807153843
0.028020606279107994,-0.06458752383610027,-0.06071666871625818
-0.09694765512038979,0.004985083626578703,-0.08234474708510779
-0.010148794613070881,-0.022226629696107867,-0.11331874054373997
-0.007126479706991724,0.012190753617565556,0.01590075360008419
-0.09850008313403405,-0.007370799697106571,-0.022898493363324453
-0.1039887580835535,0.0010020598404656654,-0.004473961890579102
0.023706305666189895,-0.0527467579388695,-0.010215347006962175
0.056361346662542,-0.1034432468998632,-0.006182010807606943
-0.007783839071470698,0.045457553673633314,-0.0905268117776174
-0.08322972361792763,-0.054722648541398536,-0.04576369420385394
-0.03304826628084606,0.03157086523583445,-0.03849761261826011
0.037576489814833976,0.07521049323514115,-0.11035911385103991
-0.05970509207094217,-0.10289082542392888,0.022098471050359555
0.012476693433838372,0.00462278607489992,-0.024840041013779318
-0.00536823015404787,0.02335917413738004,-0.04313649018665334
0.014149273659595448,-0.03770705001412271,0.03394922262986287
-0.08268947263596946,-0.0014987664887343363,-0.09598186684739204
-0.008131558490199697,-0.07633723845818316,-0.011047992201491998
-0.03418764369258569,0.01399761885221975,0.006141102540466337
0.0325257168261012,-0.024675477229307158,0.049279742637966875
-0.020962292025778505,-0.039771755662093136,-0.02236810319540122
-0.03815386706024862,-0.0927111569676543,-0.12462320156183801
-0.004579064123570054,-0.07454884573727248,-0.07237758771486508
-0.020266445217128344,0.021164478522739026,-0.014410027670153655
-0.018461311018519097,0.022493636287848187,-0.03291098877404821
-0.01204324076434839,-0.08906633020344805,0.019905043585755677
-0.03892465897072662,-0.06006167649186822,-0.002839489044530817
0.06853644593345587,-0.07061549371524473,0.005536469400729254
-0.02051494649349498,-0.08745604152128535,-0.04280718881645272
0.05465761182781931,-0.016112767843469825,0.03823497063983184
0.008936395671651717,0.018481791799654517,0.031213785908606694
-0.06716842235884384,-0.024648670583252753,-0.028603184685445662
0.025128265766543516,-0.08725083112466568,-0.032291359355591576
-0.1261842495281184,-0.04000102344017263,-0.07261205491784659
-0.0129070438805385,0.03837890873971445,-0.057730890911777015
0.044418063068595005,-0.06588203188930095,0.02504640480999231
0.008084904149364733,-0.025027557527127868,-0.022337551140958666
-0.039974979167594515,-0.05824331079335961,0.07808126774398545
-0.04073350744259252,-0.0209265718638238,-0.04771712911077612
0.05164957043318551,-0.04060259552044851,0.021301595203277655
0.032911539076336316,-0.007452744863713291,-0.01705221511772121
0.005639187197243368,-0.015217337568543501,0.0032320507260035734
-0.028724503271700376,0.003691072105960067,-0.07027909547037647
-0.08119658391790052,-0.08277104845446097,0.016873468189843224
-0.0001739645741332778,-0.019606379288214314,-0.0015314449940907991
-0.10456289528829647,0.046467990763877365,0.004530903008766667
0.0490880411546971,0.001694275331602945,-0.07213467566824856
0.038830587471172226,-0.044005272985641115,-0.0492220544201962
-0.04514894596970809,-0.031174562171440004,-0.04608006254283374
-0.049426556815022504,-0.05097851353593771,0.002306712566678394
-0.0596619996715235,0.02638165516997637,-0.021325904219099037
-0.1116970808387101,0.04127321942798026,0.07312103621815713
-0.02851708494692859,-0.06270397675101004,0.028629713460348344
-0.06496859653675588,-0.02012861714492624,-0.11376848377683102
0.004998705031673427,-0.00413033691140393,-0.008836917606754573
-0.022569879753707354,-0.03269387807206194,-0.014434416138020902
0.03666978962724767,0.01520111836498188,-0.017385650859425957
0.00829148033090003,-0.004473797950352165,-0.04765085899531647
-0.06694711858391035,-0.10424784412758507,0.034041955349893
-0.02507026687090811,-0.0485247798660345,0.034834474095014195
0.02649692874826464,-0.08502019061835094,-0.0656995807038192
-0.03139511368375355,0.04678197567516804,0.01423168690926589
-0.009154067648264316,-0.035206066531966125,0.02893940693931476
0.01710892316776312,-0.07014689652400004,-0.014576492895357578
-0.006266298146881585,0.004923466477947912,-0.0510515410463697
0.014092619962448559,-0.019006690925776844,-0.024466209846378907
-0.03277294385406949,-0.07952430286143719,-0.04850120565582796
-0.11286314456759358,-0.10672533382268752,-0.021144094408086643
0.010254962447453787,-0.0809820300982888,-0.04360589808863643
-0.030938103766781563,0.02536367892133512,-0.017551525350482697
-0.05072264249281862,0.06725632763579628,-0.05707241850339098
-0.016756691623724843,-0.06936737848995599,-0.012423404032873581
0.06294035136940745,-0.019797232656978043,-0.046011980815093965
-0.012787940457948167,-0.09246364991147885,-0.05635468134056
0.0011025215473362254,-0.014258150526829282,0.008819942940762894
-0.035208315414204994,0.011378801653802461,-0.12280139995008058
-0.005428703093177405,0.07507512104983781,-0.10437135134180352
-0.03053406100252646,-0.07794886953291712,-0.026752022878303618
-0.052129962457335886,0.00907533053878281,-0.0254833789441058
0.0591638258885229,-0.0038651090884991935,-0.12223006708630076
0.022909894757121293,0.06172723033813525,-0.029267052412396195
-0.14959654464479485,-0.031227788177870808,0.0342336525241248
-0.07707037580858135,-0.008109943988857936,-0.08415173249869805
0.003619658135440615,0.03237597847482561,0.010095410328934577
0.06579432143094688,0.02808031173901637,-0.03735586323296476
-0.0029383839300953837,0.019764192163988604,-0.07104103536426051
-0.03716725826445346,-0.07877426320014588,-0.053419931923697817
-0.026783733114312112,-0.11352498284123597,-0.05934322461983493
-0.02357577162275143,0.01707017810349035,0.055849494271109024
0.004008313530798038,0.06303839525429848,0.10616945006039034
-0.04898114824732007,-0.1217032324159275,0.008477443824015635
-0.054187770123652494,0.03155732678548119,-0.06447072980750354
-0.02820368767571732,0.01867487843882224,0.010519367248656795
0.004394294169319316,-0.04502564211255083,-0.06858943927881615
0.08456773826410184,-0.003362947780104465,-0.03803638161117818
0.045189663660345346,-0.08769868774941071,0.01676609324728445
-0.022584484258153133,0.00868847957750375,0.011653672807740089
0.039883099150356684,0.0014347993678638649,0.030757011739093773
0.019933655668161087,0.06762083017532552,0.00037799275607460544
0.01384985347054645,-0.01741882991461887,0.026423756073555044
-0.06499127878809095,-0.061184475880158094,-0.009382238363194807
-0.021720075689174362,-0.0015008917278693306,0.005846820810283447
0.016260654078623357,0.03880500032181893,-0.04406755404657017
-0.06426306955986566,-0.03870408311469846,-0.012770438986399507
-0.04813959633091316,0.11325175545887693,-0.018142483827336662
0.07575717906954721,-0.06794826828966997,-0.003569767772733435
0.005461115594646668,0.01085864114042481,0.016751588136826076
0.006842786815850269,0.011570894347016187,-0.05020714502583719
-0.04078130221902819,0.016732662200199568,-0.033086839469497614
0.06343066588034434,-0.04601832216423011,-0.0871459172527238
-0.05051948049359797,0.020708293151337473,-0.08563621467450448
-0.006811933159637279,-0.01815778929222475,-0.07053582571890618
0.06535068278267557,-0.07320870022826172,0.049359580020422344
-0.0866614379435839,-0.027303245845506034,-0.06212546753414564
0.04514561332052774,-0.020471126805115498,-0.08058534455146894
-0.07413474831586257,0.024653828298565994,-0.02789330272396422
0.0322770515158585,0.09904848442866175,0.15678788660215523
0.013407133664555666,-0.04845604775659877,0.02598098555956156
-0.023478084583609723,-0.008197896764285485,0.021178454372868635
-0.07990801691616282,0.14485357420059058,-0.07585173609954242
0.036079736818759006,-0.04319526440669008,0.046016709930939745
0.01880427910177509,0.015213134491813296,-0.0076557212685587454
-0.01046990404177089,0.003425766855439564,-0.0033060238463816735
-0.0071981492007375195,0.053591546231911084,0.033315591161619244
0.04119654820249302,-0.0038422192201823524,-0.04810813821461321
0.047533748880265986,0.057538329328486626,-0.03774853951052728
0.009260360550817295,0.09537402410202966,0.013419511355132113
0.028943201866025916,0.01614355372151763,-0.05582924671899645
0.14695531620397717,0.08207350209515285,-0.08618658796043709
0.05170526653330917,0.06442707287631086,-0.023668513091850824
0.03719782782411781,0.009819945850734159,0.05324835760346348
-0.11039874170257481,0.02438414754725425,-0.018966261541110807
0.04664113928632637,-0.003697267483310178,0.04555545038331331
0.022166782555671824,0.026696488934018704,-0.0015264484204654226
-8.950839742474792e-05,0.07791841354918107,0.12472720693410061
0.037232473166428415,0.016021047001220833,0.11681523971917113
-0.007308220185265876,-0.04787278283016158,-0.0867655429761926
0.1315420555729853,0.05442623288360113,0.03407177813366505
-0.014379684969538837,-0.07780410860552897,-0.056110006049343686
0.0056597670892129725,0.00041960158577953894,-0.02325919161081985
0.06366240779931828,0.004379676073534579,0.0015032948561623984
0.0909292190035829,-0.03768379154385744,-0.0595401603995872
0.012404823564107966,0.07385717655155119,0.01612757170648888
0.03178848938949887,-0.04257661556777257,-0.06755729517862781
-0.00969115218044225,0.06130787052109295,0.10591628127018725
-0.018893911434744566,0.06355848012028753,0.016776598134482474
0.020552779437481544,0.14089058637057528,-0.004927319582443518
-0.0373310905557209,-0.08959699324154824,0.034050896215122924
0.050220099560246534,0.06007636426422035,0.00978498339451926
-0.00964696200003221,0.026171234462947356,0.04442516743450159
-0.017955130479795026,0.03905536560171032,-0.03383219837445717
-0.04590953819718498,0.01308319212360266,-0.048009515093592275
0.06311783155743667,0.001540691891393619,0.049983185069359656
0.10272662703172153,0.03139653063048196,-0.12952121871332253
0.013233797533745092,0.04985635502348298,0.00907999838008278
0.0033973085096345064,0.02482053701653377,-0.0014649778543741106
-0.050604408975915866,0.06379234943760813,0.06232723050484093
0.08069425882470178,0.05690425601054856,0.03753341876835347
-0.02189706422193978,0.07101363281387063,0.012123202522045703
0.01423096300547345,-0.03431773336763708,0.0003852229857313032
-0.04353140285311785,-0.08671886373106913,0.057400818927721635
0.06002588832572664,-0.00766903451736191,-0.007548976487746143
0.08208773852607683,0.12760458184234724,0.01037485757983522
-0.012028769177575182,-0.04490533593576271,-0.03278399298639981
0.06845038035432559,0.03231164798932875,0.04085603638904719
0.02475676323523597,0.075667137154869,-0.022699790730157828
0.040585903065886095,-0.0671660932857802,-0.003596358678206216
-0.020458694801958603,0.013802227608986329,0.005725571821739318
-0.04254518901339381,0.04255823366340574,0.04450349812554712
0.026434273677135738,-0.030760801908437628,0.12856753821974745
0.015320895158540992,0.02602113461243572,0.023500844225340482
0.06054517839076948,-0.0233514963127865,-0.01824628022764233
-0.018585122838699526,0.016809432078855244,0.016659349093230455
-0.025751276063914454,0.04150948075479595,-0.035160252805240794
0.053369986203457426,-0.02045373967187489,0.035774886648083745
0.08195833576387641,-0.0757937204775839,0.025726389914088578
-0.016083034043207725,-0.056907379553130834,-0.02228416282300276
-0.028231704141474256,0.05046100876810666,0.09966236201042568
-0.010511992726136048,0.11527218205221341,-0.02553638844172147
0.08170675235050998,0.03832217922068672,0.05445713364275587
0.016469374701737323,0.053041218108273884,0.09459401774827925
0.05356109742555429,0.006843426543055989,0.035014490327581055
-0.0332036275438913,0.0057115127453537685,0.02709997841313537
0.029015111934207926,0.0006313738983968233,0.05870197419669507
0.022211796255785638,0.023953167854583176,-0.009271245172074224
0.04708493722684018,-0.018419873678954247,-0.029281992183931318
-0.007781089382782418,-0.01765429936846488,0.03986638792092739
0.01573221325269295,0.02885443369966234,-0.04745971483504017
-0.011196655352429485,0.035718052700025045,0.06176572507854529
-0.06905978663276159,-0.052218578122618584,0.07186288678894504
-0.013878462054700544,0.017720531115226524,0.022539807872551887
0.07791550902051153,-0.07658395290182488,0.001583345870773259
0.021957639209388445,-0.012371164693669254,0.0468019318726991
-0.0076778443341437505,-0.00429077067031813,0.024289319984431443
-0.01667674324945712,0.007487356293977208,-0.10617399718708388
0.04821366852534621,-0.018753956127075592,-0.015339706628696378
-0.03142384096704559,0.015255675797384991,0.09966876281917625
0.0114337594637643,0.09337555823046263,-0.0247139272421778
0.03802604824109586,0.0909766464967923,0.01441177844501665
-0.030660966837481676,0.01466993986525076,0.043657452758289486
0.10689138503513161,-0.10416318271085444,0.03540830416590228
0.025971641108420027,0.033983944194842866,0.04039633679556553
-0.048811222815705615,0.014930820863636202,0.03901893128200824
-0.060962859845711675,0.075724740639803,0.0506375857891512
-0.020371682879134746,0.039984653119945764,0.03788829685524184
0.07823079588918405,0.14557372292161624,0.10171015052715862
0.048379940305184894,0.023807798154052758,0.034458143490848886
-0.04117206575191357,0.04382668775335152,0.0397460358320549
-0.013337337533928562,0.012587067977885152,-0.003484267243974243
0.1139542552915601,0.005371865765253675,0.06377286665020361
0.11187381968963052,0.04315589558769724,0.03070973388796472
0.0025071841856975884,0.024080488735440712,-0.027015534747928845
0.14264908195495882,0.00784955593124834,0.01120921949356285
0.03887727254185672,0.009536955692515375,0.033461424281751
-0.06622751750841785,0.014270567330815498,-0.04802764047226194
-0.06252489173690923,0.04069398257888533,0.04967798680597485
0.05307401213702416,0.06379725800234337,0.05351327910695463
0.03003890735342277,0.019240063416507466,-0.06275819628395385
-0.005703321358599526,-0.020402392602718922,-0.011874442341326792
0.0063751022836370606,0.0834372579831412,0.04227903105323534
0.14284941307342744,0.029585604164807724,0.04705126359892174
-0.008606717742418682,0.01332969274749049,0.047125874600168566
0.0041289319512253266,-0.0007271545443888854,0.05081432122669512
-0.02639502887607339,0.04046439639133631,0.015496553338510532
0.00859384861402081,-0.052106115897996325,0.0721198797978914
0.11418766060674611,0.004193429770464848,0.11572117489737156
0.031698873376817746,0.08158670599124104,0.020525839214218345
0.022943527832353795,-0.015232978414498787,-0.043707814087873983
0.029968106726749114,-0.04657338302248665,-0.022147586559637368
-0.007719853960671302,0.03720425335801576,-0.01011617261923722
-0.04500225191106241,-0.0570930800682551,-0.056184116044528054
0.001442241911509573,0.04975352491934017,-0.12380996343462963
0.10387797907480659,0.026914533266966086,0.03918996165807409
0.020979368572185596,0.05093458605368779,0.11303806161282605
0.12995185997738948,0.0012105067993255295,0.03236628576746425
0.04530665253043423,0.03130388641580893,0.00575222654106582
0.05062134330005719,-0.0074501859821643306,0.030528650489615956
-0.019554195760000816,-0.10244132479217599,-0.009631680619737126
0.04528046926805515,0.03600721817292901,0.037406035928555126
0.11685490762006183,-0.007915548779549253,0.08311762716316966
-0.022437317752094336,-0.02195765840254789,0.060999968183648064
-0.051934618722788706,-0.011670718307450794,-0.041758206900531905
0.11415583610872865,-0.05904791238639564,0.04102977904706019
0.006920926051201719,0.07873071747251323,0.0017423968027844364
0.05493772233727651,0.13102355702247012,-0.07240740270218282
-0.09122788456062664,0.024655146240513955,-0.035609468329627574
0.04573012035824146,-0.010471610457431422,-0.0038956507131521663
0.002370893798175455,-0.050670821670845904,0.058143913959388914
-0.0857620055627372,0.05036047419855158,0.05598125776677358
-0.08712309761306394,0.05617721740306708,0.011884740874289729
0.02599429756287497,0.003142125693700183,0.10918369873045294
0.020237549932582966,-0.04362026020825281,-0.0197312892713007
0.01715163576072385,0.05940256720834849,-0.0438247458846198
-0.019877075970058482,0.05318246312166239,0.06083527614254257
-0.09235076123594589,0.04969770269819182,-0.032157793631712304
0.03374278257924436,-0.007019183474678229,0.0476377739430731
0.05448760317042055,-0.01479952392221317,-0.053711747605675965
-0.03278691683867106,-0.01821303432560916,0.038965912625707914
0.007016088908430125,-0.06073042608709047,-0.003429463220098768
0.10127597802472836,-0.044437620538715535,0.08319461896066327
0.007776538376569277,-0.004933907583229705,0.009901884418730186
0.03807772743780419,-0.03029157332522915,-0.029159151454241652
-0.04348886575320772,-0.08099857891107104,0.08098868273542409
0.05359001456356112,0.026823650351411175,-0.01903074710181859
-0.09391441316380342,0.05841865612354946,-0.06750084010449778
-0.03628369177445942,0.023364330598925172,-0.046812951725669495
-0.027306577400519234,0.007539967423579576,0.04481247427839389
0.04757267187639302,-0.035352178457816436,0.06836015138607869
-0.01078211043981897,0.08808083727827537,0.059046035542687114
-0.03344074416058133,0.018032179535982056,-0.0009413822799528137
0.10852058130827252,0.023034127683663055,-0.017439353984666037
-0.006559190612437763,-0.011854703533058647,-0.03693680982851104
0.03160082488874369,0.028884108570056608,0.0073489032636397745
0.020599989209774745,-0.001097260159139397,0.0739925900653853
-0.06390186036921366,0.014884234964443022,-0.016666463309282384
0.02913326183164201,0.03722170728308018,0.05785257646013635
-0.02612731990279564,0.009332518608839817,0.04538022961061554
0.06793573246773382,0.0036236077696445105,-0.06014275943986119
0.03476994041451701,0.023232825297000652,0.04879759876571635
0.053057771368607086,-0.022957461576536553,0.04408578749107646
0.03181061720884857,0.045818088713880815,-0.015048606941316921
-0.02387085170718692,-0.02743907887604438,-0.009516821942012439
0.03959509849854221,0.027976316302508894,0.010443408545610867
0.024533981463722973,-0.019535014147332268,0.08311214386270971
-0.035688670490940974,0.036297739502666626,0.03143893952428993
0.06378397573843853,0.07526504142616114,-0.0018269650124432303
0.01794897065932447,0.04575744959501901,0.06972194966984051
0.03437795320011994,-0.03321469214029195,0.040744824695597676
-0.11094138145476459,0.049887769516992884,-0.02415999984217119
0.0873050339381113,-0.02914754087410569,-0.10788476949618518
0.00401670073258716,0.10920300660214405,0.10981030488790224
0.04757645395156315,-0.02374953287152828,0.04063135813471084
-0.010924513586316478,0.015963973918388344,-0.05069027187545469
0.04211276307749949,-0.0075207948518410065,-0.04757065827834615
-0.013719872683792544,-0.046640402654418954,0.004639797333476914
-0.05116440129169476,-0.06177194061280471,0.03230911392985479
-0.014446767615590274,0.1119964815702832,0.05213240027069631
-0.006960593711525865,-0.004112181977831425,0.04040065473796475
0.007228325136931522,-0.017724928565671514,-0.04942756950846176
0.03559713018417171,0.0006586573418002873,0.0034937490647400393
0.024275761608928727,0.007882406031969656,-0.04677905988005172
-0.05889454036795626,0.026567044375681678,0.06399240508571954
-0.07574046505058162,-0.03852959312240615,0.04187564713928157
-0.02394518689840404,0.0029758300346688395,0.017173612296904728
0.08813496523659495,-0.06353999058542875,-0.0611739450660934
-0.03464314213025581,0.019641248318838442,-0.02693781378999219
-0.024853241573971358,-0.07993582621254554,-0.11101519460089247
-0.002030298049599409,0.08061786316024136,0.02928970974464065
-0.0030147348409668416,-0.01177979770969497,-0.08926885489858613
-0.09843667483955162,-0.0007868055368525145,-0.015065909445221936
-0.05794400695095786,0.026186056480752052,0.015889760125128126
0.0372005749576195,0.1206368145933272,-0.0830339441462872
0.04673424489118562,-0.10499323165794945,0.04686766783805592
-0.011825798915881579,-0.07891975866368954,0.043792258426543273
-0.07744230526187704,-0.031037758503027757,0.013796124182051745
-0.03422938566712963,0.004426265599902918,-0.10494035430422766
-0.027129941677896362,-0.033704758806248944,-0.05457176160518756
-0.05160263799714288,0.03146584146987882,-0.05435484743715543
-0.025046325802102226,0.009780269534330716,0.012008675689611916
-0.09032576147256094,0.007675560953909737,-0.06725207741129295
-0.004906551674010966,0.04119955949627518,-0.0333902217277215
-0.048551963965271075,0.06059049959375149,0.041951042798831606
-0.06147546351910166,-0.11088819737980266,0.0037198542992720697
-0.059365940739770764,-0.03175478006551434,0.01784720834203051
-0.040698516267656394,-0.010460234750439211,-0.032630110319698286
-0.04520692240528167,-0.07989735231791782,-0.012261835049788249
0.003960053701766816,0.004398491705864574,0.029256717932622082
0.08180591307924699,0.018792013373250267,0.05545917846268995
0.027740987547003847,0.07400844393056139,-0.05268346293215643
0.06140326876376343,0.034842629455174766,-0.02250446474928782
0.05045187641982093,0.0041001191226199924,-0.08102769805518295
0.014277908591108932,-0.04153513390026302,-0.008894343082240226
-0.01596849119039068,-0.015311969846034824,0.028357209662441863
0.007417354736514546,-0.041228403343075475,-0.051405850263632764
0.03927866690388297,-0.057185044248506914,-0.06566046146841935
0.06266344296330204,0.11231445006136964,-0.017520992709573274
0.02626978040624182,-0.02756000729738504,0.032189555895485694
-0.07324306941569081,0.09095886475300859,-0.017767547888868147
-0.011023715717971097,-0.05771000081218913,0.0059925695703884774
0.12650163008019158,0.14028970942962934,-0.03566581600026025
-0.010357034510161697,0.04017227753648641,-0.03558684385722733
0.04253114428737203,0.038962350894930706,-0.057350441046431985
0.01700981722453474,-0.001890092507608943,0.021953485327377446
-0.022268529255069072,-0.04136510549235275,0.0744873760979553
-0.021826355053885582,-0.012368596471256625,0.11860658060675772
0.04813359991525822,0.01834515195730961,-0.048784396022603406
0.026739012987583865,0.0231114695778688,-0.004358124352449933
-0.07291780954613199,0.05164460948943711,-0.01299203948542552
-0.059399720868024156,-0.01552848318955809,0.023606882087397436
-0.08366025410063813,-0.08452092219327366,-0.026216171728136402
-0.09644975470453802,-0.010752770625890038,0.008588675899865781
-0.016475298711333436,-0.026855202243088412,0.008083970875892976
-0.14154278329918155,-0.016366310586619262,0.0454948391637577
-0.044451496482606156,0.05730196635276606,-0.11679230588688973
-0.024082437555894363,0.013851654309087219,-0.03721243105309732
0.050281423419290476,0.04598790549858083,-0.025403294444194723
0.03196583894013921,-0.03916756937898293,-0.04394114754052186
0.04041964274241007,-0.04435462966222224,-0.0016467992214180566
-0.010965178754828836,-0.017169066743356543,0.030842450187786596
0.00016960680392173744,-0.04514792575234549,0.0004719841345549036
0.033049558581060116,0.07224408166576442,-0.052993998669579774
-0.04016604388869391,-0.05576569898094101,0.023495246129927573
0.03409853093228646,0.0579302821672206,0.07959912566832439
0.08978109990687029,0.07808435276032054,0.06225940256825133
0.11779168538110182,-0.013196727437761933,0.026738920140345415
-0.10305383010555616,0.002026780523089841,0.024916429056294896
0.00242068144099857,0.011765330553512051,-0.12216871984917343
-0.0749857784508734,-0.02202717751612241,-0.08372813046103732
-0.059448662477850966,0.11507881613647039,-0.016813533774417418
0.003588387328307489,0.020679632533122196,-0.013544073659749972
0.04442677349481698,-0.036969434230380405,0.049083910167610705
-0.006084977470939777,-0.005121143148138165,-0.011965093565583262
0.008180243079816369,0.013270455335840675,0.0069975288346911906
-0.0844180257155324,-0.04783063139317845,-0.03216256677202099
0.010115814794450395,-0.057182985513336226,0.023373179493544255
0.0022191563271379763,-0.0234098263466765,-0.06998726130049852
-0.035814172270574374,-0.032972610176995674,-0.031163441571532956
-0.033867034134924465,-0.0033418815144752746,-0.14439589111589352
-0.10296551581553615,-0.0045434481102779815,0.005149881234770767
-0.05890210075911381,0.041573892043589994,-0.027308883108627793
0.060660903538376464,-0.013798964917970242,-0.12251480212112634
0.09889391450437043,-0.08260514241850614,-0.0897992653895176
0.01099236729734139,-0.03639053128230598,-0.09989674927421166
-0.00834331802461902,-0.017659261397718805,-0.018846059444906974
-0.013836034362333733,-0.02620802968735869,-0.04424477615790508
-0.07743339781882899,0.013962843780210378,-0.05749248455741471
-0.011051272416511798,-0.035213685786802104,0.01182639960862436
-0.013027580053964906,-0.04231887620816149,-0.08585083604260006
-0.07063604505085061,-0.009580972076050739,0.041754824026667095
-0.02841767742110308,0.008771755531103764,0.08458334663938004
0.01826336456166307,-0.049369928970397506,0.0162876046519734
-0.09621943554214228,0.004588667051464098,0.021331832298160554
0.06555295433725,0.016639813505207348,0.08649928725315334
0.06999119340988824,-0.043790419722572735,-0.0648739944510755
0.0141400238814378,-0.0850874924069853,-0.06805910164777416
0.006043795211481608,-0.0494709225462161,-0.02106991758466764
-0.04173063507051335,-0.07766785745202795,-0.026784710628536643
0.04169036722307094,-0.04527059542760044,-0.008337682542065216
-0.0701354349904761,0.013052549229961123,-0.07340408052262606
-0.0978209592999061,-0.004500643925819935,-0.15755576469635613
-0.04355761539330241,0.07360429562266743,-0.05844899727409547
0.14400174048421563,0.03198898150850499,0.016386035606597696
0.032533644193388014,-0.053091670343187326,-0.08336159263830925
0.01703635162765982,-0.029012203709832464,-0.02154818176624401
-0.018226669931139593,0.020012538135464407,-0.0649864446048764
-0.09490532082473957,0.004809855582036435,0.07721068256922382
-0.04913754026230993,-0.055858313310443004,-0.05036861147507601
-0.021173445214855154,0.05594794992973516,-0.08419884160322189
-0.020584580162030876,-0.053038140289517866,-0.001797667122711892
0.06472222754300631,0.0012362143066596207,0.03073350015428661
-0.014323332387738974,-0.0831065697031485,-0.01497683688337996
-0.08879957668245483,-0.023442751410026972,-0.040314219493933066
-0.008406765629065279,0.005829804375970901,-0.02251830860209607
-0.056270199314915864,0.01796061857359286,-0.0010052891044407194
0.01813438013113034,-0.03696411005402292,0.06494235548819019
-0.012086036824515827,-0.011063496793691634,-0.03617553544019468
-0.09946884840435659,-0.0936944508821098,-0.03521559366100081
-0.07323715908950343,-0.01494772990057514,-0.0013587765398419098
0.0415265833467617,0.020346549747671097,-0.10356958034746142
0.02348975176751901,-0.05728640380050061,-0.021989537349606195
-0.07115346066166839,0.02074362284747358,-0.0998617784721852
-0.0012931091744808887,0.0397402229130269,-0.05459028218833184
-0.07491492055803017,0.015507384056344116,0.09598625638927324
0.03392377787119523,-0.026441007155989613,-0.04094380385784685
-0.02300829493250592,0.018098203123779587,-0.09310207038470734
0.03286308385509329,-0.032422342194064896,0.014992579729123191
0.035833457106937194,0.024627295897616055,-0.08336157995172462
-0.034353571890405846,-0.08914800729579328,-0.040121646394249144
-0.017227498470535604,-0.038577900678475274,-0.11754358741394152
-0.005664558462632082,-0.02173535521867284,-0.010896760028811936
-0.14440090640784864,-0.033330590209365546,-0.06787817724437754
-0.060426578744066484,0.042070967577330656,-0.03265537430822969
-0.03534215773734453,-0.07938994985151876,0.003960000200601197
0.0020476388946241153,0.02169732500871835,-0.03441876163968299
-0.09346607772069457,0.007502659363195576,-0.038749458608745055
0.10004466524065342,0.01071918355299421,0.004589242880012032
-0.007923399670924161,-0.004107810110722077,0.0153026992346041
0.026012175697817226,-0.04145418182714195,0.027386496668886873
0.044485615095678235,0.10590277327722904,-0.01808738239943007
0.02577886642291765,-0.008304732289420377,-0.03170622293982602
0.043639542391300884,0.021204901221275347,-0.03232586881843598
-0.11193302665573619,-0.015440475730623165,-0.03601776160282327
-0.04989588445377166,-0.04298004965578764,0.025639695865752547
-0.03127168028443992,0.024703580344129887,0.0415152203741431
-0.06135708043082071,-0.009777188467614346,0.09533240736104909
0.014892383581953668,-0.028348068733264002,0.022695683925069175
-0.10683500642973905,0.000989464207383356,0.0629701616627154
-0.04636091891918126,-0.0127315189818673,-0.12176289302506646
0.00883923489843802,0.005937515584845999,-0.10367717869596124
0.012919102749863489,-0.029545401132889407,0.03751977147502855
-0.07041232291164187,-0.03270551627722704,-0.06408293935343098
-0.09524674828782115,-0.042985147415036395,-0.03815012004296138
-0.07603566870666847,0.05333261948574159,-0.0768046317096998
-0.08000669291629595,-0.026970399213861705,0.04448071315428383
0.026749103094494586,-0.015781146093441906,-0.0525839249091353
-0.017957014713589528,-0.07625179168935924,0.011914807574285716
-0.09330626322081606,-0.018401124912501676,-0.008834587759257778
-0.06072951433020916,-0.045050385101759106,-0.08282073238381846
-0.06710329759703997,0.05606507183327408,0.044006387906841374
0.013810718533927274,0.03289302434203324,0.03520676181631892
0.005563957558456177,0.05540370400754166,0.03665288773736279
0.07338450534859557,-0.04010873836640138,0.06340192398602158
0.056624643559927655,0.004352476901579203,-0.01603204541951793
0.04992032946556721,-0.06591347447970806,-0.012029932536794479
-0.00366574854803383,-0.03680601178277113,-0.04187869730040703
-0.049897825316269954,0.019235618012327205,-0.03878643733623742
0.009248928650351497,-0.006226107137927505,-0.08079305151185444
0.050726666670039916,-0.032069777698794766,0.06482910217725997
0.010465649290289685,-0.011347692802837836,-0.06246284956225069
-0.03988052753407868,0.041492288742836864,-0.08387781578029312
-0.013867806691545623,-0.07244220235498725,-0.040831028524892884
-0.041751758096724864,-0.06447924123965953,0.0035560397513907105
0.012280105374759284,0.01024135488082962,-0.033519266337863306
0.02091657703086091,-0.025431865010454142,0.0039828410309479065
-0.02484646199986005,0.03537544158168758,0.05822119061433298
-0.01213420230341394,-0.09105111728110703,-0.009513520867113483
-0.06986321042836881,-0.05099783092505612,0.0008208180890439173
-0.0006945219443636741,-0.04359558809895955,-0.02392958460613186
0.0024583418920035294,0.06142972489546968,0.041631351108128135
0.022073500543613817,0.11788603290127678,-0.06519540534202826
0.007945905645284981,-0.06513104073277741,-0.12811815075866687
-0.045624234142456324,-0.05301674960655407,-0.016224869917572132
0.02761514473815821,-0.03949851911581331,0.024184082214030546
-0.04314095831418281,-0.03220124778716134,-0.03579848584516988
0.01896500237461416,0.04491414250586502,0.0008753764592257501
-0.011635605371184774,-0.03953400310557544,0.0313441648594164
0.02009511786979943,-0.0515028909879056,0.04144184789211856
-0.08827909264149493,-0.0245577921660221,-0.04715210490437674
-0.025688611649685424,0.008858592060498927,-0.08417103849544544
-0.014425658706074119,0.01634153024361948,-0.12465859888057816
0.0004944473439587715,0.02629702573031885,-0.07870043968102222
-0.04149535677562609,0.015025827132273052,0.0022687248589130246
0.036253034507421185,-0.0071194460182780655,0.0677691492293523
-0.01731041400292941,-0.02078884790792408,-0.0005128107607191706
0.025975261011357713,0.002395664591730946,0.04192661776856783
0.058520327611024284,-0.004047237203844784,0.009463221662741085
0.05943463700868855,0.03388681494253226,0.02179068347194445
-0.002511684319904541,-0.09768792696166231,-0.031538355637929394
-0.04152114309967514,0.037668769457368814,-0.02305185831517456
0.0098702338271013,-0.008584359724558831,0.006905753840190678
-0.020997341028270805,-0.017976213451156735,0.07597669678091312
-0.014805979627480863,0.0011063345600602508,-0.07995539304672304
-0.009831042185279443,0.021991564895689493,-0.015066453248097106
-0.011924003341650799,0.07730217380075717,0.023225696352778966
-0.08176763346985474,0.041169190761720216,0.01360341309584548
-0.038651238732810636,-0.025462766428734577,-0.014110122488365438
0.12177727485406159,0.009335473098560053,-0.013656298033018866
0.054524311305330295,-0.037130662878359075,0.05284207588770609
0.013161287947989434,0.10755588205549776,-0.004674449543780754
0.00424889172135135,-0.049387101637907035,-0.03928333854498247
0.09732828045857511,0.04997313927788932,-0.02928625412405322
-0.031854928916281534,-0.008110365691236113,0.057388293013570374
-0.007452632147342223,-0.050985881644048194,-0.019818935130420694
-0.018715243623469976,-0.0681598186576888,-0.07544556446423895
0.04242880357175448,-0.05758103378044922,0.05497468958123837
0.02359394345471116,0.11649410637535376,-0.02273138641864502
-0.07372991885709615,-0.05082247904705433,0.01034623400472514
0.011126954427656799,0.07810516251729875,-0.0728549572615877
0.04182898133493056,-0.02725054655847791,-0.0036765013426987648
0.03825137608939796,0.007424929277257728,-0.11250106499431044
-0.13602148270050612,0.025410163674842726,-0.009354509723603558
0.016363687167392706,-0.03753618296251208,0.03313950267712553
-0.02078985076365904,0.001700507473541084,0.0004058212022456293
-0.030107235638677093,0.0032192536905476985,-0.004874451801038259
-0.022964358721906476,-0.11269251612975845,0.03453120489668926
-0.02134644214429927,0.024645719912160805,0.036887107412446524
0.07381349687034816,-0.051121315764353664,0.1525270035283707
0.019460382806345114,0.07956953230707005,0.004862054065104273
0.01903268279654468,0.008805924185401874,0.05693386849252916
0.05012267231281663,0.08339339809374172,0.0983139549078104
-0.0704686004004505,0.019046492784690162,0.08865637119415548
0.06368591485847042,0.004519188746800071,0.0163861160338475
0.04087896209600627,-0.08141926462144415,0.05756754318794111
-0.027278972810859663,-0.007924977719288982,0.06688570561832362
0.020248152534819736,0.01068383768097838,0.07270833624050048
0.07747219899967456,0.05057428230171703,0.044309764386053434
-0.0011023097144743504,0.05789023422740612,0.01494587062547847
0.027880491908309817,-0.04813738071010126,0.032104696607670395
0.002369666777736948,-0.09199807923085677,-0.007435006285618922
-0.019832234416238943,0.03673394274861951,0.08948642513076481
0.013942634129590238,-0.014687963928581089,0.17497511077273703
0.0003547036633445768,-0.019978326505601624,0.051627797840014075
0.02568371618215516,0.04252233770133523,-0.002546518992132367
0.05416896181645135,-0.028099013272495674,-0.014401417273852135
-0.03080448479454891,-0.04165956711592651,-0.01940833363422673
-0.028642441173666162,0.04117407900045732,-0.01711673833084884
-0.048765232376867015,0.03673640640258183,-0.0186340980026476
0.009728515168524975,0.0523863848060967,-0.008428435557314491
-0.016246524438114904,0.05638471702957456,-0.03301777293192908
0.06503269792563621,-0.031528773056171314,0.013308458322353434
-0.018752384852298964,0.07759235082390657,0.03495339560805631
0.013819056510517659,-0.04262873767393982,-0.019126766762594945
-0.009146878905483673,0.0415086087562503,0.015881812260728462
0.019429964992128467,-0.008768631724702988,-0.08446039074546872
0.040474943612998804,0.023454391016751668,0.06090566161872411
0.0704526409886593,0.01874043811241102,0.02054746545936565
0.029931446456917123,0.030775848654657472,0.05124970914733473
0.08515059918577127,0.056151471511525254,0.021554500560189618
-0.08869266878013941,0.029752621714587327,-0.00572550553929381
-0.05163168921199846,0.031061146984849367,0.047194318814675756
-0.03949933852273702,-0.037809625318080214,0.13866724932557023
-0.0017155289753184328,-0.07580055784740215,0.06081094083903491
-0.06032201543010165,-0.029616007499373605,-0.03795778446260189
-0.03689436850012513,-0.018276086162667512,0.033269096515386315
-0.011716076725659417,-0.04744555607514162,-0.007598196741822542
-0.019695442444620355,-0.02596387713971955,-0.03790481676066861
-0.0614727805960861,-0.03552368799693928,-0.028860183935053015
0.02654738689679189,0.038681808655758224,-0.024466751168823405
0.07487432324506078,0.05694325004697749,-0.016150121547917853
-0.04792857326555243,0.03208306807046385,0.08772173064348406
0.0048295221795475705,0.04594266781847854,0.16195679385089917
-0.002324584306568088,-0.07031168724084111,-0.10652650864100549
-0.007923771317146052,0.040907388556307406,0.10707956901776154
-0.06580423324716819,0.03967301832425521,-0.03970590449393649
0.021934576150651662,-0.020656390374972678,0.012480518257710977
0.017146336057095188,0.0272059756299241,0.03964785868891353
0.09721269884356742,0.05836631808098938,-0.018821726007785266
0.05144600752048602,0.09647665093448549,-0.04858621397650354
0.04234031052016598,-0.08118578958263883,0.1443181692689851
0.10696696706144168,0.09676999101116245,0.017849858413916814
0.047205766449309614,0.12787197635994096,-0.031201137940854638
-0.036121569256602606,0.019611120178884354,0.07143905028906809
-0.06638274205377223,-0.11866842932411718,0.07239650926285163
0.025707255919288432,0.06060722876912785,-0.040621055085383495
-0.014789936814206355,0.03820119284794249,0.03582393673128259
0.07418959745905727,-0.004043458191210381,-0.031238635157497547
-0.01545195960110515,0.020138810779296967,0.004782979174349963
0.07191543564866451,-0.017215926039742292,-0.03025357249179699
0.06571772547718538,-0.015102272458203302,0.0892136359900428
0.0770549731321977,0.004854439942826395,0.015275259210311296
0.0057491049874730665,-0.008833184644954965,0.05616367497377487
-0.03869616633041493,0.018356534811084648,0.018518474988291688
-0.03959075089102916,-0.060000694791814094,-0.05821729177099039
0.04104092760674097,-0.04313894748898771,0.04738741356335317
-0.0027632869996065228,-0.01452801183620957,0.056988536837788095
-0.039825818913668584,0.03761490028181275,0.0703413508512135
0.05089798068430413,-0.025026508060299275,0.113433580898824
0.041172543581230334,-0.008322186330557112,0.01744532672837296
0.016298322964789537,0.0267363377654342,-0.03998563181162233
0.05318371271278966,-0.0072708683479068385,0.08801376016050025
-0.019703675219541337,-0.018811109501599,0.008697078303439847
0.05529575125272339,0.009192053977966729,-0.0470174995179876
0.033886696716406345,-0.018998310932529145,0.06816013603019147
-0.013676466604299737,0.02312666696490615,-0.007770911661124872
0.10483013925487657,-0.0011256453999367588,0.10615482804250612
0.022757830614431495,0.0059564978724738794,0.05555099200955878
0.033983096679647246,0.03849284975165342,0.0014699043121810494
0.02714429998336648,0.03554790002776918,0.05334956863352248
0.0272334775652832,0.06001093244016392,0.03056019136271522
0.07427082631316759,0.05634077312794947,0.0633531853288167
0.17835574696242204,0.02583214919665284,0.020769520334000674
-0.023960646334100076,0.003580936460605557,0.024078303126438792
0.022786173211770983,0.046055116088257,-0.0707881943818602
0.009317534144544028,0.07842292838957514,-0.010249455269268789
-0.033836837692492794,0.06205325902354153,-0.04628011109331219
-0.0025489824226647972,0.0616529211585642,0.008261564813232003
-0.007488045353289598,0.07862872918353411,0.04693873363098838
-0.011477957367442105,0.055829048431109016,0.016068760812464247
-0.06448580354830191,-0.023485324989137385,0.01437838429400531
0.10146896251343929,0.09484388850509598,-0.009576196123888565
0.021395335375381595,0.004312738431101545,0.06339699724630697
0.07021895919078544,-0.020874890851753706,0.09361398009427288
-0.01635123808672481,0.0241822542652559,0.021879841215164293
0.042635699920528694,-0.04040128706992212,0.011521870084932486
0.024211252818051452,0.03137973064725885,-0.02916428826678037
-0.0011761598883503754,0.0635698306682762,-0.01656942825115871
0.02105599173041964,0.02926031031597876,0.0465080927554722
0.16156832786555905,0.03166433863238073,-0.00563952062565392
-0.030003781062429628,-0.005885118865012657,0.021658140947539713
0.10936832915449096,-0.026984304370955395,0.009940307240068502
0.035913912109672486,-0.06468856825039963,0.02167005272996671
0.04616494488939021,-0.011114482004002193,-0.02338701417832245
-0.021245789835159373,0.01042007936194957,0.043694116577114334
0.10881684495248595,-0.003594848488581163,0.00016006446895668047
0.1005654170503725,0.10545014896084766,-0.012377909663710128
0.020716106925921796,-0.04672644119512382,-0.028289283475838298
-0.05818737337994058,0.021840556271281893,0.04732689521998913
-0.07465197815634539,0.02685328175910255,-0.02441320191426505
0.09523841603709668,0.06836069360841196,0.07700694175151591
-0.11233487677014987,-0.028138635895356968,0.032029773353031935
-0.05547089632564065,0.04277300563161829,-0.039310568023190294
0.06101425784963599,-0.006077015884241605,-0.027420231790017204
0.06049555163924544,-0.028220147515260793,0.05699743879019496
0.03522364058894187,0.08699841832707803,0.011549098883741076
0.10704522798985504,-0.07552297386464303,-0.01255947088101056
-0.05638520451592064,0.018545037402251798,0.03794488931737425
-0.029510161690992496,-0.00506479590037778,-0.0535928433876017
0.02873590892635678,-0.007127056799765774,-0.014147594094318799
-0.02122233547305,0.026312274915137157,-0.04869299972966372
-0.01604621284520856,-0.016293765985321146,0.01698576005347767
0.1132704278460393,0.03948154308765346,0.05567234749969541
0.02994534979534648,-0.02444869610602355,0.026435967480565124
0.030716504489303,0.03535684693722492,0.011983590177129542
0.002900854924018984,0.05260495231960412,0.06264986249661794
0.07121609084718616,-0.055326012320446136,0.011262199220887687
-0.010306420584948902,0.09104766955716351,0.061633860415791414
-0.03713335118711151,-0.06272884498490575,0.013265528197206167
-0.045812765676203474,-0.03249245722348507,0.035714175562127845
-0.012472934655669295,-0.04767948882816468,-0.009396571272594446
0.0581253966304739,0.0819635966773129,-0.022626733497460895
0.011948812655389081,0.07967575623829903,-0.046424372961658716
0.014205782012268844,0.04113405293366481,0.027233810572089703
-0.020677098645544123,0.0319027554334752,-0.05144361743685926
-0.020067162303320753,-0.011530893824501388,-0.03493070801561206
0.08906198395922565,0.052971282719855295,0.014207113034108442
-0.014192812363521407,-0.03475613153283341,-0.02728591321761675
-0.07049738500444769,0.012936728803292894,0.021167540458024547
0.03055505719764754,0.14727120872983074,-0.004494326602650178
-0.07373218696056272,-0.05106482090805288,0.0100186256994076
0.02807423051690613,0.021580062502921944,-0.05965821739828866
0.0863709253784452,-0.020232595969827558,0.032209607003193294
0.012484836693590767,-0.0017248222693028586,0.004527758077809494
-0.012551768728372631,-0.006036618795247296,0.057901750059307436
-0.012880707520006881,0.06294788647450204,0.08745845872162186
0.033972703929014726,0.11180158694161942,0.012000039796057902
0.03801588957938816,-0.021324379240823303,0.032040925761311005
0.08153432518708069,-0.01934260852714207,-0.08438934204629271
0.0685740206924019,0.040790447409710634,0.027332746377670584
0.0281892882903852,-0.02660337535063265,0.011815051253267747
0.11511159042115865,-0.03176748986350411,-0.06872095600488975
0.011092335779571057,-0.030872971447185593,0.09016272542422406
0.0835870440837071,-0.05375133594750209,0.03986224943482105
-0.0468266098477927,0.03358492526076691,0.038731206311897276
0.010395196856298862,0.10215471235514641,0.03509847685440294
0.007912162210303032,0.06618140888761913,-0.019886811526428953
-0.01951387012444138,0.05901622185875052,-0.009795377466970012
0.010250202997324613,-0.005840981232750137,0.05563443633024616
0.05438163856700464,-0.08048432320501159,0.024034132080063567
-0.02884831944508457,0.03272578502639505,0.06262172053673888
0.07240906944894912,-0.09318741550052267,-0.008657624784450393
-0.07516073732180253,0.09504463465524489,0.07120513000061349
-0.0491182477367772,0.03851593688054398,0.06322583627340507
-0.07185336275449357,0.009227263872315117,0.04352285584011802
0.01885065435090376,0.03238670139205097,0.0033290625530436393
-0.0744173967407138,0.003743686257163726,-0.03582462053211357
0.05855857420355522,-0.02439204793614714,-0.019109930370129383
-0.035812755647344305,0.007109786102628527,0.07112357560563053
0.06495401060325962,-0.11062172488520944,-0.009944800568638458
-0.005762630743579372,0.06558250348324834,-0.007675334629765713
-0.08007783050746047,0.053893941552085114,-0.04801709129389394
-0.0025337009255046927,0.028067284977533823,0.034747752923807176
-0.03629288411244734,0.06993511407546209,-4.20705672302406e-05
-0.04077863656081648,0.005744520350198906,-0.043899984004228586
-0.04685175582294743,-0.015500646835666853,-0.13942242171577995
-0.05461723496406049,-0.0870357822461354,-0.04273136970501964
-0.024933529253292723,0.03064302521071976,0.03516385806168727
-0.02505331855352262,0.09422185817756208,0.08332770923988345
0.017287813480152858,-0.001657846712622881,0.03147230591805103
0.006368557904672349,-0.011545927312564031,0.021206993723304292
-0.08421226671526699,-0.055697646054337066,0.07582430759301464
-0.06817895114840951,-0.0005618509078930929,0.030790431035562577
-0.011665506353950377,-0.0021551533918846193,-0.04373310431935726
-0.03611733668207574,-0.03224246687576108,0.01871629616445286
0.029480916912113277,-0.0013992349333609066,-0.03183063735950589
0.021676267198746938,-0.013102249532719917,-0.01838094105443793
0.08022572315063134,-0.04978264562442126,0.10282426198022346
-0.10194647949493425,-0.04920965363000241,-0.006386268965388293
0.004196754192750672,0.04240670026507304,0.06603528850952185
-0.014638404526705177,0.007352493254869176,-0.04724642999303175
0.04085436179508215,0.015736701080081964,-0.0830509385597755
-0.06901504413426025,0.04856290971367484,-0.03986606676339854
-0.0034234544784681616,-0.09835981902528657,-0.023636707376976793
-0.03600211052866404,-0.0087524478422931,-0.04103881578447671
0.04648278096213647,-0.05039949471961591,-0.05463490510664093
-0.03457423540291818,0.02357143754059338,-0.003521822356138551
0.016304225284573936,0.11099991176147925,-0.019217070806497146
0.009046989371839734,0.04129526110168549,0.04240562449466833
0.03428635817478872,0.03324678864553609,0.01340124617294176
0.041549832914703835,0.07152862642190415,0.03399594316019659
0.012960991384742996,0.00725666303642748,-0.0037593496555975957
-0.05646217676108936,-0.058238356751738746,-0.06422926684829551
0.010515665044937464,0.06636404074580113,-0.07656300413607772
0.019798553580542548,0.1011540884631654,-0.0253388134245763
-0.05708817685770792,0.022444417735880354,-0.004761600140028336
-0.11146011066257044,0.0020612519006779247,-0.04566670222218647
0.04343561119467207,0.09842460925182422,0.004010545211948168
-0.012352367977772626,-0.007607424703475926,-0.02792878020433006
0.023673273812368417,-0.01733276867250544,0.09591678618440083
-4.2957705480723904e-05,0.0058416456828595375,-0.0026904076926963444
0.09628629811865072,-0.03291065797087549,-0.08885155509344186
-0.031832710217668855,-0.05075920689280554,0.03133826661734523
-0.0014327652099499853,0.01480610805533241,-0.014250575523333493
0.038657315887522914,0.026121652222235912,-0.034292267690997004
0.09861875574535948,0.02332443498029274,-0.010583183296903036
-0.026695720531343965,0.00795456280350226,-0.07552511877970317
-0.04583839933021912,0.011583640850909271,0.007703686930244898
-0.05288364105976694,0.005813828699968148,-0.019904120065832545
-0.007468647057864821,0.03156620663607891,-0.0011791939327329675
-0.06375468483589797,-0.03333147227919789,-0.005831211420628596
-0.04257712927300682,0.01394108426421986,-0.03011180181982316
0.048919949708644425,-0.016892471617436636,-0.050365380186195276
0.002182815061566583,-0.07888461836507818,0.009107314112559987
-0.033848448141844435,-0.031933341699484724,-0.0998294590628793
0.01775652139900581,-0.02101378584113779,-0.02670331438156376
0.0032132593446326588,0.06337539859598376,0.0079183783710556
0.04179589910499372,-0.035340211056224494,-0.03925079845352683
0.011704473333419832,0.065072865507962,-0.032452567398686266
0.037603247912140064,0.06733010462162464,-0.011139419353361685
-0.03966015671191468,-0.013908319462848602,0.03228279652143651
-0.12175820033222698,-0.04142912018632302,0.03210957342552187
-0.09507454826130352,0.03892488057837552,-0.011763960522820091
0.05121382877994382,-0.15095691524799668,0.029225837562218842
-0.03811713748014586,-0.025263993110830323,-0.035975746150462305
-0.045616540166448644,-0.040815474061703896,-0.009795891112553926
-0.01434694001648683,0.055243634732743144,-0.019936593160789218
0.0095561915967661,0.05203515841100298,-0.029234056905886485
0.028496314015165017,-0.04015289207176072,-0.03899443075534388
0.01022970160631881,-0.17886873610207732,0.04003357896049259
0.015832869868384357,-0.06411940813803589,0.01151893288850204
0.030657715582950617,-0.060543060369554785,0.017622457476106062
-0.10572761019460196,-0.06688216540128505,-0.0362200422169318
0.002951306090911883,-0.014612005200624988,-0.08692835768930013
-0.04424778853597621,-0.004780767791713747,-0.056303545720668875
0.07172670978141735,-0.036310095146079586,-0.05545595122496276
0.0034327563980752415,-0.026809609527602966,0.0053445980979931335
-0.04628912093654857,-0.02718910327245693,0.002010837846282667
0.0385499649179275,-0.08352060532143761,-0.02781661282024241
-0.02218427912833429,-0.008277913989534402,0.05680672084055356
0.03477116518172327,-0.07619882957052854,0.05003906192401848
0.02815986336273545,0.10796365865417169,0.006938810361713531
-0.04411151723839939,-0.013519334212596084,0.028244169073588257
0.016426560877554834,-0.0027932938573592726,-0.03526787484798122
0.10814996078334739,0.018321375020774414,-0.00890771076190462
0.09467437341075928,-0.020600482994332578,-0.07311541946651427
-0.05232982927535064,-0.0010814349650981672,-0.06818421918774734
0.060140366977340806,-0.02701316447011346,-0.028630210814973682
-0.05688764082674654,-0.046042277574755194,-0.06687685182202854
-0.04651890822662133,-0.056580960587843815,0.005476083267073759
-0.013608688549747092,0.00472561225378797,0.0041380312121001225
0.04593453058593726,0.0006219692252649525,-0.057311428919584614
-0.03912477547578727,-0.031160185514652487,0.05556200821732473
0.07388855897331259,-0.02544339916874501,-0.17008556240670653
-0.023361892307919258,-0.013665962310042787,0.0031341863860781943
0.07623649997661272,0.043277443370645804,0.02843860721621863
-0.04763338310058013,-0.0055470673669392664,0.016249848687334933
0.029981399959633108,-0.040757044328518385,0.03837198864260719
-0.05375926713671701,0.027207711673657913,0.0013310054544929222
-0.01984541701111812,-0.024181693321001296,0.033355290612995664
-0.13418489937960196,-0.025479958380395483,0.017699911514640475
-0.012466325729710823,-0.012980282059206802,0.018032184927539087
0.08755702802584575,0.07348355437927775,0.014380382417242949
-0.039527349336018744,-0.06595128883428479,-0.03399133333920537
-0.043022116415666986,-0.07073559419159259,-0.059139348753100555
-0.06686772316373402,-0.07962943275079491,-0.10265536815323745
-0.0467856034497703,0.09688135211985109,-0.059503437657080036
-0.11418908257314485,0.05732105006884944,-0.023610537737029015
-0.07690402830220655,-0.09466317102016168,0.06556352770894956
0.09704260591348929,-0.003237545421141942,-0.07311208453481646
-0.09128389930371114,0.04187637529283216,-0.007909490234453836
-0.040662855298735964,-0.0739317199568275,0.005407264785625494
-0.07686652391581916,0.054076320549882984,-0.10001783333696389
-0.09639172001891502,0.014321089161846486,-0.0005242408818374039
-0.006491244683424834,0.029185433716090507,-0.007626578778706903
0.07358878833094941,0.061922433515921846,0.06756494895031125
-0.04045475991750902,0.032764775832310467,-0.06671129916676179
-0.07637688617276282,-0.03773917256525898,-0.07593116484825323
-0.057099950722114975,-0.010212181247904226,-0.10185279332754288
-0.018524534861601875,0.04188817635709173,-0.020829203978228728
0.037176030484311964,-0.0015006752142388245,-0.016788240482362906
0.03781923778199184,-0.04134037344707994,-0.014221798003019618
-0.05243876789708702,-0.06850869385267053,0.005504453337724237
0.01208272549518067,-0.04547406356048829,-0.0716437162916995
0.028624277322733857,0.01176856209606815,-0.10620130247890291
-0.05265071097588109,-0.0997171102700843,-0.1155559609245293
-0.06414817814591142,-0.01017827580291681,-0.052939339610643676
-0.0015851000929336077,-0.10749546649374608,-0.07401818341180344
-0.05779164927071645,-0.0414199627350494,0.017729850637034427
-0.01068650422157866,-0.019257123336960825,-0.09965909659810188
-0.027275230776257216,-0.08334642751333482,-0.010503216434641168
-0.025367448071534862,0.04462203886728873,-0.0027479105273188614
-0.02134592458624885,-0.035941962466711753,-0.011447258883900125
0.02248255401416424,-0.07094938503639453,-0.009780162530510407
-0.04434576828640574,-0.017451854961578417,-0.04264184262335502
-0.05233898980126582,0.046418584812935634,-0.0676742249273534
-0.11224987640118606,-0.00811645759977894,-0.08237347207526537
-0.08887245438048577,-0.012706090511351447,0.0006531445230048491
0.00447615052334251,0.002739139697565094,-0.04601199540373313
-0.03836070323278819,0.08641391760384651,-0.03683907211122645
-0.07774075369741526,0.04847643127015488,-0.016909487118442375
-0.05544987273299712,-0.018968988868963473,0.03980981561200444
0.06961324328693133,0.0036355715514094604,-0.08637988446648838
-0.0358477173603958,0.08937978670127164,-0.01254947875174741
-0.0425176274524576,-0.0030553186823436985,-0.08181363687696538
-0.021947126131742094,-0.01602892108839196,-0.03780922563324572
-0.013891631341325749,0.002573173789208894,-0.06472048826591673
-0.011296745346571005,-0.009038406744729086,-0.05349870666773754
0.05599836211218507,0.046258260130399124,-0.004976983894129079
0.01594396573144146,-0.0427691441466234,-0.04321815556790193
-0.10917839489104846,-0.02117180980681862,-0.02177465524120534
-0.08091085378838614,-0.07681600533434615,0.010416903440968649
0.0273141585119964,-0.08303709821034151,0.0023610312175668807
-0.08306250325479944,0.012200055483421055,0.0012746414600734966
-0.01044282582800403,0.0068315716525015995,-0.014517903714737504
-0.09189479172365869,0.02391368352831643,-0.10387157181497739
-0.09605599672465617,0.01694746697305091,-0.05498621886217692
-0.06647710490598142,-0.031066240619102688,0.019226652793520267
-0.08766259112538405,0.03673266548406309,-0.002932887527836825
0.015049259745250714,-0.003595861269667492,-0.05367009978265795
0.025257940180211456,0.0002842421153606122,0.05570918257536891
-0.04969516397564201,-0.06465402286188453,0.03626901062824196
-0.09380199866733052,0.044923785841535564,-0.016762107405167967
-0.0476836415185776,-0.009936543660695917,0.00532367873061159
0.0216122045255668,-0.10289727666753803,-0.048604580785678954
0.006896548075399196,-0.031888127899907796,0.006067881231491705
-0.05003362629913292,0.014063922271751066,0.04210179731600382
0.0032159116080581057,0.001126053681358541,-0.007185020028259974
0.02384607620210326,-0.02410951188506833,0.043363452386907114
0.005315301230757668,0.02505771960367818,-0.020190009298516467
0.05134504202041915,-0.05392626858293447,-0.04193800179676326
0.05945002008314563,0.03213483882781391,0.08842728778093144
0.06278126989998455,-0.049090964926387155,-0.023601422437940375
-0.1074519830421482,0.04740791561973181,-0.0727256900822087
-0.0521494529539229,-0.025975896985459462,0.005808738634147133
0.010142131798330126,0.0073105858194900016,-0.030040420301699344
-0.016231561214953706,-0.006642903371917956,0.021657210927960996
0.007217109200995523,-0.00246899106952409,-0.06846352643973445
-0.0021967579320772493,-0.015511702061090833,-0.029730393361003797
0.06683124424113053,-0.07904662964611506,0.013743790831185137
-0.011681523433001264,-0.047730560912230414,-0.009223968738262683
-0.011855404345791052,-0.01394310633091775,0.0015201641263799803
-0.053563184281526593,0.05525487133885594,-0.07833794701194612
-0.040081526522763165,-0.03033215522309792,-0.09181421356550387
0.013569136953060364,0.030684218966073915,-0.07837045578324822
0.03244030591409702,-0.03407021762903378,0.03306255082881857
0.004090437925747576,-0.041879737016415515,-0.03781961523626304
-0.07309982300548508,0.023442227453186984,-0.03626390326825774
-0.047201330652680895,-0.02526769077546467,-0.053338515140754564
-0.03560884874839696,-0.04454319454546072,-0.06744326335378695
-0.030479403426260612,0.005427191558289634,0.01654991828697056
0.09759292379607516,-0.09949423736246124,-0.042272495699741224
0.025499716748106596,-0.02978078997727436,-0.015609688316364301
0.024666950450062917,-0.07125112544499473,-0.011046968262546118
0.10696048700269684,-0.005084198425927651,-0.0046129453388038125
0.03507912359001676,-0.04140259198418149,-0.025593073552915124
-0.025302045618407407,0.017985433277473473,-0.008459928797898711
0.018253749827074943,0.05222527315897025,0.03325050413861242
-0.1583090497975316,-0.11236155475442058,-0.02900499917274009
-0.10294948314114451,0.029777642295951222,0.06556865564888509
-0.046587121885073086,-0.07734167433575276,0.03168747848579883
-0.014010786643473928,-0.09346988982611239,-0.02222291174350214
-0.0703055584815417,-0.059697110597988975,0.01777934265131878
0.009494541255473415,0.019659797361152927,-0.057761909863979444
-0.00014199415851320245,0.015144156025614246,-0.009522517587011763
0.04077777089502649,0.0397301071878322,0.006442011657440372
-0.11841748367804958,0.01595973918869671,-0.03291340298560748
0.034106506249336546,0.09315727173032358,0.08088524459766264
0.1044635974745255,0.0066865761343585205,0.011021777218684293
0.02067132308941392,-0.04639739836854365,-0.007643502262109234
0.014832393807704783,0.023611829307721374,0.02063382739563396
0.07137959891223385,0.04807523532883988,0.06102839168913373
-0.05135513721314447,-0.06235665719113183,-0.03324932099706533
0.01780706095843462,-0.09014255711928466,0.022848428249643764
0.037394569360576994,0.13176355328508277,0.04214534817657613
-0.03561481841301144,-0.0025735295863779893,-0.043911827357604134
-0.025008271481103364,0.04403983785030955,-0.013376854121260226
-0.03171973642157373,-0.01764616073237876,-0.04512109913467213
-0.04058269771482749,0.053868146988673725,0.03889525196382603
0.024826635450749576,0.039506130742907486,0.03523008554665003
0.10822019626370853,0.03772024763108124,0.0023779757053518074
-0.03380883312518573,-0.04816180968687468,-0.021102016300577977
-0.057861473183816216,-3.766864281838471e-05,0.03804053042159446
-0.021981878378972454,-0.05582599621304981,-0.021147411963036877
0.007115741425956641,-0.02904304279232812,-0.051444932180152635
0.095938995552268,0.05715235495202588,0.032982833188614225
0.012648912579384039,0.08197354140685952,0.0033226820330618393
0.014370529423405474,0.015851481526432707,0.11446279823473508
0.06360811913113346,0.030750837347325536,-0.0409656764790679
0.008158310758536005,0.050316368966537545,-0.010628154821296221
-0.003620013740427388,-0.024938836203191726,0.05992114484823488
-0.028562388996356974,0.017899888970905397,0.07539948107658037
0.05235132632178761,0.0899916821002241,0.09450168991525454
0.13015456728640606,0.046874810119824126,0.04561947767421576
-0.014669101179712516,-0.012485133450721043,0.15094583110641502
0.053465191366302185,-0.014438009524490692,-0.029324310620930064
0.06206619978494105,-0.04274828526356927,-0.04214183206997159
-0.013377285895014133,-0.10884040340533674,0.14605094658391687
-0.04364885654977788,-0.005609350873269716,-0.004407498523864203
0.03745577288467638,0.03593155203527917,0.07675224581271041
0.030897058498940512,-0.0062747781121279735,-0.02494701973278224
0.03541150381220067,0.046557680835767105,-0.006240683999395511
0.04727789612363531,0.03406470743265946,0.008223625326326162
-0.018689064205625525,0.05648832812867893,0.0628111532893642
0.026330064410770834,0.017035276604186807,0.06061070888629615
0.031297083537176876,-0.024421026275600277,0.13466579655087557
0.06053863725998185,-0.01855159018161224,-0.000376820367859498
0.006988030756294748,-0.0567826428283434,0.03998002890736481
0.0757933989257937,-0.009911260578337817,-0.020392054310539618
-0.028424718316619146,-0.002943119128483492,0.051913188850741476
-0.030648759243107594,-0.015562970068175964,0.048410702245291225
0.17919990304614836,-0.00891560173412773,0.019856438250394636
-0.04122347275084551,0.02240052700033729,0.028539587308451752
0.05393159784488965,0.07192381462567912,0.1777477553088221
-0.03931326356229148,0.060334889912049466,-0.03129777201606722
0.02973548721566558,0.017231947102658737,0.03989945153181733
-0.09821118806583301,-0.0626129962010804,0.03293854123138694
0.00873881430584092,0.08766750690918199,0.07370930139583401
-0.02021914743492601,-0.007384929680761531,0.02230956689157927
0.00940202929680174,0.049607113398168805,0.0012678393807232149
-0.039302295600375556,0.03904602372681667,-0.004522434968028679
-0.03397867112531469,0.0074772508874312886,-0.09739967243528737
0.03149993165513651,-0.06351114540535473,0.03063637162423546
-0.042253483620394154,0.0350845519755828,0.08869878309680401
0.030901133339291176,-0.061988321010100156,0.06721124193641353
0.0021569130942645787,0.06907077409407754,-0.03079335170502375
-0.008612658522252233,0.06533630347542763,-0.04635779849277552
0.01275824854313845,0.0274387951398485,0.002989501137416457
0.024433860247168655,-0.051493909868492595,0.005743917613715453
-0.10331352167605566,0.054631117350325296,0.021677862904323074
0.04261255331407619,-0.04721246841383733,-0.005769780696005899
0.019903716024692104,-0.005972422092592697,0.10416183767278897
-0.034379542617190575,0.03443725744464853,0.057718884114100796
0.0404752656973649,-0.035767766607840666,0.014759296817644716
0.029828078203506084,-0.05496269055435467,0.0274177874029912
-0.04772859747962713,0.010779789791849133,0.018594360457351994
-0.07406943871525598,0.013241558137214018,0.04446703580974086
0.01711108337039466,0.02145626973130833,0.06915400720583288
0.029851277681062344,0.05231005219780459,-0.04714446797557105
-0.028471396521724708,-0.09732459820806458,-0.011657695695986472
0.06451830466280264,0.11035102007917169,0.0781501006999841
-0.017260756474686147,0.017200962041483824,0.04041830071611691
-0.03542791202104875,0.05436918158129776,0.028864740120324618
0.005422810929160825,0.009425202988865749,-0.06022181154621967
0.025303957827282408,0.008658891733257124,-0.023381574206645966
0.024727056228107773,-0.006076853187737145,-0.032848908055360546
0.07069403400247355,0.03648855300200529,0.07323708684534229
-0.025437989552183477,-0.009238189827283302,-0.011113985876620956
0.006958373793555277,0.0886411587963544,0.13331039641113593
0.01708805815183262,-0.009449547279655371,0.03481410909018187
0.129766148053451,0.08162880892450414,0.003637636831600564
-0.06016041194645497,0.04812094855498518,0.03642867246670099
0.055071533735375086,0.017453180207987248,0.08453553755641983
0.0565791592290316,0.14203800656683097,0.05015793188803698
0.06201110589199087,0.10051727445591077,0.07799044639147454
0.009565060646318003,-0.024115647601335923,0.022206758851656697
0.018647218567719434,0.004530442232295736,0.07060082572866196
0.043443071905404584,0.05789533422463464,-0.0666267643488232
0.009048615702533392,0.021841484201267133,0.06664668834563038
-0.009981212477197205,-0.05189055181524643,0.022949704438899175
-0.004632265457100514,0.05046621055299409,0.03198867794871789
0.1028276702935898,0.01561337697970416,-0.045709518652608104
0.051589248634096155,0.043162103702386365,-0.0007688487078236564
0.08255554725922445,-0.06121280686121913,-0.07027255682140605
-0.05261663464003166,0.02525766088799782,0.06187880901173329
-0.015941787834779113,0.024466127274109,0.020983087881194747
-0.012564190123345809,0.13933947845413727,0.1642146688203526
0.06287496677115798,-0.05092258661131983,0.04271692401505728
0.04081547235219325,-0.03308284786928835,0.006933192354351612
0.04369594049269562,0.05664762216661349,0.004719997751417602
0.005200165411077592,0.006659079956677694,0.003793826351114478
-0.041499533590921595,-0.00025976260427871406,-0.0171729549717318
0.10201789461293032,0.035565988435244555,-0.016607118672816567
0.014571141143754855,0.050619612996340255,0.03499478148980895
0.07384297798428208,-0.021925147875918986,-0.0400889555784813
0.002013815249385962,-0.042068721494177404,0.01821570056610278
-0.034734946148896696,-0.002729880008435333,0.07060213903527343
-0.004698348923022001,0.03788616575082737,0.03717117947427914
0.0814977974380221,0.03883324640889563,-0.029642931560819874
-0.04059607376193829,-0.012053320593904852,-0.02244319689438082
0.11663991724115406,-0.0006188830359082735,-0.06918087472959204
0.01631967580994577,0.0335387621228903,-0.002558283263702766
0.006244906784182243,-0.01671464845897892,-0.06384726075409791
-0.038501399280783985,-0.023673243580718616,-0.0026466642193500797
0.02095906691926022,0.035859506443950466,0.14294291754197944
-0.039675621771985047,0.0806348289043747,0.046082942492222397
-0.015619535306823945,-0.010159958697996532,0.060243184701682634
0.11597447665128408,0.051158086252167265,0.006299906245923434
0.06780193014713884,0.0847230737684547,0.00279530053419174
-0.0932088390265189,-0.014159928090382419,0.07383993244852828
0.04662368406707848,0.018593366147198823,0.025966528995739306
-0.029900204238149142,0.05518070727420735,-0.009008300856620039
0.12715200314684155,0.055687609711211686,0.12648348961161615
0.04584696472569616,0.09262019625997636,-0.029789907605215965
0.03257457572193878,0.025672703539913595,0.0430159219675057
-0.023316237519440227,-0.031714300362725725,-0.02794725972289803
0.05684105808955134,0.11476864654371127,-0.08812155162282387
0.03124707604573452,0.047037892939177275,0.03923536833057107
0.1239848397138821,0.0022918029760404836,-0.04495688795132151
0.03276984333147687,-0.031831434678104245,0.006511561999306005
0.007525222443640459,0.07243371437337309,0.04852986076176572
-0.05811702804394202,-0.050276882675326054,-0.031061872784572685
0.04847737125817042,0.04523683314018023,0.030476911431668315
-0.06339779715346633,-0.0074314365997281764,0.10466075526574184
-0.04532123137304882,0.08537796692716236,-0.031106384651325873
0.10431523963211647,0.10154624753400032,0.09342248179127763
0.01886647095245636,0.010640283451145292,0.03981594705416881
0.020497732085976494,-0.0475805454551082,0.07028857828811193
-0.02920040185692974,0.015709926569546038,-0.00669257538443516
0.024337246937209733,0.012663821297172093,0.05770203505335153
0.02961972498135835,0.08497574859638096,0.012186536404972578
-0.045287034263729424,0.048969243307518576,-0.021914062985371498
0.03724249770714868,-0.034135170186942884,0.07100492351554115
-0.04524797036865283,-0.028866640537643273,-0.015667930621544295
0.04997810890484437,0.007588459636360222,0.009541027370678844
-0.03114106973991273,0.03328247676521756,-0.03779935471187419
-0.02833472209974808,-0.11191460119088224,0.02229398503692983
0.08684687443023316,-0.0636392009191306,0.049507123036945
-0.019830077520264652,0.07267628665923234,-0.009198634485023201
-0.015339874335791459,0.05370510302156475,0.04561763816708087
-0.027360298921918012,0.018256693323937315,-0.01091302593213237
-0.03787190452818955,-0.03398862648310185,0.02709719943141401
0.01591680538168535,0.09892752670302475,0.06501033885999634
0.0636162033150397,0.07390410716198219,0.04573871252039683
-0.03775347055771737,-0.05496645186676271,0.12243805064454837
-0.0019415263433181298,0.0023392064912720716,-0.020597834613121428
0.09389383421745358,0.02694512657224294,-0.014403567316373581
0.10510917191779406,0.05673338460656376,-0.00479949294601398
0.05120692058602067,-0.0002497380342505514,0.019278426694215568
0.005093664837376572,0.07845357784675108,-0.04862941415239081
0.028978767686033136,0.018696167068812466,-0.014651766466477345
-0.03309035201205736,-0.06584186571055203,-0.0714894936349913
-0.032201724490909876,-0.018728516644650726,-0.04792542260707104
0.07587909906864752,0.036225769549668024,-0.03209725880331485
-0.08087534562116895,-0.001343021003005148,0.02675352241520048
0.07644287480269664,-0.0371127007634746,0.025808681262549683
0.11293124600474351,0.05055418550782746,0.013723157951952041
-0.0066313665367567914,0.07740914773315524,0.07458690065204236
0.04807634240720682,-0.0006258284255848279,0.04658685598734204
-0.0522932928058686,0.03253458489317889,0.05225681410967727
0.07208855834987668,0.016283738808775268,-0.034393674663253514
-0.03361865696895237,0.02191289455323901,-0.008504156950334497
0.08655042660918508,-0.03881003606790101,0.10474412468984495
-0.044195040104468925,0.05937473843009573,0.04250070916070054
0.026698342338192134,0.0065595425189789915,0.07217707858236003
0.0003955159887685366,0.0516584584620643,0.012574270606629898
0.046372772504537765,0.030980159030900598,0.02464102499367733
-0.003557201122126319,0.047544200376036724,0.018902060874832212
-0.015540985887580187,0.05355892640334081,0.07975645663086535
0.041126585749538445,0.007756655356078776,-0.06654997697116465
0.034061327288747424,0.011067444003511062,0.009244810307517264
-0.018689697260825824,0.09111956101018179,0.04307311463842374
0.11583699609021988,-0.034023692857740914,0.03411452539831547
0.032680433322259436,0.03299111254929601,0.059692256753112356
0.008645249908101761,0.013857062606255065,0.08671226117686325
0.00023746051298193134,-0.03160616801047036,0.010085390340771307
0.05303467712343155,0.05991564558058129,0.005162930912609417
0.034976630216098,0.08350350271620381,-0.06900506626391666
-0.01944045806001589,-0.04752419394240607,0.05356793591427749
0.04206113912107702,0.012786606818180897,0.05090234951978641
-0.0722585564681466,-0.06776623913602868,-0.01945874129251645
0.07213601543830697,0.05767903940547829,-0.033903223855204764
0.02334186623729906,-0.011872739541653445,0.06916641788894383
0.004272154248785927,-0.06995667164701316,-0.048995188725929124
-0.061025904826460226,-0.01949604842608066,0.026233550367323926
0.006676448156123773,-0.0652305876899449,-0.02066971472246725
-0.10938622380365082,0.06722296390535153,0.08006666398375246
0.0020877759803778323,0.003981441504145031,0.007303617180587682
-0.02646026965076519,-0.062109880211409646,-0.087527111075708
-0.008187425710367218,0.05753262533360975,0.05090479485503157
0.0005334016372804686,-0.03699083162689028,0.028072909510746737
0.07315216515761276,0.04268561950898185,-0.014941146423024425
0.000499661555982843,0.010703887908387217,0.018941221628978308
0.05015148948812624,-0.021348151986179915,-0.0232240020864048
-0.05943929058209072,0.030060487353207595,-0.021793012251693455
-0.06829297884498027,0.05028769372426733,0.047352753412927176
0.02733668332214776,0.044349303146478794,-0.01013257800575001
0.04162323714459885,0.04711781513636231,-0.03188314098997096
-0.04094601909826391,0.03809452446660822,0.046386195781947644
-0.04401224774509323,0.013300954658137546,0.026190013822017938
0.04265647860568397,0.0351984216249094,0.00697652293284777
0.022855038391913118,0.08259030308648259,-0.04642913008823418
0.007741705006300394,0.0021481737985611757,0.01561108197812206
-0.00965017395298327,-0.04747954112263281,-0.02009143068868149
0.0888564492435531,0.0588565551512648,-0.005438568712752952
-0.006936642650937319,0.11096004219243762,-0.06347190295845213
0.06879239843262122,0.008052723645414105,0.10370294972138769
0.016258615416553622,0.06254408456870372,-0.0948851589225801
0.0025675498851240493,-0.003327875368805646,0.011366680586954343
-0.05616833891100427,-0.004359243495421468,-0.05503344975744773
0.017293378673199675,-0.0663705878922704,-0.07721377974198798
-0.007984563281123761,0.029029627535571388,-0.050424988421451516
0.022179311020156633,0.04444486827535534,-0.05090957437046821
0.04016077165957433,0.019290776771344897,0.11245991374138196
-0.03819047419749606,0.03196140021102684,-0.011665034193816594
-0.024403387856461276,-0.03231678915557571,-0.017692045125434715
0.022291417676092704,0.046229781368268344,0.020986580355357158
-0.0699562018097237,-0.013510245433783584,-0.028778232519669454
0.030177137557369227,0.05236650585640817,-0.03733769545615236
0.013012760819704098,-0.01009762233855487,0.018388226914495334
-0.021259613472580673,-0.03282230507389409,-0.0691752729898607
-0.03272996120468314,0.0019798348343303407,-0.047107265234919246
0.0007262510309678054,-0.0016893698083887436,0.028446542955428353
0.0880927238458218,-0.07891919576555582,0.034487651541283255
-0.055111563605781066,0.010219492274345657,0.03290413606924478
0.043609640707446724,-0.009495882664757909,-0.016898446149723616
-0.07150205506037216,0.01985612429224342,-0.033216760876132415
-0.011804220590707282,0.011277532052982051,-0.08833174970633823
-0.006100765031186325,-0.1061670784120902,-0.015137861502007152
-0.06426466493177996,0.015150092855305514,0.08403064082656847
0.053937868588058616,-0.08244613180016463,0.005639135075553728
-0.0011667740075000255,0.06017612168974257,-0.019883892844014123
-0.084007651674397,0.01063089140255586,0.07739613000011791
-0.04746806256806816,-0.07951320547036858,-0.06653108707241874
-0.0022687257946618113,-0.07116886036070556,0.004920815546280655
-0.020331527684736107,0.05288772886179323,-0.038159779258992194
-0.01633131714880802,-0.029364326353922887,-0.0028743753468447666
0.013181937586554466,-0.020852754577774302,-0.014998736490419618
-0.01944150252388304,0.04609412154809238,0.020681745871866233
0.024098539129488034,-0.08578872620364396,0.05006097661518019
-0.01401366891013427,-0.0270962624440272,-0.010601871070445454
0.030330311796242355,0.013059162234795287,-0.044033284168121696
0.06625001647856503,-0.051882174237468826,-0.057422248692891746
0.06085810993854015,0.013373617791263654,0.0026234233647565355
0.007516710185622215,0.1175385913181447,-0.015781556026187353
-0.02130621173378374,-0.008004278982899222,0.014117329145823797
-0.08308683651373193,0.014750057707357964,-0.056721839013949366
0.029421751004920907,-0.029725723458861285,-0.028560192331261725
0.05260435737801948,-0.046756559219857316,-0.020504953453859685
0.009991744791263659,-0.07986965240581231,-0.0469641626682502
0.0021869763982029135,0.006495834202857929,0.009657229650592803
-0.08434918631597393,-0.029378261320788617,0.0026172547913140658
-0.006588358943592321,-0.05068482245100264,0.03322916099767147
-0.06838430106394758,0.017554078624484264,0.032119041076626643
-0.02469858797167741,-0.11447406881554506,0.0043260685326765615
0.02400446745674794,0.0068124763121081774,0.06010002653499936
0.047349605964855365,-0.059777522138633854,-0.06552651700628638
0.06935643588451561,0.0018770744676612425,0.006816201086446004
0.0013076670031970591,-0.06429005656510049,-0.05595226399394322
0.014636369722679128,0.0646197425126159,0.07226602693626298
-0.023343801532030507,0.006361722501547037,-0.08153587644570295
-0.02089981212539546,-0.02159295626254729,-0.0247381093290249
0.01003948342348402,-0.05244172150110078,0.025705438470990886
-0.0018883561737925367,-0.03426091706089107,-0.0017379777286833584
-0.06945883029731631,-0.023754242495173716,0.013925350724898016
0.04856531297406004,0.05923656537009059,-0.043986560801015165
-0.055832654355092284,0.08562206627888744,-0.06477881661465525
0.08830369004313932,-0.09826591196235993,0.0061713033395028385
-0.06723119632309443,-0.04843947604529861,0.01253460479864037
-0.03264751360654296,0.08857088470613526,-0.04852998966833082
-0.01739351978740972,-0.042227900753706395,-0.01645895099663554
-0.029183798047041694,0.06261745542565748,-0.08855888902939842
0.020893000851418504,-0.13746761339060765,-0.04559638056959983
-0.03454300077229371,-0.17533337553029885,0.037451381851061075
-0.06579839668191664,-0.000818523889724955,-0.01802274941794594
0.023389339399373585,-0.014180397971452664,0.04420484802720416
-0.02054172025621745,-0.10247197157498758,-0.05368302321060395
-0.052818779897250576,-0.04559331068609719,-0.01891259769814082
0.04095394700076958,-0.053649070681654046,0.009671820469540144
-0.03336786308167589,-0.03367579558128768,-0.0605143139554555
-0.07790818054766048,-0.01417437346827645,-0.06425529672375645
0.09835543402525565,-0.0044914403995560855,0.0649348775227635
-0.08811311621459023,0.014365445989748982,-0.0537553747619378
0.00809749370506594,-0.05587730643861097,0.0060179974676635856
-0.03273888040669523,0.03899884212915071,-0.00429486883841307
0.008985111649856707,-0.04681289825142502,-0.004956576659762688
-0.037813413382672724,-0.11929230689420352,-0.01998940017407589
-0.09081881315107894,-0.037487749676964985,-0.0262446420255222
0.010913283770012466,-0.06058343845540855,-0.045934646556903755
0.017482747809759946,-0.03743851324257495,-0.05956589895690184
-0.05486678177738187,-0.038798808826885786,0.0021933858844068975
0.026090469656169634,0.020871295778836795,-0.03265423717225988
-0.014066769529943172,-0.05904051704926799,-0.08264282506062155
0.024870768129155688,0.03553968657693507,-0.03923951974893321
-0.05172226347629444,-0.021560420507130244,0.04986423486919951
0.03690154867853218,0.039387531049526844,0.027148721502846807
0.04133976846650937,0.046920131186884595,0.042360392405844965
0.026051787548169548,-0.021000003394790304,-0.06768061812479075
-0.007119864936688288,0.02114196568476691,-0.020019698470784646
0.018657302998833628,-0.026926741776393617,-0.026346980105756413
-0.09588023299364906,-0.036993689827741316,0.019881786117802995
0.06554923484521928,-0.04066419182353395,-0.015118103778901194
-0.062084636240031216,-0.01412694219048246,0.00697799200308807
0.008376452227764036,0.02174173239836552,-0.07473948492286553
-0.04027075760236364,-0.09993699234338384,-0.07156997410209923
-0.0836893331322915,0.022733378972624483,-0.018936051493556424
-0.01991392767761724,0.03017230812291806,0.07698883813969476
-0.0029519704749081874,0.06161340769419012,-0.10164602674808494
0.008028047893565357,-0.12343055778654374,-0.08334575271155455
-0.028573756666432172,-0.0364148713508774,-0.0027910978301407853
-0.02602494224474306,-0.005392096689291741,-0.043245470439882375
-0.06068210398496458,0.0676549967409902,-0.018807706140298083
-0.03593743849335189,-0.00010742185525938752,0.02603448894880095
-0.05346726711135713,-0.10516306662890325,0.10757766969087472
-0.018235393301625286,0.0711530686077155,-0.006780936377169346
-0.013226250916551559,-0.005291402216588826,-0.011815222580858056
0.004361480696336281,0.007415870570140929,-0.06897614611402435
0.015693104832414276,-0.07199909721166389,-0.014618600634104272
0.00531753705585809,-0.024717173856743446,-0.04469101265671745
-0.06278614395246337,-0.06478341895794579,0.006457278880517177
0.010525694856469252,-0.023611189869462645,-0.046015685017609026
-0.08395919442634196,-0.05320286634880396,-0.10170520790800124
-0.01716421999532498,0.027386090669969856,-0.012260512233470628
0.02323525911475936,0.030203159862166897,0.020827217232273498
-0.020496573743279758,-0.0007343303433901757,-0.00846865026868467
-0.016638167472571727,0.05721809701122092,0.060639310997594814
0.03221027849960547,-0.1336697251293571,-0.06659104736917362
0.025555310995351473,-0.04327056420882047,-0.029814244549269703
0.023503040610116405,-0.011420805056304384,0.00042383669591143994
-0.012868185912731265,-0.04797346220074221,-0.019489321437691633
-0.03451323550258627,-0.017134459756087347,-0.03498808128617223
0.021672257224565238,-0.006321511489171459,0.12307732540038621
0.05452581395552799,0.020364271876783586,-0.053039298019767686
-0.019760818303755055,-0.011858136840615516,-0.06593331818102073
0.08268540706176453,-0.06280735268493629,-0.007989486356146547
-0.034366528827430284,0.01745495135764155,-0.04220417701029819
-0.03403203873087887,-0.013810761606005903,-0.009248089407227609
-0.05024389635613264,-0.05835653181061157,0.0999118232690187
0.023970673960301378,-0.060235791578275424,-0.13659333464004605
-0.02893771182127286,-0.027899226629724334,0.07605925958682466
-0.015912169333106362,-0.1290730888796345,0.06715627740140594
0.03474333055932933,0.030320170506715004,0.07617587169152423
-0.13301291487547257,-0.01361677776437704,0.06880411993783614
-0.047417439319356755,-0.05366707910803949,-0.024327307415641434
-0.09169086853188191,0.11515302639994023,-0.007940469805559883
-0.07813317419364768,-0.0762266329267139,0.009087772758756954
0.038732463998111116,0.012936870753141436,-0.03983401793711666
0.04175039368826359,0.005406713286716153,-0.026447790429624224
0.029152222836158488,-0.021497213456581364,-0.0020014230837406624
-0.02255129735814735,-0.02610620363642226,-0.07904015639425059
0.026324261955999406,-0.040184549066811084,-0.024236166640021747
-0.08149890149147018,-0.011945000677203882,-0.059086214893787944
-0.020969462665151952,-0.02487663961784287,-0.01199401278601627
-0.005645246776259865,0.0012631616302187995,0.05740310943651755
0.03370898161886264,0.014515109513260663,-0.008665981400902804
0.07679749409093789,-0.021192406260946574,0.08340645388014807
0.03203835354574529,-0.00622850918283682,-0.013763320284054697
0.012815353365937787,0.06477779994284721,0.04102186471650698
0.03356818193404118,0.006842324628066006,0.022600181619632446
-0.05465920333699746,0.04534402354181894,0.018708083952941906
0.10549810542463203,-0.03672443410754599,-0.0277513193917688
-0.14331063864769206,0.02790083497864322,0.008032700878810957
-0.018431449539348152,0.039492634337937385,0.051558364404682755
0.11627012343091717,0.07392929745661396,0.016201656293780974
0.022532137530324278,0.022828976455340523,-0.04921539488627767
0.012965969693498114,0.034362981926871844,0.0654658564631273
0.03527337249759695,0.012113553295592484,0.1356209059623009
-0.08315948949609529,-0.015327937480672203,0.032892835784471955
0.019399267626366484,1.88158879337718e-05,0.02056601947335472
0.010022596578350813,0.05785701601571114,-0.06464480502773834
0.026584353268222862,-0.027941601601121423,-0.039295357198730924
0.06302679846750746,0.1027614779915032,0.003888620637518426
0.03447963243151929,0.040181278565018845,0.01585945186726377
-0.013248321899429828,0.05777346751142058,-0.01528735741774153
-0.0627521453218029,0.06622271496050985,0.07554249306376654
-0.026579517924044414,-0.05270213494435507,0.006266502452002311
0.0652773149527355,-0.030095966375510243,0.1042251851264717
0.020178516178982878,-0.009378247876552816,-0.14925250529122802
-0.04147301716590693,0.07145693289766986,-0.018697054060026357
0.011965089508708514,-0.07274378023222985,0.09617922278749241
0.06803154561496491,-0.009164384265572926,-0.03306628347418022
0.006993545543268528,0.06177167206659718,0.0014298327196127008
-0.06030539520986709,0.017714045824482168,0.10487794257996125
-0.04893956946922254,0.01658183237203853,0.03932577002258852
0.02271188116188322,-0.038024226982886065,-0.047211147748040555
0.015111463821826022,-0.03996523682612328,0.021930206144798382
-0.03297330340417869,-0.03698423424338208,-0.0007289370591969898
-0.013934124285825068,0.05306845279375191,0.009294990368736449
-0.014171657291652515,-0.16159783587578108,-0.021006088788525452
-0.01632732315074092,-0.0026608320404965897,0.030816912959748772
-0.07733147434129767,0.08554533326681313,0.039873677274551544
0.028100198186036936,-0.018564874064044567,0.047253714336569955
0.054139468206977855,-0.002693706055955972,-0.03098221170406672
-0.02285477201550309,0.02690865853612776,0.03537676245650274
0.025096140070206573,0.04427444310017122,-0.011823240840302864
-0.06185172695772,0.031845785099861156,0.04070331222208843
0.006560762067961341,-0.006979414536622546,-0.012344876741347096
-0.030721963359201503,0.057740031188363905,-0.01744016890981269
0.021966963750322446,0.013751395456300929,-0.023634225647226812
0.09417120103030004,0.0162617547900046,0.029936285260551487
0.03430670573854398,-0.03592336945908847,0.06272154702917773
-0.06282676234893025,0.013479287615947513,0.0939734135428123
-0.10181528622009699,-0.010190803268282686,-0.06683285358961505
0.034738529251346774,0.08291921814033348,0.03784929618371264
-0.058372429827501446,0.04654554815961596,-0.010990338453176415
-0.004694022287412876,0.028502429219406142,0.0041180642027074145
-0.0009322919434798832,0.03659038630713646,-0.05755460986885387
-0.0021461938800547064,0.11850482831739163,-0.054699967304617104
0.055742240270910175,-0.03830287905768672,-0.013113943874109432
-0.06179838101204404,0.01976984511907815,0.015801962766302333
-0.0583479914432628,0.02317997389158402,-0.07130338830577822
-0.05265203064914792,-0.0013251431475635464,-0.055698555015436566
-0.06921982479958998,0.049016124470688614,-0.08086666101292327
0.04747459292332614,0.05719821682123,0.027300745784543053
0.08317196281764293,-4.6335606637686044e-05,-0.0399885631418858
-0.02415018914526496,0.007169332289012807,-0.021013285211073787
-0.019496586202909155,-0.006935206882203726,-0.023022910749094044
-0.010962653464592662,-0.020615234964420744,0.033911737142570966
0.013571748534759717,-0.05631886523173466,-0.033571525522398005
0.005506386534839307,0.03200239878978779,-0.05674056595697357
0.11721734530466474,0.03719883393259233,0.06061931934868278
0.03528613630174805,-0.002386313875748256,0.032569099688017106
-0.013608209824507621,-0.028141555924239232,0.07945741086321721
-0.10804044730127,-0.00793717716464897,0.03063025154505001
0.028984828537913794,-0.02032549050002585,0.03670742569360012
0.07678141463776568,0.07697205462784083,0.00690858047278322
-0.019977781939832316,-0.0961393517520113,0.01587832780711218
0.007538423435501512,0.06288372360329225,0.07567911518424006
0.05818193719385642,-0.07537521205920703,-0.06150635428578684
0.08624114504502516,0.02635471169944796,-0.020706252703206564
0.01644218999962558,0.10759447183528645,0.014310151963973264
0.08587385195024604,-0.05634803981451886,0.02062437565160332
-0.01057751334647372,-0.03687909347289318,0.07402047598929867
-0.02931238090761982,-0.07358239124421545,-0.050358653571934996
0.002865884799027652,0.012466409998227772,-0.036458889800160335
0.009967116964589472,0.04790089010830474,0.016903780022961758
0.05000940524030308,0.03365555716284801,-0.004747324620715795
-0.0031287990683173915,0.03605406530881902,0.069716710991238
0.04576734858112048,-0.059262643910752096,0.047520109891733886
-0.006075656590000858,0.010231848321934264,-0.05779840241834721
0.06620523753223678,-0.10934820555790412,0.0333477645647014
0.018115168395559173,-0.04683624677293585,0.0795800337785291
-0.061140137589824554,-0.020423626070272448,0.027896054866468116
-0.01417869569108686,0.020777780971855175,-0.05908635817806769
0.10660996385915657,-0.0003329061580461413,0.006431963287974052
0.04366352397330846,-0.007701331516094163,-0.016731175121611194
0.03607799133952637,0.023237490319719615,0.05493314164535119
0.04570049231095493,0.021401221197134057,0.027294071941187003
-0.0803470488030971,-0.012067284840219341,-0.07255093826926462
-0.01261436012385744,0.0713430937542876,0.03940228036064315
-0.13298611785123865,-0.09343028658682066,0.042087572234155025
0.031053195010173507,0.0859205110867125,0.03287291469623281
-0.06500000282554981,0.004234494985693874,-0.0017973279908572101
0.09820030902137183,0.04638031519057177,-0.051870632049297614
-0.041478415754726,0.01151287778857301,-0.06854591046112585
0.016703533921186526,-0.009102340539067357,0.058117295983713624
-0.04559432753626403,0.014483528245413602,-0.023631266867183358
0.07002967375937948,-0.024873273391968292,0.010655776729014703
0.0749734891018659,-0.03739132325222047,-0.024224221100508193
-0.025787300934685863,0.06502455408294346,0.030897771292177658
0.08445465665344867,-0.01980276844965577,0.07067037476086878
-0.026630753046631938,-0.022838008346939002,0.0018412669640239174
0.008658192316817902,-0.03413331258693989,-0.06861937426389053
-0.00637492517909468,0.14435437195754497,0.0005202846977913969
-0.020112768840188082,0.003018138208123364,0.08164723637434279
0.04412274628458768,0.046033424529290545,-0.03881602429195784
0.016027191819430322,0.02634146917185743,0.008094283816149949
0.06322100844287196,-0.030303767115979045,-0.005818170867635454
-0.07595765405893823,0.0758821081740689,-0.05617934681156343
0.02523056375746291,0.005870207683051689,0.04434675636045312
0.08877689955940411,0.028652909724615316,0.06806047786979089
0.04911884203875764,0.10366827457534392,0.1018962064019264
0.03230930143987089,-0.006220887914896268,0.04818834253299863
0.03521179798598898,-0.002664369341336372,-0.0452229145196667
0.04149916358336199,-0.017944583945288594,0.10961600454452788
-0.029838012653549992,-0.016756139899768773,0.012701072071233412
-0.08060622442060308,0.009802555103345576,0.08846500880851117
-0.028517327832365488,-0.028445443850425047,0.07400700058967478
-0.005486347471506378,-0.002272474959172252,0.039480094521142595
0.039122052379168916,0.01758104576053377,0.08286354771931193
0.030220616325117813,-0.07956826845835313,0.0260384270831669
0.10078972467413275,-0.07123941147573112,-0.021213453714101174
0.034573242695992615,0.08168234581200859,0.03856582785929393
0.0875271946453716,-0.019346538061466075,0.025215718332435376
-0.0009571147727755261,-0.004303165274959289,-0.021671889089982386
-0.05267232498374767,0.06133627436583439,0.014551830379710183
0.013752701727514418,0.0026927616240541956,-0.03144422901401496
0.006704045675795026,0.06486886427007156,0.04145856383862012
-0.09553000388419577,0.11481105459750088,-0.008813371316829965
0.06777019268372836,-0.03642279801913188,0.002688041259887211
0.021903261072255382,-0.02351427987220793,0.02094656010946648
0.044259485684076755,0.012089244035657308,-0.04615551637232826
0.05090021380848163,-0.01803912858978967,-0.010252470961963668
0.004315846591642296,0.01934351410617189,0.03471271061041438
0.0311724414027007,0.0337197416459428,-0.05541573879497114
-0.02995551200823306,-0.010707919249519034,-0.029397604721728605
0.13350513851226556,-0.005503850876777169,0.07711621828761478
0.05031757948077693,0.06710553866526481,-0.03757990281406641
0.07151776330682791,-0.02657565437490871,-0.03247857923737038
0.10485760777776737,-0.027285108623696017,0.009767785582999962
0.02011686848755946,0.08301825284413612,0.05056659092273422
0.09663561108278144,-0.034506649913579185,0.009109388837373276
-0.03326085196452697,-0.03273401172730263,-0.012761860517488281
0.03548805694505987,0.0028365710257726995,0.0681712806570864
-0.002228380704225267,0.03869154458861337,-0.031140066472421773
0.034989968031709694,0.08372626748888834,0.05354419056467345
0.04169862785155562,-0.08841965993682138,0.07751999939584492
0.05287371563683531,-0.1038545575556377,-0.05438073586924601
0.009116446805222531,0.06359756777084336,-0.02525843299294077
-0.00013248767299394587,-0.051320800877003955,-0.008839178335161586
0.030703699393489985,-0.045034014644220355,-0.013563201504438308
0.011362848607911612,0.059401799901750284,0.08189903859225242
0.05783408337276778,0.030122803313143858,0.02029073679113862
0.05230594085819734,0.011285629059936837,-0.057004484418429924
-0.024656299841202108,0.06225003672869504,0.020514140490651228
-0.034041426764941776,-0.02906883382279661,0.028116130363326646
-0.053734444083685315,-0.030563234923201704,0.027080560199495327
-0.02264420710972438,-0.0203088337668156,-0.08166618591837846
-0.05247511955087543,-0.022609838450453185,0.11461438602153208
-0.015144984741467846,0.02486597335604468,0.00887128896550763
0.0012852326948734685,0.09702563704877668,0.03100082873266491
0.014674316224227303,0.02582864994268136,0.01478966314535165
0.026716790796219306,-0.023382656312431728,0.05589047380537192
-0.03530633293928345,0.03929897668403143,-0.023418197433614257
0.029013548678653987,0.011903706899668355,0.07868348288543871
0.0495480023547193,-0.08292235217626573,0.030646723371640892
0.04674892322437062,0.021549313332360855,0.06830974446466821
-0.025660249494363626,-0.04343822727976433,0.05191681398529954
0.0026189486512281646,0.036362717265076394,0.033869739419251824
0.0356681883785102,-0.0225403652063697,0.030375977964748876
-0.02487828437437098,-0.03385876301625835,0.059425297185305814
0.003101587289846719,0.04021877289869934,-0.022555486525188816
0.10516081193607385,0.0184605171337463,0.037878044352236115
0.0583589943151252,0.014016125154379992,0.02633187720168477
0.02876310207749859,0.06570893675695334,-0.06951716005388119
0.12472177253035185,0.04415499680145593,-0.0043220329318038285
-0.039813766910812454,-0.029952139050359487,-0.02090454815542914
0.011799845506255586,0.011861793373837673,0.0759857765616692
-0.0032338185258296345,0.02559177660788519,0.04735475565095406
-0.0031610076977720038,-0.03317255966205699,0.06463755849625474
0.040821785067855,-0.011472448573913465,0.014873210131479618
0.016539717509897217,0.06021793640658516,0.10715947666771257
0.06356190682536055,-0.026055983153129833,0.07449682314767903
0.002255900208303265,0.10256621989035238,-0.04254966043569226
-0.000523516930597448,0.04177186519016833,-0.020901084254622077
0.05674995688770185,0.11206490693999752,0.06100809771384533
0.030063338467064098,0.059390505044598495,0.09336024354495197
-0.027100790870030853,0.02094559321387443,0.04655646536003128
-0.022080852385298146,0.08735681473510587,-0.0951852641004324
-0.0393553416654111,0.005659024093582641,0.016135945879522343
-0.046698976341638485,0.005371957888184793,0.04232760150686173
0.03415450740745513,-0.06317347690750118,-0.010267835143709358
-0.07474903792089027,-0.012981032652427836,0.1049765878615109
0.012038968586798426,0.014314252597442558,-0.0007498696167022693
0.07067720403440012,-0.010213446239796318,-0.019953028346934652
0.02752364025210219,-0.03391117216704821,0.009186429691362718
0.026342338719386092,0.05077631225383293,-0.10101475799182637
0.08987830821315251,0.06904909301215706,-0.03396758734885227
0.026668691065455254,-0.022623010969682424,-0.009183580731170886
-0.03793490387134852,0.002749528192749837,0.059369982874625526
-0.0484985996018071,0.039187344082425676,-0.018992566736029066
-0.013860442716108054,0.008397741774002496,-0.045515954221564514
-0.0239242089130415,-0.028339382586337725,0.016156650592710108
0.08604058804856049,0.1134266197902764,0.05065012665588637
0.0717599717624607,0.09883745588259223,-0.05206439706399968
-0.056672440236127136,-0.037995875426902664,-0.04234444346252206
0.0051845745147068075,-0.023158296346237655,-0.07872389920682572
0.04439780991248844,0.04835255318288831,0.01965147259531672
-0.05276328727503545,0.047999073370561994,-0.029905193922392194
0.03213764896274975,0.040970439333892605,0.0880399010840144
0.05949448968786442,-0.06505487844050158,-0.01573684330608109
0.003922764302527328,0.048442974385423436,0.05133965337445532
-0.04060203558971813,-0.0688274542105095,0.01597683342782684
-0.004084127623650049,0.00829489399026721,0.004935283238013234
0.01952390155439485,0.029021336255884957,0.02416280621845745
-0.06992046114701521,-0.0561604663613202,-0.05945812859626391
0.001609986720574397,0.028095919684762133,0.04393360470000522
0.05604744788912968,-0.11420738814102989,0.009955430890985065
0.0431085357783661,-0.06775927561090288,-0.11602685283405773
0.023502177908218982,-0.042518405932383006,-0.03150798269761206
-0.010608246373320859,-0.00930179680203325,-0.027859143602093045
-0.06626501396899609,-0.058292270503022776,-0.021121517929821858
0.041882269996365705,-0.01678156305306308,-0.07119992316409401
0.014553395126280396,-0.06448567474167873,0.03245702083673839
-0.04208127284517218,-0.039251878548472556,0.055193661616131685
-0.00414171937877291,-0.004787753102434325,0.04509100995524919
0.0772455442057758,-0.0010202974755102118,-0.05114571281029321
0.0630606289965896,-0.03162514647739184,-0.034804446117730425
0.05312953456888347,0.0031176244728574106,-0.06555950129674483
-0.019268402845680266,-0.03439261181807906,0.1125595650551423
0.05708578037970605,0.004503930535849509,0.01357402407877542
0.04308875720101857,-0.025333083116877052,0.08956556191950178
0.04971736080404539,0.09432576237613369,0.013779518571444377
0.06749761196454954,-0.15187320866516082,-0.07167055536643864
-0.0009539144573661512,0.05208192379682217,0.09012966050060087
6.969746658179861e-05,0.06587336322491316,0.04366265660789652
0.013645067320015646,0.02658036325397125,-0.021727834758192982
0.08591488919408037,0.00027258909537446977,-0.03663443728696949
0.021250470196379243,0.10961957139669298,0.05977347931841057
-0.012334116185212081,-0.03996925620911217,0.01017258978214488
-0.006185922388099448,-0.022144191450717124,-0.07692556199405863
-0.022967972808562647,0.04820112586992006,0.06447004091233546
0.021606564689166982,0.007493895953847962,0.00977457697944336
-0.014448459802330744,-0.04733418169039309,-0.03345045811426286
-0.046427269471787595,0.019884511937266452,-0.039279906321211686
0.06439290359016145,0.004317711831498658,0.02194157884411044
0.0247898481067772,0.02461300380968992,0.06752947691342163
0.03668057476052271,0.07639385807680289,0.043025101231467466
-0.08150429321905238,0.03118895047721691,-0.02073119207086378
0.04731680764299522,-0.019531636223282398,-0.06902204996080535
-0.03073656130963031,0.042268335946955414,0.0028476009899717093
-0.05068183164277043,0.033288435834228206,-0.02451225575582848
0.026692768769512855,-0.05897626350447969,0.0209085208817829
0.009918014789184245,0.04678840140286949,-0.04980290844830185
0.02968848169315194,-0.067969815876606,-0.05322022331485261
0.009461258339636042,-0.038494372261084056,-0.004229215578995302
-0.09087942841439636,-0.07328305745825515,0.02719861906987786
-0.04259294862398532,-0.008706089858055677,0.005989370242881009
0.021200872795165124,0.014565161697999849,0.012280274272605168
-0.07027424847243896,-0.04920437235507537,0.0761856699016049
-0.006094932702012049,0.10502031682914546,0.06283711989929162
-0.04152375961576046,0.08397321571319419,0.005200197397392517
-0.006833341722653217,-0.08783545941409678,-0.07483409989258683
-0.05246484438615285,0.006228689010620278,-0.09657581491876573
0.029641681385909037,-0.07973634407221597,-0.06252009745440182
-0.029840550195807683,-0.05304569930922919,-0.02751238808841973
0.016701571861470775,-0.023441098796279543,-0.0802680752380895
0.016230700015083286,-0.054364475458308366,-0.061521002668166486
0.0171774916026302,-0.0529365136051651,-0.008578706649552906
0.01200185187903939,-0.026580038402177097,-0.03425747799565253
0.0844076269420892,-0.05082908112305752,-0.00436900673360052
0.043476596225529705,0.050131482066539744,0.10699209057811328
-0.06058770146856575,-0.04741336298153449,-0.01202779053011506
0.03972208538379748,-0.029980839498186643,-0.009494362008097086
0.0598364013573945,-0.03220233891451983,0.022747526889934606
-0.010693158152319143,-0.030777004622652322,-0.00592600079611692
-0.04955074509319561,-0.04852908012398625,-0.07510395156301
0.04904721025516837,-0.0743053230289029,0.004383045386840702
-0.04545684420174445,-0.015044221100894227,0.00029128938059138666
-0.06060597832153189,-0.0809423098596721,-0.05232870594178175
-0.05052859162988635,-0.07906382932618733,-0.055175460504844405
-0.018968748856892835,-0.03820950437315166,-0.027018431269707238
-0.0015435929545981192,-0.08250114352729866,-0.02036341746705822
-0.03503995763716483,-0.05717755699933771,-0.09367522393675332
-0.05126157028538493,-0.06813133440010986,0.005383323068511166
0.060676914240987714,0.0051492345367187865,-0.024369464181721975
-0.005928519134942965,-0.01877993718923542,-0.048055238171417464
-0.0739492499102053,-0.052403727340863585,-0.025204066938203356
-0.02777814671658889,-0.00029007194356243937,-0.09180376717214517
-0.06167578957938068,0.02004767131092089,-0.016083266137355334
0.031257771690543716,-0.027213614925831835,-0.020349340427219365
-0.02670063197777295,-0.02596028542312143,-0.07533318526962277
0.0574037582814615,-0.003222732731150438,-0.029740722529632252
-0.09304174344142327,-0.06000331846566799,-0.0816849544842047
0.023363994273318638,0.019581961234600917,0.007840839492897086
-0.13114957183596274,0.09507559932295881,-0.1546424696429811
0.0013333901438540054,0.002320168758969718,0.011676146364137316
0.006087422578169466,-0.04064629482603857,0.031413848953588966
-0.06217142427378653,0.0012970669999005646,-0.05741461096391702
-0.057478307986202196,-0.01716820602013766,0.04148370348146517
0.050552936387871256,-0.02456482156811708,0.04209238198458461
-0.0035720586301278747,0.02898603403490616,-0.06323592483523441
0.025384069134730056,-0.08101957833842331,-0.094180858178205
-0.11162634037079136,-0.07927496746441909,0.020483142085155424
-0.04951055864482293,-0.018740174529841037,-0.06516626711021142
-0.039706149521658546,-0.026571052730873956,-0.04161025014407413
-0.07550337800609916,-0.011977616794343969,0.05446754356739299
-0.0942173643838576,-0.06747798043744721,0.030888164336069404
-0.08781501368513576,-0.10353828289538514,0.0163544656358503
0.004187779479963967,-0.025598946060024427,0.02452147993480096
0.021154758849269595,-0.07912008002805487,-0.0692241611042324
-0.08598453996162128,-0.0064573233635237155,0.041809561957204436
-0.026473478937196787,0.03579845023704528,-0.09366407626679436
-0.014772689605833568,0.08903048879761298,-0.09659311728962561
-0.07015363112953263,-0.04889087560417958,-0.03142535243478865
-0.0006995663029726491,0.028269674945331044,0.047535142915252016
0.058383382042691646,0.013053856081869028,-0.06813479738289892
-0.1109862806008287,0.002823530814359123,-0.07961399948858139
-0.056549946526298876,-0.005334458108576121,0.03462977667993724
-0.010607479287032302,0.04980652445534908,-0.004969081198767987
-0.024935693044776608,0.02589723984297235,0.03511970768688985
0.0036589643116943515,-0.021833048145730505,-0.057055450604205124
-0.010546064981666478,-0.041410324479095637,-0.014020024154504433
0.04488609162888799,-0.006764581855604869,-0.016338120112983714
0.02475767854718796,0.03102094617222842,-0.00909010711696792
0.01234505463272241,-0.0488006090917824,-0.023778169274370715
-0.0797113958106629,-0.04998318074074716,-0.09127167195901316
-0.09329278041588507,-0.04163034744693021,-0.0021878790302229598
-0.05223054136074389,-0.047163143024355536,0.04522860917811025
-0.031876843409933776,0.04554864191852083,-0.0013896721584147308
0.014920963531130049,0.03819837663010285,-0.11700834055822809
-0.08427807226101526,-0.050545260596296895,0.056859667691646576
0.028612280147737736,-0.07709234136933492,0.031161243232078077
-0.017816792443218567,-0.06786914711411357,-0.08052693167876461
-0.03646019952730095,-0.04443105201849756,0.00017394233688830876
-0.04748082235329924,-0.06101959475747411,-0.015678808847624775
-0.05998660150232406,0.031051893665142733,0.08662004208548016
0.03510862323011778,0.02051686661517151,-0.03867681151553334
-0.05020646915780294,-0.12547152871670722,-0.029856669083693464
-0.06049644539711786,-0.017264581662132836,-0.17320001390500325
-0.036500097199580334,-0.01401214523264778,-0.002655594580638833
-0.01219999045516617,0.009765705918153029,-0.09591844032812244
-0.06129309263293226,-0.052412490315146595,-0.0797692795614989
0.020190189839785384,-0.02583220349901394,-0.10578090530127714
-0.016285328966128946,-0.047504925078963915,-0.08792144663491727
-0.07496335282027201,0.015097419240736008,0.01231837225859271
-0.03860092213929771,-0.03756384556666924,-0.019406410399530824
-0.05619094923183113,0.0503663325746236,-0.09259551261143757
-0.010325322348101835,-0.01321606042835258,-0.00513130628093177
0.03697046985790972,-0.012461799789543301,-0.03452068316082073
-0.02364872881223386,-0.06699097963506781,-0.07023749762287038
0.09167468290532393,-0.06159319878772071,-0.06371511776689787
-0.017903374783732065,-0.018343774435359696,-0.009774071819170095
0.0395932121889046,-0.05617706185253166,0.056396390010746464
-0.019269771847602486,-0.04658293243523849,0.09747552258522985
0.01926837741484081,-0.07980493014193817,-0.02020998768669669
-0.08656817565106842,-0.0075400681173310585,-0.03155022201662859
0.07890809789909732,-0.030858457952954336,-0.0627648049072465
0.0029041210806864393,-0.021477356581301163,0.04491001175093847
-0.041406963553759814,0.014607021588557055,0.03781221687658364
0.015712748990455303,0.06373719069617209,-0.008922125205859109
0.016081698245010906,0.0382805176123109,-0.03485470137727363
-0.012305010148059708,0.03678647245299012,-0.031333559453946655
-0.04153298022312531,-0.01221902671132183,-0.025537678212665543
-0.013420765008566123,-0.05831397631116565,0.017549454044162006
-0.10767442351050939,-0.04172146180638728,-0.036761000715378925
-0.09146690441946821,-0.049544561502863946,0.0025316763771289774
-0.008689150447961841,-0.05523280304322632,0.01338585389898976
-0.06253820347384073,0.055310130712310446,-0.05445574060266631
-0.00404188128117508,0.003922077685308521,0.00634914108606234
-0.05773529996315727,0.016025054536407367,0.02153343015492657
0.009200250929180424,-0.0427044337000198,0.0366814686211461
-0.05328606670224555,-0.04622979941979422,0.003549968305331084
-0.04666524387109158,0.015161432076906317,0.034828950655399
-0.06198697266380679,0.0014074613276401672,-0.05626940660244974
0.02875237690016842,0.07828704290399306,-0.048665126786486004
0.04095022037095671,-0.018910410956574666,-0.09404279920314008
0.017378615553168015,-0.006374695873867851,-0.0416991754689605
-0.10626122772185381,0.00738896083474622,-0.08535936237859709
-0.04019007622796111,-0.0140054024414182,0.07308595182783315
-0.024489819845043975,-0.09722618830309401,-0.0539629367970324
-0.022929406409467612,-0.012116819656153268,-0.07434017893523762
-0.05917478110734685,0.014577620760149462,0.006284227605107001
0.007455659124300611,-0.06014471225811861,0.002467810550526809
-0.007365120824161081,-0.05457800739658772,-0.058662813434370194
-0.005480933849697651,-0.10997615906380744,0.06909817804242908
0.09012718875518833,0.03187650927554796,-0.020242878909960592
-0.007483911665474043,0.035818648972554434,0.04099737097798765
-0.10816780054300845,-0.09488559884570559,-0.03769603745492109
0.06359286994123789,0.041440721425700836,-0.026700047658583602
0.055299581992017774,-0.03398579697052581,-0.0013599538527848207
-0.010638240712788578,-0.02675931521911532,-0.00046281484148934585
0.024478778178353217,0.0509249614955604,0.023040892468080176
-0.020464495570172814,0.007637051410836428,-0.03175073561800028
0.06336692137838326,0.05143383423961838,-0.051843196459026505
0.007859328782201873,-0.023905370201590524,-0.01913845582224721
-0.016174567481383476,0.014928710729105309,0.02372794475854846
0.05763817268325578,-0.0025240584259075827,-0.03239250321086502
-0.032493509826187976,0.07690050782472403,-0.057827480919593006
-0.0319419002502625,-0.024862057864310727,-0.039473470195532656
-0.004921943454447766,0.018610401618999795,-0.07540800540429454
-0.041212520966706634,0.03448782461108889,-0.011348699109171995
-0.026344044231461142,0.053692376011704436,0.003565405488391883
-0.009580978240445324,-0.04141874843234743,-0.031531110063112995
0.011440214829738365,-0.05799282015541231,-0.054986362720796905
-0.06793668834682476,-0.04223530270780501,0.02760166539331354
-0.08292966021784713,0.026273243233658348,-0.01335909056297388
0.04153101339993575,-0.00046046440142219133,0.043117976812868934
-0.07515286318897305,-0.0461548592370356,-0.016027559677820984
-0.01454051024314184,0.05329567461941534,0.05258861057929462
-0.027180024264549598,-0.026749951804053467,-0.00257332614676559
0.07842749910852925,-0.01472493570960717,-0.12797258924779983
-0.0480910792647417,-0.01220911516985167,-0.0539320056272044
0.07323978407732543,-0.02349736102970038,0.09110481873474502
-0.09118309519003709,-0.041598065032840206,0.024960988073060977
0.042645121701946044,-0.063791918146727,-0.03830187333450576
-0.06139290426428333,0.0048761572679663,-0.01271209601277826
-0.05109090018877188,0.03930528864091018,0.026411684517972333
-0.016557143948167652,0.041768605915804814,-0.03595181221364782
-0.08659214083118173,0.006989038716584637,-0.0505200640489383
-0.06199057371330126,0.04271337815181219,-0.10774258244424337
0.05875458027903166,-0.020264985632312202,0.06038270643101509
0.0347383907948798,-0.040218668337857935,0.010074205220180425
0.0020302844761795505,0.06926401983175093,-0.047157436842486834
0.025877948836510043,0.09094547396401116,-0.0478321694674876
-0.04262276869467606,0.05631009377131027,0.02798077159910902
0.07338899008413588,-0.10117079443777309,0.08846769908030928
0.05753662618235298,-0.06096163746299,0.09188490632811977
0.10898385554536133,0.011478680115914276,0.05541408993970122
-0.009605428455429917,-0.01045573552677113,0.03720846353165933
0.08534035510592572,-0.007828018021066361,-0.01373464195069422
-0.0002685839699809365,0.0062607205840923014,0.048189285098199086
-0.08261338703925511,0.0022321751892359575,-0.028204471020224563
0.03239392955645553,-0.02574822565236109,-0.026075270915441127
-0.036815662606365124,-0.03269264047161677,0.045056177017498776
-0.006097925952077106,-0.03507249290173672,0.0012996756218641586
0.01575427484384914,0.03864594739297167,0.007213388102506392
-0.015454246988175222,0.08244229111557834,-0.0791002583391949
0.009494366740931157,-0.07276574242351998,-0.017911538418505044
0.01625678243644044,-0.07550416584679273,-0.02122772177927525
-0.06218940555738032,0.05664163310333917,-0.03137482106376993
-0.09327438360677807,0.08421427497759845,-0.1283103817422179
-0.07545809105812619,-0.005080856084328492,-0.059587260111012494
0.033871689342768345,-0.03710340618469916,-0.10261795734117372
-0.008141750814742433,-0.06216484438103058,-0.17170341782332063
0.07337820930874864,-0.054731393558903836,0.010907338138230374
0.03718770961425093,0.025307482655476544,0.006136345217478268
0.05450374380929731,-0.05613222057803556,0.01260211455079352
0.10084025788692033,-0.0329861588073212,-0.016925635663994583
-0.10613360048827898,0.06875190059583772,0.10130039202801504
-0.0007639035662236797,0.029143099347807247,0.058761135171294464
-0.001996541118940794,-0.024928610016018593,0.03172265039677216
0.12714547818489882,-0.09193419465687322,-0.028124377543169644
0.07944583867897421,0.0014801412356380845,0.0544867398049003
0.04361644084407168,0.053175646717240226,0.01725878527947837
-0.05700947509432483,-0.0623177133982553,-0.08050450000451109
0.05538536552426039,0.055692215370645684,-0.02685220786780772
0.09803097885628798,-0.002041510117308949,0.019876698492980408
0.029642590341787615,0.03504418368343321,0.02507060943457318
0.02009422142485265,-0.03558368613417114,0.004801386569687478
-0.006456605616726391,-0.0330128792352103,0.12913487248304073
-0.03164752881582303,-0.024539017964011672,0.04532320463087948
0.008138672073236871,0.1289374103938746,-0.034799488277047645
-0.006519767292129204,0.04207363678034986,-0.010847961237909643
0.0834007195929393,0.05350805031398821,-0.026099673733745356
0.014762695805903663,0.06392552350148048,-0.026730183134600752
-0.04698106841950697,0.0006266637050874966,0.027304366966207555
-0.03371717727053805,-0.03672704241666759,0.046662829312715495
-0.011941127575466995,0.041023906761651935,-0.0364565673391227
0.004798249585106584,-0.03799092696332344,-0.031070958873245527
0.03859125079988268,0.06735888286931487,0.0885360897252488
0.058497117482201155,0.006280085304613952,0.06992077535058702
0.08070587696119014,0.06490217382860598,0.041671208567048326
0.06582544378771113,-0.04736491257521812,0.06732340078066958
0.07669415219554236,0.0102704437394,-0.1196760918938848
0.08184951362050849,-0.06445160786872188,0.0010590182024812853
0.07203488683433037,0.03071647467740645,0.08283066411680437
-0.05293630109410193,-0.06097066615581997,0.014874637237001621
0.042790951806809516,-0.11925460318485201,-0.0199823546742604
-0.03263451695372677,-0.039239002160499054,0.01185871378769859
-0.042377802308902215,-0.011128788384320142,0.06038550153860999
0.0126075623330645,0.02303465486272355,0.018490884265758897
-0.019680601973435873,0.1287130302017378,0.04911494079921448
0.0842290215808347,0.002793712735969284,0.031180117531301035
0.04231147701106562,-0.006540044943186742,0.023579019806721738
-0.04945639534924674,-0.020534515018034424,-0.0014573650815099311
0.04050628279478383,0.014369471747137055,0.01566027546596991
0.03343324815533696,-0.009575325727293164,-0.07765663008906802
0.033822109179209046,0.024651567960194617,0.014769467071345384
-0.018467611073286302,-0.01723270287114515,0.1583262091598978
0.006975839532971501,-0.07834355869634348,0.03723484711747551
0.014549856135159285,0.024453416836479745,0.043899535262363724
0.042838428902308656,0.05777585926964003,-0.06013821859242209
0.06555706654973238,-0.014561565540976134,0.10098699596742217
0.017113235546455403,0.10605408693065012,-0.03865493397998858
-0.009596940194495224,0.051632140879386966,0.07789679363239391
0.1071551173325217,0.0485255878758776,-0.07874390142905441
-0.052252014422875234,-0.014846103178769415,-0.011035103033164313
0.024338562342262348,0.027830482822604582,0.04103970734077692
0.020326793309001775,0.06235762942140047,-0.0032395249684036252
-0.10448896582605652,0.03503931530055157,-0.002970016164373989
0.0356869424411207,0.007143634032968239,0.01813998189731391
0.04280500788599771,0.07715398467015458,0.056524313036274844
0.003425200583590665,0.08069714492107743,0.04975522179399023
0.034494613806711094,0.0378646711674,0.040408623588080284
0.04135663579325155,0.0038326198632979494,0.051050797386960556
-0.05944135088116484,0.009505526820377355,0.01034771764742078
-0.03605523998985514,-0.05725818651105091,-0.04875544037372746
0.07469737477208707,0.020597220691888046,-0.010606970639027796
0.03854374597118208,-0.00011929023287967147,0.016764273685125116
-0.02488351598766415,-0.023333466278852428,-0.03184118278360877
-0.11739254948129166,0.05888923516675204,0.031066198874093745
0.05667056335292028,-0.009206953508975116,-0.016977218658503518
0.03603280596234301,0.029605422261353966,0.03339937387779434
0.06528311234490906,0.015164681364860367,0.025516650186751845
-0.004840949211040252,0.030367721817510743,0.08081354084183359
-0.007856542976866374,0.013209789015405891,0.009758897770263751
0.03280458562812448,-0.0617942828509725,-0.01479301348798956
0.06364470656500335,0.08356602276206357,0.07142272662975266
0.04620198853636305,-0.0011517371875029506,0.05491889578831914
-0.04245227449263748,0.09622937591603037,0.0345195914200203
-0.006841872061655072,0.007540178396828828,0.02666890622493344
-0.0005455930687150168,0.02804280673028753,0.003041695040093051
-0.037777782812258506,-0.06083541433236771,-0.03422992454093675
-0.06350749037189844,-0.0695006702722515,0.02963468571284743
0.04526077348478019,0.07633826192936612,0.06514866948485144
0.004321579857334725,0.012344073737132238,0.0651015223930195
0.009291678535382028,-0.024250661576856687,-0.05795609883881759
-0.04736826806720514,0.03826640087429388,0.005144891310857772
0.04608411850894045,-0.060373094684904066,0.0510170908594971
-0.012596120339513447,0.03541606571474172,-0.003909366705189748
0.02433123589596959,-0.0003654203513903352,0.05602854823829764
0.07911936822857635,0.05571458196832209,0.04846831249057668
-0.0016607666480184524,-0.053185580675889556,-0.02191570953713976
0.00514732814136689,0.06076421914676053,-0.061506686027995375
-0.007397486285349086,0.013719249749018846,-0.008781115527847903
0.04582055022717739,0.03325156504465858,-0.0025658586951754943
-0.003873611596956948,-0.058989015209785715,0.09563189586164511
0.08740502471088578,-0.024470795779187288,0.0565707241146754
0.006927527882767558,0.026454626549446462,0.08496649416862269
0.12712089838709734,0.005608189188268508,-0.07440375433606602
0.051987212574051214,0.06721755922170691,0.04133013809196836
0.01812469711618058,-0.02381192522395859,0.008496237696565979
-0.018089326793992704,0.08211351219929214,0.013424223924358648
0.012870500043648585,0.0220269727058654,0.15462950760705357
-0.06660218815536707,0.05821583542749202,-0.02168554698159067
0.051097127486431984,0.08982062977605401,0.05288510079334483
0.018521608000458135,0.01821590650877967,-0.0434914181895579
0.06588232144610588,-0.08877969855577132,0.06966746097884707
0.09508685462498631,0.0340260327484985,0.07922108543004734
0.024160858788512755,-0.012822948498459018,0.09351484863222617
0.021472948397218864,0.007896897235248604,-0.021395357428532758
-0.019480818365130808,0.07870032318690573,0.03173638167551897
0.06919231198983074,0.10925072895279694,0.01877150450868537
-0.009009077938770406,0.08374063042714469,0.05335496275929987
0.098890100750764,0.003783350309474078,0.0021634956052516384
0.03729900399068581,0.0012305066030618393,0.07328988273310828
0.010762481164143701,0.054161753152591266,-0.016207444649574857
-0.0026066660671518957,-0.050542341518253465,-0.009179739457367518
0.08810175740235099,0.07460024896403505,-0.09440737431773003
-0.005718861015002023,0.0763442356348551,-0.013044387906674917
-0.026440627641261157,0.0022008731650431483,0.026745385181990808
0.031733843893037655,0.05180683684251971,0.007628516113991816
0.04208289305389984,0.007954555367968637,0.03717921038919651
-0.02016875348905515,0.05201158526434378,0.02764255536463919
0.01575448415119534,0.06592180834254792,0.007590904871095351
0.014360205546881803,0.018986809505108677,0.043641992833410116
0.026406801771184093,0.04097280267331933,0.026350570818682334
0.020741901769299693,0.10620749233242674,0.07369247748096538
0.024597009112221284,-0.00938132228533016,0.01718840308832216
-0.0163966781448525,-0.023443833449400164,0.003174460208597251
-0.04477228062481192,0.022602653087812116,-0.004053868785679052
0.06264664746073184,0.0217954642889697,0.07221142856745642
-0.02348107759736616,-0.03322075369479595,0.06385973412693836
-0.04732021657391014,-0.050549595753457424,0.038783437159645544
-0.025627720156864674,0.015835504154881174,0.012201749791422228
0.07404128373674952,-0.0658458761990228,0.029827698725362235
-0.002218430704119697,-0.05647804250674311,0.015192822010244387
-0.008788647157521428,0.057046818817203124,-0.032311599703834175
-0.06985049112619122,0.10013671315195347,0.10143417343733133
0.0004319529699034451,0.0005897339754370855,0.07921136904237472
-0.02855268638221469,-0.07006703001814847,0.023815671486035507
-0.0390012460092064,0.0488411921921663,0.07477116277877471
0.05708888637454047,0.011714211490288185,0.006207639170967864
0.07173362812245485,-0.004680366538466119,0.01410382258801038
0.05586856887419614,0.06033170577805566,0.07846537070782755
0.015336189677390638,0.07566711227507208,-0.0054177278542243065
0.005414275019686922,0.05604543029253001,-0.06512244239210221
0.03193431281761991,0.06312579184660985,-0.015473159149756738
-0.023241386875196043,-0.02654066522887718,1.782921916988929e-05
-0.08183704215537643,0.14066140968343532,0.00716612721270408
0.04671022124170514,0.006611351022998223,-0.023474896001594553
0.07504763428104726,0.08645839851724221,-0.027799167540734054
0.009774506606991437,-0.09423604781561877,-0.0011266964214916662
0.05271660891945036,-0.10436306169680544,-0.027288111006840646
-0.035980344079491876,0.060091466075418654,-0.04992362308001145
-0.032446957457619725,-0.005189070172659002,-0.02075301323257797
-0.002280365078177242,-0.15712006823541505,-0.012222574004398143
0.009599067075920667,0.09541826604985049,-0.007533673258800715
0.013981416866573095,0.022921360846923207,0.016796496867473212
-0.002819508907533415,-0.024498881088340037,0.08443820161002777
-0.0034487205790765477,0.018183259597367822,0.013109114753924865
0.048903712908329955,-0.004139771804237077,0.1150822468691123
0.04521334120883168,0.02585569543618107,-0.04513364347050855
-0.04403865501193138,-0.05784621407510753,0.011972487254341612
0.09200547473623663,0.005453368840108364,0.009415511425451027
-0.04647090198574315,-0.005267219787501807,-0.06363583578944222
-0.009423857559918966,-0.05196559840062406,0.04353051505925548
-0.041294141350529445,0.05960878986171393,0.04845987967745438
-0.06585668662462368,0.057053206540774115,0.04414837109408688
-0.04320633649203427,-0.058210607388025644,0.11356975772678014
-0.02338675782643559,9.394388226361197e-05,-0.019689710804716386
0.02701984848831348,-0.09096863805947107,-0.0438989699331309
-0.0402372225165034,0.02511907679821681,-0.02046349034195941
0.039627468289629854,-0.04765359050003814,-0.038943844148742655
0.030922505133258366,0.057979912106497944,-0.011630348362502978
-0.02176368106850944,0.09616412364421555,-0.047807645925040665
-0.053590721398828256,0.10016265036004204,-0.03822570752624611
0.023511705966136748,-0.05777999575382464,-0.04347016785538986
-0.03537082550155099,0.05741927289161151,0.0074212810391316875
-0.00904902360511041,-0.004772102396153835,-0.04935416579881974
0.060809936729231344,-0.05487231048885445,0.034065211185210706
-0.053695714879833295,-0.024756164607814577,0.020050964972427157
0.05023619926308447,-0.0255812369601408,-0.009733767770885141
-0.020991268064544846,0.03507485215827906,-0.017888282564124017
-0.08007641071533382,0.06533127751325842,0.10355859949825243
-0.006872696864469596,0.010970698548533523,-0.033707691891454186
-0.07197693680690041,-0.007276076852386395,-0.022542981186552995
0.05851288949559709,0.042509501502780135,-0.08219246928273478
-0.028148395172673944,-0.014595813858313305,0.01598662255289719
-0.048262375500177715,0.006473375132304862,-0.012632066814618597
-0.012367619745367636,0.0006431491844409506,-0.012571324250100303
-0.010314760284930396,0.025912905320153213,-0.041310667347121174
0.06532275565138265,0.01914896562983782,0.003990517161323507
-0.09054593359343252,0.04549347047148297,-0.025953935160273958
0.06303690829373647,-0.03442965394049684,0.0385231911409044
-0.011519724699545906,-0.027812667294823658,0.04956252937909279
-0.05328800452452746,0.01950297031757966,0.0542585576101865
-0.10137532874802326,0.07970547309199069,-0.07490796644519833
-0.02910013247347532,0.016958242948885142,-0.017920946925534153
0.06579276403765644,-0.030631579207666064,-0.012206662800100444
-0.0007266489732415955,-0.020978280248375693,-0.020112700308595275
-0.03577680838232154,-0.11245800393632038,0.028446973336998523
0.0006238699947324015,-0.09277326153061201,0.07374509561269395
0.01941928349446973,-0.0102359663413229,0.00910389477344806
-0.08539123933636551,0.006467770055850124,-0.10055023024782259
-0.029234184124666048,-0.06097872085405068,-0.054168631643428666
-0.012989820037638714,0.0052981196648289154,-0.1342987908073509
0.03266148052333287,0.03147671639206928,-0.05405132304225619
0.06424304199502723,0.008950756214806472,0.02346461369058936
0.04930361376389501,0.0019295007315656958,0.001560759494910682
-0.059858330383967505,-0.032530336920264205,-0.026911440247057647
0.08574170636664709,-0.032361096295016836,-0.02744849716992843
-0.0023997444633728554,0.028981874735315858,-0.003037110848238024
0.06512994167202547,0.04657812214604041,0.041284057148395725
-0.08648450035397248,-0.08625983106729802,0.07239582274651087
0.003088427733872105,0.0416814216248761,-0.030098404089055328
-0.040944721240795526,-0.01768468426150952,-0.028112169183102755
-0.0017167022142251156,-0.033844799975489566,0.04103195394649334
-0.019625241703863885,0.03011551766884408,-0.058446227627866026
-0.002801206983374398,0.04933726940911197,0.06432046567066409
0.1494830996862695,-0.049142914497107185,-0.09030424253470938
-0.031268224258984,-0.00532154572128729,0.00032855646340701136
0.018065038228553435,-0.033901497298554566,-0.02619097239396809
0.02877497418551147,-0.04712485837726102,-0.03964391339224204
0.018076604658824026,0.043542090294170166,-0.020963464899423342
0.024507088915443023,-0.035382002571057856,0.013161971858665994
-0.016727921559016437,0.1034311250729859,-0.016700773136686085
-0.04837148425065496,0.024515951035262787,-0.034007422661860257
0.030644191836719403,0.005974478206827002,0.07252661897267451
-0.04938175124462119,0.04871177625445894,-0.0416286327111233
0.09433240285614057,-0.0570533000706754,-0.06490877683455412
0.02907357528629878,-0.0007231675509973539,0.08975818906200914
-0.048076353192801624,-0.08108421882621826,0.05458828838514293
-0.09121934232296187,0.046000443498159696,0.03944193750926497
0.011592192686774692,0.0033912393218201824,-0.06823278303965741
-0.10016771096428292,0.020331444590198713,-0.057374875694885974
-0.058672577133220175,0.10575549696552114,0.003263998379481131
0.0023541310129973573,0.06736682470332789,-0.04077997999781772
0.027087456652942717,-0.06367004949199363,-0.06358277238865717
0.01734104276148988,-0.05243427605297272,-0.025447210490921683
-0.0998081569206807,-0.01819196763012474,-0.04349223960921081
-0.039592312580182795,0.035996993488555194,-0.041246726836818653
-0.06892992511389136,0.06367221553436817,-0.03628227928645522
-0.009885379328478047,-0.020926211357344633,-0.005163727326302794
0.08092459488771954,0.019395202677204793,-0.00991819586032354
-0.05453599414071527,0.03868447949258712,0.04761783101483682
-0.0482049590060144,-0.002238572603063602,-0.10426771325334895
0.0335531740984389,0.06811350423815858,0.018448950728726543
-0.0018314689543556459,-0.10108400459374488,0.04935220357620652
-0.06913977090459136,-0.04761081717020669,0.06731620930522536
-0.0037211210761050172,0.04300183988818734,-0.03837737119164008
0.00700241558492495,-0.042609577144674116,0.05079255935056751
-0.014514892289873488,0.05404278734667935,0.009097565149854436
0.019271667364699114,-0.05943889906590437,-0.08343924257262583
-0.04714635196790661,-0.1495143287616163,-0.06954119729121301
0.0054748001376930915,-0.10423174106946569,0.03503205051794338
-0.07358086790762522,0.0004207889863472071,0.00521748323004087
0.041407058176181344,-0.03914355173230938,-0.028974317146073347
0.06998248446871635,-0.0032064601181430556,-0.056226813826771624
-0.06040517216324078,-0.06364647403179118,-0.04332244746447178
0.017080244957612654,0.0268769820171449,-0.04672707659510114
-0.01232478403115057,0.026333744892908007,0.008342247892109769
-0.0026407526369418063,-0.0727087413832208,-0.10251230868771893
-0.01138878034751346,-0.044177310273535726,0.05393639665980658
0.09697764003243133,-0.04870455911562418,0.0738274684706548
0.04251985378858367,0.10999265114951601,-0.06950116372052072
-0.05664678044728053,-0.044298923165345255,0.008315524872051845
0.021162181964691,-0.009438994565086702,-0.10632347644156617
-0.08784021311676102,0.015867676016279614,-0.03584473089034706
-0.1471597762296893,-0.0697865362427504,-0.0336967973861913
0.01278583494769862,-0.02242385715637313,-0.03223125008419442
-0.08583783868326719,-0.10005997330820832,0.034083063298787214
-0.025721330679810868,-0.0029365858913396707,-0.0179928668613661
-0.07434570046918082,-0.021401030189122355,-0.04798969841120353
0.03823617359160046,-0.03668035168364352,0.007552680632234712
-0.019191605206554607,0.011111187010845541,-0.03163104561906547
0.027305617087797603,-0.008480752673929915,-0.04800084207001794
0.019542186769298434,0.017032347348048524,-0.005377515498655698
-0.018983931587445206,-0.07313700601411828,-0.06324818692881708
-0.061665995533564416,0.0006934493714310722,-0.0016802506043036222
0.04469308042548645,-0.001800562329374887,-0.06153224706690888
-0.0028900660435737073,-0.02524353962143517,-0.00796516562763304
0.04576240560640921,-0.05032604961652379,-0.023902983139017946
0.014830061668673379,-0.030052147592089726,-0.13316143791511603
-0.037002486479426756,-0.01541073690306631,-0.09394075955390141
-0.024622460664644824,-0.052426780679856844,0.036862821723709166
0.026738192233384393,-0.0596861658007735,-0.0034796723826459285
-0.057632141375852576,0.044750319372903455,-0.04456337049504015
-0.08876581380973571,-0.0846230418104698,0.016838771471432805
-0.06831702798063621,-0.052714185243773644,0.04045267029880312
-0.05015632071781304,0.023357578003745008,0.006012962458658129
-0.014829726946972946,-0.0021102456594739097,-0.05543951309436325
-0.01813953333466292,-0.04696233375742815,-0.05100558367226093
-0.09177555937596178,-0.08049747003651521,-0.06924076677819126
0.09992009613000588,-0.054869481174729076,-0.03866211037652971
-0.006633419047344758,0.06805587573262213,0.016073665291253775
0.03539004053694264,0.0953601450492528,0.02639039076885109
-0.011753868205484954,-0.05467699059850188,-0.024047486209077484
-0.04791873710104472,-0.08816241356686783,-0.042317350122665603
0.03383977606861206,0.03166534572781145,0.04887310160103107
-0.10572095347553738,-0.014556826040718014,-0.08213131447960303
-0.024551676597302268,-0.011352706802299292,-0.016992488700452616
0.10774786532449784,0.07040698620421904,-0.04679977273642706
0.027325971050192646,0.026407491513662146,-0.034431826670062005
-0.06872874841837039,-0.005050887067367766,-0.07318757549803201
0.03799919265822571,-0.016501918007565432,-0.05114788464877964
-0.005885637866076673,-0.020582355535642353,-0.026712426011194636
-0.014344915236426389,-0.04156171813747868,-0.005642715297144425
0.004982181050223081,0.027564188280708665,-0.06794274966757553
0.08033540451026405,-0.05012708991101618,-0.010043695968039881
-0.04211990160639098,0.006427130544345135,0.04734752873782968
-0.008980898829573812,0.012456308008357047,-0.06970732317911568
0.09122870138898274,-0.0754981323183542,-0.06314822761454816
0.03705626698789856,0.03913408645011142,-0.08227826983698296
0.06311236192939554,-0.04678015266420111,-0.03321952921734524
-0.0099084275776947,0.03419370537018,0.09709873318707582
-0.06401594631937943,0.06835883767767226,-0.016303652529907477
-0.10074169505371447,-0.05942040816803755,-0.04358997678421219
0.01288348036199614,-0.0028016111158357775,-0.04823544967380561
0.026969174334251663,0.09393874692032196,-0.038154608669864365
-0.034845903456757026,0.0009183129116708232,0.04688566022821693
-0.11067004971402658,0.06804245906047643,-0.008052184053755261
0.008885674470191167,-0.05659233580001786,-0.1011350067536787
-0.11654932708563646,-0.018987646559023692,-0.07762167780377655
-0.06008538485585916,-0.07154334092701961,-0.012075751950595268
-0.003260634160305323,-0.024598597326067922,-0.13400899441067837
-0.0544308001067981,0.045480438710714916,0.008017052344425565
-0.010713000777648423,-0.03666659030197257,0.0017608592611606036
0.022950704728302903,0.06659640411248766,-0.07091444923204787
-0.0730356839471604,-0.023408529694505555,0.05514066918526239
0.009137745162016587,-0.11150346391055652,-0.013049411043079233
0.11622703753130312,-0.08049126590193754,-0.05948951760808596
-0.04317513465980069,-0.022380180819211767,0.030541044142668363
0.0561410991781168,0.007235263278422981,-0.007116278248303971
-0.04053989334098022,-0.01981659326387159,0.08985361196542019
0.041858951090010255,0.0024973250985365417,-0.0018204626152931568
-0.03903351270170404,-0.001375755630837465,0.05608103513392411
0.05092128274007251,0.020958904720567606,-0.040495560669967956
0.0235894898433301,-0.05848694976709898,-0.008179214200295902
-0.009625392106960872,-0.11971327924107639,-0.0513352961001408
0.030824806772204824,0.034117576758801456,-0.057902528388997634
0.028882567594032314,0.01976571198412644,-0.04628555425114727
0.054156340832951747,-0.010619895628315914,-0.020849278564476915
-0.11027282871165732,-0.03262768129780644,-0.01255922834809452
-0.05357079792883203,0.014458017022029947,-0.07725766475963454
-0.051301826592439856,-0.06192197073953484,-0.04644942732942977
0.042133084194676124,0.03675161433875874,-0.039888191553606636
0.02461547291391005,0.004247116092758489,-0.014843493055264159
-0.07839757402150706,-0.03619531691165687,-0.07965337605925944
0.04823560661480371,-0.04629952685495072,0.06702830818438552
-0.022168725769183665,0.04706651910913743,-0.03427141414924933
0.08465649711484075,-0.05336083602386332,-0.03776883250986337
0.022255598418734132,-0.022201677648520837,-0.10660199663473048
-0.06901461427669899,0.0028073626245106193,-0.06613908220031384
0.02928018415500911,0.019284312673386032,0.046082705346433106
-0.028761556729308996,-0.036077103835061346,0.030858803696288892
-0.0026213592010767284,-0.061922180898172946,-0.02209745969018905
0.011481732440782958,0.002340209742150408,-0.027405440068918506
-0.029836600014065583,-0.030337098300530954,-0.046863375288561604
0.03922426609948439,-0.05330393360838632,-0.06525737769010664
0.02111901852761643,-0.09312852531037254,-0.05695543840087869
-0.005983593139575088,0.07828779965322545,0.11017632624648922
-0.048898214514949585,0.03885784432031827,-0.021880858323809406
0.013120860086821501,-0.023976897389014637,0.03616875852547158
0.009384161515595131,0.09054794621767225,-0.11961170256902032
-0.046831593490016435,0.032577064302078185,0.0073319862254829
-0.05487359352768246,-0.0010941938675795172,-0.030553412352058155
0.0262886887241056,0.09760969319803074,0.027562982681138902
0.02499008477870302,0.04677713722309738,-0.06612064389245487
0.014693572281498219,-0.011917536236826176,0.017832106452878808
-0.013881727951147133,-0.03336086351130251,0.030095072552080895
-0.05402529459688571,0.026526507160206807,0.05345323818156339
-0.07809154288280361,-0.05784155664686511,0.05874425084635049
0.03177145717052863,-0.03855270943074064,-0.010382474934194084
0.04642653012931338,0.07587930087530095,-0.01690696708986924
-0.10562940545799555,0.02540188413488858,-0.045570246209393435
0.0017730936188738713,0.0356911030755153,0.05567373349801847
-0.1199303778712418,-0.07148950938110273,-0.010385426504027717
-0.01347425166038111,-0.051195960244690426,-0.008451148729145245
0.059056088973644665,-0.008235759344175538,0.02865867541902784
-0.015670073676279657,0.03317991399177686,0.027942614449098416
-0.021308129874959843,-0.046169765871545865,0.07945082937248511
-0.04799851301356119,-0.017261992761395235,-0.009602379331518404
-0.0986837412334163,-0.03981196128512409,0.03548216113998731
0.04186169153914526,-0.006631277304490181,0.06499547388658287
-0.06399173552131646,-0.008555943670134224,-0.0654956143171917
-0.007942233249664659,-0.01873782285344257,-0.09423832399251675
-0.009209568326832007,0.06968690880351565,-0.030622622806691712
-0.056550169939765416,-0.013503351498181092,0.053228198902770196
0.012622377898618605,0.04641969395400313,-0.008813055534456648
0.012452409772887042,-0.041895580532572224,-0.014320617610431288
0.03547657649137279,-0.01443789709705822,-0.04231044721896199
-0.02725804005778754,0.03824429976132805,0.06421421443470503
0.0195486308035365,0.010519294159847741,0.01987489278111166
0.028463652545953098,0.025575340326697612,-0.020379275854018213
-0.0196971936390385,0.012487145826112865,-0.06494090607413906
-0.009069644346647391,-0.05049004950504809,-0.04853391584283299
-0.0008646880183206679,0.039630555016876075,-0.06644738909641609
-0.009874677293042042,-0.007932686904078603,0.004826617490744258
-0.06052974286802329,0.06123332355312618,0.0005588437934376971
0.040307112503754586,0.07365526557076825,0.10881402879756909
-0.01119870178687074,0.04007803879215178,0.0652559378791256
0.01482044141559012,0.005843951114741843,-0.031167986119889312
-0.028286120990889927,-0.027546185178654526,0.038270530197492075
0.013584989666853009,-0.06075426250207147,-0.10799020644448648
0.04162627949646642,-0.033717335578631956,-0.07512392152945596
0.062492189375175644,-0.020556317524160695,-0.03177268852275204
-0.008834188678447362,-0.02440866000341259,0.02613675063607157
-0.014632049825960863,0.0509674665997555,0.0024044405246420697
0.09608980669720733,-0.0834566987173258,-0.00718198704512571
-0.061839153717470736,0.052813778361813786,-0.04892626950905608
0.037346927409706215,0.036851055434277954,0.05912364975003079
0.05434162014177455,0.055070931502601825,0.1054720849654959
0.015060594252391417,0.04611910335052944,0.07529560582512487
-0.07893026701238802,0.006181056522284949,-0.011953782335397633
-0.054207280373119004,0.015188215680435168,-0.011315750197941763
0.13986328460758565,-0.07380580916500781,-0.05319668625357536
0.13076856607942966,0.01884765372349057,-0.010705842161429863
-0.02744511062011601,-0.09323000835928599,0.13788265862733723
-0.07646284757705073,0.001372856388606002,-0.021038517061214044
-0.0194150946802052,-0.09573714065378196,-0.00307024903924432
-0.04277786733062473,-0.012701331357305532,0.0028792318298936238
-0.04461038845984363,0.05159507542655606,-0.048176146754889626
0.053048046062855084,0.017841612258630464,0.06214158818115984
-0.01955557857362998,-0.03052102988196627,-0.008060548779016685
0.03722937874881867,-0.016170227065171374,0.030205267064803407
0.08252782704598559,0.030092143341243383,-0.05628554323473439
-0.023364585042345103,-0.03207028433495249,-0.04854778663104427
0.005162240264456748,0.06829910729093923,0.03401010974559997
0.087979142715394,0.055076837844142086,0.010360118897806362
-0.04113292294141828,0.07274137891437314,0.10402557702511231
-0.04037863481318239,0.0587167056334457,-0.041253414875370355
-0.08693941299527676,-0.018419964513216452,0.042448288860773356
0.03784699071884136,0.025819127148535057,0.03995743679432343
-0.04265188054988092,0.10322157375116565,0.058972262621376705
-0.045001752778715175,0.021632181030176716,0.009747699934144847
-0.004195884759788677,0.022984086950830367,-0.013186162067028911
0.007562913608512635,-0.03515934721917467,0.08541138628905391
-0.020589877459013462,0.1159492338318799,-0.012779981793631063
0.08348761424030539,0.04353864865834598,-0.010028657807339062
0.062129517177714595,-0.004307029083937684,-0.028919034995995227
0.056984120390599496,0.11948118902916643,0.03325260291499242
0.059073546597337545,0.07566506514488486,-0.06555682363666372
0.10996435666672022,-0.040535787820555266,0.05241291188144998
0.0364814600687691,0.08391422365181815,-0.023396508419740326
-0.007452680873549833,-0.021680088832300395,0.046202523970727334
-0.030899239761184003,0.07807157170421021,0.01463477474806603
-0.03669703898849032,-0.0013292946017388237,0.0012611587696337977
-0.04069367297765236,0.013677129385967364,-0.05240471200281777
0.023127624834427773,-0.02123097417199515,-0.06954075393575544
-0.008146765085895048,0.10185515165675176,0.06980807645534988
0.055726183174013066,0.08285762553793746,0.020972725067161253
0.12227272848125771,-0.009187300762310086,0.02978977813115598
0.0829452245557219,0.022446760462425094,0.009393175196119534
0.0010831215333681546,0.027454852380257747,0.08301251941663239
-0.0007835944025203177,0.035228868349101175,0.051034323585819046
-0.013113500767977352,0.05264953782463742,0.08064248549900595
0.020093915858570264,0.08888196129504775,-0.02636199193871199
-0.025155330736824993,0.11075542719408345,0.07917083159808887
-0.036581893181143015,0.02350452506241009,0.050291083474307295
-0.04516021373870854,0.047874365425030554,0.11635551617626094
0.02607333049533073,0.059243628142319524,-0.04364550427771767
0.03857040795218754,0.044206486681823476,0.11952585566773391
0.05997247667286029,-0.02672754438665081,0.03155297121174644
0.07138180611802764,0.009861503535857359,0.055751392182145976
0.07424689273114199,-0.10731316374085716,0.06646088728244398
-0.05432289820421209,-0.04729249787068405,-0.054422835591473394
0.05251961932867333,-0.022059202698827125,0.009944135920813866
0.09911169091189814,0.056934744833338526,-0.015349046129353686
0.08019880749443528,0.05706608082171151,0.05094412995383971
0.13813838834158576,-0.0007680521961701235,0.03074549011715804
0.028055786679828172,0.08778292813954641,-0.03208553711441552
0.001572253090963923,0.025834891164520105,0.07979701466697367
0.03220680538648159,0.038585112484766315,0.048747209344759
0.026993245759584762,0.13556829196292214,0.07918513542942444
0.1319890197915367,0.04884603571785458,-0.0379095997792859
0.09893206757264203,-0.009819956975986668,-0.0318096179121624
-0.0005979424079815554,-0.04464323013759933,-0.002332645900274131
0.05692946166108101,-0.011539093036306507,-0.012097057057001998
-0.03168336161702019,0.03264183601922232,0.031339998930386685
0.02157150163332736,-0.020599967378788726,-0.08460509688629128
0.011422974846635186,-0.022255994015315857,0.07184242142976675
0.045494811275205424,0.057035693255528985,0.027562336839147744
-0.004827646914924381,0.061505344452312455,0.017101714368891623
-0.020646976335300934,-0.01455997163968258,0.016805688605422125
-0.04150750132445031,-0.014220046394727702,0.05656065830035339
-0.031201884318513992,0.08300335521985858,0.017571082066031373
0.08399904771676328,0.06087439569865148,0.008489797994829754
-0.08321945116883517,0.009493160748316642,-0.003318726355615649
0.054634178567451244,-0.026947854159446043,0.06422469017630371
0.008032778088350756,0.0937060650535722,0.05625156620842904
0.04195290193475329,0.10851191690108884,-0.05409607370124188
-0.002253717125008485,0.06950159432830258,-0.015063057150006089
-0.02689112777069848,-0.06535644990869623,0.10636255066169448
-0.024864363530130586,0.008742522350987995,0.007093818976763717
0.01046990706951332,-0.04603298773823987,-0.004814053522442421
0.03842033684748927,0.10791939254172382,0.04912797285484062
0.008825533850412008,-0.020531487933819086,0.006979170963978902
0.14336624974169251,0.00015017210009478713,-0.02160068248860807
-0.059760420961271724,0.030466820355402064,0.05220470407262621
0.012669212257376522,0.00977951991419891,-0.06968258069479688
0.02976374331476778,0.076635712591389,0.09734964518467226
0.007228780730768835,-0.015019638023098532,0.13204990773682446
0.015397547802940078,-0.020124020852200955,0.017218131924035485
0.03743321450122798,0.056044551904472724,0.05989269156732409
0.049946786719934355,0.09904727420223139,0.10500492930672459
-0.009946505155041842,0.04952458385947771,-0.013656509314657873
-0.0025786545393926483,0.033387999281095176,-0.014917726505844973
0.05102464851189881,0.09562007022752786,0.051241930701478755
0.03905818225067731,0.04101005871746932,-0.003457282214504337
-0.009572164217947782,-0.06558209309133459,0.034939906835925696
0.07894095197709393,-0.06696318481142077,0.015632810095704892
-0.013290212547566595,-0.03075051779688386,0.04520449168254055
-0.0012345041679809113,0.06090603149616394,-0.04156830996145115
0.02519198322518195,0.029857725233781607,0.09473137764108988
0.07255559077235693,-0.007753126179789502,-0.020487187069525865
-0.08081618448144304,0.07789693705355022,0.0460392589083852
0.030594862964482314,-0.023942615171180216,-0.10220429877275708
0.05544739464574983,0.009554240424570275,-0.003168587175585564
0.1461960357566407,-0.02441815718844651,0.11000951202873901
0.02575306568597558,0.024391310829984837,0.02659409435982569
-0.00996040666434108,-0.07123249768799411,0.023507849795530472
-0.01778475493869496,-0.014529167535038297,0.05420959529716163
0.1571302615105891,0.026849077400745568,0.003921779359683823
-0.028971546557703686,-0.04058592952646359,0.03291725711240523
-0.0006172472330706023,0.041745597810800686,0.038035480639681776
0.027768619290241173,0.0862484468494413,-0.024203903689636423
0.053403493019291245,-0.022795878455795088,0.0015460183574108576
-0.0778617845707273,-0.008330935383650272,0.11834585417888736
0.03517701446141864,-0.0051395861379123255,0.0681282109285899
0.08402839224110223,0.012010939738022804,-0.022205339767047236
-0.06411869156866726,0.11015026290524732,0.0317011168218049
0.03673647467978572,-0.008413205128699777,-0.018901171613103878
0.027427809511544783,0.04880423824790552,-0.008997186743885444
0.058086479791884416,-0.002802989282119448,0.018980612422825525
0.03843629920611412,0.011518046805294311,-0.016774539831108003
0.03206675811427726,0.0332546502759966,-0.005293761879926204
-0.04317656395051292,-0.04864632847241704,-0.0149592548698881
-0.003325378280452736,0.03346767133344838,0.031172675523976727
0.06381076197315588,-0.055459931952869204,0.011754480645180884
-0.0558978459149943,-0.0581381580762752,0.11694037135569199
-0.056020744197956,-0.06540050824970756,-0.050118540735000126
0.03474701186912969,-0.009805922409737808,0.014076181322643584
0.06569203343740615,-0.032842647885775636,0.0714147017776565
0.025166780153178952,0.028883050515246887,0.004208895178598283
0.07513668613106345,0.07788351724424916,-0.002888599964433719
-0.040177495637604914,0.014190917255491882,0.013056896526502593
-0.05318382461852003,-0.004473922691013614,-0.07799060940174765
0.027687880437679554,0.043927141304480485,0.17907684930227863
-0.0472230090642067,-0.01512611455048878,0.04729816907069459
0.017103175970981505,0.0025277624333538643,-0.06033575709733726
0.001447938454465468,0.053162661423057644,0.009671198600714087
0.04910861394678878,0.0309001584170846,-0.06366276948161459
0.02759725589441581,0.02151277371993929,-0.012166108205464512
0.13435976056105572,-0.0315844786863299,-0.07538464820689597
0.0092427069851444,-0.0115337817118119,0.03207553610534291
-0.06865008612635995,0.02567711210304497,-0.0032652466795874604
-0.0566566372687483,0.06973217150127228,0.0013268742940736756
-0.02962358903214999,-0.10192872887416787,0.026170923565410915
0.1154528668293003,0.10246845154459412,0.019535983153032156
-0.1049712717743869,0.08954838333591443,-0.0642360080585322
0.021970741238426794,-0.003903749035025191,-0.014550404904320947
-0.08243246265501206,0.010814991277042278,-0.011063956432539768
-0.05192878559197344,0.10649595729460751,-0.04392860406211605
0.04512900115949605,0.08095912766496882,0.010345537419230326
-0.014722092798005718,-0.01976491931654019,-0.03897206811311768
0.0300023845345112,-0.018682185224366005,-0.027974944095472472
0.01725369500663613,-0.0320566328437792,-0.10280789454816056
0.022450875479829303,-0.029065193635683113,-0.0019045065503117773
0.052648632763458006,0.02908170173597506,0.11036096408832123
0.06063002288692186,0.03287258323782355,-0.03348092509929911
0.07114644662778662,0.08156672046361284,-0.05491839051047963
0.034915861961177956,0.03142797660319191,0.000479269670289593
-0.01626383797810945,0.05257536966958457,-0.03635788852508097
-0.008762249212456785,0.0051935140771253475,-0.019080651839102757
0.0378831312562097,-0.028355733585055238,0.08828440428667703
0.05115717746835373,0.06037298800404156,0.01866456326672814
-0.00823895198822449,-0.046662331560553424,-0.06098680010344539
0.0574369148195359,0.07823605879675882,0.011733142335231237
-0.0765297504743226,0.021850617238141707,-0.04483724260150982
0.062055859656833065,0.00014814743625935715,0.009222953753722118
-0.013834086735214517,-0.010221515032572334,-0.05203591102571538
0.017631120696922367,-0.038799698053763265,-0.035172850724144694
-0.051132803155655944,-0.02108305941384067,-0.13213941170555155
0.005191386682298986,0.05143411930382333,0.04383995817028108
0.06360733493211834,-0.08646814805656375,0.07529979364687404
0.08645539103982354,-0.00295339699335054,-0.08048434863148317
0.05369969537214627,-0.06744061838559269,-0.014125699572845703
-0.0631257971952792,0.07637934193758024,-0.034124455100559954
0.06084068282784803,0.03498623155491033,-0.016205039111278616
0.018464078912396424,-0.07101044992989927,-0.03291991723874056
-0.03217160832148203,-0.026559691541444972,-0.01764807747564392
0.03250093261883894,0.04014955700058994,-0.04578630779279366
0.025861045738740603,0.01899554974218356,-0.07618163243781036
0.003285292745536659,0.036808356652039194,-0.09229732575201918
-0.048243865325496384,0.05424856300566946,0.07295674941524966
0.030817876426394275,0.03432172664721281,-0.08953566485286985
0.009357523890983214,0.015264643595772842,0.004089704793194282
-0.06526775342024059,0.05494700511140606,-0.03690010110855633
0.0039009503619277398,-0.08861536292375127,-0.010337032572194111
0.11554058686013395,0.020542812844614917,0.017799406710335138
0.00320216271875221,-0.09198902985672937,0.061638255736189425
0.008488636365784261,0.11060840183554485,-0.009122748043049385
0.05295785256203329,0.00885041551652061,0.019812585883777163
0.05967113301585719,0.08082779760060943,0.06062567811946991
-0.0793308417237884,0.01815693517851251,-0.04877582037454447
0.060669215766656896,0.008414615833934325,-0.0198615707945774
-0.07278448448841707,0.040473744938377,0.059631418705865274
0.013342369204617165,0.01942261960139703,0.01067534286951812
-0.18718751531648692,-0.06506875993827282,0.03313924002103456
-0.05079454864057122,0.0024382125687207558,-0.012508013900155051
-0.008801077691474986,0.02086409493359912,-0.015807732066841707
0.05401259984820375,0.017300301311993265,0.018036142275846278
0.08379612632057258,-0.03057607903024355,0.0033293313257814596
0.004677917141339592,0.04727168003980264,0.051539686176700766
-0.051024462145132746,-0.019254958446813325,0.054592599938204964
0.009963433642911499,0.029847517613181145,-0.05296112908706353
0.06824103249956137,0.03280740546374573,-0.0158491124355114
-0.018303593677149326,-0.011368450430979213,-0.05084015774650701
0.035692009266867594,-0.01963983718463574,0.009725686498563209
-0.06783498655011372,0.08503552833854186,0.03804895687023536
-0.10662022138238725,-0.06519547512041651,-0.01696832929610908
0.03816478619628077,-0.03299446041763748,0.007574973448772034
-0.08257133738415595,0.002184795824242653,0.03868553786601056
0.011015241538899793,-0.05186582663238739,0.017710029446824684
-0.05591238053500443,-0.08202422595841452,-0.01255474148261906
-0.07928363937853473,0.060079201688061946,-0.016575509694731556
0.013224620124291783,-0.06886671533732777,0.01330192107826453
0.005991066462352257,-0.04794046130439984,-0.02651997349072686
-0.09751566995905485,-0.052248460878900053,-0.054110909563769065
0.029603762799047396,0.0325315288458477,-0.09348699073709843
-0.05593270488285134,-0.1438316012068287,-0.07048571879536467
-0.07120859677563947,-0.0354472703080691,0.022983291582541185
0.03727213280528752,0.011436441396010464,0.027874480037226132
0.032351615414762905,-0.051645849924219,0.010984557129338381
-0.0571742662379965,-0.060472696089729015,0.022919670485795886
-0.035551120634013056,0.012384813154694372,-0.09920442192260494
-0.013389726209949713,-0.09148503427783522,0.007672053632397494
0.002002279313681639,-0.017986535826423466,-0.06723574969108469
0.07979792011185555,-0.047721457078431694,0.015045346355356879
-0.026272347031404228,0.007056075850713049,0.02812855366582244
-0.043500499123903545,-0.04581486060686324,0.06201466462017453
0.04436165300859732,-0.019017941020967447,-0.0967224790652064
-0.004602666002338551,0.015530536264068502,0.09526696271092833
-0.05940176776201503,-0.02656648198720682,0.004920182073413205
-0.03877873381163589,0.010905325276362923,0.011434018721578981
0.05994477741980338,0.07442146745111025,-0.04648855697160673
0.02016652994173216,-0.010545414738078334,-0.052444728949453734
-0.027641368339909232,-0.01908244696344509,0.14575893665017983
-0.005625498781806092,0.022413236489595235,0.045649397908444064
0.019298343767298193,0.0038431134243503817,-0.07351264706024366
0.027094258999475204,-0.05133681394046381,-0.07193332529383104
-0.011738672390087,0.03949255625406295,-0.10189254483310782
-0.09765049645851147,0.025789591117916927,-0.05136473587574499
-0.01171093428306795,-0.013463025225978531,-0.0766444202812366
-0.026537364669535546,-0.008843038300095075,0.06800373604180619
-0.07631380014327493,0.05592394718576213,0.008861802988555979
-0.03589287791061671,0.018404249773885595,0.013870221922503322
-0.042933672326670336,0.03433839338813781,0.02176816092677449
-0.013637945440427596,0.0008745508633199763,0.04859166685595392
-0.04966087788066086,-0.09307705164739799,-0.034593053507331085
-0.0057393517148924735,-0.008309996250255304,-0.0007803320525751889
0.0007438352288340229,0.05121704587493922,-0.03941843705197285
0.00811187632006009,-0.009790645548972951,0.0022214136489836847
-0.0474093656055848,-0.05787317230630676,-0.08794067610927309
-0.03303611290381833,-0.07643289613743984,-0.03794786941129804
-0.07366759380207974,-0.17629616814667595,0.007956802401613172
-0.027586411803346984,-0.03753860886047178,0.01170532719063349
-0.02284236763799635,-0.0580635125338614,-0.0028717534716522705
0.07712596743503228,-0.14690376029140834,-0.1115534142300412
0.023307959867990374,-0.007112805257753176,-0.023654951463030423
-0.0483935165136469,0.011761616349343737,-0.17469218461841937
-0.11269021733374308,0.006034272947731616,-0.08589268080731852
-0.02901525435305939,-0.03562231999592094,-0.004351836064864223
-0.10815101607681951,-0.07178875506056265,0.05567064833243317
0.06319875524901875,-0.03805829426815392,-0.08473046361250101
0.07629658449398159,0.022129142297227462,0.02145388123472576
0.013615344385489777,-0.0875408030620543,-0.06398552095936426
0.023149300895663007,0.046848261807428994,0.023781712075262272
-0.1650473906973689,0.04810455758297444,0.01590930019872474
-0.08205972081417356,0.01879431840331714,-0.05673327595740167
0.054601645819621375,-0.07630569472924945,-0.02003131201988963
-0.0004872032941445441,-0.036753201978094514,-0.04065334018394411
-0.017090612813431355,0.0188093578360797,-0.0932913425012724
-0.05848274850886266,0.04343642899638531,0.00342549437404625
-0.0935753197066439,-0.04317020042186813,0.008400504590384338
-0.0031222839531459233,-0.0709637320562235,-0.09176637392728695
-0.004143257623152791,0.0205409925930339,0.00019973589506660713
-0.057349133680223756,0.055274773211104855,-0.012504601914567766
-0.047038760865934434,-0.03342646346634258,0.01267707344467528
-0.035642488696992936,0.010348260926780161,-0.05376736027775784
0.08859031358432581,-0.01457898677067379,-0.014279912920362976
0.029561806499629112,0.004719725329488722,-0.014314454469616395
0.02108921371697441,0.048953086287212455,-0.03640963977925207
-0.10269416205189308,-0.0297511055482428,-0.07330835892497947
0.013127200677021823,-0.08833247256647295,-0.021490673536262356
-0.06288947281247904,0.004457100386691008,-0.08417889140903585
0.029465956248145925,0.042872009917850326,-0.028008872997160816
-0.031389085035250036,-0.0392366728102137,-0.03665238840839658
-0.02680871101585072,-0.023818818678954967,-0.12821800931762184
0.0476463816581313,-0.03848966478081885,-0.024179936663905964
-0.025651196651128846,0.048258651968417735,-0.08192613863035317
0.003745269026228692,0.021269963352699057,0.07738741261626955
-0.06699818937437732,-0.012553265302612627,-0.03132269573820318
-0.015157172964439213,-0.017335157556335475,-0.05130066953048139
0.010820837268913686,-0.01970604281441023,-0.02054133778507955
-0.017759561664536204,-0.05546265344509563,0.014791648343920202
-0.017394728313367993,-0.017359118777861157,-0.016279286189965374
0.005300220893106073,-0.03265825810654924,-0.007727082909139741
0.01916651713156541,-0.02631463470160439,-0.14295986699067584
-0.03861026266481428,-0.03031704541394418,0.039480322442523766
-0.09311771344239002,-0.05388203448018344,0.03701875498383553
0.04503235244119757,-0.03366408294233364,-0.01647228770529898
0.005400622268701943,0.01900206098331373,-0.08374989581680913
0.02202366684702191,0.012935683085032203,-0.10679890751894147
-0.008613064560865578,-0.012532471069732279,0.009468961268924214
-0.06635011244441856,-0.039354339199987945,0.009590635552140514
0.01624179439779314,0.029836882178333603,-0.05312145351753811
-0.10813408576802312,0.025638702282761622,0.13097095355763297
-0.027658595744170938,-0.044299346627803715,0.04764045180193062
-0.055110756486096354,-0.05953721522797881,-0.01703272987325179
-0.09993822245116582,-0.0531322740696967,-0.007444290999369324
0.017092193370085298,0.04167313294868258,-0.0029257951378987065
0.042398780554219695,-0.0498372264078675,0.031013080482013955
-0.10105084897270611,0.003313110330958151,-0.01433830264348879
-0.02375937131603499,-0.007806410774684922,0.051926609700587205
-0.10708458479533967,-0.019324183004747527,0.016814689976788616
-0.04667611925777908,-0.0008586371490397135,0.017821636771687188
-0.016394045048078076,-0.005604421884900146,-0.07991518440290858
0.03750000711938231,-0.021497053210054143,-0.06010219900533159
0.026108913916110775,0.053761603520098046,-0.04636412688660693
-0.07117141821855456,-0.05294519700031652,0.012876453092389554
-0.016509959255732145,-0.005523801052178392,-0.061357324807989
-0.07795685423320708,-0.03862077471235804,0.02594135205639407
0.024459837772104087,-0.04112102763411379,0.07572977946945295
-0.07969930232446529,-0.003976180255661991,-0.06827892542067457
0.01801333195940782,0.006333312845645905,-0.10583331620542563
0.07235438627552812,-0.08331847361613566,-0.09618851485328392
-0.016338358348122767,0.04507568240904302,-0.01609637528401127
-0.023071514383428596,0.08069799900104647,0.007186469462270034
0.04364485813778535,0.044493725479881646,0.04672530346175091
-0.05469770733712506,0.01576474636227454,0.031556408915130264
0.04241442569088663,0.006448622002469883,0.002178524453881805
0.05655247304556131,-0.05634110632372491,0.037480733692102496
-0.0818614536455602,-0.06722196528765255,0.12146541424357098
-0.06418667993096049,-0.08812730954266132,-0.06255424463990189
-0.0047644952390722105,-0.05050236007020644,-0.0030681325249822134
-0.11158236326777707,-0.0500377029984902,0.06792885846191113
0.010628994079373707,-0.014333337985109018,-0.03455816685423968
-0.011245019620810742,0.08582904379224193,0.09629597299643869
0.1008428703669316,-0.013468532876597942,-0.052325329598780695
0.053665788922563004,-0.022143217334425418,-0.12264738525456889
0.02335471751188358,0.009172554816646103,-0.060526768104350856
-0.0013476166595132143,0.020511516121575226,0.0034443838484020262
0.0015386968707716067,-0.07490817951330603,-0.03293881461722131
0.03173130494551795,-0.0268513891787669,-0.03609987479651806
-0.11048448793178309,-0.03179539647841871,0.0473620679890334
0.026632774323805807,-0.03421445983585375,-0.022028498960986707
0.046442912523825194,-0.016502456387192,-0.028120759492151988
-3.351031212669997e-06,-0.08150206281197829,-0.03622159804449021
-0.0961178036033823,-0.04341527304403335,-0.01815774001726737
0.06542980998176785,-0.027395382232822514,-0.04319347739145215
0.01976860612211761,-0.036561888812919885,-0.04201752328360139
-0.08053787707258986,0.004134483126157131,-0.01259284568770723
0.018959756890500487,-0.00035410106508436054,0.023051509813069145
0.02832906147076414,-0.001950735987213183,0.025365587578278212
-0.020408765668901034,-0.0005484446670994845,0.035359639482381654
-0.017849820629358873,-0.0253965053295718,-0.0344265420511733
-0.0544944766243614,0.05984137162194093,-0.020784023740490546
-0.04821860395133481,-0.07379236985306455,-0.00472951818921195
-0.07366416793827757,-0.08449224938359767,-0.03337165327204896
0.0054334948936975574,0.0021117684598764026,-0.03080048328349453
0.03416957883819591,-0.061140430935788526,-0.09127647798769715
0.022679611791639093,0.0033310410711141665,0.04114223689936576
-0.1074441929540351,0.03154222738791545,-0.051423262738698156
0.04292951638903611,-0.06768769570052371,-0.052932618550401274
-0.042959281697325005,0.00516466703462735,-0.041371301053029066
-0.0017601250726315652,0.08753069342709846,-0.006145232929461423
0.004397077630308086,-0.04125823572666343,-0.05628019621021075
0.026523040778085955,0.03759400186874784,-0.05300465800431176
0.04787609475831109,-0.07341095902059064,0.09124823312354795
-0.00572679943511164,0.03682417445998635,0.03639114315897288
0.059725216498276716,0.05510914503730148,-0.006054419990882588
-0.03601341969155272,-0.028521178827197444,-0.12512632692427603
-0.048432801310703835,-0.07604836974279292,-0.0026920921956246876
-0.05426888710612053,0.0008693345471233521,0.026956840405675624
0.0344709467156586,-0.05926065376907894,0.051460824360939655
0.10155090201544595,0.02148863980715894,0.09264707763612125
-0.008038516284768274,0.02292769363144899,0.1336443869669529
0.07959796435561099,-0.030061823682055424,0.019819514164331867
0.058373798179399215,0.009366068331959753,-0.04303813113916638
0.12602799209554127,-0.026982562260869997,-0.01541924277197786
0.04738679963626573,-0.0030357801358916986,0.015411381302820637
-0.058372170480712526,0.01037262158886504,0.08636189108864449
0.016996000842555068,0.02996200643320305,-0.019672835603287118
-0.042284795983667474,-0.014883253977517205,-0.005360069021071669
0.011780272541963817,0.00330359481412222,-0.045157771129252615
-0.010968532297358474,-0.029466519880540578,-0.002102380996586035
0.03367137206409805,0.1073512905471247,0.02580855280831635
0.0006228904885288674,0.01126569831122881,-0.024165433801809057
-0.013726850279063105,0.007173559426367198,0.10432929210887933
-0.03759748146073256,-0.022503804873094235,0.0700238570220694
0.01639546091255189,0.009977775706188326,-0.0004069402468051806
-0.009579397860553365,0.028166039675832193,-0.11264811810434328
0.02870018597117449,0.04205356737802076,0.05646790786546988
-0.054813809095473204,-0.05177724190200397,0.03717104553357295
-0.05531787667363297,-0.03836483777826006,0.056922920561319305
-0.0012381118470500092,0.026292390001063048,-0.031958295323852304
0.06799543231264371,0.050118413814876944,0.059050716505076685
0.047555532262031505,0.0442141128790572,0.004817758869131078
-0.046949209228825034,0.10587566285892656,0.03159045452424725
0.007663667297218133,0.05685046138978159,0.00547677965015199
0.005858521637506289,0.026716960537425283,-0.03343564194118069
0.08329969726572298,0.09307396693693992,-0.014795043035729354
0.011485109677077592,-0.03093709410597767,-0.010471111241989468
-0.052073483782105134,0.07565893985463776,-0.046683102504354736
-0.0035203782635392297,-0.03642233481071514,0.0820368907993445
-0.006945077466599438,0.033444544568959796,0.06442572947038148
-0.0043135385720358245,0.06248881991965888,0.09209402201595346
-0.02093702397112875,-0.07182639165310112,-0.021698576685867228
0.025825944117395187,0.01792044301916531,0.08148872947112254
-0.08110162212059972,-0.0026690038856358213,-0.08589526075768235
0.036151283620840496,0.05481229091030669,0.007205192517273317
-0.04990499784063654,-0.0531994653925377,0.014574044937629668
-0.0088664995947534,0.034421304356322596,0.07199076357877274
-0.009294739692543826,0.06126251414530716,0.011569639022156759
-0.002916806523340138,-0.05258018498049992,0.08405770024679682
-0.13211175467468494,0.02630845417874634,0.08280447849116712
0.01635011635435535,-0.14568150689498266,0.012290091977875634
0.10598875592927356,-0.0517168024914509,0.05058118913540356
0.04913188464193909,-0.05289010734026064,-0.05196543729190003
0.003897860160851925,0.04975402607343831,-0.03458906165414245
-0.0103338972731996,-0.008526041587641277,0.11942612005856588
0.04490615942394041,0.024892791457184732,-0.03046141529016736
0.036116183273837414,-0.04901780246584595,-0.03491385843925876
-0.011486392980417906,0.0617096379920447,0.03196007007833553
-0.02280313912736459,-0.042205377430711566,-0.0682086206208339
0.1030464292033601,0.04251616246184757,0.07536070605448053
0.004891304121856472,-0.016051458380295758,-0.010785556716005468
-0.024377360893306152,0.15295606661227745,-0.05210183091143908
0.04221440398678837,0.024118184811816448,0.09839912366107856
-0.06491419155609648,0.05431721369553156,-0.06945275620688195
-0.03964654260838574,-0.014144504255070994,-0.02285930037434866
0.02077703291451838,-0.006779257633961139,0.012209030762732288
0.05965458324282149,0.03670457900907526,0.10665959990938045
-0.00798311445136504,0.0717193192185028,0.1158366805536478
-0.007132271248230886,0.023350266356198253,0.06624459104168115
0.08451459575242841,0.10478084452820244,-0.054610466406534885
0.03396632491428729,0.015881576112474705,0.04452161935502349
0.029122712936231476,0.06701372176704318,0.004285359822909984
-0.028803586954046237,0.11468246464975596,0.00944633312374995
-0.04273147850095131,0.08545091077260414,-0.03933107060702111
0.03288653547453371,-0.08461142388298258,0.0880018938088649
-0.014121749262125949,0.025648090020499004,0.08502577548897611
0.08030352013240792,0.03551858916955174,0.017824653150058024
0.10172710233402943,0.08264454914516113,0.10599641767612661
-0.012291476151311417,0.029467704766478624,-0.05860055235656281
-0.040684661008883925,0.08773695980391942,-0.024136175123963308
0.021438217879554952,0.0361971756819799,0.06087470598180603
0.03864640894577888,0.014354204969739817,0.01615928601003141
-0.10763348449163299,-0.01931668463301349,-0.04736415453593524
0.07426936903490429,-0.06008960313120193,0.007863507763370928
0.023223236765948237,-0.06230783649548474,0.065562596822591
0.0016509179999593566,0.03926686838671005,-0.02671314743169304
-0.04553038002901222,0.08853963337228442,-0.01759300107329698
-0.014425552493584872,0.0011916905095178051,0.09532704070677672
0.01879761408496111,0.011129615868625698,0.037851111311620445
0.060239067031389135,0.034013306442303146,-0.03927837145356709
-0.005198099333939936,0.08872856359572048,0.1571923134138669
0.02260889262414608,0.00464351515601189,-0.08311145394539751
-0.026180679948449574,-0.009553687310733378,0.03973499772595801
-0.005708746182289993,0.06540969600190111,0.10432444149905754
0.0463660798904616,-0.006373121684736065,-0.039529767778949204
0.08651161983404497,0.0026017890292237833,0.028174994804096805
-0.020501741809624944,-0.030078946605259598,-0.01710361573000643
-0.05308897936673014,0.00665078275575438,0.020768343660774125
0.06034516896239753,0.041201350528734096,-0.019962707261932004
0.08538067011755862,0.09502158872954307,-0.020081879580601217
-0.008333977729596691,-0.039370027407308855,0.009938981412441062
0.013980888386989129,0.08501462582500305,0.08660707780016769
0.05493099643436676,0.060394403463302895,0.04803198404770219
0.029576454175724704,0.10979273665916356,0.054311318259073815
0.0350894457845867,-0.023465834539726536,0.014389828156665129
-0.05735387051541589,0.038667715228320715,-0.03660405135102479
0.019116252687019775,-0.03353379656332465,-0.004386341126611262
0.04791256720501938,-0.003035960637544837,-0.05573390195281665
0.057288779894250415,-0.060270360144866905,0.03107935076457889
0.004696660788217788,0.028244989281906663,0.022279829133134567
0.11502367505598513,0.015556807440547665,0.007720136056861395
0.010120554336949552,-0.10003349856975989,0.01427318102480719
-0.0077535894529658644,0.005035355297295905,-0.025645461262776604
0.07177934328362087,0.07108488494705485,-0.03777019255890919
0.08512399884602503,0.001972895936328309,0.04400827783393202
0.074690428855994,0.05059456692292977,-0.015849120093508366
0.01765591731799946,-0.03379356619523114,0.07088625895421563
0.03914912934172521,-0.07406937805926041,0.017179929591723
0.035541087111707836,0.0646530575764374,-0.010889875048314488
0.1062778609290114,0.0328019322207667,0.028644614354199315
0.04001456107100056,0.036782519895105975,0.03517947899473198
0.04862727173389833,-0.0009572964664438313,-0.019785609187361837
0.002043357734939709,0.05981987357784332,-0.0025883592453810195
0.060960650786614626,-0.019975507025050278,-0.07850428877210086
0.04248389280313349,-0.010657625164635663,0.02948826870981773
0.0740436373573511,0.07161895981374337,-0.0038801926132073783
0.010000325876217252,0.08365932859524584,0.013931639471361015
-0.0002695081024107551,0.02428816879843985,0.04700354865247946
-0.0018995055791744611,-0.020670515875602043,-0.09528355262518365
-0.11161201537225407,0.032067885987057086,-0.0016157961456423758
0.022276159754645107,0.04977977254447336,-0.02704190667872942
-0.05569506592626393,-0.05299780802744945,-0.023711786651844386
-0.05446644771823517,-0.02878316380048966,-0.02816405844205428
0.030142050460486396,0.016361824139039114,-0.03340366510869036
0.025705500338813362,-0.006539063037588569,-0.0057884479691059365
-0.05388946757490568,-0.0018415584126121806,-0.03137101905360206
0.059063927822064544,0.0375539931202362,0.0597668924561494
-0.01908099038221302,0.08592650813662582,-0.07908677401867419
0.1169353293069563,-0.05144353327306413,-0.028262328196128797
-0.020798743938620065,0.031211756101257995,0.10033297624433549
-0.0011226559238134946,-0.022872557489416283,0.042285203297790674
-0.01878158585740107,0.006108973997786274,0.07568065184304255
-0.0008560511955342381,0.04241248032033473,0.011517942217875762
0.1365732220014137,0.03682821157866677,0.017179199431619666
-0.03853456348640763,0.021753663991847375,0.06554155082180824
0.027159874751539866,0.05482706630834361,0.0038359782551748017
0.03535364398952419,0.10248708398741185,0.011763936053913817
0.05464973342636137,0.034078378675884424,0.06268664569095268
0.031987003962675814,-0.06911374752405383,0.07468043651886708
0.03674951776701889,0.0716123309705436,0.01206869786292376
-0.0013582835933929963,-0.05317573762708268,0.010637907412914704
0.03463830486397034,-0.02105643514248161,0.01446504709018741
-0.02236389125974064,-0.12761754176044127,-0.04630407643803315
0.00583341863250616,0.07970749797822013,0.0647915747975091
0.01695367500999188,0.13572651365556196,0.05674731115124478
-0.01487944830584071,0.10161540796997626,-0.021653500046357407
0.015741914795781034,0.015989815201569575,0.05557828079007462
0.03634645114928612,-0.10056889338256188,0.09365583476231187
0.019570745975992725,-0.008023569513391405,0.058738943151342676
0.06363273354143244,0.0004897612913517414,0.003940105341503379
0.06019963451998915,0.05597190000994655,-0.025689546564015342
-0.053591805983789195,0.07772712848409245,0.037366860790693665
-0.032677354932052254,-0.034545297318641977,0.0797332967952212
-0.047895170763951694,-0.03797640792005198,-0.01590064759299968
-0.048221597543707445,0.019511204462934677,-0.03867226831585984
0.012023448115348235,0.09383664245308285,0.0657523868243968
0.07898484443666799,0.053611529398014585,-0.015458305021439859
-0.010232900626943521,0.003182591112856842,0.03094931912349885
-0.044667097140034064,0.10186006077951038,0.07953890137809189
0.006196473983493317,0.027260728569021283,0.019344995316270826
-0.07756721139116013,-0.10920164461720808,0.03571142440961212
-0.02655927498733556,-0.01345794004948776,-0.019772747198822056
-0.014214942857387294,-0.014637307366971802,0.06767568731430694
-0.10040335817801695,0.025176819128521107,-0.005891860601102609
-0.017652328426170448,0.04956144778578297,0.016607043048392438
0.004709186503303192,-0.036628802616736206,0.03378067857771767
0.0742846182246366,0.0035703850397970586,0.018917628047599215
0.033795550617623044,0.023250170427852105,-0.024438729902985006
0.0375612420256724,0.02596681435605306,0.11627422165106281
-0.04849874312645897,-0.1129804280267523,0.06245213448098048
-0.026627921123570354,0.05533367224788908,0.08014719741089951
-0.004889468929954651,-0.0009360341017984504,0.04368703847763399
-0.010130125233772642,0.053103507671531526,-0.01093620192745815
0.05621754921814279,-0.058620959729920985,-0.0003602141962814609
-0.03718997598728187,0.028487464752685904,-0.020700468195463263
0.06287555202047895,-0.01318377612494218,0.07018590533683078
-0.0035285614303325937,0.04518249374777893,0.017052007133822655
-0.01168052733503207,0.007708557406905797,-0.01030894041608472
0.037599278947583095,0.07441064489046567,-0.08769373351907772
0.031304035226833796,-0.0770561116467451,0.022515482370882276
-0.04108663360209518,-0.002439940399482093,0.08027245525064938
0.0017902697822984271,0.052397492197046945,-0.08265003541301538
0.08652418907802406,-0.003347628554835124,0.07178435321675072
0.03560812275141972,-0.022372833399571787,-0.006013463448690941
0.05699104821986547,-0.02090775355216617,0.03335079558719718
0.04761600606449981,0.0017706199349471381,-0.00561947547391839
-0.021982789140934725,0.043316839439807506,0.0244170473742856
-0.11329457982365237,-0.001103855131862055,0.02276971795899283
-0.014368197569625086,-0.03048358419422672,0.043908698860474805
0.014321355620459407,0.053682756330841616,-0.0019817646831142566
-9.782863987478543e-05,0.005267109002649091,0.0037508606782459494
-0.017462372405909584,-0.053377982312398486,0.030834120142329863
0.07237974398489251,0.023967920875324775,-0.09484394043227944
-0.06724531788913686,0.020297457286125115,-0.010555710335430228
-0.020898116161198417,-0.05745661136647778,-0.006978233690625319
-0.049412493053548175,-0.0014056784986521157,-0.033983233335996094
-0.07262118315432678,0.020575895324572473,-0.054011561651156524
0.04004057643600008,-0.003401532164995429,0.02241312510561443
0.03231630767145278,0.04053931401295114,0.020079846465214116
-0.06931393790941434,0.0868099784146515,0.026097151810934447
0.024784146597231275,0.002953648534153687,-0.031593430464246036
0.07274432821440181,-0.022997236732460007,0.02267791647122186
-0.03194183488104228,0.05799271649772317,0.043277313348380975
0.01944195438698272,-0.052732917146090505,0.039457585485787504
0.006656852732786289,0.12635967877288734,0.002884592831865242
0.015006157612286875,0.033953924849566025,0.03210292946967691
0.04646927705690497,0.06475446621184713,-0.08413288115116214
-0.0014918038166773441,0.06415085536408004,0.03468075317071977
0.0032190690225767796,0.003099229819641714,0.008408397418356719
-0.07642690477416657,0.002782879956665844,0.024401585463599475
-0.1200489649149519,-0.03199504553203076,-0.008361883860320364
0.0059665502057160555,0.07695792060023185,-0.02597168899865488
0.024256486047390023,-0.010771236165199463,-0.02171228418938481
0.034300283193291564,0.0010584581986461754,0.013238091392666372
-0.06278326039089736,0.06987911341689454,-0.005434222550168044
0.021048869567451427,-0.0087681357811705,-0.029611982616674935
-0.0538996888514177,0.015611296688891588,0.08226368386075794
0.02890714450523317,0.016446325637505754,0.0011714189239873797
0.0011230329523097445,-0.02613064923313047,-0.003659279524042078
-0.08161608041149702,-0.06230579783101066,0.012076793571950144
-0.012911446244626288,0.0011422095431734393,0.10648408629664222
-0.05071475883590328,-0.024658754459307528,0.03601657361841559
0.05691315523463304,-0.10947931351921336,0.0029607587926592377
-0.02673723796248885,0.044520385424516584,0.015965845484477072
0.1020195639504333,0.060757131400786486,0.011319101082670016
0.012490003359935685,-0.08893899655961143,-0.004258785799677159
-0.08488700667783028,-0.004315141919276455,0.0023505648843834158
-0.09502664869007339,0.0021881210380170525,0.0493867974531747
0.05902302149811043,0.02647008755064187,-0.026946850319202263
-0.021622400689260975,0.004093356020346228,-0.09825669232306321
-0.06329775950121247,-0.060728228038581404,0.04191827182949824
0.010954704622175394,-0.029882031775953593,-0.0017831347241724247
-0.05036094035542077,-0.009347122398086992,-0.05536778345305263
0.055605890993594746,0.08818447017021953,0.001215349436121645
-0.05044656549083541,-0.04299201977662099,-0.010769334862839253
0.0004991787481482303,0.005559922716174372,-0.02621641587832719
-0.16458094245730198,0.0005863770602004426,-0.03037615829459389
-0.02235838712184835,-0.08198158132347289,0.018427049817362002
-0.047517018471270246,-0.013023096661707296,-0.02006442452418878
-0.02757055002684075,-0.0478305219075725,-0.03603234978509357
-0.02749225184474005,-0.04730213459497349,-0.015277815543117464
-0.016748388173400276,0.006985170582560358,-0.06850624551620206
-0.059258553826232976,-0.03524426561970612,-0.08841565448712153
0.10026537674646148,0.051246188982518114,-0.008601042672915938
0.06932995765597401,-0.0590248120200365,-0.08942861204812806
-0.08972595810593255,-0.04962416896506909,-0.00769555860497532
0.024047595042715968,-0.016489053169223257,-0.014434462321933208
-0.07229949889010216,0.09209418264126037,-0.04827597295755531
0.004859491058595155,-0.019401900318206523,-0.05540378116563925
-0.02121323827696996,-0.03293942910428015,0.07482575782959212
0.05507298045915097,-0.0012483441518947383,0.00582216055759615
0.05577449363167319,-0.07609247307530166,0.10323684419763449
0.02631622918251165,0.001652326655607347,-0.03988614406853059
-0.058244471751330046,-0.009506487415237273,-0.03360173694492939
-0.016477796410075664,0.020559180365620596,-0.021975873449175023
-0.056030103210239816,-0.0018409840362516115,0.00331856286788027
-0.02580749262000119,-0.0893740762854418,-0.020213236189366234
-0.05327791320226562,-0.02056853249183828,0.06027566803442934
0.08352824526565904,0.00025103768403549054,0.05634479630654269
-0.11757564092112333,-0.0981365331404485,-0.03048143250778091
-0.05178100516397116,-0.06182909564777654,-0.026715196298464805
-0.010340709695089698,-0.059774392490033856,0.024225281497930462
0.04982437093279059,0.013092298676887298,-0.055848366142540115
0.007508046887985759,-0.04170287307342821,0.013706547820094301
-0.014049003761483613,-0.0902014947872567,-0.004564847072986607
-0.07022787499513826,0.026434831727015506,0.052540062549696634
-0.05540001394718963,-0.05895710974849973,-0.06561288559520083
0.07590503910380265,0.022095168412983614,-0.12587727889700595
0.048186015168168644,-0.0507985825636076,-0.045156153266623145
-0.07068666886651256,-0.030924741755131775,-0.03563488656850454
-0.042641757588434595,-0.08185049555764361,-0.015645014612989512
-0.11140624695122116,-0.05969828844449969,-0.0686288479847145
-0.04730339565917899,0.05391609891940115,-0.027380485737599883
-0.03614513356918052,-0.011371651563426326,-0.0241764525249933
-0.030612166571084988,-0.0797497859203656,-0.03232256596127457
-0.17476716709785373,0.08002646648429357,0.0037047611335710995
-0.05036993929631221,-0.06623474593682438,-0.026901156063338982
-0.015994124734657014,0.01654990576563112,-0.08690488923409852
-0.0711449912503321,0.0399529587592647,0.06083706665509678
-0.062537106300845,-0.02800019579560434,0.031898425035240326
-0.030020844639904336,0.01778426772993283,-0.018327268935226942
-0.021605290403613885,-0.011712951982627368,-0.01990854854832627
-0.058466928298053646,-0.014450995989016623,0.014797592723030897
-0.0396563932680221,-0.09622898570061589,0.02175764821252054
-0.033265483422445924,0.0795324522152316,0.0027526879662088007
-0.0369994199296371,-0.1433105985027989,-0.015149458035343732
0.005438777137958296,0.08959385485799634,0.0408042238323179
0.018492310475687,0.013059192093500156,0.024695173434069975
-0.06762249407642051,-0.03248688384237243,0.0778140464473681
0.016440319945814384,0.0148199773775524,0.09324077293042167
-0.01081887425011953,-0.04457075588799819,-0.09303077145123498
-0.05515712186655903,-0.033907959070172036,-0.02002294261008816
0.06782384355366385,0.05073072895111526,0.010313621140586378
-0.013542637157924104,0.007655648222200072,0.027622067544638
-0.05414037957462633,-0.11448353534827918,0.06896913049731335
0.022314652401350405,-0.005898942497993611,0.04288328605634173
0.045131371828476166,0.022940980735588503,0.006126654785671658
-0.1647140868544089,-0.020823194788988628,0.02092515013263997
0.02062826176218323,-0.02395030196933617,-0.03704587287406596
-0.029420484439315733,-0.022421280280119357,-0.11627455272931639
-0.09305530696858538,-0.009568431699166508,-0.13183316820694788
-0.0005853677925508477,-0.02619469264327707,0.007692136816758805
0.06948647775336161,-0.004800023458365568,0.019397176324650066
-0.03316976891568641,-0.06013260034276198,0.01057480269398
-0.04771319070173671,-0.03910358307634193,-0.054974545358896926
0.02603026194086663,-0.0008958387864087501,0.11253764392403819
-0.04617533388351836,-0.08920020473526341,0.049998504519495064
-0.01021100374716298,-0.006712536912611235,0.014784302542300093
0.024560264147173574,0.03526633717412905,0.012388303496233929
0.007292899346692933,0.0398998375735678,-0.03845432579272062
-0.05093763291789326,-0.0013507946196780612,0.005680277507100574
-0.016420473237147765,-0.04710281584166813,-0.058124220338897435
0.026150644514214796,-0.05897580571140352,0.024469901047460697
-0.009437465237421984,-0.03650723044520634,-0.03696322930441079
0.08118844426653306,-0.04801530944806036,-0.012005015934866758
0.03570627845479968,-0.02531797543429866,0.018849505114385778
-0.07990923713910665,-0.05375875785863447,-0.049913682776006565
0.06009732849512125,0.051612634379507784,0.0049803926210885
-0.06495639177236104,0.05332362083948441,-0.06736070768160342
-0.00044890400327200417,-0.05422272247332355,-0.07859637640780713
0.021726417505773546,-0.04209269575978919,-0.0022569605565337207
-0.0763530439856678,-0.06342174924416452,-0.018739803118595993
-0.10471702477403973,0.0393627040633131,0.04759203598764014
-0.11748943985468734,0.03149172523627417,-0.04764618316142255
-0.017783180828771103,-0.08167431180467358,0.03137404239415556
0.009259562973344442,-0.07777178970154838,-0.02581544373648356
0.00365372408029015,-0.004894232059284836,-0.04792228648509325
0.01619878831085077,-0.09340338082780407,0.05009891114042404
0.0922470193139153,0.05249472376651623,0.02362101242595133
0.03522764950861319,0.05924723028410078,0.034589135029626794
-0.01195425535664478,0.04401469600536494,-0.03818948255874276
0.06077939829489609,-0.06158641022369589,-0.034542555649719475
0.055266485302711985,-0.04609385718084795,0.006986088569506509
-0.07709372650962307,0.0033324432162044858,0.00882657882316059
-0.016470170880913144,-0.03398608440611898,-0.08899761519689355
0.10791416146367253,-0.07194431313250213,-0.04645593697103753
-0.04832070756543895,-0.044940649469079816,-0.028349180520785115
-0.04882173619440418,-0.05242124071637036,-0.1129288891156122
-0.028894360334987053,-0.009044291989632768,-0.0031105295510515402
0.0014235060238796775,-0.022083215515911817,-0.045280305794819065
-0.009732554154429088,0.027498710172929118,-0.0841231578926335
0.015152578032699444,-0.016704584773838474,0.053023987785140836
0.0049082594720233595,-0.05779435216086505,-0.02860840946732225
-0.04753434628867416,-0.11467383589196331,0.02631836276875468
-0.0495483371387512,-0.08158032684604671,-0.03962562922953944
-0.08070206623841793,-0.052047953030284935,-0.011249530605776048
-0.039120630774847585,0.03663072960038211,-0.057066244400834854
0.04823073144408786,-0.05815966697556185,-0.02709673431347288
-0.025154490479301655,0.026870131053088095,0.001844879554904602
0.08370898261770136,-0.017602351979950016,-0.07087901185145606
0.059525973910737016,-0.05290769590351274,0.018382486866949932
0.04591168970837632,-0.03375731939057026,0.0695980133983322
-0.027650013622536246,-0.059447469153884755,-0.06818220469160988
0.01127382750571047,-0.04276183182336794,-0.05002458487758571
-0.029650595566437926,-0.10920437456827307,0.0030760295095190165
-0.005741242240505541,-0.032870009558960286,-0.10811677959739432
0.026851088921644405,-0.0030980121963131418,-0.009506144304336094
0.008312861201591424,-0.07776768344427584,-0.020324428575928997
0.003607798687564414,-0.08667740819733406,-0.041122845983898225
0.02007317854986898,0.03703102997414876,-0.08198067064740142
0.027910668748256776,0.00353098203209099,-0.03361578147043943
-0.06809347862741798,-0.024970002904165844,0.005506079033595299
0.09296792316473065,0.02916914338224099,-0.018561198403148644
-0.05126652159364537,-0.08089012918725152,-0.03606881901484504
-0.036470925882941166,0.07395762210797972,0.07091069592346665
-0.028036578182863266,0.006669539005728812,-0.006215191334189637
-0.09627976905813905,0.04417435410564737,0.006292419117327383
0.03634860547995653,-0.01737256430603847,-0.0171684909636268
-0.02684843322157192,-0.035327280158779735,-0.05120777113039928
-0.049430597689524285,-0.07250606359182415,0.08269581094981276
-0.003503198349067902,0.11827829955142949,0.053999325915532595
-0.02621389027874032,-0.09726220019568294,-0.009960703694183493
0.06346024738121067,0.05701336423876399,-0.015515515727267499
-0.0024009061166819423,-0.03854848035848065,-0.016815502666651005
0.10773061270857857,-0.050553912191529195,0.05441073926026195
-0.0488628091521009,0.03515276329797924,0.04069886191697574
0.002683087094860887,-0.07601100553805869,0.00990049016165357
0.11955953200179395,0.022488473632641573,-0.07100247549562158
-0.009708782084701184,0.07035285315358168,0.004576528663320948
0.021340592768063077,0.04148323057493841,-0.036256530388540445
-0.01563479006226043,-0.07244324043025074,0.048491872252408724
-0.026366368880664078,0.033376846386962124,0.0018902150656544764
-0.004827305109350495,-0.03076219965100463,0.06537838031289146
-0.008595606527206402,-0.018509268599002017,-0.0011389753191670005
-0.014735675510288562,0.03332732192094398,-0.0021605751096699793
0.025933822815511823,0.03622607651568613,0.0033467622261477105
-0.05414555179578918,-0.004414843259554619,0.10506666807264323
-0.10458785626551899,0.001208493352760044,0.03639192903368871
-0.04405084765150424,-0.06115147122625368,-0.07630882949309904
-0.027231564620042795,0.003040790119015681,-0.024861069914304618
-0.044154029391598744,0.03834067237542292,0.013813085558193132
-0.048264122853233775,-0.054971649153765956,0.011322871193031294
0.07581046922857382,0.02237869860729471,-0.02976921097638675
0.015448422549586829,0.04518206387105193,0.040162420066002506
-0.014579413034494153,-0.043575386294100495,-0.03199768957689355
0.07212641563416032,0.028909353300232744,-0.02299025227027018
0.03831282751936461,0.07335411699948856,0.009201324049400071
0.006301307554725752,0.004323607761339832,0.02470753381310143
-0.01835708499625123,0.0005235980016841681,0.004798250372536249
0.03464208242764399,-0.022436385167530427,0.059684758109100775
0.012145651101927868,0.07358769942426194,-0.020358394558068798
-0.03044590300122248,-0.03629906866101508,-0.11760586095295181
-0.05687071538012716,-0.022724280350258894,-0.06401151062471304
-0.06210680790241848,0.015915193041655576,-0.08868672552222637
0.08997422900784476,0.00865077864509462,-0.05691562656505457
0.06883482455665123,-0.03205193454828297,-0.04746850456786518
0.031892287837173613,-0.07028159589296532,-0.035280381243043696
-0.08318852131371683,-0.08842549519605357,0.019854847087683022
-0.09743481682443424,-0.08828357117040138,0.01965961345319582
0.03090354092087446,0.027538670437444967,-0.007317002228992107
0.013203900630661862,-0.04117141246605827,-0.02308152673503923
0.08170491287987812,0.018092746046455315,-0.059882619560739966
-0.06698052286505918,-0.05634202485357581,-0.04180413290495479
0.0267404605695775,0.007223206912194572,-0.006792872825673406
-0.03778228397080644,-0.03126824595049574,-0.06186730575971293
-0.04554795939639921,0.06554835278099601,-0.019387614198402185
-0.013136973259217491,-0.00930278706443874,0.08619871748476965
-0.06653987653190988,-0.10249026903402247,-0.032144137981798465
0.050515096180795416,0.04709191913622401,0.07731568246645369
0.04289094407810464,-0.04933650769249913,0.04870344369373174
-0.04151147359478438,0.08823239718240142,-0.0254154819167357
-0.010326216033678063,-0.02962694987349822,0.06252932164807204
0.011619040219635925,0.030241059516216272,0.014400222151715679
0.04087731711508405,-0.03848231517073914,0.11300114615545578
-0.01772124809701088,0.014746409201714872,-0.051337991616796155
0.06009645227732251,-0.05750257240607533,0.002178425486277038
0.03496511332845384,0.0322889751693653,0.0644012608165876
0.029874087549406354,-0.03339778182894123,-0.03166379988959285
-0.07106564023430624,-0.016603574758063594,0.07463257340291266
0.006290823361766199,0.0253093602711087,0.05676769305584255
-0.05097000162865898,0.07463904430363519,-0.04972386620299438
-0.007994544124155924,-0.07559477075067957,0.023236906108093203
-0.05846565572996834,0.10190524090983494,-0.0014910828345781977
0.028998613615143047,-0.03464643882029505,-0.03859686287320531
0.0010669760449849392,0.05645362797494535,0.003818965911287762
-0.04303258398482733,0.03685195354471261,0.009799552143865067
-0.004400601359330136,0.019246668970777245,0.04704370281073795
0.035238222213977044,-0.04161949697591279,-0.09793548214442481
-0.019005641549695047,0.09791936753808027,-0.028653408676298685
0.15403244035038255,-0.033828413111609466,-0.018550953102933802
-0.014703177410119814,0.06757095360891721,0.07343930400756929
0.025228864485962975,0.11263461866219326,0.013374814858075327
-0.014439009979859528,0.058692580852654365,-0.0015645515319102788
-0.04554052794906136,-0.06771140092083636,0.05882387128054649
-0.06946132364808053,0.026958355508922758,-0.004177450164013809
0.08050038511835887,0.05404778746123047,0.006703111245031888
0.04931952868943816,0.061724178069160314,0.06051042786143512
-0.025715140440868013,0.025959559087371492,-0.027444473447028113
0.0014883497079417225,-0.008138972367653511,0.05182065640319264
-0.022782524418377872,0.07460728566442626,0.06891811619780443
0.08228977794681817,-0.013156237281126634,-0.02076728982299438
-0.030825937369628686,0.02748387592494281,-0.00027883086036357453
0.10768449785667962,0.1024063122410334,0.07548413615895472
-0.009112345580833181,0.01860725672785101,-0.0331273527249735
0.09881051630159172,0.041728581416386065,0.00961740063690358
-0.05460862638833899,0.026158006014335978,0.013824083757202165
0.024165522631667033,-0.021100682092071915,-0.06265103155142568
0.015275856318724995,-0.026478460004523044,0.015039745470849544
0.00349112218517947,-0.12007965984826698,-0.04478476309131853
0.024085761034290096,0.03139476358670441,0.039602259132654735
0.04104100941310175,0.03775479816961271,0.07249651792357165
-0.031063863101002908,0.03069176175017419,-0.007679776747753709
0.021762240553206226,0.04634887243081857,0.03208514350271107
-0.04642925986729837,-0.02096548732252169,0.04422297277226987
-0.02003636053059161,0.02358164830020197,0.07569576136989697
0.06890556881332242,0.030301804157075805,0.1335292548340626
-0.032098380515779366,0.014593848384626363,-0.01417184261911653
0.02564657923002301,0.07017138685353554,0.02301027781022339
0.1056568504626346,0.06789605608410317,0.07195064617782537
-0.04901883328927445,0.043060192159960604,0.04665407774427767
0.07177873080742286,0.006097265565184529,0.02166395762900985
-0.013536218440530684,-0.020059558629177535,0.04798650356952965
0.08548834746564152,-0.02811351663506396,-0.020919141664352794
0.004268417493085546,0.0016893016593084072,0.006474180588427901
0.025932103908038677,0.017667536145198465,-0.1495183887608833
-0.04263580437786976,0.019230431464329872,-0.09783928396671639
0.029069577487514667,0.03913332470473763,-0.022005995887292802
-0.013099815330342515,0.020227598543798683,-0.007611695695645421
0.027004737093730052,0.06993622901516908,-0.011276929173583968
0.03286119566476087,0.026401214566518824,-0.0875296096537787
0.056035761238877047,0.009909564155056809,0.0075599484771444025
-0.02371304292441127,0.008397552336315915,-0.042957625863073015
0.06380345233578266,0.06878656284077356,0.028124667475603327
0.009892607699309846,0.05377342215697219,0.01628296129319988
0.06939926758248786,0.05766998928243981,-0.03953695673108569
0.06977364852566713,0.029058051934946705,0.04335349633593731
0.08314701846637367,0.01620973632711594,-0.006007607850153987
-0.03081620746426892,0.1456255985071128,0.1344893105123815
0.04738087698995093,-0.0693041576574702,0.046197474021973634
-0.005456451184364636,0.0851045788316154,0.010756822409722118
-0.046870583919834924,-0.0187814022016441,-0.051873741740842735
-0.0071635876150092995,0.021373078620241414,0.01580751707095028
0.05284843987626992,0.1560789904994822,-0.004854388937331831
-0.0034356137341650557,0.026069436052444585,-0.05302027511540035
-0.000898878450621813,-0.007471428708871224,0.06288756808683102
-0.023334721995110237,0.041210174287436244,0.02374733270861753
0.03292875348116066,0.08055659488426391,0.0230053985233432
0.014707854546560553,-0.01190723976254518,-0.05773471768767618
0.03470086494183575,0.0052752052943324315,0.003480438299451008
0.051712578000103426,0.007273302252320632,0.046534613472697314
0.024341823072495567,0.004380332642281099,0.022150310201372887
0.09184362083719086,0.07084817644270791,0.05460747722445275
-0.0032051754212640976,0.0324433692805596,-0.00404704771276828
-0.0029699989862704453,0.05801021328257032,-0.05597042805305119
0.026449708243083656,-0.05441583968037987,0.10614597089701115
0.006952283300267039,-0.05779675213378571,0.007187395351706453
0.05384343957414235,0.0013563549294789805,-0.021907665128453015
0.15319926876403134,-0.05050131153939815,0.026553320292087908
-0.02025757029010238,0.12161455099573804,0.11788153428930653
0.06901599007510141,0.002834512290855195,-0.06174377656290371
0.12753780145465793,-0.048330592291456045,-0.039887635395622845
0.09314355600529357,-0.03784388075254775,0.03808986533380786
-0.04559293563907604,0.01007280522739045,0.037881952991196594
0.001782544499490963,0.020214108018167733,0.06978255919580621
0.0009107802450672824,-0.018938313397846906,-0.06153101457202602
-0.01707453108257052,-0.02516688224138913,0.003072228589208449
0.123848538603188,0.0663549336305872,0.09138132691333102
-0.028134499122410016,0.05451281969995818,-0.0095938560499939
0.0800451899857785,0.04959387268698444,-0.04051931660961556
0.0021675282773278605,0.03424732476874397,0.1014404647659237
0.0380737811147583,0.02303102187538099,0.07408157380446843
0.00915487890174999,0.11386775312191193,-0.00040845712516713456
0.038481041681824896,0.0007929335420440685,-0.04838448199882275
-0.06573272542902679,-0.10907492481818959,0.023175065342736858
-0.015607005046772801,-0.024566037358847437,0.017942187109441537
0.00034150690485463056,0.023876786294367118,0.017894649639989005
0.01492700510022996,0.11161485725690692,-0.006903661452953062
-0.03626386266488976,0.07365320910065842,-0.02057072706011169
0.0403021270558863,-0.01782620643718668,-0.012540823155724974
0.1125426477333754,0.04374414954593854,-0.029580858815896383
0.008218385243359633,-0.005441853558607376,-0.0183265902427574
0.0578191345747567,0.038867387007344184,0.002509232328879764
0.11400979757372212,0.027606075353592524,0.03292797277867522
0.07361686331967776,0.017303572678202952,0.12398809635847492
-0.03720572142169225,-0.0197060128084609,-0.011985196733903622
0.056613395893113636,0.06848922923202434,-0.027821788818058985
0.0014695805460784826,0.026563955671729585,0.07460461709668545
-0.0634085782692743,-0.0035460004609786065,0.018309625800222013
0.0033277417036123337,-0.02139292810853605,0.01182135515475924
0.04029522061113481,-0.00033051405256406124,0.03529305987018798
0.006400794104541859,0.09233888989891953,0.01901070124561392
-0.0065216046278492035,0.03937271757674532,0.04713910410675222
-0.08199015876647826,-0.03823861942450961,-0.03356979550135086
0.053615656745894726,-0.002286291519285343,-0.05566443769820574
-0.0352939295421768,-0.07344702537135511,0.012623463173170296
-0.010892445305803994,0.000533759946567576,0.029599521736509836
0.037590619733382506,-0.04944131077643126,0.0455851434013889
0.02594017780860937,0.04059464802843667,0.07259613520158129
-0.06390934003766507,0.09689341545718247,0.046231077149261716
0.048264168300805224,-0.015770840789449424,-0.07058909044587126
0.005639092880940902,0.026498821847542552,0.06768784555462157
0.04681997507572265,-0.037120937472450856,-0.050347166302296485
-0.02599346906183647,0.020170514075551378,-0.00013194501007501684
-0.03776085725632956,-0.09094514685635854,0.018854838922283165
0.06159344827432031,-0.004002502347181837,-0.007989917197967086
-0.006918576220948302,0.043709907182208525,-0.016338951512248907
0.02517181854375269,0.061064851917532206,-0.0055224567545043395
0.037982887593390274,0.06506735531235106,0.030291491072796252
0.06122841228139719,0.012241175094083708,0.04539871523971993
0.00034077540399952283,0.044689621697919846,-0.13375798166958278
0.006901427654159812,0.0537861023084314,-0.03993768254251059
-0.06668232427377821,0.030639480498303423,0.022782711066272394
-0.07373387667712704,0.08211675268682285,-0.05488819885148688
0.018615029982679596,-0.008142610788804447,-0.014311570154742492
0.09299106009291923,0.006782552585851979,0.03240983072722277
-0.006696293972105317,-0.039434319166381,-0.03820178713037702
0.07578449110298231,0.01211914238424979,-0.001957624115781032
0.07111255720010067,0.020358340320723714,-0.013533783438796283
0.02196152837376277,0.004680039079554821,-0.011834799551548127
-0.0677378347287598,-0.01076513132077563,-0.012290878424424093
0.0411942986840683,0.016602914021725146,-0.021882145510055975
-0.02127950658319239,0.06788531914757659,-0.050877682054395565
0.08614976262236593,0.005918839536073085,-0.10033062930853262
0.05212584573083343,-0.008592552708956546,0.02281012014019941
0.1334082258179839,-0.06951185263325717,0.020446512761697656
0.04973985347539679,-0.007131580711293989,0.02523388624568288
-0.04029807845768875,-0.004551526967308211,-0.06214088433604721
0.028965249442391934,-0.07602172225116205,-0.03758048542327854
0.024304432577959213,0.07452132667718714,-0.0006155280287380646
-0.027470799689568,0.039426857521915715,0.04712911184488307
0.06224787349426226,-0.015189885893463068,0.03821807939294362
0.06917718635791721,-0.019938247290950582,0.0005410703282687467
-0.0266952258131082,0.041647312864585076,0.030408854406833857
-0.04444388089652361,0.0514935372149285,0.056027021160659274
-0.012883382407509244,0.032560543005634116,-0.007358996219529525
-0.014837937653597743,-0.10631998499231554,-0.013818123514884614
0.057149569210773354,0.015746392444375076,-0.03617110171454911
0.026336438478226136,-0.010456059789529274,-0.04491698720793509
0.03652435917333023,0.03644094841068095,0.008564086696434879
-0.03543514403262405,-0.06991077674564443,0.07559878772105294
0.018046878219216165,-0.014683350089872135,0.050945968636577466
0.05408706987353838,0.027051457453119085,-0.05471602414981656
0.028246481284700097,-0.013536192019055152,0.0217306699623376
0.09425767006665653,-0.023241764847012528,0.08250473758261108
0.03155222344520623,0.03340322126464932,-0.016857950409016872
-0.03497556301890639,0.004769425265442723,-0.004799372642012937
-0.021050646018507008,0.041398949671614726,0.03120982459184756
0.03473959632329213,0.017251861148139223,-0.02670662610876175
0.09649408919453972,0.019966846308494407,-0.0253218772853789
-0.024612010644725815,0.004269323638285794,0.0324318085261821
0.0067076681990676235,0.015813372143959246,0.04478091214853976
0.06890693257361523,-0.016183809976599826,0.0947684521793931
-0.02287080803238644,0.008881968830789715,-0.07160499977202807
-0.010395463224133263,0.0033782721904545045,-0.03298633981013059
-0.0445959284627806,-0.08225918316327485,-0.02368720354626203
-0.03928532180115802,-0.013951929381419054,0.018906452302963953
0.022111771644966298,0.04137063968552979,-0.015617045517156251
0.003805399255904181,-0.028443344459214877,-0.04479876955594558
-0.05148672173330191,-0.1309849698774067,-0.020160680872564115
0.006800510504389222,0.04377703190601088,0.0024230197092252733
-0.027536264089035745,-0.034475027318135586,-0.0225069132424235
0.0875012896911898,-0.1357585326137159,-0.03426956657766772
-0.09198153829319064,-0.024276571372028356,0.08507719696534471
0.04716296485038545,-0.009651274595900613,0.022363996791161488
-0.016172674312042168,0.024523843099732292,0.002548108834578768
-0.017846314590677936,-0.08910521060365208,-0.03991275704891561
-0.021286023795496933,-0.06933626752058808,0.02743752221202101
0.00610682640336063,0.055971528848895245,0.03750607134554446
-0.019885236217797607,0.06760090379935065,-0.012198691674014241
-0.04918478813704881,-0.03111699437448772,0.04618929617854292
0.07501028718173403,-0.0697397892655354,-0.005433901682269081
-0.01847670716960177,-0.0577169626054417,-0.003743681158745754
-0.0836917966827937,-0.030399694393601802,0.03639290772843152
0.014763562556951439,0.007087303797827611,-0.05664493844115022
0.02247451091188093,-0.04005713695883177,-0.0029487082607666665
-0.026572109031809697,-0.07358019441690876,0.0755272109028866
0.005662618901713682,-0.0099172776216745,-0.06618969410515226
0.03446275354807713,-0.07960895913908461,-0.06968771209702418
-0.08733699195109144,-0.0018413939027354179,0.013127081369110713
0.05860354409458936,0.012784037307319928,-0.0011055113251885254
0.023689878325426086,-0.05032575521164644,0.08973398952401876
-0.029578356954652486,-0.039294909705743716,-0.043407320306058345
-0.026636847333391132,0.006970269796263659,-0.00019645084524103594
-0.04628394073553317,-0.12131954888059837,-0.02519960440933529
0.017167526745216086,-0.04344821085879368,-0.022996401299678774
-0.022523014725650388,0.03939183963673353,0.021232240189065152
0.0510184802017845,0.04518985940631086,0.025048383441053958
0.018551002246307256,-0.06225895143030714,-0.034229451616455325
0.09026647488829068,-0.033214652522644564,-0.015385240584466275
-0.01724714544722042,0.0032700025123454327,-0.019111687885617075
-0.01433681051989975,0.026703614441078268,-0.07075888480685943
-0.070124563499929,0.029388619753282684,0.01402138131980163
0.012112766303214883,0.005745589249084417,-0.048676756108253075
0.007464651523800157,-0.004254418263804053,-0.0050512188369832576
-0.05736080722831713,-0.03900642965081282,-0.04826294057491412
0.036883938184835034,0.004285671850185913,-0.026755971444959233
-0.01750063743126295,-0.09609189021518051,-0.053933200709719215
-0.0017444136772610027,-0.028741671335608367,-0.020762035166937847
0.003530189751103408,-0.04346002425777227,-0.06697119037505753
-0.09032383518151701,0.025363995842651765,0.0628310472485311
0.07800342034960069,-0.11641653041204636,-0.03192331099284056
-0.007977064423651863,-0.022061477997745882,-0.10878421099068716
-0.04558963414169437,-0.13570723936870333,-0.026717057298034568
0.031257706618837804,-0.03689434966345703,0.019428703622389125
-0.023723237384294295,-0.03752145218408033,-0.0062974840551051105
-0.04102409550194204,0.007791987182631698,-0.04819633057187104
-0.024437729216832876,0.08056308525068215,0.012908424469426381
0.05444840579705778,-0.009520748305975817,-0.017628665971273435
0.002419966589867409,-0.04321410270155629,0.0350257740714403
-0.04002031642725318,0.022109084429663195,-0.01702733884617247
-0.004378531412985255,-0.04687093001896398,-0.02415500577170571
0.07419765171634168,0.028674284608647925,0.09274457211517978
0.003278411231086395,-0.06094102785138254,-0.09185667705427777
-0.11487136137276634,0.04994026198829822,0.01042976049868869
0.06202941545280978,-0.040025399776893206,-0.015751001877843198
0.01712908136718809,-0.057904680978203775,-0.023074167778166975
-0.026311670056538172,-0.026757678515615016,-0.08837751424358836
0.012730244381187954,-0.03475747991732394,0.036817303394619
-0.0422409003371434,-0.034675624863238,-0.006980100165813052
0.0183917034934148,0.036890989775332866,0.121545234980931
-0.03434676101103952,0.010497776442886669,0.015115358417825176
-0.002133645114187139,0.0013776645566720633,-0.1848051546338451
0.03967720656725127,-0.11189088486654636,-0.0038933892623314245
-0.048629985889583324,-0.11503598377391502,0.05011643486920195
0.045429728766910975,-0.015047381188509613,-0.005132953886765835
0.04150189139676126,0.00681588981870087,0.01622401719544922
-0.031364680237947744,-0.03967274930674888,-0.06116986060207513
0.028972492522312772,-0.028392148990582546,-0.05898631423274263
-0.030021707149724453,0.04539319916673504,0.01740684728580993
0.014555882272097906,-0.03149720817594643,-0.011022721048086067
-0.024632378793028164,-0.03780730515292166,-0.07920466206802249
0.06655566462467011,0.042818991951274185,-0.026593818329138326
-0.0393458211340395,0.05493139226439712,0.05769386729361795
-0.050540183523589036,-0.006925161399402167,0.02938838173977244
-0.08661956650769334,-0.00816705765077063,0.08729135175084818
-0.045763998926741295,0.010784612841615724,-0.07893240208222939
-0.09303303932830034,0.027406359199523216,-0.059004608045205464
0.004435275085325329,0.04803847213621616,-0.028372666938892708
0.01702136113143261,-0.01699062790295136,0.03078553829358747
-0.03523713820319623,0.02490734968988512,-0.03393757515337309
-0.03887308812533821,0.053152623247082934,-0.11617682148690295
-0.012185512809536822,-0.09606023919922302,-0.01826177787753705
0.006445240522290119,0.003769303619703221,0.05728657963756062
-0.066080909208086,-0.07670163568873885,-0.07401967950233876
-0.09084504487320089,-0.03024715778885724,-0.06554172373872878
-0.02045705165402895,-0.13626133997926307,0.021923129819896126
-0.026312678099585454,-0.05402287794604556,-0.003996035235972084
-0.06292529169009733,-0.019179658794703548,-0.014518050841448107
-0.05188898167070049,0.001144587698235923,0.023635009358393612
0.005135068943068342,0.011474661792893397,0.027767903952333587
0.014955506467423978,0.08541815621208286,0.030897871922700593
0.024113266392727598,0.04361584011810915,-0.026093342747251936
-0.017097028331407436,-0.005061337304914431,-0.012192370341833313
0.06196828083842587,-0.03862910669499318,0.033639410625050686
-0.0599868475773009,-0.010152062695015675,-0.047229148079184255
-0.17779571707896,-0.03647890334936324,-0.0909780293604587
0.07918777052600684,-0.06675542292464681,0.12309836465367244
-0.04930853264250956,0.015438099013539621,-0.04345551816087423
-0.015447775558065062,-0.053290155771211226,-0.06806348613837078
0.035563095979010965,0.05796314837063555,-0.09670334801192665
0.002511708713542924,-0.07753354964534678,-0.013973458701249521
-0.011776156191859377,-0.021413380823322663,0.030318524969321223
0.012862678324450722,-0.041482395134517056,-0.023539901835756154
0.047344805547547913,-0.06828694128213822,-0.061129266089858664
-0.10007748295005668,0.014442757593955458,-0.037182280215744795
-0.12543650963282288,0.054708402495166564,0.0037936608450117697
-0.02542230096250201,-0.017765256252527784,0.008275402468652365
-0.06844730509853308,0.021793040383143298,-0.11721012052806869
-0.025278558284651458,-0.024103792450226685,-0.07040188926963578
0.038814953248193285,-0.018381545120864387,-0.020092738251626045
-0.08554064659290676,-0.09511834253885523,-0.032395386218064114
-0.03771553468086279,-0.0690835227331499,-0.025815119226780557
0.033020556625900276,-0.030686515734024672,-0.01671063781234792
-0.02200915379575663,-0.0749805294291624,-0.06681701273712067
0.005171900250979609,-0.07178652364887902,-0.038067778608414565
-0.01981073893781169,-0.03445612060469397,-0.02287091554372559
0.06550899726464718,-0.07148716568510993,0.025007039364174442
-0.0007671737953784084,0.0339067156531294,-0.12048094133941241
-0.10807799352155811,-0.04333012758086309,0.03191939797874713
0.04792785318385881,0.04394573450188195,-0.012871147323263011
0.0399859134086566,-0.05581806981140639,-0.03718711788446018
-0.10160427312696589,0.019677581219439754,-0.06637226258354088
-0.048389975366481944,-0.01600138509136819,0.05670309131682508
0.017480891924640325,0.08546068636706897,0.06576938958262682
0.006751938738197488,-0.04342092858780796,0.08280224439464567
-0.0489902123945266,-0.08711758100154932,-0.007007324942861602
0.08040258428841215,0.013967746657382405,0.04218944123472053
0.0665798505347846,-0.0067123969120047484,0.036591645642210624
-0.05104595704783442,0.0024527556539736192,0.017697646476908174
-0.059995807810552054,-0.036830645166282885,0.04574735961818702
-0.08923157403870688,0.046026490148621785,-0.04139186735711181
-0.03608652105561565,-0.02168508552544268,-0.09893403708414378
0.07717520538670579,0.012990614857137525,0.006390502181993881
-0.017824761375138977,0.0073629783599795245,0.028483972366553898
0.048874114301565796,-0.039963235861538104,0.014026253461188645
0.11177993584380883,-0.09254852784823821,-0.044789786127814736
-0.030912598155230273,0.016107640550775352,0.03599895655990483
-0.08989475403365249,0.020454525142726214,-0.06378734230450772
0.010156064135069323,0.0008102027740583967,0.00855806456834313
-0.06327454431864797,-0.022528591399801342,-0.047416897989762105
0.02734890190766828,0.00451162733392978,-0.09215435595967067
0.0748855284810156,-0.034352279094413005,0.023190126414544994
-0.12956467520208256,-0.014995896506645102,0.05758736639402504
-0.06036141604163569,0.032816595665111116,-0.10581352097458746
-0.05361353515376183,-0.0021507662536070123,-0.07861646279697225
-0.03787035127152849,-0.04393600938426472,-0.01639014498094684
-0.05395171465462054,-0.028901843771987318,0.003373973727844202
-0.021985108445375184,-0.04633621640094281,-0.029011943349044857
0.03098112235535138,-0.010509984126547713,-0.07347068830845385
-0.08590700231842315,-0.02088111431120334,-0.05054698354089309
0.08569596069596457,-0.04901956062683971,-0.03906188101765149
-0.06787515367025752,-0.1383246937052625,0.046004872979075226
0.05340034001470572,0.009407214638438898,0.01393307711600327
0.006503881791349265,-0.025030938723441393,0.06083946747746458
-0.04429515361050092,-0.13083263461116826,-0.0743225117892153
-0.04336321572949343,0.01837572593676816,-0.008190860318175902
-0.1189101695358416,-0.016384241480383543,-0.04609768251701905
-0.1077606230014555,-0.07693395330468103,-0.06922089151318755
-0.01590576085137865,-0.0241435566186363,-0.05915403623596259
0.009528319362314094,0.03639272524729938,0.04749576232722169
-0.0066881312653853785,7.443625026037036e-05,0.0630328281781457
0.04052183595342494,-0.04405439266248063,-0.0035169498776063245
-0.07733304349938064,0.06356678722085252,-0.0031404346227222567
-0.03562154671248827,0.005990517498872014,-0.02198944591368875
0.01568935797471331,0.02449113770049908,-0.08445571360233507
0.019222751609648037,-0.03150194721089071,-0.10079081830320882
-0.07698029499822792,-0.07151197791059313,0.0026749832992245086
-0.0459273863627286,-0.02933446328028818,-0.009107025372461865
0.0477564386229882,-0.058379277037863275,-0.07352420776027017
0.01506259584442978,0.04482492359136162,-0.07853546702918762
-0.04949294890378075,0.007723578335802365,-0.11062337327243053
-0.01449466877645002,0.0772208128577593,-0.013797622180429802
-0.03488196280135509,-0.019585073416963934,-0.02074014271088699
-0.04721666875016263,0.013354610778931067,0.050861662373343365
0.07936926240815469,-0.06632422181358298,0.06938565795447048
-0.028544737321512012,-0.051149630119394565,-0.06419627427069714
-0.06388367581204454,-0.01714091951468044,-0.060335828534594356
-0.008872020315205766,-0.027678289091077512,0.029388858457385696
0.06410314775867094,0.06537288581287341,0.07558537927110352
0.03123460899590743,-0.07708868937030104,-0.026020632521241448
0.005564176443288649,0.012823973828255422,-0.05374494330085827
-0.011826307765160617,0.01360214538940279,0.014989378525043957
0.014266585302854552,-0.015842720528654736,-0.030862992284969706
-0.006477568422510974,-0.03281690753259106,-0.08727136743863496
-0.07366978348973488,-0.050629396391036315,0.0080834709906769
0.002447368225725676,-0.026414061830574057,0.023136602185430344
0.003232562621137156,0.05153425107013243,-0.08907673824920481
0.054026526102779776,-0.025106654621425063,0.013266676242886789
-0.023776776955429364,-0.06763986196720309,0.00017634058412485795
0.07524957967977318,-0.00281612801154709,0.0916565196900064
0.04508887215579752,-0.14197493608808498,0.015168015147251841
0.018832284832614576,-0.030384421861561057,-0.000919049359853753
-0.03658700036761569,0.006535833708902474,0.0018272150427451539
0.05292233513765973,0.047970711117485965,-0.009720389380667502
-0.012286053869685828,0.055073441555720366,0.014998376351591918
0.08374611032452453,-0.002357665406207533,0.031960513907526605
0.021851879848389065,0.05214294868895785,0.0076067322745431275
0.05360265148766696,-0.004167345693507585,-0.0010984673734185527
-0.03292260386779945,0.10061901107056427,0.03497726414605882
0.005650161393603885,0.01735151106737707,-0.11966415857407964
-0.009671567678308539,0.08624706641764761,-0.0845230489366145
-0.08674953078383936,0.01715245614330961,0.005674112206836437
-0.012181429942139693,-0.0408685810525844,0.004863252193704783
-0.009098285900676543,-0.029860256845284122,0.030105061074633906
0.030436717637542302,0.007629054426024701,-0.01986545580992198
-0.016072033476787196,-0.12090922346508363,-0.009919892941306841
0.014419699444085256,-0.10853413538162182,0.01454859014978483
-0.03187567700441701,-0.04876889387710903,0.09115488942684137
0.025490115880669566,-0.0353060055192736,0.03357343084168608
-0.008684954703035982,-0.043209549170079777,-0.010637997184166791
0.021740122857200204,0.044016633300788935,-0.01602436390245009
-0.03937387194542555,0.09968056529467241,-0.09356917481925026
-0.0066917018705993266,0.004836679754830079,0.019925946859856575
-0.05152756617589748,0.023775616102233513,0.040250131908901275
-0.04366488339423047,-0.00485287250464674,-0.07311470240403814
-0.011002427157958048,-0.004934051417590638,0.01669238354752669
-0.056430100085516945,0.024160182908715258,-0.04459409362733844
0.030310223300696416,-0.009051814164150957,0.06377318056719283
0.004710288684811024,0.0996335597816647,-0.01587803892900448
0.017548267033318597,0.12305410845499742,0.011821929275084676
-0.07452002910634645,-0.04095507711437494,-0.0024175553337120338
-0.011865301484433776,-0.01038364148762886,-0.04772279525910432
-0.02872311477159957,-0.03583441986399845,-0.1134676579562089
0.044469384588914015,0.0959639501898896,-0.06307370559808334
-0.039093364354699824,0.07605761672027485,-0.03634237609513595
0.0782379786399994,-0.04103139758219664,0.004295308292326468
-0.0052909732203877315,-0.01968858474973631,0.03334431573995731
0.052366554510571775,0.02722144728431577,0.02980650631383455
0.09221452193818765,0.08169225618191583,-0.0485539033485306
0.015831069055029682,-0.03880959342344326,0.06311003588012831
0.021029108966170315,0.07425349754432475,-0.0528326001666129
-0.08072323286120081,0.007135488780375529,0.04431876137004898
0.038230153775093714,0.051488671929775895,-0.03565917232151726
0.0733458599239379,0.010924656927792193,0.06285157239736269
-0.05674369297372154,-0.07519149733434403,0.03978448684411131
0.09640656576394369,0.02506866719581848,0.022612776440159424
0.013023941789794786,0.06482474139986591,0.03891050111845509
-0.01242733197753583,0.038857994107685256,-0.06482313221567715
-0.03138184511643898,-0.03324209634421047,-0.006949814984656062
0.14633512009175648,-0.06852666978155134,0.05911368121508996
-0.0014851900779726465,-0.006618308035579938,-0.05178269423955956
0.049235242029139724,-0.06121229650720032,0.062447987385355924
0.03597642062473204,-0.005583953995491603,-0.04511982309815143
0.030635997159874438,-0.02993674578123013,0.1085369256621288
-0.0018264025892334133,0.05421881880253816,0.07473314057898175
0.010139670307660897,-0.0318784315146813,0.009342934687449875
-0.026010253271992183,-0.04501175039543039,0.08120284178099596
0.020422616979911816,0.004369306221678871,0.010317757588276851
0.06261082551737433,0.08461508859609962,0.021409499010304384
-0.010006049770567188,-0.04412322368949377,-0.020863615512499496
0.009937419366140187,-0.014897909291152438,0.02464692193642868
0.10794030077064269,0.07816261128769561,-0.017291783164623396
0.005938557875831982,-0.000435338756119329,0.020059277847435254
0.06039313163316469,0.045345956432193454,0.013030096692296943
0.062196377532338795,0.012602418928586828,0.09074220482709
0.050779890088489314,0.06959198817563071,-0.006591644822735488
0.045985092336825795,0.07746181051026971,0.007788473431326605
0.02256101390822807,-0.0018144620289052178,0.0048822919258332854
0.06927651625701903,0.04692216610067597,0.009024606396781609
0.06358101482268862,0.0943749079835402,-0.016198326686834068
0.10668746222225521,0.039812462965410314,0.06120580031001398
0.0742083441543871,0.11806695334353455,0.030420363837037286
-0.03366960038432981,-0.052265033739965897,0.04789280996943965
0.021356973611235855,-0.028848081802187432,0.02191983099197342
0.09118878637609847,0.11401820117122506,-0.02955215269485341
0.020069194297380733,-0.030023943676937993,0.09612509580311872
0.0810505024642696,0.07401198741188884,0.06115341702595458
-0.018104350924098688,-0.06103602093529484,-0.06324466063611581
0.0781374747369267,-0.014180654713039337,0.06522394894714677
-0.07013676124297957,0.005803583944608729,-0.010340233950349845
-0.030914051188998613,0.0709064271567955,0.10618699022130024
0.009339906709196275,0.03676989555152773,-0.056636296570493364
0.03319844844481154,-0.010962624543292897,0.002988405520197683
0.04158791552876508,0.023388481518592172,0.044544556281247705
0.047417087579267526,0.06264573536211156,0.10699025449497315
0.09895563266254732,0.0536599342571463,0.05108953680494614
-0.01374938271149707,-0.0204924482656372,-0.11301003954462997
0.015519214493494282,-0.03706863261325956,0.11725830494720789
-0.02039228103681058,-0.07890673994513296,-0.004155116850596958
-0.03355429321900811,-0.018094769919364588,0.06273498034443065
0.03979962919636868,-0.02954608865899703,0.04262093709064568
0.07910089894433622,0.03260689914530381,-0.0023573510264937488
0.05176172901717081,0.04753989586855448,-0.0007704359330681816
0.1034735936874276,0.0879251568197534,0.04345955515306743
-0.12242715762944276,0.0508051319267183,-0.06128431286857296
-0.0008794784237458331,-0.06210533110141539,-0.026351210880356093
0.003725405735423997,0.050036333506631114,0.031959343019440783
0.09389329739847216,0.03657791170754775,0.017186500071006788
0.03189793311464925,0.028706719108601807,0.06754518257705214
0.05266994221898674,0.026600475969474305,0.057808666925747265
0.06057852945975061,-0.0012070739311611095,0.015598219279123905
0.08923000609084672,0.036543475754510335,0.05075844415875688
0.02327933983938788,-0.015378571713964378,0.0072169864356232925
0.12341691278259759,-0.08010734194303581,0.11035707332455398
0.10225030998268098,0.0020989015025108006,-0.0375173237801123
0.06037623151173234,0.076490318548354,0.046441152088496265
-0.02323626249019358,0.030191481019528732,-0.02195473433891846
0.0079519745198201,0.055343649949916016,-0.07163172626267833
0.027042044261052486,-0.00020882597419551174,-0.03323224245299766
-0.005877133979926612,0.04013280429060556,0.0626162879318216
-0.0005484687865128964,0.03761034381255511,0.007944431520606782
-0.07133870471045121,-0.01032653100177967,-0.022475171568591013
0.02129521170783485,0.025000961796282042,0.0021032965421603107
-0.048210862617028866,-0.01543977534783024,0.11066168310410217
0.026792624213078573,0.00864767842135528,-0.05861434255521911
0.03344752718653993,0.06343735513288068,0.07619659082836944
0.005843792260665982,0.024754155763005166,0.004222233823848974
0.0017731201754392183,0.07711917640779549,0.030920132924268127
0.04329693923562822,-0.0026186514217877085,0.07168611649249156
-0.00029141026726919525,0.1722714937739977,0.09884525702203142
-0.04648797705162196,0.014824487456588542,0.04540362211104432
-0.01778856408073529,0.036457393578073094,0.015900891863862104
0.02009119851322044,0.06311766554168477,-0.022927635172727747
0.052950829731501184,0.053713953187896006,-0.03780957587158836
-0.047779517053532394,0.07430270067900603,0.03655869839889224
0.06920716833496038,0.04911183127562366,0.07872225318797689
-0.014481582741199109,0.03578217460367378,0.020217295357620346
0.02111545127260782,0.014880565847015921,0.04358908451559834
0.020883637702378288,-0.014115217774889423,-0.02142321965248002
0.0159295301055876,0.028225394097456766,0.11966671409619915
0.0484599343134199,0.04851657586407164,-0.059099067837888625
-0.02500679167106137,-0.013727916751372627,0.057346463171590104
-0.008846117085851913,-0.0032868972675255265,0.09344810588984107
-0.0527996666474438,0.046240985789611264,0.027411363850369103
-0.02837074582505734,-0.020664200567569565,0.08283028341647108
-0.10301041346434199,0.0559304819601809,0.010391385741917083
-0.001288841478611323,0.029491249941598366,-0.02435847490048028
0.017185468013411382,-0.07430359785779583,0.06741829312304784
-0.018606844815623698,0.10851260318895287,0.009361681993088613
0.07214794077473613,-0.07070628227871437,0.033289753224272634
-0.04108944520394339,0.03506994825697643,0.09517682003607916
-0.0038398684733921586,0.053529919246894,0.02922785322333083
-0.008007077995148618,-0.043531032618153775,-0.018754881743948838
0.0358576607866368,-0.0063141330908727845,0.06539858319949916
-0.005651152136432098,-0.03734217426114335,0.002673028256014783
0.007789347320224585,0.0829826996524947,0.08550124398517578
0.061706794479635056,-0.007174857949941882,0.004959840264209883
0.04315488637210871,0.11238215452594871,0.008663121921963527
-0.07765013904789733,-0.016100185311710417,0.019199648870722473
0.02412729118560277,0.13550373852988246,-0.07152765197157844
0.02615899489879866,-0.008002254190005414,0.03500791488888684
-0.017549774965684377,-0.04165510480584316,0.13469403535603006
0.07915769205761493,0.008338247523651124,-0.02221583090232149
0.013186282333756287,0.005999650746329419,0.017257509996207957
0.041205644852111235,-0.058021808203005766,0.032245214259115376
-0.03200265610563953,-0.04042580622387262,0.07884750274405178
0.007071111443533813,0.03756449906007814,0.10603026862867226
-0.03889974045104523,0.06564876774104396,-0.014482134480806572
0.024765801451709417,-0.028634700980801536,0.1005653255241816
0.11479921563912125,-0.02275454077679041,-0.04570279417614287
0.01961379155689914,-0.005447547634907252,0.018732524641308316
0.08026948304564889,0.09543795109265815,0.11768858276518725
-0.020672761335170264,0.06469386822375081,0.027966333247485257
0.04032135349714864,-0.011709192616132303,0.005574993622395784
0.06639766086440012,0.054108101633163305,-0.013744952920413656
0.11671680466872382,0.059943021173366626,-0.006450172201972389
-0.03727132704416408,0.06350988044729951,0.00767609152998153
0.029201672087475775,0.1090785471908274,-0.008605171648233224
-0.062178038802237205,0.08316277739527014,-0.08761551866481038
0.10013422726012361,0.0986841325007159,0.12287089317555601
0.0124252976915465,0.03548391931217673,-0.01610954552118521
0.04017602471985879,0.02367835337165061,0.020767372866275023
-0.037890472576816145,-0.06556796345895462,0.0708634207563783
0.033118675609981246,0.0020238987388876955,0.05562189022742369
0.014810751981046054,0.06976810856242144,0.05868652966283491
0.07451277536574438,0.06759803279116845,0.055691702078740295
0.0464083233913273,0.0506154679654558,0.07504277038150908
0.06176501174231639,-0.006498213192455459,-0.07835400460581708
0.030519557589624977,0.0897771683713726,-0.0021527046149004674
0.04557074039808749,0.008556045191458887,-0.01162729171757202
0.01665099304413474,-0.0012961073079429475,-0.035975791186196725
0.02621495331080202,-0.04610218450369769,-0.006029711505819781
-0.05720888834450998,0.0939311735798381,-0.06141685772568511
-0.016168623106976053,0.0018674150355798644,-0.002638203484064088
0.03630538040343037,0.005616920847328612,0.011465669339992338
0.03349312928313769,-0.005934004057093475,-0.0483870743039438
0.03792341258134331,0.041453206311933964,-0.030328292435992214
0.037790349257919006,0.05940943436587639,-0.04572645307893897
0.03491065137846547,0.025529026780054226,-0.03943071112729853
-0.019312250118130744,-0.03703180289273814,0.033140305396496636
0.03502936083084452,0.010729604839480076,0.0006897883632937703
-0.018761574793480364,0.021901314177640827,0.0005754155506738417
-0.0354859840104844,-0.04229662788863191,-0.0712872138582306
0.00740903418416638,0.12350555512679216,-0.08009053697935416
-0.0420802710180896,-0.01878364391550837,-0.04317379275026663
0.047881675423629505,-0.008520669994101763,-0.028261201085355053
0.01741296355688417,-0.008772512820399786,-0.017530455820597566
0.04513306758361891,0.05531137765504865,-0.0276431575496992
0.009050088820811115,0.1060589727047211,0.05817079168435262
0.0569844667953643,-0.02236153564964656,0.08156561603751389
0.0020872474091565008,-0.0869439334050911,-0.023821105678015413
-0.021389850031052003,0.08100514134653575,0.014854468634929707
0.06782008921096151,0.00843719084089896,-0.07220015433495591
-0.061285788851657134,-0.004247676218935487,-0.0036821588351633847
-0.05807113013654621,0.03339749874289809,-0.08006483326383274
-0.05838480798775188,0.009017225654346404,-0.06028944852838693
-0.04043588041311277,-0.029868565384693388,0.04762801944387135
0.1193834683061275,0.04204812319927896,0.024358376662501145
-0.02725843063540103,-0.052606900611697885,-0.05732029682147388
-0.09405631811964961,-0.04687775857998674,0.08783049695795525
-0.028371533197548617,-0.03484688215324589,-0.05936998359266434
-0.018392443824908695,0.03679578967955528,-0.04954227347668031
0.08572753957510985,-0.0787649758824452,0.01834544590338908
-0.03847505744834547,-0.03816977272011197,-0.003446349834360633
-0.13233214549455816,0.06610396190329804,-0.05337986420390422
0.10558903354450658,-0.006685137372392713,-0.05194501477296964
-0.04642362724220647,0.044709535033386275,-0.019553195279990363
-0.09020128196149929,-0.008996388234670381,-0.017988422948292813
0.01981366144880699,0.014347582456930054,-0.08377561557517302
-0.023091697185867587,-0.007473451633478288,-0.022990357511252113
-0.020402449002388696,-0.05585001552362725,-0.0011273926623521177
-0.028654069837409132,0.026574543100950396,0.022540602294024055
0.049437452936870484,-0.00017048412817582265,0.03425830583166941
-0.017410992295190907,0.0303134722425549,0.01385998367754713
-0.08963796578961904,0.11006105906450893,-0.02338034757422012
0.014673859448920596,-0.03461557092897456,0.029037468877210232
-0.03278160538004427,-0.049599123904706624,-0.10476516899215
0.06175036223014261,0.01624306653041145,-0.06626503507885709
-0.0656303417652517,-0.11254080724548512,0.049332112777560645
0.0060017298762596516,-0.0430633442819162,0.020017662717698146
0.006256098666377513,-0.03501322459791092,-0.1079722460116467
-0.050572788805834774,0.03315295370095506,-0.006336084035970963
-0.006811719661628559,0.04002168538829833,-0.0301268313785576
0.006693236580865403,-0.06074745192967718,-0.006596065478371424
0.07776045809557175,0.02232913822378115,-0.036558799148495094
0.0055535947248343265,0.007506375471161659,-0.024566077102461597
0.0678646180492104,-0.0794708978964275,-0.011901059241280616
-0.02669639384722359,0.016361106124876755,-0.019399890224480628
-0.005755517055768881,0.10125807791362001,0.08165060614567674
-0.04250642178536653,-0.06951543104924565,-0.03172070926431626
-0.04503837908392499,0.09414930051985061,0.10961137037538106
-0.07131344421975047,0.03296728372690111,0.03242178282167302
-0.02464488647004192,0.037777384654056084,0.016272267175276703
0.09711209365726665,-0.015265990793252382,-0.09543462026220441
-0.05832812975531844,-0.039417514981332495,0.09567245936101552
0.006050556445047404,-0.006507992126138564,-0.029843167958545087
-0.023342951604306578,-0.04143684364614439,0.00716981195663707
-0.0662029051752931,-0.06166247923300543,-0.04203466673556636
-0.002353088944457302,0.05436008475463292,0.006477681260693665
-0.002859525548844069,-0.0874208318061168,-0.010755429678990918
0.01878189570801351,0.014156745083847044,0.031558415646871424
-0.05061935858035993,-0.04569266586431449,-0.01796228549278363
-0.02415036002021123,-0.05644681898220287,-0.02134011477148444
0.04955615627970399,-0.04261412276246899,-0.017212871558725737
0.0026903662183777616,-0.047468923158736215,0.04002700075169918
-0.031125251882950532,-0.049971245448834016,0.07874671329332648
-0.01884447521792014,0.027134595836393383,-0.0028215954141935437
0.0694609104089902,-0.005847337673781481,0.09008212006618413
-0.07234476972106922,-0.004653623379121126,-0.04026085531215556
0.07795734501244302,-0.001153087270672773,-0.03635186817472735
0.013462291059457192,0.10678604968183884,0.017387372899011558
-0.09201083729081913,0.04226427219567196,-0.09730558908384995
-0.02174421006449047,0.04805112126166351,-0.0019098965960179255
-0.06157266424144354,0.0353134919491427,-0.014687467047929885
-0.02127169272042919,-0.03193630096234891,-0.04394360769079991
-0.026359498467158425,-0.006657931149370168,-0.02753665396579861
-0.048105655675418565,-0.022942686893307543,0.03337021452384739
0.08048900447327426,-0.08892186041811374,-0.0624801962869966
-0.011631050656883603,0.022295478242016265,-0.04949441645787221
0.15199635783927068,-0.03571857034505459,-0.054006351178812445
0.03857660580649738,0.005254744506964778,-0.02828511629493414
-0.06367452258575745,-0.020607098459818295,-0.07618644612066348
-0.04789630334570685,-0.06725292404435886,0.03230857073613476
0.012870869213076508,-0.03476084911650949,-0.03591595615930447
-0.11175880276220646,0.0007579057260885987,-0.03550438834034797
-0.048098971591803256,-0.000997074129900178,-0.06728906549107307
-0.12997828066871958,0.02116990789824212,-0.0441164639345412
-0.010585639143731163,-0.06922763272097499,-0.009884531930202788
-0.09735819702102173,0.008675439632571145,-0.08799929170391756
-0.08541296191396125,0.020148767431969684,-0.03572883633835447
-0.0040233253515952055,0.019127362064803977,0.0032000105339028556
-0.05832041259749921,-0.011368229067261263,0.03899336462604946
0.014693078978351252,0.0035055638286165813,-0.026145984488932066
-0.08942465778094875,-0.03642646010439726,-0.017332643843271156
0.046269133880085786,0.0036105579203594453,-0.08252765952930227
-0.08034254797848947,-0.027832401596280313,-0.023207470164631854
-0.013043005525848674,-0.026839205499215653,0.0021134420272265995
-0.0695425945325006,-0.01998937933570647,-0.03299501463388786
0.0011573678922993762,-0.02080753530984349,0.08738444921132915
-0.06946498302726739,0.09518489728260913,-0.03942878481037412
0.07035092902397601,0.04561367116245467,0.03451040072662934
-0.009833914807492,0.0014119632533529276,-0.07671715450678834
-0.11628865259589734,-0.00895639816899426,0.03555506444594801
-0.03354122209818525,-0.06613991229481016,-0.07304885950544802
0.001519679978768989,0.024772672193066718,-0.07872637024444706
-0.04836476651137647,0.012135657300149053,-0.10341490035464049
-0.06563843231045448,-0.046901870115667474,-0.07490681760292836
0.0016925994805204216,-0.024524806770734986,0.05344186003590927
-0.04106198873857238,0.020795617613389175,0.016461037666354164
-0.0038343637255570107,-0.006497144412756855,-0.08495872622613765
-0.010264122654767643,0.020349358304125972,-0.06710477807422398
0.06745893725196062,-0.02640503296854984,0.04524560648009051
-0.12006755341855421,0.0420952744408496,-0.041770662384659395
0.05778247102984935,-0.0501135407929005,0.0012062324245971333
-0.12226482364638816,-0.04485681084243884,-0.016165210028314902
-0.09875068923562065,-0.03396858559155423,-0.058161581806459514
-0.05243576260067155,0.051114329600891,-0.006445289905211102
-0.009140185607645837,0.058943602825022645,-0.012147225283939798
0.020263294772961005,-0.10671372224468219,0.018111525642975596
-0.06884448664473089,-0.005937936162527732,-0.0745064322809958
-0.06397203969896668,0.02816377348502783,-0.07788950541243131
-0.023586205263472278,-0.009268477170632412,-0.038945669993936866
-0.046419744714250616,-0.05389645628735544,0.09618067963876549
-0.025505204328990738,0.05012328143178662,0.02368509190826714
-0.05872324448388231,0.005935043328111709,-0.09377333796236184
0.03742572864796097,0.0034001696047006973,-0.042257289260139164
0.03690757101267802,-0.000724996367613185,0.0659295354414198
0.004504831585204282,-0.013887942616487556,-0.03991406593210618
-0.10664879364480243,0.009445664263799239,-0.051157978372316115
0.025740448314771548,-0.013778789362181076,-0.028382616592445738
-0.011019597607526316,-0.009083211921937829,0.021108416998301547
-0.017661133547204052,-0.08389709648017085,0.017879915521551312
-0.035873096798424264,-0.09791866517858527,0.005621471732077249
-0.023922180668640967,-0.08085698479634759,-0.013827774688218126
0.0038613027681513173,0.05837559564181169,-0.012243536763565394
0.016515889573300135,-0.03971124032247182,-0.04369442356738135
-0.07633672933453982,-0.08931451934436363,-0.11624751090516186
0.05296036650203668,-0.05975195941416976,-0.050273707185697424
0.010101960874338168,-0.005303054021961708,-0.045203363020752355
-0.0827801972931376,0.025437962848996517,0.030811223108397633
0.004396599789165897,-0.06700001455858938,-0.06123592053280605
0.03817801325428097,0.013996027568116621,-0.026499262372074082
-0.038497558083144486,-0.05039319078742832,-0.10074276608415185
0.06496088348129961,-0.04708949059724527,-0.030561486791930926
0.015618444478657567,-0.02425062008173234,0.00018170603423398393
-0.03302845427744944,0.02009789124119235,0.028513744834235376
-0.0030179484624835405,0.0021860060108717765,-0.0014371512159862161
-0.06418051228102105,-0.00035084322810655447,-0.024996410715807056
0.07775299442802208,-0.014480342413581485,-0.045340105523087176
-0.043447898988106776,-0.05532021526039961,0.024989182959401928
-0.03485751631117957,-0.02748079450994478,0.027276433343407524
0.027060227594174417,-0.036121220433743106,-0.026627996262063122
0.05900747376857038,-0.0003404683783513468,-0.0999148495443322
-0.0076108578486267855,-0.08581451908662438,0.021101971275146642
-0.039187097915758154,-0.03642194643976329,-0.007596535199132991
-0.10124010012250975,-0.02906337380525974,-0.0841826549487858
-0.0025144135563915267,-0.06300613964671749,-0.10439361263084165
0.01581106992122073,-0.024560186465682726,-0.032419393265131574
0.03697241132697067,-0.023453609994867126,-0.0588688446081076
-0.02268509099229294,-0.016254967804615102,-0.06426267437239377
0.0921756220353605,0.039619851601529775,-0.03954533798665765
-0.045946058317718405,0.034761184959378875,-0.03161461587249888
-0.006274445830535201,-0.004585107414817104,-0.031566403394880406
-0.057663806738780236,0.0072124725755962505,0.0422809551600317
-0.05500273186669388,-0.0039618594201526,0.015165834814149098
-0.004980564612776265,0.013728989734032407,0.0404068333706071
0.008720964294564282,-0.029765894924527567,0.014454998021905288
-0.004390510258250548,-0.13685315606876056,0.1025584174138508
-0.029428130643075624,0.0054269386037391724,0.029801689391659645
0.011732452360015747,-0.02058804140834169,-0.07256721358791321
0.012292525295553471,-0.036907172187222385,-0.007907150485904393
0.042641239075102984,-0.02409397193345648,-0.08464369932968646
-0.015789043563726058,-0.10236067462397395,0.010617265506249847
-0.016746194401892643,0.0325059251341414,-0.017226257099210673
0.007015114406104635,0.0380832708358166,-0.02724213085523914
0.008376429475173598,0.06894458169480687,0.026358217397584087
-0.06395438152352592,-0.04228026000972876,-0.06264874945747789
-0.08184994404612754,-0.11065801811973847,-0.001209312348707109
-0.02266529923993992,-0.07553480306162468,0.037624423142547235
0.1367279961926711,-0.062102736545103905,0.009535110400283918
-0.0009242683716854487,-0.03945055486619016,0.03279501392094632
-0.06879318688392673,0.006519649338482899,0.04165584233749714
-0.06369204192414349,0.03765007607524308,-0.018070727260727393
0.0041374764987520945,-0.011006361159077065,0.023765918173397772
-0.0015740078478780157,-0.040858093293601745,0.02232346039822688
-0.14029047646300463,0.015339310287424038,-0.034499832234637026
-0.0983255651749326,0.04700967866866701,-0.014191797086458891
-0.0362572432876283,-0.03780916523624691,-0.05338881323634005
-0.08157101877534668,-0.07778722228267226,-0.014473501348942644
0.03510688399091956,-0.0057411507286052885,0.02590847180366225
-0.01341722234064105,0.047479318108793696,0.059378267088966534
0.10468653520717872,0.010733845994287347,0.057927490284465644
-0.04589589542880498,0.007768221728037183,-0.021190371652771836
-0.029346663612367506,0.03126009116826904,0.002727692352089703
-0.05001306947848813,0.05410960683449791,0.0348171465337411
-0.04401655198226537,-0.048009870212269046,-0.06693216819383979
0.08923106224440286,-0.0446664827220311,-0.08833607510512248
-0.024312165274143017,0.009539017321903945,0.03739502322853549
-0.08439104862916447,-0.021440127926399842,-0.011135261940540406
0.03431733653182017,-0.036252369414807285,-0.027941113862253626
-0.03276379417219155,0.00035108756212331657,-0.04774706063985545
-0.02746312214304275,0.08546215973370808,0.029213179988641556
0.036802112052908766,-0.05668646891834212,0.029538117210755846
-0.06854717402711202,-0.07014641836094677,0.028431793107310362
0.009518915625010258,-0.04084541950232678,-0.031092566168092594
-0.015769642708240637,-0.06884346144140144,-0.12013118729771083
0.02988684591179264,0.008179318329506052,0.08020015824624992
-0.04548726316084942,0.10796632098227402,0.010900239572849336
0.008520388698969955,-0.060169521797375086,-0.16068686261123644
0.00486247095013628,0.0928568940366554,-0.021238775400733833
0.014548622407498001,-0.07600302022719285,-0.01945010631972031
-0.00679561797421282,-0.023924458660104952,-0.04399091908721427
-0.021938387585004153,-0.009226802528368938,-0.01301479803705546
0.029960567097487796,0.028374124707819692,-0.09481952317834716
0.016929908591706913,-0.096269957304733,-0.0021966185111961974
-0.0178824801902014,-0.00020977608852174184,-0.003886183227707157
-0.03126262967303711,0.08614315313573867,-0.03294773862933134
0.010545299874599907,0.07228444867669258,-0.07243725955821202
-0.04144864050362137,0.045726199300562605,0.04834549647712672
0.07186656969450728,-0.01494386062519922,0.003869596108773906
-0.0736512132906425,-0.013663396591121599,0.005543460098336522
0.03144722220086528,0.0024051601389920144,0.008394235961412675
0.019981423175751106,-0.02620358570843183,-0.05016376629658023
-0.01990598992402425,-0.013290851080235061,0.04954224051830172
0.02578887755800206,0.06569172448734599,0.0513592262842809
0.08704409095823519,-0.02842651140140147,0.01653640461133421
0.026719908212240878,0.01631970909446983,0.009817852920978018
-0.05983654996091131,0.056890108674326895,-0.05903384023809333
-0.08597816773289046,0.023622711423358287,-0.015074213139201736
-0.018883987226258423,0.09697264403062626,-0.030884026343886085
0.011335282668042382,-0.02085618547965549,0.042264618312651735
-0.010535218591911632,0.042048723556243464,-0.06278853121851949
0.06096279917055303,-0.02022504424922116,-0.03759917242841865
0.021468875304968216,0.10900883694531985,0.022582436740948147
-0.04524579438317846,-0.013597973382771961,-0.07395874049899721
-0.01632379139034447,-0.040168751135244415,0.08618529224895113
-0.05228812974477694,-0.032078331325960836,-0.01381914188297267
-0.004250734398543895,-0.0024637990729385623,0.014015136668455516
0.04339094203867972,0.03546496393139829,0.0852543741537693
-0.044502413700649286,-0.003776367147649391,0.06593612669417453
0.1690672233893764,0.0038556069491604335,0.047632725489925365
0.082011334713666,0.022733984040326984,0.033297826793179774
0.08220597908477827,0.027998413047542976,0.00991509961339764
-0.0459558304015786,0.03456756934971815,0.03067910134658265
-0.026975662771279805,0.019368058562100637,0.08732177815315659
0.03784329022354982,-0.008895151730266747,0.029644371585428982
-0.056482371328524905,0.02118973746719835,0.03703164832083436
0.03279652606981358,-0.08535215844595626,-0.0021892278730292324
0.02518135872535623,0.008630915937783496,0.025648415455844467
-0.03620949927369709,0.03450916328109283,-0.008789312292109202
0.060316092988558195,-0.03757598546826397,0.09462536570973802
0.08678913311718216,-0.04827472652572072,-0.0006133530147109014
-0.021713934998917696,0.03217845577605538,0.05776344225692975
0.01880051207141905,0.08611233470678213,0.05486049192413185
0.06062211323249794,0.049004202230589544,-0.016195476391029338
-0.014410992958223854,0.13300953194429826,-0.03534565299616609
-0.052638502376763055,0.07337484927581461,-0.04086209848730206
0.05055885310610212,-0.005262197147879335,-0.06812658840081015
0.01992867042857717,0.02030922401781751,-0.04696281416818368
0.08169191397299627,0.0386872870061235,-0.08532284820782615
0.040249853755284046,-0.007084374839376732,0.03784473560429379
-0.010279577665410796,0.0018019836660226937,0.048307596460845474
-0.05361021081754299,-0.0387976697024626,-0.10911112093103648
0.015523312293695551,0.040897089339989076,0.11865261168802692
-0.011064360494819377,-0.03925843795397765,0.01776381505191132
-0.06684252903468178,0.09653614263237902,-0.010292658629242458
-0.012091523172762176,-0.0037828944453002986,0.09267408670602725
0.010487199350136766,0.016127010156798967,0.01404478899560951
0.03246034287178667,0.012675194987410236,0.02568110233190523
0.046075017095050075,0.004591319894945231,0.0007232905402785716
-0.003836384485349977,0.010274942304881046,0.08223250901258765
-0.0029091264767267706,-0.0896827597421141,0.07372211101900177
0.07422428670948569,-0.027709684923547154,0.013033489002813387
-0.06383743912818565,-0.02040117452001773,-0.05547927545620995
0.03963719889411156,0.05977877633285043,-0.006116339652380287
0.07840837954239722,-0.002747907007818899,0.09394872095075829
-0.02163176410052912,0.012975634084230084,-0.053395240544097056
0.07180725860440021,0.008800021725480348,0.004570373424146838
0.0054297917313284524,-0.03599788700806721,0.06623562133556779
-0.025410243981073475,-0.036591063778621424,0.06385408000781322
0.04933456465124941,0.02480652372759405,0.04783772761870509
0.02256980666389057,0.039325307959867925,0.12227137868514013
-0.04714777549173521,0.11038155731040288,0.08740683353736894
-0.023989952430065388,0.017648739507688308,0.027352995603373068
0.07208642725753839,-0.02993909439680042,0.017316496447215207
-0.018754335100818687,0.003250854367156754,0.07846090248358596
0.013953432712948884,-0.03480911217383574,-0.06694331860005047
0.005552744348961077,0.004971383976488646,0.006084933436956312
0.007258346650139812,0.016917217329787602,0.045285551458895644
0.07781648827346423,0.007525776584915059,0.036422472659335986
0.07207374805497618,0.07284495093666205,-0.017378280455999796
0.0719142783372744,0.05264229560770009,0.06894455233625756
-0.06006444152847047,0.09868402199699272,0.09701697298306919
-0.04879387264767815,-0.016661762653314798,0.01952491989696879
0.016806376263473078,-0.03874492240514851,-0.002121709682415481
0.005276360823486963,-0.006719361472113956,0.11053981582193836
-0.030412095731299004,0.05764703417563073,0.052951258016697936
-0.013291476872504572,0.09314265573812827,0.006297343815065502
-0.05385672661649622,-0.054162372674939896,0.02229457915223213
-0.027448967548310044,0.19241003240412463,0.026362180245885804
0.0670013785371671,0.048373708938364804,0.014814709488939596
0.03299721545497011,-0.052088506988782576,-0.0011499277479173516
0.0820612724405787,0.038134085948180456,-0.03375852342577067
0.008636433457387379,0.049359558258035355,-0.029796316007143133
0.047460749371875124,0.039319408107474474,-0.024678910889919702
0.06571869159699767,0.02023380477210082,-0.009188147127673015
-0.00850342304689175,0.055330312922898264,0.048201431509281564
-0.0007616375438656772,0.045148191410011196,0.055756413834491175
0.0009811997379060855,-0.014435998622143169,0.0994237831631575
0.043154909131528404,-0.024294079159076033,0.010095656752334517
0.0832997109755866,0.12077377840252783,0.03832351122059411
0.07372301512552021,0.013368538388005627,0.048397101871035575
0.08851451966070426,0.01854831138291172,-0.0014667054885392113
0.03661244362251016,0.07488374070336268,0.03329689904248906
0.01876391862766205,-0.0063462798141973725,0.008951246423542194
-0.1132829420769836,0.01007707657991699,0.05456813987713127
0.04066884945690305,0.032204339523993056,-0.03617530182321915
0.03502782893275153,0.013781966722725743,-0.0517960072206366
-0.07177589634317247,-0.0722943440641715,0.006025149193522591
-0.015005189513573894,0.07951673924752906,0.11720598404806197
-0.06035430762822967,0.17206059707260576,0.024201703645039097
-0.036167123102597204,0.12409997227585577,0.11687916621688674
0.07321534951166693,-0.026711434162166387,0.06921007186754313
0.039862501195786604,0.03089981487000964,0.10470166569037637
0.051399853119627595,0.08265269205661473,0.06910720515075827
-0.036505454470633185,0.04045857261506994,0.013644039149296166
0.06469122340617177,-0.019590915789015683,-0.028933105478415672
-0.049217942818238006,0.06629849833833167,-0.04188001940331906
-0.009821699860474375,-0.04960964989743809,-0.00963005581534791
-0.06317474330971116,-0.0008633763014100834,0.016069235351265754
0.03276996242670454,-0.08100323208796249,0.07393350241337229
0.01559532954403474,-0.026533977353980283,0.021955006434658593
0.06348201567726801,0.006176442715539954,-0.02573765739117563
0.05091425955471054,0.009524286316996417,0.04772446427680453
0.11082252417275237,0.02448241790209606,0.011099515642747497
0.09140981586588633,0.0767495479429545,0.030138783789786464
0.07587381809055949,0.09013913984637417,0.09176695336200959
-0.01124934223855388,-0.09500508101451742,0.02429680146963845
0.052292194263961964,-0.04543517681118211,-0.0009427127414025419
-0.01747616130815604,0.035810456808407,0.036879174843045974
0.05344134287842646,0.11899397848343539,-0.013551242383760768
0.0496933867692044,-0.0019323465261501388,0.07894410428415573
0.07977158520367839,-0.005134425179843454,-0.004094871349992316
0.01951298498702185,-0.038002418563504926,0.04244665692502198
0.0878375199678264,0.10594808505800886,-0.004459578382412052
0.0411627307168451,0.008151146516578188,0.011722721473873304
-0.01229512879208228,-0.04812187217616892,0.03697055241327201
0.034964414574762154,0.0614627440960547,-0.051544861116405875
-0.03044725597134875,0.10887689774274519,0.028115910555268554
0.05381558953969029,0.08826043587074653,0.019305984434957523
0.12582125757131069,-0.003915278263631548,0.09877478499664513
-0.06732416472459357,-0.01356162796000426,0.07331884470109049
-0.04519850281278688,-0.004807763459905613,0.021719578339472818
-0.03332801821914365,-0.05429980497566453,-0.030187656469392213
-0.014049069917187178,-0.02636529684207139,0.0729582504303435
-0.05827741634884897,0.013112172739577606,0.08117606032765293
0.19637593862662267,0.10365304691864052,0.05742988127221443
0.0963998130277691,-0.007212867673445179,0.04602392486177649
0.02455677687534085,0.03373464774183413,0.027441353639247785
0.04935124623500696,-0.008129406405276323,0.0849912635498083
0.08319679316880291,0.032860217946662475,0.06119045230370044
0.05343541260858605,0.05508130007633144,0.03445613136487146
0.0186971603836847,0.010818410065709747,-0.06736990166362637
0.0988154087422741,0.07772642945389363,0.06762947521608229
-0.01066230981544327,0.007179116761563978,-0.0023244880988176723
0.042663965819683417,-0.016333245747461915,0.06653842266500005
-0.045157048031700564,0.026740758716594606,0.05670064171633646
-0.09604746024590656,0.004327983857324125,0.0007507568841693089
0.07699247560252333,-0.0816551111549544,0.12418713864880433
-0.003694573767445069,0.10593396450043666,0.0272171875066313
0.06969910152143412,0.023397285602348786,-0.02043895416620347
-0.01790507523026672,0.08418016638197615,0.030011743823310812
0.0027890720299067213,0.00040967561083681166,-0.04175880243001835
0.002649482794205996,0.013552706775531916,-0.09845973261783207
0.051389755335929835,0.05406623369645503,0.04622654989424256
0.010006451388199675,-0.02224480802981056,0.02485025917683282
-0.00407801200775274,-0.011076214753271958,-0.043098445976850204
0.02892133342177363,0.015980568122283156,0.036045160534417475
-0.04170933333867395,-0.07799761817896414,0.09095714803836324
-0.05166312804955278,-0.022055749413722847,0.05249940145435722
0.02583039826898676,0.05776902037691661,-0.0007638889125429951
-0.037613467755962506,-0.0032437618586015123,-0.007303127766234057
0.02381979975092123,0.020374304413352296,0.04778207805324775
0.12532318368823417,0.036094380841418125,0.02838353731479011
0.033156208552309774,-0.022362817749974683,0.08922687046507419
0.06863283155147427,0.07120615238169259,-0.033943265719560176
-0.01727613908639273,0.08041814764052076,0.051219703918913784
-0.04621205115416374,0.0005801095886642117,0.051087321200915164
-0.010928028690805563,-0.03609103506696283,0.017819054390365636
-0.06567692108827723,-0.023454935179497552,0.082615891127418
0.013041729888475559,-0.02492743228263273,0.01347582660124124
-0.12107869165832238,-0.003254235035522593,-0.007715262812923944
0.009342261390887535,0.027090438820858785,0.0028001713783889545
0.01897347508417806,0.0776452206696237,-0.08164194675028874
-0.0074300930004291025,-0.056278435104572526,0.05585005103024992
-0.054994277941478625,-0.06168838920303096,-0.01107208942185146
-0.0032325192061244358,-0.03538311392615889,-0.019598520190907368
-0.018065220089535212,-0.016526235702852242,6.946022131490339e-05
-0.004460442007688801,0.014082089425234062,0.03420886451725175
-0.04851511793116746,0.05638144342792943,-0.0029384722071439592
0.02879985340251001,-0.0074364994971167706,-0.0034162564814253452
0.050419421572860154,0.01528322021243856,-0.0529171225294318
0.04636667695525263,0.09424711264201933,-0.06443862010937708
-0.08079115162624459,-0.04825683670453385,-0.012318664015190692
0.001652504173865185,-0.021287489324947815,0.021617187404898257
-0.05144793575874991,-0.033607867356162,0.056323909333561274
-0.011185496321270584,0.009979497361545304,-0.043670975577872057
0.020790508588599564,0.01060831783874059,0.0030952956967656223
-0.01602294440806322,0.03494958973804053,0.03232742034925396
0.00798746094138366,0.002779655787400342,-0.042596673681785976
-0.08693787307785185,0.02890772652228883,0.002908081792408113
0.03711003401860762,-0.050028563604325206,-0.007437791119609978
0.10746951427983512,-0.00390878582506706,-0.05675652482923332
-0.07166114594021565,0.02856981705771777,-0.005771770605147752
-0.11060264630229295,-0.07422645265480038,-0.051383946081292695
-0.06946658159869316,-0.10711096836153287,0.10547462227227787
0.030552838575748344,-0.12870934751464236,-0.01237130494823377
-0.014724140448744783,0.06592648022621825,-0.03762866086906062
-0.004316256550896119,0.03254685386674482,0.00746601187242388
0.014438408860530482,-0.021246284788374408,0.03469907183387397
0.02150004149149304,-0.07220015314230162,0.01788270895952947
0.04994560899822404,0.06190393684437442,-0.13386728486427937
0.038453675565897676,-0.010374583167145183,-0.07454486022744893
0.021853675524704755,0.05310822203340517,0.023119272239210006
-0.014348380395574126,0.015638980269377274,-0.06509318690720997
0.05481039418383982,0.08306578202083262,-0.0436755640641527
-0.004018175545447229,0.10756728580731109,-0.006163768871177007
0.06868761900816513,0.010594581132575942,-0.0303633489402055
-0.040331797756943066,-0.013136158297692154,-0.01165408933590228
0.03371189556121482,-0.11527755059535837,-0.018463834981214976
0.00538760764192692,0.027270859972615264,-0.10654569503948201
-0.07427992739287474,-0.04953749518100405,0.015539801012011157
0.042991819649993,0.015947881780796497,-0.05784974102478915
0.013233629503519955,0.0008645710232288335,-0.0197740905438495
0.020045252299610624,-0.006307693063574567,-0.04879561454620494
0.030627312600266694,0.05084566311544267,0.08047679078652989
0.02085668164276577,0.008368132083083214,0.005400577248332933
0.053678505271253535,-0.026310955058016817,0.03065469436584052
0.05650456581750761,0.045132269768372986,-0.05359328194456027
-0.04195844866473644,-0.029332477763522838,-0.06099286119187927
0.042378459689838735,-0.09289433726671399,-0.05080063167122824
0.010394102834705847,-0.016050993787035013,0.049688931553295373
0.08413717410324675,-0.03198992558274599,0.037108426882584165
0.0058689081028700935,0.0422056745876973,-0.02781974178425329
-0.027985078034524026,-0.04415177777537707,-0.005147427138276829
0.0769709673104391,0.04172267247138842,0.03472799297598267
0.037246151181541676,-0.05439795207124745,0.03555485452953938
0.0123847816363557,0.03348329404795932,0.003117349902310865
-0.009296228297230435,0.05964995471382881,-0.04438792496475426
0.024289991562466688,0.014340111675446859,-0.0070597490305890215
-0.045571815555784684,-0.05122368124326551,-0.014049272252418948
0.019131199082509376,-0.020346992289070776,-0.0676436014468699
-0.0007207822013090542,0.009652863912500547,-0.011432258491155228
-0.03229215524059975,-0.01929995588978132,0.08905759058240187
0.01704982264830248,-0.014686922053821928,-0.026873784378276987
-0.06683285937282701,-0.02024658492146754,-0.07318627726814575
0.029311837378544064,-0.07686664196484969,0.04157777102514932
0.07972878730414854,0.041076667996237756,0.056159867982419676
-0.0640674736576318,-0.01810447694869781,0.10172132289607007
-0.044181513159098115,-0.017103137430483684,-0.11118738835311529
0.021901512460581876,-0.1169753547873484,-0.07921038036448816
0.012151071127554567,0.025838134135339537,-0.03732572568029828
0.012222368510146176,-0.06265708460482003,-0.03381577034717438
0.004940513174218763,-0.03911097688361111,-0.010863800252254889
-0.03101137160595712,0.004312346097181055,-0.08111263009157553
-0.03187698512903262,-0.006261934460763126,0.013044223558289781
0.0067117880701043735,-0.06067914533950955,0.01004419246426801
-0.0277953634006103,0.06009211692614366,0.010555632948579034
0.04794131709922672,0.06586634537478474,0.007836049761206805
-0.02022681880582638,-0.04594391416776355,0.03942581324683126
-0.004577330037083136,-0.03724023420479822,-0.021230461189353483
0.0610608661104763,-0.0076684491586676996,-0.06483322851661313
0.06201713599962076,-0.03518888306135641,-0.010918913114920263
0.02285329626037104,-0.07932185495280471,-0.029013912812463738
-0.03170080058949234,-0.009592779456675329,-0.11212563410678897
0.012563936726292163,0.020021191205490094,0.027396989858469983
-0.020773265710783417,0.026407111926705338,-0.07461451633811647
-0.025473752994829853,0.008230372741542945,-0.03708278641796293
-0.06520191937368794,-0.03129533741725231,0.011209606483065123
-0.09472419145269256,0.0120563189478737,0.10172751605220831
-0.04039589550678773,-0.11549041319387061,0.034762316797206524
-0.042391890715907474,-0.022706460964986547,-0.033713384302329036
-0.07959133590530654,0.09005193799913569,-0.018900362645138273
-0.04501458442939501,-0.01164327625253992,0.05767817682363284
0.09359454707434192,-0.057036447066570684,-0.017743227931431852
-0.009255970415373507,-0.032222908628465746,-0.054757501698311534
-0.0048158141818553,-0.07016626195357484,-0.06885544993260923
0.023790705784997406,-0.1443365058475083,-0.03827768854130649
0.007823996603520799,0.01688175014412558,-0.06533563796143776
-0.052944556093354134,0.01357014065068985,0.0387738946429104
-0.04077698489987665,-0.04173345761870391,-0.012977575737346033
-0.028083684628452548,-0.03138274885750579,0.06663549214846451
-0.0075413327195699344,-0.01815091836715719,-0.03326718571588644
-0.051679939956276635,0.013900269417865235,-0.04589023303554859
0.035099739825894635,0.06338783627081325,0.005681339956376555
-0.0031394315323354516,-0.02089878879466073,-0.040670478695572956
-0.029425571057800966,0.03663843902527754,-0.0390619291091365
-0.014184621285740474,-0.06459197841980095,0.03600037647092224
-0.01022225310151754,-0.12145786909869029,-0.037411463433756564
-0.040669879357705996,-0.014730041848196353,-0.023716333137847625
-0.011221418056637992,-0.05837395726127756,-0.029113800623781095
-0.0045420032029415275,0.0328140211708782,0.07585409818226906
-0.10093540742273502,-0.019066276712797852,-0.10467826090379069
-0.03948320137324775,-0.1140458075343061,0.045738866358553606
-0.034208945091970255,-0.07552529656933436,0.05060318466542972
-0.011446686770939617,-0.14287656332862061,-0.08147461260073885
-0.06780370155667527,0.0677560885488183,-0.07738239159409614
0.03426148858331922,-0.0007927482547315061,-0.011485581834750217
0.01974479196074544,-0.01985736153887279,-0.01881298754359574
-0.034379514670129174,-0.05933581866423107,-0.05516453535448949
-0.08364210808602737,0.052853136206618315,-0.0283657945821406
-0.06707180415063069,-0.09381521819120589,-0.011188246070854509
-0.0013570049700026877,-0.11742330569150392,-0.02580893709213368
0.006434510558487743,-0.0491277785738897,-0.025364410868051437
-0.07142700148068248,-0.021087682322935248,0.05258035606415295
-0.02037816868645976,-0.017690180379481397,-0.04912314009742025
-0.014727994669237673,-0.11215392704676147,0.025668824397828794
-0.06080152116918568,0.02635578208634438,-0.05942703882447829
-0.06283813713167886,-0.013813056068406469,-0.0077442104085859356
-0.07137130380326304,-0.023944168401818844,0.06004932957290412
0.1263529159130837,-0.047738444757157966,-0.03016888925423744
-0.033429868793953085,-0.09523099918109779,0.03909903017649735
-0.04115685780032412,-0.06172797758879851,-0.04398955912135578
0.08431869886912673,-0.01557631275543825,0.010292761935869744
-0.10593930089571353,0.0006613963241370903,0.0032616250854562052
-0.00038981392820825606,-0.029085862633870876,0.023440709021075385
0.037495798909274486,0.07031168419557454,0.023800539167306577
-0.0582670918299227,-0.016579447835363734,-0.015747647621594023
-0.07353912027474688,-0.05307372612390645,-0.04494843262099328
0.0442629169828643,-0.021340259901419648,-0.013706262532756093
0.06657546801345673,-0.058870666931335955,-0.008726439961923889
-0.08916885843005695,-0.027046134035777464,-0.030632514806820332
-0.012734216704128463,0.06459229447117962,-0.0039058010905693562
0.0070043970146429525,-0.07384866873735549,0.05608127071841737
0.0017453624287261556,-0.09551169845379255,0.03444475723193337
-0.04357029500962924,0.015590620877316386,-0.07080188952456098
-0.007029948798069861,-0.10230399089725585,-0.0715015399114556
-0.051339189164673955,-0.03889443882897331,-0.08763035656506515
-0.0396855154208499,0.02577383573638033,-0.06082955536376014
-0.08820657124963201,-0.009745689021549871,-0.03588187719814424
-0.07325011790495742,-0.03144901107832385,0.042935256080181436
-0.008110543397756824,-0.02350864001537821,-0.03204275444490096
0.06558277318999084,0.029302905705643034,-0.04570548936510013
0.0737355316872457,-0.06756197575657077,-0.012725969269612818
-0.032466731222741796,0.00846983098167407,0.014223023199417192
0.03353264026638725,0.0025974518466193655,-0.10123106356272
-0.00028586978819968717,-0.10358396426625172,-0.09037132611239107
-0.020495992773358732,-0.07591519509358267,-0.015747345028583253
0.01046165885273994,-0.10956135088073152,-0.09541573155647037
-0.09640820284387304,-0.033076004909801324,0.006155283366660533
-0.08630040525069312,-0.0868194591020561,-0.043526988564644944
-0.022704162532749903,-0.06560242159459896,0.08334857546626186
0.03620520113404232,-0.051020741193664274,-0.05209662008966125
-0.06122774022044621,-0.06161555237282089,-0.0073875428327732605
-0.06874540655249586,-0.13396883603948206,0.017937173900962763
0.025779733462881833,0.03264095619792681,0.0630150490776536
-0.019094547134875198,-0.009994987826860757,-0.07194049455029741
0.07567231665776444,-0.06334111096253822,-0.013031597313917948
-0.10838329049265928,-0.05287016150837825,0.03673635972892571
-0.013064115864146263,-0.015587009502465565,0.03813581219137151
0.03613595217558142,-0.048684168617317725,0.06382170614102023
0.06146432904332505,-0.012301772412173322,-0.044055232251579424
-0.050055205764897644,0.01996550855008368,-0.09784116059622548
0.02538103828624009,0.02061509803547193,-0.03733446984169711
-0.02096224096501414,-0.02091578794122676,0.08820647699131913
-0.06927506832624586,-0.06842900787212129,0.08092895621887773
-0.05222532653194577,-0.025053081507064697,-0.00693813829221402
0.023453666238715185,0.04527482139085859,0.0013940601458531515
0.012358240600566842,-0.055912549754816694,-0.07162912186125586
-0.06852085997848809,-0.007241629142375736,-0.033232462633761034
0.018207959311465478,-0.026540835371541435,-0.025480681364029655
0.021344089720529147,0.12611614966542925,0.04369778059776998
0.0011710555838239795,-0.03658360625817292,-0.07454615273722094
0.025933826726645303,-0.07896095295529626,0.006997090770299714
0.03793105304300993,-0.06615094851377513,0.03735202699648771
-0.07402139700949802,0.06054659205506743,0.05510936217370123
0.04960169261660071,0.041794622879142755,-0.057174344136062046
-0.035367848223595684,-0.07427635458958592,-0.0610139528399226
-0.048966473381612606,-0.027308009261332457,0.05880848478981536
0.017484349151289574,0.03647181864600383,0.06541930929653622
0.02918516097563035,-0.05446553141864137,0.059321252148927237
-0.08020074300037985,-0.04356873664842207,-0.12152112344242788
0.039451496576861325,-0.006112466639345835,-0.017853005226096102
-0.09326330515461044,0.054252195779306775,-0.05036565704856842
-0.03644952035720699,-0.06292817621366435,0.05200222455648794
-0.06902951680436853,-0.09255397322648741,-0.0030751110091068734
0.0006254593785859353,-0.07373513660097913,0.0779812508196012
-0.05616437916309662,0.011950456996904366,-0.04689660567098494
-0.06709039216662037,0.07702758107606382,0.050425460768308145
-0.00030744611100274374,0.003194757346147539,0.01960771582517766
-0.046580607982765844,0.03713801518430798,-0.019883662168041518
-0.018893030022059026,0.016585315585475182,-0.04521793355292113
0.025317522348485094,0.0405870837162243,0.0094063573625957
0.025220522263114865,-0.022348416924627093,0.07632059735802921
0.07576784802412023,-0.0012890291763079185,-0.04269615029069804
-0.07405922952586584,0.03268561562218841,0.013770884744278965
-0.025359496829585076,-0.046587661981218144,-0.0351069463421564
-0.005835086904291236,-0.08977742039175884,0.04944079613354786
0.011149780376895492,0.032924995373674104,0.057700225362997994
0.04914334674270587,-0.06526415967273118,0.08343009314696864
0.03545090099248827,-0.14041234170045186,-0.0030135676526999236
0.02240525752776484,0.045832646027299556,0.04299405012109597
0.025418717352343294,0.0015988339744482253,-0.011491048367129993
0.009609317712014235,-0.09723240385471403,-0.08921938007905518
0.030752815075527823,-0.03885104660534343,0.021216641390087946
-0.027699838645225492,0.13687575208980968,0.051619501312286195
-0.07090386464841976,0.02296406126906203,-0.04632671599993163
0.03540856716138703,-0.02654129722346559,-0.024308531538513336
-0.028368162447558732,0.019519863868844526,-0.12331186484385606
0.11200658436840638,-0.012602562348584078,-0.025601452657015293
-0.05341105353300124,0.036721752371708535,0.05488243004739257
0.09862477939670079,0.0926701583780205,-0.045173786657745706
0.02193545989830572,0.019881977220676295,-0.12570269757660676
-0.0374663240317271,-0.1149689642341394,0.10854302599396115
-0.009412437812068679,-0.06290796846076165,-0.12760956333245588
-0.0029840027735177567,0.016973179285372224,0.01782805179798991
-0.017597196890456218,-0.10213501953442193,0.09761886289835965
-0.03931181015810433,-0.060209439749782705,-0.08422232727698041
-0.018628570490468156,0.03413586634411292,-0.014572376661630889
0.048510599255402555,0.12403217739703347,-0.01386281482329016
0.07629805304310386,0.021644898537351583,-0.04192947777594591
-0.048113967437146514,-0.04848700386519527,-0.02715734527172837
-0.0037565637040681723,-0.06926557454599142,-0.04153025927951964
0.08756062131284693,-0.014741713421440603,-0.016792844298542588
0.04926588058482026,0.00735695439741843,-0.05768764480394224
0.009064290197351017,0.02473305373004292,-0.030940531160513582
0.06997032631867575,-0.010990252491008889,-0.08709727724834572
0.019416929216869095,0.07491881747439527,-0.02860657574593767
0.04903234696126453,-0.0626800028117827,-0.011665938933139785
0.026932729647220714,-0.09723821052644355,-0.05176336795886007
0.052879398938451505,0.016621936059591506,-0.04500638149077781
0.07180506781853786,-0.021013638259562838,-0.0037187590122902915
0.02190284724938721,0.015995234943383785,-0.022030856042591047
-0.10364617895642945,0.10086405863391716,0.06129507729873266
0.015467721830688536,0.09128222890458908,0.061264820903193434
0.01354703713377507,-0.07124994415606695,0.044516575715928326
0.010776472918898893,0.07202878351599047,0.028652302782133474
-0.05388119102476019,0.004320819071943642,-0.04434814229608486
-0.013929633803353922,0.03234599908201054,0.0025299929005677064
-0.04522021662093318,-0.06503430920705108,0.11062119495095817
0.05261167425422952,-0.00842553922224383,-0.010388418945038495
-0.04830340768386764,0.021503745773512,-0.0351410551662539
-0.03088421164593417,-0.00036371150219658907,0.0376073500157202
0.003273039490515892,0.031574147233368974,-0.05698305111942138
-0.04396506551760811,0.09393932149089117,-0.009495838079805929
-0.016544820353794072,0.0021031023674331836,0.003034657162620351
0.04436495345520854,-0.011206699715527011,-0.037466712158721396
0.03267867507671894,-0.0006835615050350234,-0.046740051563058806
0.09553880227305206,-0.020387918280688914,0.04908960526525196
-0.009094141884398412,-0.002531335627077297,0.0792823523231343
-0.05550192259133182,-0.010979396295278757,0.08144876329350173
-0.005631327418128751,0.02456399780324136,0.011854195027073099
0.0666491910938912,0.05797658617909832,0.06547366360492426
0.05626591356657674,0.026206090961434614,0.008421416639738688
-0.011540060039519852,-0.009175973094605766,-0.02118489520908587
0.012457438618898573,0.10429735067245813,-0.040511059366423435
0.08090187954220404,0.045730337881370306,-0.06736431502299285
0.03985003648503785,-0.03692868441022998,0.05752661760607421
0.009515117113892854,0.035659882857354684,0.11294118406660321
0.05943015979204721,-0.0062385272438692605,-0.050641902291240305
0.0036925586023793724,0.022054841998563335,0.10280388579710291
-0.04516247576052616,0.02690144414115094,0.06897273696632125
0.036338008409660616,0.0972406714189681,0.004962017434119835
0.04891382577684503,0.019278697623069337,0.04284233760493243
0.009392034236625001,-0.012203156119162067,0.0418285850938891
-0.006281945205089632,-0.023624485297847907,0.012756632240972735
0.0566305367664813,0.08227554720491936,-0.08490489321490945
-0.06682208874144238,-0.04505198080081598,0.04604637816846995
0.034788561492509765,0.015818699618066635,-0.06837388866442895
0.022619650187946663,0.04594548459043995,0.002094286612381589
0.029850404770537325,0.008255374616121691,-0.06019422279697008
-0.007017864482315237,0.133897991065133,0.09597149252288445
-0.026762004705046482,0.029827760125473515,0.01975205619704921
0.09413296895838968,0.05177106542679753,0.03670857779531536
0.026808574917167295,0.04299624809472474,-0.05747716016610846
-0.048421309291037815,0.06198938041915461,0.020784384237807554
-0.04163199324220179,-0.03068571106411398,-0.03227583176294439
0.029164884467739613,-0.03766155768983123,-0.02347106010989111
0.03395531164168445,-0.044184099346088496,-0.10746562977193487
0.025304714232739833,-0.03356926545446524,-0.005793782277217486
-0.00026297554496639355,0.043779780430135334,-0.0042238915208731645
0.10990442062135364,0.027359490760692898,0.01169712187644631
0.021396131995017244,0.06284147396441014,0.003256853728074393
0.029600842443777836,0.08153622645167113,0.00541021780617775
0.011703817338865295,-0.012660946716131879,0.004957068146301449
-0.04801855402565591,0.029930800836844608,-0.007948764001336109
0.08670211922659578,-0.029595434895558412,0.027244228241127044
-0.02070996343642118,0.046848663288888384,-0.08248708458032718
0.027350927193785193,0.031912038803629625,-0.07507901786653205
0.07883083512992459,-0.01582780605323953,-0.0018127279224258892
-0.0629330093857758,0.07956842927226034,0.029462157039664948
0.05135145927572896,0.012792238739660441,-0.01663505737650773
0.05201371194198562,0.006421817441785211,-0.028956030259598326
0.05113790541048503,0.04020474759218541,-0.07324065248008088
0.05053953688730513,0.007302498026932051,-0.089765654182193
0.01819046655561964,0.06379194904585878,0.08984650340024831
-0.03410649940542705,-0.020411097908821025,-0.04594057591475313
-0.020312528154808395,0.008166105391976892,0.026518596718051533
0.10159621195877602,0.06543785379369452,0.06867214261878253
0.012284436886366908,0.03608208933138436,0.008896819361532603
0.02211887983911167,-0.012827428776852504,0.0005847710339284447
-0.034910669162898006,-0.0011719201034870314,-0.0179034519191019
0.03651323480411498,-0.031022287114522016,-0.01827229327576364
-0.017988020102873578,0.007035759749265954,-0.09213112858634784
-0.0176615453817386,-0.020810931255624596,0.05196444491568033
-0.010475217403157058,0.07713709372675143,0.015055496253694421
-0.0040795365167016415,0.03369318617087621,0.021970808934189734
-0.09781609355523861,0.034925943829314354,-0.00043492298598177617
-0.03486544234395434,0.05144934450435572,0.02324546417533372
0.05160517164734292,-0.012718663288029747,0.013485944274275881
0.08859395624729391,0.07791791736100155,-0.041151930085954025
0.025604537580705723,-0.010356830470001736,-0.0017714997748739976
-0.07023682918771007,-0.0005994467513982631,-0.025901154654703298
0.018128042721018527,0.045892826924811045,0.06281203395491275
0.043601100678132325,0.05274814118434319,0.0418488715997423
0.0635452167629487,0.020240063534163983,0.06408568092677483
0.01898224206948644,0.00605659542374359,-0.0054724859319440315
-0.04719352380921382,0.019570392460775504,0.07689329140332392
-0.005986582297918427,-0.020564965611093142,0.06753150910836345
0.0065316078094702305,0.029490258994037087,-0.02046642153128368
0.02486610356250058,0.016146635648695652,-0.012628243701214226
-0.0009208351699182375,0.023569781746571525,0.00036557268485956987
0.004318336565993565,0.13544435933616883,0.07415446417505796
0.08099782929956853,1.2980333431472646e-05,0.049276679060169234
0.04430164499808133,0.0014139430278475827,0.010542470878809457
0.06210051084990661,0.02439878271821565,0.022581468136259684
-0.004345428902508823,-0.046338332639372655,0.016397835227040372
0.013811975833505581,0.023773783955562802,0.003236473028749926
0.04694137845883492,-0.11338115774497692,-0.005959071291670146
0.02758309637680701,-0.03934522853384584,0.04118254470582727
0.017321054968050933,0.09425040776106472,0.06378244850710252
-0.010717621367337744,0.15146720336669753,-0.050985741364819315
0.005959725336423739,0.05201159167573158,0.04752344478055086
0.001686090548875377,-0.009292357675500754,-0.015423110632632204
0.007684070055660942,0.046454024678914865,0.11791562622430285
-0.12711382807986998,-0.04805178787815102,-0.03228129050744033
0.07159668013954115,-0.04094618319660416,0.04613388809566326
-0.06448224145818474,0.039930991228520896,0.04664108406221321
0.007182336990464515,-0.05492307272557036,-0.04211238108005409
-0.047732859798567576,0.003227829391047885,-0.07905126667177247
-0.00533584885325606,0.05952090653602083,0.12020719336542582
-0.03219694271745615,0.0563881976710484,-0.03127235089320315
0.06536387278518235,0.0795207636390435,-0.004355500797004905
0.03348564178997,0.12330608212968103,-0.02020674996917495
0.014164423343218203,0.007677574831796754,-0.032103018584209525
-0.01721394144182031,-0.09781333228252019,0.027098051723755186
0.046682034205459966,-0.048058759978722665,0.0245001183857775
0.00384748052344076,0.07666210359745693,0.1378404466484478
0.038491014584367815,0.04213259653807654,0.08607841752392324
0.043924552485713614,0.030351146397925376,-0.00019470696766436812
0.05482451470451857,-0.02905281491462739,-0.0026104504640222723
0.06470176999269303,0.08308649823265485,-0.04208016387581095
0.04263075760080756,0.04935074129942148,0.0005455257286494306
0.020800635454459992,0.01652355763128917,-0.07732217128200448
0.05516769168145258,0.09164671349573306,-0.013346459403879282
0.042855855495739656,-0.032338402299420484,0.022322122997109967
0.019127755686408808,-0.004310355948004479,-0.00047588890154852057
0.029364540622985748,-0.040928051793579695,0.0025130900397027315
0.024259355719371455,0.009701167094537767,0.06118627126104159
0.05883117678583702,-0.07277758909702818,0.08280831685981407
-0.011559068083623975,0.10648537782780496,0.014576845622621893
-0.0034685140603384537,0.04028279145183394,-0.04982397600532376
-0.012422706743044496,0.02016518542163353,-0.03464468336816547
0.05837156916987452,-0.0420008317144946,0.1142320073728182
-0.06958918906036435,-0.015415411159580481,-0.07959313775883632
-0.03408719350561325,-0.006072253231682869,0.07387673469591478
-0.04045630114882042,0.04399729881622411,-0.043134947805001204
-0.017883038527378776,-0.10421773395651289,0.0017025437834683327
0.033182836015322986,0.041446806737841894,0.06220602017310754
0.022285471257777276,-0.006337420443580084,0.014889290627981545
-0.013713979508500672,0.04543652856666224,0.008838181063042714
-0.13030392778469968,-0.023977301656912472,0.04013661651509278
-0.07215312420632687,-0.02357803321325625,0.04681104680520672
0.01768104252510004,-0.035112534485724385,0.006707054774389521
0.0053074154552455515,0.01488777754587183,0.06758689721050587
0.11713448004105026,-0.007167381003251434,0.046141484852094454
0.06145366980805729,0.028391570791974553,-0.02614023925815622
0.014906329720929569,0.02508228882754141,-0.017752422341678273
0.025139115327873565,0.025931996183332338,0.06546934794847992
0.014125432951091182,-0.019894305282494713,0.03719805080008517
-0.02932193838544184,0.06970771646577012,-0.019576588609740146
0.0500783647799045,0.021699481849276416,0.07371002026005705
-0.04278198411465917,0.002704911939993726,0.14671378464998563
0.04054914857204534,0.06146419265256497,-0.020063453236347804
0.04767687390481247,-0.07291540500627183,-0.07646334198803548
-0.06193838910314234,0.005208003116256127,0.017100616569008728
-0.0843016830171277,0.013911908172534713,-0.021081612845691315
-0.05205426176644944,0.04108566335610927,0.0018936634967447793
0.003801431242324585,0.010388501461459851,-0.08514163488868129
4.8739027968992474e-05,-0.013893013610474078,0.028012682419163368
0.060271270367644035,0.03537892408812688,0.05689994990480975
0.03197859561596154,0.09841576002305835,0.033723798245849715
0.11212406141156606,0.0798140634561219,-0.0513090505077756
0.009518025559233435,0.07460704530441518,-0.03578762914505352
-0.011542195690059143,-0.013467747135993049,-0.02031083102783132
-0.01641606304411522,0.006449247877495643,-0.002016048665779334
0.03271963492878165,-0.0467790304514794,0.007470029528673255
0.04156678546915124,0.027205788272834746,-0.05276025092351832
-0.06176763548858374,0.06338683036497123,-0.0005620250352119018
0.0212338149340354,-0.034920631098149586,0.03242056756932175
-0.10312966890637153,-0.13044135528025763,0.07904396242131315
0.010751231121414488,0.10474259019387272,0.0066412827727645955
-0.05238428509357409,-0.017555816373038532,0.014629044274269275
0.0739931131174706,0.05317632293560499,-0.040427068230311475
-0.06081256780801606,-0.03401522702790059,0.09048876457666508
-0.019290226357869474,-0.027819110142482145,-0.04486754411736363
0.09841757981194121,-0.009643373552810494,0.06588480056426392
0.05021028882630624,-0.04334134405883711,0.06828974351957541
0.029785964786316378,0.10829331035032225,0.0023684441495664993
-0.08210313459080744,-0.04901818610154394,-0.03902781055725325
0.03847929285138197,-0.052561299130479244,-0.0121626043217865
0.061693547941583875,0.022865816168594885,-0.03008694438678489
-0.022427781238679907,-0.04213484181045237,-0.015483387860612135
0.049780990893213965,0.006379903415842839,0.05810537705312104
0.04266999525275566,0.04058252128211999,0.005355084260063648
-0.015520832321715318,0.013701655782871509,0.037368608668763036
0.09031107035318277,-0.01871185020561414,0.014489433416583026
-0.020726779947847017,0.04902333428826976,0.06698378531138567
0.0500893641523538,-0.057490594847570894,-0.0266785315137201
-0.08984334123909479,-0.033083220705511,0.021334334559397095
-0.029675508247330798,0.03762617424844777,-0.011370271175021155
-0.10589177073833868,0.08401145057930808,0.07209293106245981
-0.07063663803964014,-0.014802794750184372,-0.01772612087421506
0.036428695916504,-0.00426187140113121,0.00909285698779866
-0.11100924107132001,0.045728947532381735,-0.0306986297891071
0.03320858434756809,-0.002506367308322882,0.0036688066617915713
0.014193162101990044,0.0721565645814548,0.17514292369459694
-0.04063036745411298,-0.0084144133071254,0.04961679070149074
0.05850393587024906,-0.026280193591865727,0.025709011426270897
-0.04294674252216958,0.013629167143904917,-0.050255703439358576
-0.07099772742583699,0.02850737603968878,-0.06605279512036148
0.07302464922263657,-0.030261823096974592,-0.03323407102792091
0.049307583000943206,-0.013362760518880103,0.07119254613732887
-0.0026321795664274545,-0.01726694094811945,0.04166312033706608
0.01224494272940974,-0.07754781926736028,0.050152798283242955
-0.04967566613338838,-0.017599277344530543,-0.03585676479051666
-0.03668615276237022,0.011170941385249517,0.09861511495864551
0.046835040107794,0.024516123275620614,0.003062985372106285
-0.013180420994722582,0.004713601500443938,0.030887897694525324
-0.03873866233471223,-0.06110910162518584,-0.07611266993638259
-0.026159137305409207,-0.06570340495208768,-0.14563381913810353
-0.01459974130570411,-0.00566647586604384,-0.012412718051532228
0.07816236259477637,-0.08142459796006125,0.0325186218404096
-0.05172823140373853,-0.02112925894948156,-0.03230408867014323
0.08651016041008061,-0.032475458279602694,0.023559859507510342
-0.026359908935056395,-0.011852883056304567,-0.06547198701423344
-0.06849015523335554,0.012389288419457384,0.005052614432824648
-0.07687524476193841,0.047885426221911956,-0.04377164031403574
0.060828124919607554,-0.013067216058142015,-0.08338130650063512
-0.0870794603738095,0.007118523204551013,-0.08751014604064455
-0.027702018043889803,-0.06787300572957602,0.02497095301813669
-0.07090040374689205,-0.05679130992065764,-0.043889410767194756
0.03613943128118675,-0.0488280066461173,-0.06451879683658968
0.11053939256609494,-0.142785309999924,-0.03298055915807814
-0.009140638008868416,0.04996313720186503,0.053422148974216974
0.1587667413242785,-0.06503104540849883,0.007249774288455068
-0.027931522526383742,0.011202755056978627,-0.06192957427086728
0.02092493392922385,-0.03142594424460947,-0.029608120838382733
-0.015719747563934648,0.01880721361745218,0.019776804220597324
-0.052168255541049174,-0.04016764876882971,0.04405032726268059
0.025422832658543504,-0.12896027803882262,0.058351552254791536
0.021628514317751375,0.0323018568926204,0.09597628612298828
-0.09313744455216134,0.004840239666417461,-0.06602747230515431
0.043115394228665706,-0.07893261857037458,-0.03837950795821016
0.043971900296955815,0.007280657752171757,0.10970755685034218
-0.039052647789856385,-0.1020631841717904,0.03392063608202474
0.06403103829150784,-0.04469280136018883,-0.10730987598212148
-0.02900535167773175,-0.002087698066153958,-0.04602211638855798
-0.050699330744575354,-0.001607811440710519,-0.00838880883164851
-0.05107664436749057,-0.08843065359916427,-0.018566678016803062
-0.06351442610613213,-0.06213071639080524,0.07539330666542769
-0.11265029761401894,-0.12483832507297817,0.04098906298377504
-0.05587386935808861,-0.09063580797310446,-0.01113590243960762
-0.07180413723075228,0.059185967450835514,-0.00829641329483767
-0.011144181196860444,-0.06085411062804721,0.007744951777347665
-0.02890746212453717,-0.014776830437124504,0.019560353161868244
0.03998947289855018,0.02630451046797375,0.005422760821245216
-0.03576317298985322,-0.02520096291546282,-0.006590420871597438
0.03455147430778803,-0.0380341256306814,-0.005720692330179054
-0.009522268993124259,-0.012678621398922577,-0.13108720116377584
0.04807320584416851,0.013565008470726326,0.006819875348295864
-0.12490364780484631,-0.07573770063416924,0.07233253003498347
0.024476866110241656,-0.08833400754930987,0.014402445353517
0.011010516689871012,-0.07954561602039817,0.0007988716073211964
0.034877557183579724,-0.10709019495397798,0.019427310560965316
0.01603449867534626,-0.03608231479098892,-0.04944999898781911
-0.0651033931195764,-0.034177800230530755,0.01591623546381424
-0.0240011181279427,-0.11331094186201923,0.010504415972092916
0.0024523168376437768,0.06340408007307943,-0.05511675801438433
0.0005653792581774841,-0.00450884945188758,-0.027644353047996388
0.057265064762043294,-0.03336974734967387,-0.055014828066258264
-0.015428101375781956,-0.03368959162706365,0.03494331702460543
0.036445492748019864,-0.06254509227616198,-0.0448608111349863
-0.021886591048968184,0.0018818063399990703,0.09888997324811451
0.004121457068900169,-0.031033422737923637,0.054852603545488834
-0.05653940445534673,-0.08481824567378818,-0.072378118605519
-0.1465606030630954,0.0010995314629975612,-0.06527760407745425
-0.039101556814662874,0.0262229413720152,-0.011112643544097937
-0.018186738425984502,0.013627857154618766,0.02074133146766356
-0.10430531166485811,-0.0054704886670037,0.03801530783601997
-0.08329041989626797,-0.030577315734809676,-0.08427965199374686
0.09426438331545593,-0.09574863245499825,0.023108951863672827
0.005006143353755238,-0.01934799682154114,0.009364433568694413
0.028738576142841282,0.004198382226075239,-0.07091654691354655
0.031246668445284304,-0.0675204574647681,-0.08516077562320375
-0.014362625520922375,-0.004804710247725639,0.011542477312642262
-0.092223843085645,-0.0410144598890068,0.01830601530109163
-0.039238510094080414,-0.007358091547609007,0.014373719828663565
-0.02022287610786575,-0.03445563665960163,0.04190543353958085
0.03922317959768361,-0.004424510228769159,0.02525842089043415
0.002850965175165022,-0.018450964686426267,0.040567274790285615
-0.012547831032126696,-0.08824258115119415,-0.02747007954534292
0.004143557478880393,-0.09748674165836596,-0.07986618570166254
-0.11288580389477385,-0.13241599855942796,0.03472973361951944
-0.05483939931106531,0.006015013107955207,-0.04817967494145631
-0.0065855456266608586,-0.05988777586161943,-0.06966133474157195
-0.004713399617493437,-0.06872759374813552,-0.068851914186106
0.0011546346887581146,-0.02121908308080608,-0.07017177440018973
0.06410444736461907,-0.05674715943210372,0.019964290654241358
0.010066704527923572,0.013141434678552132,-0.01572972662844178
0.05197007036907851,0.05522680977688314,-0.060972495517105055
0.023543098069262313,-0.05693893366129617,-0.008110072353745132
-0.07491524254160747,-0.14066216921341929,-0.03981751501306532
-0.037512004830726184,-0.06908511829952607,-0.017454559214817242
-0.04902565126760698,0.013970965087044762,-0.03391282366647976
-0.05727592950462417,-0.06625349447293136,-0.02900438834781237
-0.029783554059937517,-0.08718825193333303,-0.06152862941193571
-0.02156653447022317,0.04709683987528075,0.021839555821461853
0.007563887643090836,-0.024646435294024018,0.0074879960660328045
-0.14002045907206911,0.07773800917225095,-0.04257914264395733
-0.07896218050605781,-0.08122261148655596,-0.008171089794680349
-0.03826692685143253,-0.01940632722714244,-0.06289889138396124
-0.02110066142236823,-0.04282150490712038,0.020595708736173904
-0.05844470366646684,-0.020528405976547478,0.007278374516156021
0.006090271402552194,-0.09669278497905211,0.06233252018027964
0.06603568070612782,-0.03826126532935363,-0.063485150303673
-0.02798242237315446,0.020292540448859545,0.008196596526672786
-0.07230313932958041,-0.057502608684941586,0.04659207105793846
-0.024247270103442423,-0.017048201656606574,-0.0567783959069873
0.03902323570966906,0.03244700607001857,0.035224251381332145
0.07278357009419742,-0.032605001054217396,-0.07534112024708875
0.04892850578465464,0.0123275564679999,-0.03679221780833178
0.0022940886882377685,-0.008029933426216034,-0.026141992511105085
-0.06842420809273027,-0.08158926295956781,-0.06134857538128947
0.09351476874332376,-0.0808341519915329,-0.05444372697509585
0.014326232769446855,-0.026843853264838964,-0.021955496415869993
0.06271355446538601,-0.037326894059108245,0.07837673327763038
-0.019092667530647745,-0.06095952341899587,-0.027534242004469134
-0.06998273908918151,0.012583689170278967,-0.07021649131191157
-0.0041402601065263205,-0.016955903535278326,0.0259169855156325
0.062479492967691036,-0.03632284751171687,0.016116422935787026
-0.0031813353957314584,-0.057648454064977095,-0.020624810478913604
-0.024015127858099665,-0.04826254065274376,-0.06163311787519639
0.026640276526308515,0.032999733727856126,-0.028850721355783225
0.026775348142538968,-0.033742303777039184,-0.0016312747735153926
0.056161369230523506,0.06676661555918988,-0.006819773144946438
0.0346899972419835,-0.005343528362612938,0.009372477756039131
-0.03473285201799994,0.06113667508651269,-0.010588375980927708
0.0005024394785892554,-0.03268160090497711,-0.00045514805703181574
-0.034705059312649195,0.031566376479046976,0.03996079581832647
-0.008701965614102929,-0.055828039578707425,0.0185104820687779
0.0042584939652079625,0.012876036385519452,-0.04151123391590987
-0.028587207453006247,-0.012800673052874523,0.034974368190475134
-0.05664059593912651,0.03437690581319865,0.00805397017851484
-0.071111189985833,-0.0072521366804581865,-0.030091983060923116
-0.03363060252086049,-0.010894039818441306,-0.042908183521670515
-0.0061594174550453845,-0.06935675797957622,-0.04211029418646155
-0.10441959116890748,-0.007560921828822166,-0.06627947199889112
-0.0009130384303366341,0.029334250885600235,0.024173528426986484
-0.006363200288053178,-0.06400332884846827,0.07670387410814267
-0.012435341657427587,0.06065541449328912,-0.0270499876338413
0.0020329158318779534,0.011775392619581968,-0.027586084666771104
-0.016167315030839378,-0.02917835606652637,0.0015416430095125631
-0.0010782461512385908,0.008045562325269814,-0.021456830334664286
-0.05391039748835209,-0.06445541126925428,0.0011816024715789967
-0.025001319633394435,0.04141885579754455,-0.05693490954340495
-0.018954919423811542,0.024240045991912252,0.051551593157022624
0.047011544062764,-0.024752442612220656,-0.09928243706071764
0.05904067177175483,0.04832298563797553,0.032209109844476475
0.007586860926461868,0.05275689337803676,-0.0006513609786473404
-0.013417840612121501,-0.012755351981991713,0.028285492560963257
-0.06253140552732331,-0.0020325695294210275,-0.055529468804049395
0.020373823043612883,0.013042692117007275,0.045985101477628756
0.02945063857878996,0.04098007345755864,-0.0021980913565971868
0.07182218990292673,0.03298886731114188,0.04423493732047501
-0.001496683440963851,-0.05175453546619748,0.13010928985336243
-0.07041533321932249,0.02085800002829777,0.04676331722961805
-0.007676073041099784,-0.009275135897148833,0.032843204240318544
0.025271649122170472,-0.009081908833516415,0.06502019316521994
-0.05686107276451644,-0.07693882082904836,0.024568698975894296
-0.07646651287090364,-0.14268870417287713,-0.02588573043644277
0.08652320670458001,-0.0718902176787001,0.0013465041125591704
-0.01604815028484367,0.02673146948638471,-0.0038812860777768777
0.05415428136709037,0.06614574907676984,0.053704329352491725
-0.034919278531821044,0.020418203803851363,0.04171105943830702
0.04443688810925563,-0.023345749654116885,0.03876099347938642
0.006776105563048416,0.024166836915974987,0.03648614527260407
-0.01959047924891179,-0.01266280786108711,-0.021292118382979234
-0.01277852116516115,0.018122121878989022,0.08254220587251551
0.03342404252208304,-0.030654291316378965,-0.045016138439156535
0.022370922264575547,0.020896223815491412,0.05890130286966807
-0.03509663486043798,0.05058802627182367,0.0872838500011398
-0.031487898677468665,0.06559463575848998,0.01653835954893196
0.07833328884897281,-0.04120406213910457,0.1405563938521036
-0.02681265389666604,-0.01393985814580544,0.05339599371184696
0.10569360806260455,-0.05176640804657522,0.03767714134252399
0.016140202123036858,0.025587430246256444,-0.024372199231239365
0.051502862934060784,-0.035805022193129206,-0.009910465567215102
-0.09675118046689106,-0.16279737611096584,0.021287231646720882
-0.001688469397590475,-0.03828378771172636,-0.06256185766409458
-0.002294024400937829,0.01125645194592439,-0.0755938347897297
-0.07843064404283744,-0.0565652581766813,0.028216322773435155
-0.007617877279474834,-0.06776183182290373,0.007959239369983396
-0.04027878108872067,-0.02415012811608836,0.07596113105458566
-0.016369794108534532,-0.03501401574689968,-0.015177115439517759
0.07111999496570334,-0.0001644480680059705,0.04557042233741894
0.032555995532004244,0.04738384402448142,0.038838236315784584
0.03485405842662039,-0.009342300927783407,0.05193694617167009
-0.06459998459158255,0.011511257878568774,0.025654743627590244
0.00614999093536853,0.00960819871948819,-0.02362947742666529
-0.062447351504052576,0.015388359543231905,-0.06360821366470343
-0.025499111942349224,0.05547040513060897,0.0045720005859642655
-0.0904531499698071,-0.05635692257944172,-0.01985503964686725
-0.03472022126276486,-0.019390371242143593,0.03719581486652154
0.07421054072008106,0.10157758063745177,-0.07310541727551081
0.057301329786410136,-0.04173067693644129,-0.005385184562100336
0.07214059391029806,0.06939692623904742,0.08266561466960436
-0.005146619603843849,-0.030803398174746466,0.006977626224274854
0.0541831661685971,-0.10868065741802016,0.0281419140040692
-0.007257515947891316,0.0644280788768665,0.005363599471134549
-0.05330889507782916,0.05874909757082527,-0.08441727921941546
-0.007869668609922244,0.0726102315956981,0.06586817456479249
-0.010515795799084068,0.05904985948814708,0.013542899857900926
-0.0058121161508826805,-0.0839254657322158,0.05533044890522176
0.01073515086749054,-0.020507545156700467,0.010382425687809307
0.05103708220199109,-0.027087679310509538,-0.07963704103870271
0.037487184254044834,0.02035451453152135,0.008665201300629739
-0.06441767056380798,-0.017108438374622274,0.01430453367618688
0.011628318341147002,0.02241095878042008,0.02700171918146231
-0.033077300571379,0.0038413314415121865,0.006180958269680422
0.019075684836851774,0.06788166294198517,0.00862513780544873
0.02175108001499724,0.036571586128543596,-0.019254646095285415
0.0004419847240719702,-0.012399013807529813,0.059885414619073755
0.011998039420753497,-0.0388286671838627,0.08539949309900025
0.10501631253983931,0.03193121629089063,0.013438964283742035
0.07428954897210645,0.06677181073268851,0.019359765058978566
0.0033843415220286424,0.03976087879858901,-0.05219762093857348
-0.015770145464396118,-0.00863100071493479,0.02692175421767211
0.006944656319746911,0.012967212266522518,0.06427447182908072
0.0484555664430387,0.045925713672451476,0.08986316904683975
0.02615645712931957,0.08791856113605324,-0.07631290537924941
0.02328734181517296,0.0022060283560680297,0.02766512171865916
0.046181983062047766,0.021903274855767707,-0.022659682576637148
-0.010915145012516506,-0.007752299318887091,-0.03186050426784308
-0.028103676754464027,0.03650378104092149,0.02895519768994642
0.008162610510943559,0.06744027157509225,-0.0342370238147951
0.1300561078310696,8.929546549302399e-05,0.04684671296272405
0.06510296469328267,-0.09240613838380876,0.07986809317534391
0.020681349853679233,-0.05186484879846489,-0.016143811451387477
0.09934071434532889,0.021822580412036656,-0.04773124981118201
-0.005245837243804849,0.00683721236012427,-0.03643721810875645
0.025061945686968613,0.048570880032520636,-0.04904722212272341
0.03685051821294427,-0.03528069329360886,0.0038568303195802827
0.03376802199741185,0.03488437946916065,0.08987043135705294
0.018294197494194066,-0.011772152871292593,-0.003247058695223704
0.06034737750361041,0.01684013545251166,0.003123496343028517
0.02230509582067565,0.03363255987205475,-0.02519718440738673
-0.07661077492931258,0.0522572673882615,0.10263235662998173
0.040808205310047044,-0.08044828501305049,0.07264309200088573
0.018413760260239533,-0.008811030862620372,-0.02239134368425903
0.017617981045358826,-0.09669289569961606,-0.000269784663092007
0.09111678554805579,0.11405829636138519,-0.0314894487896337
-0.033248317965637084,-0.014981069718604927,0.0008458344715035048
-0.043736844927374126,0.05017549795984439,0.04630368670228571
-0.06877558174361256,0.07076827051271604,0.05524295222866325
0.0678554683406328,0.053978339914162815,0.03431965763801511
0.03621347827722464,-0.004703045600025036,0.05088914668775361
0.008675675842176744,-0.011555699228848419,0.0775037574455183
0.052063697105181925,-0.015781926036595336,0.06358731736353616
-0.0034015359916465676,0.024473269107013484,-0.0016268997697284938
0.011222632851022435,-0.01455947007697276,0.018032460336999515
0.004820595233329018,-0.052453745590824816,0.014129862061031147
-0.0016220049481176398,0.01573549008137435,0.06952338111681283
0.007209308944844124,0.04603291538291548,-0.06856948018374545
0.05896541201337284,-0.00812316524050687,0.04069829105889912
0.04533580740060173,0.06028488329101389,0.04507905156457974
-0.027122099836564113,0.06152348796734134,0.09478532351547025
0.1483244928009714,-0.013121642470920972,0.003037307154410295
0.005847823477582203,0.05246448136660571,-0.01234377720395358
-0.05208956725066484,-0.003521016454597979,-0.015279699815882168
0.07890054482374365,-0.08053850392233078,0.043540884068205714
0.10813513256330581,-0.06332360419660371,0.017258985370202484
0.03846095753946089,-0.031728107125085656,0.009609961820032396
0.042163358369182745,0.016578653342784515,-0.038077492794276815
0.005468209142627006,-0.0216337586966741,-0.12473672175069618
0.08130030054479692,-0.09513655820859604,0.01083736106997558
0.017057562529533922,0.03983980215473949,0.11779343635262488
0.05871511445717928,-0.07117897704864784,0.0522680217324064
0.05892728367121912,0.04137173187135132,-0.08459628175565735
-0.017589611519281987,0.017129063634616574,0.05171763124399199
0.02507762824464045,0.06175068204303549,0.014391365456618715
0.024703845136267853,0.006629925248211557,0.08752877165319145
-0.03772241663950403,-0.07451454646322182,-0.003330722747828127
0.06842657144840836,0.03997859487323835,0.035164261871128644
0.09151836065162565,0.014104854639182334,0.01577534315167053
0.0495699732447073,-0.07815483866636255,-0.006776581928881961
0.022726625970011596,-0.0031021499638828817,0.0412586089884616
-0.04270435668793343,0.01809278836264993,-0.07372917002672683
0.08135588703054443,0.003519351099614699,0.09165256553549127
0.01373992356033462,-0.011583406846363182,0.0526994403289662
0.045562326438824644,0.05844905021307864,0.130135117155068
0.07383964651124013,0.008871742752224934,0.020465121897340417
0.009648910130177015,0.048017258684173975,0.12117178398881719
0.0010195387120625066,0.1011459837987863,0.02120900694910556
0.0634124301510042,0.13222876531982988,-0.03061463242353807
-0.009360531216109195,0.10881294130492247,-0.04369061402805448
0.03296854860405296,0.013553108275286899,0.04363829870631542
-0.0007156556305888302,0.08051376330160086,0.021886384831900377
0.02480977577249158,-0.04359744220061926,-0.014083590521975959
0.07989466295653289,0.03893769323045712,0.01933430844446816
0.002734896177195717,0.05316860105841275,-0.02665146194782444
0.0555387154247447,0.1136629107737043,0.011324801778399158
0.048843043964366575,0.011538529237712475,0.07268787018042328
0.07760900247397155,0.04335534460794007,0.03511420734919043
0.0022658401687174028,0.024668579486682635,0.03382713683110769
0.1350798919488095,0.019164855590477172,0.015844164764314772
0.02209196956783049,0.02330395218067576,0.017252509439814018
0.013150859809307126,0.07094479642270637,0.12776282568628694
0.056738031064903216,0.06798382502219996,0.027722931594781407
0.007947966776866976,-0.05655125394508738,0.0837501484827677
0.04768318213837934,0.07864641523358239,0.04744178181837977
0.06267243324122429,0.01857925650914314,-0.007319296477702124
0.020290906340903477,0.008452978968621672,-0.0057839869869350975
0.11803850800984049,0.0022495994156565002,-0.028400829278906504
0.004754537778992311,0.05583589840279892,-0.004671535991673727
0.000460430402136322,-0.052082675471531524,-0.04420950391352057
-0.046768898453917684,0.12168560413683085,-0.018998483672611866
0.09346914085082099,0.04651942282314368,-0.04943833034542475
-0.025512829792059075,0.03287799302595973,-0.018809668914989617
0.03865139376422019,0.13403696981880076,0.0077141678917542235
-0.07592437601864428,0.04154148218426659,-0.06762591101767985
-0.0090291002158828,0.03974881211751405,-0.0015631640207498
0.020278332102785873,0.04009904498358946,0.016448680813182796
-0.007816351083531889,-0.03318622271293244,0.03656599068099893
-0.012718586160105676,-0.025541157791034993,0.01365530651235067
0.011070247852561839,0.09210535279604576,0.04837203897358547
0.007606874391587443,-0.1363656154773869,0.020308002041595122
0.024758085798145056,0.004572885448131633,0.05661760576818756
-0.03665984497902106,-0.08328585321359133,0.005174372813707336
-0.016927847543447394,0.04009992052956859,0.01717997252685083
-0.05869676429073961,0.0586131958411219,0.03525227510467652
-0.010547131694761062,-0.03443631504815786,-0.09069271031673344
-0.009827683801768416,-0.004595864095786415,-0.060288571872824305
-0.05225264647891808,-0.051160537249765485,0.030571124866759627
0.015036784626156156,0.011365443753633988,0.06656411318341574
0.04388584472308918,0.0013938244551295782,-0.03729462824242882
0.035007676664256256,0.04411806226671266,0.08492075995732429
-0.009394134865410471,-0.01690067329875522,0.042781161091460226
-0.02156756790942957,0.05425208889587399,0.04626408060472484
0.02050321793573002,-0.03356413431040503,-0.04663036661092702
-0.036390306540073865,-0.0333589849099926,-0.0679317748489126
0.05784342705024187,0.010765718712719564,0.08700811201786353
-0.00048461847861596546,0.028700992301682035,0.0868894293622137
0.08532843819212828,0.054113100426177736,-0.03366017208226755
-0.04541236895770613,-0.04491704793064453,0.00475223700516429
-0.02214702087198734,0.1183572944446062,-0.02180619122456983
0.05861597164171712,-0.049495431040067206,0.056688186870781025
0.008473746130284867,0.03445542970406037,0.05815378097818019
0.030602506262265326,0.0509542963360619,0.010135452679949789
0.07636233934906303,-0.02525229049431187,0.040519175761465506
-0.02268818081028067,0.013524671549869891,-0.0021587181173768535
0.011969811240257582,0.022283373908427162,0.04433192749964805
0.015556796345401287,0.02837939525029584,0.00812448719059454
0.040705972748229034,0.10587001369574775,0.013750476924280936
0.037542055595160204,-0.08499993934661557,-0.03396528102053655
0.03569833682999257,0.030290627110477704,0.00605754594592683
-0.061196812355400844,-0.03188941384219893,-0.0575264874418954
0.02015593397657946,0.013397112756558749,-0.06804988746336116
0.057983152564936545,0.06535597891305683,-0.04102467298574453
0.00379275464972296,0.08132612367798428,0.012847437169388945
0.04374156841330393,0.002986991675692445,-0.08871899317119694
0.04027596712178495,0.043493322882925595,0.018741530572547564
-0.006450512013038227,0.05670543514639607,-0.055918057681990985
0.04465506746713217,-0.007652389056276049,0.06065263175890559
0.006846120241694075,0.013986350981594158,0.03937991761899577
0.031708983020963324,-0.07621500844889371,0.027563454939640422
-0.008431769830733469,0.057341834651911026,0.01839021130151538
0.0039895012279681395,0.0013186094710035644,-0.016544973823222828
0.04932263475451129,-0.004725224427579456,0.05705655886446687
0.012145174694185086,-0.08542613568274592,0.06284113062434481
-0.012235342325606755,-0.04566484332423785,0.14021217173707276
-0.01594004098454854,-0.010242297483311381,0.006234785957178796
0.04627717456744508,0.008802362479744594,0.09732865674660451
-0.015078052492796737,0.005494957168802608,0.0914389571968944
0.07026737954052283,0.007411566936885871,0.10877107150236888
0.023331384734715226,-0.031413343486264254,0.015443138056158035
0.0033782538504055215,-0.030784705604462514,0.04280453439700333
0.07332588167889668,0.06183512406486493,-0.008441383732741389
-0.023679705882171734,0.028267566753801605,0.019676762487070863
-0.024718839415315306,0.040281586373052,0.062118437197529075
0.01728667192890755,-0.01488204330674206,0.020414890775641337
0.1058774403544586,-0.04067771673405897,-0.0003441423102959508
-0.060344119911108086,0.12001554649284704,-0.02223006928011994
-0.02886975336444126,-0.0037645907575582197,0.10123198009274678
0.022857078741025213,-0.02358435004199577,-0.06987480795855175
0.034588460031589614,0.10125211004540006,-0.010028127558165246
0.03817005045207443,-0.013832328463289927,-0.06323007349291546
0.0633300887912318,-0.0469706738865058,-0.015383811785749595
0.03648518029905022,-0.01604367895567531,-0.04634131905620373
-0.04182199806790833,-0.08778551569502273,0.005202218893799173
0.00237174841697803,-0.06471928112331875,-0.05860806715349465
-0.045264082841717186,-0.03642121761990268,0.026099849072617455
0.011400905335291292,0.015444609000648672,0.04292779182193841
0.015210924587342158,0.07004325330790938,-0.0057837388917530526
0.0011328822366905534,-0.02163855814064582,0.050837414684216896
-0.03978363110342522,-0.01735095233062564,-0.03623103210255103
-0.057499345961498353,-0.09380137212233848,0.06197387643721158
0.0063906015446298465,0.04045162598893034,-0.08140035449312889
0.08161354300785527,0.07539611630465803,-0.03343480663534215
-0.0775595436120708,0.03938568953386554,-0.02551139313010929
0.09421037961212626,-0.026785018317711653,-0.05779263417493878
-0.0743791633390943,-0.012541250420877918,-0.013453892015776469
-0.0732104014501776,-0.1443676156751908,-0.0517313788234273
-0.06151391877615817,-0.08060714673305039,0.014287779329259082
-0.016450913087133662,-0.03899435005246936,0.02595060754959723
0.015126006330074084,0.017140027868106797,0.056710185477334585
0.025492331842006194,0.008808143385481524,-0.06057592988019675
-0.011857763928510451,0.028863387475542946,-0.038258151933322895
0.05863809795177553,-0.0761412729180837,0.006229355721760324
0.009123958383919098,-0.08724866871030275,0.04876182965137163
0.02011558008688081,0.0274853091194667,-0.04247042883410365
0.07434535702751557,0.053895866865899894,0.033492679743849396
-0.024234957374521082,-0.009586828823388249,0.038065612869861494
-0.04752612980435003,0.08020362123503318,0.010785282394216333
-0.01835808936254077,0.0034640961500683907,0.027114995827732
0.03419507613206889,0.028723031334473226,-0.07200148911933851
-0.07271058390780806,0.022308758258064696,0.10808682899706251
-0.0379021279762857,0.027859356313679695,0.0631276883183812
-0.05834231142167676,0.01647482624194124,-0.031837348557308395
-0.04867138275496572,-0.04222843503970493,-0.03984107787980764
0.03594708758671548,-0.09754131092519472,-0.02597607091446344
0.008385722440887776,-0.009832788719939988,-0.020343758742858382
-0.01622073202212262,0.04379888825835544,-0.07420504903027181
-0.11333499586007151,-0.034839429201689774,0.016730766898358826
-0.021785472716265672,-0.04416365573263582,-0.038516308760889684
0.0725411198320512,0.0030638023645278793,-0.032192914758527064
-0.05171988631564649,-0.004893971698358789,0.01626536636763192
-0.05133806241958057,-0.0875024590695722,0.0006562076538228524
-0.015418002113972156,-0.07715384713756059,0.052566493240826434
0.057571353518788976,-0.05688650284974814,-0.038301019671908645
0.018944595296015387,0.017347915532669934,-0.03572124682553079
0.07425592001311948,0.05746875158517546,-0.055295494499118025
-0.03541969096396449,-0.013950183691328985,-0.022528279614389496
-0.03780544778672752,-0.07019242670998624,0.06270555927452996
-0.007567554593344942,0.08519824543227467,0.018156554956926717
-0.016644271618655265,0.009852872596786766,-0.04330463963677049
-0.11993615605743513,0.01965333930977608,0.03236891576169954
-0.10239465317164113,0.027086324900353988,-0.0006780526080332229
-0.13037052261373278,0.03460168053967312,-0.03227705056554846
0.011249395366582567,-0.013074817015070623,-0.11590375445895841
-0.09413074194964616,0.12944271836282478,0.001308734038599645
-0.08287069276545614,-0.050252138132707645,-0.02879036849906809
-0.06355569458190659,-0.0893832064505836,0.09235880618034946
-0.05855771633209006,-0.08110871710475828,-0.014987512740409395
-0.01039785477120357,-0.016800346035649154,-0.07078441226685041
0.020008877121605657,0.003443245701640842,-0.05026471442786556
-0.03717347939452438,-0.04867968014949379,0.06471266850455773
-0.06118192070921739,-0.007483743223780352,0.002688053610134175
0.07913710322586603,0.10575197368793615,0.0262724806939584
-0.06965843906679009,-0.10338479978672903,0.022002058973839708
0.004196084774802593,0.003246152232926503,0.04295855093161761
-0.10780002468710648,-0.09099893165055384,0.011075683312079268
-0.18153788518399466,-0.010503347267512826,-0.05724451201137899
0.014194669628283585,0.046185659526831,0.07079182934285533
-0.10260561562846932,0.03516961156376656,-0.06807462469012202
-0.12120041462453585,-0.053266537940083014,-0.04641535912697495
-0.011884208220191646,0.023011493774516098,0.055629933665690544
-0.031257385357631146,-0.08047441664620568,-0.07530041027095898
-0.05956777577450044,0.029241008742412276,0.014064630746682627
0.06790274130821183,0.016220016785429385,-0.012300272520450965
-0.038133091498455965,-0.0012959450967625075,-0.05269852518948602
-0.023737317213674662,-0.01650026610828707,0.052502561741723235
-0.028380950959685486,-0.0487074714006084,0.08093415865275125
0.038087367651910585,0.11373995778299922,0.031073474483883978
-0.044235358859899654,0.02938480404648742,0.01283671548491127
-0.020275489747357017,0.0027101174457680836,-0.033865778909177274
-0.09081054707660381,-0.1408820764942389,-0.07132757922566026
-0.04559890278957624,-0.14302764157496106,-0.08167664214412021
-0.018863386393988515,-0.06955172035385984,-0.051608603369730055
-0.05225273158088836,-0.053983296488527885,-0.04242485772366744
0.06378759908595238,-0.05028308047130396,-0.1914345598958913
-0.07261331021876241,-0.057362129784951456,0.03339190606366762
0.0017980020245389298,-0.07979145613251042,0.019443044127329594
-0.051234418992290004,-0.05158964086517505,0.002854451302757955
-0.06870379041678831,0.06816687549081199,-0.0197729670845974
-0.06581498995332197,0.052177709312151786,0.020651795700284394
-0.05618278324947099,0.022157244308057267,0.0054494330746810045
0.019475654269642713,-0.03919708627144289,-0.07145404115766162
-0.09191635767223144,-0.05607439249439192,-0.004224044668554805
0.0208586046464109,0.00021793772678380813,-0.018529894897969225
-0.013424217606985646,0.034336103856872684,-0.03786375105509346
-0.024990801273004713,-0.039324575136901324,0.004165417797176371
-0.035871530229990185,-0.04995778916205465,-0.10204918249981274
0.00501182752656814,0.00963936620212831,-0.000273867722691494
-0.05667378908535099,-0.001385097705003429,0.007962807235794324
0.0019013229933535804,-0.10529725377860145,0.023564501867359217
-0.045124636972685365,0.019814149095076363,-0.05918697998628862
0.02039364717488402,0.027603500370372454,-0.0971085748897053
0.014035713342322169,-0.002803585731156074,0.02856833016188825
0.028714160803291897,0.11111534562110956,-0.030984796379506227
-0.0008662555349125099,0.01914671579576087,-0.06897650376734735
0.013086214628737828,-0.040576723619281926,-0.12496762527054278
0.0007427055750276954,-0.09361808098164642,0.013127517524613552
-0.031820142121653,-0.06940984305023688,-0.012642713102471517
-0.03737253952124736,0.06565706680623097,-0.10784251541777594
-0.05037555070793938,-0.037315097535907886,-0.10553066726064783
-0.0076068034330116045,-0.08135498282197316,-0.00019833060359490326
-0.08059302442796076,0.035435870328942784,-0.06489385105342096
-0.058962179449864656,-0.005522539650597749,0.04878509789477814
-0.040096885002531946,0.03266793489486969,-0.00026914283214323625
-0.030971098925772433,-0.0009553033633737315,-0.03654926014782437
0.11737552118119202,0.011915751200435986,-0.04502218946696748
-0.06590608831932673,0.004571196387395674,-0.012310604632468716
0.008854899175409499,0.009144740859124631,0.00976914786105414
0.02653086134993642,0.028449861227680468,-0.008607009396462532
-0.034118969475381074,0.02901055349146173,-0.09121723237642095
-0.09118764027407297,0.035646492602259834,0.08003392622076469
0.037906331858578335,-0.0636620326458866,-0.002817154081117379
-0.0004108235717420021,-0.019657708943149763,0.02674410435062486
0.034984536009515704,-0.010341946140956295,-0.051030163890755605
-0.04326659784167433,-0.028465710426553714,0.02638933572932948
-0.005030847938748554,-0.006816920035701449,-0.039260235250652184
-0.01315957069334308,0.05946840434587923,0.012817434746146696
-0.13195739399652234,-0.059648433602053644,-0.006596616999897888
-0.00730162989657299,-0.014214699308899351,0.013526072251278082
-0.06951512264957284,0.0006234000303329545,0.05014093223106909
-0.06367804566608988,-0.011419841966533948,-0.062046287551840794
-0.06672215086991268,-0.03905449991341689,0.018880095963173266
-0.06824390175782818,-0.030734353821654074,-0.03781271064999109
-0.0648130145368549,-0.09011650404655092,-0.1047229591831027
0.007015901336247524,-0.058305282283751175,-0.008690092349309378
-0.033427693925889915,-0.05597430744395257,0.056875738395244235
-0.0066530780278925734,-0.03324592360257568,-0.030015466043172796
-0.03799140928137623,0.0410596149820803,-0.05401458516322828
-0.020100880781441694,-0.03527461876899479,0.01844523344519818
-0.0704285413295077,-0.003380928943134463,0.0684951414215341
-0.03288464688316771,-0.004517419278289353,0.05422832125716911
-0.01874522796411303,0.010994417517323385,0.038761878303134316
0.021134964901865096,-0.05397261616747525,0.04751643522664076
0.008739553974483873,-0.040669356225273595,-0.008405977339238098
-0.03444472536527939,-0.012568838158976438,0.014086125217915982
-0.012028006367199612,-0.03747441015670041,-0.030579730858337057
-0.0324593014610018,0.0328270379910345,-0.09533721468010559
0.07254499270641229,-0.06531117305684654,0.003425533905105145
0.033223072636402125,0.04211927740931287,-0.09745197056191338
-0.09051717307685776,-0.012199752063850326,-0.03723380620284
0.02382297465023433,-0.00284225187664852,-0.07401297833204343
-0.03654233188414256,-0.021146742829820764,-0.04677614210636748
-0.06387398338362144,-0.00041728901953842247,-0.02866814763129214
-0.05669577272431606,0.027587979711418298,-0.026359045203245224
-0.015703035475198798,0.000997512558198889,-0.009482150484552088
-0.02952455449014536,0.009325121126498208,0.032430149891202714
-0.06072284848648783,-0.018448116080664507,0.05415285489564261
0.026121596713604346,0.062292803177907786,-0.048822146040539714
-0.05913551017430177,-0.04899619031335553,0.02573427331620827
-0.010457927002515664,0.021844641177847,0.013634998926832844
-0.009637942205610258,-0.03742426554716102,0.0469790764284598
-0.02081129933727842,-0.016020239888328024,-0.04385997200936369
0.00304871485940527,0.0258575314688325,0.030582220450527966
0.027847079967686053,-0.020628746097075677,-0.015991742364507983
-0.010729114267564382,-0.007628009652984325,-0.0031912956976300373
0.04981998680559596,-0.02706597568233887,-0.0021140363215711583
0.0664114779650072,0.023892536972767033,0.04112409000277437
0.009308039847099334,-0.04940496684490131,-0.013811387325303327
0.036764155366761773,0.0266047286086233,-0.04417107716660251
-0.051830527136919935,-0.04995942378534638,-0.06825965820619788
-0.019434233909820575,0.015753781679775147,0.0011139366011092573
-0.07648841637626365,0.04432741798652599,-0.04857978679599509
0.019482714811527864,-0.06010170722650779,0.057723937242499246
0.02088390736658169,-0.006804572351808404,-0.04249265985017972
0.04087412506663115,0.025090239307768568,0.013773423908554279
0.018317176376497775,0.05892318089047981,-0.017796488188214533
-0.036889479160077315,-0.042256099800140445,-0.05143517194008887
0.02306338059972987,-0.008295201978886953,0.01411755103915003
0.026556353805009134,-0.07593965844048348,0.019976905931047964
0.07496318800808317,-0.016706417666555534,0.00792841871075992
0.02402728493957547,0.0029430460142189276,0.035405978772014485
-0.03180848728496546,-0.008640663003511823,-0.013812284655926876
-0.07052274070180392,-0.02212957864088425,-0.057467788610637796
-0.006281992120904842,-0.08125298051832805,-0.047472653823479226
-0.01840266453527344,-0.08111785730622903,-0.058238559913369056
-0.020839464132561332,-0.04581789888713815,0.0008182569358384248
0.006968639979790317,0.039975415299740705,0.0024120939966716555
0.00294016822968185,-0.02485878476714223,0.009935466080044683
0.03745450678638715,-0.03326872275651935,0.003044419709964374
-0.004618218845898466,0.028422107770715636,-0.01667426156592496
0.08388561307314592,0.06747873230485534,-0.01842782135169089
0.012290882050887804,0.028835949878200793,0.028024941314488013
0.09114891205916893,-0.054755238229039056,-0.051091465493206575
0.04632742651875667,0.0466020111457371,0.0636071443290759
0.029127915230727518,0.04389003785411852,0.06899641215378413
0.0004095057036884028,-0.013769036821340681,0.07060363656242546
-0.04331633927950527,0.02667024237521224,0.056428737871120925
0.03669907362852931,-0.014022709097768623,-0.06257243633796557
-0.00020119036866158863,-0.046640725523525,-0.09402958130197574
0.004285200027560972,-0.0269779322823415,-0.07085023748417087
-0.11340812859940731,0.06280091589930759,0.036759560989559174
0.015413677254506361,-0.07451926929320257,-0.04976362623141486
0.11450228508397467,-0.02994962850934248,-0.07899124540325969
0.0811631054593793,-0.009325072677317078,-0.0009163634903292647
-0.02239517823843417,-0.12893314467589487,0.07752734776250177
-0.02976843460298753,-0.03127296898613244,0.07940121810593885
-0.012518322669422778,-0.020204936347431802,-0.03718659046861925
0.06491511895985427,-0.03189130840320472,0.025449520997711753
0.003312455504254864,-0.08147479029514235,0.012717791515488597
0.06324659595946536,-0.009772554475273327,-0.0011756458993635534
-0.039388605689398316,-0.058412828158830116,-0.02848248384297964
-0.02183973636322412,0.0033096190814672637,0.021948546334445193
-0.010990229606253656,-0.012097999643389786,0.018476846226960046
-0.027337932808148918,0.0035321512471630442,0.026894570143019422
-0.022990919578302824,0.006254237082888996,-0.03860077627915964
0.03328995046320056,-0.026109652078757754,0.04383163204969526
0.06563569486255212,0.020175392529412865,0.01605176749898321
-0.04798333459764307,-0.01957591175185288,0.03467670667162334
0.07080668197487462,-0.09015811335807841,0.02004339803666214
-0.005762492259335152,0.07220357411064592,0.05080251786995357
-0.049023934722433465,-0.03460397875259026,0.08617155818774198
0.10845040612540083,-0.001144891425665272,-0.001609305667294916
0.08190409101115105,-0.07563547805154182,-0.0497899407318095
-0.008049355598550193,-0.024336553632880207,-0.07709691270372933
0.001051695312081769,-0.050031042432656665,-0.07226997143415738
0.02492643085086279,-0.05701632190523507,0.04055154617829822
-0.056832425169836616,0.09022144457502959,-0.030762585188568656
-0.050222155207495345,0.05088017987638441,0.05068098296077861
0.015072280795085404,0.0464437114337207,0.07034273404579813
-0.033142947612047315,0.029333242974338047,0.040038550640460094
0.0009898696708131836,-0.02197029323978359,-0.1279184190946508
-0.01586904828500161,-0.0075471137979774856,0.0012716166938150295
-0.05569896083093363,0.001152792797110628,0.13103402862444394
0.07366583952489082,0.03677251735595984,0.07608272333665797
0.017342124632087404,0.032298849972093285,0.0022822189465975095
-0.061312748775438575,0.10510936305959573,0.004433335050470873
0.07392916453833324,-0.015778853532591626,-0.07860165406606733
-0.00455823747939621,-0.06989093898492106,0.0019888227462043304
-0.06806488991432698,-0.020958021994057136,0.06603263886961054
-0.018035680915269522,0.022293958585458643,0.05711564228421713
0.07689709930787265,0.018261385147384908,0.006782633157568681
-0.09516363082818349,-0.039124760082629884,0.13231244155959282
-0.09468102082179232,0.1276891442317616,-0.008686162568717
0.03324698207818921,-0.04594844864822273,0.039219993380338714
0.05912284624366125,0.047943363907340567,-0.025883284987058244
0.07261355498313356,-0.0318792350759253,0.007796396067309445
-0.009194834946592978,-0.04389783191844066,-0.01780372974949679
0.03642110223966087,-0.0341073425134909,0.015952289512045095
0.01650099294731187,0.10501434826735567,0.10374820994390568
-0.03417534937595294,0.005027958773788616,0.039495467497350646
0.07311917870456769,0.01976189277988717,0.01379878243198383
-0.019787645421081607,0.03164705593396288,0.03835156108929631
0.12134177234579858,0.144058574746573,0.03451833121989153
-0.06439672244789249,-0.021563518909328637,-0.00327435528011673
0.03183277786400704,0.05897509158293077,0.11323426989352416
0.06349869945044768,0.01599341776506149,0.0526689921344696
0.007563342231373502,-0.011300555128124137,-0.017159758729605675
-0.0059603131665352995,0.06854009667671064,-0.0021011854748200585
-0.01424168230796245,-0.021588533695865067,-0.053686684505562965
0.03959317993623717,0.142817412361547,-0.0926832640800656
0.07663375002972424,0.03936068130993736,0.01911282913837073
0.0003721100528339509,-0.0045489050741042494,0.04639880024645949
-0.011629205009010612,0.07306735995882166,0.09091558736560236
0.016126799734920035,-0.014731971015190833,0.029689018445901313
0.028236279252598,-0.056733038745202226,0.03602427573732977
-0.04926765103837711,0.06796802160644516,0.0618035683490412
0.017690143906879292,0.019734730243091088,-0.01565659830204682
-0.021739083262567717,-0.0021387865187776113,0.037431537567112025
-0.045473705810979544,0.04311386440965875,-0.07144952645242586
-0.0365912445901907,-0.030579034765680583,0.001932374433145782
0.04764877808273213,0.04516869318082169,0.01665764777236625
-0.014996893962915071,-0.007639594091650877,-0.01868107420686404
-0.05529598670804344,0.04857405783543141,0.05466704334970278
0.037202907660175144,-0.034893727386886786,0.07218698365830292
0.0026510378551283294,-0.008277600786586927,0.038381754921086635
-0.0025528813022760617,0.05312528704937751,-0.09817382140847228
0.08832346748352177,0.05858686863416545,0.05512340520672022
-0.017971282483730942,0.12110318855888635,0.026862581653777518
0.03048681684306674,-0.059013460982874036,0.01482392273750272
0.06146811110293709,0.03643688216237104,0.045940776568930704
-0.03780922918051169,-0.0633857071113912,0.035367712966239
0.05522793816924106,-0.01234680313773313,0.0102874478487242
0.0414696596290518,0.09305286740005288,0.022177968602641523
-0.012773234350533517,-0.012747957769042986,-0.03774764008870575
-0.055646903772889514,0.07874094108643306,0.008012139840615662
0.0059192275411842805,-0.0016100810434471029,0.021313165976908695
0.15247043540497143,0.04437952294681105,-0.010632770250412399
-0.030725496507646118,0.014290151050817924,0.043526141128894996
0.02657763539144476,0.06850772233141589,0.07868516562269418
0.03183288006209394,-0.017256638732095493,0.09171167970613364
-0.06323056989799183,0.09054875289330444,-0.03311343965321347
0.03434124507822089,0.024212160663551915,0.07053948126483578
0.11526088492137691,0.052521157406733354,0.14572154464293469
0.004888735167110574,0.0115631260848016,0.027901797422102248
-0.03277444565525342,0.06419327825815192,0.10796201496380402
0.00458972781857662,0.05456594501444664,0.04574042943186707
0.01087084143239233,0.060491454104845355,-0.005475479805864398
0.03954988685122926,-0.05930103679136871,0.05704999466843757
0.03361292890407679,0.020801599106816292,0.08822682548903218
0.06805652197535862,0.08337767811078771,0.0007458170959474784
-0.018166405411167503,-0.008059272102335424,0.027502496158880563
-0.04927404187683408,-0.023277865756094314,0.04236687374879233
-0.07449961504486365,0.11579701974543072,0.00869745934006456
0.021964709915717636,-0.014906687002371539,0.012744494482391747
0.07519772904272014,0.049462364343443185,0.009346717709307591
0.014969545783756113,0.07670072443294006,0.0009709766120292451
-0.003910981122739739,-0.06260872149569917,-0.004953320259796664
0.11515773201620456,0.021118787504131716,0.029672610570043112
-0.06731128491814758,0.019597172378412433,0.10612830562307454
0.08096211286124125,0.053075996296294184,0.08699657586844439
0.04022819978124642,-0.038224190052160746,0.05364870199580981
0.021332646287598366,0.037938984837651554,0.04570043895846556
0.019662111670359673,0.046857232273278586,0.04637111296397249
0.009865563612555067,-0.11634166186995037,0.013740322281543735
-0.03941132854392178,0.08005219792898194,0.032540014261075556
0.025466704656405166,0.057951433796793655,0.023063690751620743
-0.04715061403140876,0.13627410009333155,0.03155758817953806
0.0003976217196774781,0.08664983567182265,0.037822419844004425
-0.03181103218807442,0.019109723803753552,-0.009299266919157115
-0.08832294590245912,0.14184775283438936,0.08153562015786818
-0.0332181843871355,-0.0013011899461887327,-0.027610672596218255
0.0863915440425212,0.04394821769542683,-0.02507848042504984
-0.00933679202118225,0.010133992015399988,0.04819133965750752
0.02112872515226678,-0.08160563839229518,0.021247289915553347
-0.03585844035112984,0.0770506437772163,0.04378852627621363
0.0024775923532493124,0.021036979288475293,0.035251872889272076
0.05962499258251393,-0.04038728488108123,0.035494765533433614
0.05299692721919541,0.009705000975928016,-0.09905979938444558
0.103595261119968,0.052177481080474236,0.062123870727121486
-0.02547380408612005,0.0028313206001424826,0.04360433244415294
-0.026790710108450442,0.033166408568269974,0.026461139869741336
-0.015867761584035977,-0.02382665708662907,0.0801566505811826
0.010784346712689935,-0.04313867556332303,-0.033395413485440686
0.11678818823931574,0.09803947094509098,0.0049043998059481765
-0.013391174377227952,-0.011414291405330762,0.0879000463527575
-0.03943893431809216,0.015949055390653607,0.023080286697037412
0.0034652007264257562,-0.007954454777619097,0.06205363319643151
0.066988954906837,0.0663617920620466,0.05091263717399519
0.10730518596485665,0.0028587071100585892,0.009969148275263575
-0.022854831284635557,-0.016344251592690318,-0.02284684742606853
0.07808562086717351,-0.021186962136548356,0.07653368355076885
0.09515287889805726,0.02616459867432378,0.018055673861544153
0.018144310797866686,0.053849901815906646,0.0363841669600503
0.0027269545580536937,-0.16879321267637643,0.0030427708310575806
0.047453521586269115,0.05639501917896068,0.09724049867761897
-0.0036146348241497747,0.11895470356965182,0.028173649544242917
0.04031975359413937,-0.025144128015114273,-0.0008691198823047516
-0.0030503910196989885,-0.031219105649885937,-0.015019065824462465
0.03059470000831204,-0.03560268815855938,-0.037685390367125746
0.05941745521557324,-0.050261753867823125,0.027619142419464494
-0.027914467983002147,-0.012368229388154166,-0.017313417922251734
0.020243589188256392,-0.014228606514411522,0.018621343523504093
0.08633335263542774,-0.0014844418789982956,-0.12449647332249696
0.008693743812928558,0.1098058707060593,0.022729629737398446
-0.0752094334590514,0.07662183593631179,-0.006361014754283675
0.07343844993143052,0.01015309407310099,0.10639803930158911
0.07650314633601665,0.04548011865928342,-0.05858709332130999
0.06902947464695228,-0.02041565564712799,0.02419521702435575
-0.006496326953542783,0.049399331884383293,-0.00802614470744321
0.08657069532796871,0.05546584823144571,-0.04031633295529612
0.04191987618962771,0.03619170644559121,-0.010162247558932478
-0.007391644274053666,-0.05017880644667198,0.045250685697171264
0.0730260080619631,-0.009690907585592464,0.0040663581951672495
-0.05796407427516142,0.03355139320751004,-0.047185489912289214
0.02177639291634799,0.0738035597292154,0.04137602672560281
-0.029936839656683485,0.059531394726080294,0.02270619643658803
0.05208533518442054,-0.08485435199422006,0.016105843531835563
0.012544119513888088,0.04506813816994466,0.12181657004398594
0.02980824157354217,0.06043529310264493,-0.056677227297092965
0.03708683532419248,0.006831575436746223,-0.036090877859721954
-0.03774247012729273,0.029060976474992596,0.04803267189785576
0.07823356694147467,0.12508711407496978,-0.0344037897052266
-0.01191403685906769,0.014164447865984527,0.010754637050861259
-0.02486788556603854,0.0353230064107823,-0.046674745305771835
0.04131798068965202,0.04660791856830963,0.032614054523426125
0.026247917639798262,0.019940920636750063,0.02944485004859573
0.022641327872779626,-0.009942579702706577,-0.03986288766419463
-0.026538840933147623,0.014488855807869985,-0.047212668265153065
-0.016016319614347352,0.05244703449132432,-0.01296096234690296
0.08361693586768275,0.01221207612947606,0.044174048518874603
-0.07736117055135153,0.021644183009845847,0.08718083854179129
0.0384279607743628,0.0004740866343154876,-0.05825786673641954
0.08665167083297315,-0.050326135519570346,-0.015847882056509832
0.0920689421733766,-0.059544521591479105,-0.08751265388272919
0.107574850828503,0.09043818779706,-0.05719662756687253
0.03471084174745513,-0.09284461202931722,-0.010775622543036129
-0.022675485507465957,0.0796716962859218,0.038317037404919985
-0.019360906808758575,0.029503057305688193,-0.03823749126257871
-0.008330365045861193,-0.06468479437517428,0.01540554157562928
0.046947488881514066,-0.06296912150394277,-0.030954041107287077
-0.02093858873697716,-0.000634044437932817,-0.02581307060368082
-0.1061107423164923,0.06223413679964156,0.019759073005696765
-0.008328577293254511,-0.055699845115838795,-0.029843163065276533
-0.010364195102929213,-0.06504034070823317,-0.020715141810559282
0.0353290850546849,-0.0734305241884045,-0.02732194112853487
-0.030786068260905783,-0.08562519710172595,0.01612447850138471
-0.030079219125702543,-0.051299636072194114,-0.012142316742104814
-0.025742022024481157,0.06139027670740264,-0.07238668596643917
0.03922838900269315,-0.012796710808640761,-0.020675318314806512
0.07536049012615094,0.0656912635456752,-0.036214670761979935
-0.04735915904722385,-0.008371956253604039,0.0015969076825634986
0.011155910934431695,0.05933040450259712,0.1172373550392241
0.04837407676187698,-0.013100477557258431,0.022372132097787604
0.031456765966688054,0.030748866009465876,-0.01499541565549503
-0.043051828825014155,-0.039972152349849716,0.061515258876579604
0.013081997173770265,-0.009627749739034415,-0.015174396822494116
-0.02099434357802584,0.01495501886699446,-0.05584614442225358
-0.029102758805318856,0.019917675660615804,0.025713657173107533
0.016277414078927844,0.07823977479157115,-0.08873298156092459
-0.009985248942888672,0.010637956926280022,-0.04866549451002592
-0.029088518721564538,-0.028360019988036996,0.08511161494778013
0.018376616619505622,-0.017681690404735544,0.027241417408364964
0.016080217847959762,-0.05861252201214346,0.04107908231206812
0.03180104353691263,-0.03291839803255244,0.025340545533507654
-0.034875243608336874,0.00841951826506305,-0.07138427804236516
-0.020231486846837038,-0.027660768853090798,0.02904098449039004
-0.07893255179759458,-0.1269135783083133,0.06032754277093006
0.028277660729564905,-0.1613223662290469,0.026318170496704596
-0.012677699644530995,0.10749177290336458,0.06545127647347414
-0.07455275558713524,-0.021727613605230952,-0.0074092999119074535
-0.045762934265475126,0.01983264580297118,0.022322536034311617
-0.07922813378436197,-0.04383037968586462,-0.03511750299100278
0.015934381254655326,-0.06897196994703275,0.07141923555154826
0.05303249768124126,-0.09079183588855962,0.01751543423795591
-0.008921702907928573,-0.051851742513998884,0.06572228817031543
-0.044277967660756735,0.023321832581628125,-0.011201438780274804
0.06976822669543713,0.05019695660477221,-0.06470798195280462
-0.07897520542067539,-0.02078546336674635,-0.0414107958825307
0.036275938950470654,-0.06971172072780388,-0.050856878377038554
-0.02043556413254998,-0.05228492528493743,-0.014607717674824466
0.04796314411754105,0.030215234393720026,0.0016398069588592192
-0.09715624363675113,-0.11649587788860552,0.0884598090210172
0.013835389422924508,-0.03394454971020659,0.03538649620314781
-0.018089835585605292,0.012946130333962743,0.09253337825220226
0.11398733670413216,0.0582310219420577,0.009272565010518957
-0.05215706015965074,0.04258536731980094,-0.0428519984868137
0.02213618329903894,-0.10384170454316453,0.04008577878031565
0.005899623798023891,-0.04986883401391143,-0.07158790107425063
-0.10184056631552409,0.09429652413800431,-0.07850043395110828
-0.06291457252823009,0.006253815083480248,0.08841769929994821
-0.06983155275539166,-0.011254106406050844,-0.09539427229246425
-0.03842902851140303,0.04652408763449666,0.007078488222890493
-0.002368965731241137,-0.0807854422097174,-0.045396331959855325
-0.05403003758980943,-0.0007913378558570151,0.0067487035774100815
0.004930964385521855,-0.0499521065269994,-0.08321035355006176
0.027487575532547916,-0.05154987475234536,0.009931787767946945
-0.007079381820132359,0.010702537070850176,-0.03624808191669273
-0.05562877143361928,0.1329254465140151,-0.021415556119575033
-0.020432296602384922,0.028619458355681134,0.020048578944956246
0.042481885783840156,-0.06364781826581375,-0.037989108452315554
-0.01714471510818471,-0.00629007964714608,0.035482306965108686
0.061251271547792176,-0.060464957358139414,-0.033907372346209594
0.020135233105881518,-0.050075328264320165,-0.020399084222209988
0.010559534046045187,-0.09036040113685814,-0.0945583287626482
-0.0015196140347197313,0.04649326440898874,-0.042775034652735064
-0.0715888331130379,0.015023180030164479,-0.03118138986007798
-0.018856137434249833,-0.053182177441514975,-0.038299287991651526
0.04167630811696156,-0.037915070734776006,-0.05919024666088071
-0.031587320068159695,0.014276795187055,0.021181709277843068
-0.0978242753827389,-0.027195549476267854,0.03994629147675755
-0.04866079648024109,-0.007784251393650295,-0.07831743514879502
0.10359204211703435,0.010765679308484292,-0.09358521332761112
-0.08007635254279565,-0.06957186021045199,0.005328327614382964
0.0016204425779846685,0.04935929603054846,0.07174243204249346
-0.0013394596887699312,-0.053286430519821126,-0.07228162896581826
0.025537370311329962,-0.043437559843989115,0.022103998375350962
0.06443603572313081,0.01405571115943171,-0.08485051012395856
-0.032202470760668594,-0.0011178684426389474,-0.002634866015441042
-0.05036769446449878,-0.004672945579084084,0.02474329548162207
-0.019170784771703926,0.0029186794512671595,-0.02351239052867111
-0.055398024781723246,-0.023502044953126945,0.016787213513007587
0.07648358378589584,-0.011745274969221606,0.05320980299162884
-0.18354386597046707,-0.11646838394465206,-0.026208845890602732
-0.04772797861131565,-0.04127272295419758,-0.08574987530051856
-0.08059751791301752,0.04379059275171868,-0.04586621359886761
-0.015161446835579951,-0.07800893097807252,0.06008514988681223
0.03534740481361143,-0.008023092377767273,-0.0075954054761748525
-0.10013640310508137,0.07828949598036522,0.03004990150966278
0.07719000144389469,-0.05991012859072542,-0.048420259948848826
0.015803809608267792,-0.01968457349173369,-0.047763937476907284
-0.01670898073077553,-0.02274564527618471,0.006996400093644835
-0.025854454289706112,0.03620139955315107,0.06487675168721685
-0.013983841006746947,-0.04960440041611794,-0.03566727982479048
-0.07176376055839692,0.11416229921635937,-0.01766158198014333
-0.05613538708130733,0.08592398711931132,-0.0154296129378637
0.022628491367098644,-0.05752322626329676,-0.0008034730329499612
-0.09117219531244358,-0.025473181790830454,0.031088517714605062
-0.05395460953631162,-0.046685559355145775,0.11031987965653989
-0.05738690419962496,-0.039160781297902084,-0.03264446055085827
-0.0427331984665433,-0.004150604816782798,-0.001647735708829097
-0.06587494752475956,-0.04354567901153661,-0.030613919443997092
0.03476274130608592,-0.054248760021383,-0.04299943485569502
0.03561311256218221,0.030928999175055948,0.005118505829191225
0.00984859727708912,-0.08469278887818601,-0.011905947068758697
-0.033758753482793155,0.02731042641263419,0.026547102900820338
-0.11200912243589423,-0.11162542180049395,-0.08123537522143834
-0.023475121222934936,-0.01581840841375098,-0.0891887414973298
-0.04604662622903315,-0.02835589949439913,-0.1067204969237805
0.04490057601492593,0.03450245658079034,-0.08704712655608361
0.04096229254828578,-0.03739864988331311,0.031122912282308936
-0.08679024133936071,-0.08705918179419467,-0.04925910855232697
0.028031724012639994,0.020644238671770565,-0.04371001716354884
-0.09252157923126428,0.015612281198681216,0.02897770759140285
0.023924619433518746,0.05095624865620971,-0.015896316205250872
-0.05716522011978312,-0.05771943729544364,0.018341946063616065
-0.03976999615851522,-0.10812245528246292,-0.07077380363039824
-0.06088073059702752,-0.024570980333397247,0.0541079191499158
-0.051448348755090495,0.061019654389443595,-0.06362007888034121
-0.05285833811333301,0.03988814269945888,-0.05029402716359722
-0.04055578240734197,-0.01150416967998129,-0.06739083262052677
0.08551478730509206,-0.060626370772265674,-0.0763164813873359
-0.019172841740103662,-0.05641905771005047,0.026939238944698504
-0.04130796931024841,-0.007224338065143799,0.011028873668553096
-0.02164324722018364,0.00830951526670581,0.06694974391218939
0.014032421882065563,-0.006872834052344116,-0.01924267869265444
-0.040795806628882936,-0.0537681719751673,0.07885841616758066
-0.024792994188817346,-0.001572159119390109,-0.03393414255349865
-0.031162339157274413,0.099051180974638,-0.05519663147836561
-0.034483887576156946,0.00158213428557228,0.03196285406282234
-0.0784610416162978,0.03770648165525207,-0.056978736929107016
0.00011422642851734166,0.01340148443997759,-0.007127088463366392
-0.043113461666569174,-0.13981649277326508,-0.10111466131442885
-0.015464028612891832,-0.035324677909035554,-0.09446434588556078
0.014927039224923135,-0.04133778050642628,0.01561990801827513
-0.03500783477186602,0.029421930729722438,-0.05589219957355468
0.016941027771813284,0.003709011987990847,-0.030672365547521736
-0.09331466730151539,-0.004450243938925836,-0.020136089007058208
-0.029119630463524008,-0.022789230162240683,0.023851180164568286
-0.012642658236962812,-0.06072278045587565,-0.04790100358807666
-0.05118450264333963,-0.048369450689580755,-0.061874700659292396
-0.0075899989406524575,-0.012109734820878851,-0.049977091397666235
0.013545321173739334,-0.05210854241353138,-0.0852661235604924
-0.01112411999141219,0.005641142599306821,-0.06834289876310767
0.027145993403521713,0.07738434979326743,-0.02897639807130245
-0.1197117105340223,-0.11793198994559859,-0.02842834125252247
-0.07966755335456427,-0.12142066444632245,-0.11061128967997998
-0.09885313987772816,0.0017156454881641116,-0.06346632495344669
-0.05101595098333967,0.0001222942590225623,0.02297069911221438
-0.06947128900811504,0.03396991104509339,0.010087654618739148
0.012326235289881762,0.018398437443629234,-0.05111263027099949
0.04877997899959767,0.035832709534873775,-0.0109024430414042
-0.033645284393135896,-0.009356870369957708,-0.07784840111819942
0.04508657397979901,-0.014689333908701193,0.03099187517380133
0.036600195143540244,-0.024133101641792422,0.03176684532935612
-0.038266293094963426,-0.04633827433866795,0.03164031783694864
0.01603678499795187,-0.10358473512810287,0.05353381259503054
-0.026188640620926403,0.05568697370235505,-0.03547108486121689
-0.031548541476224795,0.03586059247831056,0.07006721316204764
-0.022725431200682232,-0.01570958856119572,0.024706735068843442
0.016555577219411345,0.10090542767065754,0.008017793754602869
0.02693441811013255,-0.06550201495897948,-0.0670640041694239
0.10150921414342498,-0.05621876299014547,-0.04285522880604206
-0.041352412152448115,0.0319283863756062,0.05006989185261641
-0.005942909923323832,-0.056802108430849,-0.018667858526059122
-0.059854936748051625,-0.04282816909238724,-0.09347791504203548
0.005090213449807354,0.0037637455038992892,-0.024054509831111147
0.053061202095177,-0.052726736261437715,-0.1001948766928846
-0.05132280531163044,-0.041080206918117645,-0.011247955922046088
-0.03936113878070058,0.02844836390424891,-0.08576244802061443
-0.016663874260183363,-0.13952446094773296,-0.020843943219002695
-0.007573279898035706,0.06436678154924799,-0.03903828962337064
0.019790623528817934,0.09075875743073523,-0.04715537159343265
0.11701696102934371,-0.033533602776181885,-0.06286038650032896
-0.017961369004704904,-0.01914804658819782,0.028245651182649323
-0.02817820955796304,-0.043242259994528284,-0.057524142956702634
-0.02949062616688644,0.0443213297100562,-0.12888473797391345
-0.08373351042904355,-0.0938861081808242,-0.006224306033695623
0.02202578408945287,-0.05515687021930954,0.04089385845630119
0.0359110947890043,-0.05204876087275992,-0.03577130041153194
0.044206457524461285,0.027579743109170496,-0.013127171129586767
0.01087945069482006,0.01584555422617944,0.03333627175976229
0.043614412011331566,0.08807270825680999,0.027383342532379267
-0.10817159879325419,-0.06245215021573725,0.052425206847266086
0.07661098509864864,-0.09389646292595549,0.022391584545468628
0.005813096260703513,0.001355989575643408,0.002590239300974356
0.025243553208367926,-0.08263938668141911,-0.01748617525524061
0.039792820793957726,0.06677356139404268,-0.015564987538990768
0.09466338176608417,-0.015176116682174848,-0.07821947545381618
-0.03130268994616497,0.025809983461495968,0.04025314841376179
0.008289539155345544,0.0043580433446988,-0.004334331265219134
0.03843988715274647,0.029736292229816483,-0.026820934043489418
-0.024227069188918864,-0.1412748874393627,-0.06320103992123237
-0.02641630828555942,-0.014473343303141348,-0.004048524392343973
0.05254074500098479,-0.054756133138441986,0.01491837866468443
0.0005529617418608664,-0.04034890313902734,0.0024385682022030333
0.04497001033174964,-0.03220416254389724,0.01204548892234401
-0.0032749674918460384,-0.012557115711808542,0.04757418205380297
0.007137410590117295,-0.08027192755781362,0.004363532125492629
-0.0157505364519724,-0.0260936062420316,-0.008426821666307137
-0.04080923212473467,-0.05746642106402554,0.017367922355514265
-0.004982118514108061,-0.013287063278583231,-0.07431501649760079
-0.06757686121609546,0.043105694640113434,-0.11378668536718517
0.0044489965428030995,0.006332531923177093,-0.032509093911092746
0.1151311923202599,-0.09551614785307211,-0.0066611636420463565
-0.04413372750633498,-0.029797051952149805,0.053498611919510365
0.07516907836977725,-0.058696215243955574,0.018691332026788045
-0.019489838625469897,0.002560193278884555,-0.10135783648976478
-0.0707022199041826,0.030715044996994963,-0.03887854628744998
-0.005914181032552559,-0.08970170133813173,0.021897577139601825
0.07630765636824717,0.03770193645232604,0.012355969041222764
0.031004220678783098,-0.0845216816472876,-0.005264971356890724
-0.0057452887811030515,0.0684758759643923,0.07249278028513402
-0.03698210275902294,0.017288723691854406,-0.031400973448058346
-0.023105777266608556,-0.014195684013216704,-0.01966967803569933
-0.0948390076449546,0.00600301359932151,-0.050078986364569346
-0.01854218536511994,-0.03860337630483437,-0.005074448200472009
-0.023512762538046995,-0.04347011921283605,0.019609662234472233
-0.055684579842093275,-0.03780085646709089,-0.027012008261990357
-0.1331954504818455,-0.017847636118799706,-0.0608473980270539
0.02116851819058738,0.09524560655913564,0.07228411105609245
-0.04727012142190489,0.024908235604516354,-0.03141642455854885
0.06384084474449479,-0.0107616437274473,-0.036945741222944084
-0.06314273041606713,0.0013785599329669516,0.030609808751363186
0.05401621523907704,0.03680704222786766,0.0037916652400983714
0.005761598802554992,0.02098881474801307,0.003736846141231552
0.04998477237515192,-0.027195993428891806,0.027068214579509024
-0.011471126826802586,-0.07262618382497993,-0.016955806837027763
0.02586402120732015,0.007594324581680719,-0.05945981033060416
-0.057877556559997066,0.015505080758002502,-0.04062750204760774
0.08538928502482081,-0.017392121104757807,0.1267895016744522
0.08499730519631021,-0.021680595857110352,0.015489159787677396
-0.016276492177529363,0.023966707856144163,0.00900540400832945
0.017305347071451285,0.012139539625804087,0.055081023804489614
-0.016446044157183058,0.02071326751876664,0.00825655963945565
-0.08411888809021031,0.03506560776783556,-0.010612716174339253
-0.008032538705866739,-0.008940216968545609,-0.06440298361330375
-0.008701314000785715,0.009082615536425573,0.028331010981713513
0.05508285364682043,-0.0701381611699304,0.006257604274546495
-0.06864903289045904,-0.013100693690621744,0.020628643549579277
0.06991595552509201,-0.0630278575730155,-0.05665929659445826
-0.03914197768362487,-0.006920120607209884,0.10688750060607646
-0.006497998540659236,0.09800980383644331,0.12512620633192428
0.08160399636351107,0.0028267846948321924,-0.08422819550310685
0.011784307789727569,-0.009928870667860959,0.02681886865266745
-0.05122374263532835,-0.03086376438025984,0.09238245085726893
0.06898558399291158,0.010553476649468537,0.011300729374399453
0.022076459733389828,-0.006600181849911157,-0.06427403337545101
0.07132346138867084,0.016544166863451885,-0.030956644056124936
-0.008991307586287287,0.010904935278280578,0.01397328724577974
0.0025989746172477924,0.01905872074196923,0.032423062261095675
0.045062372042528054,0.05613576346428577,-0.002537310259453477
-0.01695366819984377,-0.03816704548389393,0.10829611291479521
-0.024853427489645634,-0.07580957123178983,0.04069682134611123
0.012339418218415655,0.01730756498535719,-0.04736453301303711
0.013723262219792481,0.034241636068510474,0.09440520406876349
0.05200225735298918,0.05349299941057498,0.027621854157824643
-0.04849206202528954,0.021171107976305552,-0.012750314726534415
-0.019635047585260322,-0.006853322419119181,0.0272849923599495
0.014187698599977202,-0.025214547769593094,0.024479360370079785
0.019993605314798407,-0.06756843083654315,0.013617030843153993
-0.0356026325210754,-0.04902272992484438,0.08870374387012464
0.014458781098542893,-0.020151427049339116,0.06932516306310141
-0.04166346870166239,-0.005840413998733921,0.02989139985996952
-0.050166472404235565,0.0593308219249396,-0.051557635157979384
-0.06796831254784304,-0.016508504685958256,0.02292792537239425
-0.026008825651904353,0.04274100510033084,-0.0013983454695847466
0.06870869939139625,-0.021513785446653735,0.01749033538909537
-0.03101740407698987,-0.003872004548217383,0.06934634235585876
-0.05647917771636575,-0.03766755562631478,0.08246487073755089
-0.02246706270107713,0.03256159443307315,0.09342485326818997
-0.003391260854982158,-0.06037723955306998,-0.021788303458403886
-0.06179799578249725,-0.09500235710333058,-0.0006869892528977625
0.02276927314088703,-0.01177966667858148,-0.010939066499804213
0.02534750060604799,-0.1536318972958337,0.08265963373957602
-0.007318987541537165,0.0017800900926605284,-0.0015739326885015545
0.021855609049789275,0.08134819225373822,0.01841253263806053
0.0061821756796164445,0.08256162043593712,-0.016157848496363654
-0.03446780376299632,0.07656914338204951,0.05947327854290151
0.036715234023244045,0.0687684222276371,0.07484996345475999
-0.05300581985804321,0.05600170541734201,0.0241930390166148
0.04736123340898851,-0.017647083004358074,0.03463151291193873
0.04985170684474609,-0.12964139234731173,0.024624970692827205
0.0511691067729209,0.12026896343453673,-0.01566449725341715
0.121276450538368,0.09146771348433202,0.008122263868693922
0.02445238151836046,0.03371640077142878,0.028409474048308347
-0.011243513029588613,0.07254315135582723,0.024355196791150873
0.055538093171206254,-0.02787963362479432,-0.0630879494950575
0.07003435260555538,0.06779682677277488,-0.020342373582015336
0.007711564147601532,0.03787046796057031,0.08980308512485465
0.17462468201710424,0.014452536507926122,0.1006089192855218
0.05448725670797837,0.05304692537035313,-0.05216719336173141
-0.0038443277363306785,-0.06855555443951175,0.05316750453635992
-0.05492456105859231,-0.07699894517393557,0.008515057349396065
0.010522318146821892,0.048002844460886984,0.04286492556520157
-0.010837095466564813,-8.813105670806357e-05,-0.06400090744062525
0.06357067066594732,0.015957490052653546,0.04708890038811352
0.07967368319407621,0.02909963489392618,0.012279465970614172
0.05574238442755852,0.08811152780150067,0.02719989930069498
0.033137639215235035,0.029534993053514532,-0.14619071948385734
0.10858003181025352,0.017160218963607317,0.019485433935852992
0.05071540302461132,0.026504298948891895,-0.016572944746036565
-0.02753242445854,0.00251752708305239,-0.052125369546979966
-0.028269800758303803,0.057582014324912015,0.025057991445795527
0.01960413527327258,-0.005728607309747953,0.022917069574941863
-0.008326137290009063,-0.0342339653750756,-0.016296254568783492
-0.0002437377779505763,0.008103882031061573,0.03654153225907067
0.16222556102935828,-0.04279544748740402,-0.03768497986405622
0.07777828310474184,0.006920679248595785,0.035325929111946014
0.055656993522951406,-0.0010878016102077552,0.05705978395234282
0.05404441230213802,-0.08794040529953098,-0.06230842189594734
0.09254772421498075,-0.06767127119849364,-0.07826518472136101
-0.02516229436579816,0.010626643460734267,0.00848817108836815
0.05422082515394849,-0.044216420476192564,0.037817601910542196
0.04071340512327133,0.014255127759337346,-0.008482853823485383
0.06149386462853838,0.03325589555948523,0.008768391462183719
0.11007406556695135,-0.024547307040972216,0.0739147444921466
0.01196709067013745,-0.011692589840213232,0.0007491133206267812
0.0417154539609904,0.01929599788997741,0.044060641490499305
0.010211620852255486,-0.020522655407898452,-0.0030379242360335096
0.04779823682328913,0.008394685792811999,0.04705508990435041
-0.01675241868716104,0.016565662056066646,0.04337909625915131
0.03638259959062949,0.09087459367715116,0.08996363059631099
0.0797521564334007,0.003849374322059722,0.06030433971981382
0.06399683703363217,-0.022350124571870602,0.021819756235126678
0.020326109114542183,0.1566999706581389,0.052412161677472396
0.026858802994668116,0.06703256073537253,0.06178636849331115
0.15726672372636635,0.004730465350852565,-0.026678045170729955
-0.008292458652811252,0.06051501972898393,0.1063200528566208
0.01742137064929283,0.08394389934428147,0.04864452875057855
-0.034113115151829534,-0.052821123856728436,0.00985899182625305
0.04802644450802334,0.016924515161592033,0.04600979152477741
0.028094820111275787,0.040340094722681616,0.07552728323406047
0.07903938705722992,-0.01824114266188374,0.040593514589805584
0.0011703399751370434,0.10182396304836391,-0.006958127996411358
0.043297614052759,0.06471097739789296,0.08027622372932126
-0.019491552469684776,-0.05826027468388885,0.009145947427591995
0.03066790171339996,0.003683714412222757,0.05374196578345386
-0.0046320430874840154,-0.03796742465916017,0.035653948655955704
0.06488807595944955,-0.009361236223778005,0.0006638115805044469
0.05661063020871329,0.025898333536811792,-0.03963247426219475
0.05226544382854589,-0.06727942894083833,-0.016492434236137596
-0.06282137406769431,0.003952154187324777,-0.013297825970844095
0.04794302930239498,0.04349638574745685,0.011769698877371133
-0.009437676631538633,0.0632248888444588,0.10392557632312904
0.03324459198668159,-0.061308228846616214,-0.005104367012656135
-0.0003990630026451669,-0.03739338391101679,-0.047712925718960186
-0.013998261354753839,0.041367066014240964,-0.06164643150708396
0.02976859025759447,0.04902376440974937,0.06600138561423316
0.012490350975947119,-0.006225411634360849,-0.04493171626940386
-0.017345578960456187,0.060192205795850814,0.018935070610918987
-0.015922290571063022,0.13419322446768278,-0.06305755391487997
-0.011029321167178283,0.013555381301639123,-0.041057914683528346
0.06977050349582241,-0.05744142194691661,0.0076122102828756165
-0.047010396326131486,-0.007703701330931921,-0.054982129687503246
0.0021585083090844247,0.10063817110240972,0.06360232443532472
0.03824835225002127,0.07066560271931105,0.008595549765809595
-0.03860793848240693,0.07988217457837983,-0.023092166846705817
0.027769838966486615,0.00015001251902756543,0.03546243039500151
0.02517412340414507,-0.01235078908757813,-0.026298674172205074
-0.017779429523230656,0.0960585138207377,0.05419989855206633
0.036369500954715084,0.09543992977482886,-0.006775884008451995
0.040616375179363756,0.022807514812524868,0.001956014866401821
0.14822198611266343,0.041467612159759526,0.015057248014959187
0.002690292584959295,0.06325240616482264,0.00946760652016269
0.09698834660345845,0.05081320247177691,0.01030471197660061
0.005692328310763597,0.009564138037960631,-0.08098231988005769
-0.006406627216129616,0.05759081805667196,0.01620734709956595
-0.004715236899673894,0.0931569361146452,0.02742155276566994
0.05436762032861918,0.01185709105837147,-0.04319758458849144
0.05492426966416724,-0.002868826917454421,-0.10963050444043877
0.07112277883743394,0.04771410782535562,0.01570952294448212
-0.024066997494265174,-0.03135277573860083,0.03134440542013718
-0.020858172826416464,-0.1220558748157935,-0.017865974318390876
-0.0014068169606805073,-0.01837921872050307,-0.006582661244485123
0.017339903664710617,0.07790412036012487,0.055629482267142615
0.06578255838127989,0.001572584975638766,0.04164026574239613
0.0072830623084109815,-0.022154438158893584,-0.04308528506920567
-0.05573147820528245,-0.007708835958209917,0.07663555553777365
-0.005788915010150266,0.011454725317342823,-0.006103977386478882
-0.022731508211482475,-0.04380335358489591,0.0036351088233217855
-0.02858820783951802,-0.08592752392289915,-0.03645629876327122
0.02821951807747429,-0.02515967949774093,0.035457183020354575
-0.04241566758603193,-0.07556124517176846,-0.05850514591993664
-0.011380757177245565,0.02966421368555125,0.015387241012486742
0.1600730729037104,-0.021415711800738806,-0.03418900270392394
0.0034001399436648493,0.06531267937159796,0.01601200336151881
0.04008694671409355,0.036759875514241896,0.10164042932345835
0.03900006614264987,-0.09293458661511797,0.026881460423621044
-0.0017578929046759562,0.047194068811373335,0.0036015858120535156
0.020712094086768166,0.024002826578081712,0.005795815702727027
0.00956646229722223,0.016543636286844417,0.0369377137362416
-0.08509232947357488,-0.02741675919771419,0.013171321390736138
-0.11383505723017728,0.07831103333346463,0.030547628538346312
-0.01723003651355552,-0.045484222801416174,0.003927144260405379
-0.015750032788192564,-0.010317673603990402,-0.029550588081751913
-0.07663181969964279,0.03106471124084904,0.033896574677339586
0.038591192191134355,0.12823184061039333,0.017135038640532885
-0.10557683390913958,-0.016219931511832156,0.05523993566580193
0.00931642304832141,0.06020360133306792,-0.12717571248884035
-0.0015680413941018129,-0.04532182932633809,0.08365325135651372
0.06523756844195489,-0.030711634605940695,0.027943252982074583
-0.0911568684547405,-0.04546400169865155,0.03643467901891888
0.08861460173904265,-0.013240724389205465,0.07081309925612905
-0.008868809813304568,-0.032720143579315186,0.04975926973070294
0.13795510808227696,-0.03353815728162696,0.011340913633585078
0.029452354614550827,-0.014314200231793226,0.032731721272622485
0.023066265299797016,-0.06476464185979479,-0.041524764694895216
-0.03598923564340685,-0.018075324557762357,0.044817339836599294
0.004251764830048543,0.013070898860539637,0.09875878143251397
-0.010012181742120901,-0.005843155602387355,-0.08455699349076881
0.047884895542608254,-0.01004622098537944,0.05787004537576466
-0.02641892061077919,0.07866509012803852,0.04986977859195689
0.02925831799843242,0.0474192086166258,-0.045276726590314335
0.050252018591466004,-0.057379878012307255,-0.0323203916576186
-0.03102474710840493,0.0764925882930129,-0.0036154506918182226
0.023657804174694215,0.0017471039707711656,-0.0246137883705362
-0.06287933562559637,-0.0308367612521208,-0.014594951531803402
-0.13725008292513152,0.0125548349664789,-0.04036399207390206
-0.09606663293296379,0.02232926858526851,0.037608179212206605
0.027350017370475203,0.040832109598420506,-0.05153517912659504
0.0028119714850213216,0.06826736056396945,-0.0164179827720878
0.00501137317121267,0.057976520958864707,0.02354432314403892
-0.027394020224148947,0.006446502450542251,-0.041939694421772124
0.0017773238111809951,0.045135154518239316,-0.11755357035732796
-0.008770487469128209,-0.04755425670763026,0.07649495032148197
-0.015109759600943417,0.006696965799570031,-0.03560511038443608
-0.083455767142533,0.014685850886406537,-0.08460270606811204
-0.09325708891036096,-0.04532287559729513,-0.010097641857490177
-0.06531628747475439,-0.030533824897427647,0.07733247916596309
0.008460428516446206,-0.030450687513814287,-0.0731499574278786
0.042632075493294945,-0.00490735423865817,-0.07334593187150089
-0.06202524793210551,-0.07931203066642338,-0.035380411756778314
0.00034903185821581403,0.020438602913276704,-0.0080855430736629
-0.014392071804844562,0.00893130128666143,0.010991081538942491
0.030197884212567465,0.04832015256937354,0.00717706195335788
0.007942739275113764,0.03049852210808351,-0.011369527618718674
-0.05589993431627801,0.004278131355644549,-0.004603603391946812
0.10610585327522976,-0.1044017584833305,-0.001726409085178635
-0.035016870006725334,0.0632739803048093,0.08010465705477961
0.007633307174169895,0.06631881525268911,0.05648128692889498
0.014135918131974859,-0.07543581375521449,-0.061586273606861905
-0.06414968844582777,-0.044820449232406696,-0.02870944104784931
-0.009864078315741282,-0.0057327506356125236,-0.023615429660271494
-0.0551944410822678,-0.04568284714123609,-0.15753831649029099
-0.05025440814872164,-0.005385408360125164,0.03323226842897302
-0.004659160985543495,-0.004620612937528,-0.007397936949367287
0.04600236507838036,-0.015071283003824175,-0.1109502884965253
-0.0522818368411761,-0.020846100302050544,-0.05059911553461735
-0.08530348585468803,-0.02632287413230107,0.023958309761710324
0.0004144638261951959,-0.003960810829393474,0.052086328420498075
0.02066271658878858,0.03459311209189574,-0.0012711810567589878
-0.0015606065156752273,0.062471696560017595,0.0177080820291922
0.07863377593101101,0.0064340804192050665,-0.053991232321094894
-0.01857506173460041,-0.05661445560134433,-0.005078637017472456
0.06306641557389087,0.07608658231974182,-0.03558205282820472
-0.012455774728690788,-0.035416415372040114,-0.051817232980557015
-0.03969699040442401,0.05385181280131367,0.04181075208640837
-0.01842832375487531,-0.046353145514148035,-0.010661270973511145
-0.021291454579432108,0.021863046553552583,-0.11515804251263881
0.04536179088798781,-0.05624712026018505,-0.10449956182010191
0.007570265118952885,-0.02251435328055841,-0.047278994052485826
-0.03136538326802714,-0.030500525501662074,-0.03293127168982564
-0.040122466004631326,0.07997504806143525,0.018007928950001757
-0.10281906707779527,0.000923769296175752,0.030573914579269956
-0.09696795470020918,-0.03987979731516742,-0.06971524554954008
0.008277263514544499,-0.04594343506935344,0.00808099765145808
-0.0431498150886135,0.005626311211710935,0.002878455800821498
0.04510639037590569,-0.004915315380190697,-0.06776225024498547
0.04471519862753094,-0.05928433557099762,-0.06121759049267359
-0.12682098217680807,0.03689829058260295,-0.021203400702052663
0.03831982228506407,-0.030563748705236676,-0.005647705892400351
-0.010641179481579504,-0.05203582640737047,-0.02800153341454844
0.010507048627328848,-0.09066491641144338,0.014367743927650016
-0.07125224311785817,-0.10751623412055215,0.002739213328782306
0.025497178820170056,-0.040715805216093234,-0.018615096348973657
-0.07176397786947383,2.6206867294485334e-05,-0.04095339793992003
-6.738181552187923e-05,-0.0679918398958762,0.014996116642723979
0.007144217482264348,0.00597587179078754,-0.09709078608073031
0.037547995975475784,0.022322290617226622,-0.05701303656241152
-0.06834991823969207,0.041298478690936044,0.021955292231276475
-0.09695207601021687,-0.005027169630310682,0.07983025968041342
-0.036379297361286,-0.03446739548506625,0.057448927192383675
0.13759193440047637,0.06978523671675979,-0.02431192464647766
-0.03705000791285422,-0.01809043295516034,-0.06739719294880846
0.01980824831477798,0.0030062406642360553,-0.06244582666901631
-0.024736555362861203,-0.03678252809281246,0.013328083430919336
-0.0202461079057949,0.07692841996698084,-0.01222815186256918
-0.028900092893546437,-0.08010491309130417,-0.08858803804029407
0.07329583276708537,0.03040252063730748,0.010826971985980444
0.008503957823480169,0.01804362395944236,0.008236622014762902
-0.10971693233811536,0.03066209480203298,-0.0744341813541326
0.046888979921107445,0.055899684170059465,0.08253206615953193
0.019617773799301373,0.0752333144095996,-0.063514726617695
-0.055314696121382456,0.04572101604955587,0.024754013910610224
-0.00796639400753953,-0.06872370627225696,0.02394746490352444
-0.10279869336276733,-0.14117242760319815,-0.08430943865958547
0.031136227248431774,0.09487752767856006,-0.08006902290159809
-0.08806854434492598,0.036625151536519934,-0.028138315194821024
-0.0028008398296862427,0.0435185500746338,-0.027478386080719917
0.004982515365763135,0.0042251295676776456,-0.0604193509901674
-0.03399369669855596,-0.05463149649319099,0.000846182227175394
-0.015229144743221557,-0.013615537116329844,0.06289316766314973
0.01755844876109759,0.08028555289052182,-0.06763629199621414
4.619049853609586e-05,0.021101217753984765,-0.05166466148086035
-0.011932938954706828,0.08089307656895876,-0.0924706724514139
-0.005230746350264451,-0.03144459165953197,-0.0067915218987377145
0.019786458248058157,0.053439220800984934,-0.02115201245112304
-0.05171002539168207,-0.0795986237073755,0.019342958353794994
0.028449750945168873,0.016187257269913113,-0.04534901534994413
-0.13223177802005254,0.02559511031685688,-0.02256549415176723
-0.06256975575808701,0.020057162297764664,-0.04670370910341762
-0.04301449832187762,0.029008691243377543,-0.14070582921535513
0.03517443574313697,-0.11126349677298925,0.09190868453498448
0.010909860911528367,-0.02817721182236467,-0.03639235026853983
-0.02583240443451417,0.08220715501775161,0.05294258980845578
0.029498637553263533,0.027777576724237543,0.058554740377584714
-0.02205408152251868,-0.002920511410846146,0.028803141184137158
-0.031338179241960085,-0.02198889668326584,0.003567749153666439
0.041757588018157744,-0.07548023950364033,-0.08504823408275286
-0.05621615436116305,-0.04777307171227679,-0.06651596744995067
0.010009126236885414,-0.07467325588094861,-0.03646876916372846
-0.09314248639879048,0.02627052902617871,-0.00735606629498072
-0.062045268966418536,-0.08478257256026711,-0.025693909107853914
-0.05819023048638253,-0.00021227729549824423,-0.022897442071970316
0.04001880773102083,0.050459358012980696,-0.07219648738694234
-0.00810854696015572,-0.08548715095446845,0.02320969796186979
0.020389115950903033,0.08832230843934243,-0.020499965748610578
-0.05079112307446354,-0.02652977967540201,0.07179601111400011
-0.03651201660479834,0.020213126694941064,-0.13084010969263518
-0.0010019233001346307,-0.08458197934858679,-0.07105853812690259
-0.05744519732649045,-0.016170072878347885,-0.01930024361764932
0.012679279756428987,0.05031946764393434,0.05849468414068559
-0.02308416345537217,0.021293556233220053,-0.09295179949628442
-0.059090116811521834,-0.0024033372636879345,0.020434148917290552
-0.022669398785393355,-0.006616884276104695,-0.0957990109863573
-0.0734573800686482,-0.03752099394616907,-0.013441002537845765
0.006962431698589216,-0.03771433906454856,0.027614287453832733
-0.017291218731474114,-0.0383124119265382,0.01093269388389067
-0.05091143187880211,-0.06773856090525884,-0.011258447035726921
0.022641987497462105,-0.017221889769085053,-0.11910413459334394
-0.014274873988586944,-0.039183102255022154,-0.13124252212247992
-0.04504458199809974,0.015725649644726038,-0.05431198437279193
-0.09536578120182258,0.008250316976294633,-0.029974438787370477
-0.06522986172033621,-0.036956429733698164,-0.09836088543118075
-0.08885865943988352,-0.06861085686651382,0.06442515194192427
0.004818351498889845,0.004399132762822361,0.040055489348397144
-0.024172021514035212,-0.004553273255394065,-0.05295121940596465
-0.06947285636425249,0.03623067925867006,0.07808323681216073
0.009028532632789781,-0.018288755410926144,-0.014487815198194472
0.015494948745639506,0.03525741493536626,-0.0018056580268714997
-0.04688940481243737,0.004521795764269861,0.00784536036884793
-0.12391267349978549,0.023389813868888727,-0.0654893522066562
-0.11758929872477081,-0.0365528137894419,0.005761568918898497
-0.049162755669856194,-0.026053191480804358,-0.04529458359372179
-0.09077803682799082,0.010218162239561242,0.004176951773579324
-0.03670192904932444,0.06800340689181134,-0.06415852635799851
0.0492077795269472,0.019477879391077996,0.026716377418650603
0.001701989368376105,-0.02442026905489851,0.11265040806925825
0.0003081333173922812,-0.007804527168470294,-0.04399891195639764
0.021719100423016318,0.007000187396706759,0.022862285242057693
-0.11567210572824167,-0.04006189096482276,-0.008697478038192983
-0.0018990460468787905,-0.08958462331315228,-0.05001383564997346
0.03578881299657101,-0.046821830607937556,-0.029880212195642002
-0.015457843558668994,-0.08486447685218454,-0.08592153488313266
0.0380993495040531,0.0467553034187047,0.008144026518424252
-0.01983403783238124,-0.009306410350973064,-0.030469048457189105
0.017803736848465403,0.0820288749709489,0.03226396459306356
-0.046379989477805965,-0.03579472991497649,-0.10279794705467964
0.026370766088270912,-0.04742702598278754,-0.017184497527892043
0.11463484455497654,-0.0681555084631503,0.07429311625952446
-0.07545060876897362,-0.0654975935515616,0.016504736084497623
0.046475916554188465,-0.05089625200919856,0.028238601692844742
-0.03590381117996243,0.028112038031219817,-0.031419389503964196
-0.0065963085597446,-0.07324948927910888,-0.03890980589116117
-0.026207848392731485,-0.09924995182157284,0.04373286835836047
0.05162948489642108,-0.0360806552284488,-0.12221815360625446
0.06833122443922335,0.04614632029286515,-0.026457105653624514
-0.02193577030717469,-0.038596994807582205,-0.0037175930656063953
-0.039910777454671975,0.04544527537677864,-0.0007885640345511556
0.0010011155136738885,0.002737529857009249,-0.031122756053309948
-0.0082927771634835,0.04260643441788451,-0.04580169605159246
0.0674739946105359,0.08239392637098154,-0.04689877572885213
-0.016444067391537406,-0.02587937164931263,-0.04723854970462551
0.03202965823936829,-0.0378965023697551,-0.005456959675952538
-0.09440802206703369,0.03193832627993346,-0.05214129167269072
0.01711186288143276,0.025472603761885017,0.07335445751177945
0.0030384310335118663,0.02019272686199993,-0.09658614020458209
0.008476281283131359,0.029483810694218633,-0.11617763407319724
0.04109138433490517,0.035175114900226484,-0.0221290174424061
0.01965673466896721,0.051390869460978005,-0.012469817484501594
0.02090098854689507,-0.0367698902224417,0.05627675564323488
0.1498807605390195,-0.03862345242521942,0.05892659237329062
0.051715007016121216,-0.03775544643197345,-0.04207852953428393
0.017485507583584428,-0.016207960632298072,-0.02700055067876489
-0.029047701043231542,-0.0011922373079126256,-0.06416527427553942
-0.03750382991052138,0.05290757089668599,0.04949743157659765
-0.038660071227057904,-0.039811051701302794,0.03311186123202703
-0.023463061640046794,0.05445513539126101,-0.014618728581461552
-0.13024763126446606,0.021217081349416952,0.0477424634456039
-0.07845135562107461,0.030996181908107573,0.017397388055841675
-0.05531591287851272,0.014055899171324372,0.09896832748909318
0.02032966482708894,-0.08046807996893388,0.04272846513871112
-0.023772684283482157,0.056346041278190075,0.037872470583564334
-0.11894655797410807,-0.01720095796063225,0.027279358871140122
-0.014123418632326308,0.015535973658156045,-0.03662224818892706
0.034913525225542676,-0.015420156139628105,0.052012034868607955
0.0058793750029041015,0.05099195229579474,0.052359016553635604
-0.10486456159182916,0.02289083195169026,-0.08511742857531765
-0.01884371297829772,0.07483954279859983,0.060648765261351247
0.047712816618907056,0.04428292475773925,-0.026449440659640586
-0.01725341745168928,-0.020221101802990298,-0.006038249080596083
-0.06043195475125229,0.026344547691914626,0.03616350080268726
-0.12524697546407274,0.020622788682734764,0.008786174034540004
-0.1076513981405437,-0.07760062147269367,0.02022255178657609
0.08570391699357566,-0.028956996763684628,0.08751413214874751
0.020008584000034257,0.03503964709221641,-0.019630489098924633
-0.07552624074179383,0.03397606850513591,-0.043337555341582325
-0.023277336662167837,0.04682415754183915,-0.08910195819145997
-0.039801029005428576,0.08175348461078176,0.020204700677240374
-0.001181383516027039,0.08158645164703904,-0.059933418332031196
-0.0403342771885424,-0.061554130861162897,-0.022179224940764096
0.07297728343742996,-0.08645567906085593,0.05307712249504248
0.021558801890792637,0.07638883275948842,-0.03467815278837476
-0.034321747613627794,0.017592908565241566,0.08063163065609659
0.0075980588492475494,-0.030779394390618296,0.00669917255670991
0.03510344927334924,-0.06003794186916954,0.015547059347084759
0.019189144192256306,0.0019675405120965065,0.033968603522348755
0.0022242903850827347,-0.056078376193060865,0.08628623431717616
-0.08980962056276691,0.01986322772179914,-0.05955175568219874
0.015763563558227098,0.002195188781667728,-0.010026271642135908
-0.051916756125135896,-0.04732552106967654,-0.063825254666898
-0.020547980974383193,-0.014388059682994177,0.044064605486030715
0.03733875678973732,-0.01428263764299559,-0.06524947664797746
-0.09172969501842619,-0.024212388747807533,0.02062761251873343
0.00540010290782274,-0.060765692379711946,0.018571736719037227
-0.0581956728553923,0.05317320307431999,-0.04441827826148667
-0.043475988277532386,0.028579999734342568,0.043239876662892716
0.004797464234988062,0.016993946996892134,-0.00825752313462807
-0.054894325237368174,-0.014605949260833723,-0.013415686894011965
0.035320417485942605,0.03292074748081092,0.05083904298742239
-0.07344708475514515,-0.04477591825086972,0.020759949722311672
0.09758943565826982,-0.019023570521672754,-0.02948472755835782
0.02618197878415346,0.029789831833903567,-0.015490116082872266
0.021742918571861343,-0.022912506958561025,0.006570071051750797
0.016918075085306496,-0.08990091834254252,0.06573634501795741
-0.04513388907042765,-0.02247261239951323,0.01318488003521931
0.050482480959683815,0.04226311818126168,-0.06376932033994075
-0.07486516569045243,-0.03295480807781738,-0.002035043522571731
-0.05435607364201309,-0.016137011166645968,0.05210207126853025
0.036876726941938526,0.0638538140137181,-0.05438431970588893
-0.06079923076431762,-0.009963129435683456,-0.022380457026030396
0.1098206819316081,-0.01621022525560534,-0.042615185343690576
0.0014461226877758807,0.060576648927666246,0.0437414076068446
0.0954445031013672,-0.01272623932935975,-0.06383779687554769
0.03929668827896602,0.0009966313166383054,0.01596854606691757
0.03416273715913299,-0.0005146217341515189,0.02289003050422605
0.0232451278668154,0.03105159404557293,-0.04686128806431426
-0.007074124641987705,0.0682056577479064,0.09467098523330736
0.0003720868561954676,-0.012515502838005248,-0.02260525852774116
0.05239956566018918,0.00411112564388973,0.0019676197442436826
0.06520770400309969,-0.022354068248183763,0.09520503252368304
0.0680840154004684,0.028264165134239967,0.050499437024043095
-0.003689760743244872,-0.02996195019835601,0.10620779171067585
-0.002393692253281933,0.06012054122550697,-0.0010538630802582431
0.03585628743307999,-0.12652019048137014,-0.10154843823946301
-0.04331823529428431,0.08709315952175375,-0.06700735795096815
0.053068480650381694,0.12822142105410705,-0.009806396243405988
-0.023095209387471987,-0.10060270855263265,0.013478919933523802
0.02617980624648161,-0.06697362144352886,0.05465606994878165
0.027274089842088553,0.07369090248064458,0.0645344954990586
-0.055116323521461806,0.08563894205064373,-0.06536448754497645
-0.043799768819222304,0.010248184228203665,0.051253831698590255
0.0030999880786509865,0.023435177185101984,-0.08246540688249043
0.058659051773868445,-0.1580770846631935,0.0421601723323283
0.02753539393873921,0.09515082750814692,-0.014687645288803964
-0.003287315963996444,-0.00027882436791202767,0.047725408035412475
0.020724490381649308,0.06672906027680935,0.0683861175314655
0.07450068973902718,0.040742886441071796,0.17305768046102
0.05562557948687342,0.03191165175894005,0.02561080535907531
-0.03331677392901647,0.03228267502755061,-0.017613546545689616
-0.02450386864991113,-0.010377675317974611,0.01423043161912157
-0.04199959205583042,0.0572499419805002,0.11744649566540075
0.022719126382511154,0.09707766145446844,-0.003372448338616864
0.0016515059808276302,0.017445881780480475,-0.04951952622809627
-0.01898579789727905,0.08745950646625769,0.034423381942995684
0.041451820824132,0.07338069688614446,-0.017420020510415746
-0.033803214403124324,0.04520901010141409,0.08034672530861918
-0.013840359822687793,0.019180004645728912,-0.033889877135464055
-0.04197835325642838,0.028767471556151808,0.05613600467373807
-0.032399330521112636,0.029703554662941015,0.07182378993615415
-0.0366457612529981,-0.03526784703561039,-0.09309331835059154
0.021681946560152352,-0.015744861017445815,0.0698042256626
-0.012158712919210876,0.05553500676273109,0.01592160851263801
0.02788726897543456,-0.02494125531102203,0.05410938758407732
-0.0065731426201640075,0.04275268560879196,-0.010560040127240239
-0.05184205639816512,0.08179813395398654,-0.004299546713369091
0.017764748877601003,-0.04982042030333325,-0.08877236860742783
-0.02090727542027621,0.05015679290602407,-0.056354563613259245
0.011898966500634049,0.03440965578505378,-0.032384097299538686
0.0034065199554162116,0.016552257287123152,0.03356007397609057
-0.07629873323805436,-0.07428387162852573,-0.008644923217572039
0.0065446450310565445,0.01673931099017679,-0.09536385033105783
0.02625355765608274,-0.013965052474333967,0.06861045189398354
0.0227948043505012,0.0033890936769652123,0.08553684139966872
0.03926260495762556,0.05786406271868018,0.03018796512039256
0.04949853837676911,-0.010984366902818996,0.03398655482455004
-0.006207898556449626,0.01050531785035629,-0.055783513054909084
0.011072542025144452,0.01625658561365372,0.10685750374250769
-0.02320185230939757,-0.015048108814859084,0.06553521060253269
0.023195360838317906,0.03205731698303992,0.027641290930878484
0.07656284908399942,0.019621451131882014,0.009149255345059405
-0.04354289831482516,-0.005862639548759648,0.06569780261845821
-0.012979311968486111,0.0009398542923324191,0.06723056183311173
0.095943960357571,0.014239555939959854,0.06468308054937925
0.0642399414823531,-0.039457644563630254,-0.0006252146637979981
-0.04739894327416963,0.12159794769324998,-0.0303636863669387
-0.00922024921225285,0.02210155145465843,0.03605657207715916
-0.06897335593196499,-0.05401064788510618,0.030275972496185573
-0.004496493741887358,0.06860899865172711,-0.07087493641144291
-0.014438400069493405,-0.028934426997139783,0.07728324951423549
0.09360087540760667,0.0448750992904559,0.0009704144372207207
0.06273458270763793,0.007106975961654528,0.03337800636002132
0.013642210601462451,0.0785586582107161,-0.04774182028861759
-0.008198065001584483,0.060365432168208874,0.037026291804511446
0.061937052193104344,-0.013424001939524227,0.04769321703539576
-0.02199112537574574,0.049809484162210434,0.06716398438900138
0.03063877104416218,0.0016261583766007462,0.09259994306014956
0.08730116175893754,0.058969088229217134,0.06444904232187548
-0.036527940466668365,-0.03980580617293178,0.09305672242626598
0.06631496038327714,-0.053286294023640976,-0.08275414600746069
0.10199540562891236,0.017332548832406272,0.07798087624518757
-0.034245797178563624,-0.03852982071435786,-0.05818184670407038
0.00522784748120898,-0.09001867865773057,0.08666170982289395
0.06427007239384126,0.07655699037865013,-0.03031550459640439
-0.027153587326639743,-0.07435358041742055,-0.03148585633147352
0.010540511079314708,0.05041705579897532,-0.035502158579075196
0.0705976861563626,0.08657088739705322,0.08341081643191472
0.07409876379027587,0.01093578389040304,-0.005237014959150774
0.036545944288786325,-0.03586535550938279,0.0880347175467361
-0.004988778513191714,0.00444527929988211,0.02717182497513114
0.010477525880064918,0.0067399392922434,-0.009732069753357768
-0.023465303915806573,-0.014030430143281768,0.07434027734663301
0.031404886394228,0.0686781344177058,0.0005638058531153498
-0.09741620503062587,0.010355370191779586,0.0856760589634441
-0.017676065176653155,-0.010273656721541305,0.011032222073697818
0.03887512912897109,-0.03357856923114558,-0.08331556301149226
0.032348412286120426,-0.11180697255248706,-0.06852386431914195
0.017338476976941665,-0.03660247164299266,0.07320011925976798
0.06886245237673912,-0.009220006006869043,-0.03185543837995822
-0.03251622709820673,0.002143424628842431,0.052651185854431154
0.012266526940654384,0.07345785616240957,-0.0171208879957232
-0.010949940412223982,0.07847693982293447,0.02318251533963906
0.019891462112628305,-0.031344779952876364,0.004306815961958529
0.0015082346585153054,0.07250930834475185,0.038402598969833904
0.03911539615083845,-0.0191207600722249,-0.06136786538186159
0.05353780508878324,0.059129304735132615,0.020674652859329186
0.04083767713142074,-0.013480741365356791,-0.0476898487592189
-0.07858072562747431,-0.010459320484292614,0.030973791417549995
0.054846273947815966,-0.09362795282056649,0.0020569737654658436
-0.002718692649293697,0.0102340487972239,-0.022939776289950413
0.04051326344963397,-0.004783038772432517,-0.06475419708577429
-0.05671294097988032,0.08872347995420603,-0.02211586538214883
0.047208056633294665,0.09362829108019441,0.070103448054125
-0.022449563791317025,0.07224532678894803,0.07420061643053115
0.08877207192356669,0.004523320042568082,0.008032113751635754
-0.07757868857231828,0.061037100607190004,0.003947228179553336
0.018673905842386262,0.010412573869233301,0.024576938017555748
0.030676179778408245,0.016794525225468745,0.011349441022594785
-0.003397610961739527,-0.02453335278351862,-0.050024610708442954
0.0427525867028948,-0.08985382853349881,-0.12144711805595834
0.02532354987134819,0.05790280753133426,0.02893732340143005
0.051799330084120174,0.011619593139913374,0.0307936543053905
-0.026810646307226252,-0.032562705696013515,-0.00847711549017547
0.004275338534534797,0.04074425267559064,-0.01191348334423372
-0.01884801029408032,0.052239977499359574,0.044207714500325276
0.030411200985757232,0.009737814872509703,-0.0176956243479195
0.06239885310515772,0.1500403621441541,-0.10277707876072811
0.024847262384888,-0.03448995663077582,-0.07549960042839633
-0.028034104821252945,0.0034109036085316867,-0.02114528156927696
-0.03921493898301085,0.013405299485270299,-0.05304444245107327
0.07258903694811834,0.0010870034564636234,0.006276563652404036
-0.052121668373740104,-0.007552895162092435,0.0358832707522316
-0.009230015464031857,-0.01865372760997356,-0.012843208242959219
0.04108581276391151,0.04378776807853073,-0.012609055240588408
-0.012175659569335874,-0.0278730037616947,0.008952949661607784
-0.06006151499776082,0.06672646591825997,0.027136759149522335
0.020396647316246432,-0.050270240992914,-0.04780717979532028
-0.00028950529234527886,0.039579288616808164,0.04267996295032145
0.096370595444456,-0.10564850888084956,-0.0712007324274276
-0.008785701673329371,-0.0072432022665274085,0.0159951783453245
0.02841115861268436,0.1190279489352184,-0.08668020423243857
-0.08160220336546477,-0.010433333091157071,-0.05318018770239141
-0.053202159781875244,0.03775130613349528,0.09030589318435799
0.018503888588803585,-7.236646511090197e-06,-0.029222486871882704
0.02106966293846198,0.07510877702930363,-0.008763293916296828
0.019129405485077543,-0.021174185778033806,-0.03317718820212384
0.09046754722172165,0.001446211465933384,0.016270201861969678
-0.08827840521619167,0.0006187736185759045,0.027461645305432006
-0.0542774123012434,-0.018202087506011818,0.03094077702981741
-0.02379052100387956,-0.07325884802203406,-0.0588153018050975
-0.09244810789634378,-0.01365328537907569,0.04096897692709971
0.0015639613826552027,0.007814850143273211,0.10552507526669949
-0.02211831085921894,-0.01142695589676617,-0.015587138163935824
-0.06248173194508334,0.018835480199200883,0.002061716791324492
0.006532959057207956,0.08372569553698234,0.1136125897794166
0.0005905919380108215,0.028188037889184725,-0.008681513004687499
-0.07419202430926519,0.052500369590169405,-0.0039020778576337673
0.041861149620686114,-0.016926681521235512,-0.029098392118105887
0.02887540547607078,0.01868925968149806,0.01101770314952483
-0.038787791921218694,0.021239641504363825,0.033077197831125595
0.028223122944738815,0.01656607072305097,0.024411148936436908
-0.000933239031717643,-0.042400672239017737,-0.07262643156347941
0.003436720228877371,-0.003525092031555213,0.00016157313584966434
0.06152474472603704,-0.0073670898129646455,-0.012497702324212146
-0.02668295710198147,0.002773045108857452,0.03960810255979877
-0.02101639586781903,-0.045616101278903066,0.004499077785692326
-0.05853179779149623,0.04366424240148934,0.023524229099899735
-0.03260775774681659,0.01757732264301356,0.029014810800800858
0.003820570410210294,0.06305222468662192,-0.04227480953165079
0.09806700902833175,0.02069895449259226,0.05131851028287826
0.09059097183828423,-0.09377696115779172,-0.06699329376540256
-0.04926090959381787,-0.02784352847103441,0.0748805171937311
0.022670613775784977,0.039539566389413715,-0.014432043081078809
0.009162157346688474,-0.018783906846987726,-0.09624033198231624
0.01313052269131327,-0.0031658743173351447,-0.012147740912373837
0.036762447072350324,0.008498514184820914,-0.008362851027154217
0.01072205569000486,0.04469522421797804,0.01073975755106249
-0.015654914619364375,-0.008200475187480712,0.058392828920855386
0.024439026523720882,-0.027365746906855854,-0.053374606562840154
-0.029783226717259366,-0.08077934074170906,-0.046778421696089846
-0.027909789550707217,-0.07809388423023735,0.007039070058181246
-0.05102094626155568,0.0648904004801209,0.06514674716353354
0.017701995153843998,0.07440135327675212,0.0524510328212175
0.0667134733282822,-0.05714175426963495,-0.04317352149901698
-0.07579809578413914,-0.04399847771932214,0.03230507434706066
-0.042446745371763156,-0.04412507904199787,0.07202346462612862
-0.03556939235847256,0.016711115064535927,-0.07965087266917124
0.009170896162779923,0.10269979938918831,-0.138830984757619
0.02922053194783515,-0.0017188857646428359,0.018254022937386233
-0.012027164038349292,0.00127079534965421,-0.009717021832423504
-0.016220166977827504,0.04764598284138083,0.008013378048089069
-0.008240655426542249,0.01563836387140922,-0.008451395718594571
-0.0762167401315524,-0.030410710083736418,-0.04399925567329609
0.019838113367429404,-0.059040965158672826,0.014561219085574367
-0.0017243401016361374,-0.0583763252863093,0.009747102534026789
0.0231576104856482,0.0030358434375740307,0.045090102187001754
0.0381765778009303,-0.08480834608857853,0.009745398912220461
-0.06733743041701896,-0.01520318306619441,-0.018825447448388474
-0.02778354680321187,-0.058011440469593195,-0.06661400277038265
-0.041719290493849634,-0.039656603917368485,-0.05207726111805589
0.06960900282441226,0.0301971785820163,0.019411766581868002
-0.07950910299992361,0.03101072488730683,-0.028592044996786484
-0.024501949603968533,0.04767204716852293,-0.0672714578460206
0.04107646198539155,-0.003813729234280757,-0.026826759403492773
-0.057252079787246724,0.049777154639174905,-0.02869791832534404
-0.019626239178444867,-0.0534376186308828,-0.06346390416467818
0.12413292947194873,0.003279848415499548,0.0618765525382667
0.040013443634715394,-0.046823922316137793,0.011071210992059159
-0.06258382875662927,0.06512899608495659,-0.03431019772290872
-0.03775010371380888,0.036617147288556334,0.04611797154051579
-0.04513634266546686,0.025894868895341042,-0.028074799416080237
0.042248683498432936,-0.07368256428000373,-0.030474590290540685
-0.03641336165770583,-0.03387875112417249,-0.016166200034384726
0.03463082885895415,-0.012025256133306995,0.02756752353306248
-0.048316087257742474,-0.007650106199496203,-0.019987176131886417
0.04107134729059275,-0.015061256124878042,-0.03792484846831498
-0.0416945831004933,-0.012514930652600051,-0.08345156969019323
-0.043815028480979824,-0.05246080547586155,0.07516807716311869
0.07169494075195154,-0.05499760838556503,-0.04786869337299518
0.06318229822595052,0.0051109098306732405,-0.021846861924420934
-0.008799147902479026,-0.019487180907663427,-0.0635131825639342
-0.026685695015200704,-0.01098537049261819,-0.08489524142777004
0.002844793910222807,-0.04898320406606537,-0.0298981014271651
0.0019954296709128096,-0.10681536639224135,-0.05440145430066113
-0.08354502184514012,-0.02575321526140706,-0.02962743180953865
-0.017222128775259426,0.024577964385187584,0.044111357185573505
-0.017341542750239074,0.02837577379808052,-0.006793406953430297
-0.08461152808058228,0.005923496262249816,-0.015188162171077416
-0.051922231603778304,0.05977762010085019,0.03744221146150323
-0.04734298439081918,0.01963602696982338,0.033040894539082794
-0.07715850736314157,-0.007430799981302203,-0.06756388680805663
-0.0030352441054215546,-0.04516268681063944,-0.005348513208842833
-0.050753892711061455,-0.058977126756134535,-0.0020224938146966437
-0.0500864304279772,0.01079830271981946,-0.02385597676026705
-0.09240010512563807,0.020593553214776024,0.015050836964554018
-0.026291212921414196,-0.052505493999256,-0.009351566376134454
0.024165627161789664,0.07887968416250353,0.007326279420097146
0.01631692460739126,0.028731515938858046,-0.0321424694441718
-0.08008675530133456,-0.08165249882006957,-0.008798555727676483
0.04040639720832434,-0.06839909976338587,0.03309082637073083
-0.12825454845218706,-0.016611965059260624,0.054505157435537785
0.04129883083544823,0.012420679202056119,-0.015129495389854693
-0.06576413753586385,-0.007582912484693324,-0.07082263570223482
-0.09218473130567208,0.007564750846299522,-0.08224221066545305
0.018757374400595016,-0.03835905116776718,-0.02285322519344768
-0.04091320759551728,0.03150401865638777,-0.14619777719571567
0.04066464249884859,-0.07320848853707088,-0.04233895410039952
0.027647207561253627,0.05169012262738664,-0.01227478866403015
-0.01745132630181206,0.038754925595800134,0.05870285133742368
0.017936703252422023,-0.021862782166558115,-0.06776994731612775
-0.048594302295496605,0.029652168613866433,-0.06540521488450966
0.031371292888328975,0.025536910445128274,-0.014460697005424843
0.01845287287476492,-0.054166857592804776,-0.0060559277035611946
-0.0065542240495940745,-0.11867763751504798,0.015628217344177894
-0.06886358357558511,-0.06184011912629181,-0.01599113928732482
0.0753959944899634,-0.07930301052289829,0.006430077739320771
-0.04186663177201351,-0.04947277170486632,0.0190453080415136
-0.01374389241768811,-0.03993233175177292,2.8673951897310868e-05
-0.014500185533930128,-0.05504109972122863,0.017172175374630762
-0.07741543047286825,0.03833659182434374,-0.047793381709926176
-0.07174113906695465,0.036099648818241736,-0.004233987537968019
0.0444435423151149,0.09706167602244295,-0.03419592399379198
0.027983144287624506,-0.0067117896935953054,-0.14335716538282214
0.057317031142930755,-0.045680829702916766,0.005123217785643525
-0.012861491691235603,-0.02546980895016016,0.06266379104024697
-0.08433632341651268,-0.07159021479008282,0.04113851838266358
-0.02438340563971498,-0.020693510918350835,0.013391543960370272
-0.05564148469009937,-0.050622724033159455,-0.02313390816237148
-0.03129338815795972,0.03463958586330926,-0.050724072570108636
0.03840221475945467,-0.050480961982769475,0.07151732385908455
-0.045789719383552634,-0.07342785729116355,-0.04297232714325218
-0.025576618941932812,-0.05440613030756343,-0.06718353068750993
-0.015232962438865433,-0.0035276449485096735,-0.0037289337812703126
0.05455161612911416,-0.054077187966840426,0.019215543978171313
0.05022251063527372,-0.005251177704615716,0.05875551294528779
-0.05039444702206074,0.020558941853583042,-0.01040840488075627
-0.03897189945567014,-0.00983538786231237,0.012386531214687444
0.04467200001844973,-0.06040221670001916,-0.0020599708615250747
-0.06242607634831368,-0.023274758029267144,-0.05217079834114774
-0.0034430646120383566,-0.07118690966537229,-0.017831869951323524
0.06452899454584293,-0.12176740291129348,0.005811493986724113
-0.000736177077902439,-0.08382481777653797,-0.03728990196323073
0.01069405679824639,-0.0907843806798042,-0.01769404518130131
-0.035366818392275956,-0.021441278494705514,0.044133333701137735
-0.05866418409251985,-0.01821874223189412,0.03038925918916487
-0.016723583451546474,-0.12391069144069282,0.03710942391199892
-0.02018359055616112,0.0007730539190925374,0.05302638478448235
-0.0697626349391404,-0.04346202128310711,-0.06424621706846816
0.037770251455623904,-0.0908535315108381,-0.06281865565187959
-0.026210369496951314,-0.010666402174180694,-0.03695125883295608
0.010033375439062374,0.0065090218917541395,-0.08391559394661399
-0.034989494342988925,-0.06052408898803535,-0.09757005232405144
-0.026872412506928324,-0.0360004187430597,-0.05743237965276811
0.03547788232217778,-0.007456575257703803,-0.00963685427379775
-0.03285673613012127,0.02052400625811582,-0.11771894041312518
0.009813509871249272,-0.12269048876034125,-0.11016319988364663
-0.04379760405779158,-0.009601240610900912,-0.0016359646642772965
0.06307384308315828,0.0116526332391707,0.044948676724195155
-0.04719650262498006,-0.10583021535013655,-0.01852966841560896
-0.039098949649543795,0.03749968529340085,-0.06269813119834622
-0.06862800147708426,0.03413856201822853,-0.10596500329532074
0.05147640118931576,-0.07014267905777408,0.011710634404028596
0.005108992667701092,-0.03815067373482506,-0.0978716727207663
-0.04346793096090676,-0.05909861377795461,0.014657183568742866
-0.08025136109812986,-0.07221346160283522,-0.009207803713689365
-0.03333182293442463,-0.0454372698671013,0.03888016560236389
0.044676810498505706,-0.05909366269900462,-0.03378651772254557
0.050857046473785326,-0.08847367339326109,-0.023682592260216535
-0.042751159683390424,0.003716358052976664,-0.029012576277061213
0.03547315247699118,-0.09020320589762867,-0.08188877075797857
0.04211065793779552,-0.05068366414952931,-0.08402868653667842
0.028069788324320777,-0.09299322852374371,-0.07573999897389817
-0.12004244208719467,-0.008564251221654934,-0.04362522379958528
-0.11527972053898114,-0.02426070343303338,0.030972873154230963
0.0786520128966356,-0.007552732734290177,-0.054844962158514005
-0.03737854176651075,-0.0062659270564782415,-0.04750954196965965
0.02338237549493742,0.02559492003553588,-0.04348179499106791
-0.04718513307030407,-0.04434026134899527,-0.05120026462950892
0.07400165058093143,0.02344952782188938,0.015411028903690406
0.02959311698583647,0.022349916300086647,0.0416152723778132
-0.014745743848133793,-0.02432567413587373,-0.026809417513408318
0.022987231952271682,-0.024921942078883846,0.05864052751257313
-0.07422932367403957,0.05252840189596124,-0.021156784555502548
0.014276709198286048,-0.03359862058104837,-0.0283453493645401
0.055119147811070884,-0.08935512657440926,-0.05768913059461584
0.11397131094796135,-0.04924857298660535,-0.05478710007485632
-0.008161950046964303,-0.09083786275183654,-0.06476455296572826
-0.0033427428651714945,-0.03336942572711069,-0.03821267022373596
-0.11489782645051465,-0.04782902969590574,-0.10162590566565034
-0.10769493879924802,0.006089111004715462,-0.010391454231899671
-0.09150744365360805,0.006301085564311559,-0.10308108347188089
-0.0819866887868784,-0.00956418057677045,-0.04601098367226636
0.03387973818846498,0.007129854610883828,-0.08505606711720227
-0.05175730292950602,-0.03160973660243198,-0.10357395008633069
-0.08473855858924471,0.005356601529116958,0.04222136682989898
0.06907595113378534,-0.008161935635811444,-0.027712523485424002
-0.0324927204792828,0.022146934973193595,-0.009149206500191057
-0.07073141571749032,0.03484256839032776,-0.002109691845882827
0.08205520088712823,-0.0005627094478283679,-0.03575404279598324
-0.008828093857130632,-0.04229385278508135,0.023476241796349273
-0.02170932116690255,-0.008929692495189098,-0.057843329400363665
-0.037696982403778764,-0.0014032134577797598,-0.04400126882109872
0.04431954593238811,0.05050954661832687,0.00973974182396499
-0.022219270483291427,-0.03693806214643688,0.08635774554845682
0.0994161369411547,0.016431357823943463,-0.04101530061118486
-0.04109031394577009,0.032069791167045184,-0.08680190123182614
0.0020123695160497307,0.0005272525424018393,0.06370653474027985
0.0031939963132242098,0.02215589741072057,0.0012354153828516568
-0.027434119948388035,0.02610325691734229,-0.06748556233228707
-0.0950610512753912,-0.0212677562241382,-0.047087192672117514
-0.07071692634185835,0.012698504742276255,-0.015535648807547164
0.018418069139912927,0.01844511128568161,0.007329511284740932
-0.05211031273709721,0.0570485062013635,0.07813505813572366
-0.025495838368429127,-0.0484152310660989,-0.05475152034777829
-0.016783030569275343,0.08561631795663364,-0.00013337652905527284
-0.10483606756786859,-0.04569486156182224,0.09739274896983688
-0.056486775906167276,-0.07820400710679316,0.042059362457112864
0.03543160698783845,0.0920039984053496,-0.04064488927220353
-0.10971351037720821,0.09339619702627211,-0.021046876231747787
-0.0623712175990739,-0.06178301906197725,-0.0015567582656602914
-0.014165664761615434,0.026062862990364276,-0.03427625530146216
0.005047705798396909,-0.022633901169043368,0.012439420126214053
-0.040899009738257754,-0.04136212921534153,-0.01310729041115647
-0.028925518504588375,-0.026683967331908347,-0.022588497387278084
-0.037350126655371914,-0.0047283832246179935,0.0026332966478129697
0.012736674058380037,0.012925909597405895,-0.043480676974430414
0.008965201623279895,-0.09314917344262745,0.047395923254853464
0.0507931612240305,-0.018595893685993053,0.04404732106697933
-0.013673686677201419,0.0706283464085105,-0.07552382716012228
