81028, SENSOR_ID
guide_rail, FAULT_TYPE
10000, SAMPLE_RATE_HZ
X, Y
0.008647247236301451,0.038323491731956046
-0.07705901861363276,0.009530883709438219
0.008295645421382454,0.029044816149823825
0.03140493600114156,-0.07627596862629041
0.013064348897885684,0.027292700841676003
0.03733634806570704,0.03465767384865605
-0.04888335419861259,0.007144071019738485
0.02262001056149598,-0.017048033902829444
-0.05103565177893478,0.03902738611978477
0.02224187880180669,0.0005120534557158632
-0.04122574861643795,-0.014528047474467426
0.13770071101084216,0.019231293883215206
0.0006780169201057377,-0.02588790662818654
0.057840705972300836,0.10694927315794703
0.031347416861798476,0.032860358692635615
-0.041277977865181406,0.061932065780182954
-0.03598775775340554,-0.020436382008980455
-0.0426001802437201,0.07168261523534275
-0.025844758702711187,-0.0320641528174532
0.03811814246296292,-0.04164874536293289
0.008216509670370707,-0.0397388695606007
0.0023540605878570302,0.005878746784992598
0.014167815742187482,0.016483859547605506
0.04174501469340094,0.004840504518740102
0.09753060128285855,0.0193634573239999
0.057052745912168815,0.044315533437856804
-0.00887284748166441,0.0008270174766166231
-0.07387475574471047,-0.05761991121544884
0.030731884982413516,-0.024154990074528686
0.022143463112943275,-0.01947809084691482
-0.022668662400855952,0.008646450096138803
0.03359647264019158,0.026263093473032406
-0.007577347102677661,0.07981136371153186
0.030326582860905955,0.0006140352612799375
0.0931376656400719,-0.007788796674818571
0.07295786615677896,-0.016857344885061798
0.08749022354528034,-0.028268146819490098
-0.012233356826609414,0.002075693086286296
0.06512574955043206,0.0027449977906967224
0.05123033991370892,-0.03610674692260793
-0.002938175462015519,0.014715753770264012
0.013578165993747423,0.08689461947197338
-0.014514680537736337,-0.003224965051397126
0.04513851774196602,0.010613206610398168
0.022297627102795106,-0.002297532407761628
0.11277183713110489,0.024290831520948603
0.09015866625281668,0.060313283153028724
-0.001985830663401012,0.044802746219533646
0.015426271865750633,0.0052959954648504805
-0.02770953273688767,0.010961756851355194
0.07870948126316772,-0.06681683352792976
-0.014041391837462409,0.015857702090880096
0.07180273466348676,-0.03627221339168559
-0.03504864037004687,0.08209725293332418
-0.02465518401195342,0.023247008369703767
0.08191567286559989,-0.04343159309368857
-0.037197416661613844,0.1303781825081733
0.044981938721059114,0.01389351408928875
-0.017315554226912836,-0.027473410475306183
0.03720375526279934,0.0019631066336061407
0.05878708030614771,0.04331526961119649
-0.005549411080550043,-0.011960684548539342
0.0533538500192892,-0.023294952465006798
0.020634479536763086,0.01932229521533319
0.014035467291657333,-0.09471707170792641
0.06024941446292366,-0.01771420749707768
0.028793936648787575,-0.015146617708428789
-0.011517086509423402,0.04067326967647075
0.019244428232698254,0.05517604838399523
0.07487194838742718,0.06362202038049376
0.02289678961551439,0.03145007264489175
-0.08183104941478582,0.01863253077066596
0.030554861128324708,-0.025569270523376052
0.018201749861599704,0.024550684634760938
-0.058499507481713474,0.008708259612011389
-0.002698555315472237,0.14807539013551457
0.015411877239769478,0.05168807285664588
0.014291446875551669,-0.024707110900152505
-0.041463243499811106,0.05491331299713343
-0.05185431283978878,0.08304150143490187
-0.002365512896024869,-0.007013342733466689
0.03920712856532647,0.012378674925928087
0.007505447362301449,-0.008220672086706453
0.08284912417258969,0.029108670038172683
-0.026674236353830334,0.05802442221052785
0.033987959823522026,0.017244094447659484
0.03088331921764846,0.0008780802231599487
0.0464382664701711,0.036719701325656245
0.03327218296861498,0.012347013035236613
0.012824216311096061,0.001712043677104369
0.061109182521119285,0.043079665976542336
0.004839806128484142,-0.010384709568564927
0.07772679487440101,0.021265918203535475
0.04259087858379647,-0.0036067675169825786
0.06740008499662097,-0.05819035129114577
0.05737207713935186,0.11494424973994993
0.05449691475637051,-0.0331527622947249
-0.056226228345743576,0.005044954511044659
0.009100432908778162,0.0026671788629627873
-0.013557708882378623,0.005365837811001773
0.04585242051205685,-0.009802260357373208
0.008114319007403573,0.03369616569951806
0.04824364265444425,-0.037359872893818494
0.028094263611819704,0.07980336561523266
0.08582508760450935,-0.048519549978022464
0.00799014827619045,-0.07224451728692693
0.10524760912863387,0.10806151342688503
0.06270238760843973,-0.09343065820249032
-0.04430221757020374,-0.00015615880152863165
0.04863735012624745,0.029050348219859516
0.055371662443698635,-0.0015817990467012384
0.042042621266660474,0.033968846537711775
0.05874546452451945,0.058270970244290565
0.04901804325591393,0.020502741268257185
-0.03409289781964992,0.08887691753570798
0.01968949772141601,0.04783981458377006
-0.03872736099913322,0.03985368278585462
0.04654517244945465,0.09995297957775934
0.06746039633529602,0.012879969584377989
0.05429951611590818,0.0543948771918618
-0.003800587155445973,0.059088574951520395
-0.04599598479243641,0.024523162031411742
-0.016989975742606134,-0.0038179368036265343
0.0024369880105286415,0.03149761619374515
0.005918575254225303,0.04115809078175907
-0.007361517746199996,0.0728362074220546
-0.028466498386070314,0.020561925203062284
0.0614579262514139,-0.004528590906091819
0.07313908179284487,0.013135088571875514
0.004282035678568949,-0.025076322714420448
0.052510246490356946,-0.04283728253309817
0.0158926699123857,0.00032027047688893556
0.12344526288595206,0.07360759779106979
0.02660947256916059,0.062377238020278114
-0.011328839404318905,-0.01515860945604091
0.009649597277534644,0.044111475612876774
0.014213040554537613,-0.09611261645477331
-0.031448183983686484,0.025327401576715786
0.01770039521215272,0.03183575821862201
0.017518036676064615,0.09710070277214299
0.08048105018882225,0.07911494892942694
-0.04918004490807931,0.042498029030332105
0.005791265406030864,-0.10308600195918761
0.0012421884056232728,0.031464706575744766
-0.0193232240112136,0.062313959297573725
-0.007864537890797895,0.015277149918442368
0.04150873415922326,-0.07429720941740917
0.05558225989413368,-0.019597408097768408
0.06719664361677588,0.0017940439255662525
0.04787937905177475,0.01910056458667104
0.049976540624192156,-0.00048595273198512486
-0.015796731277965954,0.06121142827023031
-0.026661432711392898,-0.0862366932019549
0.05608317903960282,-0.032763067351738784
0.04425047053793038,0.00372747332346666
0.06642657678724746,0.03131268493160551
-0.024550679144407915,0.03765771127230282
0.050673440691064144,-0.05295051318767306
-0.00888350267663865,0.07559538502797798
0.10112923958537012,0.023001920957692278
0.11330674530715366,-0.06207520220719469
-0.023709905723981767,-0.011443412769867467
0.07500038454574716,-0.04632914513304302
-0.027275191143221307,-0.03721083732489023
-0.009241558132198773,0.052360767197153095
0.03574958086535602,0.04041809084116557
-0.03000243709963819,0.06456241303588015
0.01837598202238308,0.09646737475437359
0.15099968356852264,0.06419938407125847
-0.0011360144509460664,-0.03661722052622504
-0.003117368092873574,0.022907507780489784
0.010410338495173468,0.04911731931180703
0.039922605095462374,0.04491507605823294
0.09666434370038582,-0.09838729088992478
0.046459509999433955,0.015569906390206941
-0.04724273251091981,-0.02093406631831532
0.0008887923131214474,0.028560055538026707
-0.06626186923390362,0.05412731001824764
0.07304710945660534,-0.04770563273703231
-0.009368755635168424,-0.055680884344031456
-0.17963082595066465,0.04729779576731901
-0.052289089272146295,-0.03352509423241861
0.04341590725931079,0.007448674344630684
0.07878006282319037,0.03880128328558829
-0.01133925178064157,0.007126795616088389
-0.005247302457534723,0.006456494850360278
-0.06637910557706099,-0.055661089490172316
-0.01947363212483078,0.06429259995632146
0.05229313738569353,-0.09589078185144644
0.05292805666315126,-0.019499197620861344
-0.040482932921290425,-0.03888645679046712
0.009900992716880608,0.07715713859205744
0.08215175682505764,-0.07415854124341445
-0.09316066155760734,0.010715417519194451
-0.004565090608682063,-0.04777574721030659
0.028660453065006884,-0.028970657487583117
0.01348875001839561,-0.011820221218209201
0.0215698517460762,0.046258533190767705
0.02026793418251383,0.02043822029070757
0.011654908537427417,-0.06603501590160156
-0.027420495818185023,0.023898486278209608
-0.04771030176706985,-0.0678928546487373
0.014768260703694093,-0.001041315842242131
0.0008785906994398515,-0.0027592001165339247
0.09418453747308106,-0.05300008310296196
-0.043446061913118325,0.004203447557636894
0.07647464161876777,-0.06129003808770632
0.10092845004414722,-0.02066202168648113
-0.03396836330736417,0.02106257788605867
-0.03966686868844753,-0.031973038010535124
0.01332752657384781,0.07580676350804347
-0.009963101297988077,-0.06910081494252647
-0.011859453743478332,0.002991066549062116
0.09949325813629979,0.08346265950572221
0.05688372404905723,-0.012297364571114177
0.0044208955660186,0.05311936770766987
0.0343863049449386,0.02175209785595982
-0.001137052539267146,-0.01598420613305425
0.03327953805604379,-0.0067666131773740845
0.037087997614313264,-0.032700410645536485
0.022498976857026513,0.05047791633004402
-0.06020855557324779,0.007415678769161217
-0.05974007276219059,-0.002394855878511474
-0.0656437410200834,-0.0033872357643953857
-0.013362275572909064,0.06649784575758602
-0.03499463048616554,-0.005060667081049212
-0.011109854819103211,0.04247241835123736
0.067899160533951,-0.09212638310621547
0.034121578472753475,0.04524546907924648
-0.03847594596819166,-0.0796785617717223
0.015609280586886052,-0.07612836058792177
0.02491648320326475,-0.03919478854597176
-0.03640258836577803,0.004876508155857799
-0.012095970725204715,0.023897863250862312
0.03957500049420389,0.027526133203269076
0.1337547494391937,-0.11660780172790837
0.04675730243104998,-0.10791331374112072
-0.07834727785461945,0.005516293303692393
-0.03512685114324669,0.008129103646293507
0.03511510005890495,-0.06979709539720086
0.0026321965206893786,-0.05059757619284705
0.026411278891712634,-0.039147264714212884
-0.08894145917808845,-0.03542253296863754
-0.05737079076054255,-0.012457512367736717
-0.0027202113856325677,-0.0059517220033191865
-0.040971799425990635,-0.051284621067430564
0.06996947050104221,-0.05837065680955822
-0.1031779882689866,-0.020802517027853004
0.022804904848856306,-0.03900200433154667
-0.11292447599664635,-0.029248526725761195
-0.021480270279854413,0.04137563172912354
0.006146781923316257,-0.0838402460647405
-0.06508123916626318,-0.06951090621603845
-0.0030971453799531635,-0.032810712786361676
-0.09232427964064914,-0.03971184339082855
-0.028348754625055678,-0.11476061650972552
-0.03240904159579084,-0.010517088887562295
-0.03177888622524056,0.02414504050440542
-0.05891413301122592,0.09774631567877609
-0.07686084067974486,-0.0531057890308429
-0.07451599111312285,-0.050636481705701605
-0.00506346404026237,-0.019931554050397208
-0.0009585058930807484,0.010952775490141665
-0.09109154902511135,-0.03360288702130518
0.05477580500460498,-0.05131513828785586
0.03166786850749751,-0.03043962565725198
-0.1277550511064504,-0.03361655117250771
-0.04391052242393398,-0.020784526085513955
0.03296181954697539,-0.10825954205118346
-0.04589628893638987,0.08287872038751856
-0.01898571823856837,0.0052603178495806945
0.007122709050014778,0.01767554973064803
-0.038224117684899125,-0.012140652796061108
0.029515271604832475,-0.0347641825627881
0.03158655596410169,0.025154168606983888
0.003981067519340208,-0.0027205524049455122
0.00784266869133271,0.037975358566982045
0.0684765196186716,-0.005554326559831214
0.00874722838531268,-0.13412815537294404
-0.09373312524249137,-0.08623940547850102
-0.11606254377565806,-0.0614892503042515
0.03954387213336023,-0.10425071185525055
-0.033068878732538956,-0.026518203345062892
-0.03332820634576508,-0.013818574622708437
0.0067358699972062605,0.07346674744401042
0.0035356859817789153,-0.08665509877736778
-0.011157730735596486,0.0649002053634252
-0.09169326285573785,-0.07755916207448973
-0.10387845610560392,-0.05409075419152988
-0.05041651164369315,0.0006480441962673882
-0.008231046633252415,0.0045733803084466035
0.02520829476948605,-0.07582627890610896
-0.005857833888037274,0.008855967983642812
0.027080544481698207,-0.10196221594074664
-0.11101046437256948,-0.052487756974465505
-0.025780854780017938,-0.03825814746592132
-0.085786388537874,0.05108170981086803
0.01914444580460856,-0.05874806056790206
-0.1131900627138046,-0.03194182187096756
-0.09653260547090678,-0.06100268195154921
0.10360217454458535,0.0036089327384662556
-0.02020697426940386,-0.12660152908421077
0.07747565586328849,-0.06537098031399718
-0.09617971046004928,0.04081864038180771
0.03937248300032226,-0.1086237195063438
-0.06176886782404087,-0.023631576071822646
-0.059762852493948096,0.007877721510999702
-0.11840968563428786,-0.059845129360533
0.06037624853818447,-0.048542390045403346
0.034929924507362306,0.005320275415321284
-0.0914539819231642,-0.07056178029588091
-0.14020347446407172,0.015939040893938883
0.10973468271494116,-0.08809711313301881
-0.041856773614684886,0.012167688877014207
-0.014341226503022362,0.012824863509052934
-0.09445609624446173,-0.007980054923208784
0.03602177121339829,-0.010776729140732069
-0.04664515709927296,-0.023304425987011698
-0.09369649495540844,-0.09402595103590534
-0.02951396545792499,-0.009408140387558994
-0.0062200713668063776,0.013098074691291109
-0.050003675494496885,-0.0019768775923811634
-0.06370254928513384,-0.023024708679781406
-0.060693894015914726,0.04838056342086397
-0.06798580838346296,-0.023838660820999114
-0.01789386974001625,0.01042823612368662
0.0792305908716179,-0.010349332051775914
0.06136545292518382,0.006492393437058441
-0.013319682528631032,-0.05514349809247434
0.020132546759081753,-0.013727742918856391
-0.09468716536755593,-0.04806517133380775
-0.02480144913692335,0.05552801615137904
0.0028952778965102115,-0.04120796150068877
0.0028453594800492456,-0.03745806616891971
0.005308213451175228,-0.06739021691078755
-0.03305465951994352,0.054205779033256095
0.016630928265656066,0.031902450679134636
-0.027099612486501744,-0.04735216893847194
0.0052208359662752855,-0.10352664985990159
0.015161058008970073,-0.021195393190253486
0.010123778241380367,-0.1652204061754045
0.06242648273671963,-0.05209287488149847
-0.03536715879258001,0.01978219062792594
-0.02131787805728229,0.07837433374367316
-0.007691068057109158,-0.013487773249283345
0.0007928934081750192,0.008682051267920621
0.04958961823666293,-0.018714726339478256
-0.09271091269536133,-0.14651936940402008
0.00986566199446628,-0.026527992713927126
0.02846885941064768,-0.007445879220033959
0.01607745054891272,-0.02686506631172933
0.018487521367113187,-0.08532655195750201
0.05059397558692263,0.02106388543300837
-0.06961156559749836,0.009176759656198071
-0.017134027160970774,0.024641459492812167
-0.07371936644523398,0.01811387628386535
0.00378506399389574,-0.011856870089833686
0.03532361679359054,-0.14739170577414587
0.031805502827910594,-0.04510906793879836
0.000817815059604354,-0.0007412628741652744
-0.0005189762489470236,-0.01498718971107262
-0.09170125274676048,0.0610483534839158
-0.01912841691034775,-0.05429250777790671
-0.0066041674287848256,-0.08187434573565504
-0.058339500697434765,-0.018505726159599674
0.019236049799098057,-0.005612240533022776
-0.011079890977907486,0.06127166029474802
0.04082860017531278,-0.05002636304217894
-0.08238354485881993,-0.03505166382022784
-0.07575823705072235,-0.07281973983808318
-0.03974024484934383,0.010877623737929694
-0.02589591955558298,-0.02401263953550401
0.016350804608076325,-0.004743846689511287
-0.10804022995793808,-0.01207930820666491
-0.09432596009316893,-0.12789936837217503
-0.05232526995143922,-0.02654236319645421
-0.11394182146067638,0.06396394781117214
0.003817640763355285,0.02826615444387357
0.06720182954493374,0.021241467304006285
-0.08022359048351409,0.014005660814249392
-0.11781666703618959,-0.007446877214533536
0.002921384602825312,-0.014854069143614795
-0.03982568852888813,-0.02272620207251346
0.02779188016415508,0.0015933791615456256
-0.00727179535531992,-0.05937306925878939
-0.030004882655287876,-0.08682935798931933
0.024923002640298467,-0.04637242726162289
-0.017122738820989074,0.05842814896742299
-0.01623220712757019,0.10837491775489531
-0.03723368339817328,0.051107286366641844
0.00031575658938047795,0.07583255401478757
-0.059495631911054676,0.011198724839597225
0.0004912999264527172,-0.024345471882036847
-0.03379481880387782,0.026967940292352173
-0.04068456626778331,0.0680850895886875
0.0537788086329528,0.09664154351126335
0.016212198955698014,-0.014145540533105417
0.02395531959225686,0.017209586575175673
0.10465505265838951,-0.003152087820430492
0.0026633340218690797,-0.044282822236107744
-0.01693962579033382,-0.018089079203912208
0.02056505905405008,0.06586974732680247
-0.007732292555907784,-0.0020000565789359487
-0.018218708732246073,-0.04275934388914825
-0.0721973610823903,-0.05262273673413934
-0.032675204610918565,-0.06962457197975003
-0.08156098882674567,-0.01199544745958474
-0.034824758257015045,0.1019006394712152
0.08478324541823935,0.014026469072229243
-0.11747630213425866,0.013423718332716054
0.016799119994748476,0.031802618090197486
-0.03133211329139568,0.044046945378092416
0.014653737862451116,0.062082538902482214
0.006126403414391402,0.022273915709589365
0.1269691658919009,-0.013767219369995871
-0.050443875188744866,0.03124216469173511
0.03524251280673152,0.030595413663462488
0.010348473121356705,0.032721129905652985
-0.017692611457913003,-0.0426990633894038
0.00038249422765620784,-0.00793551377635474
0.04942081754305049,-0.01834885494572194
-0.029791615661563305,-0.06112305535064666
0.012137377092368479,0.007867347301055967
0.02578584629919659,-0.06010688800697684
0.07997335135053138,-0.05065840764105904
0.03986711465492243,0.02622032003939485
0.011012719673938052,-0.01297368336071439
-0.07102084944794479,0.017070458098595358
0.0037029994146151896,-0.0007558468059098399
0.013338175753974921,-0.028883460809628468
-0.05002515407889904,0.0679881587222961
0.02556117256374326,0.0362454330112035
0.07139198624058402,-0.04599535425478948
0.0030340749395469536,0.009037182032483378
0.05196293382130945,-0.01526945416717374
0.016504263213119885,-0.01802093068837588
-0.047476759378052555,0.006621283914156762
-0.06084955562180477,0.009746206539990025
-0.01234281867705771,0.08945091811834019
-0.036713382246038664,-0.04026747434734849
0.01776300544382207,0.05513350882557766
0.0029373314457541277,0.1085634839324811
-0.04028491890170134,0.01666504032266556
0.10818327503874628,-0.045564822794528975
0.09935421780805213,0.008105532526182263
0.0059560237864919804,0.07648811254382479
0.10413509081455985,-0.027840106956065255
0.06535666834848934,0.038015686871280936
-0.010034297327566184,0.023132641385170433
-0.024980650126484795,0.07639194096919029
0.023652390338433284,0.07882493368584417
-0.013331483552448856,-0.07947370763339583
0.02005331575287367,0.09080969642057968
0.0031263587098832885,-0.03156085904639497
0.11493315694348208,-0.014365150628301706
0.028015804876405523,0.0588895203482063
0.06405356399915453,0.07221900546108805
0.06991769287478276,0.04930671202625763
-0.06076114356425745,0.03556866728939189
-0.06608520451665578,0.06422623989762696
-0.029988441936610828,-0.01999088737936626
-0.04498859913534092,-0.02707987603886908
0.013723855518389004,0.03316113958662811
0.03336655170131177,0.04483943911005282
-0.020292136032588722,0.03932287949276218
0.07532461517402442,-0.03165847709715024
0.061912289528040246,0.056012527462058516
-0.04899914483478058,0.048992203272223825
0.12821949960611942,0.02466785663804646
0.03514727505577739,-0.06100958895682296
0.06973139339337206,-0.047947357329800135
0.015775073901314687,-0.0020673799526264997
0.006156794678757297,0.0044476403884497265
0.04598893383958939,0.015955227585875323
0.07556189592697643,-0.022005809116908418
0.029735733622361777,-0.041721752596867376
0.0910730719476943,0.12962582424867566
-0.02593990921915943,-0.07321793279603364
0.12921290908732405,0.039966288017679444
0.07407480921415784,0.08039792864924432
0.07588093511343849,0.008489022012924256
-0.005609522700194932,0.05811866393648028
0.12137544061755365,0.04530841498035813
0.006149602337447137,0.037705767540623374
0.0053328808277844295,-0.0363411881687431
0.030930864973889048,-0.04585432024377574
-0.03769856337947394,0.020450888747265448
0.017502701992176375,0.011850039783389086
0.008319756886099722,0.054750291907905216
0.05567213380433822,0.01484817238979095
0.01729606927436096,-0.020389964531435868
0.021260211261075666,0.02905148397335971
0.03188738786052293,0.11974061929980512
0.016218721837501063,-0.007281596389900027
0.03549184813097235,0.009222188048990367
0.07925667812560815,0.04535969637378069
0.009001439698595301,0.023544070513596502
-0.03935170228984028,-0.06180401446713016
0.0342237408848473,0.09708160947504958
0.019397257968774805,-0.02960513779669669
0.08031738102294579,-0.0047604249096362475
0.04041074260237685,-0.02026501648955332
0.002682299951091441,0.021956401793600186
0.05445905483649291,0.04408293097221758
0.01725709628926899,-0.0320193918313111
-0.012964219917532164,-0.014393935591919347
0.030219916166882826,0.06279805209781449
0.03993089997171738,0.006125493190382945
-0.056546110073048876,-0.01936774672050892
0.11512593019151708,0.08105842026114483
0.006777259445211611,0.003541081845644084
-0.03541883924260829,-0.0059392324320374085
0.002952790429650059,0.006147760401013372
0.05508169464759409,0.010863288595615396
0.050274256527906805,-0.02244241445090141
0.043620375713427195,0.03342872961586547
0.13596502689046766,0.1026125922481264
0.053378993477442606,0.09955967513031841
0.013188605413578735,-0.04884786838369995
-0.0625170808529517,0.032104117830847934
-0.01174326254442307,-0.05515061556680124
-0.05023944821055035,4.856380403366056e-06
0.024211735270673104,0.0025444254409374804
0.020714287110051736,0.10355323534602337
0.039218376571275464,0.011163213179327343
-0.032470995828299695,0.06378480701604383
0.048612021090850166,0.03879856115399144
0.06080619532246867,-0.11190638097417067
-0.02288089295751641,0.008664188572247425
0.0630713838131843,0.002070707680934137
-0.03556237995430919,-0.010722254170104386
0.07679178898085728,-0.01641369159369583
0.05100696666165726,0.05393063833938888
0.00641373903464388,0.03545382715428848
-0.04086571700728545,0.002065627130518841
0.06655236891122254,0.015601880566593809
-0.025864593363149457,-0.001458924227065693
-0.0029398838334671745,-0.0619397556250187
0.039400315376762876,0.06547564811624501
0.07012902558689849,0.06955465836399326
-0.02791661441517821,0.018992944464327574
-0.004715764291741007,0.023078782939019174
0.03491450026739008,0.007622501500578216
-0.0010292031895233617,0.0779706578740685
-0.004110410674783734,-0.0006573829350281328
-0.05962840386155049,-0.06438529682408993
0.010383537640718638,-0.011890894348989918
-0.066752537412787,-0.004961598996581766
0.12982097357052924,0.1630957071839752
0.02306748802097442,0.01330166361236641
0.024985746116516598,-0.0801741930234399
0.01765508401173219,-0.003521285945352637
-0.010417722190206083,0.019062304706216286
0.03789894583045792,0.05597322074745592
0.0005690666145473713,0.008952960559890435
0.10969329473409477,0.012349678770734673
0.04120375175571526,0.026815215138022666
-0.034553357082387964,0.043073332066979914
0.020767957676787546,0.01261037453105089
0.0216597722016134,-0.0361542526040379
0.0233129058875009,0.011549497014102452
-0.04945001950659778,0.0033093161264148158
0.011856427084220165,-0.014596995413197186
-0.000558017203367801,0.009687139636947919
0.01592156901680377,0.020412527414390168
0.01466102758532456,0.029919633026247602
-0.0415490101253107,-0.014232140040977928
0.01680026074859821,-0.049967176109286755
0.050018183790610925,0.015468277792176188
-0.020152310610978327,-0.046554281536944506
0.039165433008424774,-0.03236418386460531
-0.07615942937154482,0.03170091680103781
0.01935496538279174,-0.042487093723165184
0.04269216719214951,-0.003998354189413867
-0.0263765040995845,0.04050465079220625
-0.018203393950281383,0.09548905368006323
-0.019408047064262954,-0.0024357532490168346
-0.006460313223142355,-0.052199220512905
-0.02493970603497099,0.004780680068508476
0.07936587502811772,-0.026913881055177818
0.05103221989285531,0.015881133932198505
0.019485912917776942,0.023625539949027035
-0.1733739947092424,-0.04122663826016129
-0.07364686687531016,0.004036607967378634
0.05433121919028251,0.073658301652317
-0.03574710538743228,0.04074902660711391
-0.023344245982183917,-0.001409841494257746
-0.01021599459164477,-0.06802662689651179
-0.08647093158567043,-0.02273777717815866
0.002314267516218923,-0.022413883988916753
0.02042564276293529,-0.0675452248901692
-0.03808504955088072,-0.013965421077855016
0.13859254471382507,0.05120246708168969
0.10309814086193478,-0.006270628381541917
-0.07557492132554011,0.0765467018624815
-0.008587690348085387,-0.058292005479483426
-0.022298723705751727,-0.0100449575207798
-0.0983386011380697,-0.004092521742691042
-0.08710388231118442,-0.06375459022231869
0.04094132332029705,0.01824506761586841
-0.08230744154476595,0.001748474523566562
0.006295111765188964,0.06121671818120701
-0.0483008663422555,-0.009264043918073435
-0.03185822775472558,0.03343588040411262
-0.05205563940389884,-0.056671721628773604
-0.009396067631646514,-0.05571074042847017
0.037278910577742685,-0.0031965060741161633
0.022859924219613543,0.03557138358989536
0.03228474567060438,0.09445555686383127
-0.029303825103007948,0.010449269322879219
0.06862980684045948,0.007571409459285445
0.02268189985309311,-0.007224799845127243
0.00015042541235153143,0.000838244940952756
-0.01568619658699868,0.040376347113343626
-0.004135564648714823,-0.0725426867566841
-0.0342164983101933,-0.04892262844609413
-0.02433192327870962,-0.0424046210011653
0.06573111607311197,0.023268819236367623
0.015519517002570229,-0.04098913539346059
0.00970270308051456,0.03561426662959518
0.10688184743090356,-0.08208810648916592
-0.09592396876083675,0.016809138836834343
0.011625043587065358,-0.03596980359063189
0.026745750186715947,0.0010947053145819
-0.046316823226081785,-0.029027639426065104
-0.03477846904288527,0.06014939132796178
-0.0772632818396387,0.039224835936445275
0.019744642829845928,0.04866014310336777
-0.08039712240003986,0.013510319701152098
-0.030953475391267006,0.044747595777398896
-0.03579417696252876,0.004568828278037555
0.008048453386305093,0.033247500394100904
-0.07318326747199487,0.04171141463311976
0.049382644472007464,-0.05052583287208818
-0.05898925790870617,-0.03335434202257448
0.01969446233974996,0.019508789555854097
0.032171997033722595,-0.012687334591207312
0.008273029641922608,-0.0042029260042714175
0.0026503002739432287,0.049070215475558926
-0.05870352053860678,0.009612953003713802
0.1389843374917992,-0.031054033726032916
0.0042580694203246065,0.01649053813543519
0.03652324219159793,0.040006681084678544
-0.007828993550913887,-0.019438569737177183
0.003861059345133061,0.06222221156049511
-0.13211428017361623,-0.06718356660834479
-0.09745910792653797,0.006446068252605946
0.006266477384711753,-0.0017678455932506661
-0.03528638744650458,-0.10802152487478575
-0.028922686659980885,-0.07959464943044765
-0.012617796665264887,-0.03577603865943878
-0.09978034316404719,-0.09090765119720974
-0.03342792718872032,-0.01969943139262581
-0.007625878433021148,-0.00845672827700281
-0.019603213137668676,0.03979311883047913
-0.05130781683979738,-0.06332261582279258
-0.024767296590296063,0.07179004231893202
-0.15239118753888048,0.014279906995345945
-0.010840691661506734,0.11171851583164952
0.03752149210915162,0.011349361699448581
-0.0219937988481775,-0.0318147987049045
0.016426725654298733,0.025324125907193778
0.021987041587347763,-0.0659491520229613
-0.013827883764546009,0.05346786819872938
0.04783747465869172,-0.03764263801902773
-0.02836622472049643,-0.04584830346368443
-0.028872180935575854,-0.04857842862366406
-0.08598791506911282,-0.031025396953890283
-0.04614867558339551,0.03215573065302964
0.03239059266665255,-0.0026167180025574877
0.05327258113198506,0.041892674801831994
-0.04981127230374574,-0.024403058888211315
-0.08548838081394874,0.06177908261874988
-0.11731749387466953,-0.02024465270961586
0.00846422581942428,-0.0330797258987174
-0.1165003172205169,0.011247752802298002
-0.04568350972546918,-0.04059314846373517
0.01097946456003564,-0.0033490010651953325
0.06865306132649794,-0.06340130478221331
-0.08668721582782568,-0.008327639694523135
-0.0492544568726276,-0.10169478840969869
-0.05170366028488546,0.014066186558944236
-0.022699296589908692,0.05452633868866918
-0.030773783604253743,0.04225962413988234
-0.05099142312438222,-0.03189404270579968
0.016469103039158117,0.058737047665273864
-0.026356349441086824,0.02184734603866539
-0.006335272549669528,-0.08665121823970864
0.03399925004994497,0.07741512772532667
0.008186697651423023,-0.02289372883468482
-0.1026152864306184,0.029066254955133364
-0.025089273566787102,-0.013002816086613382
-0.05321530392727276,0.07905196161409289
-0.020061878898398573,-0.07714931618854046
0.07141043708660325,-0.020449664451800482
0.06790250228888864,-0.018568323603015625
-0.04562566709849263,0.01464855434421173
-0.025982044814718958,-0.057216806033547306
0.12754572417210505,0.05132506640199583
-0.040586395557945076,0.07018547991263882
-0.011764973620875826,0.00794957476066441
0.058581523301176046,-0.007655378553965373
-0.004421756704914789,0.001552239257990775
-0.0037576760523365393,0.02780464894061521
0.018833190032322467,-0.020659881248893633
-0.04737111219450617,-0.06439891930996211
-0.10804351397439102,-0.04167438106198897
-0.05586706611224983,0.004309963897429818
0.0059579558298597166,-0.006478862407025929
-0.05392837932204367,-0.01883079299371263
0.01967637718922989,0.03544288577870826
-0.03635402727791359,-0.010554587618912196
-0.04119070036639012,-0.015512997781275809
-0.11011198684011758,0.046023935995747674
0.05578446824101457,-0.03364755344714501
-0.025918368265064072,-0.04076602410674429
-0.08655264645370657,-0.0374043096913853
0.03758469324821377,-0.03216840385912325
-0.06586304803688398,-0.08232332356496673
-0.09793121372816399,0.06066717351500177
-0.034710564481096204,0.0028769643043359792
0.013611602462649117,0.08121658221452625
0.05109244653555098,-0.012905266491569357
0.024119463318652522,-0.06426612024313029
-0.031108746283523545,-0.1295809373719944
0.021292255791577584,0.08612615608544719
-0.021781499616659972,-0.06709676259786994
-0.056513161286801394,0.002529662824067195
-0.013784507113512617,0.06641381914943481
-0.03625114588236814,-0.010626752642328045
-0.07826812272041508,0.015493508631431264
-0.014569185382577145,-0.028314088561668706
-0.0019091638836562994,-0.1742928002319181
-0.01684303385615612,-0.04577375803536722
0.002381314264184923,-0.0680685334005452
0.02158551940733581,-0.10632698908876995
-0.011916112529408914,-0.03521551106208552
-0.07140312454677158,0.03446863112920747
-0.024779670011216524,-0.10956852289450325
-0.005197508119551001,0.05178522757556883
-0.02721303551581926,0.016315768078721527
-0.12402134131458883,0.02098677844628634
-0.07203072897453269,-0.05234127196725548
-0.010126749787748444,0.04246167950020638
-0.027529119921174496,-0.004962781987725352
-0.08635426534030946,-0.11468695427144984
0.0010949861567718135,-0.04662384391409424
-0.03015755134660219,-0.1513062060254513
0.04790034362342835,-0.03725637635760858
-0.01711150570484575,-0.02833598622638255
-0.08276503653705788,0.016708876884385566
0.02299988476314409,0.07704735733332595
-0.01915994084364745,0.04831231040129451
0.006348424632458263,-0.016753246772067975
-0.02314994883339857,-0.0034953579254416167
0.03342940962764831,0.05291252123116983
0.01831696462619766,-0.05470203506769692
0.011614487552784193,-0.046380940049572016
-0.12617095605563527,0.0537035861397584
0.09409199524121226,0.03080497549662528
-0.06155598890746905,-0.036882336382940126
0.09748851979010412,0.00463823929443653
-0.009540137742032736,0.02449540303647485
-0.02674855581943622,0.01848471257021686
-0.04037359084553158,0.01884384568819731
-0.013004044537412392,-0.02921268359798929
-0.03239964754209122,0.023104859900156725
-0.06830387387130596,-0.08522469929367905
0.050589515089826176,-0.010746235670522766
0.029202823270780956,-0.15653735517834014
0.003977332985088353,0.011382624358535251
0.028218030146282297,-0.008450994818965227
-0.0660636816860443,-0.0698119652847306
0.0008590797885045763,-0.034681663181207495
0.060133116301333965,0.057262355563364946
0.07628213282663607,-0.0657434719693411
0.016755546486798778,-0.024860688001768907
-0.033135068928540706,-0.0434870845617004
-0.048225345585809404,-0.030102331834746348
0.028048638625217115,0.009093506035228753
-0.04757934950492522,-0.024118711951478224
0.013444546271497545,-0.04103557852592557
0.03884992432149957,0.007468529772191983
-0.027382027479318765,0.02515818855769847
0.1735085760209097,0.003654072335560637
-0.10113400440365575,0.06111056045553466
-0.0766609609083885,0.029051371286731263
0.03594121461308749,0.038718128034982466
-0.0827700389926542,0.023915254178702355
0.007774056708407969,-0.049370257212654284
0.058448299850718075,-0.0030618729098976323
-0.06276076390814071,-0.03778134731051915
-0.0006511140846604591,0.037741156274042315
-0.016047063046593674,-0.14502905625839888
0.020249711210300253,0.0008661572564744894
0.0005326843993966937,0.07287409435638059
-0.04934593279485902,0.02978869042411012
-0.010398134979722739,-0.017925287428440646
0.030927820627808238,-0.00693173530069784
-0.08351766876318888,-0.025939242337571968
0.07881909543147353,-0.015125835229992321
-0.04524443814090615,-0.028604103614202275
-0.0028672696858980254,-0.02489585875770575
-0.10738507151426083,-0.05491412290095671
-0.026207488925583937,0.007183512031971462
0.026638320201454006,0.03820568528251559
-0.004038686514658848,0.09442540587087987
0.026640012919545375,-0.024854121326500576
0.016612372434222176,-0.015389504017441123
-0.10490386666151237,-0.01904676839911173
-0.0026526796391151586,0.04197254549530736
-0.013889279668007218,-0.003370232269549167
0.028399169821070692,0.0383079716114659
-0.020560461316129135,-0.10940774260395363
-0.0028204242586709546,0.036683268793316695
0.013953212930551562,0.024213374686474186
-0.036857954840397354,0.002393551775044356
0.006274516181493548,0.09713364323135697
0.058831133829463436,-0.06202351732730634
-0.002001122177212232,-0.018731505005080067
0.03266397095742761,-0.04239062881179463
0.18558353255837884,-0.029584672419254977
0.09206823676070673,-0.009373336382756798
-0.0645291689085049,0.031145849633138007
-0.08854538512307711,0.05999307795833179
0.03913423369031714,0.020266360099819906
0.012721072244477048,-0.1036467212818851
-0.006741190400290682,-0.001766758602909686
0.10400399725427695,-0.05394574384842931
-0.02741144525700747,0.15652706022062426
-0.07460277915415722,0.042831557687912004
-0.03434235296816605,0.04385751615818896
0.04458607597499215,0.11443216907313088
0.0029722556673336476,-0.03180370489739161
0.014993504998216015,0.052051786763047385
0.008984291809395618,-0.019637338680089364
-0.0168509023012487,-0.03681311326034406
0.04423713581025287,-0.08544198966758958
0.09844978020705589,0.015604285176499786
0.066626589263829,0.007572821258711824
-0.042481713517667025,0.10616063781041374
-0.0037119262186170593,0.026245418108828255
0.06938245741713037,0.048139952279305544
0.05158743488403244,0.004592274167961385
-0.10646374225983202,-0.004872532592708763
0.04112339102495795,0.059815894153493754
0.05563372333806984,0.03828301254825576
0.031437089658302136,-0.010089128852961622
0.030248422547651248,0.00930617465395393
0.10341130520688185,0.014533729660821094
0.018850311545047634,0.030704991463429816
0.018612546770616013,0.04931309335405666
0.07309458811599454,0.0659967740782802
0.0397122273860317,0.03392701740483548
0.03860180802195089,-0.000812896286869676
-0.02016246057750357,0.034975817488836394
0.010054947212963981,0.02191568277754078
0.16559889969259356,0.0009803010794623094
0.021074584717840326,0.04390743353385204
0.05718634095864576,0.026789732664270975
0.07117102203063844,0.0823890674284121
0.06914217896223658,0.0847332429024099
-0.04052513534639085,-0.03085705791068516
0.019174600446957204,0.04183296227880967
0.06700541796908037,-0.0076180993012351685
0.033203344933557574,-0.017138255199831712
0.056266325908760684,0.018588592121637926
-0.038790488579535695,0.03299732417074665
0.021601907133370634,0.08673101571214424
0.04003323657414179,0.047075758567746435
0.0247988762864916,-0.025417988685055914
-0.04556867755234792,0.024627213225709363
0.07149458194383308,0.005908872196066723
0.025493063400812657,-0.0030752313423812287
0.09106130253097106,0.01833554560426465
0.10628483240587341,0.049079713236938105
-0.027877307995003847,-0.03995470301471047
0.05177661637582312,0.1707072382082511
-0.01119827684549447,0.05407258541935957
-0.04901486800795486,0.012597385089132343
0.04509934179363326,0.03179463921507447
0.030748309821401733,0.06324905535267483
-0.041801074626809584,0.02589961211526003
0.039654260706680294,0.044720127627715184
0.04174889247464213,0.06065845391016807
0.07966428227236838,-0.000769913945362629
-0.04290198423411115,0.08636298319652436
0.0743012469411878,0.07675432843360235
0.042347763956794834,-0.04686620868523539
0.05706126216941598,-0.027925968285933956
-0.021935317388822838,0.13607990734074124
0.08751517401653473,0.06916629616578604
-0.006316833402969676,0.025420713150157866
0.061116951099035734,0.06735950490048263
-0.001376439913301459,-0.030889835971667407
0.013400476759225295,-0.05521454652888734
0.07524930290582285,0.004506819064537492
0.026872071810821605,-0.0369461297394299
-0.04219180606013363,-0.046210679715911196
0.0646039818432679,0.07597754635867414
0.027278522266482454,0.01494790888427765
0.07063400221223803,0.06043176637019889
0.06510856961535072,0.08408989247624467
0.05652030752184374,-0.014323001922961782
0.012691522549618705,0.031965148499579196
0.07815034619537789,0.04799294983340642
-0.020718241137937125,-0.04273471655562731
0.012741982113465517,0.0063137962646021475
0.0581200695858118,0.06928525080686163
0.013902592122764443,0.045116463434474764
-0.027204483989329863,0.06731338885433302
-0.008689922569077711,-0.01648525761235179
0.002206188844303559,-0.022043106827998864
0.09003635085644587,-0.03385132976670334
-0.08123040790504199,0.09924741317431954
0.07126882960770345,0.13238927032685316
0.023634469427421034,-0.006030577865589484
-0.02199026348875335,0.06490771208874055
0.058266173826230644,0.03273026804059674
0.0057894254594576255,-0.0048019213312458404
-0.017251104952437975,0.041395112423233446
-0.06457473324540051,0.10618551543233201
0.02689876922212009,0.05894596988604503
0.00492550925565393,-0.03339460698652445
0.0214110374483822,-0.014004172204036474
-0.010375352777404256,-0.012385814589712052
0.006674735966339754,0.0018717325343874242
0.021150604158646613,-0.036809256335119216
0.07750427812276585,0.052420000423978125
0.09322476387507347,0.01837848468706852
-0.058687214023371015,0.08133576375725037
0.09557633132089205,0.1186356830448651
0.008636910918062953,-0.006752453265942999
0.04841484129186404,0.031557810050987
0.08045120671515188,0.022290027265535715
0.06375913756890042,0.009621161764513072
-0.01678036911112485,0.018238807462118218
0.05622350836518145,0.08553383110896137
-0.04131533051071083,-0.080850407291485
0.048999056434481505,0.03981469992355643
0.08029035937471857,0.04443782031271436
0.007223593222608007,0.047168476121307076
0.033481172287769125,0.07211238293767612
0.06060449367782628,-0.026774956199175276
0.027725307497006538,-0.018474274230015478
0.0402765425278021,0.03406781182966496
0.007954741345081829,0.013178043654611475
-0.042472391794295836,0.12113866839647185
0.05091719606334269,0.1199313157723272
0.04667224491359788,-0.022640061156236346
0.03346245010683433,-0.0014728742835511156
0.0018462204271403222,-0.1291355787343038
-0.03480724316521608,0.042925800924147356
-0.09007189618902967,0.015336553517836683
0.04023273640136614,0.045631149537087703
0.024557415086571367,-0.0025146225555742543
0.017107297123326592,0.005335343066463336
-0.006574847208805912,-0.006594764875035738
0.08103513555438942,0.07502184574064683
0.04976242086280332,0.022996920508149013
0.012844435349842039,0.05155259566262213
0.043416676261375534,-0.01563796224166736
0.05074482947144644,0.04127706054578836
0.07348398846422241,0.009295861609571845
-0.06108960018810534,0.048690968532113584
-0.07819613529665712,-0.0027538866460276035
0.02807742325724253,-0.03928871651754376
-0.06361617664679446,0.031851585678480426
0.019433165601405115,0.023581288855757478
0.09418361018581815,0.06103366124952546
0.024683199347574625,-0.020212526147760083
0.012616451664086998,0.0027316102105542214
-0.004395902501156108,0.044009353743585444
0.02704886020604578,0.12060882526096318
-0.012640219323412244,-0.041484313110723446
0.01475856358313304,-0.02822028720797224
0.035496710269963885,-0.004638922322209698
0.02861342357583439,-0.009323938900336465
-0.015308310218821947,0.08250780873905271
0.020753414775099607,-0.07763027089056446
0.008863911158401133,-0.05617685982436668
0.05466374346048387,-0.004013845041136547
-0.08620092623362684,0.021195926007606565
-0.020759784876920144,-0.02228805205450041
0.041086171318494714,-0.030221475359652
0.03522323518384332,-0.002822666579089598
0.01860205557249473,-0.10621520782066536
-0.04666971453312333,0.030093819985057488
0.0945889989826742,0.03158010795603753
0.0942172605591351,-0.05958608491816285
-0.008775643772345881,0.08371064295310517
0.04983878680890885,0.031016089003395808
0.06964200576644836,0.0602963025720701
0.009928089140807016,0.04227141122598849
0.019361452300761355,0.012191171379959228
-0.07352000147608281,0.06302858721497331
-0.05603929793525712,0.005760478902674251
-0.015664721260145717,-0.08817535556716688
-0.03413118980869749,-0.03320459550141331
-0.023069255347939157,0.06510053779944237
0.028259261455781014,0.04618271190206393
0.030783272261845494,0.047848972796606555
-0.02925735758538463,-0.09191620616163276
0.05700184094145972,-0.041312832468333886
-0.044800743413270026,-0.02288472154830737
-0.12839660601159053,0.02359384803587106
-0.06060832200995584,0.028843127670588584
-0.06257682925672653,0.04494884877456959
-0.014742334630715757,-0.004242987876689584
0.08226713617688337,-0.02183077550422759
0.016525358858191494,0.013853264953918741
0.02949434339535221,-0.008207505221366353
-0.012973937001459407,-0.07197175158717038
-0.04156873404445606,-0.029324849541885127
-0.013047054916315571,-0.027297948892747455
-0.015832476666087714,-0.02507993168190497
-0.049418634349557615,-0.029919611007109347
-0.06996512688136154,-0.01927262469925156
0.03706007935756376,0.0031139905668416713
0.02317804581164923,-0.04829306197859102
0.09967791308798173,-0.0426276155779462
-0.09391326857061877,0.037825840868349205
0.04166400796497894,-0.023706185763632703
0.022784928351800623,-0.0402241560100094
-0.03958352347618173,0.0010654142377012898
0.03707408874981247,-0.0870383364342954
0.010830293135108644,-0.050148807290143295
-0.030048900725151064,-0.013690332171071695
0.027393763694153524,0.062181071944741914
0.014685781748822308,-0.09201214604594796
-0.0835330386977705,-0.033725750753735705
-0.07155640036306304,-0.015860492616748555
0.05530276239925663,0.13585539704782296
-0.09111177719657819,0.01783240535550413
-0.0165183961204979,-0.03646398687144434
-0.06062612515060596,0.05194537836159801
0.019416250373696386,0.019950637010045288
-0.03037980485628984,-0.06274611039863044
-0.001822690124298287,-0.039278705096804936
0.04513766748971872,0.00909473677975158
-0.0036053512333931344,0.05139150770027963
-0.07345985238916536,-0.04741428481672384
-0.003455271021786563,-0.06992814147608804
0.0060561170050722705,0.05107764164603799
-0.07492851120746774,-0.012080135776261842
-0.05141520941380845,-0.08514165699554399
0.028313853791144532,0.014413446535103553
0.013884010355141052,-0.0448186027320052
-0.1347843096581885,0.08691675931741777
-0.05017835258157934,-0.01641921317574527
0.009301907366183597,-0.007769835551720889
0.005494445013589713,-0.12565988684688553
0.06693303295203289,-0.08893750407591666
0.04842085068958579,-0.010515535566722568
-0.018983726530487764,-0.05471547975443371
-0.03274359128181608,0.027965981705333695
0.047311236687526334,-0.07394114704482262
-0.10331887754648983,-0.027217129789913475
-0.07708619307506764,-0.11289944817331501
-0.017645946456320737,-0.02026505329176337
-0.05310855484279285,-0.020562757055293614
0.022044737443162342,-0.07162704882125376
-0.03413202605160371,-0.02079152927413535
0.059400901287456676,0.0020511072760103777
0.058976763069488694,-0.05759701322320736
0.011364766876760642,0.05681282093388941
-0.06612362395313942,-0.037722858417790994
-0.047293035476433376,-0.03548325843799032
-0.011726643663461198,-0.06101202893073187
-0.09966646920909289,-0.09808081280984321
-0.030556634036418673,0.008137347124102794
-0.011187505544756561,0.0005254917996538148
-0.02068654384948629,-0.016031668369893285
-0.06355309107200216,0.010588736393215257
-0.04508462897562293,0.06146567304007778
-0.006434947607890226,0.01653834073898332
-0.014494157136346757,-0.10278842469214612
-0.005581216039949115,0.08542979962032979
-0.040340974372319385,0.04511608655890188
-0.003829372162453496,-0.03408333732457011
0.006473268571933113,0.023597074411305357
-0.08558790548193865,-0.0030813721608636824
-0.08009714229765705,-0.03782060715529914
0.02853003313067223,-0.046160542830912366
-0.0072395391981195465,0.008009629598855504
-0.02571422956786018,0.037022170842828106
-0.03744667120328499,0.09703333555008452
0.09101035113506382,-0.08002398507065522
0.040980744511207645,-0.07131600677826198
-0.03183688754233293,-0.051769831650686424
-0.09527191133513745,-0.09520394934054488
-0.10742238184460269,-0.03440293167806768
-0.04014324098550645,-0.06507505365919701
0.03378617579918581,-0.07407421261794125
-0.0171333217499694,-0.03997189148612048
-0.06573276560868574,-0.12321482391425875
-0.0539418198506709,-0.009990647584260349
-0.11084297429379066,-0.13341125582162014
0.01875326790101495,-0.015938509275426786
-0.023650654172496212,-0.057678977818030774
-0.06765336843851805,-0.03883450630183598
-0.00888083125981204,-0.10236945931818628
-0.04130307162176144,0.04384285045953144
-0.05897822236124263,-0.07231090661853458
0.01609216131094808,0.049241697116770275
-0.01394814605074051,-0.028844010209955268
-0.09079390123644011,-0.033854947620501855
-0.01579391674291116,0.07368235876078848
0.016415860241157758,-0.04082372055778761
-0.059533898793625833,-0.0037607302405814613
-0.01573177843676319,0.07118007172538093
0.01672955960111328,-0.057495747988117143
-0.04280372914634849,0.033617133391645806
-0.09764705061261805,0.009919849564574586
7.224554084050983e-05,-0.03392275331693853
-0.0009847220599570987,0.0156088690916171
-0.013826910587418712,-0.03915793461323838
-0.07707775910401354,-0.03808453138486431
-0.018092022337547014,0.002878441730794625
-0.10642923210415099,-0.028474846344023086
-0.005979835377631148,-0.09098994009598613
0.00039609879030882283,0.03209281449249435
0.10686919671990916,-0.113810061180247
0.012205625333934097,-0.05123159044340556
-0.022751521750409506,-0.06521419177392643
-0.03217007050319158,-0.10189831849015603
0.06420597170572702,0.0150959187685905
0.06645478534718575,-0.024057059641581453
-0.1113963304015707,-0.08053315266190805
-0.07997424751316849,0.01071711611414148
0.019035932320559765,0.0336788348095383
-0.00798752449357286,-0.08162825686307784
-0.012074027454035165,-0.07108963395704845
-0.03014538280116509,-0.003972957937526802
-0.04926434444176296,0.02241561020084824
-0.05742104747148518,-0.017827426198033697
0.010245139435994886,0.030285844483207962
0.09537650600933334,0.025037443081431077
-0.014917548708237086,-0.11525207633779809
0.0298486363223564,0.027405865670938733
0.00150748988736326,-0.0700835059830661
0.02124847381216009,0.00022178587186004114
-0.03759847216624561,0.03195142771470348
-0.10543177431484102,0.034445325550547086
-0.0413302420393791,-0.02149750379864286
-0.04709849961345753,-0.01855306415880388
0.010591380201773732,0.03276620412061044
0.0008720298610409676,-0.022189940634443805
-0.024842892658479297,-0.08234695473471729
-0.08040686115348418,0.08806528698116467
0.017646811268879348,-0.06550795786061564
0.00240461091788924,0.011653464623939168
-0.005763276564863187,-0.022796076395071807
-0.014191236963325707,-0.007778264934545074
0.016654484311771984,-0.06757051131055813
0.009995337969121526,0.004751345469795502
0.07173470487121633,-0.07893290005511024
0.01617281330057007,0.09076925135337552
0.027559724919058913,-0.08979821499249513
-0.0032874095302958643,-0.012513502313534292
0.025481810711862722,-0.015553130320066052
0.03802414155469986,-0.03436257903590129
0.04477647434948968,0.04341077063075962
0.00634635610572622,-0.07282543934069621
-0.03422285143931986,-0.02120391023319067
-0.03709444470950703,-0.004331259134328297
0.046575817439634425,-0.026374681031834685
0.01567174678150715,-0.05953438482508121
0.044419079827713405,-0.07683772742273554
-0.022221399237004377,-0.09890571897451862
0.013477485705829332,0.02129779515875739
0.05903211882297181,-0.028938750866467175
-0.01177674218070068,0.0009951573304789307
-0.07823786724987851,0.03159301782428957
-0.13635935841335653,0.04701000229971038
0.02394458519909333,-0.02143245366652543
-0.12614059127069258,0.06943429384803117
0.03136155784705543,-0.04160499911338306
0.03061420742168735,0.00046857005688376654
-0.011719896178407383,-0.03512680582468025
0.012314674448295275,-0.051818104014271144
0.018352339023432914,-0.06892043920254688
-0.03435526154401582,-0.03459826138140422
0.020903347641284476,-0.010043903196504726
0.02614643036578884,0.04098985165998781
-0.034006028580150525,0.024476011924502356
0.016002114614821462,-0.0006847605134409789
-0.0060824427376429055,-0.03219903693772625
-0.016867509238877604,0.006732127626197184
-0.06427483181351046,-0.015673972938524693
-0.0056585317791718204,0.07984692605954766
0.05195934686021508,0.012632340467527078
0.0389568918945209,-0.03363051243736656
-0.04575802829542246,0.05291681337794837
-0.09976457488063048,-0.06655943461328664
-0.07965982458627706,0.000802849117466399
0.05255206890857292,-0.04084620094106895
0.06300810220832329,-0.013881330732279502
-0.013136075773531323,-0.008422569374557995
0.0026297827569870392,-0.05106933066726678
-0.014971415360283905,-0.022613664322217363
0.009418329524011709,0.04526027118605417
-0.01757406798091761,0.021798404129568596
-0.07404258023982807,-0.07851328297669896
0.03507438617467583,-0.12549555838309204
0.04553943139914464,-0.006831422234201778
-0.011554957255977912,0.030516880988603747
-0.030805702749328173,0.02753963002540868
-0.04391320020037843,0.03518531269890291
0.09501672163333513,-0.04104800727480344
-0.002496362776251446,0.048348763079607365
0.015681453355646517,-0.014767805923917458
-0.02276350203016889,-0.07607538659842449
-0.022428795475533767,-0.04153878425983289
0.0823971441765771,-0.028069088237371757
0.05011729721497415,-0.005866009232620755
-0.030965969604271937,0.039593378969930336
-0.03458521006729574,0.015795613839333082
-0.02784270927915889,0.03614768137265798
0.03408041879074224,-0.011965309367585667
-0.027733612037242235,0.016279655404492756
-0.05768018120967096,0.055034671314026284
-0.048345667351508845,0.07552797292624384
-0.048345718536496274,0.012651524929091724
-0.02163952459993875,0.030725642993762604
0.016282262526475327,0.06279291707968135
-0.008318161106129748,0.04895452925965338
0.03306778956225857,0.04215992233266014
0.01620314936147723,-0.036505524499683785
0.023309281288180578,0.009911053897109558
0.004326077680884862,-0.02945741101041154
0.008076443383281772,-0.02119791786031124
0.03036737955103596,0.05625064990497748
0.026445012307298378,0.09744945241752469
0.03602502019675363,-0.0015992171526528695
0.02165597400166432,0.12812775055348702
0.008885455679408573,-0.058143070245058714
-0.05427430268775302,0.0008766211746906744
-0.042361769317499826,0.10475675598056716
-0.03938155720358861,0.05110540940823353
0.026330169230295575,0.018844921095261858
0.0178491734875144,-0.02045736381543825
-0.01718451852790101,0.03970639545689389
-0.017643814365659028,-0.002875094878773153
0.03285785247421555,0.02510617039439752
0.07451148601952733,0.051163571214840345
0.02849989266199648,0.028666642367303468
-0.05092076657905985,0.022951137969152966
-0.008883445846654535,0.0137037569408422
0.05210609085132131,0.06589622128843631
0.033832898018850005,0.028173850904396953
-0.006431350153877514,0.03809927489277988
-0.0018504846307309426,-0.02257902103067788
0.10122952041533398,0.12732178793398258
-0.027352813930781622,0.008572869183378538
-0.053920719793081176,-0.030252693605534522
-0.0439640784663639,0.06366644391141765
0.03896402426627299,-0.058811865107556816
0.07363632923880088,0.10688668657942173
0.008406161734692861,0.0956903557381352
0.05012295735945675,0.025457061769321755
0.0044049916143723885,0.058177285455680544
0.019393908174461467,0.07055430288653561
0.02229498626212523,0.02072584675516652
0.030774645583261574,-0.013528779504793236
0.09808328902781777,0.15404333899036407
0.054210025978605934,-0.05716393768282923
0.06604360600192663,0.009629188117044978
-0.019154742083055436,0.1241941571939391
0.06743442206591865,0.013619016354076217
0.006189444072336351,0.017948775853786108
0.07084976950526137,0.045696000006745105
-0.009242431132589744,0.061511102301889706
0.005147123272581369,-0.03381395636496866
-0.1247327468847948,-0.03485501323308219
-0.06265847698199996,0.00027295263647791543
0.04096342309750987,-0.028507381816316364
-0.044645399099392594,0.01556194959845041
-0.005533623598551862,0.05847046465907452
-0.0371243938231538,0.038249728368051905
0.04248781333898291,-0.02299298711101353
0.07544499292967713,-0.03404640746930128
-0.009587211234478313,0.026017252312158047
0.11268502713628652,-0.046446603487797056
0.0681063373481483,-0.026141069802171894
-0.007872167857440607,-0.04099711103717589
0.0003277103936810584,0.0762817640526203
0.10689060409024073,-0.03565408143195141
0.02467593364266941,0.012898825543985488
0.024024329288857997,0.07634062602626272
-0.014780594948272847,-0.02681495559374519
0.14108647448942702,-0.006468642431425753
0.12575421914862928,-0.013306791399738314
-0.02468155129796787,0.008428584314139835
0.0035611509375199184,-0.038842037793140494
-0.06014028698275675,0.07185006350942463
0.016031243768217813,0.05746181294966514
-0.022779665035299646,0.0015333641082248793
0.02336136376885262,0.014967421586087578
0.05303147855404736,-0.12194764963953719
0.017267870389621534,0.01853308596811064
0.035703171887068424,0.043548544766684516
-0.001796465037231739,0.03847669982791926
-0.08375734486182385,-0.022288018947955675
-0.004689019768810903,0.03907733216199211
-0.0016090353646269102,0.07330632823169157
0.13691897131055156,0.09062202279170986
0.08492393881391327,0.017606444653693244
0.018928588033243862,0.024067443934562872
0.0318749942127774,-0.01008829644583285
0.05545828944519185,-0.06087385906475033
0.0463004646145069,-0.1284715527535407
0.019063382570845448,0.012080577706702435
-0.03908857285250517,0.10028542030387372
0.07097717979425024,0.0007121926714278963
-0.008195129922771747,-0.024933950416320835
-0.03864009552835792,0.04895797511754998
0.031213644154278165,0.07473411975073807
0.11348004414793442,-0.008838858259539738
-0.053787204878901734,-0.017739435604137627
0.001701183867164946,-0.11120239716207952
-0.021894155600379325,0.0047556283788442975
0.027598380858027953,-0.012705157170885207
0.006765007219997518,-0.08864543258902341
0.0013648890287290064,-0.04934814263725271
-0.04557194339781109,0.011603091059006573
-0.020968081358186893,0.06020282006441775
-0.02593252465685166,0.07583912211794283
0.09602291014745759,-0.02546755150860676
0.009722961022948132,-0.020630457489981473
-0.014584419431882205,0.02805590007561701
-0.09878866632115516,0.008164267804849006
-0.001821428258947863,0.04037984816438589
0.0733721841511025,0.07362727094534109
0.04550020588370115,0.10840647657036441
0.024811957913317174,-0.03692062423228529
0.011303716060594878,0.014672432386676615
0.018687613282763547,0.05656966003346245
0.03617406328264554,0.03328158230655525
0.009349081531962542,0.00689846034696787
0.0022067041813694163,-0.03601410592883883
0.038771305830751474,0.00532577923650354
0.02067525511766674,0.0033257671987907914
-0.02183679347685785,0.03476506482773305
0.08454204093102402,-0.03699685928203681
0.09276420363866007,0.04144356735228126
-0.09344604271682543,-0.09524395380374434
0.0734067043292993,0.054789191493573135
-0.050672491188050214,-0.11836702869315185
-0.004298810375082221,0.008327786686736265
0.024706934703964935,0.0373930395071662
-0.05805537317680311,0.002141379854244079
0.10017119678073802,0.02245623090710617
0.0029519897369487177,0.014434727900392907
0.0330884422824397,-0.04580859303158702
-0.044792225656629193,0.05572328521202648
-0.006127950430644503,-0.07586249464152747
0.0753595650762085,0.003489804529101982
0.02074386884531878,0.008421975345574222
-0.041403340543755565,-0.0317865628945187
-0.01949009490572063,-0.061826384389437654
-0.04515544756080467,-0.04468971590128767
-0.1012621499955217,0.06544301214896457
0.02253661800921692,-0.015084801044453195
-0.03046125379763287,0.03510548783646915
0.0044337955436037635,0.0489235888112108
0.04710545411256806,0.03652876703153011
-0.06807206940982821,-0.036546663466465665
0.12379147959123435,-0.02581863751055298
-0.061660486682388056,0.05099268810618212
0.05285198049161699,0.05247048432437157
-0.1010578302617142,-0.06930827993099797
0.09038229586844257,-0.019228672961314662
0.04849744162657994,-0.04263324008582958
-0.046677149366644334,-0.03208819545531284
0.00978614275192,-0.06991300333908021
0.02495924817214655,0.033373635665493465
0.03849769670625928,0.10602178912870469
0.04811725077481486,-0.03628302125158784
0.0957645005322305,-0.06723149439336418
-0.00558285298922032,-0.007926379351965204
0.043174708483124796,0.008994047031509552
0.0366311710739175,0.14307971960585394
0.02178323850994926,0.04171209482842913
-0.08491857058430227,0.002100151432736361
-0.05534387523490979,0.0183431678828451
0.054423323111229154,-0.040545464789132436
-0.002199290548257451,0.07533226814971665
-0.04598806472544632,0.0692850716905891
0.02703665429919054,-0.010469713228878848
0.04284255341538944,-0.03539751962532056
0.05875607817829224,0.008906562614507984
-0.035752506734049914,0.0099897164333019
-0.009263575879476436,-0.05305833683881415
-0.0470150620995081,-0.12201376372362677
-0.000791853948308068,-0.03236293657966451
0.04170387408805139,-0.011716589280182573
-0.018831270034069834,0.04120685046518902
0.0062070816971286314,-0.01643002254896044
-0.062276988396714264,0.029298537053476462
-0.009779683554818569,0.01796344587732777
0.052764947591730754,-0.05350242381292181
0.02598251418678127,-0.052453900533823955
0.03393114524535234,-0.04791109328462271
-0.05211640719174435,-0.002705218390848245
-0.1003399002590839,0.02564654551436057
-0.06149701076381882,0.0447688734230732
-0.09972328183799058,0.0497423818961998
0.06775995814015517,-0.059305091524191354
-0.016534169410631336,-0.05106925409482213
0.027450437523066053,0.013588855374849246
-0.06706005514024256,-0.0029127070713228956
0.02288036343993314,-0.013478045836589422
0.07490327587392451,-0.020085721643672852
0.01543134750072211,-0.005616070297264116
-0.033597861677044594,-0.023557022740617786
0.013153020746486967,0.05855221712170776
0.017636505081266282,0.013100035236047258
-0.009548475356825459,-0.10531307307878647
0.04946466741903278,0.07016719936145509
0.047128994176103056,-0.07916931635632557
-0.03791959997983917,-0.04772203731820997
0.057787183905164075,-0.06933399920214345
0.013772420736431805,-0.0035266285300648223
-0.03534945384653139,0.06354420263618141
-0.07422284126951982,0.015164393037909374
0.08289464221311196,0.06731767782482119
-0.009373462582926597,-0.04482696497990202
-0.044628533614851855,0.08737821676412638
-0.015629292638230822,-0.13235761697495552
-0.07354957698770101,-0.053246903013656914
0.03679530749938943,-0.014580548587328882
0.051261724691176964,-0.006027834362052292
-0.08463028880203258,0.0170391346811688
0.023566181036563813,-0.03938735659452247
-0.10266737900262349,-0.0887292316430067
0.04941295920818588,0.004379285601954939
-0.023436129313074837,-0.04763825918415362
-0.021926620832516168,0.03251870742603427
-0.11450865237007568,-0.024056480248935985
-0.03852264839229492,-0.0699378090795549
-0.11645355285131354,0.027719614455523185
-0.03173425979861799,0.065593475980168
-0.010693997962139264,-0.019290435170517317
-0.04847557706336215,0.015192738937562855
-0.0472882939192311,0.005927271409128937
0.050839171229378866,0.038157911462345206
-0.04630130092976344,0.020637041839876684
-0.05800751726508599,0.06880337634778955
0.03579141026552814,-0.007072365232838044
0.00024785855945342466,-0.06458959930399806
0.013224951896451452,-0.010703866591570457
0.05197734050650309,0.023976292246166632
0.021344787398902266,-0.030106556505559184
-0.08650983247823238,-0.08243949025171227
-0.0018812337825596763,-0.07837883009010109
-0.12060056619305738,0.005523708693384834
-0.07545634784626781,-0.07925289521875357
0.029658040517534436,-0.06006222539316583
-0.0015716638246005329,0.01282772812074566
0.052750186107842066,-0.0013186274132977738
-0.11268116879586382,-0.002178825899521928
0.02111433796554024,-0.04063319934647548
-0.10532977016678202,0.12597889066518414
0.08396927250374935,-0.0533793281923505
-0.05620340325897753,-0.037323959643528415
-0.07069224454078357,-0.0967634978186356
0.03475469520557828,-0.04533401757591017
-0.052216014947282896,-0.06964193958982855
-0.044350069537964165,-0.012979665078132016
-0.046375541372329396,0.052946800043741506
-0.021113735795589405,-0.11152442838342831
-0.031443360403817004,-0.05394590415438522
0.039399134813189365,-0.06448911588116422
0.04156382078719058,-0.12824974373914738
0.02190386307851606,-0.0358990140105353
-0.1322075857216708,0.029216828200459344
0.1055173713326594,-0.006252165271095362
-0.0799369051898273,-0.06407829295653276
-0.015906488588190933,0.03406105048975053
0.009478260801027316,-0.0656189576268762
0.012031888114856122,-0.043374243127568254
-0.06513352917478261,0.0020386708823781977
0.051316045626464246,-0.005204557411301299
-0.029505920492575385,-0.08014581949686508
-0.0009271141303711442,0.0015614541621712871
-0.04419886407693843,-0.015384570137332057
-0.14083031677827368,0.0028305531120522733
0.04404278206675294,-0.05744619192575687
-0.05611486571625811,-0.03683966073733234
-0.016096859420868012,-0.030063000625071442
0.030262174313751136,0.029158190687989406
0.015512250214961294,0.0027576529769209393
-0.07923191294364267,-0.04340583588928154
-0.014032829701816773,0.08186903342011298
-0.058092281436979726,-0.024425807185273138
0.05252077271184023,-0.05679499374545924
-0.13022949460109512,-0.029199169642495713
-0.061009415847685655,0.029258295263300333
0.09408116659048318,0.0430310929806919
-0.08612632469504614,-0.07906578947776169
-0.0739225884733917,-0.0580381062596
-0.05557213293165424,-0.013268526512709825
-0.09546925026346074,-0.026967081290944488
-0.09038106029030203,-0.01893851814255376
-0.048325047806644275,-0.07883557642144776
0.03777517929453069,-0.024501425309671622
-0.05162319757275788,0.006872628160943382
-0.019446323187879068,0.005337187113693347
-0.0028786641685478523,0.023391514472594025
0.029583191584032373,0.06957741688305563
-0.03328637629864091,-0.01168217966405772
0.0574208424710595,0.02856615595362844
-0.001336361504634044,0.002063442032851283
-0.015022772332504805,-0.05855721279791795
0.003844319737434671,-0.021473642101330168
-0.10330881072900784,-0.03435530813717997
-0.03897704634155025,0.0016806549479238438
-0.018315423339604685,-0.11941478382559818
-0.021655055670529708,0.022506415580459276
-0.038658483264857074,-0.057567292536767595
-0.20669390329568524,-0.07012906855559174
-0.018515052177921806,-0.042254271877949875
-0.006585249757320168,0.003913039515532832
-0.14224443574665097,-0.04699979252630035
-0.006012832403813883,-0.006733574713558
-0.03680102709125341,-0.008996610817812625
-0.09381031255537078,-0.0255769456759325
-0.03737104761702646,-0.0335688934793911
0.00774520305068413,-0.08370925285157504
-0.005782395170249251,-0.1295146043633538
-0.0834545580460915,-0.07473127012342656
-0.011011989352385784,-0.10698855460902951
0.05531460714558976,0.008947977783400576
0.05965728394724805,-0.03759249123827172
0.11106485620340209,-0.024974789905732625
0.028834715354856932,-0.013743507764358967
0.03226110597970356,-0.08890429475827513
-0.031747728873181585,-0.08403731015023423
-0.05089398936500446,-0.022364872900994606
0.06068156560476594,-0.05723688472275447
-0.08629116124417777,0.021672574405975358
-0.024771249365098905,-0.07001646788556384
-0.08580230002854139,-0.06339991332856293
-0.06020805070419726,0.05498797143300012
-0.10147696420384662,-0.024000479962594766
-0.04653437537739184,-0.012095446862355908
-0.01783011136042721,0.04011953164040097
0.025142438549028368,-0.017783025919026307
-0.002195212989809023,0.00832116762016924
-0.09156021305982028,-0.015035696326935766
0.02228020608826164,-0.025408904518499746
-0.09253928935651996,0.030421642438039295
-0.0211479728602574,0.025182364104408286
0.0723600059399595,-0.057830925456444526
0.0808488208787492,-0.07698933176767102
0.0388116252571825,-0.10157589321604957
-0.029928026543733582,0.01359145277684663
0.09076923890595631,-0.01618935790597506
0.048959143132198304,-0.09184693157985523
0.011297063344672391,0.0017586462496014983
-0.04555657526030044,-0.03837509502254315
-0.005094853543054803,-0.05260152256742758
-0.033588882321091904,-0.0008516264474686449
-0.07289140504191632,-0.015344470189273086
0.016556427409288185,-0.05898797261105274
-0.03048411084056363,-0.04964620773304055
-0.045498578233257446,-0.0034811306595655487
0.011328010197900975,-0.07838334415499867
0.07252213089562941,0.013843353725616788
-0.07807287756084744,-0.08873474543690256
0.02645393821705235,-0.08211403782254081
-0.0018955136683718836,-0.05624676677112843
0.07158857097659835,0.05012188617956098
-0.028017887893592816,0.028194787122202317
0.09013516941587513,-0.076037625856184
-0.07381055332764266,-0.031841125027021466
-0.02078277543460752,0.0022772468023546013
-0.1381136967250966,-0.08011947905423071
0.004754631037693135,-0.007741383370506285
-0.027469970041704955,-0.0019698379468126815
-0.06594347199049547,0.04457926043785307
-0.053857015624471545,-0.03128628071661297
-0.04506485247258846,-0.006894748345830138
0.003934368587770163,0.016536609095374084
0.02605982287282483,-0.04076867203423884
0.004058169767738353,-0.00019815789703570702
0.019956002599817158,0.00476824357378964
0.05217814490248657,0.012931747207724135
-0.04846461271909529,-0.013785360272372925
0.04154956991421441,-0.00905743762562745
-0.03399877846153452,0.06737881420429784
-0.09713461098294769,-0.0422107816006186
-0.015289355107317808,-0.008113959270286698
0.03432540352511296,0.048847444605484736
0.032514112176720206,0.025395633555604136
0.012727989904272688,-0.0005776343169624611
-0.04825158158263743,-0.041406309294462734
0.031758159038377795,0.007732263857646468
0.005331697271235935,-0.03221023135431464
0.033084161580326885,0.011455196938450636
0.03358950011715586,0.012093235364821868
-0.08407137022244865,0.061877905045969066
0.07955566056600671,0.03972051930977552
0.01620109915963674,-0.01066076478931581
-0.029159749902877282,0.0017783434189747808
-0.002104799869076578,-0.0104109182245594
-0.060179060611338174,0.021751932905791395
0.017907757172164217,-0.08922224877994861
-0.024853213594933157,-0.08086953016858112
0.0063060391083644045,0.01796794754116248
0.030180229794609947,-0.0005091758164403899
-0.0662180431143474,0.022592590295298597
0.11754427382310983,0.03222844324355938
0.054955029019687865,0.04475095867272215
0.045424950593828395,0.01859159199553065
-0.013840205647245233,0.02246590455427131
0.030592362821450912,0.0087899763744593
-0.031581317352482804,-0.0015857125059478006
-0.014771887720596134,-0.030486772820613676
0.048465536360686505,-0.0033691184384669944
-0.00781153840799402,-0.026025702839610268
-0.015786599310223713,0.03371567848250508
0.0379458978237981,-0.005798310279479033
0.06417737019560917,-0.058171611494160176
0.0688366410225546,0.0006495644383244905
0.048262339387996255,0.010753873783532921
0.05507771371331317,0.03207903854040342
0.009625927351022717,-0.024380178654353078
-0.0307492995750431,0.0411016345722158
-0.0038404450584754255,0.07611570714953882
0.005542523089822678,0.01300204786747097
-0.07515256561938682,0.006402200227132682
0.006900738652607484,-0.03728420531583636
0.026155193363470913,0.034397448165125244
-0.01202658355903958,0.10033217155432649
0.0056520579235139696,-0.037901636198904444
0.003786174650501921,-0.009829262469478088
0.009245644911606704,0.03392915600254136
-0.013413271048538655,0.0019174826494384699
0.040339754205250766,0.056384969960167806
0.062425903931012786,0.023506240400837996
-0.08696053697252734,0.08234100305618842
0.03223625005045515,-0.000591863224411052
0.0027716688974547023,0.09042641492057236
0.012656010211856073,-0.01794553633922214
-0.017330606693554684,-0.06485838390593267
0.0570168840926693,-0.0030240303951688755
-0.0186878017630882,0.0010204786424105935
0.04671745595008086,0.0808200042432125
0.03788278211669424,0.03161728309187398
0.04877608428880613,0.01919803108714609
0.002389887288825516,0.09507151699288097
-0.025924584421951846,0.0043990005686841555
0.055407790326851315,0.13017583674088787
0.03511011411604074,0.020736612520336376
0.08292562097889918,0.050003714832409826
-0.012107897354584802,-0.020920588227807707
0.035928993594892225,-0.1163773248341094
-0.018904117563543116,-0.044726743332500485
-0.03642318172802819,0.039717377979573316
0.015837876395674636,-0.10805105868787127
-0.04855918054142386,-0.015207457234345013
0.02581362025721133,0.015536072232731266
-0.032759250672091275,0.07364262412394951
0.0007783003144322467,-0.022083850900386295
-0.021524975095828645,-0.020252425072345828
-0.03479073698420651,0.0825820176406839
0.01677982277830803,0.0703925509454853
-0.0880048547057983,0.031029217414322206
-0.0034109284257723554,-0.029972988240335164
-0.011606683956547008,0.04157833601945954
-0.049192062448492516,0.03338315192487618
0.0999669204752209,0.05724510603425684
0.01009884202806443,0.09107492293148528
-0.06868180807130492,0.07889905473021575
0.042678011698847954,0.049090764399691046
0.015633679932863964,0.09039801568697402
-0.0078028905501834125,-0.03374184357971175
0.0643992056352069,-0.02900946184284489
0.07612970341246006,0.13825933253663145
0.026575368586803868,0.10688893934905833
0.061464578388623944,-0.019110157974217338
-0.006340213715713177,-0.09692919011606961
0.026228047812284286,0.0580104760779389
-0.04853219439800749,0.012814187790031345
0.0016235047347223468,0.042013320400336354
-0.06935476576492525,0.03466847458166327
0.0378338342049835,0.060748409124857156
0.03745562894239884,0.1476503800096636
-0.003081625521287115,0.008933464348904921
0.11470465288058794,0.05343508546616249
0.0439953028715941,0.00330900901248744
0.06134189423911554,-0.016943388746848767
-0.0685802318540657,0.05061952603580332
0.06242122774255329,0.0870180301193324
-0.009125652297132796,0.05574967143997265
-0.044198543420825666,0.08630622575811109
0.011616771498341158,-0.09554400478961017
-0.016139795486421665,0.08315482509349506
0.0069812144974200005,0.04369312294152352
-0.06068039278508374,0.07996293857352879
0.04776877527254631,0.04196346803753888
-0.004320225472257463,0.026067012344103833
0.03476081431415699,0.033555430050600174
0.015806321289110296,-0.028355503411940257
0.009384264128264104,0.0017760507586682614
0.06803657937354862,0.008270846803938121
0.03304981055081,0.10837289234664194
0.008173515115844791,-0.043438774479118536
-0.02433651410471691,-0.016656823671829597
-0.015569677365045675,-0.04551048893404816
-0.01604381940864354,-0.01616823033826274
-0.054066006474097324,-0.001329452421438164
-0.027071558169116,0.03771590876799981
0.03566176763418745,0.002269403018542771
0.0964932485683509,-0.050616942027636266
-0.012666375049219403,-0.006375153820042577
0.026026677994388563,0.06892355071056123
-0.030940056312930186,-0.013722827424911526
0.04102371463521065,0.039244236517897116
-0.046678902573480466,0.05854982958582465
0.013228122289641816,0.04378216308255305
0.08257750398921616,0.04755328000035236
-0.015591834273528258,0.0417179983490453
-0.03477128964696194,-0.03670177212057135
0.023665227746844264,0.06175917165855445
-0.08806744879879011,-0.020648495298615767
-0.12047848619156004,0.011391774369113167
0.002754821069203297,-0.12154570279383727
0.03753610236590843,0.007989129009184383
0.005808067388113371,-0.029798000067061587
0.012927766954444192,0.017858369427667137
-0.010125892736302336,-0.047134452515427694
-0.007834965689776447,0.028164298818116586
-0.05492577451684323,-0.02851535689988111
0.008662467544229018,0.0411815260467545
0.01797286453192624,-0.03078499318160095
-0.006509108592532075,-0.034236558646086886
0.0949060113290709,-0.033307966938950974
0.07536372239768557,-0.016507371551923975
0.04599090800834919,0.1364357191423351
0.020389577626218694,0.037469157073415166
0.10993233232301977,0.026332378068091588
0.026188345991663663,0.033096213374379346
-0.0436268760588189,0.07905083791882621
0.0018755691861544032,0.05979437900648703
-0.08802000014228886,-0.021442888467091484
0.032950682945169195,-0.07098982010798142
0.016646616731962792,0.07916913096481462
-0.01902493442695892,-0.03883268558715454
0.04715100174483307,0.027658484771346286
0.09170623274842353,-0.01065715267155506
0.010811404744023385,-0.02462275860034437
-0.029670803554889196,-0.021748689403567636
0.003316998891274134,0.10501097357841395
0.023004100964843364,0.014204294575763743
0.03661416818572041,0.0831996891433936
0.007131260579680772,-0.033012122924400776
0.07561778531379659,-0.0007399277337677476
0.043866805076818303,-0.0681801047554337
0.010882260199478988,0.007631285736925194
0.056564013926549674,0.07805102286380095
-0.018124418847863505,-0.028592918874113554
0.018720115661693782,-0.013044933063183465
0.03902197510178702,0.036303365186203945
0.030827759819573537,0.021140655550843296
0.03301988877564067,0.015637704897516518
-0.04937159881855875,0.039803355685622266
-0.04438006728364679,0.02765928824307764
0.036805019627476225,-0.06086347957977689
0.0008469643985112487,0.028043315288930747
0.06851216808405718,0.055004470099986484
-8.94634698051476e-05,0.02866941400986823
-0.0137686056481371,0.06366669173894185
0.020464406597919073,0.0331613038427586
0.0013143379920696275,0.022532009175403732
-0.018313909820602204,-0.03641220770079494
0.07196348329777182,-0.02863987603293833
-0.012077222711989646,0.03453432608272118
0.04638637856031278,-0.057491018908344675
0.042706583845000944,0.030604366779360105
-0.046008061930989816,-0.06369495332908784
0.020254091222293026,-0.015625190694133213
0.004801988776882194,-0.050618638119313095
-0.04863787377051811,-0.04483158652260267
0.03684316687250166,-0.04684869531746316
0.012639923800494543,0.08136463118183879
-0.029645455605661893,0.10711357386988649
0.011791407252067145,0.05153290324722047
0.018788250383352585,0.03835163913753708
-0.04627995860335957,-0.028462889102371342
-0.028514601602776725,0.03477722037388985
-0.01040022018716205,-0.011513469629345404
0.0761462644381187,0.1257803858379663
-0.04131155793445351,-0.05532685944157736
-0.0036909010635035574,0.06123933599948388
0.044772042148098184,0.002326052670068852
0.011406811417564493,-0.0008095996586857473
0.06883212034685225,0.04121256270595073
0.0396566213841601,0.045004713316521255
-0.017139586132822154,-0.007942885755736769
-0.07261980758673055,0.005243308946606514
0.047553988180918765,0.047424979688189525
-0.013124791231404968,0.0323133026500863
0.036760625378977306,-0.014389641209661878
0.025227236782633337,-0.04680095852925969
0.03794014725785486,0.024752999216380602
-0.04194615253079774,0.05250037746082209
-0.025037023207817515,0.08056907559253566
-0.027956836334399097,0.011617832385604755
-0.03432975914918849,0.028326294583406218
-0.042988412191303574,0.030129583468430993
-0.006809529794890764,0.11108210600140826
-0.031483323544630404,-0.05835678816057767
0.012295057592460083,-0.0681101285860654
-0.07188425049909664,0.06039007501109805
-0.009189976398762463,0.0184556165761247
-0.1206950866735449,0.05424211029389236
0.013868390336264007,0.013419204345202208
-0.027034574790238623,0.015424551446861343
-0.033248275229016265,0.01668111416164264
0.057597938215623416,0.06427864474129297
-0.05115597338564156,-0.07139553714319376
0.06940318961304283,-0.030654255256957075
0.05175049264229757,-0.03873967676174693
0.03240121456265655,-0.059603100165784795
0.09540886396854605,-0.009340766363849118
-0.041213242138703345,-0.04136409500160008
0.03267046817004471,-0.016313924039145812
-0.013690613766361201,0.013913223001895323
-0.03752508955514492,0.005782474277887832
-0.017010928158208455,-0.09161508806978355
-0.009722811264372107,0.04305261736110627
0.03293614866839595,-0.0019385611325389105
-0.06560407626814162,0.06833020787068247
-0.08215007361986995,0.03607726647050169
0.03955238358184846,-0.04010925518354409
-0.08559402646821691,0.0731811241489848
-0.051497317376018314,0.038705384583741564
0.026891045584907847,-0.09114309387114937
-0.06019828526086196,-0.04271026386803803
-0.04066416106967298,-0.007459212682476464
0.10734210260091041,-0.024735717925017147
0.014586555086841577,-0.01184888681274136
-0.009912471916214399,0.03448800172490965
-0.01683063110314736,-0.0787957393739258
-0.014937311145727782,-0.04424268586480984
-0.04345620209093577,-0.04192886392457665
0.0807701646235084,-0.025794274867032136
-0.01676600859585159,0.015009832177705166
0.0017222853329365018,-0.11079144208689508
-0.06315947101329521,-0.10947649250475822
-0.005597547166958873,-0.016949129075490444
0.05268738222056013,-0.04677957637093866
0.02058472171022465,0.05953602548584782
-0.06132292749035939,0.01127274125591237
0.019453678609177537,-0.02053176267621035
-0.043119053488225395,-0.0766814398599862
-0.02118526068082079,-0.040574374653981074
-0.005692700614606947,0.037443222175828336
-0.09135658521056764,-0.11681916618645424
-0.09274242480937114,0.026025665911101302
0.010200293561433982,-0.09502986021921855
-0.011598880989928513,0.08919338169619881
-0.06091843459908864,-0.0442038068695094
-0.01373793462766576,-0.02150477796454355
0.031591301613159956,-0.021447686255214482
-0.008196197738070335,-0.032307054538092614
-0.06681536432357575,-0.032655754776853285
-0.05688731700185164,-0.047372053859230254
-0.027265931251505796,0.01732971677785944
-0.06272920539212892,0.025886877554005164
-0.05493955502728545,0.08091887461062085
-0.06205169414842081,-0.00574762695977064
-0.08385911172591819,0.013389261836352903
-0.04002847424393362,-0.11783476351309498
-0.06885313453053485,0.04547230351538945
0.0013345218053724753,-0.038005146160900505
0.027158740834006597,0.037505749742485786
-0.01327073765663861,-0.09085575950504571
0.025240749152353605,-0.07662265070606784
0.014398742755801934,-0.06522096245809196
-0.0539140636705091,-0.005763720566766287
0.026413649744965902,-0.002927049552574352
0.008602479601468874,-0.06525106235005458
-0.021617266632177445,-0.10510432844758241
-0.03324975032613527,0.04935880427927389
-0.09049806658194155,0.005830165822876945
0.027591765250611862,-0.03938024701762315
-0.06040576698565265,-0.04725387261649955
-0.03476346720592163,-0.015555627717536448
-0.054543746551586,0.1140428337202469
0.07405087984316788,-0.06315168258707017
0.01724040039548074,0.008953496907094492
-0.0514796706350896,-0.019147423606467914
-0.03141492632236699,-0.06301125883585726
-0.03622061638505347,-0.05305926783974811
-0.007147667877197337,-0.08839358402069217
0.014843378955702126,0.016152766298214438
-0.0034715261203262793,-0.013748905786881968
-0.020611959276054827,-0.03538739204739043
-0.05237319341663306,-0.006823556508863581
-0.08185710244681074,0.001728283140571038
-0.05240005674720094,-0.0679736634047335
-0.06842727897683248,-0.0004615167515494602
0.003979840873957852,-0.034823855912089814
-0.08263385064359588,-0.1469610027651341
-0.06666523846934694,0.02408776723728657
0.005855389741175051,-0.09969525811568287
-0.010577405220805608,0.06442066697203476
-0.05872546217461837,0.034143722040897606
-0.02553057395803126,-0.0271729965900827
-0.0013625147111825213,-0.07475573454614623
-0.13933049351396154,0.0002686974228925561
-0.008981152994645593,-0.037693555101901255
-0.07423852404593367,-0.06604960945563965
-0.0441960094322701,-0.05579250564711229
-0.036978147063702976,-0.11574628791240107
-0.0012589048911697612,0.009208248459727498
0.05405477601229069,0.025042208748446364
0.02390651212723837,0.019393814493883353
0.022382010792162673,-0.1252607332821821
-0.09738195682631455,-0.0071913451346335994
-0.019090752451256573,-0.03887498364833916
-0.018625484816619176,-0.023171768812817427
0.09599355676448085,-0.06129056956156721
0.06897020011185075,0.02864713219323656
-0.04031182309590613,-0.08717673051811806
0.01653074070850439,0.04243762079075567
0.0010951037640523215,0.008423904825196091
-0.07593689926382306,-0.08556312536112513
-0.014921501357705588,-0.0640735007086837
-0.055685542469479286,-0.018637965168897007
-0.0027694076537207145,0.023263066692862523
-0.02172498147095862,-0.01989985942587326
-0.04901860571415373,-0.07159046165797071
-0.07884376195059492,0.01235603240389711
0.047926463154328865,-0.049536822027698345
-0.1290471561929986,-0.07649023824902514
-0.08188564479674351,0.12465430098650662
-0.04966732251051189,-0.01920198532294544
-0.025113379119420742,0.007057419862723156
-0.000755931357735079,-0.0347063555496755
-0.07143426706231909,0.01058935697979314
-0.023310179306532352,0.03220379715717677
0.07251190438237849,0.003971583636991008
0.009861240035849306,-0.03650934501588561
0.017608459628809463,-0.011760417831462686
0.032454800111602,-0.0041896990987431645
-0.13714895588899104,-0.07351974390902039
-0.006094742772819784,-0.036476102610377044
0.013864050603604825,-0.03444228502879523
-0.006201418291268878,0.08128945440944596
0.03829506223486351,-0.05867754743852642
0.007375064847891938,0.06022768113568896
-0.0393859286129596,0.03269307135418562
0.048594727779057906,-0.03273205116877247
0.05706683622350492,0.07125148770259686
-0.044504083565094624,-0.015060507104690769
0.061533745566361764,-0.04379306919007919
0.04822446097615806,-0.023659238184077485
0.0957170988877635,-0.015200515067435985
-0.021901171064292513,-0.012440397214465567
0.0064688578751507415,-0.027915159773120413
-0.042901687036175154,-0.04431547603919453
0.027343492586058157,0.00989129494703116
-0.07675242860430108,-0.04706243908922572
0.02196809826388365,0.0260097889511682
-0.038826472257953104,0.007581626934444908
0.026693972568438164,-0.03578781960190426
0.06131903045488633,0.08370466666749207
-0.02849811703948925,-0.05300193800978219
0.062058332259350535,-0.018305846469294635
-0.15561560496823665,0.025105044643749602
-0.044279231047948356,0.02695364809091363
-0.023863817563371418,-0.12168080747093044
0.03787605516067311,-0.017081989452284042
0.004342853564973648,-0.08470168409713631
-0.002964708621708528,0.057493399767220926
-0.016507691750566284,0.00024882833432232285
0.014042468322936853,-0.009766002923253298
0.06848615298134779,-0.028121962180501062
0.015485009362751415,-0.022626114565541956
-0.119182978434379,0.05248461146063948
-0.07753387774023059,-0.1202851784187938
-0.0006477026675682082,-0.10277640670606612
-0.04941366115748273,-0.018589286436629954
-0.05750317332942795,0.005851539002289173
-0.009613712463230537,0.013230133637868392
0.024964860925810545,-0.02239265948030257
0.05323256898326233,0.07405007707683238
0.014327420096376584,0.05592197862348245
-0.016244876394590258,0.003152082030925124
-0.024794863427278633,-0.14281065388809192
-0.04042200538911437,-0.025954889001763497
-0.022381890920069293,0.01628630122092048
-0.06225867357070038,0.009223376014605635
-0.023946593706274454,-0.13145262230134164
-0.013399994322313775,0.0707288383774469
0.021076843267238257,0.022540101192138416
-0.15014396402200814,-0.05788748873046116
-0.007826196612632138,-0.0481943321076231
0.09008344011111691,-0.02212284720402897
0.00012122366014246343,-0.03243007175823016
-0.00603320430786197,-0.037434304408281695
-0.0038180379353801573,0.014578470863276348
-0.00949655780288548,0.11922865429798976
0.06352207449183842,-0.003621130953410973
0.03292844593449561,0.02618879449855279
0.003448654762322038,-0.012916547993635338
0.040381653981572396,0.03169597675926753
-0.07272373317278934,-0.027850809681598122
-0.07031956894882467,0.004515165479200814
0.058170333584019525,0.07340292107506477
-0.061379582111570914,0.07178902958564393
0.050044560306804535,0.09746578403694287
-0.016949983549124747,0.006535533646986096
0.002443820832641717,0.019676590476131784
0.02705940635181491,-0.02980337460493322
0.002776205798302209,-0.09583707990812838
0.03727193777634411,-0.002053961139313735
-0.01543367003564109,0.02984075271351577
-0.09631893535030828,0.05560418224027959
0.06971018465436059,0.004442280806667244
-0.0141224013072593,0.03990165405318261
0.0958085161182229,-0.003957676975388728
0.013145110978636323,-0.05098385025128163
0.057148974743570655,0.006367545632266861
-0.047378116225796,-0.012269241514407668
0.0702525084895442,0.02163643261451162
0.04715900110680642,-0.04613973275500642
0.05418142040537813,0.09054248224171405
-0.001086528467974671,-0.062489427505671845
-0.013037607944813298,-0.028590190608351912
0.026727071471774055,-0.026509564653925597
0.06858979325365835,0.0213234767908854
0.013848005240052657,-0.0448217386991431
0.08892674209719324,-0.03797175558842793
0.07223216646675315,0.04000484163747703
0.02115939999892396,0.06849197171047572
-0.010350684431852587,-0.007888525556502837
0.08034078856138925,-0.015496183042943971
0.021738247925285212,-0.07496873285362815
-0.024829658996739713,-0.01976043576522336
-0.00252387045033998,-0.00861317624676664
0.06984397759939634,0.00586616255587129
-0.002356006070128286,-0.07604897670106012
0.01853169883612728,-0.04918035900723711
0.0016464804338841062,0.04000071914435392
0.018397877501646048,0.015995246837341548
0.0161743315750168,0.01911382922558484
0.014691275071569317,0.008924110204729557
-0.06003911549867391,0.05276216331422781
0.009473803465938083,-0.0530912419856257
-0.0017516348689709128,0.021797833424072804
0.006435105228174479,0.029166418594931715
0.022658713288762424,0.04628393774846586
-0.008614914662283611,0.051871832644275424
0.11524225466291758,-0.08539282603953677
0.0011927110531179917,0.04679879326667705
0.04765285278165613,-0.0035424500002193167
0.07486332646955011,-0.02606593180293687
0.03268637265183427,-0.00265510877213318
-0.06566543427372307,-0.025278068599385077
-0.021893601634876303,-0.0804367018182075
0.09147222969419028,0.031999880836928445
-0.014693049392066001,-0.0013121450285446257
-0.00780128517713518,-0.018801538704932036
-0.03695349659779272,0.05429439203975535
0.0032710162333901525,0.08084517746129147
0.022844221050386783,0.11667060138909124
0.019842102555564452,-0.06451592298566125
0.1554385203591972,-0.032189441018539225
-0.01837497394061977,-0.06814593057500512
0.06230205958870591,0.04824954418145615
-0.025663001228541107,0.04828529582822224
-0.002086629040605404,0.11905503099806326
0.01952120971427806,-0.0645339380682335
-0.05926783940558475,0.04154851788709456
0.02756164246172116,-0.04575156932414734
0.005388711630585727,0.08543740923938392
0.04901191931568962,-0.022745940082714737
0.013416741037212791,-0.05482970157460776
0.047637031680326125,-0.06486456402745451
0.02017484792440005,-0.031189021688877192
0.06547185742668404,-0.02810728315466653
0.008346141500817727,0.07958090740091875
0.03270091020599306,0.06499795713640591
0.05986876049528085,0.05969690933695827
0.032624753082693886,0.040739781093992
0.03634157148900548,0.03087935350119706
0.05792653179604265,0.045729601399277744
0.007292297053760548,-0.06725274901629277
0.08826247742690801,0.018678660703625543
0.059537918137279544,0.0384129612670083
0.060768113776123525,0.014358649938424044
0.09321060357696512,0.017832620558633765
-0.043453243586481574,0.011338493688476267
0.03555098126574581,0.10672588568923147
0.0008567200347064097,0.014935895836209094
0.03236441788347551,0.05715935444604126
0.016073729642936355,0.052381649255389906
0.03972810529827695,0.02478773996353711
-0.051002529629380906,0.034129929075631935
0.06044720073276942,0.04268688615484623
-0.06393317629292385,0.00912376987916569
0.053214666312529045,0.12795089218854902
-0.013942651108930802,-0.0023940121747101674
0.05523485642421404,-0.012731730311113187
0.061283832831248,-0.002533605646103325
0.07123278610165368,0.02969131061599549
0.0172522918366353,-0.02991061363663941
0.054222837967349696,0.005107528722675029
0.08228744643285837,-0.029600494056896614
-0.07137029822950287,-0.03758577529164041
0.1022048006239138,-0.028738019890877608
0.11925552529508952,0.047375518310696585
0.13926631191218683,0.017774898776766513
0.027027829082032002,0.03000697807095613
-0.044593973033880664,-0.07774447557324857
-0.023654896773215715,0.008380421577955564
-0.07114807039207252,-0.00864158399080166
0.07797053738534271,0.004095335249377757
0.037816729891666644,0.0607641202075254
0.01635840651338906,-0.0014811011171703761
0.03461611742661675,0.04813919054883119
-0.005939464871214887,0.07306699704718204
0.035007962800575235,-0.006963497183793809
0.0006287442382942494,0.030865283233134824
0.06055031705678733,-0.027935824787829005
0.06761153754112165,0.0075149580135292025
0.05595074384696688,0.08985395713065288
0.039815397044153364,0.005121928884077594
0.043342012477621344,-0.011971006124765069
0.0886993645636375,-0.02293243074106356
0.030150752672982815,-0.008509785689766437
0.056842797232392786,-0.03465086459502756
0.08099050383994064,0.0035150823801718863
0.0887352061168371,0.019807488251689136
0.0702192289788201,0.005251510231701187
-0.059534953012974734,0.09720390665440984
-0.0038168962659252403,-0.05416730144864847
0.057449076036868225,-0.009151814828473057
-0.004644138926741738,0.021728728539614803
-0.08986924490206175,0.059948547824117224
-0.026842141238901256,-0.004285206604871413
-0.08102929756996823,0.01814275125427993
0.009427943961391514,-0.053137861094975244
0.032747020628855754,0.09444882385273368
-0.02765843373987469,0.04184338555391014
0.036444033372227916,0.0234066448095155
-0.04134956741502577,0.010300025182271199
-0.008950902536763809,0.01312614477620793
0.005684062429823708,0.0373126204732799
0.004214707004282708,0.07001003794352845
0.005332652462168909,0.043214407376448875
0.018558666620623776,-0.011169059118234044
0.08861397992302157,0.004911321172905302
0.026113324284816043,-0.04718689918270355
-0.0031956036261247996,-0.04054205696314042
0.08690754072344854,-0.07776730446257626
-0.001027298613112397,0.02204621037556984
0.06390065885534132,0.03768955896506899
0.036877179853553294,0.037750420280193604
-0.0367325178249289,0.022095602369986693
0.05867859199065504,0.031847488185469355
-0.04905872587498262,0.015357821415970065
-0.03765894479987343,0.015576956081642217
-0.004896295212411814,-0.049004620440882336
-0.008313196767254257,0.01769182622162654
0.03471068229673538,0.11409478672618516
-0.010553166553596255,-0.0206383968075807
-0.03238290934779466,0.0047821346044818105
0.04201507734999729,0.025818430251239054
0.045251080803551794,-0.00144568771839723
0.008135783723036097,-0.008186127379770716
-0.010373426962330647,-0.0673765358123069
-0.009779988148426497,-0.04060442288967378
0.01741196849972421,0.07836138454979089
0.004192009066115398,0.0006578265217571733
0.022749659424695538,-0.06887407698369223
0.13317028984529838,-0.06489048812326298
0.06661733364258841,0.0636987251474992
-0.01367519268293204,-0.010325092172709213
-0.025284260016658094,-0.030395282152693215
0.015323550216447223,-0.04129010583087434
-0.02041765601849963,-0.013427011369341395
-0.04547619189913674,-0.0260876728756814
-0.08439207615667069,-0.0003344715074438966
-0.07814348050945856,-0.0033371167557032177
-0.06952965566298319,0.004045160451887943
0.050637047676573725,-0.0114306505827149
0.04246023092805009,0.003104318178362548
-0.0370467461301623,-0.011380288061676784
0.024532335125483112,-0.025761568435569766
-0.03705006710693922,-0.003611922950910692
-0.06919300194165076,0.005087132483079584
-0.05595363694295026,-0.07278259299118085
0.0054593419650789945,-0.009051352443448759
-0.033687278912103887,-0.009332695424710788
-0.0011204017754828414,-0.03718578575015569
0.04672397682162156,-0.07269651822990333
0.032609778917994596,-0.05627198609231603
-0.0075209902587608955,-0.06608358375237258
-0.09375480884176954,0.04230086014650039
-0.025869735128855747,0.02778137584047271
0.01471039269781462,0.026522593532854015
-0.005934545370151271,0.01634521900790744
0.0023605521758652804,0.029565731179007196
-0.0012369211083650747,0.06491783688900093
0.008330991458331953,-0.008486037264004879
-0.08621296493892289,-0.05416030148464819
0.0349617780353879,0.0151460098812462
0.04204912388737635,-0.05286745513463158
-0.10042144775015442,-0.0521463532552251
-0.07195645846330306,-0.05696249756302434
-0.028798030991187062,-0.01681985397962311
-0.03126607998206762,0.003908784858504088
-0.0054365504239580215,-0.06269891162390116
-0.012541893042752238,0.021660830660832322
0.05330608464990421,-0.004177489436282234
-0.05301104645429759,0.05485625367584958
0.03500944955842513,0.03670012106224126
-0.05065161654098137,-0.030476597964337576
-0.02477885444274873,-0.08366627504975727
-0.007460627828570137,-0.014799828386892706
-0.10978857631823777,0.04962220811757137
0.07043304677801576,0.006206593235258288
0.05107581650174685,0.035386755824318106
0.09523900845240225,-0.006742321142985567
-0.00566043720325763,-0.000675489457653269
0.0070106821929577495,0.03382629931485351
0.024668107944804285,-0.028451514535787314
-0.007971072244486836,-0.05382335214529416
0.03809303527603474,0.0880840733610379
-0.07162024207511024,-0.1088052783728768
0.0404995958342298,-0.0776055763358843
-0.07754616433728487,-0.046173109712664855
-0.12686326557462674,-0.02837731419675
-0.04544656819122088,0.0011267101435367063
0.008909682220960776,-0.010774084290071055
-0.021831921507724686,0.013636978766694494
-0.06442806532292675,-0.04420504035731749
0.0678496166425159,-0.0224943291903901
-0.001249620655298345,-0.008282508862870535
-0.011280237535867762,0.04434071716551283
0.009029834545747552,0.08961103928170507
-0.03065856292791786,-0.05148048382621854
0.013990772610946218,0.07875073379658543
0.07734990131804335,0.015225425434313544
0.009954275343462075,-0.1256494258267985
0.03176974514299817,0.032331603720614915
0.04271366827909413,0.03489657718586526
0.04090199476701442,-0.025267452419505752
-0.09337391269070633,-0.011891669514420134
0.017031745959484833,0.03669266675178302
0.02692271182822547,0.08145575122859579
0.028312712136375255,0.003264605259112874
-0.0015665745776613678,-0.022719473510756722
0.019434111477031554,-0.05491527720363096
-0.05161934229141473,0.03393516608174413
-0.01305565376217617,-0.008940977432223097
-0.02093164753289946,0.06357253224300373
0.05170967866464072,0.05688841229300313
0.05645943677693378,-0.03727985077518585
-0.009736411933919324,-0.009435761523730327
-0.024057894553397723,0.039042594936351566
-0.04450282321681737,-0.054319247743748786
0.02251472462080451,-0.04055942874405925
-0.055682436027927065,-0.013640902817562736
-0.06001640639175661,0.028290243294499074
-0.05513116571445582,-0.041307691951618736
-0.0013875402635669422,-0.05432625867960724
-0.09337554119700942,-0.055542226427680606
0.07549352252954875,-0.03290187087761094
0.04551627806688754,-0.015817657843497646
-0.09632396517256342,0.08140160859801412
0.03130625884068118,-0.05303296143249099
0.05733623908069641,0.022714965594746478
-0.025275093288812833,0.06842663049679545
0.05423825064120938,0.044346072268848694
-0.04550559317006396,0.004704971451922578
0.11127503990925837,-0.053211438471279
-0.040014603920936656,-0.054253172901914226
-0.08334321915659068,-0.0774008031744027
0.023899424363321455,-0.023879154636973123
-0.043726500957515416,-0.050891671755689774
0.009019060790711825,-0.021839808842547232
-0.056953889971575286,0.04024230587210223
-0.12137915148975859,-0.05323068567694029
-0.024253629943986697,-0.057792142668703805
-0.07145987645912509,-0.007388776248139356
-0.00223016932384797,0.029016069970027
0.0013380241350424288,0.025114044015940935
-0.03877645235688573,-0.06250214070427293
-0.0809784123758263,0.06251363398189039
-0.04677473902641768,-0.0794522350694963
-0.07081861778155409,0.05345495297787675
0.02349426028727132,-0.05499633447448147
-0.03230497857016318,0.01389566548092509
-0.05512876549738453,0.012236012026312193
-0.013080429929253415,-0.05263302050837327
-0.07861220810104413,-0.01180484734826014
0.09631166958691809,-0.02578083624671546
0.0073766800492776965,-0.0532380415530342
-0.026620468036946992,-0.018460643407927496
-0.03480372631661117,-0.022680270383674705
0.02905965842594637,-0.05656276963124
-0.0410792083720547,-0.12226168476686446
-0.06630117024225957,-0.06152429757669979
0.023217691102740762,-0.03365522567609303
-0.13773684594904395,-0.007965972973564685
-0.09711855943390502,-0.038211364553965996
-0.005491828631353191,-0.10417107302515213
-0.02509111440235334,-0.06742590338060231
-0.0015439338498230044,0.03638584565740621
-0.09127691837239013,-0.09141527238662978
0.010525466119965379,-0.04699181072063752
-0.02208064238920862,0.02691660453577023
0.013966664247986788,-0.06867387287187768
-0.06659606162348293,-0.010563741160162043
-0.051017861959805795,0.0006081174317632936
-0.12486470978757906,-0.027369141463099232
-0.00284755531842611,0.006530231937497719
-0.07855917012702851,-0.012058070869201534
-0.08978337160890393,0.0630832381324791
0.005157582397703916,-0.08638917609733308
0.002386239881828192,-0.0306836107561108
-0.065511647557174,0.030147059395373887
0.012626648759507572,0.02184929094055464
0.007483316943668189,-0.09915020049988184
0.07796309337238456,-0.0072882341097682095
-0.04173739382699778,-0.03831785562030726
-0.061351987067961716,-0.037370039629977106
0.03949281802109497,0.02648230515694555
-0.13929653927911406,-0.0398576142031377
-0.053406878525107046,0.025894949824077185
-0.008833470141693105,-0.04983251842347545
0.05683441924448765,-0.01638372554909182
-0.055775086519733195,0.05269938450273725
0.07898025911812363,0.0144402098767068
-0.023423300402421566,-0.015332467306423429
0.008338471354944386,-0.013337642515611658
-0.011838858764634046,-0.057354019141234516
-0.031471514097008185,0.02376284675011102
0.005308691487994193,0.03258033576260321
-0.10944067597191688,-0.05785763445434541
-0.00966582352573524,-0.0035692612295446305
-0.009107640458227111,-0.0023202935254919305
0.004146343392167589,0.02822864316507999
0.022125429909930883,-0.017616607774433753
0.009247131971997944,-0.008444736069640125
-0.008671184388851132,0.04685151836418884
-0.06674210452808994,-0.005815311984606615
-0.018650544437501596,-0.06323766470551337
-0.022450048827621027,0.020148087054024287
-0.019523622247587143,0.003153385743694583
-0.016863271187977903,0.03171454183535728
-0.04140675930702034,0.04985026633222987
0.032324317002195395,-0.04798772640422751
-0.008951832190551574,-0.04537668627387019
-0.04883814762584186,0.015126693309458589
0.04773378093197886,-0.06531712646516415
-0.054414386298566805,-0.10672513758455664
0.05616345964112062,-0.05778292220179328
-0.008597525304037417,0.04272469714414666
-0.031190945437182413,0.1331936030273971
-0.02891815678012178,-0.014917124252276252
-0.010282166411890935,-0.0023621196096663176
0.022564211352935723,-0.03872915739646106
0.00672697704357679,0.07073942354502899
0.0032413310813345503,-0.0361473406962704
0.04368427156181745,-0.07324546359993933
0.05266282155103899,0.06375788145316828
0.01993354872279708,0.057645959251421255
0.021242360298434557,0.04971959869424922
0.041079044049056455,-0.01179763312492665
-0.00527787842258142,-0.031297308208456776
0.0036446013032589908,0.022543327634001097
-0.09313117012696294,-0.047570912883191076
-0.05612043194595118,-0.05296485584139128
0.036056998893295,0.0843575141923544
-0.07401276834330296,-0.09713768588181586
0.03497050275424101,0.02219922189233769
0.15078473487757577,0.05427674607535788
0.0014137941069784794,0.015828335532939344
-0.05772188383484435,0.08464852573026717
0.045544273276097794,0.10636835179159104
0.03190704014172317,0.08256218529969211
-0.03496742350452523,-0.044975160357354466
-0.06142954398481581,-0.014139498173827914
0.010063355161355475,0.08075245422617264
0.1146355692443971,0.02202999499578093
-0.026074162652314,-0.13709237989114254
0.03519503203182925,0.07533525662630385
0.008826463465803425,0.007689347191093926
-0.03704509939414273,0.07959604906342004
0.08234002891682467,-0.012550260809688988
0.08642333064272195,0.00486047831129623
0.035900700888669944,0.011642973043679027
-0.05216393996845803,-0.023863911520597973
0.01637930154328792,0.09687866659345436
0.01861660409490942,-0.08874879366121415
-0.06639817752951532,-0.09042904278024606
-0.09881306862634215,-0.012312440345855975
0.03394440501477859,0.01702324117023028
-0.010034837614690125,-0.12522972340508984
0.010558115131264145,0.07165864882962666
0.09415500296698882,0.036822259184913005
0.025415307770045727,-0.10875277583956607
0.012973474699246503,-0.07893286646798216
-0.009982545729260337,-0.042352790704883216
0.04135926608610371,-0.08780960118526542
0.07377395667968709,0.03599961812556807
0.03683077779363722,0.04966980581705542
-0.015282963852891872,0.027741903396480305
-0.015976570819751686,0.007747030461224647
-0.10291294495158838,-0.029467830754891074
-0.026705083938285898,0.011481586040642887
0.023629116585825248,0.06336678718256761
-0.02087600898288766,0.015940109389913616
-0.004783179413408632,-0.045451706152113816
-0.0007234208083168958,0.07400530420302052
-0.07168408457255973,0.005294440260950881
-0.054680710772175956,-0.02768420733016593
0.04967717023678016,0.01621871758271891
0.018371856318120453,-0.03944549823303172
0.09194830961734769,0.09986507552405159
-0.06284221257133159,-0.04711251605138219
0.01660797905484122,-0.09220775400015409
-0.05751030221383645,-0.02018991698380837
-0.020525396921867754,-0.030949050730571043
0.09395559054067641,0.009502156814877715
0.0350270419892535,-0.008639326751933345
0.09022563290912732,0.10360022968636803
0.005091875427679578,0.03912886138260914
0.039389301307523134,0.023075284240164674
-0.100841891184998,-0.01102443647547785
0.0020432753492101215,0.058480486295621636
0.011045968212887057,0.010373663522561038
0.11065437684374847,0.05607308558137569
-0.0464943231230154,0.031440090108480076
0.011182534625567378,0.04128839043176816
-0.04211763917761915,0.04446440404862401
0.04116813584652279,-0.03467254943382731
0.053184763410220104,0.05868133721055897
0.0616283418160201,0.026768291686397355
-0.02886320902182587,0.041456866181429325
-0.04106753193301609,0.005248585683254779
0.02954115521232019,0.023602247380590455
-0.022417963864605088,-0.0022663313445256093
0.02762348646630484,-0.04210802632542855
0.06373977580625828,0.040709707499369495
0.05731800805076226,0.06744629920552915
-0.03622805945961742,0.021122624985251363
0.08071225106206144,0.044344287796489926
0.01421176497614564,-0.09606213716470176
0.012647535533931123,0.13241198395026021
-0.005852844104461186,-0.06276713247500611
0.05286059976094785,0.06759855287443395
0.03820264326956262,0.06401797918019263
0.0931026742033978,0.058996880355555656
0.04222509300832049,-0.04433095548564279
0.03683806479316759,0.012263752246434641
0.06749462770381047,0.007454987806325291
0.029894159181856853,0.0067648766504109885
0.004637956978346814,-0.009654455903571162
0.05553464839280502,0.050631366652720555
0.014350894027444817,0.007133278116775981
0.1377892840393609,-0.008047854119008456
3.329158177213867e-05,-0.010313867730728052
0.036327410130571176,0.06445313289169576
0.052763493942811865,0.057562628839059174
0.011599352319747597,-0.05509295875977341
0.019750560606137613,0.01678457003204272
0.02701232400572145,0.003140128300042958
0.012874755668593533,0.03489407284294095
-0.0013126917186734484,0.12346417942575721
0.011441624380639004,-0.0036741032597780894
0.0015107226725883,0.04967947552898398
-0.027490364930746726,0.06465227725429644
0.04098682771819308,0.04805975119216599
0.010385025009118169,0.10096549235654877
0.08842345232785764,0.033839184311872175
0.024531035376740173,-0.011853330647552389
0.022168510391774525,0.12356543512137885
0.044218935706493726,0.10797404689341128
0.11529630438623448,0.047192221957571695
0.018028100783221684,0.06059677123673116
-0.003297225428125952,-0.047912043244279855
0.011131695096252104,0.04153574012567892
0.04394220687934643,-0.0660801523916783
0.032211501351441,-0.03872033387204982
0.05126025159288031,0.07128331391592427
0.08206844591337573,0.006295593925450791
0.023730330358925668,-0.062381345216470784
0.08894827922324636,0.05045561815190503
0.010185096474895574,0.049107836939977625
-0.0048292119443493625,-0.01913704113619205
-0.039778111779197614,0.04583266922391066
-0.024617349885456892,0.0844153954040073
0.00609616037263425,0.028831732351537295
0.09894405427954145,0.08323301417871021
-0.04714413706949696,0.0610154870270106
0.0030090657388880428,0.117166765085646
-0.01489342444950684,0.0962355915070004
0.04801737819669999,0.03188934966171209
0.054286044903037595,0.06360528094965437
0.02027216386545903,0.027713960381356005
0.08386660644813293,-0.03664056844668539
0.03982182777736611,0.010017860058593762
-0.006855558828015782,0.019510649074590766
0.012250580971390031,0.07373632958269406
0.04924988368896462,-0.00859269361483445
0.047090046821306616,0.04432090835580135
-0.10422743915777762,0.07059410567257134
0.08371670629154865,0.07235365666600435
0.07469772313665618,0.006279151033461756
-0.030333681280507292,0.044664878721130674
0.024112092195990045,-0.021491040919746823
0.049772713281049125,0.027439400007919557
0.03464083580533483,-0.01283104751287575
-0.01711747083491715,-0.018261593535835497
-0.10314459394797247,-0.01606179019723618
0.039612907298609695,0.07437754775387925
0.05701202585088934,0.11333033190528682
-0.03327929967939805,-0.020058460981538382
0.12055360718731345,0.0503698090688441
-0.09799407107872041,-0.027098786876041572
-0.050324431322212274,0.03678865967510628
-0.0028522966736869437,-0.0017509885606630873
0.06183645765402662,0.007251978393900543
0.07390264936754888,0.11974318225089928
0.03143642934088323,-0.010732384644958556
0.0005049272454676068,0.02820926796090165
-0.05231439855516852,0.013314230753883056
0.0461223523630955,0.024247602963818997
0.04782934194507554,-0.0005906081216007393
0.1031303416047141,0.03910671935866195
0.05709184019473651,0.021697517603259515
0.002508887592814502,-0.08663609679883111
0.005784742578547686,-0.01811104866350708
0.037041967588201406,-0.05833392779415884
0.08254507288447283,0.07738644611831612
0.027249686699688587,0.11818396639401924
0.025080890029133898,-0.01348408196957295
-0.0718797156008156,-0.04600257991934014
0.03006779984587896,0.14277261131238794
-0.1330029825305928,0.020167529037222593
0.02127011931110568,0.10203850093296281
-0.0839132052063999,0.008844964889931159
0.07805344500039688,0.12952233743903166
0.025524370781815367,-0.03630454096178101
-0.030631234127329144,0.06054355009868302
-0.055442843024506944,0.031648231818673045
0.09357305181737371,0.05665942899310174
0.056351459270525164,-0.04987854688200431
-0.04401195036916728,-0.043499613746846556
-0.04688118872000313,0.03033384738954677
-0.07766181514663399,-0.05572721780455898
0.06083295059013506,-0.07050111885038746
0.030920340308552098,0.05526831886386432
-0.0002433486055846909,-0.013770351563289485
-0.042803873303169794,0.0074043449956733235
0.004914633421291618,0.05545854911844833
-0.017604705694425953,0.0283448878602353
0.014969733307257095,-0.10344446899491751
-0.013006340667409381,-0.026934964441008714
0.08104680097285458,-0.04422126173007243
0.011771639427903357,0.03420061805201047
0.05542599713590281,0.020743700433209025
-0.0906810002459514,0.04394729568397846
0.0562870466971602,0.04304217224850512
-0.0158272642159695,-0.04632365189133712
0.07156795294194307,0.009131741587538756
-0.04446560074270411,0.03790953488495727
0.008757259396318613,-0.03476442635841165
-0.06602455580981612,0.06691786517978882
0.13782142508515513,-0.0027899509187201636
0.002935859097088894,-0.06928825361195737
-0.03351641876508736,-0.01666510468481028
0.01698058185670041,0.0020915000490870327
0.0023913285095702196,0.04716570020081219
0.018305319908124833,-0.025711547508903147
-0.008903180355055471,0.04553329646286801
-0.07822312935438874,0.001735285962117028
-0.04886952839448906,-0.03129229838142821
0.011837188570141887,-0.0842808949471499
0.022697181962934042,-0.03658501497302549
-0.017285829098962133,0.039551040874878624
-0.06565861340880665,0.07710345271994531
0.00038829149185336774,-0.0023642090895994745
-0.04227565948523243,0.044423493484362024
-0.030566709012201848,-0.05451674004200836
-0.09423249538194862,-0.08422810812114033
-0.10510989667890654,-0.010813230073685086
-0.022452671092803626,-0.05100951245893324
0.024627921807583924,-0.05367737493218776
-0.09223306167110519,-0.017046326764228188
0.001918581537214836,-0.02216856672184251
-0.06936853610565576,0.03605808016480872
0.012890507931625302,-0.07652015317683415
-0.052486482086433105,-0.0031940889169079917
0.0728480456396479,-0.0424081539133939
0.019008992782433252,0.01912524433998683
-0.024767626035239375,-0.02374789807743697
0.06506235140038955,0.024055607018496458
0.010085656513780012,-0.04817002942081136
-0.039812851207438056,0.000481591625113997
0.006683917440081679,0.020997371104947586
0.010121492148983455,-0.0908935511386213
0.02312498841559719,-0.03335825516482426
-0.035968274229790376,-0.05575360550686418
-0.07807364921279866,0.11317735179121258
-0.07961699002928484,0.021969529714171637
-0.062482488006322015,-0.07092154431985695
-0.04896654884406626,0.027026984212011915
-0.02713530312714726,3.4756676988988676e-05
0.046546728912118585,-0.09501343979635
-0.0764495694527047,0.01874637301629268
0.020035455554445688,0.08424266901240984
0.04092883250812169,-0.08479449370468597
-0.036617311293604585,-0.08015797932492069
0.037951523638438345,-0.036596809486604334
0.05404133987369969,0.051987940619448704
-0.05365565969106843,-0.02389236325127124
-0.047799315157425325,0.041431192245303804
0.0035850983415452523,0.011401302391038539
-0.044005844904273915,-0.0696594166512367
0.03126406283105329,0.012136782629306508
-0.05955935183930264,-0.08422681653029941
0.019828166804754785,-0.10982799328362997
-0.15396064289098738,0.036480917886905224
-0.08564560727849393,-0.1090495111958809
0.00916323989120996,-0.09130891455212306
0.03165393034620178,-0.038436903858044255
0.011285546913579655,-0.019540833972892906
-0.016579218328330775,-0.07577451949269645
0.05529594364594293,0.030848110992565368
0.04202551912904806,0.007156158457901046
0.033685497766748625,0.0809747326617833
-0.005288523581961911,0.04991464357895853
0.06990559830016896,0.04131797917047558
-0.03576307264433219,-0.06135142554660031
0.02896364953304681,0.0005986581733170727
-0.08880436947315122,-0.019965577161718644
-0.06120865356769394,0.015464276585301093
-0.0646865723262767,-0.05224157836858141
-0.027097235210437325,-0.02943414757489101
-0.0649197667903871,0.07477220536350647
-0.08577028111080562,-0.005215453003742312
-0.049973236633731745,-0.031644058478918644
0.05248050321829588,-0.05120184983352888
0.008414462037950841,0.022621708933235233
-0.06452638210897155,-0.053764979106273286
-0.059918872610305145,-0.07240716956269122
-0.059412043439673226,0.03549441189582067
-0.03487886670655521,-0.0769033358824915
0.03671847664851767,0.038117215407668166
0.03666778814418631,-0.0690589743816825
-0.1323838883255521,-0.0261533698489513
0.029583765457174956,0.012731830570744854
0.006690577322452065,0.023802099157792175
0.0010156121505213202,0.0266006893932569
-0.04638009638545228,0.07300118783414747
0.021323014030710685,-0.061173085011734345
-0.006003387741366689,-0.05652291646061305
-0.07539091867804901,-0.010676779041650108
-0.031611730527201974,-0.0565357174158613
0.051248647582495324,-0.03205932904892678
0.032862536204457955,-0.011798501335271074
-0.06843976179330649,-0.04438627871027402
-0.0712205055461649,-0.04838024753081366
0.0470274855985859,0.021697609796591882
-0.04241998953843297,0.022203813182868317
-0.08585616299564279,-0.011626297176581557
-0.06300748663233989,0.04960187799242678
0.08586970583619856,-0.063439354719389
-0.059896801143397946,-0.07488254644948002
-0.06632565177934269,-0.04115607708344769
-0.050451184381133864,0.07807719940908339
0.0020625644806481457,0.017971372901949247
-0.0510650469672728,-0.05884196331187233
-0.1285128533462904,0.06572595235935681
-0.0484504839450504,0.06767883882916893
-0.023636473017705457,-0.03660434227559364
0.0560610635436638,0.06762538686641473
0.08637893783210726,-0.0728974986641378
0.02109125223522945,-0.07199053283215354
-0.014899208330580845,-0.03432222228138708
-0.0031498304768721314,-0.045352566164720394
-0.06716099766705537,-0.027706124817395233
0.020011712034408616,0.06474751330307615
-0.0672289965626707,-0.03546200000434398
-0.08134691180106063,-0.0023312420006569405
0.018783885110779316,-0.01886009689503974
-0.06362546135613216,-0.06365421959155418
-0.013749196372377901,-0.02202605310335962
-0.05885867607499634,0.03828634284507534
-0.1327939373422402,-0.02873951208879118
-0.024226132913369777,0.05363592849925443
-0.055690881704047394,-0.04537418809729833
-0.08836789725256401,-0.06392871109603891
-0.02605955685587485,-0.01669952147501857
0.01999181878460517,0.05267777811462071
-0.042360298855047426,0.019035655044738375
-0.004943125032474238,0.008278560253815705
-0.04941319526881052,0.038236158596443914
-0.033835216051476075,-0.016809699092809587
0.05523989249166003,0.01562414970086939
-0.01729383303831825,0.011754434041627012
0.044679482662764045,-0.0002157897557304965
0.012902585584467,0.022115331817707588
-0.013440228593235768,-0.10145919736050471
0.03087426762613336,-0.11650748498826714
0.04351570731886949,-0.0005157709210912784
-0.03894818844839521,-0.030111317825534077
-0.08635277826142207,0.04050159498488859
-0.04061331485536238,-0.037948418641470104
-0.03931672788349366,-0.0067480514932334035
0.033742564503551564,-0.09911904911467083
-0.011012938672223777,0.024948329490082875
0.04420657356343055,-0.029139477210622024
0.011406150478423617,-0.007587852065974624
-0.08752898280000614,0.09617578671014193
-0.050140682295744005,0.015613167764014554
-0.09658096874200252,-0.03440446432344878
-0.040372842531964145,-0.07213726583186401
-0.03511424413899289,-0.0759945973463101
-0.008546686870040145,0.013416803098894935
-0.008735804177441981,0.025396950525479637
-0.028776173656767788,-0.023863542311001157
-0.003174517892937887,0.08671165375033138
-0.026597654089887585,-0.06520359594879784
0.024175898586510525,0.015477970131722415
0.10358243544913658,-0.005859995269463018
0.035524048730729216,0.016503976043198604
0.04306675927179479,0.004948248717773551
-0.005485997608056476,0.02003759298147613
0.036775249937267426,-0.09556847946025807
-0.07968255074211408,-0.07226451954148813
-0.003876981357711369,0.01328742740755861
0.013468286393211426,-0.0065794173741931545
0.06051402586374323,-0.0072505249144514256
-0.005895515278090777,-0.0023783406146926037
-0.03755109892834729,-0.09568018659938154
0.0008058156356678808,0.010510648500242546
-0.07184810565075758,0.009332824132828255
-0.07889892112268716,-0.024156516966940055
-0.007194021848722483,-0.09547353137921517
-0.0031410556083708314,0.08802702238541874
0.012851001736921903,-0.05517754246489612
-0.03851707682064876,0.03127849845104079
-0.1303426488960731,-0.049852145200316736
0.03611429186923515,0.013843793577036573
-0.013079186802632472,-0.01795505182221896
-0.08765143092563228,-0.005162406533686518
-0.07102941646505541,-0.06799882347928143
-0.007528349810239969,-0.015740808020034452
-0.14275886020813508,0.013915104537223508
-0.03499955949683324,-0.06010235968447487
0.045203723134919,0.010871974428622946
-0.04006055201423518,0.02094876775848463
0.027143528638082295,-0.0319514390328453
-0.015074923443699515,0.020980096374656178
0.011218783442513515,-0.010686213710876392
0.019349162828206534,-0.05169898719146935
-0.008914288524788075,0.01880439584520958
-0.02188659941887043,-0.011046804140413003
0.09221492684058714,-0.007499361362988194
0.010890016168176106,0.008124755183843485
0.02024316136898375,-0.05691433597195171
0.017333468712712033,0.026179210686802117
-0.04565629508800818,0.09791828960791953
-0.05983772983306361,0.031653144664363864
-0.019105262924478932,-0.026666524658177156
-0.02769685880864274,0.02120053031196819
0.018244872786213166,-0.01971280586050943
-0.05304521795361187,-0.050116700453747665
-0.004795986181658298,-0.013507241763810122
-0.14122167365079685,0.017694937153633628
0.016055854723166996,0.01696065457846819
0.0048221280077428656,0.023493723038762914
0.02262116825712588,0.0071864713085770995
0.046546210781626435,0.022613388788237827
0.009792164884979178,-0.03859565816802073
0.0014597588472371713,0.06486080779308759
-0.07179480922157444,0.01598584879845656
-0.02549109459318034,-0.0015725405193086064
-0.04399864022546371,0.10548250947419156
-0.048936755164655094,-0.011889947271065897
-0.04760523697249555,-0.0259741235998908
0.018893852468919517,0.03157146595148195
0.09309463289654435,0.12975872764924398
-0.01678049333278723,0.012637437608839218
0.020399254354737776,-0.04521661180389666
-0.06134008545124166,-0.04784572484964499
0.021268669406247106,0.03496407313094119
0.06954791262306734,0.05170754373494525
0.011413631254898034,-0.03814839805779304
0.047277122565995505,0.007638809735791348
-0.09481397072145203,0.040281852755699024
-0.05190776000457567,0.0025017753025411227
0.047587401399079875,0.01780469097141774
0.040546377187421864,-0.08001904027312703
0.004376197089105225,-0.005372031376547566
0.005298979784997857,-0.011429097220984803
0.0596067167084483,0.017327822080661578
-0.03515605901186693,-0.01302590181034148
-0.04227258636572558,0.06899074866391154
-0.04092224195449082,0.09079104725488846
0.016278006981759057,0.01670867043440382
0.021832507844747887,0.01815823484336373
0.024981129028408825,0.05317199845762038
0.08313028597556442,-0.0621194154858637
-0.0006420352638222826,0.09980663286217309
-0.016813547883264765,-0.006511857212916321
0.07635740914240406,0.02523751352689737
-0.05818865046492981,0.027424869941501517
-0.019677792041024423,-0.050364246675832565
0.04466330091038047,-0.023355440653608565
0.09502194708103537,0.007635663782364181
0.052108336073903076,0.0023838074995785885
-0.09168509770118273,-0.0962530184050994
-0.08481488828066996,-0.020159868534345236
-0.010666152668553546,0.047655421954243285
0.05032863384529784,0.017389706007727365
0.011506274449821134,0.04071978247142957
0.017986447721924453,0.0704176205194675
-0.11366255552717736,-0.09262983669261518
0.04001170399542504,0.04931882483806092
-0.0175555528522418,0.02975401443737389
0.06422914900896541,0.009782917901075541
-0.04381040141339785,-0.06643196625190236
-0.005903286077977342,-0.06616957284572951
-0.03485915923285005,0.017614487672134936
0.06024707191850201,-0.00869950417162289
0.05815864731979532,-0.04473138193052199
-0.08285798517538767,0.01623983157822738
-0.06839213156585668,-0.06478711896373497
-0.017328199794892293,-0.058666809665864676
-0.00837041378965837,0.054845154940713875
-0.069573273839756,-0.007051403864461906
0.15203669770493583,0.030173536838608787
-0.008193225300178185,0.001958274669613765
0.07735736766864425,-0.034099527768245416
-0.009542762787961886,-0.06170375628039272
-0.028924491718937823,-0.07468824592185114
-0.010844191015473887,0.03124760257715134
-0.058722655062222004,-0.0013317676890699862
-0.016920672883859865,0.09061812398180624
0.0342778665438524,0.06644457621282476
-0.06480635961066793,-0.021458318659038224
-0.015713230972907787,0.028144892282122407
0.019458688740479783,0.026139234299396914
-0.021928728462504467,0.007898067287321744
-0.009677021892536239,0.051026421125350455
0.021031539739666972,0.028932711893086313
0.11385515273892752,0.04149970803459502
0.029894125885204913,0.07170982883920714
-0.06336456566953594,0.02583988149151127
0.0037672266018053575,0.050723603246968965
0.022375752863416698,-0.007236523080270105
0.07338836207470201,-0.022865776839909514
0.02324982541616107,0.01217306280769847
-0.03997571975545425,0.08427953201272104
0.023030444247242866,0.09314231566027505
0.03241093540886833,0.10824834057941266
0.019484966430334195,0.015966095437295297
0.09600515802866459,0.008191637758977001
-0.008255040068943186,-0.050823511630615714
-0.024418311458688717,2.0807930572481342e-05
0.052102597840985324,0.05063335802732355
0.03535439635793669,0.003058084663627527
0.06394388060215533,0.06833518608083654
-0.014380095391282006,-0.01666846899483831
-0.02538154482546026,-0.01905270425695027
0.08013255993255629,-0.006950209284637313
0.0505193841105535,-0.032564375465735915
-0.0048062753505042355,0.10813944641850784
0.05945477717796758,-0.06217681754987149
0.09173734715178998,0.006358307143213076
0.09315840970703335,0.008656597318820103
0.022028475055300027,0.0998683573693718
0.05351496863511941,0.03789979876299737
-0.027749245448267353,0.13590169172254044
0.08065576110560563,0.008947011521283774
0.006458264015468212,0.14311115490403892
0.016361369545181886,0.03041327634225349
-0.13131916075106428,0.03674961791633392
-0.03637991527002915,0.051000001678522394
-0.00667990394013732,-0.022626076363445803
-0.012398192615254523,-0.03604171949098413
0.020852402747277742,0.11072967506652401
0.0517218720809539,0.01994388085776826
-0.010052889277139043,-0.07257003446588156
0.035591762586115516,0.1522844681901525
0.005298061043455378,-0.00555246283870155
-0.0186302041403782,0.13171767194461576
-0.043443435127307806,0.06310333764334786
-0.012585999677706551,-0.04560872535801202
-0.05566280164710678,0.1301478698416179
0.019377011917745778,0.023566274465707183
-0.038203437708320825,-0.026459688597601432
0.0239514983176144,0.0559084193364816
0.11186364611697938,0.019032088857529293
0.0395590889993262,0.050065494066139415
-0.005361180825831598,0.06777764121509064
0.008387686635596981,0.006750350790206082
-0.020139020842737998,0.031149609044558053
0.08592761596801923,-0.009219347594182897
0.05224539657448248,0.0065953515960763594
0.004380107372264073,-0.003279512877351544
-0.02010022404912746,0.006272926505754362
-0.002049998288155091,0.02777900506305435
0.02570642393405248,-0.021934559904946943
0.013722195624173875,0.043652388449433616
-0.005631841338992204,0.007441467953392887
0.057021642078116316,0.09855820137932916
0.018784353132699,0.09199289552509904
-0.05538207989670445,0.07275651247299066
-0.06778651512496764,0.08258481865359618
-0.00025919012875739306,-0.03198757271508554
0.027178262577141045,0.06016423440376359
0.0526141323439981,0.03638476620597897
0.06385861312913772,-0.021624401785651923
0.0033447881845839206,0.005229716056754746
0.09178560475377476,-0.07026484902023489
0.07662002523271111,-0.014645358680783382
0.015412531265576542,0.01751539753073929
-0.07914995738007861,-0.0699522381939563
0.06890373764478329,0.025354598334388467
-0.007435605478938727,-0.028334168594101948
0.03079485389159768,0.056895693997388024
0.04042366929074301,-0.0686078623995738
0.057827851132656975,0.07306230428570881
0.07684856700624562,0.06938501744141776
0.03963656453212511,-0.05162658398744514
-0.041344574860819786,0.004578308657696446
-0.12758132862965194,0.03096047654242954
0.09856424347378048,0.08419548959643658
0.01623653612512622,0.07497450913476927
0.08060290358616966,0.013381825165391627
-0.1545622640921286,0.05376668503447067
0.05003188512309493,0.0360430933104944
0.08455881522378156,0.04163161629664159
-0.042711830644936125,-0.03137276025007749
0.04194583409804416,0.03674988850010448
0.013459447032295353,0.10191957244859018
-0.026012803348465577,-0.01353692892144996
-0.0010709210112688026,0.03901250032985504
0.006402549648558089,0.09474941801088828
0.074771417649687,-0.0775109215491076
0.07068453432454526,0.061433310112855584
0.028089320979984747,0.07991374476742952
-0.04369076899720886,0.04055639989450126
0.05601772087901997,-0.0323105336120376
0.04885373349263003,0.010210645733373467
0.024945643468993813,-0.001732532987167643
-0.07529499111905569,0.012313503668389965
0.013194167095197289,0.013316799013919854
0.11478635482191403,0.026844162453575744
0.018609708709573985,0.06320109994875207
0.030169134538675292,0.04060725211623017
0.00014746119566429877,-0.017763653084008103
0.0653822817390409,-0.00894988717185889
0.0013895608838409117,0.07711043523641745
0.11158017323285034,-0.025190402497095456
0.03785700048101375,-0.033298939240181964
-0.0036605941656308576,-0.03838056281365445
-0.005261334971563178,0.0018065111025357232
0.05169375335651687,0.008486773008488317
0.002386141504821403,0.058167582562481925
-0.010473398340317821,0.08559392326643031
0.05727514311441533,0.030528474846617085
0.0003039269867316091,0.03802435481465636
0.038709452867503255,0.03256981300075553
-0.05523183803877737,-0.050610215266681684
0.04187340583479721,0.053749867211702995
-0.00830541484936674,0.011323590128440784
0.014578458085925464,0.07509139955658553
-0.0857280820752685,0.00466726627229838
-0.013284584106239821,0.055984278193325965
-0.029756623864642624,0.07259047171721984
-0.101713676248398,0.09764844529294443
-0.038323428656082986,0.017081779830329154
-0.05038581049434173,0.009914184406163972
0.12422265056224936,-0.013045881705405691
0.04647039452683109,-0.01677821731458065
-0.025490600077536264,0.1377027794712559
0.09489583352238802,-0.07105587874908478
-0.00656421976692799,-0.009733457418727057
0.03518095965148505,-0.034359225811341425
0.0820451685753686,-0.08982308165385323
0.02248081413608099,0.05037015495756564
0.023537291502026957,-0.14879402645151066
0.07006524858245383,-0.07161881999469076
-0.05960760577267243,-0.012351862904138054
0.026218039074735557,0.12177838654152977
0.0429937994747322,-0.005870673550346992
-0.0008914606459307719,0.03777293675795255
-0.03701662265733916,-0.039095728281711754
-0.03298930829995352,0.0708534401595136
0.012297036138518416,0.10996381581594132
-0.036556226887597104,-0.030497862929637957
-0.012228578936336724,0.010241355306644407
-0.02815128071027921,-0.05075651880007105
-0.005690891876316036,-0.012045112951541138
0.031753995509989974,-0.042174960706209824
-0.0032839085090942194,-0.027576850664312126
-0.07203647889135074,-0.025603792695494437
0.010568040009001868,-0.058464927272912436
-0.06336348351479473,-0.033130101925274144
-0.08379094224110077,0.02763296773070725
0.03336222954159047,-0.09150332191937165
0.02241570853896447,0.013999672929883416
0.0525448160245303,-0.05808332998483444
0.031084331043798773,0.04739625280733125
0.050710587239936135,0.022201492904313714
0.003413440391248009,0.023726693733320273
0.13199180750519154,-0.02187737072041618
0.021546711277662063,0.043138996533237134
-0.06246416226812446,0.07299906021339514
-0.033759587149224245,-0.128441190378973
0.04038284644551126,0.017804397201136326
-0.06155648918187477,-0.04114904053276036
-0.00418636195862023,0.0427815531212221
-0.028936052822275612,0.002574075488419328
0.003608437182708403,-0.049709022466928945
0.07749981532147004,0.050986541318325085
-0.0012032685825341463,0.011839163625883819
-0.06347753079792297,-0.03567482231107315
0.00690515839460098,0.023099170621281286
-0.04104479204393981,-0.044554163380643975
0.024152546651933875,0.02451723087847028
-0.046355666597497056,-0.02945017235384786
0.022320038308568886,-0.026504748438581666
-0.09090795362627545,0.07437181232163922
0.01211487327819369,0.0020704001686886273
-0.05209512969807479,0.01416722042839551
0.043270381223581025,0.04597096593316137
-0.025942609770605547,-0.11313547242066138
-0.10740905470077385,0.039864940568913695
0.017185055397548023,0.035515972760485716
0.067795141427572,-0.029918368292369813
-0.015770712054356612,0.061924402834062156
0.01586176434134273,-0.05458775530900732
-0.04796537421507252,-0.12891349797413001
-0.0019651656636164826,-0.07656115678889562
-0.07941150523772,0.018199278102403918
-0.0014579053479540256,-0.04709996496923241
0.03743266855879508,-0.010148360050487762
-0.10492512131727351,0.007586873479849418
-0.03583035620861329,0.0037463264514630366
-0.016719920324064965,0.014207378524930562
0.03538539376294363,-0.006341747236416619
0.015673526224017686,0.024666966218322678
-0.042749677200205796,-0.051536855938582024
-0.053854853618706504,-0.053610173725201896
-0.004449587629334777,-0.03535109320623744
0.03174424112980873,0.0007841266381989655
0.03642328849792942,-0.015268651078707904
-0.02986997919536576,-0.06573640402041432
0.003526638380421821,-0.0404415300392814
-0.022162114539415086,-0.025054796032416535
-0.1117116351198149,-0.0686798418445662
0.070481599894744,0.046692019515361644
0.040474851894035574,-0.14898234111429437
0.020957909698615645,-0.0905178588289075
0.0422992210903628,-0.002774638521763014
0.043114753062066635,-0.06918593472846389
0.01238073317189679,-0.008071897234008956
0.03114345239846136,0.05652620979882028
0.032952044134544625,0.06676690516667176
-0.08694735641533266,0.058834648025773525
-0.09280548487024816,0.06532553566892729
0.030803369079315662,-0.01256302248077924
-0.022048368059001674,-0.0961276188810266
0.040389278569538944,0.020213325383663317
-0.07575842067293531,0.06353601928252527
-0.058116273920457345,0.013571710754999737
-0.00820650406861426,0.0587132504188841
0.10453447563754853,-0.0023511746161992385
0.004354295580502494,-0.06520100825940547
-0.03165526163078779,-0.030178919476895893
-0.07746694269587545,-0.000567607509827029
0.05209382505084374,0.05683715637191114
0.009282851024041684,0.003944832343341361
-0.025959458335071923,0.013898011107854217
-0.0073204733054318995,-0.02403801937488897
0.0030834125508778613,-0.04478722619199069
0.015939653850876652,-0.10193234189438229
0.0384313866937407,-0.08982825012247722
0.03945805647434636,0.02299956819529642
-0.08267502964085335,0.00855793774312339
0.01861089519898517,0.010731302439349832
0.11742595194777886,0.0036559076098635727
-0.0018670846581449393,-0.05426801650550129
0.05926619588450422,-0.03563671849064779
0.019495556992253204,0.061010752882864186
-0.0835022547543473,0.013613716944578767
0.09591748798782725,-0.07013420274293289
0.004721398110108483,-0.04287499835198856
0.03327595072864935,-0.10527258481787265
-0.0023764298086353733,-0.06924347768322132
-0.12432878021240516,-0.08009163048547022
-0.05833092215877166,-0.08892588230493566
-0.045659861287501796,-0.01952009366620012
-0.07446395378549676,-0.025980876032506314
0.01685840052252341,0.08078761454891126
-0.10765364238460942,-0.05911586313794905
-0.09193557110656303,0.027666160903494393
-0.052586379984612866,-0.04304985623537267
-0.023889492536311945,-0.014457104533945006
-0.062382699526310134,-0.04997086491512308
-0.032385053320420076,0.03082158836328679
-0.048903056852703394,0.0742907149796716
0.01096182927694437,0.05603327112798255
-0.016792103021069038,-0.023809593451714788
-0.12241075642544456,-0.052922281259653245
0.03680329395191813,0.023309545829404293
-0.054137521412605735,0.017079159716411742
0.03543996792895397,0.03759497241280413
-0.053350789732269865,-0.05830844228121934
-0.06686214773359947,-0.014540044340033278
0.009451095476633208,0.031109271866569567
-0.07331638488733719,-0.09903007610136788
-0.037183492128583184,-0.08061103544413305
-0.04319167827838004,-0.022716989532513894
0.10609911623433325,-0.027008355435412315
-0.09522871742191485,0.046735526613306176
0.07417479704995918,0.005778899947721898
0.038988472408735,-0.05338341268249265
-0.07404128877095016,-0.018778658363628357
0.01618560115697704,-0.03613815455413826
-0.026361847655020754,-0.10352522170523024
-0.039115036551336246,0.05284016286919464
-0.014591905725432858,-0.06407920123644391
-0.017693364718728368,0.031014798192303027
0.05863071008429867,-0.05707752389481241
-0.07107145159738731,-0.015302183499483726
-0.05354907797486499,-0.029400563315520482
-0.07604568482681928,-0.057726391889126843
0.017843442308585363,0.007170372759232657
-0.036049078379500124,-0.03714377898104823
-0.04510674202481246,-0.05557391839375314
-0.04111763453115187,0.0012052950977864216
-0.008918370284185333,0.08605437144682301
0.08217645072136051,-0.06325705695164369
0.013547204665436062,0.059718889882541065
0.005059151038960239,-0.03263893180031737
0.02113623238087782,-0.03233392159021037
-0.008441581426093385,0.019201784758023706
-0.058355018987488155,-0.05817529545278781
-0.10724968971611717,-0.09825095989696447
0.034273171303928235,-0.06488838470434265
-0.048802216863946965,-0.052542193483911724
0.02515307163432955,-0.018014096672089207
0.05484425046722353,0.004048175782980548
0.030633072867208965,-0.03919479517687258
0.05671210776899273,0.010500849512189965
-0.026150704772776406,-0.03550873783411218
-0.02792275665166427,-0.05710051694356658
-0.09779016722906,0.0497676963016839
0.0018450362924509536,-0.05700011593616155
-0.005074883137652345,-0.04744538921688124
0.003325829402808577,-0.04316753342808498
-0.013308999658173485,0.012112740956110075
0.04652574963824352,-0.019478862322641406
0.008048021478940624,-0.029734443825098177
0.027518604954978827,0.012688531178789096
0.0392194216791112,-0.007381708441874254
-0.08556349169049912,-0.02441653542116276
-0.04790842928465563,0.03845641413351389
0.05383697498360275,0.06598884936717232
-0.08753828615890505,0.028887543531096682
-0.006507000947995221,-0.020540978310151177
0.08230584604523941,-0.025951422415740714
0.026072414331497172,-0.07064937405165903
0.0980684483266199,-0.0516207529049359
0.02198770587697361,0.010647891455933648
-0.10274069356295391,-0.11756885958256731
-0.03372515690711218,-0.08075134012346794
-0.06157119194210659,-0.06562706924895098
0.05776672279155874,-0.03508033436450049
-0.057640464687479895,0.02098449325758447
-0.022127290141146155,-0.017799168162073668
0.0007875933021336918,-0.019903262431503952
-0.06121068862650883,-0.01314521761894492
0.01388447939736275,0.01344081187831331
-0.022600337630867832,-0.06163048500170007
0.0036549716119196373,0.0320478783638233
0.05849341790074282,-0.06768637644154907
-0.005594902675724841,0.04113029015541785
-0.006677656479385661,-0.060061677380443435
0.006937175658469691,-0.0032018046654038006
-0.07630007541484743,0.017713721316459766
0.050715632219496744,-0.019771574022062696
0.028136769998696458,-0.03153417519079915
0.018759122618852,0.010141845421828537
-0.07878367961610927,0.00015696689732243183
0.10477131097674205,-0.061611063851308975
0.00934194167253786,-0.02135912157310231
-0.01980856659514686,-0.08711956459279264
0.04069848320112186,-0.07501928722777516
0.0080386614927157,-0.015424340957116665
0.012842491722238749,-0.03341487549737925
-0.025666184048729432,0.07338635492467241
-0.024691685223449045,0.036007040243776
-0.03069415083533986,0.013720122931833468
-0.011204715856303548,-0.017922817733790935
-0.06015223579162046,-0.04068971850939872
0.008632596544966925,0.14186547845644065
-0.03946213963006453,-0.008359943703374919
0.06887399003150331,-0.03159144772185077
-0.029393773386627145,-0.002650476828164357
-0.06623451554156459,-0.04355247798227259
-0.043973646826061794,0.055925827451404724
0.0172228628988813,0.045239837455428165
-0.019342574820512617,-0.055715401312060056
0.06006836809500505,0.04086606614119149
-0.006274016578671826,0.05286079705416352
0.05834853614375159,-0.0655291442656227
0.07644387810089888,0.11768341893212689
0.11180075439027523,0.03364041384471096
0.05242700984441891,0.056096140220348825
-0.04668624167338417,-0.019728251898390156
-0.002358178285355882,0.03543647794896904
-0.030032798573207127,-0.06459082095795057
0.03512276762737941,0.02632453230153376
0.015148472219498825,0.035884108886092156
-0.012254071867937697,0.11273320140702188
-0.12394872071534058,-0.005339187694717019
0.01322679663619961,-0.049018261847247974
0.028164529943411593,-0.04697665422415816
0.025080684384566072,-0.004338277299761412
0.062052817980308296,0.007411933832588797
0.014232498898550671,-0.09710634305890872
-0.026921526706267282,0.07858468437127553
-0.008865829343654047,0.0301605274667497
-0.026211375469614724,-0.026570792314236903
0.06980866925190393,0.00388661092937464
0.10108556505385645,-0.015624681418495403
0.020564009182552596,-0.017030393587773245
0.034971969972118155,0.003226328446722628
0.15191019575995035,0.020452580540264463
0.0408086632660198,-0.0432942855000716
-0.11817185728688205,0.11428658575677558
-0.02926168805283326,0.02886703187190246
0.04263827732950956,0.057105378452423146
0.02379312277977476,-0.06468429108149451
0.031711031471746885,0.08560308276539008
0.011347291584199806,-0.02445996060733401
0.026239854297714697,0.01443175842372094
0.007856683722693098,-0.0807948639288405
-0.09107314379788291,-0.017604380354844067
0.026155457551094677,0.020031852807406273
0.04672131772347374,-0.0025929690198549654
-0.00896207827600335,0.0074815346066389645
0.06990670532767915,0.07866137060253567
0.020074514077986882,-0.013403855133296724
0.0801467070518629,0.04741486581271842
0.012534254439435268,0.07012572874161957
0.1264742820421267,0.03130125984960798
-0.024087496384065,0.16681245113830329
0.08586835485366767,0.05404372347385007
0.04043516117724889,-0.059595333166084924
0.08842308783953223,-0.045755367817945335
0.031452672649452146,0.07929949807796975
0.0012168252066399148,0.06783247031301332
0.05698325661543581,-0.06851159868402563
-0.028534568006968984,-0.02573463498838722
0.07597992142238173,0.06853500336892211
0.03069604725123997,0.02480130889339674
0.04216905255852145,0.02886267135063928
0.10519973655561031,0.058785077050547994
0.026614815031713788,0.040465043663092934
0.08372057038873679,-0.040877713015643385
0.00383944545380366,0.06082797379216295
-0.005519402101714855,0.03516094563808466
0.13179366069761234,0.061655465406739246
0.09552716685482784,0.03818147452128073
-0.056821736377062296,0.002933588495434271
-0.060316231776156165,-0.031503709533279856
0.13787613899425083,0.06055786123289656
0.07396430002452979,-0.015015776575684186
-0.01555799808984738,0.0026309266617848444
0.051244680349276574,0.07938391581780219
0.020952807764606132,0.07603404758005931
0.01601034202604719,-0.014257413170608198
0.03450466171298086,0.009391942205008871
0.003314448047589947,0.07962885573811318
0.02513591832594173,-0.019623073960248632
-0.011447992737395347,-0.0673521672927776
0.016461500429625547,0.02898493884466772
-0.012876340441125806,0.04259759678917876
0.09744975559592362,0.02330108402692828
-0.043638573880538614,0.001355990545036559
0.058959618555659565,-0.024937712141943395
0.09069938259594232,0.01826237160534674
-0.13485638613531267,0.015253358496971722
0.03627983633378748,0.06063121299263746
-0.013193799679047796,-0.03698277879379188
-0.03914606399548553,-0.03864592715702072
0.010100789190943201,-0.040509240008106934
-0.13643566571370114,0.02450304141860406
-0.04437117067699351,0.00013574284876707865
-0.006023795666689164,0.023884734448036217
-0.008835531203450146,0.026335248081750404
-0.005006607420520181,0.0982187157277497
0.04084597860291236,0.11830096222795661
-0.011450200756138798,0.0033583277503966315
0.009278027483113849,0.04450022645288177
0.004331530438714254,0.0315981558129187
0.02074473699191419,0.06560713449368498
0.03970946811505815,-0.06670888248290985
-0.06921554019151897,0.12637926447084524
0.0076638520121386465,0.040130846155771886
-0.000659790108070879,0.06559261827482561
0.002122785962905993,0.11864109629963593
-0.02440933278955074,0.012134327473635822
-0.023048551898091983,-0.03746492279354504
0.06784769354450107,0.01637621954271469
0.08600124255739604,-0.009290801155847638
0.054861225612017755,0.035593561251025196
-0.033605255783431265,0.03808722503499418
0.06679234002861241,0.03947211274716424
0.06411688417029344,-0.0010458047865172689
-0.015925487127379945,0.056850480492275535
-0.0636252799038803,-0.12249635390911832
-0.032480004248302614,0.00022010139711689872
0.09315317374103219,0.0331799826033603
0.034033558147638254,0.030809207078470784
-0.05877804060258769,-0.018161625339043027
-0.044256281642445716,-0.06611078951166208
0.018052343135480306,-0.016274065295156858
-0.037408901382957896,0.0438646600294963
0.07073812408181199,0.04828138497893283
-0.011031334303303712,0.05753163801635977
0.04916344008181036,-0.01080506181728598
0.10270975170733994,0.03131796869079272
0.009965381540196003,0.04834715109309994
0.030068124834491387,0.034898519021836986
0.09605876494734392,-0.06163570679938522
0.09164304983200611,-0.02273665402375121
-0.04912530849676287,-0.03370558338797999
0.07745728858247138,-0.18232790456619863
0.07573334591875128,-0.0150549238569075
-0.008595312364990004,0.02036715312742286
-0.035881165848950444,0.039452788919028384
0.08754899347990715,-0.021102615923235014
0.03796388391691572,-0.020098308391236747
0.01676556880478278,0.005458761128207978
-0.015065508632717793,-0.041295299251980236
-0.05297473360074396,-0.014501087079321502
0.061531753254433205,0.11134382660867856
0.026549405410918162,0.06827575516184495
0.12882133660810338,-0.0019960886133377695
0.044381525833053964,0.07888815387304905
0.03484097907179182,0.0060449988709345755
0.017825381116929596,0.035391806066220555
-0.0225065577725032,0.02677854199742345
-0.04483516373082323,0.06467411324311625
0.055130907637352324,-0.04551521771490283
-0.03254821858828343,0.04749812610961677
-0.05546566732818567,0.08188577182756943
-0.01381683001771066,0.02386489999891714
0.030414080993025568,0.010515172111612599
0.03852167165264339,0.12800101520972818
-0.056861030279280425,0.06246309055801222
-0.04885991311167963,0.04562117852710841
0.026400738476884428,-0.030378537716299524
0.050546321467732996,-0.06852685115270583
-0.04668177449685573,0.0504851898754598
0.01565522869855475,0.03120376809969691
-0.0001907425288058262,-0.037052786558338144
-0.02232151011891555,0.0243232150718437
-0.054268562184835396,-0.0019673788528967416
-0.014680389669080167,0.08516310502166731
-0.04263672484960974,0.11912033411672195
0.005415955423121844,-8.094013835773482e-05
0.03009438592298112,0.02903894993669187
0.0414098677529821,-0.06623713603314266
0.09504261613149809,-0.00014459305443001187
-0.012479978370792805,0.008231908092975844
0.07866131588721857,-0.058149474756259895
-0.10203908455014701,-0.01258839478855754
0.024458563678873183,-0.06025469424936002
-0.026896438972115376,0.05107743433172446
-0.04078689641817655,-0.04700223779561559
0.030282003239383546,0.019884705131849575
0.04550100542238705,0.056417335656529455
0.02760514230346572,-0.004544663780839659
0.03577134572682968,0.011476127051673146
0.030105691238531754,-0.00992275600513961
-0.081973751889569,-0.053092683720397146
0.03344087921091469,0.030984826777796227
-0.050878613355471086,0.018093353913656927
-0.007061929926844881,0.0010140565930655823
-0.07265816817577797,0.06667546817431656
0.032154363109954905,0.017150168093922596
0.03849087029666642,-0.020014732819750986
-0.054264643356066504,-0.10120756619793922
0.013457976484376244,0.005500622048551553
0.03562431586215534,-0.01785701075572018
-0.13506824093487832,0.0401197209186163
0.029139721221672646,0.00975284216209165
-0.054559025563197236,-0.007097847176096009
-0.05550808753039829,-0.004005817117232014
-0.12006124179231253,0.04240957998241005
-0.06208894677191237,0.008327791127230949
-0.03211740560022985,-0.013838778690623495
-0.022056917166814818,0.0303039882485895
0.0034330774986747426,0.053226075186398096
-0.012108522095933164,0.029146495724058703
-0.0030255040422621747,0.0018721029906794825
0.04899770849844818,-0.017332473756401536
-0.04486713444451379,0.033507181922066205
-0.013926524998894534,0.033559089361988315
-0.040663283398661175,0.056458154301769675
0.007108126381397857,0.037921606233449215
-0.009070610668314459,0.07862097522281629
0.009059506177167963,-0.00690024869569371
0.0896908028858447,-0.058202279132322496
-0.013587151811130353,0.0011429681287544605
-0.0779267340387323,-0.05036115174656776
-0.02327601047490998,0.04822180851977832
-0.05548961909850628,0.04614844268702667
-0.04757192447437661,0.056786218525017404
0.07358993224159771,0.022868151617622345
-0.06396699778374208,0.01866656300696655
0.020990116687446974,0.05048031147057746
-0.014496862058949542,0.052994912277181734
0.026190694171887356,-0.03277960539885365
-0.0560489028971156,-0.07637353270381365
0.05104795828986536,-0.10102252106897656
0.036556713761028564,-0.039540734084841656
0.01573580182219255,-0.04929271442640388
-0.13527285951722517,0.05669606007566567
0.010029374872730094,-0.05762002843419502
-0.04166560162410771,-0.05924533296520971
-0.07097848099982797,-0.028671738361113197
0.028152063453126812,-0.05685939777066109
0.04819242311092365,-0.057085130308389485
0.0472941675505012,0.03632643825795065
-0.0500323709125267,0.010554166295294423
-0.015124876520976542,-0.06057726323734919
0.01517952500521473,0.006344218044981271
0.057748769932267185,-0.020826070135595023
-0.025100388912477234,-0.06641722792366929
0.025938639789113496,-0.04418132354897153
-0.03500042587177799,-0.0246233343937365
-0.05537368194862111,-0.06229993896639247
-0.0010387012489144372,-0.01308574893189324
0.012592299928680616,0.05063021152482464
0.023778950182397632,-0.07245043477234113
0.0018806248917372613,-0.07170338227540435
-0.01390920290056583,-0.05503905532366271
0.012810340824389133,-0.03168702997361876
-0.03276915575365329,-0.12235271448256652
-0.001657636596609561,-0.07081337872954686
0.011157874392075141,-0.014944316861104236
0.019617949960120267,0.03130918776064873
-0.08760001383341076,0.028963364502806385
-0.10842517429758963,-0.06514213431873891
-0.127037419115412,-0.01762758109709478
-0.008341501625321041,-0.0613030855379989
-0.113622998812427,-0.043004072749262434
0.026451963224379378,-0.10804118959973018
0.01302080799625394,-0.05272763850604181
-0.01772196216161257,0.02350781151271823
-0.05786831503260248,0.012745171663279077
0.0859155746806741,-0.07380422790781599
0.022098293186688968,0.05732379090805261
0.008920105898135251,-0.003396796389776342
-0.020396914398958976,-0.03635125886761658
-0.0421012075565957,-0.05844051454254211
-0.04283429005918234,0.0305968551181307
-0.09525702638988781,-0.08763369607390238
-0.03368343252101477,0.04735815650223285
-0.054200882678862417,-0.10245264012120353
-0.03295297242766388,-0.014790448286601681
-0.028390339652021562,-0.023304056108170622
-0.032941610810085065,-0.023730832670146
-0.030788775376279533,-0.07207365007627682
0.07427048771900735,-0.008779436945198504
0.009674502529944815,0.08283385210400661
-0.01669699171490536,-0.014552206129017862
-0.044208399891021544,-0.15494806475484096
0.06986947888138376,0.03559700082754522
-0.04007664329695303,-0.011834095605423603
-0.11129786076428458,0.006503984082471968
-0.05168234754970141,-0.028528686373330173
-0.026209451954818372,-0.12159489863168278
0.014588417698773063,0.004552267557780973
-0.011393957317742929,-0.04124873562632557
-0.011393101057390576,-0.018439462349428056
-0.0010748366230195934,0.01438118309382936
-0.016381804380048375,-0.1271390497379111
-0.03557262251550776,-0.08143493997950828
-0.022783985996525417,-0.04512710776019123
-0.05032111008034436,-0.05671910190480288
-0.047104453988054296,-0.010849358211141049
-0.11909219624121758,-0.056646683544197586
0.010224765019568146,-0.07458885425290455
-0.018040399280088364,-0.034110955994528874
0.02676890524907924,-0.03206781881965629
-0.054049427040208015,-0.08782571081414672
-0.09574182723059156,-0.07838593072660208
0.013688991727247572,-0.044229335482301436
-0.04160390083469992,-0.051365169038001424
-0.00960655279422826,-0.049847274733655446
-0.051939979296532116,-0.02377233803646977
-0.03732344880781908,-0.07218583674934555
-0.008305089817144734,0.049789926501465256
-0.04396438838274416,-0.008310200936320475
-0.0199638525964767,0.07006014231509812
0.005441280082138875,0.051086244562346096
0.06892574138675711,0.008272053980742128
-0.012095820373030773,0.05837980956909554
-0.029592466037442762,0.009456748473588617
0.019308278504147996,-0.023959954315274236
-0.014005623017799142,0.019768652130247012
-0.06113955796758168,-0.03386483410835629
0.04956573358725681,0.049576130186780296
0.008841883116184005,0.017703432027575967
0.05108982070450281,-0.14297824184190194
0.056378322673036434,-0.07451886435580667
-0.0015174346626787918,0.058750084910225264
-0.01915425441880201,-0.045399525660850995
-0.13219751175376246,0.04038153056116754
-0.039898648718153254,0.06024497394818603
-0.05900319005265059,-0.04715282715243686
0.034183085345858705,-0.05145006508464425
-0.00042099136700162257,-0.007450737941898487
0.028090076958960875,-0.06318501059348254
0.05823729907031758,-0.015307272008144735
0.027283918692529375,-0.08055936102021452
-0.07247220908945816,0.027016608327642147
-0.02346871644314786,-0.0017519310001435813
-0.1083317454086187,0.09718391317862313
-0.058703107486993554,-0.06762476042000132
0.023258178474981427,-0.009552976655702263
-0.0045445430204389455,-0.07366309716633848
-0.02070710051006843,-0.04839040267093935
0.028800099729398544,-0.0844690512568134
-0.047901395361932234,-0.026031403158892713
-0.0514059290675504,-0.06463285878280564
0.04224026931375357,-0.014474467588928858
-0.03758992883615976,-0.02055111953882035
0.053544069311900894,-0.022035784723156995
-0.05044477401003232,-0.034877178299920694
-0.027823572364559887,0.05062272812726519
-0.01859380380011083,0.08450616624941115
-0.024267411300941732,-0.008529659183161776
-0.06054713434019452,-0.03264384325609637
0.03386904216287475,-0.0515242066325598
0.05681127251686342,-0.021797982204494477
0.007328454779352296,-0.047323056760757085
-0.028022249090904575,-0.055166323943432904
-0.052909871361698085,-0.05521439661820316
0.012778694849430982,-0.026296724258226833
0.053886766075398426,0.006720201083773162
0.007886198713240061,-0.00449054479668987
0.0021426424020593755,0.03721984736427867
-0.09381192761551028,-0.07824206307483536
-0.03239051543341924,0.04206619690180219
-0.08107656602507463,-0.011524027010215036
0.02954766543892294,0.007128630591193581
-0.044845868159691965,-0.011380440434157698
-0.056990155821480426,0.00800273438458189
0.040992887525564736,0.044033266253185405
-0.005830464945549993,0.062268716913538906
0.07582966778049523,0.0032987160922992222
0.02911310211465882,-0.025349763185813168
-0.005351196959704723,-0.032567713287527354
-0.0063971660296036886,-0.039239716522490746
-0.005152930454378646,-0.013487810487140102
0.009527517474640652,-0.07876674005514571
-0.0329729075180566,0.02912997100898731
-0.05403012856292785,-0.00921542844825245
0.0110277866043106,0.019951651191020398
0.03649625587686762,0.03798988982795731
0.005557723246469013,0.023454861305486834
-0.12369965099704948,-0.06550587401451449
-0.14092492546125857,0.01904463572151458
0.0003144841146429239,0.01322836328208404
0.0229523109202784,0.03579041348516872
0.10913006709878442,0.016552481631809057
-0.016894305111465356,0.0985835882067065
-0.056721286878055686,-0.034300805374857204
0.02244398872218744,0.024470146453071908
0.06530057116268538,0.01515831394381431
-0.016896350999123594,-0.034593425555011145
-0.018911102246562173,-0.02130587569664209
0.010671388223724597,-0.002039542899985049
-0.028094607151840527,-0.05712730812407333
-0.03137258758364865,0.12162772758113703
-0.038655363735313975,0.04055267747797688
-0.04206966921967365,-0.10949494698969196
0.003521888683758782,-0.009940105895809171
-0.07615288647840018,0.03146506801768843
-0.08120991321084475,0.04109845324540707
0.04717199396690787,0.07676991121515735
0.007364081219459492,-0.025413141990244095
-0.004206829521377361,-0.03499557172977543
-0.03808780879373551,-0.011021888160151844
0.010055737798262056,0.07479770368973096
-0.03890448597438602,0.023080374331040265
0.02370155195978313,-0.04836164985551816
0.08597183040804691,0.03566870426276054
-0.014941066330328932,-0.04238388322775903
0.015660488015095547,-0.015292106183494652
-0.025235888777830947,0.03757572166421989
-0.0020428216360740556,0.019204759722276008
-0.08390887285251288,0.013539866131648613
-0.041538490048004376,0.02911620492586058
0.042170534206800975,-0.02262315202769438
-0.019635350471397726,-0.03665254020775716
0.025978844549170987,-0.04039183157797332
-0.02537593486205183,0.06022296736367423
0.020792719592677582,-0.03549932568040007
-0.03734098878386706,0.031161590269879753
0.003105565894194642,0.07105949026973304
0.014838391293266001,0.10391638329915655
-0.016058402707801206,0.01608727732106777
0.010428518975341916,-0.031025243837025793
0.0356793056668947,0.010019804870164373
-0.03515943712247472,0.07329803843827051
-0.07458859667941893,-0.0585596352811125
0.07136192559956851,-0.04802860927576902
0.059873135056327464,-0.05792577997207747
0.04301932061288639,0.007870074262099269
-0.0619647261299272,0.07296656304295834
0.058057449189983915,0.1371333771390202
0.0019726447286342007,-0.04985802674790714
0.05782211981797006,0.10893865003726337
-0.008085067986127226,-0.041901216639349495
0.01716751508043879,-0.08164879240651925
0.07636472279407751,0.055315132040562404
0.034531564954133814,0.0927613502146266
-0.017331204860205767,0.0054493116094573345
-0.0072314591544868755,0.03462915565075838
0.0030900087422835766,-0.004209654572583954
0.07505258711750867,0.0393698718214503
0.031668566052043205,0.03181248812480848
-0.002979115908921885,-0.03647786147165677
0.015428271800870502,0.0866181820275681
0.030181718675678013,-0.0074651723622478836
-7.278796439099018e-05,-0.020266850735035317
-0.05612603075661491,0.0481365314119499
-0.022523653361304373,0.02837358003658852
-0.0628090807860947,0.028005937744262806
0.03405343490427553,0.00853738037234943
-0.03146428987941442,-0.015419318260520787
0.061081118380402206,0.002831662876918559
0.005844669086681012,0.02211784858730452
-0.009818424280068704,-0.047283156263644155
0.06708392122095383,-0.05561522120220107
0.020002785381488926,0.04655260635007637
0.03770376856389421,0.04568241113775234
-0.010712601249073746,0.040957409584388746
0.10876793515199695,-0.09148801920118632
0.03744238879061902,-0.10910629804273984
0.07192436813770436,-0.01989588244281744
0.055722094556225704,0.037543159735442005
-0.01929526906882888,-0.03349528582561635
-0.04389776495361822,-0.03359240800185724
-0.049584749389978956,0.0932683085979577
0.12425293550785088,0.03805221933126074
0.00322676144708927,0.07833119289938582
0.00165778654501866,0.030720787607532718
0.03681930414526179,-0.06474583760372238
0.06540079778568958,-0.0025782069750212924
-0.06105494368135713,0.038546701285590006
-0.05201855836038531,0.0685073897224319
-0.01120609027032285,0.04620216833705307
-0.02795975574871625,0.03148732662234495
-0.05095264115429486,-0.016685810573704617
0.09216828441282451,0.01369626862897757
0.003324517166408591,-0.042253816140211495
0.04055065496003951,0.011716332669153154
0.09217448894608306,0.061468366930780574
-0.005297062383608379,0.07139662558039273
-0.004045605572272515,0.03836346742912369
-0.07540435999762943,-0.0013797359925338502
0.005505768385219233,-0.031438568572393716
0.08288373892712318,0.010055628675369566
0.0815697536623024,0.07439746700777305
0.05874589952752258,-0.01843721141491949
-0.02982383441910974,0.014926074574565223
-0.0182492602652369,0.11539920634070572
0.07693463034274337,-0.08443759974193452
0.07119060229242441,0.009264933220656139
-0.08260781447210658,0.12622089277500487
0.07050526361945841,0.023207982533550286
-0.03873326333040407,0.08941729854109619
-0.019340532039224954,0.12741730122072645
0.04445476981129631,0.050260090701247526
-0.010664697702849089,0.07720536954648169
0.13777398843422678,0.01289415971466682
-0.0039010395306924746,0.0866376670098075
0.04687853584436459,-0.0792756175902106
0.016607006227022155,-0.014304641194478974
0.04357310435677927,0.08873897505301194
0.021806044339253844,0.004227465525965493
0.026634923912736343,0.009366492172462491
0.008612112821991862,-0.009323501182481236
0.07172220412165961,-0.0020224939044776145
0.057564402215318736,0.05416028774850573
-0.047616389227136985,-0.0052353747559163825
0.12403842893867051,0.00619918484523798
0.07788034779225177,0.013088669620781711
-0.02995927528628438,-0.053167027364732784
-0.017306486281329053,-0.006827554297725153
0.027300967589202852,0.09613306399162022
0.08031469746711768,0.045161851996267835
0.018088862629620294,-0.01960187620594414
-0.008691198071681935,0.006120728318424992
-0.051861687060236444,0.025183798585800263
0.061477617419790284,0.03395080020400201
0.05330289610913761,-0.0851910351964735
-0.00730764591629646,0.08025405374078996
0.012040930942141308,-0.019127255286955535
-0.02872664361780906,0.0024271612463461593
-0.08552344122648678,-0.0982776161942554
0.08980780528744219,0.03421911096607433
-0.004847468264586527,0.028138650569460313
0.044627657703114124,0.025241047679479732
-0.028895248253577224,0.04053532080565242
-0.05149789577374804,0.00836434333806253
0.05982799758999659,0.06241083722643724
0.06866082728321168,0.012912401366792847
0.009362514882673293,0.049323100791977936
0.018421674797215265,-0.02415963926469753
0.06567373252235162,-0.040314152917255514
-0.006572673939506779,0.09963553951745927
0.019033804743285313,-0.07021829996515777
0.01966826747958088,-0.011103706203558928
0.06397942587605844,-0.000264682270675623
0.03835668176165463,-0.03117388824619624
-0.0072219203615202995,-0.033546616937778564
-0.014730619876327613,0.06839246277519774
-0.009559170029301574,0.031275096323174136
0.025769617604629765,-0.05999821873396053
0.0020300658894380954,0.019002922441116652
0.055971931294511904,0.024676273078236027
-0.016310391696911182,0.03876566898222996
0.05254574444166096,-0.032945389519766985
-0.03246448577738809,0.06539154687469263
0.11937414811596173,0.015628529674413152
0.09237257846773797,-0.010253416362969454
0.07570119100674673,0.07261563272070809
-0.03811535656417799,-0.03634071876186454
0.0016784584492348532,0.06882847943090482
0.043716599367608605,0.03576603827327807
-0.02457456305509411,0.004000989096663564
0.0517084193008826,0.09340709425793049
0.022795606948359456,0.09879822138924836
-0.03166055883798488,0.00345161158424343
0.007441288961044404,0.017215379412594593
0.009067149059110312,0.020507653230635515
0.015619959544310082,0.04205942734415752
0.0024675862506701573,0.08622232059499066
-0.10993916746976408,0.07993090096535663
0.12751756266964,0.002489171760793168
0.0224491864337645,-0.005931762865376444
-0.10345403590554678,-0.0246380657977862
0.051422261944863074,-0.02845920436262353
0.029932469182760057,0.05040270072984951
-0.041778063433600444,-0.005626149336941527
0.022317813176641915,0.012694952897786282
0.005244822644792403,0.06049537596802575
-0.03130633365703604,-0.06747240129019794
0.020108718127255933,0.05450961822372631
0.04777415610758852,0.01901948478777282
-0.0021519544328459277,-0.010005601808280726
0.08762912300440664,-0.0661954383116733
-0.006058878529260684,0.002343359884922086
0.034673685534903416,0.03139035575317839
-0.06946710360838994,0.06143089309000657
-0.022626250167783576,0.06507323275247966
0.04445066304688834,-0.010420410004226978
0.07843068975481468,0.08652037358201634
0.04898861062892087,0.08434335712966708
-0.06105859926652756,0.05170313334771702
-0.02594068587492287,0.010315973656644682
-0.07392038942211276,0.008911511769947204
0.015730078491309647,-0.03188234508420565
0.015923243112720777,0.044649308942698654
0.04851023604198183,-0.08298167612071135
0.007118986109247601,0.03482943167308043
-0.011369013032755861,0.05871285874850003
0.013746510213466713,-0.07537461670743158
-0.024717770563810054,0.004115028580162104
0.010857827057464272,0.05282847630203842
-0.006685524987944374,0.05676697623558321
0.030563340450933615,-0.04054342633166369
0.0715570696865694,-0.04466243952109755
0.09322751233933782,0.03024844039034801
0.026890593714534235,-0.021263884192427914
0.04395632541337633,-0.04599755231318612
0.0025372175109861688,0.019297893442427952
-0.011409631857533816,0.0021180069423416986
-0.01756465265396022,0.016130149991690483
0.009571105560194316,-0.04594861688071824
-0.05854170068375554,0.049564126825771784
0.032086903032294806,-0.02951166763165548
-0.0708601726079227,-0.07350045313912962
0.06867194015059483,-0.02968519740247227
-0.04861283039113863,-0.06430976543296385
-0.05472822572751542,0.03075994005840349
-0.04544308563564262,-0.02922513708540212
0.08623622669162243,0.0664090607319475
0.008492383460564256,-0.011122686627802535
0.009133925132592167,-0.03889118915778157
-0.06408021146126318,-0.032077744236445445
0.04811876926989976,0.035626232496558524
0.11803082841589668,0.0799783318054833
-0.044663535305877314,0.0022160506671890607
0.02304828103001212,0.04743831837985736
-0.03377159030208268,0.034836505284355015
0.015569505753411752,0.03732886994434953
0.0008052040632975594,-0.017137917568888897
0.030364408267299445,0.05858525942100074
-0.09826038085309009,-0.00875285033141416
-0.04950564357357906,-0.05135019693647546
-0.10755723691807716,-0.015589456346208225
0.03372369444265292,-0.07829154732271404
0.00299399538871142,-0.004502317425645214
0.03367831669924905,0.04797679887720564
0.0027579745523125514,0.046744870086286874
0.0026721561780704735,-0.022492807810809402
-0.06679881511071299,0.07668786975463528
0.04665426267185957,-0.05718885758074488
0.05960150489910981,-0.00711809110596655
-0.006307262228633173,0.038055535840905874
0.036145770862864655,-0.044147742873181774
-0.028436605468236148,-0.01870548250965729
0.020858739983914663,-0.05539809176203865
-0.026260367344060884,-0.024368629706448413
-0.06518960931611875,0.04398005136015133
-0.022421185513960468,-0.07348317653592394
-0.05847228407934448,0.04972001929189599
-0.08951186495075379,0.0530340171158515
0.012466230035263978,0.08303063017719378
-0.024067487308813904,-0.05069702385562296
-0.06131155983070982,-0.05851784436390538
0.049719539202595364,0.07722657174301747
0.025638123533933438,-0.027482419054074045
-0.02972423467449496,-0.018232921179505732
0.003217579524890709,-0.025210488590481667
-0.06461298628183965,-0.02741920664212601
0.008533919909710105,-0.00352681075370374
0.127874877578172,-0.03810318597137405
-0.01327329391667558,0.02285673937680815
0.02631346611657534,-0.0631637611287427
-0.018038883549288558,0.06680003031554349
-0.09423130614209048,0.06794199946235145
0.04813524293263465,0.012333292753678369
-0.019949247038646194,0.030903549619157228
0.019860290279810365,0.0019863140842691987
0.042765754510501124,-0.04555470812685106
-0.06299676302818918,-0.02213496974329098
-0.012404886788214765,0.04040052962180976
-0.018960592309843035,-0.0304184211210904
0.020522261475135403,-0.02819761833804375
-0.046926404573819705,-0.07382758296439573
-0.04762980039875755,0.047154034039784465
-0.033549936792882394,0.02602700484721093
0.02352678811238524,0.08750903912839192
-0.16871953009214977,-0.011137321497419842
-0.06645566811258005,-0.023397156001214996
-0.014295252754835022,-0.004963909015866292
-0.02944842667532527,-0.054874038131120365
0.05160713815334993,-0.0915623380600885
-0.09710201954118818,-0.08819729766371996
0.05671565101829079,-0.09527292232230483
-0.07580163981764663,-0.03809253877906691
-0.04669951205798834,0.028753303347497643
-0.0477397356851328,-0.12722665235340258
0.03056297347976076,-0.04183272511756579
-0.020002273176031392,0.04665159748974188
-0.08474865787791494,-0.02168195182164505
-0.05372158291308912,-0.032623361162221476
-0.018691218722038175,-0.008514145565263209
-0.022126692523538,-0.037111047982881125
0.003370505630015251,-0.04352791964144774
0.021818233805201665,-0.03736085638676996
0.03790961319392369,-0.08886258825801437
-0.044381188419870474,0.02680161253212369
-0.07112293809663019,-0.002999773019440835
-0.07940894705597812,-0.03451592526030912
0.029301859088090212,0.02546801912682319
0.007769711086842712,-0.023851307932469264
-0.00026468461646021735,0.01603022235122359
0.07558618752782534,-0.01928323492886927
-0.12915413991095742,-0.05488951285399987
-0.07915764829481486,0.03825611079338452
-0.012454176399094963,0.040777954486894946
0.06005565110820748,-0.09324665001386664
-0.049845992923992596,-0.060889342271833485
-0.08913733692368053,-0.0665501540220496
0.014975458642352911,-0.1259403421493536
-0.03053800462221263,-0.11766229822177014
-0.05842278500819633,-0.036877006878780885
-0.060175849606829125,-0.08994162450296246
0.026640522072302778,0.03118719527565821
-0.04135510049867877,-0.038093894943390084
0.051971870658378716,-0.026424559491772977
-0.05929187117661404,-0.023284598187939553
-0.0423137769200639,-0.05988773988469905
-0.017938071153052088,-0.058229818703891816
-0.058840831581340625,0.04493952348359377
0.073802151140993,-0.12034788041698782
-0.008442861829399236,0.01916805833328838
-0.0007822289986359927,-0.03653062883419695
-0.10037836156005277,-0.0232731773276194
-0.07695140201604804,-0.002714230409651429
-0.035552116358591554,-0.07013627269600323
-0.008021552219376093,-0.07513153721610917
0.0096400049005727,-0.051462810419652075
-0.02465894701147956,-0.01620734734683352
-0.05666773900936006,-0.09747029241629947
-0.06321095868540832,0.025310230597612032
-0.011965881524298495,-0.011720287126223191
0.015528130789660904,0.04972945729209011
-0.09967954794247241,-0.050187892460224356
-0.011282186132837657,-0.027480098726364373
-0.09766678970236203,0.0016926507005872553
-0.05679266110104922,-0.04591284212019042
-0.02454574621823823,-0.026760232274230356
-0.022772781045580073,-0.037834529462305574
0.059492364460377825,0.0654704321768133
-0.06634075521041467,0.07021779277819375
-0.05540078674979412,0.005495070389933441
0.06941909571850802,-0.047104783930088705
-0.008559425337583334,-0.030857965597165634
-0.03601184866859478,-0.09828382452292604
0.026941141654525873,0.06971317124467843
-0.022156284371349165,-0.0033343881372362057
-0.007667729676900856,-0.011172455649851287
-0.042489363490224336,0.007036463956381666
-0.02378338421891595,-0.048834679799389824
-0.08296882646862491,-0.09462385880744748
-0.005368405248445672,0.03950315437269803
-0.038489190777406555,-0.0022833795621013866
-0.08412525569483673,-0.018068627658855217
-0.02858987312629214,-0.009386867066541335
-0.030006578029167952,0.0746347980180548
-0.007044872877777995,-0.011951590705353477
-0.04175211294404421,0.018590959383387236
-0.006273427925060728,0.014521678122545852
-0.0035916125305024416,0.04083298449158498
-0.015969758063444993,-0.03346373096300384
-0.06311063387443329,-0.06040650286368671
-0.08748788303858475,-0.02147628514865852
0.033818311772492136,-0.05852788939912848
0.014799849094095513,-0.011094280977200253
0.06232136182340655,-0.11945736346879128
-0.04741586924501111,-0.08332195413664222
-0.013000009986004006,-0.1472198545231965
-0.023660766346391596,-0.06718008801432278
-0.06534049698425916,-0.07430149927468403
0.04250919591934786,-0.04032820087726835
-0.014982779846300996,-0.014531762481949095
-0.0617643844419037,0.04829879969377729
0.005021620982308614,0.027581793962774704
-0.011655660175973227,-0.08232408491579682
0.06891098160860598,0.08311477668479675
-0.001865928471288053,-0.05717296711956631
-0.030614242036649354,0.08438535514812971
-0.07529917793281703,-0.03276386000036061
0.01602245011696662,-0.0397312420295483
-0.006877937368368112,-0.012655380705200503
0.01096961231614951,-0.019927132649815747
-0.07730798865107763,-0.055972156003009255
-0.008642802758796602,-0.0713446816827226
-0.07141143607950726,-0.0052261774301616635
-0.041388608825462636,0.0028872501249018172
0.07888113029949678,0.048353551660112286
-0.03358438338468728,0.0164781048903729
0.07846965322850476,-0.08885046858750859
0.005613631583683982,-0.027445035019353893
-0.003471441979270927,-0.035147527634133875
-0.023848040797904212,-0.008411702418957893
0.04200192940900071,-0.0697364879982375
0.04379481186071473,0.016216452994068816
-0.05628414401344135,0.064665293094961
-0.04770755672011088,0.018858713729084646
-0.038860001473835906,-0.08255906936442825
-0.07858192190509819,0.041085273280418715
-0.04514946008482093,-0.03138959662100975
0.0017418805213849562,0.035876961470929225
-0.03528879952736008,0.0418131766557495
0.06652219703938783,-0.023225535711073997
0.016163270841493153,-0.003817880106646363
0.02988609805667184,-0.0066125611092504605
0.011690318310763271,0.0059959188006991175
0.044239489999214426,0.007031654912861604
-0.040163002315997114,-0.024771159470476194
0.00378600734356568,0.07923390011878154
0.010326980960857062,0.03608825689139618
-0.007979244570775583,-0.09346170990091807
0.035061480243762766,-0.0076121539722819615
0.02360238622765208,0.06191198455535059
-0.048501396713161136,0.02190605350490896
-0.031009930192871026,0.117351214599121
0.01720065809068693,-0.009810114353822284
0.0374445562720654,0.014535704011390859
-0.08609664432082763,0.02006014103985552
0.04724029574234398,0.021979450505577376
0.08152324251394907,0.013312895889831308
0.08231239277121984,0.02497038760042484
-0.03854022752848089,-0.007885485600661393
-0.005810808563044572,-0.06286093541457596
-0.00433600945703494,0.021428584456229492
-0.04848178617921132,0.07344590174980378
-0.06239008881042332,0.03836790356532683
-0.006952274655206424,-0.007338790546658982
-0.025828561459219943,0.040400719407210864
0.01567105730774169,-0.06738956272355381
-0.01982632692880194,-0.10397018464770427
-0.03825201961654133,-0.030748850340688437
0.0014351173217339655,0.1055077355215963
0.10346841524880293,0.0007469916707432472
-0.018327124021424612,-0.003435775116057775
0.11223198374704298,0.008107543100275774
0.02519826941809207,-0.007056632350748047
-0.021282776736462363,-0.014994054202846059
0.04657167677980454,-0.0029936496486943492
0.05510749636979641,-0.06885667189361823
-0.03464324041996116,0.009940380464876412
0.14788784268725963,0.015695982894456124
0.05128871562827834,0.01846206996707083
0.11400889129464807,0.002434922560414419
0.06362823211051935,0.013417507753316552
-0.043710568651342076,-0.002928239357569213
0.14333758095804996,0.056954879904050106
-0.01842085962731077,-0.01275596267112363
-0.01750627314978522,0.05293637195585689
0.028107037833366533,0.004740825146767568
0.008633387240317094,0.007705331693322779
0.04401764760634007,-0.0032804180595769027
0.019693273178640953,0.02283239545989971
0.04403011592647302,0.053994122840558705
0.01899798117898952,0.04270662646320189
0.03833956058562308,0.0639080844963032
-0.0059945905549210945,-0.008342984037019616
0.08825255825957477,0.01768363671309402
-0.022902405478025193,-0.03828170036743292
0.042982351808499644,-0.035957352139485456
0.05364683832583873,-0.04264882630901309
-0.008999042431339416,-0.011863353388722799
0.047900869715560256,0.0810489237458743
0.01602919882831205,-0.011063283480424803
0.05519392160727512,-0.0026328240506088927
0.012419165739527492,-0.03964411781154068
-0.020075771114021115,0.013392580926009479
0.0072589145472438475,-0.06792596070168931
0.13308204572863766,0.03518622776294275
-0.021859313979851785,-0.04554859558599575
-0.021118702918364627,0.1326233547261658
0.03141528377376267,0.04853188567972072
-0.006794543540604138,-0.021306747687679827
0.05638281444400224,0.12037899223310879
0.035374581365116134,0.025905222764469812
-0.032931568510155176,-0.056353645618578224
0.03447801989946622,-0.031066966796092797
0.14485930852679127,-0.022859449842292247
-0.04814262292691365,-0.05724633650527129
-0.01400159928588577,0.08310602476020881
0.023732621062609968,0.032472578928270976
0.00511271519942654,0.021562019132641656
0.0009410522748067689,0.1217541624214575
0.015649170622650144,-0.025935477895632417
0.10131376240279746,0.12105509767497874
0.06798303140544365,-0.05062428373390993
0.06276518925313312,0.03357810947806485
0.015460439413871702,0.06794004205118545
0.053684121140008964,0.102534985683219
0.08317212056005371,0.04363304035714385
0.10195099476663526,-0.015199828874605217
0.0715498657150068,0.13617353942747285
-0.023475108096893,-0.0028490410946242183
-0.07638470730070707,-0.01889483390149252
-0.0650514052303088,0.08682356169492335
0.027506508186393407,-0.07903695534898685
-0.023464576990249168,-0.013411877510897376
0.06427908455133054,-0.0318857261391816
-0.06534617760619973,0.034165042148477126
0.007528591684296881,-0.052693079423213086
0.05491604660969002,0.02172967248813697
-0.013882518023182286,0.02137656687145688
0.0610548492771751,-0.02716560309444845
0.0028537884379169383,-0.017583919291158514
-0.012848888561918872,0.042525434090771225
0.025811678967448598,0.030266421947337148
0.04987048400507706,0.09080166857982791
0.02623707950051685,-0.018763908681318348
0.03932983187816464,0.016641449838963734
0.06962942166268082,-0.00836016730424042
0.029941255773265996,0.030675602144567278
0.06149329826375961,0.04204627977493362
0.04708921722247634,0.07782434694678313
-0.09437251962643757,-0.009534754851668718
-0.020335097831979294,0.0673305253164792
0.017263549658499355,-0.07279266376615551
-0.009682057849797837,0.026438300020849577
0.029717648930755534,-0.04038685275002492
0.04649776300740738,-0.014707679737057437
0.014959652333194236,0.005188709496009308
0.04070491677208937,-0.013087250140079162
0.017556469818801747,0.0646461670667392
-0.028152366062665513,0.08074073306150002
0.037891440296535246,-0.0438629363070521
0.01583603100936531,0.05238056551555924
-0.026149663279859427,0.031053782971191025
0.05896840625024573,-0.014384032747379028
0.05560004096141918,-0.0405017495643882
0.061551223351941894,-0.01607962675895392
-0.014753240068685353,-0.0408221734471098
-0.043481826799511125,0.059348296641784024
0.01760635997801493,-0.02541273650022135
0.04737139543759378,0.04953344927775444
-0.0629820567332548,-0.02651437807971693
0.0385455196279719,-0.027917871752367977
-0.049552501491051226,-0.039798395541216496
-0.03857559786529342,-0.008869805818770157
0.10697119962711332,0.0021847491037598546
0.036933906435043844,-0.017109627103019512
-0.010183076600861443,0.017407324038895878
0.04933014014781306,0.034790313114998826
0.05589526598558625,0.04877392251109247
0.09769993176718092,0.008628790813820389
0.09547234266601912,0.08500150886197369
0.018854361009383362,-0.05276335486780004
-0.0495790397964957,0.07459385680338262
0.002523488652452364,-0.009595454389179907
-0.07992619755799682,0.08623510330037401
0.013024349253869475,0.03481061573105663
0.0546058405805757,-0.020064812430264846
0.10767626132071506,0.053988548753323734
-0.03037656555418332,-0.015305929682686592
-0.012191915464603681,-0.08371973737656649
0.08311512888913661,-0.061105213013132785
-0.020143364340596354,-0.062007857025417716
0.04733523871450755,-0.048623204993676464
-0.05088788628867786,0.08265004157242645
0.1394290677044707,-0.03848813863344885
-0.08255649076702419,0.03109820225111322
-0.06252066176437376,0.12621547833917418
0.04488669743674286,0.04550965739706036
-0.07743145578228583,0.03656905663821327
-0.002250890973967839,0.0010589198390167243
0.055370677766164264,-0.012543032259490342
-0.08521320073466665,-0.06656268001105203
0.03892718152595704,0.02005283610145296
0.042750604453595506,0.0609424226752227
-0.05258932133851516,-0.01864420963283059
-0.023782583275969785,0.006430013022166066
-0.03784390534218364,0.03657654172104659
-0.011511327318769932,0.033835256657966356
0.081658915481386,0.03553456813785122
0.07456938811981255,0.010717826552241136
-0.023355477600239836,0.055380696146230216
0.013608362393233459,-0.05804922038190493
0.05625757041756013,0.033760288527088
-0.030619457734210938,-0.020562683245891385
0.035205850899690014,0.016154694850352543
-0.06095186183812652,-0.0920384920956184
-0.018865834502236785,0.07230564490654891
0.062948125309716,-0.06562751890400301
0.027145514196746892,-0.017516268276306743
0.057926998032211324,0.13865338807207345
0.06484045476346452,0.10063090159121382
0.0627488591717712,0.10093136083589978
-0.08482114429638085,-0.03025057273060814
-0.00780665544997729,0.10503191484521392
-0.14051601743096273,-0.04156336120575011
-0.005575008293734904,-0.09783793921635976
0.02275224841520675,0.03138800724405165
0.06489851423091239,-0.017443265847857332
-0.02837764676345867,-0.0071073252050439534
0.04317879533906182,-0.005554117836341672
0.011721190769735372,-0.09990400782552916
-0.10193137531251599,0.017640907876695047
-0.025582957939107673,0.03384637200272344
0.17791027897047693,0.12035372777142674
-0.00621773853213592,0.03273932864358652
-0.058507262436984224,0.0036944505783635855
-0.0057523623050550875,-0.002920119185234086
0.008792950045731085,0.10934950923113729
-0.053049461344326594,0.023647446564084337
0.05215898827605157,0.0023021954023464243
-0.04472627920964058,-0.03816145248231079
0.06750709286070684,-0.014888916747556854
0.049870137289910285,-0.04414911662995386
0.10173501372557087,-0.03378272090882868
-0.05607900186444183,0.0743867113092011
0.10084029853456673,-0.03568747617320136
-0.03507041749966302,0.0013223480835036611
0.029612422732581946,-0.0006834360798692784
-0.03292098514622236,-0.04824580106514251
0.06412717071050793,-0.01931944732255558
0.03947854189782898,0.027024202131129688
0.008146942461153975,-0.05533717855271125
0.028200862628855034,-0.03551714040688449
0.04352297861586892,0.027178071142464028
0.032825900269681796,0.05653437849536595
-0.09119119655884131,-0.011127520471508487
-0.041785353388806665,-0.007848922143053612
-0.015449551712099677,-0.05916537823895179
0.0009153042826207294,0.019012489531058663
0.023662109146693894,-0.027228365818364762
-0.0008125791157938865,-0.04913562396276893
0.06811331383484229,0.018965197658310527
-0.03575007981124794,-0.05623639426006861
-0.10980215401021488,-0.06509537477251585
-0.09775166865973572,-0.04549981275598787
0.0020443973068963632,0.06559518566681971
-0.046470033839820166,0.03659385664848347
-0.015033298704253049,-0.008875627790961306
-0.021239742814416478,0.043307867669684794
-0.0004360890649033073,0.0023486879697503828
-0.014139214504986862,-0.0715548652729255
-0.018970727305638188,0.03818360277616569
-0.042844932655306485,-0.035353454170575706
-0.03784280826228655,0.0659453774732129
0.0028173236193358483,0.09646442233849366
-0.06871482960422638,-0.07394916936801234
-0.025499159999358575,-0.06797086118460441
-0.08582500594441195,-0.06980226273514879
0.028413051565999586,0.023917604814813222
0.055038830693094495,-0.03369737393303716
0.055875095321881035,0.007119825415495301
0.039855737661349026,-0.007576222928275964
0.010405303471540452,-0.001332947908505671
-0.06925333532743652,0.014578322960522794
-0.05516437233556351,-0.04841512841374155
-0.053798675176353575,0.042842812798490185
-0.0882899849973748,-0.0407110108643081
0.01710309390646198,-0.03975928112900199
-0.07675748547353312,0.02284291142939149
-0.037891880354760564,0.05710266758003153
0.0242622684751282,-0.021894879508007142
0.016216725790757655,-0.0974595061063078
-0.031230538736692383,-0.08866789146150675
-0.056169463926663624,0.008996989352256833
0.025970917768372438,-0.1307569057218265
-0.03814911772101811,-0.06309203724407648
0.03472568811985611,-0.007861421107159648
-0.03079156659937789,0.013110435293973391
0.03518810081743618,0.019390231938153014
-0.1005124300111904,-0.025760479832834415
-0.015181028965516648,0.003797068881047805
-0.009292166472585798,-0.007218408473204291
0.02313186191428162,0.04258969572152487
-0.022273243618392075,-0.09818499673795664
0.012972996458312399,0.029068893188160205
0.0024298238559479386,0.034342157906205775
0.04258563342683095,-0.027295638186363005
0.12650821606413815,0.016000800074573388
0.012489300830294193,-0.043921329144766305
-0.029020089399666972,-0.10621526603764142
-0.0024873698916460605,0.03317804002283141
0.0026539331733382437,-0.07385184116892866
-0.0436789770134615,-0.005109278329043145
-0.000495784975774502,0.05184423332822916
0.0729001428728563,-0.018363880161158298
0.021847422501259425,0.060054235680241805
0.03014692460273342,0.012827610726388675
-0.02804414386428468,-0.13821265308761477
-0.051604035949115175,-0.025495046761480986
-0.0571967746239207,0.017249020608224756
-0.030964618384411793,0.03896428295001441
-0.03357707171757435,-0.06689133431884287
-0.1509947871793674,0.02428174669494158
0.008180419605026405,0.027183544970219964
-0.04565397356934989,-0.03291675648933241
0.005770750809414707,-0.005995926982105743
-0.05229371325324965,-0.014325905103406363
-0.017582585004690635,-0.027456859531832963
0.0214367866814591,-0.03853952573138266
-0.05933717341849885,0.01857381605373789
-0.02360122582145383,0.07021906431872921
-0.012631235721429395,-0.037205779786920065
0.019226802969751124,-0.03655537064654091
-0.02159840754590977,-0.06093452983387315
-0.12393823120315604,0.005524530031823446
0.03273492920713392,-0.010502782416504923
-0.05397498668452414,0.031845558614336904
0.03192143728728919,-0.023186231134754633
-0.037627859666487164,-0.00729080086683275
-0.054993444892572484,0.010476389601082724
-0.06041521346093784,-0.03294474558990287
-0.056336649165055624,-0.03615581417062713
0.08838214287116382,0.017621890720150798
-0.005327043920248957,-0.00707327549249359
-0.014022390769240806,-0.07234316104599188
-0.03954648150683293,0.05446637924106618
0.012777849324834722,-0.049978615997381085
-0.028492880639248958,0.05995622145548067
0.0361005191223147,-0.013168802702950951
0.012584881237893288,-0.09370814571654097
0.016514521843507955,-0.057635378163021174
0.005543621814714194,0.03790022365071718
-0.030773180753717974,-0.05619488404267703
-0.08257642729455272,-0.013201273980059932
-0.04269993095935004,-0.09221068849305186
-0.03504844543276846,-0.07109678562034459
0.021198563005550754,0.022415263854808628
-0.08901539530023957,0.019489345183889818
-0.005638960625163291,-0.029717383287809984
-0.08213233968770034,-0.08227590449651467
0.018685538744460342,0.015828974175639617
-0.0072398066541329645,-0.0014842984314828445
-0.04639512141329383,-0.025869742597102927
-0.08595209096853473,0.05431959672043568
0.02490614360072357,-0.07063011987138113
-0.017996972153475344,-0.04528294636505672
-0.02373567941517825,-0.0059980427481032255
0.011716872167184682,-0.053558158035364845
0.03249904931817464,-0.08071751558750735
0.047532199309351666,0.07468703369671054
0.06611329295154435,-0.07694068506680718
-0.04787922603042898,-0.01967802953431472
-0.07058309702261834,-0.04495971190671548
-0.058426428971201524,0.020986190530334264
0.07324997233734326,0.018892340275052575
-0.11762200723316535,-0.04215913058707301
0.048284274199740344,-0.06285272750040448
-0.004779038999182066,-0.061920418351922746
-0.07438557609475062,-0.12000532277594303
-0.09171460242578154,0.009568842803074643
-0.0849974301054606,-0.01664375683349271
-0.0545471088961452,0.036643881231746556
-0.07385659299438803,0.01932434365249853
0.003391839140886723,-0.005387588153075808
-0.05648838190653612,0.05564375519616197
-0.025442252671422166,-0.09811561731365609
-0.009403248218788029,0.09547194926272484
-0.10000553609058291,0.004202216393273509
-0.05755537805273051,0.11181580223365675
-0.06025922172770587,0.04501927957443071
0.014161690267448696,0.03013329005049382
0.03487815820024952,-0.06500363297807417
-0.014015774661744033,-0.05234812404381427
0.03987423239600758,-0.03705172358291014
0.059382418767942334,-0.03190682441053207
-0.0644716312648032,-0.09823095555352697
-0.02186676377611509,-0.020413213736658747
-0.03540337452666768,-0.017821625771863248
-0.047411791242326126,0.07866336294342778
-0.06920453846286725,0.05175810527184252
0.00048372449507727913,0.0077910207639248705
-0.02060080317900077,-0.05164562135978965
0.06712564490596076,-0.11830250505738858
-0.05029283853098905,-0.051942373735033534
0.006314746028125049,-0.020436639663779916
0.004657921794830563,0.020601543350846144
-0.036342660652213435,0.05289304523597044
0.05623973089977695,-0.04276617861791486
-0.024832738299162545,-0.008073700230916128
-0.035963823823046207,-0.047501730505008465
-0.029956030684884158,0.01968509100588233
-0.025721343416676548,0.0989258584786697
0.017782600569413613,-0.07991554525477154
0.05029853960237658,-0.1081480404539771
-0.10760396695437001,-0.03712921811334338
0.04639695964688481,0.09748742135419708
-0.05630232984117538,-0.05164239136219011
-0.06632580406659291,-0.014789898586434286
0.10186354210213538,-0.023742979298394064
0.009091461214612635,0.10985638638030418
-0.12011478275388515,-0.02610602477964295
-0.015596553841617702,0.014235859505528354
0.06464721885187169,0.027790499016049915
-0.03731827106847159,0.041136082117295004
-0.05255352143001475,0.009628043248371278
-0.010910933905810974,0.03256960037487581
-0.047721258442596025,-0.055883090003102674
-0.009966323514298207,0.0808290678511169
0.011085023462336956,0.07997685931793612
-0.12820951277594375,-0.059289891088624806
0.0009967532422558347,0.06071192230956128
-0.001084596976612234,-0.09227371160069425
0.00774457813958441,0.029858116937646194
0.04243935451999586,0.002830563927405752
-0.026383198414293995,0.0664018802507727
0.03682984635041777,-0.07370449626728437
0.045010506711792166,0.03806225296780975
-0.15644829373981334,-0.029693119567680764
-0.014930879521938605,-0.05997581598590225
0.05779186308867107,-0.07147670963455997
-0.04995240083656657,-0.010882656945336753
-0.01834045430789036,0.03742728826219742
-0.01010540313092512,0.016852470889450973
0.01278355623948898,-0.015410704762067204
0.004112255892474955,0.016941870367800815
0.07796270205003727,0.012805986690103863
0.005277263830176116,-0.01005464591885011
0.05646369309007975,0.0022674501480004
0.08819817076510202,0.04595900110871155
0.04537627795964962,0.014371350480454551
0.0077442237474405345,0.03592523717773679
-0.07046140790801578,0.025184902638216478
-0.08700962619204139,0.09248234682394352
0.0730561289887743,-0.019227441334028456
0.009299177757806544,0.03716679678121202
0.12813426048702015,0.015548567770483218
-0.004704102752465866,0.09324028000334131
0.049959932798995396,0.07482685085160108
0.0659959063513593,-0.04385576564927649
-0.006594806446282572,-0.0004985930947618514
-0.021358464913442086,-0.054177838218846724
0.09739836462435489,-0.011419173777365423
-0.02137498555172604,-0.04262273256287716
0.005870771246719408,-0.07391816937285231
0.0170294174987509,0.048796608641298304
0.05965024493399657,-0.06142901329748456
-0.03944033297925602,-0.040803893299706684
0.06695462066264829,0.02569868128845388
0.08102146142410037,0.09050150669690143
0.015517977838129155,0.05086077894275497
0.028873390240596465,-0.013692484507040208
-0.007680786019752086,-0.03139270126127122
-0.08124924281677015,-0.0770489840164861
0.023622611382210126,-0.02154167211391625
-0.008958585641721657,-0.007075313440560539
0.032192359799183126,0.023225839847391593
-0.06551068943921558,-0.001031330126383536
0.051241358457073984,-0.036296739051630125
-0.01178876947279574,0.0636753113639451
0.03241258385623648,-0.02184118533578881
-0.012725261385679549,0.030570662871889885
0.0588021235892701,-0.060138145712880196
-0.08445553167602338,-0.044000514811309364
0.03623898712651996,0.0003808727676768292
-0.03548276139638925,-0.07442821224577001
0.12273286560227564,0.05949072785088587
-0.044212259874313604,0.02255462852571792
0.037692771427236836,0.13714707607111445
-0.006815928941862448,0.012110252970004957
0.07611699843443033,-0.032523257746366614
0.042804706454893954,0.02314971728557677
0.01717780018281015,-0.0328212774169024
0.11335077742529864,0.05166806522743437
-0.021174023725957843,0.0369438502102661
0.0725144185383502,0.04432325655023169
0.05104709062374556,0.03198111685325316
0.04428484317784988,0.08899430944796483
-0.04028520236074803,0.06689711713572047
0.09611348700890182,0.07049712742059677
-0.007563564128939711,0.0042320032751880805
-0.0295547575957568,-0.08184792758680817
-0.006743181096646185,0.05198599635200821
0.1238999571835889,0.09428026598627721
-0.04030454547988965,0.02490856869903395
-0.03685929152529566,0.00803377711128877
0.05489967637768613,0.001566181607779906
0.03583430135987002,-0.04502229948738705
-0.014362861190812131,0.0024946687920799557
-0.01598092373691402,0.04186831042653488
0.0035022476388404424,0.0837966242241884
-0.0028905536510038347,0.00830922813841495
0.044554201358162474,-0.008247193162323894
0.03222269510722921,0.03008200910869486
0.012740007344422127,0.06789512541010223
0.06850481981430413,0.01918102246063459
-0.015872993252580292,-0.030421153796631253
0.036317008014172675,0.04526763140069785
-0.014258140937801787,0.10325787572945413
0.06389697675432,0.006381077874125779
-0.00580408442767261,0.057031685917871514
0.07486134124117322,-0.01568766405134779
0.0584854200915578,0.013319443854291976
0.163472333973412,0.021873254029058025
0.05622411247081039,0.07289550392176891
-0.01075505015622619,0.03079989142121225
0.03214859902436065,0.019818614487652358
0.07675446597005306,0.022699008661045322
0.07499529570060166,-0.0016412786517089363
0.0401165998035706,0.02795157978938801
0.04688646924332222,-0.05164461779438153
0.06221460465217256,-0.0484029875957149
0.06919083332550327,-0.02984233131913166
0.08099604205149988,0.03608895576132639
0.07937724626835523,0.031959865006626606
-0.0022201545574711268,0.0955051946937477
0.0031679461660041874,0.1746628562030072
0.07133444040454329,-0.022288009205234993
0.008888444939261225,-0.02346569432449745
-0.008728369289725032,0.011497338882282652
-0.0248896569479877,0.0647734212273249
0.09365056367955651,-0.013724996169045281
0.013724558458496797,0.02630958781267867
-0.07113196403106155,0.037636110370753754
0.11300792315500013,0.04757751272959773
0.029108299971393713,-0.04742477081437596
0.09886331590164486,0.12210673987199931
0.0863400341751164,0.07273057010889096
-0.04112629779717854,0.04126935052001456
0.028437713732930192,-0.07756496453192516
-0.07737962599938772,0.0034942627460061194
-0.0010761355175431218,0.05212210207848088
0.06395644550482471,0.18521493289671379
0.008374358630358236,0.012448058697528418
0.007037808120641784,0.03978200364068132
-0.011025767926162701,0.011180416012101336
-0.0726667650723324,-0.04103777822191751
0.0049691637026040795,-0.0211813144932199
-0.023842315817120506,-0.030536579834783965
0.04807385451499958,0.02937513729082412
-0.06434065719092333,0.04669288839368363
-0.012620034043760078,0.0019221330489824426
-0.03821674010774603,-0.05437245360613882
0.013707885455740365,0.08894982474626886
0.09628512663245256,-0.018139815606176876
0.05641255181223433,0.046498340043000866
-0.04773212442795537,0.006708972583480931
0.020588295223008816,0.024776143270103267
0.032980538020640035,0.040201886941565755
0.01603451223690166,0.048884628596971555
0.05469086378696089,-0.03174456817916346
-0.016120192514900145,-0.054587038904429744
0.04164852224085584,0.10713989725973981
0.10641560880863621,0.047906586498026885
0.02980979016332026,-0.04054655421108737
0.019935222102457135,0.041429093858928
0.017574034293203606,-0.021295047678978794
0.02483855023241808,0.021330685305272132
-0.01782604113212935,0.035778984294647403
-0.005516762679775827,0.045811110398173496
0.10939434117147226,-0.04751878148796152
-0.07010287824418168,-0.014208217173313237
0.007874645922481485,0.08444878402222603
0.10744895668532597,0.09748279412079981
0.011918633183412936,-0.01662709079915549
-0.052175330212881586,0.07604636335145529
-0.012230065975199846,0.0015038023233300349
-0.03223564299045588,0.03458456800640061
-0.019624318612588162,0.03010353178510044
-0.01442065560135085,0.016303327268988786
0.10731149151980575,0.01704158735386288
0.050131533734978174,-0.017574449723815284
0.07227398332780116,0.04214709238406889
-0.03644394636742128,-0.0015322520855178198
-0.029087792977226464,0.013215738756162278
0.030063964415190082,-0.011273963703245364
-0.03077443534557595,0.05417805049546752
-0.06084587873595092,0.05453408320380097
-0.037574218387517455,-0.044572181847470346
0.006634924565533093,0.008342567609559511
0.030836262234199413,0.006182488941855404
0.0793918871448611,-0.029195898081051972
0.018473000107884482,0.050131383470639536
0.02974160601816278,0.012851615899211064
-0.06107179611533553,0.0014301534023117655
-0.0077129333321082315,0.05322469223237811
0.006013817109949395,0.03899680151578891
0.03106896759733161,0.13853877707828402
0.06846584802022113,-0.01536907117482768
-0.08218204246356292,0.11707323829960826
0.03321902274922947,0.10666032717792212
0.013272909294490293,-0.01936994044929023
0.002049119698711889,0.056672609012794445
-0.035539240609201404,-0.0057300257919323215
-0.11392042488668283,0.0529637837073624
6.198082412550883e-05,0.1101031714434006
0.034329518629248844,0.019177770043916895
-0.009558376538521223,-0.054806629292013805
0.06479940403561273,0.08148023550273156
-0.031386839037968475,-0.011137434670767866
0.0051669575541856355,0.0388426718406504
-0.04444149659748288,0.029090461377160703
0.016408063577749453,0.005975343309360227
0.005698753990018931,-0.008051357867414996
0.08919799104587357,-0.04313012754978683
-0.030440329045468444,0.03504645819400837
-0.07917247511356217,-0.12882729097269383
-0.013846050324909001,0.026858969331852386
0.044147187220885155,0.01339940284230641
-0.06359201004157856,-0.07193183999491361
-0.053380631052551614,-0.006317954013523697
-0.07675942118763839,0.00534032300635268
-0.07238168409723691,0.120811642045433
-0.021202142100311426,0.02277995462700178
0.016570927876084413,0.011439728927442763
-0.010751919150377306,0.09420263597775087
-0.045076900072953556,0.07196045170664668
-0.04028687609594318,-0.022943253657377333
-0.07231251091423073,-0.008238745171069607
-0.010170865858879649,0.008197694524887158
0.02123111060212166,0.0399588099426122
0.049523353965568596,0.061448712373580634
0.10641836857628445,-0.10474335044304461
-0.03770833535497172,0.042355515040609804
-0.008990183411097738,-0.054531588138421544
-0.01735417475315227,0.0014708105035437073
0.06627170888695752,0.06772546869868111
0.04099020617612413,0.030403724827822474
-0.06447733254507695,-0.14046829137127417
0.02830492699280946,0.14917016875508415
0.08504705988029315,0.03965317973904853
0.024587160544430647,-0.067272285939563
-0.019418315798899976,-0.00017848443000339923
0.10023585394962278,0.0464630119673946
0.011256537730921043,-0.0017160854920513732
0.003852759275831731,0.0032150766995081566
-0.007092014452710094,0.01999420349708253
0.01731535910934508,-0.034598483331666624
-0.03890669743919339,-0.06532189637138856
-0.03864194526235988,-0.10377434104817397
0.04204368613386809,-0.13410633695108828
-0.07776221909135095,0.021917884302565912
-0.04367634037751097,0.05349277432816475
-0.05710278637821367,0.09731432421804018
-0.05782187938647527,0.08394668258044605
-0.08837159482953928,-0.03756165219958423
0.0015052717371722276,0.01864047190952282
0.06846647821752219,-0.019018355627667474
0.026796514464937898,0.0006022249658238299
-0.022837698631210362,-0.0029393540784605765
0.08556834952914821,-0.034813316760016234
0.06488086181610145,-0.05326014210734008
-0.13211729665415023,0.0868016302034279
0.06203686634239159,-0.056655308871424094
0.03050900648800828,0.015764114919563307
0.00487237401365395,-0.030580029882220777
0.05340465472367598,0.009284039420720565
-0.029900912876359546,-0.03636464086766435
0.02624746855466263,-0.009061533411044362
-0.10680539288792515,-0.006657975233222434
-0.032172137235785124,-0.10135231930748805
0.07715121512378798,0.03400988412545462
-0.05752933284161177,-0.007241202869101385
-0.02296332181527694,0.032966669382390186
-0.06384140406693409,-0.03964399890381594
0.07957546923867113,-0.0747045594776147
0.0797418948256755,-0.02429317167633021
-0.026135228603573073,-0.040050385800612515
0.038285633342296316,0.023221557462199085
-0.04374491592964041,0.07271020028276069
0.0017229510080758233,-0.04776489580236987
0.01877032109716498,0.0016080358044108945
0.07487840735938552,0.009936492969920439
-0.03016861801211062,-0.06061746021422869
-0.026358041136474462,-0.08309960022144802
-0.036987498045790254,-0.07376330983607422
-0.03293802928097725,0.014482115875369746
-0.0640642933860767,-0.0038427905602626267
-0.05511546465522457,-0.1232782458482235
-0.07714822541762818,-0.062303280820213316
-0.09336037442758886,-0.13794829866928945
0.012584166420675039,0.04432788985320561
-0.03606574697849006,-0.13723863780754017
-0.06940378309818154,0.012194657898443456
-0.06120221641415844,-0.10276322704380056
-0.06828992672196452,-0.021423997339115024
-0.01855682350455683,0.015271921050089975
-0.03016115088686252,0.0557349707900472
0.012992198994715192,-0.008314929997019858
0.07665618464930621,-0.03907363093707264
-0.05116043348084699,0.04005666146015942
-0.00775384830591843,0.06331357901442872
0.024618512489575566,0.014854056858467957
-0.0394944718464226,-0.02826644315992566
-0.038033245542084995,-0.030951714872143966
0.08980954950513735,0.05711463043991141
-0.1543563421750788,-0.03770267631678691
-0.007207722636023371,0.06895308691242989
-0.03576383271296897,0.024055544288541394
0.06871869405089698,-0.07828262981818926
0.028614351711604022,-0.010005558177657659
-0.05225777607260307,0.04214072489257631
0.018781624420151407,0.004398520074617114
-0.031794105735275295,0.02164351894737615
0.04790177884971857,0.018058419244845053
0.01847596572555833,0.00978600173386026
-0.0017095610830304905,0.009655305181910562
-0.07452813776515088,-0.042188278258306205
-0.02646006637219277,-0.014739678991780239
-0.030262490131569588,-0.077642999914494
-0.02194555527797107,0.022593612188796266
-0.049240111646862275,0.05414976416195817
-0.020877007991930367,-0.0841538718292423
0.00044098598432086925,0.01569838487247995
-0.11834289198889172,0.003050236489219385
-0.003256768828013217,-0.006261082742594149
-0.06327403603299452,-0.057935369676253366
-0.05625149229935611,0.03775762772047281
-0.030444482031374905,0.051518283827454214
0.051901290436966924,-0.016445843847087763
-0.08727365937935601,-0.10107805258799474
-0.04706194071991975,0.04513066379246025
0.004553317218262878,0.0015019962796572577
0.0018739392086748047,-0.12272244202677066
0.027232488605037766,-0.047694716420890765
0.07613594651630536,0.010216978332473665
0.020574023135778646,-0.06557069634382177
-0.04119515546461298,-0.11092689599829747
-0.031509168171551846,-0.06462013109912172
-0.09743304852799582,0.05404139721542804
0.013831497300468173,-0.07538249995617877
-0.06833670489003987,-0.059161318944182154
-0.06837417937408263,-0.07377582630631167
-0.08257108906668861,-0.05977990420964384
0.03330616971102329,0.030672998204794272
-0.02631626422861084,-0.05492435898891824
0.005236714833310511,-0.008600289188596217
-0.06089860143720678,-0.055706466202518554
0.07211859221783054,-0.06075972834301798
-0.0550323466400483,-0.04364795311928915
0.012758612181662618,0.0023087656004757914
0.012010887655382323,-0.02668248208439146
-0.017750780296573673,-0.010658284535334447
-0.06918470497171499,-0.007561151542585416
-0.08932371758162592,-0.09210821226666888
-0.035136811601520115,0.07048242598100973
-0.008863898359617763,-0.01808081916520226
-0.04012886629854776,-0.04012033200162679
-0.10236628177918317,0.007031670199714166
0.06126951920295834,0.10965522722168129
-0.04910764036362171,0.0024734868379523572
0.05273009777168292,0.03727699298132301
0.007183466948137665,0.028668500096879837
0.0015856418555119205,-0.008617850820173752
-0.08700495422345124,0.014261228772953712
-0.04489510860361294,-0.13507538395729143
0.012698652116923954,-0.012384996116267848
-0.0033704402744092893,-0.15594375805666433
-0.010995138051387781,0.03637655690606997
-0.01152771110795163,0.018973954244147648
-0.06908072355426761,0.04803191681460273
-0.016467824982871238,-0.03874504533991879
-0.0012339621044293748,-0.017454867889654856
0.014097769882100954,0.023238710866444155
0.02180886785412048,0.024188411132854172
-0.07276529092111539,-0.10817198044682844
-0.034159253304651784,-0.07594934702601863
0.023592358063624735,-0.004949921956816344
-0.0443820664855395,0.03543858846883613
-0.05719184072064239,0.014124060559454532
0.05097513139674746,-0.03454320530210071
-0.02473272280010027,-6.559739379738416e-05
0.014034307106344325,-0.03298512805611924
0.0774835644491544,-0.08693257977279996
0.0036551736822619738,-0.03245237923503233
-0.06480235952661963,0.004788422232625518
0.011218404325296052,-0.04635988118632156
-0.033654837090422066,-0.061605364275598436
0.0026394471267108394,-0.002231432273924432
-0.002888232452507704,0.027673053520126077
-0.02621900773195055,-0.023046324057623448
0.012115662799978834,0.08273506765813794
0.030968763839418066,-0.049790931342418875
-0.016042096451436675,0.05783307132227765
-0.0005799724238843909,-0.07161756874005219
0.00520744553901477,0.04565050096048551
-0.030509482689990305,0.027331426392077505
-0.05043752342026993,-0.061091442466630126
-0.013823130982907696,0.00044893159924468823
-0.04829755575004449,-0.014280133145040935
-0.0023096820174251624,0.027816160532060652
-0.07134768648971415,-0.12102796773120252
-0.09317271517062231,0.03452680347781976
0.017087283012459355,-0.11331587808055214
-0.006299019613149838,0.016357739933574433
-0.041988168289250206,-0.017104996733009307
-0.011641810290308481,-0.02615769944572514
-0.04224528435111541,0.03965673629756945
0.0017026913426338147,-0.07909388942530626
0.010003083861009263,0.055775181821049735
0.0017710043105488424,-0.041372192483040096
-0.07443320436306972,0.014188984299489001
-0.06526700596520481,0.012448996680786795
-0.018202621492468186,-0.010397389211560084
-0.016239088212232265,0.0012249452546791743
0.023855179769230808,-0.05825137184250249
-0.07958258316628286,0.03454867084765843
0.03541715093346462,-0.015341365593187438
0.0020436299014563964,0.00964450162538916
-0.028076884070917876,0.04164837004804741
0.026067743242376866,-0.0005052918484008016
0.011096886195593157,0.0006122262217394155
0.03636551186897373,0.04093312838604072
-0.05893033375862966,-0.024029853177336368
0.02228647204335049,0.1237138379344099
-0.0005018098600388906,-0.02386927169970385
-0.04785281602702403,-0.013189869429912212
-0.008746371835836039,-0.005243620391109104
-0.009120421530778343,0.008027811632997057
-0.10344898067492364,-0.08046766951473405
-0.013103221207243188,0.03885412408131052
0.039420134053339224,0.05667035403240213
0.11755478515069949,0.06354171909791012
0.020829831772966288,0.03482035738314586
-0.008642396862994358,-0.04911869803777024
0.0017553923857194557,-0.008151800257358713
0.02331963096274385,0.015649333940601792
0.03683195885055545,0.12405569858940092
-0.033600679869000116,0.07633160832835141
0.03073944204599706,0.03960342716983231
0.10336072690795256,-0.018028839801786885
0.015346516194470632,-0.023846305720841728
-0.04601551664290879,-0.04975381032139905
0.05657966370172275,-0.02090071318438812
-0.01449074189783908,-0.06953187040319533
0.02633388749228711,0.021373557912131025
-0.006308534007235588,-0.010380180909483032
0.01389860429714308,0.05869893468499781
-0.026114028544342045,-0.015836349811797074
-0.017423693555574476,0.10228444643021864
-0.036175835434225555,0.09649440806381407
-0.011523278834403858,-0.08853848901128693
0.0677835416773989,0.02593287890041005
0.005716199967057197,-0.04742388642188785
0.10313229745233271,0.008844920576860631
-0.010040395207338865,-0.02563237334986852
-0.00442467018574686,0.004740149462930586
0.048054511010091464,0.0003709121035873142
-0.017497387967745602,-0.025544714500749653
0.009040312751766985,0.06051056750231672
0.06618773554587647,0.04281987345092219
-0.008107560733813367,-0.029693792856597158
0.03945960599407389,0.04438606924033776
0.04899222763197433,0.0703802080354493
-0.09903387041297332,0.023236351910322126
-0.042447495188575234,-0.030432855734948666
0.021689819480360497,0.038664947224236496
0.09789413048164616,-0.01162448910094411
-0.04527697943426322,0.07066734733890859
-0.05942908854588981,-0.0048191786931769225
0.01160897724511948,-0.019074541406669646
0.021055560569976137,-0.028065189597999744
-0.04601757204534285,0.025292581719003695
-0.016511596104709265,0.015072332167961888
-0.006912856349779133,0.03743103473835396
0.08094159939376679,0.05045438050525601
0.04552415332363495,-0.020413618233114952
0.04383024656182171,0.009053861809695127
0.011272616270872692,0.10311609101331773
0.048333754735798394,0.012710869138553908
0.008249145726929944,-0.0013208149387535333
0.03807483834915473,0.05538146497697741
0.018702307355376653,-0.036108001025878744
-0.0524718126310503,-0.01178854414056225
-0.006993511569804553,0.14053267367693068
0.022986470512734756,-0.0022458005986429365
-0.035897697299137325,0.041272945187382976
-0.022509893809520207,-0.0011755802152658493
0.07500919813888571,0.09577837046803503
0.036517694382438196,0.04319667152425481
0.02125486918986103,0.024528718477617503
0.014582443577286119,0.01578249098248438
0.039801654991204256,-0.016261840586134883
0.07921513148556203,0.03300699635317664
0.029294741643745882,0.025803096416465103
-0.0670769892444501,0.011155335033085561
-0.08520001240093315,0.02428314955598442
-0.05821926340356008,-0.04924186622743035
-0.025038881521593764,0.10833067896767815
0.05737716267985993,-0.00934791895705393
-0.04840690449381847,0.05624197002588019
0.08583008588717936,0.11327497277927925
0.10383444550785086,0.05386308468012363
0.03917579079887009,-0.026682121277696123
0.15548420994783219,-0.021084699212556915
-0.03321557688798734,0.009762599161883904
0.023441462791705864,0.020030129399001142
0.06938980621726577,0.05348922783721698
-0.00463314378432644,-0.012059567234241002
-0.03062630239490041,0.09859669994382471
-0.03916482285730298,0.007329866394319793
-0.08009328885329944,-0.05855536689424258
0.07184042637924198,0.10185407535721552
0.02199935662088054,0.07098905291168064
0.004767985655807425,0.05736432960211483
0.041548783978688386,0.015855024564798953
0.049087742918176705,0.07241436950252231
0.03070286421345913,0.06042618784729785
0.029932958946936348,0.05505675086725795
-0.031197868107774196,-0.029547196186607706
-0.04369140850294273,0.028142372992894023
-0.0131632694301522,-0.05968755624337781
-0.05417150260176271,-0.010898565602763626
0.02182917517345095,0.04144623232666319
0.013401805656021743,0.018897646829812265
-0.013775887068779868,-0.07759054903154841
0.04985703869001737,0.09512876305557003
-0.011222971463965649,0.053101207402259674
0.03410369960236109,0.049793784201021755
0.004368249194272401,-0.04363577555121096
0.13352172240884444,0.002842184028575414
-0.008050155749835985,-0.0722948008917261
-0.037333487097416546,0.0006076795721990831
-0.003711217232982022,-0.0006789087004243875
0.06596376330345881,0.021154652051264794
0.04308648740295923,-0.006552176556554691
-0.012364157913750423,-0.034365104166022765
-0.016751196667248974,0.0540962177180563
-0.027571525354740216,-0.012903207587206082
0.059245832276531796,0.020049196416280918
-0.0259375230712262,0.002321506833806275
0.029152903988612464,-0.00843938294079297
0.04715471786552316,0.10617090450785531
0.026576415514473994,0.12719889570003282
0.0025823734673814346,-0.010827396663270986
-0.00800522492720214,0.02334651198576536
-0.06573491677672502,-0.020822306799202626
0.0375938125509252,-0.012321213480516673
-0.0375907469913485,0.0033778371050040452
-0.018246686051126858,0.0351161863721829
0.012793112015849206,0.05350315731431828
0.053359249489801294,0.006666021759061993
0.01895974152680595,-0.014268489075892576
0.06427036073115786,0.0061491225570523105
0.02624036660134421,0.004184602399692514
0.04626368869697587,0.02258231422398899
0.04511463507686654,-0.01022856017342903
0.056855907215699115,0.04215383949979191
-0.05648733972902659,-0.003871162653318879
-0.004121721883513067,-0.08636433923950587
0.07739753444149376,-0.0249957571139317
-0.017659759657321396,-0.02401009633571087
0.026196263118587713,0.01319592486826284
0.02435287095258843,-0.07647569696823558
0.13682738926432164,0.07502828614771975
-0.010544056317090517,0.12558900772116668
0.10005489578601362,0.016589155443421724
0.03208260868392825,-0.05821119160239207
-0.03553878164817696,-0.021401102052500006
-0.09356724016399345,-0.03698630919614579
-0.11563510744573643,0.0025836405173216385
0.046770867868853726,-0.02947351589768754
-0.0061471266153360175,-0.014400497396252526
0.032486215308047114,0.07730735465346249
-0.04062339660753035,0.104365066273758
0.026380145835690854,0.07268926682902564
0.030188552850852837,0.056881710417677304
-0.02782326053381207,0.07884456327714176
0.06511576488215169,0.03353768421320699
-0.011401255236876585,0.041949720002234916
0.04105273518032783,-0.02761824148877836
0.05858091392515404,0.09012333631349627
-0.0473430542209602,0.02271386548035558
0.03781419150435457,0.11101710913730294
0.002094271322998109,0.031843500506308894
-0.0037550231356356847,0.0857515350624069
0.06602847002494469,0.005884868075661187
-0.03357097822556184,0.055879228401360045
0.004972628591933018,0.07592206683342477
-0.028684384476097675,-0.05725202751033635
0.0377725416733976,0.02731218796757176
0.016946056521459956,0.008538225970055602
0.009200827932329434,-0.10684348720886223
0.014725880304067074,0.057264657727619295
0.04656524707944734,0.03579327067695154
-0.04764960065716729,0.049490159227752385
0.037086620495073,0.06429638692794604
-0.039516523571681846,0.024783142097126124
9.465386811370775e-05,-0.08752917915766323
-0.051197233050162015,0.029137460279667057
0.0006245502995131502,0.020984914326213865
-0.023897524150417293,0.04567487311492454
-0.012634950317737783,-0.008651848492624539
-0.08693350561533342,-0.025816499501365067
0.012916710570800245,-0.023993990075733433
0.013007086906859582,0.02310267486294077
0.007158347144630048,0.01225146081852493
0.013182277063231999,0.01572253279848629
-0.0050779807233483736,0.06601430417448911
0.10014237738471501,0.023465448048693778
0.061797874831680914,-0.0015062453208813682
0.0791554224410478,-0.012630821357524639
-0.03265999696687232,0.008074604907015705
0.10339282585651814,-0.02328530487182513
0.03742745136708696,-0.05164542801567425
-0.04016290409483811,-0.005347060539971864
-0.039115623882798385,0.039540182226599746
-0.02715406027995233,0.005501994278470491
-0.05325098649854792,-0.0028128539617315786
-0.004240432204404004,0.014608238984533891
0.03716115979069225,0.0019215214500589786
0.14609632123281086,-0.015884269379590372
-0.04725570844436286,-0.013134400246959783
0.09210468533552765,0.04409639687774679
0.012455449604883182,0.009082110074317005
-0.06656201337822344,-0.041484620788344556
0.10947601156995367,-0.029291470725449256
-0.04099350862284631,-0.026161659890830902
-0.12244882439955136,0.09891816405507645
0.06366835436423458,-0.03381741669233999
-0.007199333056968781,-0.030549397247075425
-0.05418634200637947,0.037758172987114674
0.03141919386985308,0.025859359773197355
-0.022139177725283298,-0.054858906889308195
0.012944051845922955,0.027692996621619503
0.015929023423483946,-0.028351218897155972
0.03646073739193934,-0.08950293045372523
0.07632589875969734,-0.03930368784974303
0.029622120449448536,0.001820822250711336
0.007009653543086747,-0.0011389622147221173
0.01038182663118654,-0.02172766879851709
0.069138902514301,0.08267866013137887
0.0637181959868894,0.044900020472976615
0.013494043465801053,0.06717350552080702
0.011343806514787775,-0.036231682694193745
0.012903691659235758,0.013956754577172562
-0.060271104136271875,0.004131607226081054
0.027471610561427988,0.024879237274379233
0.056063914648607466,-0.019618418427889438
0.03157139431920102,0.03404177833928262
-0.030080026845514793,0.05051960816493384
-0.014425997913324997,-0.01093562116373302
-0.003454410539881098,0.01677040502267709
-0.08528467540361667,0.023073039474990606
-0.07264818980132459,0.027974131633387127
-0.05634921292528545,-0.09204846879337572
0.04216490187229968,0.03447276723002876
-0.0316135991203211,-0.03495451604886331
0.053286434795838875,0.032998262847006896
0.03530785855658946,-0.06793362222589587
-0.08420499219326878,-0.04319649736310113
-0.04455984038104707,0.031827378737360384
0.01234454897129738,-0.056179289642659176
-0.06705539675959002,0.0031384223358056768
-0.035314782321022066,0.008587213394635003
-0.05223680235244001,-0.01959204304836161
-0.019666970635610858,0.011425382465953282
-0.08422538649511661,-0.020661826516718308
-0.009508624375509889,0.0209365559036015
-0.06081167156999153,0.02106760746661878
0.011031436998921219,0.027541019378254962
-0.15722190333808203,-0.003128560560899203
0.0004991132383796379,0.06332790759814412
0.020874347697683496,0.04328287397395435
-0.06805291531424787,-0.0390729852413052
-0.02137755758101753,-0.07533802155300275
-0.08091654724218067,-0.012051259860793587
0.008679640985518136,-0.08426818145150819
-0.047697158053370825,-0.031362022496776415
-0.054737463115837236,0.029922323586601143
-0.12172067366317672,0.046681532673045124
0.033099775769053,0.043007470066222867
-0.032246961657454484,0.05546751237825328
0.018559354367103854,-0.03800261892456418
0.012878788975014844,0.0018779778486056765
-0.04271621525072827,-0.009727760758580336
-0.05790015238232954,0.01111784826462634
-0.013458374397550935,-0.01311472469414953
-0.022979176336271966,0.009119459343237995
-0.05109514114168593,0.01580475618312295
0.0034277950298927558,-0.031028598695355264
0.007554723186485002,0.028767496375232487
-0.045938831867599464,-0.023891008857735936
0.008419372413838774,0.03534991094961146
-0.048540695803719565,-0.046208233021658766
0.002282547590133053,0.0784146253290632
0.010774343333212234,0.0002458085011942564
-0.100888221317132,-0.03818634713866631
-0.04729266154627229,-0.09193205479820665
-0.010310708747980419,-0.037494876376570715
-0.01761892668222865,0.08749963565366817
-0.08605188955252781,0.0534019205196222
0.02491733509563677,0.09641712836178679
-0.05130568951489045,0.01626236456383638
-0.013422119995827774,0.013806112725095573
-0.00014475590704888033,-0.052316948781157974
-0.1185676606074727,-0.06671402189138725
-0.009264836199668666,-0.12885638236818964
-0.081833337380765,-0.049190747274733104
-0.0667736938146215,0.07242774849168947
-0.003464910822588478,0.023269772798694292
-0.03505293466786581,-0.03497898177354199
-0.01347347036264309,0.056392773926786585
-0.058220005933252425,-0.0003688284387230109
-0.052124693701427166,-0.012187117764657661
-0.007871416177286004,0.014836427362746287
-0.03193514338594088,0.022891425171119834
-0.003717569593997343,0.06187571407647023
-0.03891634327813434,-0.02614816847565965
0.03307311260903116,0.029799751871724924
0.013334450603978455,-0.042924666606237255
0.0302041442088361,-0.016274929099895773
0.019047302866345615,0.018263961179725938
0.09641577166009518,0.0015049876783039574
-0.09630565635453853,-0.09017289972701856
-0.03749848279463176,0.009907544316499088
-0.015344180338775193,-0.034063459295398585
0.009919771269601332,-0.020129071753585706
-0.033402270365539534,-0.07062697323176276
0.0020653878403073776,0.06909340619853217
0.01859220107776194,0.11150433438813286
0.011163703311208271,-0.03931929402917762
-0.004766395107707665,0.011182691635375712
0.0035502745525148142,-0.010376977507473342
0.08049238208867826,0.00045391455914274223
0.06733635905216066,-0.03267017955803546
-0.05217244044769467,-0.040459525008786995
-0.04182206011310449,-0.010868121571911379
-0.032648477320986295,-0.10691881662527707
0.0034816475695799085,0.06271982883976628
0.043013162332043234,-0.13475195294215675
0.06620216116398187,0.010668376811256423
-0.0811102925423509,-0.07179282686531936
-0.008033585314224202,-0.030763094184316653
-0.05415739073162735,-0.05667122273833561
-0.008593141432444875,0.023241741047672786
-0.028505070525910593,-0.0018033444842597973
-0.015046818635189224,-0.0015433686417172243
0.0658750957769094,-0.08173369234741
-0.056342389886520815,-0.006334060381796746
-0.01533434984946963,0.005887629526454184
-0.011237905732889488,-0.006976610192716566
-0.04644718518486704,-0.012780159912119575
-0.06237928946229497,-0.08633562724825333
0.04701865808029233,-0.04557201914646134
-0.04842536934324236,-0.030918264115721815
0.007667762234769299,-0.025019204465761245
-0.02809202300240085,-0.04770306768769404
0.018894648893410096,-0.04374872757710246
-0.06285940029505196,0.049620150399207225
-0.12955029913950927,-0.029489719265126862
-0.08293493130626396,-0.07264845385652821
-0.017937964356766936,0.02331332824756981
0.041352527205508124,0.0682239763326698
-0.014467233470920288,-0.020031532418863036
0.03591198235901652,0.04052625826132495
-0.012776209728434528,-0.11002555247812777
-0.01833410525524087,0.03281237847794143
-0.03778462261886727,-0.06548810589562276
-0.00815380100815573,-0.043603997944415225
-0.005546999293742569,-0.10767406737807793
-0.01909424477750645,0.034064432709895495
-0.004557222208810838,0.03933707201374083
-0.07716046705172872,-0.021554783958789243
-0.13262065987521374,0.01649273548643466
-0.069266809052397,-0.07147322171824472
0.02724667833468991,-0.056708315446399
-0.020536852907693734,-0.022917912371795655
-0.039225460437160825,-0.015481730186792882
-0.035339617284881344,0.06585099335122307
-0.0027360828940398586,-0.021701232601727148
0.028812183165438456,-0.049629702489415214
-0.12137625252661283,-0.03065459435105933
0.0006951765722992779,-0.004374806893101844
-0.1792966980192295,-0.0945153706754131
-0.0399705722126721,0.008920876668006427
0.07409858001680295,-0.04055477196264856
-0.013971884171143423,0.05522654933129307
-0.06929403479172702,0.006747667307468822
-0.10179080933322374,-0.03387834085906349
-0.02628139254211216,-0.03737419629043966
0.03675655794676758,0.00759944359443843
0.04412311389163008,0.07943765175725073
-0.02761984643832144,-0.017066532263575553
-0.046131969499084186,-0.08304850380447747
-0.019543850068749397,-0.003735728438894288
-0.0018145332366137912,-0.004058901007490144
-0.033727640877024005,0.007522500992932658
-0.058536428554800644,-0.05602344103292912
-0.012411702570614577,0.07266108329412446
0.046230318451977157,-0.06866847211590366
-0.030329989638151384,0.017257111568475484
0.05233448849044169,-0.012985258519637569
-0.012260462780304768,0.046546259686328376
-0.14117932202388703,-0.06702184169566132
-0.0020779971146514123,-0.06586022681853822
0.015035925416878385,0.057210704342472225
0.07445025114865317,-0.04681866131259227
-0.0586979535641681,0.01276762945169304
-0.10165971998529749,-0.008295522873367754
0.029100692390618414,0.00016070578384144545
-0.008687756698063443,0.033562131578598456
-0.00015681125807614701,-0.12453297471476056
-0.11240648099611457,0.0005531691093273007
0.023158948437811862,-0.008160511165544948
0.09046145816240295,-0.007702593937885054
0.05773822708467226,0.08389146882234622
-0.053018242048586635,-0.06328477389180119
0.0030573420728569212,-0.009849223432218297
0.002863484561778158,0.06807325460496988
-0.01325986005319343,-0.03759295548558784
0.039113698495901426,0.045006659312422564
-0.008659590920737483,0.014395202751013905
0.09605123846980185,-0.023604921167137714
0.011688322406521488,0.08432061077833683
-0.02845308949346763,-0.14719737033870023
0.039007212626633724,0.03710694253621082
-0.04895180723858071,-0.03957629917460111
-0.03844270224028252,0.022740701232381897
0.03726717279078445,0.023464983147962772
0.015294526086176449,0.017695930802895905
0.009612689223593105,0.08326538784387252
0.02534311043392898,-0.11115241362339646
-0.12131930619538901,0.022149159836908846
0.060863134215801376,0.07637444938673033
-0.02707967953569567,-0.005550017931632559
0.008866427183429374,-0.023582214759440244
-0.026736998273290624,0.01720308997044598
0.061964588966750875,-0.08462988982249867
0.018611537311049853,0.0041576562186612116
-0.11023364014078867,-0.0934775049259366
-0.02662267055564613,0.03825755715105278
0.07199313487700863,-0.008296303477859954
0.03452900913000211,-0.04962654452165742
-0.08432857443328813,0.03714048137302307
-0.11662088006482584,0.03449756870762687
0.07121117272786225,0.012517599790100701
-0.04577227648270104,-0.012378112207851653
-0.052482419372696945,-5.815752227963326e-05
0.08662226501097549,-0.00789127404832178
0.07280521217479993,-0.025630868270208017
0.05792048190194629,-0.09992139497105634
0.01521699678912829,-0.023417064894313014
0.049367721325156974,0.07530308633571847
-0.04313632761158876,-0.006998074436690749
-0.03249072251541418,-0.020121279059539653
-0.05274284441634082,-0.01298584713806418
-0.06757026351945315,0.08009735647158785
-0.008705861352814849,0.011184580149344668
0.01723313197862012,-0.003502482948950742
0.034741314437637984,0.07649208814939223
-0.01715083844754598,0.06223262692134077
-0.00044155972403280355,-0.07424962005986042
-0.018054804634431293,0.09199299723404668
-0.08398500392020954,-0.06169465316419432
0.007218089275355518,0.00855188183076145
-0.023682453631924224,0.07211473580184441
0.04972435642781777,0.024535997053719182
-0.05920455222843829,-0.006279311659953251
0.06438630379225885,-0.031350848545455376
-0.036358165180969945,-0.009703240690954367
0.014195792847552758,-0.029576602838392342
0.11980577022462423,-0.13181218124131722
0.09216372235330494,0.0510230191326206
-0.010752226200846638,0.10376147143495176
0.020720869408669542,-0.023682161899950805
0.004883024191281896,-0.0025948908050849456
0.007354477508375102,0.06801484799939597
0.025124986537577602,0.07060380247918963
0.01922406363298624,0.05331517051243299
-0.08213948349529654,0.046713661029557985
-0.006291464052702332,0.0050315305531343744
0.024939799935887418,0.08304384957547493
0.05253761451098619,0.034688121049760406
-0.013434644907062254,0.02960981127062823
-0.004195921337740707,-0.02497924176014356
0.0445685638636959,0.0007337806450117001
-0.016603236705346344,-0.054627299651087646
0.06496609823838295,-0.03891164204296954
-0.02535505214442369,-0.044703781285282955
-0.064613850976957,-0.05708951992614891
-0.021721499775927668,-0.053891496698081826
-0.021990943712033903,-0.04468193675433728
0.039592600034884545,0.02032696852429974
-0.07051715892556396,-0.012391208704007832
-0.044128846762140246,0.0838775754952163
-0.041696572732975945,0.11125057168752442
-0.005948722397145528,-0.023776516797384302
0.024312374340134273,0.052656896569414635
-0.03426156256851544,0.016876008981892923
0.003144332432188243,0.014614465493611763
0.08291033047369567,0.010486137943441463
0.02063585384655617,-0.05500759620746666
0.06164181899500571,-0.04103287070295005
0.08770320980912769,0.048655237392871836
0.0883394855707604,0.04708773738076455
-0.07486186314888178,0.06850092408049462
0.03894136402576044,0.04244631173966202
0.021178984792499994,0.036796547605813225
-0.0036944510307858093,0.04578943897879105
0.06677367050291311,-0.01936287087639603
-0.040070542275345206,0.005229814879611159
-0.027741771558694013,0.027499898899151824
-0.0713912900220357,0.061560924537963566
0.05223981348633372,0.028623571284052525
-0.07292782305327959,0.04242182475531236
0.08368756023833472,0.1443314399734452
0.0784183736420542,0.10207138890575082
0.03930069149665902,-0.014553740668517338
0.04017583697084787,0.0497146848119554
-0.045135011736000534,0.1411509304284752
0.01848898783797585,-0.0038881863748160064
-0.002627596420226745,0.08160735036632139
0.024574684309803505,-0.015702691578869554
0.019846099445335986,0.026047833731670425
0.04463621111073249,0.0058100857793150565
-0.05140529566796055,-0.07787167209620803
0.0013728002840797497,-0.04072582155340576
0.004253881093122556,0.01620623883186183
0.07648469356876186,0.06931090562962375
0.06136111226962021,-0.05728435018181413
-0.061395745630233,0.004443354269236425
0.01418668475297383,0.04542700726390578
0.02143841359924924,0.06413213456142115
0.0459594067248446,-0.015440836283111666
-0.015379563300496325,0.01645647045721974
0.08311572043414601,0.0058206716748364865
0.019639740521715375,0.020181950375559386
0.03203207887081621,0.012701332516678987
0.0340530291462959,-0.007495559060801651
-0.08166629192453881,0.0027583316383498376
0.024835650036163247,-0.02170882865607102
-0.09845910359934025,0.01885936331310319
-0.03496473714738953,-0.006200079865888126
-0.03778754781789517,0.062119333583219916
-0.011592921896632347,0.043767635142130785
0.004975418182864351,-0.05369154490295601
-0.004483339825902089,-0.031602189966981636
0.08417113961290906,-0.0815523568492171
0.0635386778109526,0.04766356464885156
0.04485845019110244,0.02200315492566717
-0.021359916313715276,0.08287223303148612
0.027985867083786475,0.04741971396384315
0.04433319745885932,0.0674210874324214
0.0650763956506942,-0.07730366518235535
0.08442832211546822,0.04387660716662212
-0.004234321260731078,0.05806427150258558
0.021163415469669804,0.13439373066783356
0.0038597576315778023,0.06667210195220363
-0.03908288523800961,0.04287469434316732
0.08307533710417192,0.038813005273091825
-0.002175805856900477,0.032607066597369866
0.07229546699062384,0.05464302827769425
0.03560472511003236,-0.04180190090842252
0.12151015449982554,-0.005652649233524321
0.06995342426552566,0.040578045652584646
0.028851202051950842,-0.08749098486058149
-0.043065821206933724,0.16980464549783536
0.05719644978732262,-0.044025177949332084
0.007754412837454346,0.05312316395746997
-0.012973109045660156,-0.027180546476971927
0.010282955771611741,0.0853158978632552
-0.04820398939759235,-0.005519637980914011
-0.01821428019092629,-0.03748848061057028
-0.00673314230445439,0.05678741715894994
0.05084233835531851,0.011424088078826236
0.02644124827974786,0.04248976102683101
0.0027913552236330415,0.007252330508668674
-0.0646242902327971,0.015524328834879185
0.03203491088068491,0.06922210422275732
0.03340886812151467,-0.044492124451043565
0.0437442511198981,0.06012251981881688
0.0017860208788503008,0.01115686730451958
0.033790462401225935,0.00028670011211009636
0.031057247049788645,0.05790502126963683
0.10136766226020232,0.004636576012572089
0.03621754797780079,-0.0012273283524663753
-0.06076808947887182,0.006375798244081912
0.059045363018652264,0.02519496703578443
0.07713387305509843,0.01618651214770113
0.06131954364623193,0.037761340557014425
-0.036156923644267494,-0.0631488438724849
0.11586294847203778,0.1371421554841822
0.09535991093117652,0.007846429748807051
0.021524599248961263,0.054311699187543666
-0.03854266801590459,0.03606620817864103
0.012633484860740507,0.009741885038909772
-0.024194138058428547,0.034843867840263575
-0.0485257278300898,-0.0106392435646319
-0.0013935017626333455,0.07109240920519602
0.039453220331530696,-0.009738663582364937
-0.0699730836658091,0.0659459410619827
0.12642975727783137,0.10113242587270152
0.01074216705035095,-0.07857555989800892
0.07386236208766542,0.03838233756551503
0.014062005646889907,0.011359211366535532
0.09313809165386905,0.08170978360286828
0.058642417494653945,-0.05683145783112367
0.0282883318441453,-0.013127541212121722
-0.088110642006068,-0.06031849477592036
0.04881358958488983,0.03844795281994246
-0.01455692612292127,-0.013089023307686179
0.11411858182914504,-0.059627854715127916
-0.009796404872615953,0.004615894438663698
-0.023951493397349345,0.12255324312066128
0.05344879336056442,-0.0490986845696373
-0.04285896223182828,0.013789423013790419
-0.021179135006304185,0.083967146553658
0.01849502515391761,0.022164855704914492
0.00409726416551091,0.0481243272627379
-0.06921389198041214,-0.022706247121069285
-0.030667700449354622,0.020960104480126845
-0.030362420123071082,-0.019729127700126477
0.010460901819832637,0.005445713224052432
-0.10891020461724842,-0.10467605938166145
0.08372437178121762,0.05756731393018792
-0.01029976713249509,0.034814184333779974
0.03399711929493317,0.08561940802902905
-0.036900482879054106,0.03629810511113779
0.03490836173855039,-0.02573863458103626
-0.015126034221291438,0.014092137309246362
0.07117545737362985,-0.026954810229037493
-0.011494282834689309,0.0636240680270443
-0.008418225550817395,-0.018590501261867953
-0.09861557362122356,0.0019010105467294832
0.03559779220045396,-0.036852231711440225
0.01279863372325677,-0.02349353625448071
-0.09860114461662571,0.0681897122484516
-0.010000054478796374,-0.03810974566816077
-0.10295807349741515,-0.02232433791554365
-0.01856030404283205,-0.06080324999083058
-0.03765480067148159,-0.05556421850225414
-0.022550225917197072,-0.02539013812946577
0.06499169261539423,-0.04936103769196364
-0.008951961510832475,0.05755393930177831
0.0365506185485012,-0.011860737474526904
-0.025535159077968966,-0.06642426930014593
0.08255799721662654,0.026104975358462946
0.006911067129298922,-0.05933991591811197
-0.016113543384861765,0.06110825518065544
0.002167476219996729,0.00012101255300264735
0.07580007265772534,-0.06649944267218191
0.04680251533144261,-0.04722967281852172
-0.07827009096055937,0.04637180511186111
-0.02923789803252067,-0.10492925745375518
-0.05232206125874873,0.011741511700809542
0.01237590639303068,-0.02754267320510583
0.03540572527771432,0.01946926449768109
-0.016278576289869832,-0.049657419934894725
0.02985431792635546,-0.04455708785843779
0.006691903631616449,-0.00036908811330542066
0.022482816389138814,-0.0033314552246157
-0.0400668139090895,0.02907912062336967
-0.013537113312441978,-0.06534417292988498
-0.0030564174715735255,0.03631504399075242
-0.03479870883057322,0.026087973719505934
-0.005319367622141636,0.00018784890938019876
0.037987799869156534,-0.016628970327307657
0.07331454341598558,-0.09017740132227775
-0.07019727004655543,-0.09899525306730261
-0.11326606282523476,-0.13572031012919678
0.04596608050910275,0.01599659184920438
-0.006089774246106098,-0.0006279108817854439
-0.07210499892033277,0.05977109121427823
0.024193801446155586,0.03602642058058981
-0.020890339892958416,-0.010233603851781257
-0.0055268243658560074,-0.13111092415319248
0.025429186822029486,-0.11469458732497385
-0.06132548764162079,-0.009562921522343809
-0.0352034172641791,0.05928133391049147
-0.006023572752544956,-0.028298640815978823
0.04686067344725675,0.09129561160111642
-0.0004494891802651439,-0.04719804086360095
0.02520903837224032,-0.014468302665255289
0.03276365820533684,-0.028013882364603886
-0.05098577930597039,0.032970171021710404
-0.062133793438301735,-0.02291125656801672
0.05220014668089603,-0.0018747089686555248
-0.030545348616691052,-0.04138251472608188
-0.124499396615541,-0.021046594711461208
-0.023919052108177033,-0.0019136415611184145
-0.08003152555642816,-0.07336251617899205
-0.009672226321872032,-0.0067918507563592655
-0.001369856032895779,-0.06950470640843912
0.058242697265545304,-0.013059955271960395
0.03986242723221274,-0.056555264145497726
0.12028215453536366,-0.0013357864038361228
-0.04664436917166048,0.08244802245926144
0.069265610266585,-0.09278429148076545
-0.018707730889137738,-0.07798832310677509
-0.08834708858058202,-0.006647836968551802
-0.06357642643743003,0.09875199607552912
-0.007551171664441511,-0.059257877231560244
0.04631341784642436,0.030952425607594758
-0.041342206256672565,-0.04396556358566206
0.014847149190367965,-0.025470208431978662
-0.04664386020206039,-0.0299497845969767
-0.06928969318028766,0.004027550804445942
-0.08437221636392903,-0.025783415168594347
-0.056026688821760644,-0.062472761834218314
-0.011920120449741382,0.07119059163409726
0.012598951983849346,0.010182788835390946
-0.009488923612014073,0.022926832325910366
-0.02157832057887706,0.09991626635653399
0.013643316695213539,-0.00238661006339342
-0.017305287416954127,-0.09829276298512604
-0.11232110004168547,-0.0608273499041397
0.01658429900250296,0.003977539791226024
-0.07069856263914082,-0.1362569802103719
-0.08524128365501349,-0.012857175920790364
-0.020764260969989554,-0.017649467074761373
0.034991504858548045,-0.0041566068426550345
0.018727805167865735,0.06670247581565389
-0.15436877081889916,-0.03861260702787377
0.042580438042269214,-0.02986734806818045
-0.029206051068049375,-0.03779344657609088
0.007996764884348254,0.05932511721899407
0.05708853519250523,0.004385315461475216
0.032208368961981995,-0.02906489610155515
-0.008846455806842608,-0.08153703978414482
0.0008619790113018194,-0.02335709414685423
-0.005180713885071055,0.05603789639035049
-0.03001260785176131,0.0012630315462698952
0.011251896101004036,0.10084683401494943
0.004221421184919652,-0.00823032158028903
-0.02372209096190075,-0.08714832200156905
-0.054584165056879796,0.14670183668498737
-0.015019067394655724,-0.011379007363895582
-0.04216163672954642,-0.02016355053247518
-0.027757685608304127,0.0009375233722663419
0.058449669473888674,-0.01482379320910204
0.038552861402785306,-0.03330363230371177
0.026831500390104214,-0.05205959171788372
0.08816788255140609,-0.050029438674443906
-0.0664677070489062,-0.02023970519182983
-0.07350056176441244,0.023712213282891366
-0.009889923604987954,0.05808081663273487
-0.0025415364418528083,0.09724587621949878
-0.07010007108863335,-0.003016838254566067
-0.0744816827173894,-0.06250834022480076
0.030087085852430914,-0.08987886326430389
-0.040777458996030684,-0.08451382972879737
-0.06304332036846763,-0.14187361220356026
-0.024250803637289,-0.045645095193315735
-0.042870840723533636,0.03471704728032257
-0.031998415817936256,-0.028159417920166574
-0.030746805443061305,-0.0859802592437057
-0.007333170394605964,-0.06477701284990318
-0.058601538276947265,0.020967276989038566
-0.05295693117617724,0.012252932345946925
-0.007849545019782118,0.01143025811825657
-0.011650354289781312,0.03817849865396328
0.03838528584366414,-0.05709180852367843
-0.03215246461713587,0.00021378552497641756
-0.03463113571397662,-0.00010246021496132865
0.0528398045244905,-0.06369580265982075
0.03575073082951129,-0.04432883360351438
0.05553653723259698,-0.00824682099283752
0.03784096800112114,-0.012392498029990946
-0.005461679574249107,-0.034121573679101624
0.024423287315135413,0.015999461826886052
-0.0457388793301138,-0.06956430335716601
-0.05586343411906017,-0.016750830768462902
-0.026388784664787536,0.05386825070580571
-0.025347873057002673,-0.000631158177800812
-0.08710510045087257,-0.013919811163258182
-0.017698760925473116,-0.033729076127549974
0.03346637274781125,-0.016369603831477376
-0.004344471201986815,0.02088521647251757
0.04499133312751244,-0.013078079961281111
-0.1969343156446057,0.06588145400077253
-0.053487387596409836,0.06244772804494392
0.0019588877408137258,-0.004679905424723175
-0.011816571126282135,-0.018821502696557947
0.012822542621123437,-0.042344547439629704
0.027412781255456313,0.0004979912506125755
-0.045224981804293324,-0.01663563529369809
-0.04467085454084594,-0.13525483936918953
0.02725443520543125,-0.09744983501169002
0.09054716996185887,-0.017736531696813298
0.029137266180889482,-0.03439067093364906
0.034708429467642195,0.006430227190640656
-0.013900081112256426,0.0277922708818595
0.020676221826068344,0.048710197243967135
-0.1135656820082145,0.021976648630141295
0.006824699129133091,0.04239673273858272
0.03326131495962911,0.01550110529464861
-0.03215936257364055,-0.08800204757444052
-0.09088391065899243,-0.06792454258102698
-0.11120519112659527,-0.02257297834522205
-0.125808808697506,-0.02583051177560689
0.08687348353794164,-0.019694030758351008
0.06598255689263777,-0.026395402846162756
0.02003542943816775,0.04950723678644134
0.030290894627354,0.042351297869419144
0.053141302274617955,-0.021641592504527202
0.16294246281309055,0.018622769857537233
0.023244747502492984,0.04330154977196539
0.0590048585030477,-0.001365319389404338
-0.032832907490765444,-0.019705301401001414
-0.0033834059770609607,0.0049942838981842505
0.03920564029576043,-0.02436393186708372
0.052324471219786,-0.05476333028144119
-0.04868190809860242,-0.09240112687758598
0.09091832579108966,0.010337199986058036
0.006201663454770708,-0.020925276440400944
0.011635862087045801,-0.03362778556135391
0.013731710061682643,0.003831991070993793
-0.1227644959720313,0.006151584053892811
-0.07287270785139965,-0.007881393307883169
0.036768086092216386,0.043115231110209463
-0.06550961650275143,0.008947236784242377
-0.009198088677005337,-0.07777483111152081
-0.0021383512688069057,0.03965254727362434
0.03924043992398912,0.02301789743972345
-0.07494318844449338,-0.022110234242467778
-0.052881639349018635,-0.057178034329929316
0.0017135608265184282,-0.003625268952081545
-0.038983462410924485,0.020782574571119393
-0.07065726193636919,-0.02090642225698977
-0.0824452882352712,-0.01817713430252974
-0.00640365139481823,0.026153836361978718
-0.02223090738784622,0.022272269011203737
-0.005250037025050138,0.054262368043212904
-0.0016599237189789265,0.052522112801413376
0.0617659859171472,-0.05073849167036811
0.08773558229404593,0.08505423946992008
-0.007336077981088464,0.04080958625206537
-0.006715820687878317,0.06407822111341988
0.10357554010222195,0.06767495526273737
-0.07088067692723038,0.012609111892370297
-0.014391677527218058,0.09173655312013222
0.0030517493965342484,-0.029792401589677005
0.05270890643157824,0.04658225908009421
0.04625968499186318,0.021608599798591886
0.0717285537777233,0.019673710546002733
-0.06990632160556558,0.02744781291275288
-0.005485328175217913,0.02824279089619525
-0.050786161957556766,-0.04113602157348946
0.12679730651227222,0.010918826098525937
0.06775649222426032,-0.06353835237004128
0.05429017850065506,-0.06349071372827017
-0.027840087364921252,0.01395490372013487
-0.04733625361486201,0.026538151176864918
-0.020096580546458444,-0.01585599291778542
0.04888611075146507,0.026087077244853457
0.06645777807412818,-0.016182930899293523
-0.01586437669260704,0.11773960390618254
-0.0008211610392120199,0.03989563268258675
0.04403129558326128,-0.059614236850317304
0.05960791553576576,-0.04813963318943528
0.041485592013987306,-0.07386396158936034
-0.0008631402823662763,-0.03974435707268965
0.018277027004886356,0.025936326969222788
0.048979476550980325,-0.0066475686668402735
-0.011613160901515308,-0.08529218481563466
-0.00993633827146801,-0.01961267569230927
0.056780170965746266,-0.017942429077901407
0.0433663816769307,0.057133246303504
0.0326523766766416,0.08199656173668211
0.06666150538849729,0.07605956247276673
0.016787319816858708,-0.05502923037795736
-0.0010138805604059508,0.04727067191594078
-0.057739031239451566,0.07121632440522227
0.1162835535465474,0.09105170576952915
0.020467685873431347,-0.0153421466060515
0.01577771182321873,-0.008390214993227259
-0.03612051566429139,0.020736551144603065
-0.0012545753172739232,0.019359043061917682
0.0199320026131576,0.03334671696738615
0.11653099379414147,0.012280913243819988
0.16814603510654547,0.04017381473415296
-0.029822502051311258,-0.030503577425248406
0.061655884991667326,-0.0027243482740005737
-0.026120746299270105,0.05202069986220101
0.02343409035150167,0.013327849035073535
0.03729874808416293,-0.09259881588527401
-0.08092935716101192,0.014495598949782662
0.036886512536753915,-0.09305356288069336
-0.09573951455631252,-0.07248766145661542
0.01289630607939348,-0.018100685701819635
-0.0366088084996827,-0.010431228394258545
0.003652389480650437,0.011620844596742078
-0.01999795431768279,0.10772332346002163
0.005471743880536653,0.01907415998691532
-0.02869638497551095,0.08651584294367584
-0.055171519855903906,0.0536528932156137
0.04145613197958156,0.02376448045470297
-0.004598487863411816,0.03335238972750028
0.0840234388501439,0.01456153096942829
-0.008006058569817138,0.04630713429416301
0.08401816189826167,0.02176004689155711
-0.006895433295890974,0.027735567465764166
0.07007962523995034,-0.08523506078043
0.032354450750917974,0.008360914478832204
0.0009515270627203053,0.0334179225444866
0.061753363952427025,-0.012066330979392408
-0.013917781301676067,0.06915264092019989
-0.0578670971958298,0.04057709126614013
0.027053994803400344,-0.001256293231854149
0.03466445916985682,-0.014602934758263728
0.027520834939442115,-0.054229171128071074
-0.04177039301243083,0.06006883488250677
0.12108520826667354,0.01031438034813728
0.009626444653764237,-0.07634792598245628
0.0493250393794709,0.030008630910602668
0.08979600294897858,0.05057644922120422
0.020411327935180978,-0.03028177440458146
0.0533490740895292,-0.01765375853562453
0.030898159961828448,0.023455043251694584
0.0958011606957694,0.024617743219368597
0.0005334059976392844,0.040163397772257865
-0.03522621584150984,0.049217994957131264
0.0546051907845514,0.058219267453624546
0.0034446179702317357,-0.015131033017414638
-9.346890961652032e-05,-0.02290075452052065
0.1720062908433919,-0.06878143780257523
-0.01118359748063254,0.07416116528769115
0.0360617818554487,0.061137767110052664
0.0587000236187779,0.041550573910940414
0.05596502336324922,0.02045381634358628
0.047268625680632795,-0.03776189441134567
0.035289867237548136,0.02721878769682927
0.08029803400101357,-0.07300113372745554
0.030605153810503716,0.051292200597692225
0.002462364674247583,0.07423383707458107
-0.04627076593626507,0.02413771613381629
0.011862957072755533,-0.06581571315004497
0.044756599398306,0.11977598474267809
-0.022657966687766797,-0.019150685118142746
-0.0454551080633379,0.10346157869379198
-0.05575696421204411,-0.06478161238128936
-0.00933827323606612,0.18738403102144127
-0.021797611813831188,0.07849465172428984
0.004173828588994587,0.12198240377784082
0.0857823973913625,0.004358718849616061
0.014054865994795798,0.02547536003450826
0.02048985572128345,-0.03728030137830949
-0.011872139629783115,0.013265522501722813
0.08083183260739753,-0.06624863699915169
0.012679931176036753,0.02617611310917509
0.02297447939675502,-0.02906957957886651
-0.04304289260720749,0.022199666553209072
0.0421740075336374,-0.046090060317880835
0.05950248779970528,-0.035656636808588035
-0.07129504122318467,0.008586634983871147
0.036823254251941315,0.054190518704065355
0.003912906562712346,-0.040834338341494525
-0.03445704231058369,-0.028661573912803783
0.0645244836915366,-0.008181612703518477
0.08383621858959787,0.018916089242683426
0.020842111328300675,-0.1105756244868164
-0.009392879507602758,0.055576044503734684
0.018163214504776235,0.04356833851985846
-0.0180170087129126,0.0824516724472982
0.05831955104848985,-0.03168362630755585
0.056953559313757465,0.05909165672603514
0.0015180056547382005,0.10706021435897779
0.012769966697250197,0.082617259337616
0.01050928200225688,-0.02560556629518424
-0.09069241382430071,0.024414189329750147
0.08630039947528134,0.01402401348299666
0.05812953176974848,0.05275671084780542
0.05784816824235499,0.019652376090934297
0.08575755323375417,0.025459801286305164
-0.06528642544419642,0.01723210509047746
2.3198680031123742e-05,-0.036958645265279144
0.004384053246649469,-0.03646990653113391
-0.06280443010275576,0.04440638437823814
-0.06944239443116142,0.05505854915738581
0.055357021531243514,0.05082417984291372
0.03500641746848795,-0.018316055462778348
0.05774219847969171,-0.01335534930921868
0.05966065402933303,-0.025898466915226657
0.05382926663704162,-0.012419679370362592
0.03405716327342381,0.010400890130724585
0.047523336105190314,-0.019782842589763667
0.015497030848958633,-0.057415825812405376
0.006956994648023462,-0.019026082444163133
0.023994913969419253,0.03746842490605376
0.04126180743889145,0.03910007903128146
0.0009459982381698189,-0.024997109103712313
-0.0070182969083567165,0.0524549609513736
0.03513891989307841,-0.06638302846522488
0.018009940562234827,0.05004259582357081
0.05763734027004705,-0.004958500417108262
0.09905371979691596,-0.019479593782283124
0.014048191598545205,-0.00044780941711251854
0.024902991479490637,0.06145730214734845
-0.07502327665888443,-0.05930715325698066
-0.10810474224001576,-0.0556153384998611
-0.0833534062119165,0.07841481362303926
0.03365327570448708,0.0044171008523701035
-0.023321570624193176,0.0059869078511171
0.04685888088354777,0.05788563335448192
-0.05871723298485334,-0.047182622041935386
0.04792009422509928,0.04522792181867581
0.030576182060025093,-0.03396575215209527
-0.03576099722007475,-0.06222095727932074
0.00733331080587388,0.09301016492609639
-0.01498731017134515,0.05426209900914483
-0.02160347255828898,0.04565688456984416
0.016241066430711097,0.033861497554096925
0.09083258083455886,0.07374537357906145
0.005823371813793802,-0.03766524055517142
-0.051640452078625505,-0.02142815290082576
0.03727410860046053,0.01475209388848031
-0.016562011081738916,-0.005366181557705471
-0.1243843444355062,0.027446862338730067
0.09091452820802837,0.03698265433609575
0.10438371420283736,-0.013336073579456816
-0.04088836445794492,-0.030702934267160534
0.09132275271300128,-0.01330043038389132
-0.0014185303964063764,0.027533652258241316
0.07658082293407033,-0.029987485474092333
-0.020273522761329432,-0.042199423058651514
0.0015737324215674264,-0.08188126747458403
-0.041908221417323005,-0.032577838850028434
-0.004813447636259778,-0.028685848840612156
0.03474445218660495,-0.04864481375920642
0.024917163492637607,-0.04198263406545098
-0.013745468435847105,0.030892614879736914
-0.03689605777691062,-0.04310034510435259
-0.015981040647270423,0.037873828531438794
-0.04606354239456004,0.05173601672628992
-0.0946359272843079,0.018331453591852398
0.06067061218405241,0.04143078897794979
-0.011292487552106377,-0.12079652405213129
-0.00504172688357429,0.03347547723260121
0.043821720935170665,-0.05964630698651973
-0.017882538182046052,0.005209826978707374
0.06524023718514044,0.04226571146234387
0.01010143291693059,0.01751222872893769
0.0190625270205122,0.02869168442728218
-0.11169781288709785,-0.10733129564020619
-0.03763981276461255,0.0802866674363761
0.0552407177240116,0.02670019428808345
-0.0005378219397301348,0.09281068677203538
-0.03748173418775701,-0.03357936827213033
0.006225726515187672,-0.00795788306759197
0.028467864246271367,0.005865650252286766
0.09377803366353457,0.03722270752647537
-0.03307837742587448,0.023585287274921343
-0.012491223254927053,0.005938318786737022
0.00030919928683745875,-0.06818350821705112
0.025472465191405003,0.0012411772225892313
0.011391910115939177,0.01484064578710179
0.07179898804527188,-0.08220783343988039
-0.01191942783183289,0.014341140931601123
-0.01297601591351429,-0.006643896195884154
0.06059502216340498,-0.026040802545694408
0.0812549265459079,0.06767887719391785
-0.006305716558441028,0.01698672673659456
0.06320996649498767,-0.07969798768078468
0.08653107941979984,0.01685808219189849
-0.05063223670515525,0.018883130754086583
0.0335637814588385,-0.13064273938901397
-0.005362934934629235,0.009663519726294301
-0.09810500650269548,-0.00631128192054473
0.0197869152020902,-0.024712320255851905
-0.003714619852415311,0.022409516918285827
0.022178560585752315,0.005192818722905612
-0.024278435618764083,-0.11923923720386614
-0.016722017725189046,-0.042158770243184804
0.02082197773359258,-0.0687481454944319
-0.04153169920938866,-0.09157589121416486
-0.006323237675926937,-0.013723666529187738
0.02765885427882467,-0.07879751723001349
-0.08361484530757912,-0.07314748455464254
0.07907760590571111,0.031882102596480895
0.05960783363605947,0.0555907408397808
0.015573458276162222,-0.04123079239930603
-0.02575060403778612,-0.01325942599811709
0.02874665125220289,0.018662971986001378
0.0169569357026691,-0.02150900775554365
-0.059210279084409935,-0.02265826206791391
-0.025521953962863636,0.04417468992553621
0.03477430320774878,-0.0203086488519386
-0.08869687860796316,0.0470846596071928
0.03340647704666172,-0.11039003253514862
0.050029039553764136,0.044943707097191615
-0.04685063020748169,-0.05352767773062972
0.049020430597122855,-0.013515618504271758
0.023589760278816947,0.04615247673336133
-0.04387979071942874,-0.016890628843385883
-0.027721776207106533,-0.0937042418405908
0.027199843495352295,0.025690765764997223
-0.03313420336905115,-0.0011073724099328556
0.013541255565085182,-0.04223471037545378
0.029198118497722598,0.027936122209478078
0.022995755238353992,-0.046068329764878416
-0.001741634705648346,0.01698048838185927
-0.09147458214498358,-0.1101276023364201
-0.00013178676266067946,-0.052947517210328185
-0.04350536239479193,-0.08731220974780965
-0.060274109638937035,-0.002514418063975697
-0.08190501813602917,-0.09279098877372183
-0.00784250104635789,-0.01889657798404497
-0.07370440422160182,0.07686855785429078
-0.039382290617717815,-0.04149947543356653
-0.04969403128984887,0.06731344784459647
-0.021004344097454476,-0.012187056734082321
-0.13237825195443947,-0.06816032561744785
-0.02555312632249039,0.04846607965805409
-0.013005837431492123,-0.03103569290667107
-0.10064678820215694,0.031830311409817874
0.029236085258028347,0.07286546768959942
-0.08041129190141438,-0.059941548785961724
0.01766095005575723,-0.10464435629322676
-0.00203307312044693,-0.05078041548369644
0.014188195434458463,-0.06361587357517487
0.011298710113340094,-0.01714404519896678
0.01898670595456557,-0.0773210259008429
-0.013793159505521638,-0.058016971794115496
-0.06502100235607122,-0.035186341342771946
-0.012790564311159143,0.04701719804126028
-0.01790365238699554,-0.059632432155343584
-0.007517081105403216,0.03579585238654388
0.061627422560293785,-0.01102341555544803
-0.047766490790126584,-0.004914420950449182
-0.023478129914035348,0.02148045227124419
0.060339094332755756,0.060012744259700386
0.024764274208726608,-0.12805522511956316
-0.024631388095379673,0.05895234770604417
-0.0034523314042914366,-0.023952969953491214
-0.06774639230362313,-0.009045145397008642
-0.12343874336168842,-0.040481516179288274
-0.1184349486094098,-0.0014279215004806105
-0.054333137884116534,0.004605743199079759
0.018195504919243963,-0.03188851921613482
-0.10574496233791944,0.022019665344422533
-0.018489077916695948,0.002728488173455803
-0.15818343679441146,-0.053259947721216186
-0.00873104830825051,-0.01903042929910419
0.007436025841486414,-0.06511398627515431
0.024113296476212104,-0.06921288097761502
-0.09654817391142645,-0.1076296010860017
-0.0330756786864426,-0.02032456601278176
-0.036014763204712724,0.00666460014646849
0.01100970366022249,-0.01162684586823986
-0.04289737467755468,-0.02294617406358179
-0.009159131935485306,0.026500319238438094
-0.0803947779240981,-0.025470816609643773
-0.0045363283604060185,-0.04507062190235657
-0.03360690754777167,-0.09085583852700194
-0.007221102979259368,0.018230841374587838
0.02904414130524486,-0.003432903453249748
-0.009696925516293644,-0.05584273996601693
-0.009345695349083248,-0.08959763405839224
0.024345655204180815,-0.04666463453641193
0.026346679313717137,0.018613689205487154
0.04922832963075492,-0.02940954391596188
-0.03034109618751866,0.07440913387216969
0.00423664137194827,0.004402463968900573
-0.015262981139964443,-0.041535206881082504
0.04562308315404076,-0.07435384666347575
0.027662324275156525,-0.02940110039371822
-0.06750547738030178,-0.01669494244734812
0.028008191476622136,-0.05211465974176405
0.010998938306807638,-0.012912652685050503
-0.09205679177927971,-0.025721900954349113
-0.040790430184504824,-0.045532308897635654
0.026001132287190264,0.020806761431614435
-0.12176594457280357,0.009948073596113126
0.013075813952489603,-0.04464034573409009
-0.044265522726610364,0.006895410625998501
-0.0027087493469249505,-0.028298039420176897
0.06669383857844408,0.017136511514361002
0.007898442536337784,-0.04263006187585079
-0.021572509696895354,-0.041613516935358
-0.04832264602074961,0.025510813857629523
0.042580199934445166,-0.06726775840993073
-0.05390537630883899,-0.04894049893169776
0.06028073137808934,-0.004698293189008915
-0.04890429329405761,-0.0029668169415767755
0.03170801179975874,-0.11192781584771004
0.022459261031056003,-0.07693976563789225
-0.05390956416893298,-0.0646661408871669
-0.05049424949827943,-0.061943612917277645
-0.031996113217805114,-0.09543192992417426
-0.03110585156778819,-0.018772769641420328
-0.004175059486167098,-0.212827744280058
-0.05497731627848559,-0.024812347358417315
-0.023837388444409212,-0.054907111304481795
-0.021168337248722302,0.012593264841185834
-0.06520460612071577,0.015101945432881174
-0.04101216556193587,0.013378839471085535
-0.09440918967405644,-0.04802752005469272
0.006663610314792874,-0.005049897177786758
0.04302969483941876,0.07415073131225973
-0.05807608801147611,-0.048396793420152295
-0.1347435713430316,0.02063171450437159
0.016553429834340595,-0.03528339752074786
0.05172572424697697,-0.026250171446811014
-0.08409513073901818,0.08662584485213595
0.016492936286278966,-0.03914800688397584
0.06490692010941572,0.03186056475243445
-0.023173603851922412,0.05303688692028292
0.005575378879892571,0.10427840598911328
-0.04998735935823617,-0.03540617494946853
0.044243835889872504,0.11117677220987439
-0.004137452906089929,-0.001274723337305582
-0.023021654664791658,-0.0743089559827266
0.019554151582972877,-0.002412077265519532
-0.04020860381001928,-0.10190211303360465
-0.10008372284646246,0.05731921218797395
0.008711694370952558,-0.029175432947459827
-0.02802407273741598,-0.06095711809181022
-0.025267239316551733,-0.061461398402240006
0.03959951077969212,0.0006661939124486234
-0.08395557254607466,-0.04361756365935744
0.08393538301454431,-0.03189893854667625
0.004919693853686566,-0.02297515607198198
-0.07606287225980642,0.003999946949648473
-0.061094672322838266,0.04289315104031346
0.040006920216281834,0.015004560053405419
0.04424348585234824,0.04033929362336298
-0.03622036068483706,-0.04792398827285633
-0.0002823507321809153,0.007052267044589805
-0.011816154845125743,-0.0019931552911019086
-0.050849177159877065,-0.04061888148746762
0.007061440737055001,-0.018929265894582374
0.0024111776369127097,-0.021611574296560097
-0.025763933119507337,-0.011056394741790087
-0.021400973492518852,-0.06976102412851763
-0.10637440927591035,0.01707947197546809
0.03307502267123531,0.022942169332460894
-0.005358606367656251,-0.029478480545338005
-0.045997839928391376,-0.005584060340321795
-0.016118921676798546,-0.0019625916540922956
-0.034464347914316455,-0.04774629672698063
-0.04962670491574288,0.006120736015151297
-0.01491565306646016,0.006168075624412028
0.05548486296616056,0.04995705242921864
0.041877952050746875,-0.07889694486262902
0.052080061440189604,0.028757157851073075
0.02125518094688354,0.04213130900466287
0.022710827212630524,-0.07123325724934122
-0.029400546360396445,-0.026213370034088083
0.05767413449781194,0.027661385959823946
-0.0021096611755002494,0.009739565086614032
-0.019853364567589286,0.10171478467803981
-0.0036282507261036637,0.008728392339844702
0.015216922944302904,-0.041861112325234734
-0.05616162143887195,-0.040284241229016214
-0.06978331585448866,0.07605948107172492
-0.0015695550325683033,0.09053377771282514
0.05809082666878336,-0.015648885175239234
0.008628166334041489,-0.01938348455477188
0.01809667292205608,0.02511772250585099
0.06260850556829027,-0.01166369064471138
0.005298501649730508,0.03515977655050134
0.02725044953545422,0.06693040841837213
0.04208063827330259,-0.0029859384559661993
0.009729335956108925,-0.022182592664585978
-0.018195243006042677,0.005340929721686655
-0.02258034642587043,0.09219964911589536
0.037305688606814665,-0.10261221649351648
-0.03298213219316839,0.042299261046100475
0.06768125355489307,0.04949173338230069
-0.002605873644434129,0.07041917453964303
0.03933405175294644,0.051975590030350176
0.0681957223899504,-0.03383556397976162
0.043000267852814154,-0.02887156648571218
-0.018376990549796232,-0.07677748709523322
0.11342840888873262,-0.06082407732469089
5.7869651771002076e-05,-0.0016049876094960999
0.051611132568621196,0.06830080091832533
-0.028066522859297793,0.05230684081605812
-0.01660998602898183,0.07187115486767068
0.08509023379899004,-0.0032091100225473505
-0.015092655789047239,0.13985866213303386
-0.041243098131790376,0.016769752644267916
-0.0433552474571655,-0.10637652772565907
-0.018264927219928766,0.031222393907974214
0.008368462483613386,0.03302346626683962
0.017618288752466335,-0.04051553129168019
0.0011313040167784203,0.021257218223659682
-0.0038552084174547467,0.05995344917582715
0.04666242677955636,-0.033718193857561835
0.05127029205013695,-0.036383038349402805
-0.021095276773492235,-0.05061039003605429
0.13537259617597505,0.004561173484570868
0.08490975984603596,-0.01233682889428361
0.008300842424362982,0.016201054086213886
-0.013582619437840355,0.051359197387021785
0.11957572531999869,0.10419128803905794
0.00650846212221317,0.03400975431000707
0.08740105207839424,0.08616439566750309
0.005597565205231157,0.0026515199309425485
0.013317020561027012,0.04406504862843816
0.05723826160799863,0.0054326410356656495
0.021545492490623607,0.07010707303065163
-0.02704337342438191,-0.05443717440481266
0.12343047275597982,0.027035568826008056
0.04015865752092535,-0.009160019457463323
0.08717088697031365,0.04878795592259158
0.060504404908631015,0.02616684561542441
0.024882762869940032,-0.008953388662189591
0.08096586998452951,0.014252310093755768
0.026694880272007004,0.006266538895591088
0.09851985271097602,0.010099642959794033
-0.09987714431665717,0.0105467356251251
0.03961516476886415,-0.017252078833874127
-0.018883007331847904,0.06332559027932594
0.010112381765096061,0.034353775981609234
0.07750393434975991,-0.032314118111956655
-0.015758681291827926,0.018012594832919254
0.0031454643277631193,-0.0022612089600749126
-0.018140607383057398,-0.008329202939629004
-0.0678346297165663,-0.03679836330129853
-0.08508105046774987,0.05790170545321881
0.025611033731975135,0.02946308536299924
0.05558533877989283,-0.0037565056940541686
0.054004683407411366,-0.037105258438646066
0.050202940934915855,-0.011430062238771983
0.0662382069473687,0.05081904474853963
0.028628673584183258,0.08393739601338794
-0.01163201069729971,-0.028461757598224474
0.014187278969922877,0.0709384490911452
-0.005572745791905833,0.029805400114083915
0.001830097267716834,-0.011448160924783343
0.012643842816633378,-0.05302961742248451
0.07624085440616664,-0.011492396464320178
0.10790954921547849,0.0365668599442527
-0.0688042659166685,0.024044984237566097
0.01767734710360974,0.08555265050941968
0.1438195937809179,0.12997540596751983
0.01562811054049752,-0.028790561311081153
0.07364987500857141,-0.03801437259093061
0.021896064389430616,0.048634579589955027
0.033376068191104655,0.010870089518897093
-0.0006306127282327337,0.0140070035372395
-0.004076422607985759,0.02378206513235425
-0.05280300941835904,0.06799736358767976
0.04327296891480234,-0.004214525920767591
-0.03477244544539286,0.07709910036646644
0.03182106064762655,-0.010152693864997356
0.12681003423376752,0.05280546907428135
-0.01827232528137007,0.0025185937153110113
0.033230722055973494,0.0689187864686136
-0.051548860022942594,-0.01355414688466923
0.022742417003525195,0.03636406154886036
0.015350556602273425,-0.04620684047409073
0.03332331215868118,0.04305663205894724
0.013615133519999469,0.04539821033585148
0.031511373551221696,0.12725178387465674
0.01795630482441522,0.006358948498536273
-0.04828619163099421,0.09055201792945618
0.05579083247931994,-0.02479451040829299
0.030365365995580214,0.08052995336892037
-0.030038651357507308,0.08473166428273769
0.06192662292495893,-0.01978670972723228
0.022933393339946196,0.059565836132547435
0.0805843258803599,-0.04010376083465031
0.04615468620990355,-0.07950782851940431
0.02665879052041844,-0.016665507050712697
0.03782165440932381,-0.011123888909333593
0.07645045614256492,0.07139048322243516
0.027518151192503615,0.07314009057438801
0.006236269725250643,0.050279197864997086
0.024457572305946473,0.06733873825459091
0.08828420178611303,0.06602006007485953
0.08287943390588381,0.04260982830518094
0.10977546292626324,0.02711631780216182
-0.043617709664460505,0.002289619836835753
0.04396719987929429,-8.889223502465612e-05
0.009041875946390204,0.08927666667922451
0.10465747896393368,0.026024161584186474
-0.10841400046033098,0.008879743757509941
-0.07103381091552471,0.06335532442253235
0.0007492121908572145,0.01897649906096205
0.03429137284288364,-0.023586928862935154
-0.02635978217447938,0.01632732803985428
-0.006877324718847912,0.05148877477048425
-0.02592991773496383,-0.03770193451730871
-0.03346727376517657,0.021678026854750645
-0.08289469337242306,-0.0012838174130793602
-0.01215301426542007,-0.05140229705536201
0.030904820928725,0.0513182140585028
0.09089757284132771,-0.014497634630725554
-0.05134493607631122,0.03938056103505452
0.07598819912007534,0.005623835202570762
0.0632073934535535,-0.002797782484850013
0.03308301697552664,0.066241506273733
0.008813950045223255,-0.08256261257184662
0.06641360787577888,-0.029266773181434648
0.06680126972406496,0.04147307884490546
0.00196792867466555,0.01216208607154915
0.0771304146728619,-0.04426846052302145
0.012514951967744785,0.045935010151729974
0.054640028324705894,0.11025419180570478
0.0036321917519529312,-0.02722297410581883
0.1232968789821349,0.01402753492983572
-0.013026986663144523,0.07877744084131603
0.00571605247751171,-0.05194127278699191
0.06694927081153518,0.02974056830725067
0.05684813972969516,-0.03718824797728679
-0.002836480227896978,-0.11891929681342406
0.05201205353043491,0.00701645982034817
0.01775814172023348,0.13050378833899096
-0.02338644772145707,0.07722623216509997
0.012932197105801707,0.03935117836794948
0.02659709686246302,-0.03325325585455698
0.06989279099725129,-0.02359465229557471
0.1265513395369359,-0.013693564846260962
0.06549313261910562,-0.11193777393612737
-0.04158696226367147,0.019297342902828248
0.020513252683129986,-0.012837384171091846
-0.04596244683617796,0.030198588000808893
-0.05105923532228095,0.03247948619552414
-0.04012645117847092,-0.07140308557768679
0.006579916743981463,0.038032617192894386
-0.007752050140535654,0.03536292877237127
0.007668045817979108,0.07195178379673606
-0.033202709461687886,0.032874052578778123
-0.020963070693353594,-0.005008881956155538
-0.023556063968685877,0.03186488372858097
-0.018100143100196902,0.0015831123216792286
-1.2852647319100928e-05,0.0383140315714743
-0.029692723051895218,-0.009428877535001929
-0.03662062668735809,0.04488530406915397
0.034105969242534055,0.05249699899306612
0.016447553039762346,0.02876281011123759
0.02628737428502765,-0.0980226595550752
0.11058254137214782,-0.030402306066672564
0.006267555158621175,0.007779987416855854
0.032097012407741266,0.06295259689369992
-0.0040726446081439,-0.03811445046927949
0.05654316790206938,0.007261420020395117
-0.023156271914900148,0.03908031749249345
0.02863658872859018,0.013929730681099465
-0.025116105681586405,0.012416504316921654
-0.0069547095259165186,-0.05923798830577836
-0.008500526372802254,-0.02025938333900653
-0.06629589304087581,0.0610672469446687
-0.0027913474091223155,0.005893477821276973
-0.013186645973692842,0.020466028327941227
-0.008730668702343201,-0.053600746632492306
0.07212870109179852,0.02570642037062291
0.10097492115962571,0.056417653545566444
-0.04414145813262239,0.003267018254220366
-0.007755965572474242,-0.02999464080568214
-0.03274411653045196,0.03545220080027671
-0.11886119929372517,-0.02029042770646852
0.04076785455447156,-0.12264419929619676
-0.004929568578102644,0.0014702371180649225
0.02538925833849435,0.04356040198711431
-0.020438653925920917,0.06680193479743979
-0.00430241213933862,-0.02320171121228814
-0.06437962827572938,0.01932733959768649
-0.018938490221359613,0.05150876372827502
-0.06594173026775069,0.030114087797781616
-0.0900857233080021,-0.15858627719704968
-0.035881137388801165,-0.03660100593229058
-0.1282604344027693,-0.020668150827993715
0.03221457391744024,-0.03721188369199702
0.07984719422325282,-0.04556874020607572
0.048668721055013096,-0.025376074161625115
-0.04799389946873989,0.05432903574833788
0.051586324338060624,0.09419250274989152
0.0034281550328900054,0.009073828321928377
-0.015792703763879132,-0.007192919200617149
0.08345091493270618,-0.015686919155878304
0.024238911067278934,0.041646441075583615
0.005025858617907426,0.01666676132147163
-0.021678954790042573,0.004954001094913922
0.08059229211845842,-0.05611077774081656
-0.014974104990026762,-0.04511164638367466
-0.056840640098352754,0.011435110976247567
-0.0494155095506003,-0.028994436208272165
0.11565847510900447,-0.006540895127631413
-0.06713376260522375,0.10097444454782312
0.010404647644885147,0.019854185718487738
-0.028021266553080806,-0.06567624309066057
0.04381485018315173,-0.008816837457962062
0.03457623981929031,-0.019050820111512677
-0.020171375521746464,-0.08358461708090342
-0.07108352830316803,-0.04806027320620732
-0.08696691819135496,-0.11680970558471476
0.01702725097830563,-0.03788585285422698
0.013570344893986409,-0.07049124820346245
-0.0823176284950591,-0.060201664239647186
0.09485206600373858,0.042764652613121665
-0.017063099793053677,-0.006451187643894501
-0.00950579851722021,-0.034145253343218454
0.041584133706120005,0.03838402864264463
-0.08562335426033336,0.03239235805821952
-0.031298933752644906,0.039118704051694486
-0.020550775305484974,-0.010562977949524033
0.021445639988065052,0.029517324708273066
-0.026546826070305042,0.028565804516273975
-0.02466821417045504,-0.008580060625309738
0.024975167897344806,-0.09963031095761579
-0.02982755478165917,-0.020381743305180146
-0.0017866254855482024,-0.09225168556133703
-0.07788423592225342,-0.07735508428057172
-0.046328033246766334,-0.10456684683716705
-0.022828011968718483,-0.09337285749231908
-0.0033480741071348734,-0.03407633130558492
-0.03282977333031372,-0.0816337300692318
-0.04371509565677896,0.0412018505189546
0.017233575379494718,0.08471759323853102
0.01924918899939211,-0.03659487961497392
-0.008232639581141652,0.038187059134827575
-0.1036912849428718,0.02091035597822754
-0.009548745103153903,-0.03367484625431675
-0.019079924826228913,0.05162714429174664
-0.006333521323458205,0.10629327523451795
-0.10605793760858916,0.007655323698036561
-0.07280687251365456,-0.034098171074598844
-0.02476997465943571,-0.03620433221358585
0.01609376978401319,-0.12144971502345023
0.06005473583910792,-0.0754858328727661
-0.08835070520258814,0.028085701586621294
0.06719686968966897,-0.06926934214205005
-0.1013917060101024,-0.052150698466864584
-0.0425439304170975,0.04903699275239027
-0.0222244005381248,0.01613915562283452
-0.13071095407512845,-0.05826334675122768
-0.04129643273468654,0.019053831299103263
0.03551782982870902,-0.0035336172946326787
0.03878442966588298,-0.02047436987354644
0.05694467719495208,-0.029767521855624347
-0.02380937760318668,0.01949945393753233
0.052228283238448026,-0.1144102849873863
-0.1059170073543513,-0.018562550809952755
0.052735863302901684,0.012850460690572493
0.03116054953290508,-0.05996765408644279
-0.09015732760077444,-0.011165369499873278
-0.005571226516108635,-0.04296556117808649
0.10718341397756878,0.07925598617494124
-0.009815097011094301,0.039200256483345575
-0.07815029953801338,0.03771275868640736
0.023705714035653826,-0.06595238223779852
-0.007455612124209124,-0.10226938049758094
-0.09394541411111625,-0.011146292613466785
-0.0812322118040174,-0.035948195560005364
-0.015404699474715733,-0.053717734991053964
-0.017940127058665278,-0.002767400851645972
-0.0034378555833440606,-0.06270521530872497
0.008673166882604916,-0.024868305540838177
0.035075303067728186,0.06207129775666842
-0.04064438961524969,-0.10065285146926806
-0.05215746179068771,-0.009665620446212733
-0.05851930931046006,-0.017611717689673623
-0.008344083421413183,-0.03249699123464053
0.00286878653871165,0.13397196289991345
0.050687409832875896,-0.0549700426227768
-0.11871027514587223,-0.14218342104067563
0.010605453771293447,0.018508681127451996
0.0007991318020630321,-0.019242090453099187
-0.008830759207944894,0.02686521947897547
-0.05019498976372368,-0.001142825579383628
-0.06228967766450183,0.04347894561698562
-0.006874966598396171,0.036702811956277816
0.07798077164151132,-0.0019020036215053777
0.010766044840987157,0.041347031800004784
-0.07822267629851533,-0.03348296095571525
0.02803248495529513,-0.08271882639425177
-0.00019382827736868363,-0.07885243331064833
0.021022696429248974,0.005018481716766221
-0.04706911893722256,0.006754176136927775
0.08731772996062322,0.02479426762654901
0.05473765828546448,-0.030753412523637353
0.008675451385185468,-0.050879727562164016
-0.07571405027504519,0.006903959516421955
-0.04079894008517837,0.0033958552058237605
0.020525011721617,-0.021718615457992523
0.0004788808996134628,-0.031233187024902374
0.012056780120808436,-0.01932158746373439
0.06598626095215748,0.014436238072610309
-0.00029478441903519476,0.06830518206786262
-0.13602689555661523,-0.03017188973882707
-0.11671419401917707,-0.037242931587980824
-0.01802471315015846,-0.06320087700778852
-0.034314685803207894,0.03093817319198087
-0.061478588796992216,-0.0638903831120034
0.017655650347915525,-0.04184464596988223
-0.00953515208528858,-0.11090001655150863
0.014474925722584077,-0.09133690257141672
0.06036547971509062,0.0009239414678168904
-0.021200934530190924,-0.05106281851042238
0.07993285496899664,0.05104136391195195
-0.025768139694179994,-0.015009301462498691
0.08714979957178284,0.05471883017021692
-0.040485368306593474,-0.011430322664492749
-0.02558535416737502,-0.010213921747245128
0.08278335338243403,-0.062029651518679826
0.005930371522955861,-0.013615655416390897
-0.06584682778244452,-0.04528670699445622
0.10589689179138266,0.002312222570440269
-0.07057355430867812,-0.0062465443241588835
-0.00668491758922111,0.04630828705742537
-0.007762749613552896,-0.03111126684738712
0.11973323001851811,0.09875788934271024
-0.0634818349460325,0.017193551339396193
-0.000625050913114527,0.04213173826121305
-0.0825664955621803,-0.018026645227481194
0.015458317696661549,0.013768737591445064
0.09452759556349968,-0.04184966414223819
-0.08627513199629304,-0.13620297037326956
-0.05312314506186816,0.00524179742996612
0.10887220160879175,-0.028482576433632133
-0.015471365615451836,0.010329479784019692
-0.07673313749807008,-0.021204514276198762
-0.07402444684699881,-0.002377779385612142
-0.04342987968186396,0.0342573650043856
-0.01715221095687178,0.08121678519193788
-0.022617253816321934,-0.07309528470053449
-0.10299804834727791,-0.036972333185971845
-0.024812486252781915,-0.06446004259524057
-0.049599846923199735,-0.09079040660307473
-0.018904891075374127,-0.0038331219943939826
0.0600762940125242,-0.038606608712174396
0.05285052730034561,-0.01520251017630607
-0.051849765227156806,-0.06494277755265356
-0.04959501067255687,0.07379170265448227
-0.0013426947111587306,-0.0364667878320273
-0.10974879044836101,0.01899919900782135
0.029708774914340704,-0.028887676243755694
-0.11919359983630119,-0.015362188525822048
-0.04816701188358161,0.08362199631101974
0.010941406578718976,0.04482527149180257
0.052777709736408975,-0.009289670103643581
-0.026294146052853972,-0.048592647249146415
0.02035763043635959,0.01950724820490663
-0.15347604026221107,-0.01467363517758533
0.016414984801482308,-0.05194502476034341
-0.019679677443897592,-0.012028442645325134
-0.02564411982946107,0.02023321119003035
-0.11832106870451178,0.11871087879540146
0.007620597416591116,0.07281148228316982
0.04859068791451927,0.10835181573030783
-0.005157072171131132,-0.08015278985278179
-0.028771875196776986,0.02384814508387937
0.03481037990320312,0.006718364642628319
-0.020197237449693033,0.104471013381041
0.03824938412012402,0.08651131605809168
0.02765929219512064,0.07246025690919738
-0.10432404034737977,0.02438848281284015
0.014181473568316068,-0.05494662816608717
-0.0549725679322324,0.04893985446324056
-0.026060360885562867,0.040778410100788094
0.011674410855625055,-0.02106297081972537
0.054782304779400354,0.037305565414359185
-0.02181143793587523,0.060446218818374496
0.06355873991345543,0.0017950010306240303
0.037526493298132874,-0.056334288611875186
0.03881404580827518,0.002467576818761666
0.07854532573630163,0.018533947263461817
0.06196268561475132,-0.00508394458016154
0.0007743550582123273,-0.06751639140642021
-0.010663155252655796,-0.04545365739901977
-0.05141430928830947,-0.09015281043124612
0.08416610567920842,0.011707487381817962
-0.06725938437145554,0.0452091146468238
-0.011495348635916848,0.03203709632485455
-0.05303051328031431,0.0485696661862313
0.04181490622737025,0.010923504020957774
0.00598094966996278,-0.004547805929209989
0.031312037215167746,0.009375917257154308
-0.0773030332206227,0.060277957558232405
0.025350688512089322,-0.04122764440609649
-0.0003779442384376896,0.12603900470496643
-0.07078687142906973,-0.04809728842346841
0.014406030627305602,0.035084636946562914
0.07910624275435607,0.024710015912788312
0.0030871631215137144,-0.018265461045768976
0.02237079142958513,-0.012809342411290118
0.09364528051781645,-0.01456021439540086
0.04496628976783353,0.008305715581361846
0.03350950294905187,0.03798830132019219
0.004100097772200504,-0.05264437578428092
0.06329140860643817,0.06552431783980801
-0.0641722097168922,0.08208234136889439
-0.08550599738630665,-0.06632800391383022
0.02289439242444697,0.03728718687034907
0.02941403281390872,0.040125156792807676
-0.035756555024319944,0.011996735963907067
0.030586456802869748,-0.10611827208362745
-0.03320712959254539,-0.009807713156234634
0.028211545552958083,-0.018873981076849483
0.01569047907108817,0.0016614123723609035
0.03649443421315021,-0.005688038117491412
0.09151292393634876,-0.05594134177442443
0.059708937949448065,0.028748765369014728
-0.036529704433743294,0.09654459362631874
-0.050083432458172775,0.015244140508348308
-0.056090446051412224,-0.016302298519856408
-0.0010086649758932406,0.048793146201657284
-0.045661998934554124,0.054712278407533774
-0.031492364912469,0.02518278713411868
0.03542676688110109,-0.04070807029951179
0.034754388295446234,-0.019729237510839225
-0.010424041932233261,-0.03872929387551011
0.05798346575054389,0.03218813125524256
0.01964896629831538,0.1365396368856858
-0.03871232047058147,-0.00734989955563892
-0.022732339256840685,0.006198117699229766
0.0019711878833421972,0.07164341299817463
-0.007704190869766883,0.006315096059238643
0.01214275951612552,0.027902095179381435
-0.0018397752521975286,-0.009836936755157833
0.07303323555630441,0.04202551481874579
0.01182598492261095,0.08715099100508351
0.09364396814160247,-0.0024773527818052997
0.04437560966316116,0.019038943514663745
-0.04450543428241391,-0.07702258238349387
0.0023097922903706908,-0.0032067341784204617
0.0634162125291195,0.043415568093158455
0.04674629563951374,-0.0005217988279528699
-0.028548859347991697,-0.0371904194883667
0.038721326224140894,0.011330068779990082
0.04410331972571491,-0.09445785361090359
0.007111312669143666,0.05555086316359569
0.10415903927543224,-0.04321816449100755
-0.006043900738675417,0.01743276942179505
0.029603269895417783,0.07026736263953166
-0.009342974102135016,-0.013457178873312159
0.026540486150476935,0.02936855652878871
-0.004253272427269184,0.12311979167725028
0.029044750213664774,0.011614345012956427
0.06862766654297857,0.06875534948496159
0.07526243138244465,0.04962130880697257
0.05476207740443176,0.032989603612766184
0.07766036292639139,0.0410406202088438
-0.08282762993353632,-0.021570040576411573
0.062013949215700345,0.05617682911485394
0.0036829569246704767,0.08561406602953595
-0.004906671879740445,0.06212862375570586
0.07928805032115852,-0.04154167969030863
-0.11370668858704355,0.12584231414321806
0.05293447181600879,0.022136460840827484
-0.05225183136919365,0.044564883806961775
0.045531706277739475,0.025665052905698794
0.11584015344151243,0.047635479982735734
0.00031863854913755443,0.13101588064237446
-0.04860763109891699,0.062319272740013774
0.07399366975183082,-0.005790091273318081
0.06394699749362036,0.017312745909247994
0.03373234767504551,0.03195776540572086
0.003439552155212855,0.012394908981428008
0.12338262578653676,-0.013453948327968476
-0.016307148626921772,-0.0033355926893317497
0.05617519602983826,-0.029363833962391415
-0.01379495397417015,0.01236698858370237
0.05042853918192812,0.004133856946652139
0.05137445145872207,0.0546881907564188
0.0825985780732307,0.050848079551816375
0.07118037451123899,0.04152958522649913
0.07140459031144519,0.051292096576638774
0.04755385283230522,-0.013618899115141168
-0.028533541208921178,0.17191241636923948
0.04081816393885564,0.06981490484281846
0.014676331098155694,0.047921046993762706
0.0359411878065682,0.07380442407309301
0.0849541249732065,0.015189305560899704
0.11974869815391828,0.03329758665347721
0.07468029356339416,-0.0467888040185596
-0.0455835924668679,0.004376876962621835
0.024999133844878035,-0.06702325957545163
-0.0006989102071053056,0.05059531823932857
-0.023941905273326347,0.017462328581210926
-0.004937968572233695,-0.03032904342739743
0.027817130042899204,0.0614099070414629
0.030801372633503146,0.16034338654903268
-0.07103772988479073,-0.0031560539350716198
0.1138845767030393,-0.005566107202275435
-0.004842693348720685,0.08339436155151823
0.027109879433094605,-0.001795966298519346
0.006949990113049982,-0.02261324830076742
0.028423404737853222,0.027297953930628067
0.02635898065272805,0.11962977722388407
0.01457920533429117,0.08172478875140812
-0.02058835159311703,-0.017057557731040562
0.08563922067627383,0.0016560885911337617
-0.012617714725679793,0.029315160297190945
-0.08251175572066086,0.0760230335664911
-0.04128535278099632,-0.02165049529583194
0.08231079343674472,-0.02014430029160772
0.040934865701650586,0.05642320307139654
0.045577627392712816,0.02233564320300592
0.016080643333441984,-0.03364305451134437
0.037986994488189804,0.048944058309672384
-0.04190010036891775,0.06442835507475052
0.004411483473661474,0.020178413504400257
0.006752306609840286,0.02324574681722629
0.10587091035261914,0.040592119373886265
0.12676737786780856,-0.011378536503499325
0.14306710425094488,0.17700106033127314
-0.044010228489602975,0.006649065878318905
-0.05837994145094863,-0.027866156248309043
-0.09109808931644926,-0.017099595347582357
0.001336184556869624,-0.010742751512170304
0.04208911948647151,0.04988787509452862
0.02735632201917955,0.010549836822470722
0.01895251460649667,0.007779178866434646
0.11843218705227607,-0.043119206984123894
-0.05423664303776306,0.01841305202913003
0.06122228511050343,-0.002034353562106749
0.030419843553778497,0.09486818148768693
-0.023304280571671266,0.07667679539691742
-0.02719453490006162,-0.025278607776316884
0.07374565647429383,-0.04342964226608986
0.02465084092309838,-0.05665199044150607
0.06575280047347815,-0.10028774238493811
0.07156973837289701,-0.047874089874052284
0.01852916183823121,0.03587704086375168
0.0030759876348837247,0.06173890143536372
-0.05152739525628754,0.004353144444094083
0.05663068152695075,-0.027794285859160626
-0.018761508301572728,-0.037785396416477886
0.025650546275004807,0.05872461381411323
0.0599540365658591,-0.06591252246099645
0.027558595762370002,0.07655705792445665
0.01205865037670578,0.07584193210802018
0.026566635646543182,-0.09691352755575501
0.041959653383364194,1.5021928784940929e-05
0.02674156890607506,-0.05919885556681168
-0.012702353708405039,-0.06382761730608422
-0.032764126641457225,0.00508549335903104
-0.0012501781156251512,-0.009047407940551058
0.050649968125682426,0.0051981157369012316
0.0003434395809516473,0.0469245646258406
-0.0036620977671291658,-0.06078645830271886
-0.06409037616775809,-0.018795065998413185
0.04940728958680482,-0.0764294814286591
-0.02807097093206751,0.03476729994136217
0.026658098601688655,-0.1528024130294817
-0.011388894540348572,-0.028044151711053365
0.022091394488666812,-0.024183390355378843
-0.04805380457448821,-0.09517685982898785
-0.015333620521504011,0.04982128487306094
-0.01573940185915072,-0.029544292779018235
0.0942850187235519,0.004746233683896154
-0.003819172879407311,0.014062744919633186
0.0042453109829319845,-0.07259043814440386
0.009434442110896283,-0.023114062750433095
0.007662122723680427,-0.03437759646718717
0.003263384476815025,-0.0800446637522905
-0.11162422675581443,0.03592574732269133
-0.013105780511247948,0.015997346183239197
-0.015298986090805801,0.04716306596820755
0.0013445382940824573,-0.01057035403492532
0.014422856580397273,-0.04591081527091967
0.0023955237420686766,0.003363163017351155
-0.027798613840095666,0.020363353078958334
0.00042578812602177014,-0.033713329163891734
-0.02524987708147896,0.07001585447340453
-0.02442294290532948,-0.06464188981046855
0.022839801448918118,0.03317018729978875
0.1227863695260922,0.020045668084684845
-0.1381040387758064,-0.030852153810271142
-0.07354728543449299,-0.06482484456223142
-0.03794526667044018,0.010457668021625396
-0.06413522960062709,-0.04175194712158683
-0.04527213614327918,-0.02683632508152368
-0.04676976238463797,0.052295592575295355
-0.03615241027323243,0.011202542918968142
0.005628636190250688,0.044983369882633246
-0.04215363378238368,-0.14327247190615405
-0.015957741863010737,0.03712548673956581
0.09735333644065773,0.011616124661660699
-0.09083170200371142,0.0660177813978075
0.10302460673757263,-0.023105429193693454
0.01766895223534895,-0.03847637172720621
0.01697953245988302,-0.10293813344986316
-0.04365553340165711,0.09015204793051548
-0.001393648679634504,0.01064015236565218
-0.02887665714018602,0.029403965462382525
-0.01636578967120564,-0.04869830813851997
0.04849302363785492,-0.09052173129720324
0.07451524234001798,-0.004543228439612669
0.00333585336370806,-0.023338663330034523
-0.0187132214453438,0.0585958653530808
-0.06896848849881805,-0.08929293594453064
-0.02980766652360656,-0.06305230680213876
-0.006719207799319721,0.04777722058586944
-0.1275333821916273,0.017229110754991638
-0.023735160502227064,-0.08639221389447954
-0.02673659842402839,0.0119737318172754
-0.0494548914017217,0.08105422278569549
0.02565303781871062,-0.13411632636396978
0.027311783697070456,-0.045365651797056435
-0.04376691559735936,0.09059191321609666
0.04063685047236171,-0.03245137448925891
-0.06079052688351942,-0.05042319419675505
-0.05197614018820971,-0.0448223035155243
-0.05841508391316441,0.022200359989316812
-0.04654208825138041,0.0874057328522584
0.017193496122136328,0.04236136263772099
0.02674409360752671,0.0007119521522878751
-0.033660925164382245,-0.012024487832054846
-0.0680007139853879,-0.028591486669293793
0.03442840588752707,-0.019584142516680163
0.00016732045778045795,-0.01664840503772244
0.01119516833096687,-0.04327095357647169
0.03650536577397451,-0.007560362134993958
-0.05835230923475203,-0.08188226442852264
0.04247803425441727,0.05519823950038357
-0.0368269348889336,-0.004987447895906577
0.0017477617404032149,-0.03661319341916301
-0.03192875109210792,0.03209811962820005
0.03289744888662939,-0.09636060852319285
0.0667077834746845,-0.0097610579505369
0.002115078431972152,-0.033261052960872305
-0.03722059454655799,-0.0033308674487147784
0.023693835562259496,-0.10725660430528867
-0.054940228157954255,0.06582356458521128
-0.02262282596301607,-0.03254982270503963
-0.03865322529092125,0.007357697464585512
0.01029066626223531,0.004630031614153013
-0.13306828167279136,0.012197495126182706
0.055587057237113026,-0.10374019998282749
0.029460974556318038,0.009990075985931383
0.007222426467556761,-0.030207954411150748
0.07254521521759949,-0.030738024243605153
-0.10403055816718056,0.00779113750051505
-0.047760388135082765,-0.04931900866760869
0.07514386099267045,-0.08242602817531618
-0.04949244662286674,-0.08323115064254026
-0.039403392342429455,-0.02862407618662713
-0.06318257595472408,-0.06480924105688644
-0.07960691464562684,0.033491088674143174
-0.09793518349895286,-0.00467522593074342
-0.023739787495664227,-0.006720866151040023
0.026718905474174402,0.01646582690054485
0.030691783234889466,-0.10979357744853857
-0.0026771573473543357,-0.019558261379610344
-0.11138776245454995,-0.03052862385340574
-0.035859036623606025,-0.017901599093088416
-0.018164987478316748,-0.09275299536838758
-0.07069765194025368,-0.008635503192027248
-0.04144461747619813,-0.025111008716767753
-0.040833991518944596,-0.03511385196621553
0.029692841338802303,-0.11510516153672262
-0.04430170205358691,0.06107982944786775
-0.062412885891713045,-0.03630406798434696
-0.04987069161111135,-0.025528319448275702
0.0126722714069585,-0.029253625558615493
-0.0016695913240193198,-0.009419509038603145
-0.08337848009817703,-0.006739731802061503
-0.04811344227478902,-0.05529832735632372
-0.02609738058223373,-0.03935061731408991
0.038733218161250374,0.055051106903542577
-0.015890108589542692,0.021258618859802653
0.02010673157629422,0.01608038908793508
-0.014288242412166061,-0.0305933782663828
-0.037023122312964486,-0.1128734124692263
-0.07115461616507643,-0.04432906602362868
-0.001301133935425424,-0.06924078245658087
0.014753157713032875,0.026435346061861372
-0.05501927869192105,-0.05419874302925285
0.002098397991640962,0.05230373270540395
0.01049973165940193,0.004571389905398647
-0.013645866189493074,-0.01640577306177738
0.03537647139701475,-0.03017103952886548
-0.06026682921693709,-0.04872135841977605
0.02528930305401053,0.07981476592097916
-0.07396118042382754,-0.03676060768554518
-0.05472001438317145,-0.023909046913567846
-0.04478283563331807,-0.07927366994256749
-0.04518601961584594,0.029350061899560822
0.03073673682193882,-0.06825804686925484
-0.08238369473198151,-0.07521015574076607
-0.012595383978262164,-0.04130188470595511
-0.03549782633848758,0.026321985759412008
-0.05363870869497457,-0.009309253947210772
-0.04455371834934234,-0.05562220177972879
-0.05134190814469882,0.015516991390729302
-0.0049594868174513,-0.004091857054237884
0.007111124159643453,-0.09024812222714339
-0.05315511658152963,-0.0013286249728923002
-0.06052480160563338,-0.05516400168110125
0.02423740399080565,-0.009802365149743596
0.017667308016480154,-0.05025978097168471
-0.019097720288279087,0.08924959050024708
-0.014959045891820857,-0.0004920124325420317
0.03456687954562751,0.003237123162238051
-0.017164570676929215,-0.13355487224351884
0.03747266503909777,-0.04073094422350615
-0.011246805289456869,-0.05538632506928794
0.06725263092111172,0.032829853431602704
-0.03774637812738526,-0.05227816082470606
-0.05258293007067144,0.0040104265433644065
0.029854545714106256,-0.03551764637739204
0.05165033906869688,-0.05662686298341717
-0.0018034981845688764,0.011792220194721889
-0.06164765701329954,-0.05054579455955984
-0.0326946067182753,0.06713590801264419
-0.09480773327152511,0.02577096694668297
0.0268496775650598,0.0015982270643411772
0.10177882777460762,0.0028175072921797356
0.017631007173657766,0.016053210297275897
0.03730201431465132,-0.054969457633301445
-0.010680513847336271,-0.05306092011246928
-0.010243761683356679,-0.0826895134469898
0.03709396439809716,0.05512371046007007
0.00952528929099123,-0.08857632845481361
-0.02034421169116612,-0.012533062292207419
0.006330183664723999,-0.045426243716744086
-0.00871787232445972,0.08256911697053097
-0.03177129249593537,-0.12031130607723106
-0.036056889396419406,0.03807026034486667
-0.021063278615988248,-0.013960787353048076
-0.039771657241606514,0.007599675478675103
-0.05508597779955372,-0.0047367051567157505
0.05751766335891939,0.023932400903070923
0.014538589992190125,-0.03991837777076512
-0.012495133995996858,-0.016260005781835316
0.056924454573622045,-0.023043597834434208
0.010203286772314992,-0.007828424544750336
-0.03343708610668957,0.03998794056899222
-0.03155087634013692,-0.04377027623910033
0.09202906254810679,0.06803814560592902
0.01651709604687588,-0.11030359391937324
0.09846846572421333,0.005446184054868901
-0.008894540909870014,-0.007376973631556455
0.04233529607835685,-0.011902204878476309
-0.013861741273738652,-0.07776715436562617
-0.058984203730289876,0.07187904342509169
-0.016837205647977926,0.004860712897848912
-0.02938890559143173,-0.0037295239059115465
-0.027459319731816777,-0.06063784429087659
0.043179877981543824,0.007408596574806812
0.04475355954370325,0.08454151641666728
-0.03223040918543314,0.01054714742092308
-0.03635100543681651,0.035470818187391
0.027150934479642223,-0.02555070640619721
-0.06146104366974758,0.018896616483981218
0.014802312171342355,-0.037734008492310935
0.08736565809349083,0.018342984164281213
-0.03029231468987292,0.0007367765318579253
-0.025281611914459517,0.07007327351273737
-0.0017212624357713677,0.0018804686627644797
-0.04359730758848556,0.08873005359892902
-0.10858467216435619,0.024596452454655325
-0.024604441973064457,0.02621380530007092
-0.032775067038841976,-0.08925702324869539
-0.08226055182876592,0.10129988910955506
0.07680829614905979,-0.04337495791997008
-0.0027863736489447295,-0.02400830616405089
-0.07237435473965874,0.029467384172925503
0.0451606246280573,-0.031094237884806916
0.05047778755916152,-0.00806950190333324
-0.0010760366519945398,0.057336796021515105
-0.03238747394515424,-0.040658147984965115
-0.007398775476856069,0.05480865188695647
0.039595949745201385,0.11508921490782387
0.12206959370285764,-0.011033174608902872
-0.02640102778275708,0.003677505391009003
0.057261433341999526,0.11222574441394711
0.045451272119346825,-0.014970894408292195
0.0474509417004935,0.06935483113517212
0.021206217788086415,0.11013635687450482
0.03793914950892374,-0.03178663808397643
0.007355485435933915,0.002736708837838565
0.007626671071831521,0.04487402262589324
0.11976345013159088,0.028035253063479967
0.07327325565475082,0.0023604430260905796
0.05329462709174683,0.06247762044892341
0.03631636171760087,0.08341937943467245
-0.01678091980635269,0.012848355965158568
-0.029163910141484947,-0.022913761977678904
-0.037999849984549874,0.010297198710778353
0.005508425083887347,-0.11655216249974507
-0.040608237110071006,0.02670196598760726
-0.050138635944797165,-0.01005388190630918
0.047870365462502534,-0.061687527804744964
0.037340419801514854,0.08575919169837824
0.018770937878297332,-0.08712357676127834
0.06312401071843182,-0.009429178662129748
-0.0901644413177945,0.02208683207106315
-0.01932666312667859,-0.03535812068773542
0.018784186995654678,0.030911261846836614
0.047722331979915544,0.05567608383357745
0.04312046196378553,0.05330036609036108
0.03347579799156837,0.06855245770131761
0.06878493530992356,-0.008795699411805292
-0.08150408889483382,-0.08471358697347388
0.05872429215181811,-0.02424462503104483
0.07457078535296861,-0.059170414796415785
0.04423784581434956,0.042241458077955665
-0.027217438157421225,-0.005163850241945281
0.08366644092915539,-0.027190487569104794
0.04957072842644774,0.07791178138713153
0.038143500595027476,0.07384125318435172
0.004709102623346308,0.028953771913028427
0.04701915237355459,-0.01067409320695355
0.045389678306636136,0.010828885424491355
0.03962850926535557,-0.010246953574816649
0.059336110142631404,0.02381745968675515
-0.05558148654989664,-0.03989927241929508
0.03638571247994565,0.048370108008455905
0.06625458198806806,-0.023582805366776798
-0.08985606263298337,-0.033350819419848264
0.08448339385222658,0.11056683868317689
-0.05286479849734826,-0.004843203000896756
-0.0068708661127025415,0.04551412276958146
0.10726616482039861,0.0018643162653094666
0.04548258339117925,0.040820680099008994
0.019436161580417353,0.003000487532248488
0.00896323774855416,-0.003144824053096379
-0.02658392634842811,0.06090241553079377
0.06310659646116416,0.008615290046033387
-0.09929514954708767,-0.08650326699669827
0.051423393886807875,-0.05518933444548416
0.05268043703142682,0.0811772098847687
0.081153709903241,0.05229202240346643
0.014282602072393964,0.035105372062221585
-0.0927424568556019,0.06459493004890049
0.024260675261861597,0.05428018363657008
0.02361254804289694,0.03354022193189114
-0.05681383020412162,0.05966618177681046
-0.023108289798018707,-0.004260709631799999
0.0066115745527397535,0.05324021936103807
0.014406279522777364,0.012298806138340238
-0.09221593583175938,-0.03671467724989621
0.025999374679586018,-0.04209453507106713
0.026895485634131522,-0.00489362077113378
0.0902724380275863,-0.004347099164390557
-0.10626020147600325,0.1197015353652697
-0.03574061140384914,0.03447735845209683
0.06409146874598377,-0.01996621499903142
0.06591357802687058,0.02209315165807384
0.05997355334601594,0.058645009436721046
0.02944453555881196,0.03695457332341032
-0.024302195922942627,0.0954697880841634
-0.001005191912005935,-0.004876651420802281
0.015165800479061332,0.026216206532128382
0.041605096139616146,-0.11299091439011558
-0.035912663630713944,-0.024511357296189487
0.029446696722499777,-0.031936852692575124
0.009453821855736488,0.08459346688848013
-0.10517121525556347,0.02505975961838338
-0.05624571216336029,0.03515358797664425
-0.00308125333421257,0.023496966971236898
0.09214939601709984,-0.0072962485919365674
0.03857818144548169,-0.04143212452041474
-0.09467933648607986,0.041706550716830604
0.1189953686629526,0.04015694904483877
0.032384788771044254,0.10592134563653655
0.09199767271031596,0.014904937515469611
-0.07334949734559729,0.0949745941407353
-0.03147789634603558,-0.021943093823013963
0.12396041758272319,0.040630521461569494
0.04461720072864157,0.004976680261304224
-0.05099111985425121,-9.606051217647682e-05
0.04107043112210556,0.013584294474312912
0.09513125537129127,0.09326938045105783
-0.024627697982716655,-0.06582388276769557
0.08562240536082767,0.012175821607853937
-0.00814258544392437,0.02755674555706389
0.08634490211204948,0.08478143606349808
-0.057353278247176606,0.082129719238405
-0.015268832317185184,-0.07689898305074667
-0.0016761098233894732,0.022798958656021568
0.0231272867996725,-0.01924425371715784
0.055434555348767164,0.03278309204273101
-0.06342957384329395,0.05961832272005762
-0.0032550041254602,0.04601505241670081
0.007450114676169135,0.03269181332976604
0.09149055197817281,-0.007960899659434442
0.043977635771684245,0.101941817624536
0.03550726849584654,0.10122996008870208
-0.051541217449511824,-0.0615802542486926
0.049917134370615894,-0.04542857347691571
0.03969886691158839,-0.012739982066222566
0.019106326609478454,0.1127450588560384
0.05584195826061644,-0.03952117042699497
-0.001594053170843577,0.05069414678322948
-0.031937607996636,0.08824159237482737
0.021468676159313527,0.03639934627103598
-0.016749455209364834,0.026282037636587555
0.03538262753213363,0.07327859655576915
-0.08581876820853217,0.04413701509307047
0.07647626124846922,0.059631939818658206
-0.045114481388777994,0.03776794434571948
0.0508320943414534,0.030859700812387154
0.02121656476233847,-0.004260722618230014
0.02046586024174739,-0.02226312774634865
0.10188631527549497,-0.04156823605619045
0.03201251706251637,0.0038626754644752077
0.040111783238217555,0.08033334126759827
0.01959585244435249,0.03546692236587657
-0.02515178388499041,0.03585708632273714
0.025733885541762664,0.033669469391280654
-0.04522445470542432,-0.08418115638044099
0.004527747470296702,-0.0317866581345855
0.013115588000205954,-0.04565459540343637
0.08042649639612057,-0.04871517463838307
0.04415097420372864,0.07362138697591682
-0.016582792388882422,0.08255529171134438
-0.05225104660615394,0.013739956305356398
-0.030770813075550817,-0.08137109383504716
0.017063244510573367,0.10525343060700644
-0.00741736495780072,0.030430287657783585
0.006723380546815632,0.011205135066795838
0.026595359382373496,-0.03443439980850593
-0.07441806566048965,-0.033801385366826565
0.029020584773431966,0.0020377816756887712
-0.042176450437169014,0.077825545184462
0.011926648946809495,0.014411412166305971
0.020883093603395984,0.049053752859727434
0.05083292432916077,0.1412295800752815
0.05896002791056052,-0.02850003148593243
0.013837423058588143,-0.03722945217436361
-0.0019004205038436481,0.10024242511741185
-0.03305178154336788,0.13640987113245834
-0.03220325545081402,-0.031031195422280902
0.017777722772725428,0.03220207715439427
0.07292458017126312,0.025797958294829088
-0.1189607743904632,0.02408669643300749
0.09520044943802046,0.10558390794535992
-0.015999197767763228,-0.009480252297021855
0.047047750425821516,-0.000985310676600603
-0.03995679736514582,0.04062296245885033
-0.02368054500168512,-0.015117967094118506
0.06518676427577239,0.0693724750019999
0.05501259487903159,0.07492075693725532
0.1157586186364039,0.006936812157473222
0.030456414933675797,0.08219950583519303
-0.056342296476363324,-0.04105661186360172
-0.03429719426283409,0.04441908178861645
0.05365539888694623,-0.010947812276159307
0.0337504466313055,0.022095546397236716
-0.0007228065911303839,-0.08749690313452355
-0.00880871496394653,-0.07935402445237366
0.12057132628841599,0.01231693747678936
0.016859675053883246,0.08997205898054936
-0.04112224826956735,-0.0145822376759691
0.011231298122225956,0.012132357284573403
-0.02327995686984633,-0.033142350988377436
-0.10700208573836681,-0.1281830098937638
-0.01611564469799106,0.0685894465416806
-0.04519840561376053,-0.05012046412848339
-0.025068752799500153,-0.027872038333790403
-0.06520626738876925,0.05592823633802687
-0.06860496174820852,-0.022594069447679263
-0.10049404183380865,-0.01641985486673659
0.00955418449074532,0.06899231960694058
-0.021609043436318708,0.004622695492422471
-0.002828232686588271,0.004192983632637766
0.05066633178549538,0.04105074979722631
0.006436279561874008,-0.05598370062587237
0.03776101971533159,-0.012165402369100617
-0.00903263826133291,-0.017588372141838608
0.0338958730786772,-0.07159758210327226
0.025912835358865537,-0.055063135401947516
-0.07528613657331076,0.02654194285419549
-0.013282900219244768,-0.001949416102994127
-0.04477053418486415,-0.03473840148040552
-0.10805019397563845,-0.017391676697325185
0.01224655859693122,-0.06312338021806055
-0.06103114715525094,0.02237636882533315
0.04462577322212501,0.018961683432001407
0.006311402340596307,-0.0021825439807999364
-0.031105654193000157,-0.00602446398784473
-0.025462361088033417,-0.09992767091233129
0.016808004201871313,-0.06329589935384032
0.03587104193170393,0.0010498723398197508
0.03524228437297326,0.0011161592570126631
0.056732119007864755,-0.1151753119732748
0.02740883653806924,-0.04353575614357478
0.05186625283634525,-0.020937916251700005
-0.004083299574972067,-0.11234624468048364
0.03914419152679703,-0.050603561878886955
-0.09579128475673121,0.04018996409994355
-0.03651158343996412,0.17667509788234864
0.024043149690049045,-0.05413158486108965
0.0016261642912797879,-0.05931442258700177
-0.10543905125548572,-0.01979993451604555
0.0073505769635133,-0.09952785686557358
-0.05152035796351735,-0.03354088879459513
0.00747990912490893,-0.03842670524023496
0.03604912713439856,0.06510190592035021
-0.011165354664514484,-0.0196776180467737
-0.06243691400741758,-0.04192809649133588
-0.09640822161439958,-0.05148667858583063
-0.02389195158445314,-0.01758256917951692
0.00729596345689547,0.06285670486390792
0.026071948306749484,0.06203411043945692
-0.036026326954337176,-0.16578474351476444
-0.0360678377644338,-0.0009121087494001062
-0.010452577936962906,-0.014872093378149013
0.009044546249893731,-0.008714071419387993
0.01201640246345537,0.022596483505207796
0.025171250788466625,-0.01285780183799019
-0.03411826279586075,0.005528556341075016
-0.03864628169444887,0.006575823691509473
0.0357526911703461,-0.039366875992967135
-0.04493636335731524,0.03959017123419149
-0.020848353849774678,0.007542231190055294
-0.05175370934207196,-0.06575827326970277
-0.0596572260273615,-0.05410474168240255
-0.023895085696831932,-0.0061815736806878525
-0.06969441673131635,0.010693906939005973
0.052152054259824915,-0.061655049630211886
0.0011685884065775927,-0.0669941700668128
0.017118141229249522,-0.09565388482150927
0.07736967357866421,0.05061030776799605
0.0163437587918426,-0.09756269768086143
-0.020419161094010162,0.04044981146141449
-0.06579434187762703,-0.0018674671225932526
0.051794341708745306,0.008736646737542812
0.08082281894989171,0.01778122590961019
0.045011709134728614,0.008530666595842763
0.03302137173318255,-0.05281700155426931
-0.014550622972850771,-0.03963434715981584
-0.019374047816223566,-0.021577262053437383
-0.016962938705389504,-0.04915772136006108
-0.037557589793838234,-0.04292418201385312
0.012165993625046386,-0.010974454684352744
0.02744969918161776,0.04087902315697693
-0.10283804030182929,-0.04650916468870163
0.012235083315729086,-0.024011086157513104
0.07243711554014849,-0.03219639489754607
-0.005376665600380923,-0.03160177926143316
0.0315037415672164,0.07259370899207346
0.0801925657010186,-0.0664286494703985
0.04374543270980136,0.11629848450299986
-0.06323595515833547,-0.06933991368673886
-0.03531221594816839,-0.014190824548528859
0.08378851710467498,-0.013779006351624625
0.011713649822816568,0.011638509359189395
0.017711787560523967,-0.00015866773000603948
-0.08910974051727566,-0.0013734563641974798
-0.07300613669639677,-0.06957490011127195
0.02706353375796735,0.11120005088637594
-0.00024483895912372905,-0.05788023856180026
-0.05470449027808011,-0.018387473199736572
0.0036598199562131,-0.028069358237223372
-0.005428455673580145,-0.037605603766559
0.040611422478081804,-0.0025483675060202667
-0.058852843058284005,0.004668817789790537
0.016238992290665725,0.0290706206690331
-0.043906554250815216,-0.006281647707407408
0.061318962837341694,0.02005790920519185
-0.032823773358690266,-0.08907766475148118
-0.03930555937407019,0.07372712373605157
-0.015447874451730043,-0.05810476543894612
-0.05741390940296623,-0.05176573304560539
-0.07324290907935158,-0.05357623817771971
-0.1060023433598118,0.030914918983046182
-0.01888696282326608,-0.0718564194234259
-0.07206225578746807,-0.12703036035274126
-0.036063416957849634,-0.12415819493668652
0.01188432327350157,-0.08605525982664726
0.030008728429850126,-0.0011027002327970471
-6.328675266443345e-05,-0.006566760481413608
0.0504676371438615,0.014442301852169558
0.018672752512590946,-0.04648922438976113
-0.05328731172524245,-0.07033792143484613
-0.07230758985473859,-0.033819524244949314
-0.06316313879119519,0.025920511122886937
0.056160067395963395,0.06443763700294719
0.01887961572237468,-0.025521202341471406
-0.07525583766818608,0.0041614677990783715
-0.03993011069187123,-0.06403398141632807
0.06382205497622455,-0.020985977641132126
0.03618322950506295,0.00033777775322298836
0.048377747045708464,-0.00439646701566576
-0.0014799753906512524,0.07397629304967872
-0.054971709808952565,-0.043731921704917756
-0.07702384138624288,-0.004144506110267605
-0.03155168030241077,0.041079019784209664
0.024854091460406763,-0.08445430139652166
-0.11018201463750829,-0.04967341762438071
-0.03362397552913635,0.00590296710420613
0.04693007383305202,0.035368834207190836
-0.026226280479102745,0.07725313812949583
0.045756872049377145,0.11120617406208612
-0.0191619877124029,0.048159580953362764
-0.09116345361193202,-0.028765959767699755
-0.034050928511689504,-0.02226766369257885
-0.06310303104184678,0.010695556123528982
0.09081321000291694,0.008978916953534795
-0.011331890226666523,0.025442191482707703
-0.11905555817933768,-0.0536586577489412
0.022752482498248492,-0.1243334640913331
0.05446845555700447,0.03198919610903214
0.0035454639209900277,-0.021000073422464058
-0.025057438789375497,-0.017567987043537927
0.035810609418122,0.033061385667335866
0.013701141787262944,6.640188561628582e-06
0.02304623775643983,-0.014551723655633775
-0.090100031138462,-0.035443129473458464
-0.050389641166444205,-0.032347611496404804
0.0043122995539581176,-0.02870245396016142
0.002551735381500681,-0.034933447106281476
-0.02372492636219909,0.05044896445099228
-0.06866901443047858,-0.008783504740169434
-0.1303705659970297,-0.07227823349506281
-0.05893631109830024,0.06733254350266239
0.07732728290466837,0.06341874502175761
-0.026636104396431094,0.058796419358647614
-0.03642233698457508,-0.03682368273710176
-0.06556562223821819,-0.03110808030327255
0.04508808402206341,0.025398334531008912
0.04198147883550513,-0.029629820609088347
-0.00968026662084014,-0.09786448805571696
0.07480484549029237,-0.076500056533994
-0.02230004788179773,-0.038658926038177756
-0.0028457844726943625,-0.010269335473196011
-0.0051737815860276965,-0.04562147580198595
0.0033000486030785375,0.004459535222814409
-0.025561657642029514,-0.09279655384753671
0.03928577645993606,0.003335697987788238
-0.09910593915995743,0.10381865108690823
0.03043910421910927,-0.09697674166144625
-0.09512898615235946,-0.11217398635351813
-0.022991797890845902,0.0761688917349853
-0.05436415182442869,-0.10188511297066725
-0.021097012464604527,-0.011546633352986956
-0.000693788212744839,-0.04019514311692902
-0.04033524544611483,0.07117940977294317
0.022425437685091996,0.05525794551829197
0.07528873347066532,-0.01978314846083812
0.03121854446688123,-0.017766462395664418
-0.02118814622565863,0.010587151781387126
0.013565355227490479,-0.028514464689397435
-0.008746962638432087,-0.014891639330308607
-0.04146522512697884,-0.0899381763142365
-0.007395141859771626,-0.015344381190027572
-0.005470250409887396,0.030661221833193506
0.07597822135946013,-0.033761477447918575
-0.13688276481129444,0.13225352783941094
-0.08950851724312094,-0.05873126389163458
-0.03680563945002503,-0.05628019158590518
-0.017834706632415324,-0.08010101838362547
0.06431660507133453,0.01597575764425395
-0.056239183830458735,-0.05071137448481867
0.04207499907415251,0.021703794496891114
-0.14506130157293984,-0.02424312533093758
-0.04842720795186793,0.026161911754733157
-0.0072917188928663945,0.003324559225615951
0.003260475363185848,-0.026683226495405967
-0.07136841325921751,-0.01036418408499266
-0.01785380130418429,-0.017118905245942638
0.028869552640432897,-0.053566823750428205
0.015919332785121122,0.03389436094115921
-0.07322136142310977,0.07285936520792047
-0.08336017262917601,-0.10469542854422098
-0.03421242422805375,0.003942071282627163
0.021933603614735564,0.0666814375384883
0.05582103550668862,0.0042783728904804055
0.02626001909889006,-0.007198620024759225
-0.11463408265725866,0.07238102994049855
-0.10995305446265635,0.03015103488109424
-0.012275666820766513,-0.018756838690765
-0.04901567656904797,-0.0465565995006869
-0.024986090885148984,0.008476734049644392
-0.04786745748377488,0.007499638728088777
0.03375965138225473,0.0069554710262824775
0.04430675305422785,-0.041752102531182535
0.009586127881870314,-0.038400208570555185
0.05054357259520291,0.0726958603602279
0.016397415336324,0.00796559001402691
0.008812078761537796,0.15578731080001873
0.026262833110218004,-0.01719472120956951
0.0013283075264362496,0.026744276623489896
-0.02912913804082337,-0.06466325746774278
-0.03392659627029258,0.07738424569801429
0.0028808602138736088,-0.10493369238666521
0.0771529791730691,-0.03800695063531161
-0.04635648067359366,0.03588806204469208
0.05590205065584086,0.05590078057428434
0.05615329918144947,-0.018669168284903108
-0.009478331562562208,-0.007661919160413543
0.07638864895952102,0.032509321118265835
-0.028151774799183675,-0.04649537736850232
0.02004756650513425,0.014123423305954688
-0.06978249939500838,0.04245004281076187
0.03878157918840375,-0.01777193378562811
0.019467716134621886,0.02093001554341254
-0.032902559325695496,0.015019530933392915
-0.0034636965362541353,0.01941497243599083
0.026183845340567318,-0.031321257676867824
0.07238885171959507,-0.060614980674463206
0.08647969927160619,-0.03317219941024067
-0.06497656595320948,-0.05810533713032268
0.045772099011993236,0.0029657348337139514
0.05161235819417764,0.009217456496816444
-0.033781012797372945,0.00385837319847346
0.01607345613283737,0.007976267039159221
0.10088765428174026,0.038681044986298346
0.00025676197995016733,0.08308108952786357
0.06589643019958974,0.14656414530564263
0.07841928577486823,-0.022266568339486592
-0.010043182721932952,-0.01875693800774132
0.05926391130326912,-0.09750301984604098
0.056353897485725474,0.06132657000940113
0.030767823768930083,0.05722308099680804
-0.02342824670680138,0.05659430959399743
-0.026553963744229917,0.04607952461557974
-0.03701950577699672,-0.042563422216598444
0.06783425974365376,0.07945406916196522
-0.04042105991305098,0.045358944275867834
0.02927142150677213,-0.007995846683972789
0.012108468746180486,-0.002747582000317425
-0.002010453941577478,0.05616071907464064
-0.004333918457199871,-0.05094159287066481
0.037027061372906095,-0.01935527475362065
-0.0027635876789359817,0.04216843489949173
0.09057161833691856,0.02946890113183988
-0.011370294327893129,-0.010583826348822292
0.052521060832370486,0.03313517277235119
0.02949790088066464,0.020908570057887665
0.05632291119594136,0.04389291654515208
0.03520879598578273,0.05795846754036958
0.042422865844804265,0.12317913967551943
-0.07647180297934646,-0.042394815721750224
-0.021921923217904035,-0.061308653825424914
0.049138445617609064,0.03602945510047931
0.008878752724964644,-0.004448906531414554
-0.003692416786293711,-0.10229054148947883
0.06121627240593673,0.01021420598649521
0.0032234245477684616,0.06564530240301042
0.0011983942159626247,0.061066699302152264
-0.01983306736925035,-0.0023439699884680552
0.05117261199848924,0.049487462538254284
-0.05733261797627125,0.06717293138397613
0.09181963840939704,-0.0831918365483082
-0.015014835924001886,-0.011361944140901768
0.04923298159948184,-0.007247113784606105
0.0377645739907583,0.05872738235831141
-0.02233928444664036,0.014248560909227017
0.05185014031181995,-0.06940295271434659
0.04948836384361696,0.04773787957254794
-0.037925944262556896,0.0069274402622639
0.0026966931159270804,-0.09277577310439626
0.031006266553914204,-0.07768451096714946
0.15790183042969277,0.009404460785303609
0.025753637872937156,-0.05140728470770076
-0.02124476030108627,0.022042757123104783
-0.017182970218215327,0.013799771018039989
0.06864687444567921,-0.025971161924265965
-0.0032706667655408375,0.026912367487593198
0.03236538146488614,0.036805208620765625
0.08892648604926132,-0.008007432020097821
0.08734116113456877,0.00836940235746841
-0.02668947696157203,-0.014664012086913144
-0.03433636387455506,-0.009714146593746673
0.07508655550902114,-0.006318020708895446
-0.0880603012635941,0.04647921289933295
0.022388948685237324,-0.0015225014888861597
0.05131033362193595,0.0023085445402182096
0.08341955271998591,0.076181169760563
0.025714558803298558,0.07207453884118425
0.015437534003482285,-0.0004346695429963826
0.0059923229104364845,0.023517062853523004
0.050618692469641395,-0.09279249588361316
0.0004518361305397775,0.05612164853177966
0.03661925702878251,0.04025357248009642
0.0750476164069429,0.06203809013812843
-0.0210299874899237,0.04531315861848657
0.0034461730964225265,-0.042901552514555776
0.06428299696184528,-0.041922079104585425
0.016783130177593884,0.11013774255252669
0.005327899652253585,-0.048496818544100165
0.024549310294130565,0.03427600153259277
-0.009501365069640236,0.03595797802132937
-0.014756639967049942,-0.04679959445295253
-0.010652139366915728,0.016804412485936938
0.09348493078742072,0.10661059892530997
0.06901110777196726,0.05645985650438995
0.07270090248797487,0.022106447374300477
0.10122531504216516,0.029766571275107116
0.07285580863988914,0.03544913490513371
-0.06344540631427587,0.061088872342518696
0.027258204041667997,-0.006180525524177071
0.052668591682296234,0.04054293029676759
-0.07267087304190212,0.0502487634041421
-0.0020952085847441657,-0.011318626300060036
-0.012699881721084518,-0.024554861286548012
0.08408335936944598,-0.03073795587475687
-0.004624523586151744,0.006571210102678841
0.0011709853249108268,0.02570257743976643
0.1071126086856881,0.03957206323888412
0.00958123826290034,-0.005790974144202796
-0.013576997738005515,-0.04341706519535794
-0.010943547404732861,0.015848291395223958
0.07733705184913282,-0.03839368694959926
0.08290460321136962,-0.00884344831916056
0.039248944749838845,-0.024594717438033806
-0.007842485237229708,-0.0689980242203992
0.012279394580137167,0.012292480007426554
0.045516633771057774,0.04683965420879724
0.08855843947203329,0.013189418924635944
0.023067266675466654,0.0031401362636131105
0.007118795404447004,0.049270523463193897
0.09549994610460728,0.014031761028307676
0.0388516958045584,0.0697510902740138
0.013645192707554338,-0.003647338809858132
0.0009600358148181224,0.04316833814612613
0.05458461837798199,-0.011541082545242167
-0.027857477922415018,-0.025117948187675994
0.093314995056025,0.00606443484885069
0.014104302886191203,-0.008286366425705845
0.026716485913718765,0.03643620782594778
-0.03807377438177888,-0.045743727044125056
-0.00017172053998355113,0.007188979634037926
0.13576358700517416,-0.017886344924919247
0.06355000542200186,-0.0208494208091493
0.0850981143526089,0.011814622779333591
-0.023894837118513687,-0.0403907553875629
0.006636124510867177,-0.09062017663662904
-0.057212389510382954,0.06768144631324374
0.06280032843853028,0.0775461329903677
-0.01189522113175909,0.008987798768460701
-0.07455833057386672,-0.08803423357688671
-0.03242140697793808,0.016222714071594917
-0.021252551356122085,-0.09699188911711425
-0.03781325063783617,-0.016052994107251674
-0.06977882777842227,-0.005795061438183606
-0.06948924887570147,0.021439884761314577
0.010708881201739549,0.016442269890521534
-0.027934712488288882,0.03840404516385417
0.09480159699878804,-0.016301145593137435
0.026394491290169513,0.07930470827107804
0.06862738197054455,-0.0785146652056606
-0.005468375211078844,0.01829841395920219
-0.012970556175346214,0.043051498947673565
-0.03642001057049945,0.02962314068772268
-0.05191996364534471,-0.010417469049302658
0.012121031035330243,-0.04559658845308046
-0.05072274625583797,-0.06160103167292886
-0.01992639789496518,0.0006849638517870275
-0.01839994667927489,-0.022751935418257548
0.025199833466155914,0.0546453566454244
-0.030003448314466816,-0.11380069877045243
0.006118035634054455,-0.02769171134495287
0.010161849241527004,-0.028754024108502228
0.03795216506820506,-0.0002118034036834018
0.03204732461446527,0.030854127662058528
0.0162310790767176,0.00028658013659939394
0.05596129306331089,0.10863158948630082
-0.029988113079793335,-0.09133270473177199
0.12163881875914317,-0.06079311890723296
-0.06112326292726346,-0.08840013506853994
0.0719452278660998,-0.09850573147039098
0.012170902800451334,0.05009145380061901
-0.008942491610863756,0.11458358477847139
-0.05707750351802647,0.0031201809221264778
0.05658495675592564,-0.037482748200876985
0.00012641596986690592,-0.055509088816022345
0.00039058381405948465,0.041842216420254576
-0.031044278638612866,-0.0920736579778917
-0.013999447561979808,-0.08382905731477866
0.054343805378643646,-0.03497054421485217
-0.0501202964422875,-0.008699911354660382
-0.01520753326086321,0.03702971760155635
-0.00163328823461119,0.03823330869620461
-0.09820224571056924,0.055880427727010615
-0.05797626781023942,-0.012558843007985165
0.05849370403075912,0.03924982217652933
0.00737615983124232,-0.07281960509688469
-0.0036656312532471194,-0.034337442407700834
0.053824114143152024,0.014390654455331367
-0.02486609424698195,-0.054545842287825164
0.05983887233567724,-0.03818794478841271
-0.010299385284470032,0.03613543894186563
-0.10171908172812628,-0.08421772053456655
-0.09632969322622695,-0.06498387883996826
0.008141734732343055,-0.018287530436331186
-0.024182197692574865,0.039353112749534194
-0.01731238754889794,0.009312121659421862
0.03555063161140842,-0.06454656877291119
-0.08390346721817965,-0.0020129877003052087
0.011112800081755613,-0.044452591203507814
-0.001450669520677338,-0.0028610056612890025
-0.07321539920983916,0.05059997304273124
-0.062068105473067285,0.0949470676207423
-0.09467454266587529,-0.03234801140472052
0.027140273278939912,-0.07330507892073126
-0.04200521376838232,0.012339642595407289
0.04778157177945701,0.009087316512385275
-0.0559455727469257,0.018545808025774532
-0.0046921519128233155,0.010000535575830053
0.007891565398272937,-0.01900038496015605
-0.1494043199360425,-0.08699942936968547
-0.06855576352112545,-0.06003508887659375
-0.022819637639946582,-0.017128923179600637
-0.03670016221953924,0.07475131982846572
-0.006329201797625035,0.06044211576456674
-0.0670876456503669,-0.012490280228454671
0.02366850722200206,-0.009945631370732764
-0.0001953732504897561,-0.0246789611472006
-0.040599917571178125,-0.10088016105698282
-0.03593509711013253,-0.007128313004741399
-0.04808911625643174,-0.031865817067546216
-0.01564433652583807,0.0630574089988083
-0.05454562347907761,-0.04883395586940841
-0.024261670706443243,-0.09078094663575469
-0.0025925874694733373,-0.10348222966285073
-0.07573459691921719,0.0880529515776566
0.07138944694225023,-0.013410517082365125
-0.026913093364604873,-0.003884838417482196
0.09747372988244095,0.0038933787667259877
0.043317841497106616,0.017307272798689995
-0.11290937715171559,0.025563309909046997
-0.08399396175001006,-0.10126304435573547
-0.05187423360382068,-0.06362213713341303
-0.052325142973805236,-0.03885508274887682
0.005047046384036472,0.04006024564302299
-0.007457182574810055,-0.003013468826824281
-0.009865141263931964,0.025941817123523222
-0.03527301592040151,-0.04424014213175141
-0.013258514655270304,-0.02391890942428322
0.021909385752316064,-0.06603361229879219
-0.06585742410805588,0.018940879952778326
-0.07242686709595693,-0.047764053382524055
0.003935042022088529,-0.00013817631067513172
-0.008458777518422875,-0.04027642220265592
0.039792579018183526,0.010670384652959618
-0.06621293113788665,0.1408008415458653
-0.10765369939759933,-0.009111654579692516
0.0007080225823748627,-0.08639838121565369
-0.021374388455552364,-0.06396653894075532
0.028562116955239823,0.009794707261833395
-0.033744222949188885,-0.0872667437002971
0.027713261885388286,-0.010825770861604737
-0.009370691888476872,-0.0022226625083055992
-0.042627186017550035,-0.014529353928664224
-0.02386288652780592,0.009591942921877056
-0.030926210349618236,0.016913477097709115
-0.115398288771264,0.02814498807405526
0.04976558310853449,4.448339994026981e-05
-0.04299828561437192,-0.010532666555283964
-0.09463655676566264,-0.04727846030876823
-0.03386741738059096,-0.08116569666160976
0.0225506203521799,0.0012742858557824067
-0.0939055099468723,-0.031110343415892368
-0.05772020243320836,0.05324481516273556
-0.01617059206085252,-0.01499113933885727
-0.015095474369779475,0.010480929061163907
0.014839654404541287,-0.024681812918860804
-0.11250033868000471,-0.009267247037357993
-0.04087085324723898,-0.016304489455133225
-0.08566418488882599,-0.04615117398232532
-0.12455742252934743,-0.0013483859515715652
-0.1498622474690111,-0.014241218795174598
0.017461136300501202,-0.05231485295301261
0.06557137204786195,-0.059344310309930176
-0.09340791059017067,0.019625282255503147
-0.010673852649185094,0.0287839478428933
0.033528411474621246,-0.01721831083213766
-0.05150702482867571,-0.04438661909677248
-0.0509107332363541,-0.07688482416588611
0.03210045643088981,0.04487797076732124
-0.046252896223361616,-0.089530293812449
-0.02922842356268214,-0.018419638683430915
-0.09348500812424954,-0.10109686627716273
0.022010716441758497,-0.01663345251905145
-0.016424721805049558,0.0753676547283999
-0.017343881769470118,-0.07005542540302248
-0.05547466087030649,-0.0297056115036234
-0.03993554868907123,-0.061044233140700344
0.04361840633377741,-0.03143110243587667
-0.08620239408012692,-0.026221054510099095
-0.04818782015955619,-0.025032283551915627
-0.036287440423910494,-0.04369021511950582
-0.11212796357873536,-0.0029309872773426466
-0.04542195237492415,-0.0048286996489817074
-0.008548102880229214,0.014636049122508859
0.07836195276432467,0.007728689691511904
-0.06961394576747704,-0.05831016008170438
-0.025706146289225115,0.02596354834318749
-0.024954232111562093,-0.05316554774890845
0.029926960621538184,-0.006404704070556455
-0.06490309402831243,-0.05694958968482937
-0.06517418535594036,-0.003877881305036926
-0.06720936795153726,-0.06261239441179928
-0.042893637518452404,-0.035643971895724866
0.005615378014972782,-0.05597485234878436
-0.10038163719308041,0.01621195944717297
-0.03462686641825738,-0.06496469695023954
0.02817506934019134,-0.054782379173208315
-0.00339785675618098,-0.12090293237157955
0.005126640207186893,-0.012762855607295303
-0.01784261812450551,0.0739067210028049
-0.06589969121367996,0.018004195216460052
-0.06577975021905773,-0.08976309569793736
-0.043228311483964534,0.01547327027148599
-0.14020007445905788,-0.05347926547199862
-0.02726447643174396,0.015020966823890827
0.004023355841467194,-0.09747170689334134
-0.09617697081529546,-0.012758748041421377
-0.04114156557482028,-0.05126810885603117
0.026775974796741528,0.051962935227555164
0.019681176427920603,0.012844578294027948
-0.05441023994897708,-0.058479660379836165
0.020322986869318316,0.0008561711828340493
-0.05444901687311135,0.03948930530323354
-0.015651471201128288,-0.08501863440779717
0.03391193280204858,0.015828399351070374
0.032397538372992606,0.01674150115574012
0.053929383483565914,-0.03585896764906754
0.06368907259460922,-0.15059451995636014
0.013058119777525336,-0.08943223253007805
0.00897035525871299,-0.030475814141606765
0.0037631256866869495,-0.04033229927949598
-0.03391757893344226,-0.002298381830784883
-0.1126666284409378,0.01790382422904581
-0.053570118814088366,-0.03627069811553197
0.04161924596115914,-0.015481764620287835
-0.028535844538883987,0.0007113670842937283
0.10309951602392413,-0.015450263261021826
0.014755675428933678,-0.0732549532489854
-0.13392616112964553,-0.05736481167979073
-0.02458341716039683,-0.011225351171317456
-0.049199626556548345,0.03297472627489144
0.013884177778000804,-0.05273087194013196
0.008919121073691461,0.035644006339927904
-0.07036951378002644,0.006806116296240006
0.04430749779040445,0.036867848655821725
0.03591524753734585,-0.0651935801575366
-0.0364091906041335,-0.04622626834732752
-0.04770365350805053,0.07207549615315938
0.034970498852765104,-0.043676713199658296
0.026496349242596737,-0.04498817016429529
-0.015132329296507645,0.012833171693437506
-0.07397301190278234,0.0004064111812759354
-0.02436549226091939,0.005902740809909026
-0.03107764307022323,0.06906525777643256
-0.029134478385208322,-0.06488741385917195
0.04585079175126939,0.06237691880374767
0.03467330442755713,-0.063168704129451
-0.048149056128537086,-0.03864229149199277
-0.07806201046172347,-0.00240836970936847
-0.08216934707023292,-0.03342399526809774
-0.1055289092141667,-0.04614634824292671
-0.022341465816486498,0.07764898313565598
-0.003105386721771371,-0.004500516097280322
-0.023096452695893548,0.03879793289302026
0.04956251086761089,0.05092754499288227
0.05219111855612933,-0.043318813619819665
0.014902880045115242,-0.024330858983004088
0.028018110289485785,-0.11410292256744949
0.012514933708757564,-0.06620792856601462
0.019361478798664872,0.005573139800253787
0.07924543438799324,0.07949189658160542
-0.045828948146670614,0.10763757605835834
0.009047554226878446,0.054210624893391866
-0.04164849045971443,-0.03474839031405963
0.003967284211152637,0.03601196554605812
0.10848054058765465,-0.046036872391445355
0.020273847569001,0.10630626880468169
0.008132293846464411,0.06919419211038386
-0.048859391053788954,-0.011957081951307187
0.021729804829237857,-0.020825997830541468
0.019140198748588844,0.020991277807671016
0.0031193558373000807,0.036565393978470494
-0.018324911968345733,-0.052197678819505836
-0.012935166417030002,0.09791409778730235
0.0781778595975428,-0.008234709668944502
-0.026053222311610006,0.12530252725506538
-0.009191202062506574,-0.02256048938778383
0.012186280741754358,-0.04364483248000906
-0.047465198550805436,0.0379401311480054
-0.08980322788867447,0.021024445289759473
-0.013714738679806807,0.04993485592068101
0.03326524251715437,-0.03518642761798747
-0.014935912000616891,0.03520790855670101
0.005697757669782298,-0.049517446161368044
0.0066534392575314,-0.013454140499111433
-0.11659829170590197,0.028994664013134698
-0.015806037205892833,0.0750544474620952
-0.034089669782612,0.01626913948424429
0.10887108524103915,0.043825021985439666
0.0237416118568968,-0.026628648494026505
0.04538693968920345,0.04596368989778683
-0.015566070813393382,-0.11438099291981958
0.03948906181774888,0.06254821449884891
0.024913041985452383,0.012054935562722328
-0.02704884938212499,0.021898822752963336
0.014389520276311265,0.07696222065921587
0.13416194570001816,0.10416120378226887
0.00944693275315739,0.03961777021501887
-0.033892200971344946,0.11792419452343796
0.06846530390689809,-0.06330552131088635
0.04633743472568362,0.013321123835740507
0.0346213033107894,-0.005928118846311895
0.060093361853393035,0.016097548910828204
-0.062142550969671674,0.059452291376402795
0.017273591252741322,0.09989489618551138
0.03786116470681876,0.1157877035984376
-0.026413106229214785,-0.016532613491362196
0.046451311132862994,0.09552065344413822
-0.04447007296352475,-0.05652427080252658
0.023314237877455596,-0.016337946032384833
-0.006521278431468769,0.01464814975518297
0.08631436870119913,0.019249009734120852
0.002240199450027758,-0.0011594672980784551
-0.007498242702099811,0.09800980772660982
-0.061703558475099354,0.08700544563388811
0.12797238467621455,0.07086358085355624
0.017652511940381938,-0.00033111529981285845
0.06198884037359502,0.04835342237934708
0.04354174110957011,-0.0044495721100513
0.10012304209750952,-0.037087355978359604
-0.05003848789711536,0.003406445663824798
-0.07821232998295734,0.033909441809565795
0.09905541292586792,0.020186030962884675
0.1267939299663686,0.020104929322410127
-0.06038800437261216,0.027590367330480245
0.055695479471043946,0.07623552520559704
0.02059799154890598,0.004529804459512839
0.03376908163157667,-0.033154461139390884
-0.01654560466269534,0.01071180962396288
0.1064596436340245,0.030844497868835145
0.1176016832062112,0.06238586531584175
0.0019402761665481341,0.08231608084877556
0.02327009667159144,0.01420237991592576
-0.04955952189755695,0.0403678471924683
0.016796676685089162,0.05018107114543113
0.10730499746043742,0.012170238257039969
0.016532351752702356,0.05897124352362704
0.07056976716464033,-0.022447058566278766
-0.010287343256814175,0.0752109382700883
0.025826005974604778,-0.01097769832618909
0.028400510981632744,0.04129006168249582
-0.03886270843272081,0.057937536593992686
-0.001967833218979885,0.05501981024072245
-0.010772165202873864,0.04666409714940033
0.01766174092941343,-0.001531747654203667
-0.05706252161338077,-0.034692844221528296
0.010473480780084239,-0.009291187395726885
-0.031071155891470144,0.010593944437785897
-0.021793381738070116,-0.024324896367800854
0.06724891656776659,0.03708433778455632
0.007957803736561336,0.018608177272976194
-0.026199202555886182,0.04220880561719026
0.005305890157779802,-0.02449673191214233
-0.07958994386162066,0.11781265345189645
0.06914460893192585,-0.041468696752357065
0.1446642138757286,0.04370520216758464
-0.03392061246729047,-0.12950677404122873
0.04622292134571902,0.09566297715169032
0.04311792310053082,0.004196509917143661
0.0007151278812189375,0.045016906435154665
0.06659210297124843,0.05516680869379584
0.025706480080161655,0.010818975994219363
-0.07902812194245895,0.023837989352580066
-0.003979167594308275,0.03734893353860447
-0.0064767865468305826,0.02120792161832845
-0.0809214589474972,0.03492349083879562
-0.008728197574015287,-0.09254048107802434
0.071749323659861,-0.0069093871152715765
-0.029167907899294427,0.005454186058079735
0.008130333704401574,0.0011751924004069908
0.008689911478278403,-0.04389816972383373
-0.025058510880837645,0.0026582101143924636
-0.06346826600101843,-0.0019303278326126515
-0.04076203909571953,-0.09083577780558444
0.18130267028101438,-0.035120105159351045
0.04661396799167561,0.10554257553351482
-0.0010129685328424919,-0.011780461606653927
0.008207944041785948,-0.08711413759239103
0.03733060213803804,0.07299114244441565
-0.03981045855814936,-0.05764066373584532
0.030321083920245955,0.06786973782401332
0.014803331591217224,-0.0413798668749552
0.04338627691077364,0.03254984154881009
0.0953479359563209,0.0921555703530289
0.054253553081514486,0.07892722881238325
0.07139052527744173,0.016292229948027186
-0.000822306395898878,0.03638210069367066
0.03397609407804482,0.06036170410813518
0.08282711585691804,-0.03567106863067259
0.1498070052281704,0.04067765590191824
0.012316158778279565,-0.024453446377831773
0.04415377468855643,0.0381802876764961
0.00784997198043546,0.03913377790258843
-0.03538404897087355,0.024978699248241334
0.06550821534761626,0.04564055898032342
0.004454375420561403,-0.024457548927947544
0.060424758556916515,0.0121233460994371
0.09676556969237428,0.0053245960202206715
0.07503549974186881,0.0363585079419342
0.06530350037246527,0.054158268700108446
0.042034694322653623,0.022798852496547107
0.07736088029799829,0.029546703062294823
-0.012125766649329899,0.059492111153799314
0.028369478889161588,0.010483352817438878
-0.040765376427619286,0.04840458614402879
0.02645245103118176,0.0714491761966156
-0.007417707361431887,0.021565522730152914
0.048062990046570865,-0.019044308603042598
-0.03517550658983016,0.008300823601154205
0.010058024162856618,0.10417177364071656
-0.05343061097706993,0.07856457036893519
0.06867166042340007,-0.00742367782552289
0.12483103217255721,0.035979573160163564
-0.0031285949356333557,0.015136642021190428
0.05135280971427546,0.040668060939634876
0.03667633011375946,0.06113855781092472
0.1044160970845128,-0.039498413689549816
-0.01989118378805372,0.07180560142883385
0.061229021352345515,-0.03977685683418999
-0.10882420440225107,0.06453581947181963
0.04228021173975262,-0.06751684704106746
0.006960509360827225,0.0338515655626576
-0.04100930437908601,0.0003070794697185974
0.04611576402277579,-0.0740463101548806
-0.007442913558457402,0.08028164195568481
0.008637848559178889,0.022726056975564818
-0.040749959270190185,0.016982774110000376
0.03218641517983108,-0.09436533894299377
-0.048181223474054305,0.07718563188586028
-0.03898956613341317,-0.00683611590719248
-0.06258819885896402,-0.027147192213793636
-0.023355904289515995,-0.07978981435610642
0.058097294787934295,-0.05708716109851278
0.01255831035461726,-0.06562921495516912
-0.07961288427161937,-0.002802211174820806
-0.01754683257883717,0.021034704450908017
0.010734333769777015,0.0036844409745732587
0.02209527084525963,0.07685350716621106
-0.020707645158721897,0.03818244466128731
0.09175816607441614,0.006171910046739673
-0.03669427415156458,-0.025791641396718044
0.09259266661866469,0.016774781211899324
-0.035434438127718716,-0.08409525692624721
0.04793709837061005,-0.10937116754919865
0.06870975383809466,-0.001241252704555371
0.06439512902270943,-0.053066813133554235
0.02466264978920624,0.03782241437446535
-0.0783933337395534,-0.001990609383007236
0.0568933843189353,0.058699340779934384
-0.0024740172360845133,-0.013182248804055278
0.02397314938556826,0.040140607536809744
0.016439639008508516,-0.012800331055727511
-0.03002170824582514,0.0065496318526432505
0.05415984417259062,-0.003690398005707311
0.012562084750320621,0.0861248322912302
0.03419146615400404,-0.011204956487825145
0.03777601674341194,-0.049016727110178765
0.01243563554106227,0.012135022855531715
-0.03352940609720788,0.052153692037117325
0.016960761514896623,-0.10702563343745396
0.03370567650736042,0.0036347723892971714
-0.022640940712921533,-0.0645846736581493
-0.10763065502975139,-0.04344727048063334
-0.011956340272023882,0.07541023348138233
-0.06653792518086203,0.013599351767850116
0.0036103009752090666,-0.051987576465469386
-0.031682647338782004,0.02774036465124887
-0.039432151377882876,-0.11052277883521416
0.035938468014777764,0.038249340472872026
0.06153193611777501,0.009058860940237291
0.043658949022362434,-0.03570194338135711
0.08282827157013797,-0.04726963931767
-0.06896262442278168,0.020313897289814975
-0.09908569510688087,-0.009425359487788457
-0.02170831481184124,-0.008224362044192066
-0.030995427925733295,0.008335123661458657
0.08014360027361529,0.08739622231274374
-0.05213672536161002,-0.05499910222036306
0.038028511670597454,0.007598988926856582
-0.05200572287722501,-0.0311595015161555
-0.01661600694246198,-0.026529753906590958
0.04685721480342388,0.018131026642885947
0.020649476095501478,8.843991549450404e-05
-0.013705227439174017,-0.0018644165484296375
0.02577685629176068,-0.061271425457279746
0.06996673857372465,0.020770365123964286
-0.05987408425905949,-0.017094270099999972
0.0049628378641153464,-0.060641406404554246
0.015675105341874947,-0.0032047644428695402
0.03650295797256937,-0.003741223182650199
0.04659400262481883,-0.04551074595873539
-0.058056723294986366,0.02023546302052623
0.06971257596533154,0.03183248247581472
-0.026568015860792313,0.011368100129259819
-0.08701855119217158,0.04780995036318898
-0.045819820136841126,-0.10785981511723648
-0.054022787871786056,0.021875383819574636
-0.01083911396545952,-0.03680723412081339
-0.05994575464669789,0.006462578354564935
-0.002659954676389806,-0.08934821460449537
0.09527117282421235,-0.06899127052703044
0.07176646010341646,0.0035712730082706583
-0.07162050616480106,0.06862519093825233
-0.1119886169441129,0.01773495356658131
0.05785823306847146,-0.03374271515035926
-0.03365361029093855,-0.0704443480556862
-0.06898065396625302,0.03127632413569402
-0.0909070566834882,0.026267648802195523
-0.026676212740271738,-0.02038869276859599
-0.015610159428006833,-0.13076699280806098
-0.004883137392343953,0.013124745337775575
-0.039700434336462774,-0.0747251469527057
0.028232298943821833,-0.05206398204025517
0.05327132654833765,-0.06783825812145908
-0.0424803543932619,0.040626575777350404
0.025264929279357588,-0.01658327933408174
-0.0569813843294809,0.017863025888300868
-0.003449200793161491,-0.0015381612827840598
0.02699163538634146,-0.08200745285585483
-0.10584189034688206,0.014220423780946744
0.08319252349551458,-0.06444815768910994
-0.02055352900770511,0.0348393536227382
-0.06379587400320212,0.12221815645463595
-0.004802621005831212,-0.08074851485100265
0.06034317217052214,-0.10714252455168698
0.030796128922248464,-0.13302219586219693
-0.04729654596946775,-0.060303307103208637
-0.11341523495547733,-0.0744689142206455
-0.03165069741764377,0.010523365717487247
-0.04582537245200206,0.01973183647424954
-0.06702334445572469,-0.0011649820046853478
-0.056819582822749265,-0.05506025838093065
0.02591391955582124,-0.08334219736546795
-0.07558732486491639,-0.009174227240143095
-0.05742402692328123,-0.044842486846253304
-0.004796643215046897,-0.11839823485083587
-0.08060943490447076,0.06734653740340132
-0.11068817879132195,-0.07814087859653268
-0.1199708478599642,-0.043654533313507465
-0.04922429964377065,-0.062340692592102266
-0.10817654593550946,0.016914443009896918
-0.04482928148390919,-0.08217227887623274
-0.01984636404370369,-0.012971734166852284
-0.038374404133655365,-0.02011686241908991
0.022292554038882913,-0.06226476637610584
-0.113269503185929,-0.034400008570325116
-0.03317991267550645,-0.05899389287221067
-0.07163930416177985,-0.04310035375414528
0.011522329797165068,-0.046965911042065225
0.029536384091650183,-0.07426810937559508
-0.03858146637595168,0.006378192632762729
0.09028478767495901,-0.07114140918336517
0.03373472306295254,-0.09139727711182023
0.03702108612703947,-0.05051832602310545
-0.08071003047306195,-0.05988019268951171
0.021596162329235544,0.043990839163367795
-0.02339381625754391,-0.06268709399727129
-0.06964063053605869,-0.023664802478647752
-0.029976983160758645,-0.009331777783599983
0.006754542158204098,0.043835319302304804
0.025513259175374253,0.028568010540339472
-0.023888133935765946,-0.0595325599989234
-0.04836301728125718,-0.04191983908478415
-0.08411983505732423,-0.009547081812201095
-0.08328675080289567,-0.08668570992536012
0.0045567700479578754,-0.04748489675140205
-0.06661521209067003,-0.04099960029311527
-0.05171644152569111,-0.023683410760117464
0.03480607152772945,-0.045967425508179095
0.016643589616568633,0.026505706826644135
-0.006212323451968432,-0.07615423841315008
0.047059790281922274,-0.014226414985760346
-0.06406793476331152,0.03570966983038127
-0.02721341619419529,-0.039919290821720424
0.01580306923358761,0.003159210520199237
-0.03665699450280066,-0.021813263950992597
-0.06878727565536347,0.026892718229207434
-0.0475426926659247,0.08927398774906618
-0.029101635919959186,-0.029953548952014693
-0.0069926985248657085,0.058549998612897905
-0.022222689494091848,-0.08669977898904929
0.04228104585147253,-0.03106014220607023
0.050747105560620405,-0.10935020184166991
-0.10204107129844024,-0.03263950267467408
-0.06627490977335343,-0.024892186296825745
-0.00550957001925427,-0.03748860331841562
-0.034750200276356766,-0.11240000464539013
0.007837741715690459,0.010128397072212999
0.03400678318860731,-0.06478734530175007
-0.00461674829582793,0.008112458677835338
-0.03038487554152401,-0.08031280721962972
-0.027846386230714604,0.021488134408931478
-0.07880508790863351,-0.06890836924337865
-0.014337766911660983,0.01593957014145423
-0.0809252535328117,-0.009741576313551971
0.07840174773025117,0.06866044064693201
-0.018254647254028308,-0.04297927077210542
0.0035761146435267076,-0.007436092646282597
-0.047261907586721344,0.012199187198470001
0.0837079570404755,0.017935045275193233
0.014241069947895186,-0.0129480268024314
-0.005772496339378069,0.0029549442499049
0.04847052903292182,-0.04594635609219598
0.016821867796733177,0.00887434943699199
-0.0019063515228108525,-0.055769443042349584
0.044070432606983775,-0.03847895291047155
0.025445541200157996,0.03243278124131317
-0.045943650707654986,-0.07412730826740399
-0.037857966332934735,0.04264571886160851
-0.05772369594515036,-0.03435972174209021
0.014395770757666074,0.06219856962436958
0.06607255346260972,0.0006026876999725376
0.09547818271992037,0.0020943225994332765
-0.04663349872821518,-0.054661295313634756
-0.04642377602138636,-0.012802180789198984
0.007610499699659521,0.009635592662775663
0.10521970928809739,-0.03342001377147813
0.07760919607947035,-0.05917384907011135
-0.04340660930099121,0.09703972923392414
0.06561416038653752,-0.060779522854687795
0.025498429365685412,0.007830551784198517
0.06814869579618807,-0.01590328204635135
0.002820974133540778,0.01510350846626779
0.09473203344430212,-0.023163801060946853
0.10009692391297673,0.11119205754292573
-0.03676297395226197,0.02576846911027013
-0.044197537373013636,-0.07910206421940699
-0.03438383013203854,0.0075321031571642045
-0.04147746463908119,-0.109669797289798
-0.039331103153707345,0.14812002490741005
-0.05362914847229335,-0.06156450282381769
0.05959161417153377,-0.05052340066987388
0.0850079077968746,-0.002021982162895022
-0.07121594469805331,0.036423702175883664
-0.04284600118515133,0.04312837256121776
-0.027269258609155692,0.07335094940814268
-0.051452788698053774,0.019248532567443428
0.02007864203815611,0.007512938000192787
-0.028257632948820097,0.004932738430376181
0.05277907542525194,0.0003025162495889633
0.06294011944307001,0.015839753517819032
0.02817333004213883,0.03416467651779042
0.011986701546365573,-0.06573516628272158
0.030443710349048823,-0.046803969297520634
0.08742779882328665,-0.04963729443891817
0.09294842492694043,-0.021523210147502053
-0.028436754897399198,0.03872034333170449
0.03374338340652026,-0.04352004814441157
0.1066672204104259,-0.029945899980757272
-0.03412311167165685,0.0047356562155601
-0.03077949446823155,0.027298810783246676
-0.02344899784047022,-0.032323099482571505
-0.02517126843156705,0.03949498682213538
0.02200983508594024,-0.004091942194216905
-0.03466159004060712,-0.05893124451328994
0.05095365018792626,0.037940363102872916
0.040847220272011674,0.05153927660860095
-0.04039926444117857,0.03189068167295741
-0.059940987828693656,-0.01404325303138255
-0.018362422696045724,0.0181883895810111
0.0006725753702147676,0.04714944384343188
0.006093378811150624,0.05269765777148946
-0.015431875573142895,0.030095833261153795
-0.01923983953641533,-0.0032327888555099653
-0.04951071078768393,-0.023685646993757095
-0.010636733826248565,0.008826860160662831
0.04845278544804334,-0.03972824077496849
-0.021693719438386112,0.04125343585968807
0.07713719807837963,0.007903330615819588
0.002972134679555531,0.007110218148552189
-0.057512605171471214,-0.003615952515257497
-0.005113012556868255,0.007568492080099684
-0.05156197488571161,-0.08189151859568934
0.14783871135496668,0.05669343500650681
0.009270179109437397,-0.0773088722380211
0.003325522594078884,-0.013118946623386226
-0.0014163442881246872,0.05728643354990902
-0.016332331542239342,-0.06777033721318652
0.09396328652021378,-0.04095519102741846
0.03224040624925887,0.034187218610575915
0.01256835369794122,-0.05361215331259129
0.06604679700298678,-0.02744966437502718
-0.01513944352090115,0.07241874210086285
-0.04500800560118161,-0.018077233400785216
-0.0027704906788431367,-0.006359232273130176
0.009589053048652933,-0.09237491585159824
0.020554659892982892,0.0621249581388918
-0.0066834275453583735,0.0033650562919740647
-0.024795680673346192,-0.009131289005360468
0.00450906816610455,0.024211752046748844
0.024412069441460165,-0.01444289122350828
-0.024078937171160927,0.02959541810605642
0.07378039517599955,-0.04572741030234778
0.03044392938996883,-0.013300192121078034
0.006162884688076246,0.036683242558330595
0.042754882355157245,0.023446444012723115
-0.01944015155025399,-0.12849866589962186
0.01843203972865352,0.04212074196186064
0.049162742518775546,0.07776023690680495
-0.014292720192664003,-0.012532288633553672
0.04641567910397236,-0.03406173555615305
0.038612501441933754,0.04333216242988243
-0.030323989058050674,0.022014590603305163
0.005310244040421285,-0.03515684460182375
0.12245281184344214,0.0317344474496231
-0.014095003884513374,0.0797801193013857
0.08882098733210167,-0.057763365324971214
0.05673877779193453,0.09014004460849778
-0.02346628488796602,0.004515951524704347
-0.027161624454217083,0.008235857290121376
0.02618943325145022,-0.009907873824008762
-0.03831183409266489,0.04338861321860071
0.03399744374886628,-0.014030565974771828
0.02474621579584827,0.027056933503047755
0.005248967341488726,-0.04423426427115676
0.03312758669233755,-0.03708820265235076
0.022878558167441904,0.10611492283215994
0.04587256753762532,-0.03201006107764423
-0.020937330127730015,-0.029541892274254283
0.03935384263167857,0.03722472450874198
0.14107191139066014,0.0078082302173955905
-0.04592767299758037,0.12300354222831873
0.08623896588931763,0.02452887086740229
0.022840389969555015,0.07239381950238255
0.059960452896046,-0.038937312255080195
0.023838068884817053,0.08735117879808806
-0.004881538110188408,0.02101976692299233
-0.05289369773471769,0.0276597807590165
0.014589145223784518,0.01503643679695604
0.06873417469701447,0.08055728167233933
0.043882116931257126,-0.021421946378761107
-0.0473214869963329,0.0735475928960268
0.047810768062336875,-0.053324462972501305
0.020260906011898075,0.02028186717839338
0.03990920921699978,0.05921351892536196
0.03890825335053895,0.004272339723555941
0.04413563286893331,0.07405482405347225
0.16250428238672357,0.03479779203112561
-0.02403256228260757,0.06621727672036246
0.0017937241843907388,0.08274639105480665
0.09214308881430881,0.044020661034578204
0.020741580287786623,0.0006993278079766921
0.01638288140986335,-0.046272958600167315
0.07497901422779997,-0.06581849577532808
0.06695247014066988,-0.015083476774720113
0.038624397672690276,-0.04092541139861067
0.04003665212893555,-0.040211226528984845
-0.0020620356811824614,0.0924083504886861
0.016782878518680107,-0.030483379656481995
-0.07194384522905804,0.0230980541343828
-0.06490588572733172,-0.0034542092611918006
0.02197483300901313,0.07095902210660142
-0.07458007780290529,-0.043492927718378684
0.03925411269294944,-0.006549836731277139
-0.08995677980588832,0.09538306614044731
0.016527884608379634,0.02305524301481188
0.05366286021985754,0.06360641341416666
0.07694334107889947,0.03066067673743459
-0.049440783551738386,-0.020386796246783828
0.038667975793611004,-0.002819425290673111
0.018640707313120206,0.0911281983080597
-0.04695980323258597,0.05549340633366484
0.0201838136575036,0.10503321657794198
0.001727819785924574,0.06715503673386068
0.042637886635555025,0.01692216067555256
0.08875482590019163,0.016335140299270644
0.09964741647299755,-0.07093470147251106
0.01680715361628143,-0.04358799096175159
-0.020538044259011387,0.07588350199302336
0.05681363265139895,0.12544090876458192
0.00428040568256334,0.14885222870609027
0.0893177074948302,0.06504615252132932
0.01989181683314347,0.08815858864349824
0.030260614922159593,-0.026849894907563152
0.011305008053623701,0.00824568108378999
0.023534593059190423,0.09923782265630555
-0.0241506538254286,-0.00013861556454679638
0.10888182683442454,-0.0202090786462102
0.004652202412402492,0.006138902842552587
-0.0020344860911293908,0.014630416732411401
0.013587480492687432,0.02623523107679927
0.035633619095789465,0.04821732873778667
0.01223255287720882,0.013768769225824833
0.1178190307917927,0.04725171072921268
0.03780901433567366,0.024978808416684126
0.05257729287287138,-0.025306989018035304
0.007489971963979757,-0.01915721049649552
0.05183910713977951,-0.007295517977717327
-0.030936203861807773,0.013874377432384951
-0.04100565861420138,-0.024438960523024147
0.07811020924344156,-0.008756102048107176
0.012720128879428801,0.018345418712545292
-0.016320949800753784,0.05333148842232953
-0.06960484794198424,0.026367923907927956
-0.05365016963453898,-0.005422262357870572
-0.012756158640927329,0.012794333798459626
-0.02248314605869324,0.014396126122893059
0.08988339298871689,0.01909331298846484
-0.021947703242330988,-0.05905248087464322
-0.029312224619582158,-0.05137388295607341
0.05543781366071131,-0.023072369822259485
0.04815205544530816,0.001630555351847458
0.055351760695359756,0.09800894571601636
0.03323421971728106,-0.06316166752122791
0.018564134839353492,-0.05988081762148289
0.03761553580313154,0.03052502853401482
0.01911571548001053,-0.007577533809009034
-0.01684004380874977,0.04265885036832995
0.09369121183190247,0.03809211270960619
-0.04548391201869707,-0.029440551254605384
0.038265923978437026,-0.019168061568443855
-0.058850168386665444,0.03258600491562626
0.05255328637513258,-0.06813431600930174
-0.004620185144512588,-0.008888222489930278
-0.06252614937842324,-0.005861453042466137
-0.009017847402671949,0.02922790733243459
-0.008088288868214897,0.019878049268821203
-0.01626641286842722,0.06817901260329358
0.05151544574916585,-0.11709279628631448
0.06595965433064936,-0.01128664021219057
0.011285002407617114,0.007734059928371673
0.02489993676978696,-0.01123370448070554
-0.004491114200320888,0.024422488788930975
0.08236655266422856,0.01188860042401009
0.02358272415398309,0.052491444964255854
0.014616163208454713,0.15582744643171387
0.09156972277397987,-0.0443926902789709
-0.02059302788193187,0.04535418730231749
-0.03029129235503545,0.04495607151493851
0.0638793555498151,-0.00976089516287162
0.0005292737121976362,-0.01856958654607931
0.004773086750291333,0.036153294371850574
0.04709379023653893,0.03759028444019221
0.047802086445184466,-0.0010296552185818397
0.05284318709481339,-0.03483626495649689
0.020009523780819084,-0.023525346756909253
-0.07280670251255848,-0.060037429765241554
0.06727992978229608,0.04661588013940557
-0.038379671689113964,0.004171613039413275
-0.07553619179885125,-0.06056518089658712
-0.012374193424202701,-0.013683569394367384
-0.011858632096779197,-0.04400932363439296
-0.042449006762210494,0.05012506341350226
-0.043957376560283146,0.03674887545616948
-0.07872324458672844,-0.010790303487427136
0.07066763723968454,0.05930719036960798
-0.035109012339845876,0.021528169412017642
0.01658461434557461,-0.049024669200254584
0.05412719100649444,-0.13255473526139921
-0.04492680323284393,-0.013310812556988474
-0.05694788046807888,-0.08123086265266631
0.012708882307930377,-0.029935507903903168
0.04644628032405572,0.013467873108379935
-0.1100119910521879,0.03505862625680567
0.017848229630958487,0.048373443041284644
-0.014256579097238105,-0.12567339065158978
0.0900826716443258,-0.025445403526338256
-0.038537757528790476,-0.014128940027220932
0.04580549508798147,0.020086417893697844
-0.08027090221529502,-0.002840683514861289
-0.03023352933770674,-0.019889133256546697
-0.10105770452704244,-0.05977767914813065
-0.02616710534115895,-0.034792058932298135
-0.07814219735494192,-0.06892199811111135
0.027156841992713416,0.025187472708836377
-0.012306451599421276,-0.013647170831494429
-0.16335586287084003,-0.014453451432250906
-0.05174515415072845,-0.019024888911544767
-0.019787735605541028,-0.026912166359388066
0.0031030350695482375,0.003034689270728485
0.0430856635443915,-0.049419444756002545
-0.04511824250254722,0.0023626443031816383
-0.012083911948785275,0.031393237391569725
0.04863378653764719,-0.05917979794958045
0.010628185199334898,-0.04808313865643253
-0.10180384874883099,0.044754040628073255
0.05717348867399996,-0.011577210711338553
0.06057665419887939,-0.041674389562182834
-0.055403266192599714,0.0728528875725247
0.04594477074538302,0.047102560745443944
0.024175985739369875,0.015558520331667235
-0.05669978919571905,-0.06342748417222362
-0.01775894265752047,-0.05452878127978311
0.03594168418089693,0.03453467759785216
0.012636741313332147,0.015684356778220866
-0.05591560649845314,-0.044365458593985295
0.004574885522874994,0.02731600773959871
0.030635087112949363,-0.05727593313145686
-0.05608746591252708,0.03990224155070714
0.0704588170843411,0.09761712489719866
0.014053436139977142,0.006242110396492402
-0.054721897545926566,-0.09759724018200751
0.019954803106150214,-0.013735021799900457
-0.04035751505902252,0.011813874349873615
-0.0777140817240782,0.012924752860046736
0.001622006667852855,-0.08282153669918618
-0.09994142300721974,-0.05500993073673166
0.01145751467677891,-0.08499432350654038
-0.018078870722667218,-0.009223468681091453
-0.032077095367211796,-0.061552588939440725
-0.052748784955306084,0.002885676427395385
-0.13855255465589855,-0.05111067938041883
-0.056130365366172365,0.06845298966149171
-0.0021083556547594855,-0.07002644106455493
-0.05729262478748558,-0.02191979517527414
-0.04864438379507792,0.03244905490658187
-0.13514213170890546,-0.08081596387643518
-0.023693968629350203,-0.03182686367480275
-0.06485870919413815,0.013363173034035114
-0.03365676336237274,-0.07848839125629589
0.025183893955145392,0.0350826310191126
-0.007767559583251368,0.003903528724328465
0.00991682439766852,0.002456677469524861
0.020826844792112727,-0.06122157453422105
0.11124147870067845,-0.05334972411611125
-0.0007714795335829923,-0.0051075294473799
-0.10388380528377932,-0.07458118654441757
-0.07548065636600858,-0.02749469114155728
-0.09460388946815723,-0.0789878996178808
0.03874557284912883,0.007564301804820862
-0.05552685097926367,-0.03689048928312345
-0.1268012752884215,0.05221688457546747
0.02291892362466286,-0.09926712211739168
0.04303516696561725,-0.07325391415154572
0.02095254291747649,-0.12145756428853939
0.028347984779687734,0.020843330353427062
-0.016455167199739506,0.039167433824781855
-0.002700933732713854,-0.028647299107940283
-0.02840145069590705,-0.05865585642594302
0.08705363430706246,0.05257252952416118
0.013147153499651426,0.06390813932142711
-0.043922227569186637,0.02370874085354334
0.021543635554633362,0.028130956650678957
-0.007423845818110881,-0.008889538961825469
-0.0023751909480845476,0.015362622490716921
-0.007434334855503277,-0.056542844706027315
0.006646926666510691,0.03468399288452248
-0.04023458282743819,-0.1410773286962841
0.007144470780512901,-0.07038265465831292
-0.09357941607842209,-0.12087313676992435
-0.06349452210188511,-0.04164341153414698
0.0019391170745084521,-0.13327064945537706
-0.026510210271797025,-0.014672917846818054
-0.015072253148419531,0.0010439824977471514
0.07498493030557177,0.023337458445565173
-0.04052939351914581,0.0025206890429278345
-0.10550737629407353,-0.02094247060934081
-0.015461628067739026,0.036134579228685765
-0.014933862634185877,0.06751974297201217
-0.014539836807999015,-0.06706706095255027
0.011751982093374969,-0.007356033273211075
0.03532543987239851,-0.08311669125064539
-0.0011959214387828633,-0.006325574620599097
0.027107978224931877,0.011592531764366518
-0.049161474346153713,-0.043208994661841485
-0.11236868718050229,-0.01724502427098791
0.0519846819541562,-0.026915847662563205
-0.013687529016943326,-0.019334106770602082
-0.02357346247717017,0.026108404457536892
-0.05716801621471486,-0.08858784549233965
0.04261393616433653,-0.015355850720932693
0.029631688189715618,-0.0020837227683074694
0.0022309135869092514,-0.07534056583954987
-0.10542692400385398,-0.023485445736656792
-0.06894363840005485,0.05179498963124253
-0.02085447426718858,-0.026369868549999793
0.046025826247245716,0.0021830311955661555
-0.01342938894140813,-0.05510639270745412
-0.08201344609841399,0.0030414204900625977
0.035501702072069916,0.0031087866946101737
-0.03578316930767131,-0.063647702159175
0.03178806122512859,-0.13218674600528904
0.03782386040890331,-0.008170307435513792
-0.026795108025964024,0.02049190849069806
-0.07524446813449295,0.041565039156746864
-0.10347083207569538,0.05850165987489638
0.04955604607027335,0.011801183162691308
-0.0643047708634089,-0.004452902540301479
0.06382842114224446,-0.0580276109258137
-0.08270934910523473,-0.024887299898971604
0.07091492123216744,-0.0006842351279624376
0.011816929529443958,0.00614599517344689
0.0075244230556720006,0.02286309003633281
-0.006424356609348508,-0.019316732908307085
-0.06778108158418453,0.09964793675760134
-0.0464364053334253,0.020239205951144368
-0.04660170630604396,-0.018066936059466507
-0.06055850138529481,0.013073240745241153
-0.006309139948870937,-0.030992278707595373
0.013556776470960904,-0.08251738631068875
0.0011161335822731152,0.06760828887968205
-0.035028044853491445,-0.06654078328022638
0.022848580411842543,-0.03686323405559871
-0.037647599710870304,0.05710972694483875
0.02579706062668516,-0.0680099117379388
-0.0010134234739914653,0.08592460157235357
-0.09146726756608693,-0.008847553298612672
-0.04944552250392811,-0.04633020943398267
-0.049193068334689824,0.04135033539157684
0.00034050505242244275,-0.07069391612409522
0.03999490276850369,-0.03301190128565681
0.010696082109681392,-0.10209048106928302
-0.06739653939546962,0.0014034759500129793
0.009891447707358498,0.08830425469995047
0.005378726739849425,-0.008997968976133633
0.013597275825237431,0.052342198670034513
-0.008599551217750166,-0.09630670845172762
-0.049129329763861695,0.03535495018602875
0.03502494292260546,0.005503525992284696
-0.022922837658389747,0.04523865681597205
-0.014290158620503668,-0.034098451224958796
0.08462411551437153,0.006921184280492725
-0.08881379578556206,0.035142814785307994
0.052297040694659284,0.004046644716506325
-0.02914333109327312,-0.033515421750685136
-0.0028475827308781588,-0.029198360304008172
0.03971091721678012,-0.05931428768854888
0.01902259242977381,0.05424131515601802
0.011536966392245974,-0.00917662514509965
-0.08606773910471587,-0.02899466021361596
0.0058398167740831355,0.008743103756295886
0.03881765824020328,0.0561829501933116
0.019334548137523465,-0.04976387163800079
-0.05814803695420777,-0.03491534753339085
0.015146963261919666,-0.012625237449929468
-0.1151865083077262,-0.04751029896166943
-0.01653155464302152,0.03187624808869568
0.0634122057378896,-0.10404845687707964
-0.04688023554408742,-0.018863357144265295
0.015380810851850748,0.024303978040723144
-0.04996729371141214,0.023245395360680765
-0.01427021719295545,0.009374193259546665
-0.021278078978730366,0.020097141493519592
0.014107964107112117,0.10459210088590765
-0.034845239374699154,0.048753705591750685
-0.0068020371111383844,-0.06683837883428315
0.004301276458118721,0.029070978250527218
0.08212166695050403,0.02482380674482781
0.005728195768544024,0.007273792210228674
-0.06210421219816763,0.051300115615890776
-0.02098754352306182,-0.031274605755413666
0.053416416785625,-0.010494020542377101
0.002789828261208711,0.03696597570452628
0.012913286995864205,-0.008284505584923486
-0.009350593141871305,0.00458010508733416
-0.051706965651728845,-0.035089723127668816
0.06347905868404918,0.012287662330378096
-0.09216961141938583,0.04936868093532182
-0.02326871424955941,0.0754782949527677
-0.04249026373955341,0.03328208625964226
-0.014544258232452313,-0.011825491096491265
0.0014712261212139772,-0.004572097934727997
0.013922550913322696,0.08007882077736644
0.06569593520136953,-0.014941311101364011
0.05990870809685293,0.08876522906459476
0.029941630417490754,0.051909386458502446
0.0007811001589975285,0.08796902674260286
-0.012970287775900823,0.005689925172085011
-0.001616342946139263,-0.022587774720930636
-0.07619726367167842,-0.013069291511375196
0.025464252386465505,0.014609909865480547
0.02379913012729249,-0.03060909693467908
0.021694197702799248,0.05810284185905885
-0.009218232136139148,0.027374751310145582
-0.06193991100137748,0.03150072798564789
-0.029483921796214882,0.029190603301138433
0.07867100880781507,0.004802024022579315
-0.042544605701855816,0.0028301901347536785
0.007394006183599973,0.05344406566232348
-0.06689893486710079,-0.055330633203012194
-0.02452757129680326,0.08574827465299767
-0.008504306628047043,0.0715637914990413
0.051740145404231275,0.04774953650356614
0.0013551656135426101,0.024765566520330372
0.11042105794873454,0.05231661896663865
0.13342273524326126,0.012285565516530695
-0.02531315867411566,0.04762907689002937
-0.046511175706907305,-0.019618627540200193
0.053221724195160275,0.08291279239081813
-0.010407992175585695,-0.045554098914132736
0.03638163407736573,0.01026481975221059
0.02557977623682428,0.07413836293428668
0.0854754513117524,0.04797195555877242
0.010497924781908098,-0.033884324896013784
-0.002835024297916204,-0.024718037239516814
0.005297139840990574,0.030855386402025373
-0.022654665535479554,-0.033974406588439816
-0.03294907391051215,0.07624991094805142
-0.11337477149624317,0.03504161657453242
-0.018583909501226015,-0.0079330343668457
-0.04199231662946778,0.13331232148128686
-0.02098880191276558,0.03554474171413425
-0.06909334761452854,-0.011419522506540701
0.06007471146149515,-0.01697349459836093
0.01001008171691169,-0.08672304282755632
-0.03950494124097846,-0.01500784861523909
-0.0332381497163517,0.04508651537130785
-0.018488443440821015,-0.07438357187208852
-0.00919590384621101,0.12251501303255054
0.010381956726818756,0.03568348532652798
0.0815888965806178,-0.00019111579798773877
-0.01749140660614884,-0.012441591403028841
0.02708693362689603,0.109468682217837
-0.013228482931752023,-0.021322873404108336
0.057112159712391135,-0.0024980374907188074
0.09885391965576892,0.13730758499216902
0.023342318075936973,-0.002423826844885218
-0.034624576057570126,-0.03234103930794806
0.06389092742554048,0.09452290335924307
0.11926100116221303,0.08660224091183583
-0.025294423520993724,0.036187824704389304
0.03419046180406041,-0.02430538216821097
0.04192030042810341,-0.0004849347933533234
0.03734184541804614,0.04386059370576238
-0.029628579935669704,0.07811116654911865
0.04264857149014148,-0.016312079740945885
-0.046059037098907976,0.007017320805795941
0.017769670649598605,-0.04557559193798187
0.014399287734917453,0.020973138958471325
0.013209499711320589,-0.04534997103049375
-0.04439061810855832,0.03275070514818535
0.028256870880009142,-0.045421637888346994
-0.00527429888795012,0.017318005391580564
-0.02770350042824482,0.03614802028740602
-0.04834895064135896,0.11391314064844885
0.05657595100081644,-0.03403573295893768
0.06990011912149041,0.07788507321597479
0.011006476872357496,0.024804057727538742
0.056833984490581926,0.0045925012629541954
0.034901740599468864,0.03836664590092803
-0.06694173115366617,0.0140070407725606
0.16272517161439512,0.10754766994312194
0.03826927722537625,-0.0686222873015097
-0.03901920831922449,0.10159326740746966
-0.01756199373794833,-0.05515998417579736
0.025912191372770402,0.07548709602793861
-0.024698945195772853,-0.012111746616180478
0.019680907614734684,0.024969257296498345
0.03220630938983489,0.10200680328004301
-0.03823195890956338,0.0470853581301063
-0.01002983517435192,0.054345925647393406
0.034569381295312535,0.08767195549357137
0.05105483800534955,-0.04648174202460419
-0.013944063084155803,0.03988708930293479
-0.07114797072730797,0.0014443070744144006
0.0626200520766159,-0.013083870703336966
0.10452415440004884,0.02535925105746134
-0.0008687115645086979,-0.03362468133518642
0.036449102240434544,0.053542286927569106
0.013722900869133494,-0.01114245087933545
-0.009156567123927348,0.015546096796352197
0.08055623017661827,0.011040996901001698
0.06622051421378287,0.01095426085449927
-0.015023217167675445,0.06220046449219378
-0.06949134470273047,0.11398897394692502
-0.01651494806958364,0.0747253444219031
-0.03895627571184972,0.140647306326614
0.13716985108121446,-0.022532391314175348
-0.010252776192677778,-0.0118214476737897
0.07475093298465331,-0.05672641213882728
0.029608918196775275,0.039576543964738364
0.05542279953242697,-0.0304938069404741
-0.020520078175026213,-0.032804160106758885
0.05528723412782821,-0.038607850615070195
0.06471237479813712,0.024711276771966884
-0.0015421621859498975,0.08530457132706291
0.029208660723436933,-0.052966391092083134
0.10737134145635963,-0.001717660974197014
-0.004799738868558098,-0.008565537510084358
-0.0526024373543917,0.023430962496223944
-0.03334940549095597,-0.012831301617227356
-0.024155676996413467,-0.08268046710836817
0.07416434770683437,-0.06363449479053833
0.062412373663615045,0.05277104723004998
0.12519185699107618,0.005281290163316816
-0.09433190387254878,0.010309950813713744
0.006208415587643814,0.034595822978965775
-0.02974062452770218,-0.03953292365839462
0.030096634409366486,0.009327177354861202
0.040149644006862134,-0.047730844147458984
0.03349351589222207,-0.005441115714575069
0.01950104484023327,0.030718210824325416
0.052184839689033466,0.023661072882252308
-0.049970050907158545,0.06258312911591753
0.07520549205105317,0.015016187002881938
-0.08072778866791536,-0.011463392176635143
0.05902316805058246,0.08027603609235892
0.013488949088345612,0.08484397506738887
0.07875639010725571,0.024302655379181734
0.05115839125780386,-0.09556296746989516
-0.0038565537716386683,0.05491955131138081
0.06041476526515252,0.0676201132300596
-7.976472008288521e-05,0.02693665424367861
0.03748640594570633,-0.016398979323095777
0.025527727633326065,0.020595841911424356
0.050061879453878216,-0.08804238592297024
0.05650359204851925,-0.015129153295048253
0.04960951478984131,0.0317796340332359
0.0046706368948174724,-0.034862741192479486
0.04389925322522492,0.020758363905057985
0.05037895819898406,0.0356558713442396
-0.050354806776164586,0.038566868948861605
-0.030305379694699104,0.051658879051352705
0.022672133305711356,0.04010118991971648
0.10190873000864092,-0.007891817819601483
-0.03205310119774941,0.03856208202253748
0.03965967084280825,-0.05722100865892439
0.022384243189471523,0.02340231932928889
0.04880994046861259,0.027607615348933984
-0.054450095859803094,0.023225945307261155
-0.0069779935645651586,0.06353744058015999
0.01204228339863318,0.07059144137106657
-0.07913999090149365,-0.05001721472904022
-0.09901201362769231,0.015534284053778156
0.061032117436620494,-0.01641278134046968
-0.0022636015221316353,0.030135800362739794
0.03302408019812695,-0.013388456028254765
0.049121062378162036,0.025584304013066668
-0.07256505126329424,0.009554173194432386
0.0441674035260765,-0.05925565343530172
0.04181560940650319,-0.05744500143303484
-0.028057328213213308,0.032768706945072244
-0.02825916308047971,-0.008033380061382607
0.02925208312291419,0.020467922018510713
-0.023060914632576947,0.013594998378799789
-0.024227740667824595,0.06409827937740474
0.058154346352788905,-0.040816554252684906
0.056099350840740955,-0.04236929788583366
-0.026105380470443838,-0.02285270334500947
-0.017364707392761164,-0.010703562319883382
-0.02325560157439661,0.05611622099429709
0.026923290743195286,0.04196043950433392
0.10508482681497701,-0.09087930380596326
-0.03561593049570081,-0.05932636865172679
-0.04571524536216697,0.021037155945669715
-0.004229675157499446,-0.010520583165673652
-0.0014363850619003617,-0.09102487930399951
0.0059680961600459825,-0.028104193190879017
-0.016870027718735456,0.10212819108784432
-0.018666302386232743,0.0202275741193867
0.024264061163139027,0.03138366115247281
0.06848814755463564,0.002458421652088769
-0.08296386933842102,0.08150409505718785
0.03039274408710053,-0.016338325061710325
-0.04007193988960481,-0.05756402937589762
-0.06165615122904393,0.05286737711283883
-0.013711395684265971,0.03063413617924499
-0.08010807749962465,-0.052640704528362246
-0.049118778888525214,0.06858086470949362
0.003947431389364538,0.031597472064036014
0.08157731432881458,-0.022664666411074515
0.008755635588903427,0.027610307015100272
-0.025732832065693413,-0.017257251558467013
0.018709887714415663,-0.024031963610092164
-0.09832781265724282,-0.06408761547054573
0.013781401757287308,-0.020283635909408407
-0.023272571973859627,-0.029591037010513625
-0.00171416831684285,-0.019310732689392394
-0.008896223494736464,0.04254811471093541
-0.026537326469570015,-0.043184417590410515
0.08160460968369039,-0.056007002498899616
-0.023551958765066817,0.034737133270890674
-0.046435332553840594,-0.035676287655608103
-0.02696946887938367,0.09478435016050522
0.05696251201303883,0.0584799276700583
0.06669750136839213,-0.025086339113696458
0.0581315387638035,0.036115765518787896
0.02557142547805659,-0.13674231492584518
-0.00423657153361057,-0.10122132184356895
-0.03898264287218169,-0.11207362933495882
0.030965591490309346,0.0249960036857382
0.027840326006075784,0.04673503488377122
-0.0436017827349458,0.02991136651513477
-0.011453526546155432,-0.009525808988723393
0.022218207430933508,0.06708892381782056
0.058434499346397314,0.008476423428828508
-0.029936243374266466,-0.1258106920387282
0.02610516841759463,-0.08433419428200627
-0.04221958168386786,-0.03127670507768828
0.020361557669357114,-0.024162279903972586
-0.06421657724491125,-0.07621881195976064
0.007819818874592368,-0.0302027647816136
0.05223979190597816,-0.03709569296488538
-0.009026683809931949,0.012294746619605968
0.003968351386084696,0.03212084060323846
0.02112924552575559,0.043255590076893585
-0.0737199440469845,-0.025255380473783486
-0.003155272779973165,-0.015429465884509748
-0.03067354730640988,0.06439486634663733
-0.026865913406449157,-0.04410093365752286
0.05878880374857397,0.03158259691587914
-0.03581101554013377,-0.005612791450022374
0.08491503391776775,0.10796621251552278
-0.008905598101247773,0.02502444478543802
0.02403259657742525,-0.004123075547387545
-0.0002457836665832134,0.004629656610646397
-0.0799670856688896,0.07410532909608795
0.02674729156904227,-0.06769601183636911
0.04436451080502547,-0.0028028221566984354
-0.03976785317539222,0.04593881349540478
0.04936879771967467,-0.07806670146477683
0.026463332019696462,-0.004190795024348418
-0.0017445149584947583,-0.023759503209064267
-0.0053594355325271344,0.033829169658339084
0.0029080213435597885,0.08026244230116475
-0.033228093181938465,-0.04569269326492756
0.0036607223745893855,0.030388545607235126
-0.027830286953504688,-0.057664645291437396
-0.14653359934672477,-0.06648406896661321
-0.018801440421728557,0.017249659553097055
0.01846040395230801,0.04284407590608374
-0.016677882625697155,-0.0737476214053058
-0.07888004271922461,-0.02506111177502942
-0.0010177833515932384,-0.07062263063061006
0.025899238477134056,0.008808774088143106
0.005218017983222779,0.036233332034097704
-0.016072341687256273,0.03124262519769169
-0.05003195027381539,-0.00621580676652321
-0.04365840956932375,-0.033526916945089906
0.06533254420921286,0.026027487733923507
-0.06217626831220026,0.08026022094013559
-0.023938897795459144,-0.04743815394975366
0.061607375777574955,-0.03606869336155841
0.12967625245730868,-0.007720017099517043
0.03148464092636545,0.02114811609637371
0.020472188368389786,-0.07962262935160783
0.03567248860127136,0.04568208116444229
0.08048650291830367,-0.13073247694752443
0.004849903157054667,-0.11108463182205695
-0.054216208976865986,-0.05513359693896343
-0.07340712830056934,-0.04682502194636612
-0.04909482423535415,0.035763648681620464
-0.00869506102996,-0.09972813443031983
-0.07873181931660914,-0.08714475423939408
0.010061936212882455,-0.035523276191175145
0.04808534001503109,0.005296551320992094
0.005116663796913362,-0.04376616026833742
-0.04325040248768047,-0.05432322605513405
0.007635290798231897,0.009686332063314929
-0.12221843978421673,0.029313698634035237
0.1157429329934908,-0.024777931991357933
0.02611919848997749,-0.11227608785514459
0.041179894072377585,0.03231845008092915
-0.09271656736840064,0.025565526456976965
-0.05470556720624768,-0.09971279867477238
-0.07970039457159743,-0.01768967983210374
-0.0017078394424101875,-0.07740093844528
-0.028617394542130185,0.006947328603222863
-0.0336261327106094,-0.08897908590209912
-0.03779433716781261,-0.03787005751625366
0.006109053715810719,0.05296959104423062
-0.10909189905205015,-0.011429967612450407
-0.050036238981076314,0.016653792116947282
0.01788453440854131,-0.021809162776418287
-0.054054623870329166,0.009513767551075691
-0.031110139662378477,-0.03953983425694216
-0.016528098951047034,-0.010375507978976605
-0.03332470123405182,0.02896563493496379
-0.006902479278019895,-0.011162079810708542
-0.04531636267615777,-0.014960158799503322
-0.002965003326219781,-0.0422925580897035
-0.030032787753284697,0.008002921827299534
-0.0029577903190989956,-0.04912321525079504
-0.0771618087884938,-0.02988371206009703
-0.08503155165177659,-0.02115509587991459
0.0017046790131264866,-0.015007291367518032
0.041238314687795236,0.03422400355793742
-0.06374681746617998,-0.07485480168002673
-0.012494427995306596,0.005103335373287849
0.06683480219516305,-0.07668266272105259
-0.012536196986960468,-0.06560155639832263
0.03772422325141569,-0.00043283094448767767
0.046107237928386696,-0.06366063690905506
0.03395587273547946,0.025840197721419267
-0.01938216835432941,0.04228835981407052
0.021755811100537238,0.02333780271369669
-0.041987472438527906,0.02043151629268486
0.013415837910296553,0.022305135002952434
-0.007002776393382336,-0.07519375494512918
-0.03866360547116718,-0.02299900208731421
-0.014486018506749191,-0.02419006614388227
-0.10656602386914542,-0.0038204479163333246
0.004755028554122159,0.06666640479032357
0.018722355134039446,-0.025455253243853705
-0.07331755786506611,-0.044927776355734
0.045892456243386684,-0.023417797856774447
0.06220167350175021,-0.022182108687110638
-0.04276755241474467,0.03093305424840318
0.02721792861646823,0.08163429149109933
-0.12587850732687317,-0.08406745983566369
-0.027633663268107227,0.055186724206004435
-0.0006025441478826228,-0.00219724275094621
-0.09107308083483483,0.003389215027726652
-0.047244030801558694,0.030423919803844353
-0.11783562441560796,-0.07585123776106774
0.01047418751288973,0.026163697921264023
-0.006773644927144421,0.055072658377614436
0.016564950524848847,0.01916105015636424
-0.07988191671136463,-0.02658970598537971
-0.020741397687657946,0.08986150183880637
-0.021361723472206644,-0.06945202457448166
-0.035828121270688164,-0.0786873875653657
0.04189448738059361,0.00412609387133857
0.039148484369417855,-0.03852747235392871
0.0009406882912970059,0.06139537688790493
-0.05648320713756015,0.06927088227446775
0.005673437496471518,0.04430817413755575
-0.02722722750858804,-0.015766063322364465
-0.08680241275276834,-0.004428825748185464
0.015818754153415812,0.015098604729073024
0.030985208663551308,-0.0017318050451375477
-0.01905636113666566,-0.00886175104654938
-0.01764903762457875,0.029473976439837735
-0.02064689293580558,-0.13274025144890972
-0.04858536733991341,-0.05569730937593544
-0.03659742675064619,0.12390327573851533
0.013809472853109284,-0.006488808239626696
-0.06169574542738784,0.04784022293646037
0.04512361661612738,-0.036286191352076134
0.016383251850689656,-0.11971811127503444
-0.07080346131732247,-0.01916580098468949
0.014052267081184247,0.011265424456231552
0.023653580372780748,0.04549080417514132
-0.013011841163805157,-0.03461650107941118
-0.016839387826469984,-0.014679539258128427
-0.04691971291923143,-0.02126737721156405
-0.013113194372350891,0.06152076326847357
-0.003697988680488845,-0.01672407113173178
0.034596105566662004,-0.06742088063338689
0.007859044373551283,-0.06207024451768165
-0.06705589343029786,0.002216860025669256
-0.055124085843375685,-0.029569468210978608
-0.01325741338310505,0.04096016969022391
-0.02768668760022284,0.012032523102348931
0.014492091525003761,-0.006674347490325734
-0.023832028109752646,-0.036602012809477356
-0.04890590759145594,-0.022904317566760802
0.08663769748543763,0.07428619099276691
-0.0019138495861981894,0.00717746161926075
-0.010715024357876314,-0.0503928522996822
0.05613274457104915,-0.07269361729765308
-0.017217435233895125,-0.041646023726133984
0.007716717373109761,-0.04920938266909573
-0.013117942178450264,-0.02024524644341971
-0.06253692545898817,0.007346041741336306
-0.011192820831180453,-0.011917744342497113
-0.07084483173444239,-0.03769789733309651
0.03457539872005473,0.006653426170521508
0.005230085378422579,0.018956294438243336
-0.044214415622720944,0.025835515179638443
0.004977775287900044,0.005447388652532874
0.0012794644946837609,0.033020589033556466
-0.025899034249729513,0.0038364787560262598
-0.00280686417479096,-0.012340481230784418
-0.05669954674553334,-0.05580381200173483
-0.057888776967628314,0.05842490657942547
-0.00964030621924682,0.016140655255999028
-0.059226682188551746,-0.09880558415770568
0.07199328624697673,-0.003766293270695717
-0.02657685268456974,-0.024834281030845295
0.03271848878125204,-0.027451592768229623
0.011309527467555012,-0.030623206551167934
-0.00024811313007141317,-0.10211559856110752
0.04372574051971761,-0.06343540648358971
-0.02491963912280238,-0.08476696814112532
-0.0397658138444424,0.060078678441617114
-0.03240858685075985,0.061270094897210234
-0.028544176001060993,-0.10070083030059132
-0.014683031560074779,-0.01907954350580452
0.053011425350799724,0.07089436373354539
0.065522261995726,0.0040443828785112655
0.0722597757852403,-0.011615800405107004
-0.03192327110579677,0.01721923246160084
-0.05218078679586073,0.06591809318388893
-0.021474584535358172,-0.05925666880475787
0.051050799113383366,0.02438537848782879
0.008403008096476193,0.08808103323731555
-0.0386488998959655,0.01698371670412642
-0.0011556764545865954,0.003485841785699221
0.13686751931869184,0.012839780114939369
0.024572954585449155,0.03407258972633412
-0.029714984347740538,0.0019800643607381825
0.02394711898161546,-0.047214490599347375
0.04488843364227859,0.012229744572743404
-0.05518436007655741,0.07013676676344058
0.07534005275985581,-0.018950981685122034
0.11327224854167471,0.016576234603730165
0.06258997269367678,-0.015333458610889928
-0.01641729323989967,0.0499569094826481
0.11791451086151182,-0.021777747195921685
-0.0238521936368738,-0.034747319958194745
-0.04169563041029396,0.02524474882233269
0.03969656760941158,-0.005602824408121872
0.040236588787546795,-0.09486063904506647
0.03855643119507412,0.022374312761072365
-0.03420391389986471,-0.059503768199864485
-0.0823778689312115,-0.04459149269531114
0.09996700462468575,0.007989999037147186
-0.055618504524827105,-0.06423994858118585
0.09086558285196879,0.03655044236885197
0.07312785428449309,0.03764329028606703
0.011042535335455798,-0.0042611070457755015
-0.06851410168717903,0.03856346794629108
-0.006909795589748281,-0.03301376752241893
0.08425381643228755,0.03174849894055769
0.0017943235777790594,0.02957937140460295
-0.03711064253400991,0.07046456716830365
0.00041552597517824363,0.022460859427484898
0.007583395497247361,0.052107694558047396
0.02962560903972695,0.019515680914137728
-0.05000732381275368,-0.08955621255699792
0.012467211637519696,0.012788261680461342
0.10027460826412943,-0.008548059568036472
0.06932427790713724,0.07090234906980929
0.004902858324312111,0.05231399381168475
0.024395043757870497,0.051290952129012336
-0.025711447934720338,0.04362068730215522
-0.003356790270149769,0.006846877526996415
-0.04634283993745485,0.0052754447831509215
-0.07365003957056279,0.02593525604917214
0.03512393604227351,0.0192634035593757
0.044673916553351976,0.03367735076649005
-0.004343122268448678,0.03860753503976669
0.052540127711833313,0.06435913465978019
-0.07200453702051415,0.002397829534690709
0.05670015192948085,0.034908164168749964
0.109378389322239,0.08013381846125868
0.030905823724959418,-0.0123863230022771
-0.025127898653224155,0.010102729156159623
-0.033928693033467607,0.019659326549884257
0.05565136788241477,0.004137367841619506
0.05041374914709991,0.12909965873077558
0.08751393532607603,0.11643174208051507
0.09773665181867819,0.032679390755617606
0.0046089822095970265,0.05175068526576754
0.024075856241907702,0.12741359684786766
-0.019643587496612814,-0.018611506285662795
0.015900661812838987,0.07332262374333336
0.03534801249183447,0.08490639401267598
0.03030358179432281,0.05036766002337385
-0.014926042690650336,0.024098259828964227
0.049131373280978226,0.12462594857171934
-0.07116235522978229,0.0763119075516219
-0.0475739401583809,0.06801146010591676
-0.013236028998491314,0.04143515804119123
-0.04060421571046449,-0.07070828441676788
0.05699107466725288,0.07085662201919309
-0.06729381171013445,-0.016073624730717145
0.0376648255780737,-0.04068862751580159
0.02113312636911732,0.07177148754688147
-0.036303063090336235,0.06364589260372477
-0.014147910139849906,0.022224263167818198
-0.020596497763555963,0.07554585356830859
0.008122990529756194,0.009903937132448117
0.01799703928288953,0.06420335905052448
0.030626276743226523,0.08874516016432192
0.0059933273273006776,0.06646331173359625
0.04397661537358974,-0.017636811814367045
0.02517020736821675,0.07468212171929982
0.043265159251038104,0.023442735458493017
-0.002492677080432378,0.010197592097612623
-0.017911874400403375,0.06728771787031428
-0.1204140833240109,-0.0059057801351968045
-0.0011246838274633145,0.05577012023513349
0.043474223700006864,-0.028802673990323695
0.04936279378397182,0.05542979579690217
0.003596283922138191,-0.0037849518136115583
0.016036018485654398,0.0729363720687784
0.027925662012078932,0.016644816100345253
-0.061957943416004385,0.024690898234664076
0.08200348503717123,-0.011895272122610264
-0.08007868483519555,-0.020232784468390736
-0.021296009542249694,0.06555642090560548
-0.0037971677031548093,0.0018263293117468243
-0.02737949182435104,-0.10781511253377844
0.016605497000069434,0.14071200630298114
0.08671416990922895,0.02438771102454454
0.043333611188180216,0.12596930785190924
0.018835032964114186,0.03297995281004312
0.002870224094834631,0.04674041995096445
0.06985844991168616,0.016520174730547198
0.04894919824296311,0.051519242604806184
0.048553533421917955,0.019798057934072823
0.06684192540594977,-0.0008454832827887969
-0.08409021811529538,0.026788544133921677
-0.004369305966729839,0.0783196764360091
0.00471692758133385,0.0008154835523901064
0.0352351344450854,0.03868799817881132
0.011720983254848686,0.002465686381706751
-0.007119279130722696,0.0498360681717656
0.023437417976167788,0.16777923091715896
0.02206755862054395,0.013020048260200801
0.0067414186048602946,-0.00937332888663325
0.14501058486433507,0.02113330173438903
-0.05674248358148548,-0.014157990372559189
0.12550871371438238,-0.016583062918251484
0.005796445924269153,-0.09967054762899141
0.006414995360078534,0.10443789747252362
0.0017819533116495423,0.060671880231388725
-0.009649880996289223,0.05402868637772476
-0.047912810923026405,0.03388612996656762
0.08261388886044792,0.012729578609537941
0.06484388620543613,0.011166152292996816
-0.048917291737913385,0.008523663519121857
0.07372032772351918,0.014813579341627975
0.015100906230098026,0.014121555121265686
-0.04708814880405412,-0.0005462701725489991
0.00825322340214072,0.051913873212680345
0.034847006166491064,-0.07418300936761764
0.05008137905484324,-0.012304551622646199
0.06746378019629176,-0.018679181252049013
-0.05517272936719341,-0.007504261648518995
0.0953929706974559,-0.013696352787159263
0.0346901287885494,0.030885530490427977
0.04058910240692777,-0.06334840968406248
0.014806358614059273,-0.08516125900983598
-0.029114468878259747,-0.058683052255915684
-0.023154910258409565,-0.11912454980279444
-0.00889883469957599,-0.05836852229247493
-0.001859340771351547,-0.06468170112160046
0.03504691386457349,0.004780607968953571
0.00638414777120197,-0.0019525530576636092
-0.0563540833858993,-0.08628588583312015
0.05913307265414429,-0.030034317311533415
0.039689002038721714,0.02899162983449357
0.03740158458514426,-0.07609657920536901
-0.003570801696607624,0.052440575188658065
0.02239437632820474,-0.0467314402683766
-0.02088532044954346,-0.0023605091796889887
-0.02573575895416152,0.0010661929642050753
0.027271674262973652,-0.018679221517428395
-0.015781855198991775,0.03050569547363735
0.011817094392575802,0.06354494765262565
0.09783001207011727,0.013632012904633147
0.04701720218087638,0.014938267232329156
-0.12938328749271874,-0.060772146667087475
-0.04971177633280637,-0.1138212978783775
-0.013341402751316638,0.031091155262286913
-0.0319142586334907,0.06747742932290908
0.07707343822027213,0.016380565232799935
0.018939705730773585,-0.09243570679445544
0.02102069712153718,-0.033263575743306996
-0.04372647459992761,-0.10282993495557768
0.051407014686358186,-0.001710839810770342
-0.04799522028695459,-0.0704655453364123
0.03896616813902359,0.07970485533570541
-0.01113552026289897,-0.022635302817994772
-0.05899181560659953,0.04778550923111334
-0.06387648490386194,-0.01967846043848504
-0.07709481075292433,-0.026360646052197376
-0.025888857332449354,0.00333218416845587
0.04237234414015198,-0.001849993276285853
-0.0019567396189738733,0.012603464442281657
-0.03122339038927359,0.004103966963623086
0.023198481047011128,-0.06660934189906868
-0.005295878565565647,-0.025810009070469556
0.02919535407932056,-0.008687680154929902
0.027005836156898513,-0.017255738311215723
0.06165127975107151,0.0603207478197507
-0.01770930375375694,0.020451599172947664
-0.10472948941494838,0.08506589259307175
-0.005615762842596827,0.05569723466318309
0.0411353433332962,0.03382145061578663
0.005435073550328522,-0.01584672008795881
-0.07890737147114087,-0.008527029296494773
0.04757330274600062,-0.00787454021199853
0.01554678494655334,-0.0878657519623382
-0.06180316668369801,-0.04576152414371967
0.02764678113299711,-0.004090539733210093
0.0021083011844086567,-0.09304864774055446
-0.03415703951353677,-0.01423846896290809
0.001616524079467609,-0.05941792514508121
-0.10827936522169622,0.001768762042709619
0.06372491796122082,-0.01957838110922503
-0.030127175244411362,-0.021493857034516544
0.07386757905678572,-0.05503575231882431
0.0037427839597420805,0.00505556520006601
-0.03246097417785756,-0.007044664099542097
-0.019438599503858373,0.04660713130581145
-0.0026811002783263677,-0.024956015320691183
-0.004357059254860346,-0.03378321599882107
0.02380486065295489,-0.014280007946466364
-0.008378402066704694,0.01547213543447128
0.008877268293068922,-0.06938373072943314
0.030002708485579732,0.0024852209004688
0.007456587809973891,-0.04334456289084237
-0.03614000118535525,-0.04220832824001673
-0.04423703647992214,0.012496407581144314
-0.05190740083766242,0.0033778012966917473
-0.10525798078242324,0.056887021855896364
-0.01847444174126377,-0.007482708139542707
-0.06144803409689147,0.0210501481493081
-0.012059100887616747,0.03353230085065044
-0.031331959479561695,0.014273572302195286
-0.049846425749462395,0.06338135693273912
0.05422832637717296,-0.051055096128906824
0.009752765798966905,0.026719984161583575
-0.011065761599032312,-0.03941219398231682
0.047725059148114785,0.059685037372345734
0.03298819334073598,-0.01372023445821265
-0.037437501456089005,0.005540476713339935
0.007214817760916453,-0.04556321767455691
-0.05649017467787211,-0.018898559162882637
0.07726962947932811,-0.012830021607641899
-0.03931646464937695,-0.038012692344270196
0.05583515818830976,0.03006989601147849
0.01091158343864454,-0.07277494647340332
-0.05747498083945576,0.020487005229744684
-0.019483365048149546,0.052182890241108684
0.08215696678593859,0.09724278760620361
-0.0752324578051226,0.09506065643997513
-0.0128407443415905,0.025411523797000644
-0.03293689054384362,0.004394904495682535
-0.05493877856083468,0.0026255442221182236
-0.06759218570333089,0.003906359110693904
-0.00871127849450747,-0.14160123219707343
-0.029178994129915724,-0.06652335153191297
0.06634961895120314,-0.06235035728770894
-0.050661069933920305,-0.07278807983877797
0.029774832885305948,0.019394925770997412
0.08231918087673701,0.09454160948542516
0.04008990316845376,-0.044811196183338675
0.005903611076441911,-0.024363404284186582
0.0378712412188887,-0.07414093391591473
0.03135340370355263,-0.02850870853088978
-0.08557231420366632,0.023910193348891207
-0.059179146238535076,-0.07897308806201245
-0.009164793873317513,-0.04289946155412151
0.0076718414938213575,-0.03733064815026714
-0.029354558691299187,-0.06309933597936004
-0.1323671789872018,-0.05110976231916636
-0.10627927358800526,0.0034519393678355825
0.01707823658924583,0.019276277936721202
-0.07381434246221902,-0.1619993724631639
0.02221644335359084,-0.054311321968557376
0.07764512479235591,-0.022391578681599494
-0.03759814736990705,-0.09200999340704827
-0.03451845579130516,-0.07896747239332255
-0.03938911830992865,0.05647820967743315
-0.02834345742730523,-0.016701998788141652
-0.12212079004711696,-0.003716647126694894
-0.12535911703020197,-0.03895931061252761
-0.04055316337542757,0.004148952955117621
-0.07315318283575178,-0.011761514630593804
-0.007048474256266132,0.056548518183020105
-0.03192773480188305,-0.10140409415935073
-0.05184746134497774,0.07293773979972887
-0.04380510938409945,-0.004196200546967684
0.007902975508993826,-0.0346647790770377
-0.04595818407082107,-0.021252101824574602
0.006345972679761388,-0.02265672289480378
-0.04803521062836767,-0.009192199128377222
-0.013878555775867203,-0.11477464159779276
0.04401764312453247,0.06590203038732559
0.0352046366273743,0.0352531054925377
-0.014104696239603455,-0.0016666978267951549
0.048287693691085515,0.05718256695027535
-0.015292817852667609,-0.02127489150542751
0.004817973475641873,-0.03183456667878955
0.0831046262405334,0.001900992802273578
-0.020482381455538434,-0.07680356716646797
-0.10512168463688018,0.036566195738333626
-0.020727672799029834,-0.026389295902163865
0.09538327968294949,0.01896530522291523
-0.04293263187026146,-0.0901309897765129
0.005591840071977765,0.039586702308479674
-0.020053070239638218,-0.05964428892191609
0.0035785700730702336,-0.02291199881365943
0.028188609521389487,-0.021180855396808463
-0.03256065007225599,-0.1136540084056276
-0.005768613265075146,-0.04792200236654563
0.00826938001148975,-0.07187186402403478
0.08544370032385755,0.09231816241245272
0.08950639671564467,-0.06509625866855999
-0.049869743796146976,-0.03361993212714666
0.06623465005937465,-0.07981389821610957
-0.02823395945971005,-0.049228225383616646
-0.0367277700571788,-0.025497667256185963
0.12365043502793437,0.027953137343123168
-0.04585313290036112,-0.04944169378629551
0.03923999743081755,0.0037685823910150566
0.00836360492881567,0.00017668621203057247
-0.06801682632423893,-0.1433531529608819
0.04826652177839921,0.05119837097890993
0.0054245355187329015,-0.08165347243317897
0.027386829860432022,0.009171743561536449
-0.007997682483403726,0.004411624978798217
0.008686082908550866,0.013535033589736538
-0.0008509948276597332,-0.023023114599233042
0.004200137632794969,0.0035954136480548862
-0.1147843042351388,-0.04318624124402124
-0.0303268646399122,0.005932029416304885
-0.00484566837505206,-0.02955520466634485
-0.018517504806457964,0.05126028404853415
0.03968560042776308,-0.08020114382694754
-0.01913885395920332,0.00340227011137725
0.02166476267696909,0.004889825591585106
-0.06211138200553072,0.025924860478121807
0.0020044170392158316,0.002276297418145258
0.025787011902394158,0.0009354548073246382
0.11227598824329159,-0.04925582081662269
-0.01770605773405119,0.02471604963972615
-0.02803698593667319,0.08182580574493964
0.08398956403542464,0.022446686989075426
-0.08613746892612983,-0.0964025845976169
-0.05022135370595493,-0.03783989308633311
-0.08852979363969679,-0.048116700131543184
-0.02659375273949683,-0.048015362068002804
0.015991470803137252,-0.04134077335264725
-0.028786993545220647,0.009652149973799616
-0.10887667866729633,-0.05402916064690877
0.05557917473011802,-0.050384554432283304
-0.0901044785774419,0.08768206349338199
0.05132558287025138,0.05679670221052931
-0.019900913452359524,-0.038449661930031485
0.030603059664643273,0.027693937955004855
-0.011080080997323553,0.00516071615595692
-0.06762818444427376,0.015428702383930367
-0.007179589248044479,0.02724104141239305
0.02883668687359455,0.05633685751804287
0.06506798007210605,-0.017946347511762918
-0.05719692225037468,-0.04947264027635921
0.04202933906970156,-0.06494242448421077
0.0029445797804503304,0.028395368591237362
0.0880246586392864,-0.035964003320432744
-0.05526810475420983,-0.02844930429141057
-0.07130855428007499,0.018832431604378214
-0.0017984012740572637,0.031127397109630157
0.015058579466316405,0.019634716993530126
-0.03774477897550059,0.0140271371977879
0.010895964306614523,0.009422545058637908
0.0641289098978434,0.0069474591858102305
-0.054717278276121745,-0.04666618904187528
-0.013326906913326594,-0.05805684948670376
-0.06500454227521865,0.0018537764830016028
0.016944887701961304,-0.0497880569652021
0.07314922915122844,-0.006912355853805378
-0.05640837932807937,-0.059837121396991565
-0.06567202693979296,0.05400863346683618
0.038065424909399015,-0.012043677496839388
-0.009633203999419415,-0.005739842091880894
0.003975549088742963,0.03665706800993359
0.014335015988598794,-0.06041412590254373
0.015751265542200316,-0.026273931243582106
-0.06403458407936334,0.05927636493281821
0.06437744054980013,0.009900714856256404
-0.013526594051844448,-0.08987216976871204
-0.12899609673686577,0.07786194502882142
0.015445105894456164,0.002217034033740278
0.0494517406262752,-0.04655031015477687
0.010497701352500565,0.00775819649624835
-0.08717720571821125,0.013893059024984233
0.07489909828068746,-0.10116186765688766
0.0031215197883688833,0.06682555337173272
0.08395458115491587,0.05737590523803126
-0.0213602432877059,-0.026457353037317048
0.01361150942257483,0.06708734907755862
0.03588164795980227,-0.0889657078712853
0.026483261495208018,0.01826324873065507
-0.03288361316515963,0.10665688383348114
-0.02528088956713226,0.06169857624743912
0.005433953452384344,-0.04601189829916948
0.06518105033091257,0.010567307625510607
-0.021123068754036675,0.0389949309325056
0.047601872866434455,-0.003575271103346802
0.017551175059973945,-0.010140181510190383
-0.03108603416573903,-0.015461322748458985
-0.024218159390592443,0.05290535885642523
0.02579178302678972,0.060277903473797766
0.03443241998026421,0.06136239407247419
0.08161344792663802,-0.0029437605209269146
0.009001437512313467,0.025121931675256164
0.09216444977592342,0.027313224345770794
0.0506248236245542,-0.049183268699896684
-0.09943320889247435,-0.007034128236656518
0.041917392019080645,-0.07380606420171411
0.03547357050199089,-0.027989356145869185
0.02254815353516447,-0.06205102493393952
0.045215750137772376,0.05402983396693872
0.02420884481581738,0.033730024286015445
0.06774902490423107,0.024816627467668703
-0.07588932387867862,0.04741518282486555
0.08263587284829155,0.0039773089928908986
0.03418457085254328,-0.033621223657440386
0.01187091762619252,-0.013110820204013562
-0.05880801524602514,0.041427587463874954
0.01180852446140239,0.13568574071645076
-0.049758966128782806,0.06624192787771224
0.025725421443544824,-0.031816178403626896
0.007362252529913283,-0.002186901199478189
-0.07327540219158764,-0.0008553339862858479
-0.04645360204049499,0.003044370742888068
0.002968794704865165,0.05028104674376657
0.0440261741716284,-0.058573403974148425
0.06504824927458584,0.08662315947685549
-0.017674668079786696,0.08009744610192066
0.07217652409496278,0.05572230180973743
-0.03698845292656988,0.024798588165707923
0.03730850882160511,0.014550322583269774
-0.007317945481888641,-0.01076361155364511
-0.03265801995857975,-0.01986827675605487
0.143060809884262,0.05720955408000195
0.017211957450602222,-0.007669281085737091
-0.019930446125159637,-0.05936815056036284
0.06495586219751115,-0.009285101714381353
0.028577098090705022,0.058083591711049154
0.08965605180783687,0.09773548278952103
0.05503312302995815,0.08442624333797828
0.060605547254741675,0.08125312515174482
0.0625078573034378,0.07283192612085054
-0.05392010443151515,0.05658300982741937
0.04196131297396266,0.07859343118618659
0.09436222440457366,0.004566505733914523
0.06716200507504572,-0.0409251449424578
0.07478912324862917,0.04664155314068348
0.07644397562373509,-0.016424251045595233
-0.015979520073181236,0.055417356327983676
0.07114213339161149,0.026590638080945812
0.037806258736389556,0.03550806456859956
0.09881440925604389,-0.02345592541808991
0.18460967881133325,-0.00566198747529827
-0.02974747397562957,0.0063195256983750725
0.09423441484331414,0.07368250561544624
0.021151793819726417,0.020951134414883405
0.08829302510566628,0.052455850464084165
-0.02248843495431992,-0.034125326738083675
0.07989820053333843,-0.028532903580535115
-7.675866755891408e-05,-0.008738856000918324
0.08936043087627037,5.5695790749470814e-05
-0.050214725083328915,-0.02398586740301267
0.05682522661979976,-0.003500546810789016
-0.01511434516999888,0.01800635313242499
0.007587452621593752,0.00029845483888702243
0.0040096514277840195,0.0152349883697355
0.03425294838798773,0.02613219152573391
0.17534460857659934,-0.01493491300575112
0.024585400093605752,-0.02223651090654934
0.05981692460770985,0.02947280484859277
0.06365511912774531,-0.0069780054049197494
0.14676188795638953,0.014532359900177524
0.030290490646402213,0.0779341266331489
0.0735588902087688,0.08004785125570811
0.015742617437507312,-0.02140034353003889
0.0303016466842847,0.0007042681973058011
0.08515315386255004,0.027208568773401713
-0.009315557694855023,0.1247976135794994
-0.0629450886941279,0.08916237154706917
0.021357633262366272,0.010423391907208871
0.04704221102302812,0.08384016849744301
-0.05682315805814335,-0.0513628667208961
-0.01667562566016593,0.011168077017624964
0.07190442682671265,0.06118616818628961
0.03656870774109414,0.006480703481694199
0.03868737071780269,0.04410743388904405
-0.04440154592210075,-0.05182246821478428
-0.0006914590025391271,0.040584103154517895
0.013925309577919959,0.08025784836121394
-0.041286295834223406,-0.0306953763533483
-0.04986486253938896,0.0009668825105829046
0.05557977231791898,-0.0769914618818215
0.07613025548052213,0.09213977589534066
0.013530203335084857,-0.046821777826188626
0.05343548043799759,0.02600666053125066
0.030338024656157023,0.03700358473982933
-0.06280963403017456,0.16882959816411458
0.026005164813314767,0.06781288875860758
0.037269725861306356,0.028547212093561525
0.011542382853393372,0.021140894231200684
0.08120563353436962,-0.04272698654372628
-0.006088728228425492,0.015580101401743568
0.029895261400976685,0.04632594757643552
0.036296768823271944,0.019257233711905204
0.05619458512995973,0.020449827016704555
0.061896052575127564,0.04561575598397831
-0.00010481532894352288,-0.04338225119404676
-0.029397121439253313,-0.0044021065830354145
-0.00023913035672694719,-0.005322875323062453
-0.07684705102202843,0.06203621552917107
0.030049048173173044,-0.013343595312096675
0.0025147751996364986,0.014303168691256371
-0.02099928679460084,0.04058371711313624
0.0360142417945,0.03577672313955611
-0.013395460468028121,0.0080108260532805
-0.01452059292762364,0.04959959651422771
0.02380764774349131,-0.02518856054325554
0.0985479818682615,0.06978417320859528
0.0029459000975961772,0.005515894674697465
0.039682799735883144,-0.018077766118798737
-0.03030483151850196,0.09314530391057717
-0.04902603609786629,0.03297955966904237
-0.005502866788017903,0.02681162979266013
-0.00360999917334571,-0.027695061596039378
0.04256979589335151,-0.03618645012262775
0.019882721763752505,-0.04132339492735796
-0.07564000380967775,0.04598458787628364
0.08989070920040589,0.015304116791247357
0.054986088818871855,-0.011727149755004367
-0.015012327747285555,-0.0010774481197243398
0.09233005572160485,0.08012908648618253
0.060060815044536385,0.004474688296894874
0.03892383137631898,0.0404420574033574
-0.004110365013494323,0.021529259356928076
0.07270534208225916,0.017617731284696257
0.03178357134711285,-0.014654114119884543
0.0810540593427857,-0.09339635503867838
0.04037463228934755,0.08787572542974445
0.024469846186924098,0.023514076125283365
-0.013134123047531558,-0.0063956173616164635
-0.01576310690091174,-0.009944858131946647
-0.03522630053996312,-0.012732302237361628
-0.010808292126352283,0.018810377042876397
-0.04353328763449539,-0.025939097113564326
0.1388699184465385,-0.037496092356527434
0.04563396961654633,0.014000670942662859
0.036557317031633674,0.004612528504161466
-0.021126733515516735,0.025587870026177982
0.05611112179554683,0.0552114970670362
-0.026861119542241726,0.011906800533549512
0.1068404092563639,-0.021665671946217296
-0.027664200198723475,-0.012248528120299546
0.10958904833598887,-0.059306907314848924
-0.11060858758949271,0.09611326542552641
-0.04085758248900788,0.04099874869832559
0.011401690867337904,-0.04355390701514212
0.015257255741655588,-0.05673860186511866
-0.0002370283075429089,0.01029136049964137
-0.06157384306948443,0.07193805399874012
-0.09376653240843293,0.00043066786675078315
0.04417415763144268,0.05573686035788633
0.05978212202308605,-0.05688576847156896
0.05040557351453635,0.041059740279318586
0.00021530979739844405,-0.04228062578333244
0.02085194138389457,0.005873397440449669
-0.040587840205153054,0.00173643334064549
0.020573828766134228,0.03816525274868442
0.1323660254418341,-0.007248165758033572
0.0006414143701482904,0.03494364531427058
-0.026675320912520818,0.022404315939879835
-0.009947152759222845,-0.0036423444273641567
-0.07508007514216568,0.01597482295319431
-0.002373273142549261,0.09463900353255134
0.0236289571597689,0.0068333459853392835
-0.030270606534569013,0.028282691086030404
-0.043263749991260037,-0.15454341341097994
-0.027997892378997934,-0.011215707769722928
0.001476240329849284,-0.08105121851141035
-0.008779333118245886,0.01753061008809249
-0.0027121756694752355,-0.05147870182723073
0.06908923618174143,0.07005308644183551
0.10291552402831819,-0.043767720958928856
-0.01289143301434704,0.003781649032312265
0.016057195293511437,0.003342538513622952
0.0783222044601974,0.01200591436232121
-0.08444270839049271,0.006116510743849305
0.04515130522172699,0.01748138188149423
-0.0005189697704311188,0.0012688997623951609
-0.027610716822517888,0.04400940345586722
0.06408711368721591,0.005806181696566242
0.08106871076488009,0.048307565752866585
0.0761588961398181,-0.023712415942876628
-0.041197844467376565,-0.017652005969786645
-0.05356385209124248,-0.00880446253494976
-0.04770134320937094,-0.00872050745723913
0.059860820909972634,0.051817375940749054
0.06672502333608629,0.011568781890410069
0.007768884561112768,-0.07286989609952893
0.04770869474544891,0.03596963455634322
-0.0002916498498863728,-0.025192410460418306
-0.005494774082438215,0.06216562154726527
-0.0656641403892935,-0.039936859463436045
-0.02678867724009897,-0.06974137476358407
-0.09478007904131563,-0.006966730329830352
0.022408243552289667,0.004051317502301446
0.03036642811848428,-0.03781481357318975
0.05096495723152776,-0.01693553234616088
-0.019041637008577094,-0.024095314573284142
0.03349315377942254,0.07465730835493449
-0.03440165602129781,0.04483179036917675
0.037937174570888535,-0.041647999922572246
0.02663840657432605,0.003185157402171415
-0.022049743175058076,-0.013467027697284457
-0.0026939804541747936,0.04253263684915087
-0.032792643742173076,0.0076126649617425535
0.006292340375949185,0.08419307963735763
-0.021577603342984544,-0.022759164834500224
-0.03330524147744879,-0.0410287974987765
-0.020523102454129603,-0.01735817344656966
0.02007105302779472,-0.0015727045079107303
-0.06821807293666467,-0.058229430859914444
-0.023920462389687903,0.022466167118584908
-0.07125067968895626,-0.1356543439224135
-0.03262644035319513,-0.04532419042606624
-0.08350456561384673,0.029008190052176572
0.02596924459302941,-0.012946510317020573
-0.032030264484853674,-0.09115289419835934
-0.0922986301273589,-0.12879265823955227
0.0013462522689907368,-0.02609676298580888
-0.03716241871294259,0.00824545482657769
-0.009265848479387922,0.028538065396030637
0.01831704083200638,-0.054074234513378096
0.013845766245304508,0.06170550371273713
-0.007262469281707594,-0.0008948550330372135
0.09977367061297268,-0.0469381954158169
-0.0248239160047477,-0.09933880165994695
0.06388789560843282,0.0020980619676165303
0.030942567933061518,-0.10944727451025864
0.005671517466590181,-0.04738025084568696
-0.03197474053066302,-0.042614374769293945
0.022224828340718487,0.032970336843689343
-0.053452378578073584,0.004742141597886301
-0.03342526977902018,-0.010992869714364084
-0.036526723243657376,-0.026678012311523235
0.10557844691490248,-0.03127239409600899
-0.020558456731567712,-0.0042850795349059796
-0.04397973562873021,0.013123393014070926
-0.04125756124060233,-0.07515638388407925
-0.12563143715534403,-0.11443658148710578
0.014299224166708924,0.06801437885529438
-0.04721241826583162,0.025707758002461178
-0.04498736675590184,-0.020278696678084955
-0.03781603709195944,-0.0721751021506378
-0.10971711088491208,0.03545839920954692
0.03618851496492467,-0.05912028762267822
-0.04529796738642332,0.017554942018891743
-0.0559867418799727,0.03741221754899958
-0.055760830312279686,-0.039620606059729335
-0.02570241254148859,-0.06623164556894653
0.022869775577474636,0.02534715372838119
0.044460409523230215,-0.0016350751136745625
0.04333655183237457,0.02381161624788766
-0.06771600071367423,-0.07603081685949767
-0.03827236540585745,-0.016574474605499125
0.08541325920604763,0.013617454437162151
0.021372799962299696,-0.017553380110295086
0.011540315086779204,0.010863385388894468
0.10663634380057574,0.06232657216766919
-0.08095417989506767,0.01768722570899241
0.05352494942474183,1.993214944177521e-05
0.04901256400954034,0.0009093408699813767
-0.06769284659011698,0.01626320390395148
0.018782069707430103,0.0692588076198844
-0.06970220023867801,0.009326758259739758
-0.012292053722802624,0.0023782870078831245
0.028751939535564718,-0.00911114187962733
0.0774381734343606,0.008646160349670452
-0.09874645248378479,-0.07179534995427493
0.021968402619445722,0.02613209199673292
0.05753099121758467,0.009966269206433558
-0.09855416749053444,-0.008750808185469382
-0.02281135269207946,-0.0961415521170167
-0.07141986268250049,-0.18760118092126055
-0.09872910053379891,-0.0393903022593122
0.007761346030606301,0.0032770968108274505
0.036541284056613874,-0.04190478286418677
0.02393458888405355,0.0852887282422588
0.017170156918854308,-0.010444791007474417
-0.1003249117662816,0.04413920545164125
-0.054806124499183664,-0.031531391825315086
-0.020757952737598267,-0.0026969893487302915
0.014558920039769926,-0.049829400641412176
0.016927515432994807,-0.07761949359857079
0.032648391346620106,0.016353735065116018
-0.029194029730477057,-0.10451069343923093
-0.008937167238494605,0.04887373776007051
0.036255482732518426,-0.0025751897496328405
-0.07608895709563905,0.017169047864189116
-0.023002314497754882,-0.03498990698814101
-0.01634525910415073,-0.009142620239846402
0.010347261572684983,-0.05795212112052055
-0.015106454040254357,-0.02752046972251991
-0.035926218912236414,-0.03174784283431746
0.02744493880801935,-0.018847844302508528
0.04052096898265412,-0.037416353180382084
-0.06411075893491705,0.009349197575464298
-0.021564523398273135,-0.0844868950326169
-0.033366675195172765,0.033589613463175204
-0.08695626743713003,0.016800257713792264
0.003256954259625057,-0.05914876212650381
-0.07104202942078752,-0.03814738212740047
-0.04010494411537913,-0.046931543434174265
0.04620370235919362,-0.07203074852202745
-0.0019042484616157776,0.03389075900775949
-0.007707037109080656,-0.028871324853662197
-0.05473396427893813,-0.006753202820547774
-0.06190588388984258,-0.04452178779841131
-0.06475847887628589,0.0294933155097433
-0.03900117183185932,-0.04893285544322501
-0.04048665475236693,-0.021762976440005813
-0.0006884651361317995,0.013021421257096549
0.06091403911329511,-0.059895929970142654
0.0022604994590148895,-0.06059861571294079
-0.10541116692269893,-0.038920657930318715
-0.021059971703102424,-0.014493078507846877
-0.0434779308477906,0.02568557766445146
0.04421979736555154,0.008294882510973751
0.033040951212821856,-0.006482060834446748
-0.014814298108755791,0.02627296572374195
-0.050458271311478536,0.006765788874482155
0.02084455901112535,-0.04271820094003279
-0.02092225433749631,0.010774600425360362
0.043507069955595626,-0.07036588463810357
-0.01218806683757311,0.034275310954763466
-0.0703119285241489,-0.049156329544728636
-0.012750467603533234,0.014874496660006474
-0.11042351579599667,-0.04330732709641291
0.010817428600462862,-0.07572336270662053
-0.04842987148064983,0.05626985056003051
0.043000677648683774,-0.08112917111396516
-0.01918609918563448,-0.004766275233812544
0.015172041841718248,0.08418809168198703
0.006345937745773385,-0.04307646211267913
0.027073137771611272,-0.008365457726459965
-0.0006383867151176,-0.059396499170618566
-0.033240651249878475,0.01653842576922096
-0.0874524484812122,-0.0727669753441138
-0.09082785493742654,-0.06349791584229089
-0.027822768928981355,-0.017665058982979525
-0.03841947181590698,0.042155857034376
-0.013169846295725977,-0.016702825737489675
0.009358520316891845,0.08557468978014116
-0.012205011121716501,0.010117437460143569
-0.10185894751787711,-0.0695170187667938
-0.02044637833894618,0.02652240213512581
0.013400514233416,-0.07008449112627872
0.0176899408947349,0.01567194438107359
-0.07046820716172288,-0.019614694995292527
-0.04596476144145781,0.0030191481614823936
0.01110963879993705,-0.09061696929133504
0.014184511623790648,0.0734884044423971
-0.02953788259652152,-0.014751459161119215
-0.03281811840933618,0.01854496958895439
-0.02570492861856151,0.0468682323527205
0.07710052149560584,-0.05566378836317424
-0.0017844950229413204,-0.0009757150306475937
-0.03128525247280855,0.04719255836855121
0.04136908376364896,-0.04276820020379136
-0.05134314215519411,-0.021395669444570005
0.016001348719719734,-0.006792930680264325
-0.0158718504681471,0.028470188991824623
-0.006762959786083755,-0.0044685145300081995
0.024244993684107524,-0.0015003593000190404
-0.016098933174524415,-0.03700245464858315
0.0989225039845166,0.08211522904904164
-0.02127494371273922,-0.10278904530826634
-0.0035234421684528696,0.053734959158667904
0.012379268228896545,0.05497641205640479
0.03964762876553542,0.007880957836802031
0.012563652759177079,-0.04197021120462603
-0.03087398523915179,0.015512116278127918
-0.025286686714846133,0.0018331989632594972
0.005734600650050796,-0.010641822932071186
-0.011145653372789784,-0.1009701321356809
0.06577469958004271,-0.011189716624842227
-0.009640882257634544,-0.0952066972846573
0.004930400535264277,0.03556919060668108
0.005037930446611456,-0.029072145376173364
0.08698924162358057,0.012413420628559614
0.04527520161431818,-0.022001363106116723
-0.0352148448585425,0.0750228736593908
0.06630693662048817,0.004965950629387735
0.0666186269848821,-0.006810121654103801
0.04368950583100545,0.011621214987681755
0.05424159368301879,0.008906012753057876
0.058977659152898404,0.06421801736343524
0.01203172564324312,0.0982139862241296
-0.029346295842399672,0.1191714186963016
0.050363290859228665,0.0955199583426883
-0.057686816086113236,-0.02840735493724822
-0.01704747754842252,0.06592984835027003
-0.03886901534228863,-0.023063668427610158
0.09078037262759824,-0.023569629831393483
0.015432512638643056,0.006369779270684194
-0.06315192019739677,0.007871019084750082
-0.0729160263314295,0.0041285364173497255
-0.06507478452875494,0.04295962992684929
0.08348045339258478,0.042215773562279235
0.04295165594632185,0.1282454534789808
-0.05456659268132008,-0.03029907328067831
-0.02844712434947875,0.01391072239339227
-0.01425301988654312,-0.01442071820912877
0.063491458608022,0.03545997559214895
0.02483518368831454,0.08633591962942352
0.02274853927368725,0.07615949098851998
-0.006756484117215003,0.08071505884780215
-0.0364950053289814,-0.02912344629052653
0.011094114077652558,-0.04059295006495548
-0.002969196199812023,0.013757981914052668
0.057382923931407336,0.017749862409987476
-0.0066237509667964375,0.014454739661340175
0.06031925837049436,-0.04627112870405132
0.030147221631745078,-0.01024543344788003
0.059191026098360175,-0.02539315831989627
-0.0344600843678364,0.03379222561823671
-0.004499923167009477,-0.03476914627401376
0.04879381113215773,0.09757833477957747
0.00658107736195471,-0.029523222168740565
-0.07714010137831032,0.05984382122657099
-0.025712624983634694,0.03522755258324302
0.07087574320422438,0.01998629179924695
-0.047494911476834156,0.04616807699771139
-0.03560330390574301,0.005410080239333433
0.060855968985142166,0.035433080908435166
-0.137913109370434,0.02539643587011752
-0.07187839199646927,-0.0023924610796394706
0.06258015989796256,0.012630637048259943
0.02950256306615928,0.002702509359324007
0.1006584315223318,-0.03495989463509352
-0.02986506047140242,0.0045378394967882565
0.048119743307620984,-0.033894558899631756
0.09916767720631259,0.01612124636300156
-0.030008108105756118,0.03431838172048817
-0.050315760387875275,0.009558057779246223
-0.10006006589109567,-0.00352489701307563
0.04095809388001184,0.03920577523259224
0.026402071774688278,0.040260790605724614
-0.010175284059477971,0.10684601435698839
-0.0104717537661814,0.036776235258356604
0.07373236802266972,0.09139493397736304
0.06284978003189433,-0.020676322628302036
-0.0014185807395790916,-0.024122774400025804
-0.03141062209973838,0.004139372975978139
0.06776251526457443,0.11591936500446307
0.05393730205850647,0.06402817714644383
0.0868003189030782,0.07023332558508699
-0.07301154205075958,0.05183372444104789
-0.018540057880504987,0.025461079614221397
-0.029538959391953827,0.09105101323653335
-0.0035997475470140074,0.17761710141242198
-0.05850940113575774,0.00672325002869914
0.021177477144640786,0.06038432120408961
-0.007751849281136286,-0.0591148315439413
-0.016189117552361684,0.005420984535279314
0.00826651881282198,0.02926017608756276
-0.0022222204936484455,-0.00423722925906064
0.028492011396368533,0.03937998797292655
-0.010684392192190272,-0.03717992857377318
0.031093666750258687,0.1500375344418321
0.021863898675575744,0.023655445705385494
0.01731481102306754,0.03918077659811474
-0.022579405815810843,-0.01547613332233121
-0.038759075236134866,-0.0871386340687215
0.021937671170610004,-0.0065370094103739534
0.052433983921318914,0.05416721697325713
0.07693751122067119,0.010095827307973647
0.10832280602012685,0.023562789140704365
-0.011887451613477946,-0.008011581546708234
0.05726722546746285,-0.060747524704949304
-0.005024497542943207,0.04325613029167022
0.004038157492695087,-0.0761947109101255
0.0983238201034822,-0.056506940988822606
0.04832907374428462,9.469546211916813e-05
0.023141218431778538,-0.008896358138672514
0.02222638757418246,-0.004032088800048454
-0.020474379548442733,0.1481325555886246
-0.004809095405143432,-0.030268128472181955
-0.03868285133503575,0.03890150875126998
0.07828727006633679,-0.019766543025024955
-0.003986943786688683,-0.02559363828072883
0.03294290879826816,0.023541726836495573
-0.012504336001300059,-0.05524298095046559
0.07645653287920047,0.055354479777599705
0.007401895165411811,0.011843597081178318
0.054204775450201456,0.010202333151664472
0.031607449172769614,-0.04400338431977621
0.09762936916938095,0.027932922499574214
-0.026696125494955886,0.036390979193852466
0.08854481461187799,0.10303679329802555
-0.004055383263187801,-0.01120159765949933
-0.042476858556935136,0.012668169964188312
0.00821147587085317,0.005796483662536342
0.03647452668330069,0.03027547056666078
0.020798011436381752,0.06733199116638691
-0.014585742998808198,-0.009654973811791433
0.0779264866579431,0.027267524955842486
-0.0418397007393448,0.017718667228882157
0.06129654112957725,-0.012361192631012194
-0.034606098901055024,0.020951311971469298
0.016973041269622274,0.102687732631943
-0.004997682659444905,-0.05676893443351068
-0.04560799439335256,0.06403300330352733
0.11283428719145493,0.040999976271584485
0.0631919044044654,0.020294745465160597
-0.14717392846900657,0.16019992066419803
-0.019338032437613846,-0.033810613579527
0.07442839054580216,-0.012059138644579963
0.10014625656685922,0.00020610906214242955
-0.013339537622074508,0.04353953225943422
0.09583356721826959,0.00026933694661436525
0.029505016091791382,-0.019752921097986313
-0.01566082167938492,0.08022858623914395
-0.008640002341354338,0.0796304122219043
-0.03710337245854806,-0.025497975454687613
0.04970534998078081,-0.1031813775213728
0.049019203519119176,-0.00986886137492263
-0.05253491560918513,-0.06842169988883692
-0.033921472808433745,0.0022133939977669725
0.030043620475720026,-0.0627384907689951
0.000352435238435686,-0.020071963049535083
0.061311778201976155,-0.009073233061516087
-0.012940245200198241,0.025897188853105893
-0.02415097550875802,0.02700182971212539
0.07373810934820514,-0.009180168997121681
-0.04164722996526404,0.017730361670791957
0.034123613200418845,0.0016525512136511405
-0.002175315109104816,0.07271236991070573
0.04173827001688185,0.053206085998452446
0.02110971432977128,-0.0010000009249449705
0.031089068344055306,0.0022193429312600526
0.08640947897569994,0.02369240527645277
-0.09447378457780123,0.021876542705949083
0.03402220308644365,0.040901159518572684
-0.01275000641656458,-0.048537753148791385
-0.06565718439880183,0.08375642663936307
-0.1414700771345266,-0.03585201998316706
-0.003420604742669045,-0.042232686482815196
-0.03492430662627386,0.019771241941103183
-0.052311410757787655,-0.010546558368054283
0.0718758102089729,-0.005736109277815813
-0.02852519551475446,-0.009518265324897083
-0.009600259130561683,0.05410837148351198
0.07119933893346751,-0.026794245696611815
0.014759843314470831,0.058448891441271716
-0.04116876466681686,0.07808997410185792
0.0990667276944998,0.09421635509197321
0.08431328456375431,0.002154945142727209
0.08644994485067632,0.0969127728393878
0.09007551004885839,0.06521758563617974
0.018054207078026706,0.07030889323594337
-0.05406713929859951,0.03993119779801996
-0.014690276951575976,-0.05097119363647511
-0.058770267793443666,0.016026981693146945
-0.08550900382338981,-0.068254909407281
0.07617906672178298,-0.042426016011377715
-0.06539973515141216,-0.03434319022294331
0.14440101992351548,-0.015098983192234659
-0.013172113547583722,-0.05511097292620235
-0.02903218759540109,0.03250121843364466
-0.10833776362442978,0.08255349593131066
0.05558375993309713,-0.02535218855881059
0.0480875009105183,-0.07467446736589445
-0.022827364312499137,0.029823690736591225
0.038570548706306426,-0.010930942017303342
0.11133134586737765,0.06433819807220689
-0.025868641327286227,0.010874663820394754
0.009289398644034236,0.015804724507569253
-0.09247892024248856,-0.01834258097464376
-0.002535996746841648,0.024228389787239672
-0.017695002217793108,0.03749825457094083
-0.043326759938202626,-0.06691874044254192
-0.0755289648934387,-0.010096489831364497
-0.08717468428050307,-0.11471870348012835
-0.05252348779519088,0.11343034312975367
-0.007067285687528627,0.03684329052892624
0.05009147440310053,-0.012815877255406187
-0.020183197255410547,-0.028507103510164073
0.04371299256141396,0.03216536069308145
-0.05209119488203043,0.008629245699486275
-0.0178682792463934,-0.007126897416133335
-0.013612398434525271,-0.04106256336836323
-0.06694137722404309,-0.0938472082372556
0.028482198380974672,-0.08547941935800274
-0.021381788966719963,0.002107586820995151
-0.04963610859656434,0.02867866670576165
-0.08164754202602711,0.024224509263119483
-3.1483406883089406e-05,0.1382546891325407
-0.030107039833219457,-0.05752740457846895
-0.006862513517366825,0.0506540855391495
-0.07017399783567295,-0.06586629414863401
-0.08916074043920681,0.0634388843090371
-0.12040311545113795,-0.040202618520861266
0.034566026010803316,-0.04533926725683335
-0.027477159796432962,-0.0681398537669416
0.08890093353798574,0.029879564092298763
0.0547420568888676,-0.010070686160989061
-0.037097338436860756,-0.027398014552269354
0.013404569825349669,-0.041226268298145206
0.010867321200014539,0.024090009987596306
0.0580903448377812,0.03087588676212838
0.03993589473072502,0.06321509740273527
-0.00167940490517475,-0.0443322728093887
0.012577657553108143,0.03775926688465918
0.061013820675502484,0.02847280662471917
-0.031324236741449504,0.03178924345901797
-0.019527789015142315,0.025842185819995225
0.07311375582061365,-0.028312193610783888
0.044553746285782646,-0.01196491627037778
0.006625385365641544,0.015372770176374789
-0.06443713585194738,-0.012640127923991516
-0.02880016813154817,-0.09585782650594049
-0.07813514501008532,-0.0006932236716054134
-0.007985275964035076,-0.04023700076056069
-0.03485573336754493,-0.06330251060181384
0.03825178198621395,-0.05171502721878981
-0.05277968917415189,0.01315909103871007
-0.019705617178824825,0.06115081631634052
-0.08674875248475218,-0.005490786274027578
-0.004343568555187706,0.01629768411808826
-0.056531524474546326,-0.08733908034869131
-0.011779449633308245,0.05457358765175481
-0.007584107674138486,-0.042281485722280694
-0.03468885364984174,-0.08647938061411528
-0.06470563468940338,-0.0025250932563396274
-0.06599937465708415,-0.08591986526697824
-0.0287567381244628,-0.03384339709958764
-0.11772452715755218,0.048910657598243076
0.008727412714306718,0.0067650064446322135
-0.055182600903888906,-0.058108265257582045
0.0039388865242999775,-0.06018837770655751
0.01254560882326524,-0.07250359585106071
-0.07220399775291013,0.03598502105004159
-0.0001800885975395683,0.08402480401607594
-0.057248777920277334,-0.1019838964868696
0.04224094269114477,-0.03773035481399274
0.02272864706386659,-0.11544627601485644
5.7713421854614644e-05,0.00715094925816525
0.04642535828046583,-0.002708176039995994
0.02865163268194936,-0.07628228218439348
-0.06282793810304846,-0.09344705472047794
0.0015422459855559748,-0.033007458333401886
-0.038068161103382306,-0.052080979028577376
-0.016739636474049423,-0.04656776163321234
-0.026770315487234186,-0.06530801666604488
0.062384048357718026,-0.017479692183001726
-0.06422479551563419,-0.013424925535109251
-0.030617678678398645,-0.05772082512325345
-0.025491565480237614,-0.006265695187426954
-0.016068673805392845,-0.02430565825880798
-0.03677396593831084,-0.03735769808499
0.04364606010144301,0.013006220715477725
-0.017598795262021814,-0.026824259157006515
0.06765285354850589,0.04007665624118237
-0.06654262016879797,-0.013527441787823736
-0.08055991215592424,0.08736774916039466
-0.08212003106303756,-0.089346058406541
-0.008557378756511904,0.01989778105597773
-0.03866991746158823,-0.01633240272004926
-0.04547366714590209,-0.03828112922756388
0.03497178572380015,-0.05685780365487242
0.07157524183041614,-0.04926510112292046
-0.01579744178693135,-0.015275626769799766
0.0032514203814370257,-0.04350726972734589
-0.005809634829893879,-0.1117100753165618
-0.08190927832175346,-0.009357752153348964
0.02546569844781162,-0.050511446379661686
-0.0472985404373509,0.015185411067917265
0.020762567330788215,0.024778660743428747
-0.08042268713841123,-0.06028452133255949
0.025619687006617615,3.805423247539921e-05
-0.019928918945542648,-0.04162706790146456
0.04508826289682283,-0.0017704759107877721
-0.027897169776763812,-0.020137333768880928
-0.07438836411247882,0.015313925527507464
0.035537547035514705,-0.08479498336371738
-0.0014478386987286478,0.05811184348608144
0.01007014143914322,-0.04002851513014851
-0.029216772367509893,0.03412925925962304
0.033068552414833294,-0.03574590868125717
0.004040503473256456,-0.04405594238825013
-0.031582266417964154,-0.01761664903500848
-0.04769703193116284,-0.026713024864235692
-0.010597730307527479,-0.14255054753044882
-0.04299098931269807,0.03023331078499301
-0.05878958929132627,0.04024190441605209
-0.18548407891818242,-0.03487667345400636
0.02862767962973202,-0.06422434617758321
-0.034087650425664334,0.023249492550382684
0.05489695933821315,-0.01605548521786417
0.025660421153421757,0.0025614744945397366
0.026654193102713542,0.0200542649982085
-0.044806968162820766,-0.07706739444259056
-0.009302905958048627,0.06829623188295995
-0.0390233202613296,0.060516712600414205
-0.04987053873876898,-0.08167476265654654
0.062103792632597896,-0.04425275081159907
0.12355600204642403,-0.019948174843507183
-0.008248576860944129,-0.06480468652372107
0.0328239992101578,-0.05741581325829392
0.01020276340640671,-0.0014880902073904669
-0.08566838259523697,-0.053717944667882614
0.047851714379551366,0.04001084718828815
-0.00725000148322969,-0.06506161461536555
-0.04431654376065638,-0.06593212493279269
0.0185505160356485,-0.019322769569385397
0.02773181275661144,-0.11913653056897588
0.03754509779523539,-0.08894808940136432
-0.11221835553831941,-0.0008425318723492142
0.034341160224386685,0.035330221440788095
-0.027047010786373005,0.0666762928467214
-0.09683728835684746,0.058744948860745355
0.005441223025501657,0.05508931346550746
-0.07924144137397654,0.006726224384476365
0.00657167372494725,-0.10133147244716816
-0.017700550694718983,-0.01793733592095252
-0.026523537198219926,-0.010978719912356834
-0.03705450478274417,0.03204442748244266
0.09118073611439632,-0.09129114296817559
0.02944044326481412,-0.00024139099426002952
0.08009960015591476,0.0254137149882568
0.07037933378905094,-0.11507297370679974
0.07787992884475207,0.005971421052324689
-0.0025443633148610496,-0.0198578271850856
-0.00862933413969086,0.06601240499226223
0.028284390075521554,-0.022398075537258366
-0.01739861639784597,-0.014454749236569102
0.11220409624185251,-0.12214242140670946
0.05437233455897138,0.04514770891339842
-0.004187003558646881,-0.0013434015270093243
-0.044948403890984694,0.09486446986564666
-0.07032773768905663,-0.06710499808589879
-0.06809563625633928,0.06375663344577104
0.002491445092766045,-0.012573617972293505
-0.0704887916840471,-0.006730599678096106
-0.015835086138429384,0.05308089089660253
-0.014105828291815845,0.02082740281793282
0.011147257515987498,0.06695835384305075
-0.026625647100476994,0.02228909089324313
0.03421889289298186,-0.1312942364978603
-0.026659919807370286,0.0014710542163417061
-0.032008423216543215,-0.02453079535785071
-0.04685149401167884,-0.008800949428789201
-0.037899041084395034,0.015217103905929967
0.0014427093750354284,-0.02563280017851275
0.025886506982962493,0.031095888027242252
-0.014555338853601753,-0.06243094931949147
0.106019018464956,-0.030760373592145014
-0.08711995633431484,0.049566469980399194
-0.01667012028051596,-0.006751093479048183
-0.05075949640115122,-0.006204645957863224
-0.008847990543847524,0.007816287743945424
-0.04002433411064847,-0.007616326958854216
-0.013660726868816676,0.03297152003126986
0.10171101615042716,-0.01745238188770759
0.011128023713102505,-0.05131550177238436
0.03383101131426631,-0.0901075131240473
-0.02883196237908802,-0.03546156012116107
0.012415420913153166,0.14325665773390134
0.04147361401681231,0.010854121481582595
-0.07088561528296068,0.015525425495558066
0.033097167173896234,0.04568394567129769
0.05346241007457178,-0.04039916668754695
0.005347388362719272,-0.031164655460862264
-0.012447036468051875,0.010278923313846257
0.05879134445472515,-0.03072824001367676
