81025, SENSOR_ID
bolt_loose, FAULT_TYPE
10000, SAMPLE_RATE_HZ
X, Y, Z
-0.027869680709432156,0.062444339917860116,0.027601274791293148
0.03927512463515493,-0.0017998999347952171,-0.021573669125506255
-0.10838224602764267,0.06300074880167743,-0.01862809591684258
-0.03370063375467607,0.05077332110741097,-0.07327958983992956
-0.0029454441921945044,0.05070293660522611,-0.03947122492993463
-0.025510827441537695,-0.01307760562987552,0.04039361119822207
-0.02934237006639561,-0.08138762074219345,0.008261608337797868
0.00981280268474657,-0.10231804597050287,0.036163233557288864
-0.024339191636973175,0.003353056419118988,0.0787774849357751
-0.0326655369924116,-0.024544528200962836,-0.0067592594421085755
0.08519506462594846,0.06800902997873154,0.0037891202394693914
0.04845414613000343,-0.013340060924348647,-0.03068336545202991
-0.03185533843199954,0.06836865207725996,-0.021741081586674836
0.029110515106382136,-0.04557451680504788,0.005431731821821023
-0.1091084256070284,0.008083419918504975,-0.06960002356946884
-0.051651068945919504,0.024941476074897623,0.0031904420953275834
-0.012494379056876587,-0.046544361395275305,-0.01043268670639865
0.04068514254256694,-0.014202670663706628,-0.09255188345212977
-0.0021839079789687157,-0.012739955264344408,0.0037017491594039087
0.026373260506924585,-0.040915686611300864,-0.009154529948467806
-0.015291888528105393,-0.04057535759717442,-0.04961181437333161
-0.03729075059531751,0.0260500350644767,-0.1405673356977877
0.04273475449568569,-0.09218862888883828,0.019612732640275146
0.04801253035687517,0.12373458458848191,0.026561828657514486
-0.00031011572059598536,-0.036124082937007335,0.055337937297246786
-0.04978553695790358,0.07122119503592662,0.009495526220063492
0.024784959924161434,0.058849597753164264,-0.02643195631766189
0.0013157606566126228,0.02161999686433965,0.013183477892015634
-0.00319017306856427,-0.04332795754807142,0.04441082196623501
-0.0917651767126486,-0.014425904449296346,-0.057928525434922565
0.015593240132490744,0.016857494871505695,0.008633672559724068
0.006110344487601118,-0.03504545410712599,0.03193418441685634
0.03841612891120486,-0.000542095016322337,0.018246337289294198
-0.08444345002465857,0.04235026770154064,0.021608463817952853
0.013756019204260351,-0.01525487452925955,-0.0013553356132940102
0.051927823901299165,-0.0172897014636455,-0.02938390725028491
0.011936563185601825,0.0021330572517130244,0.0736883916347416
0.0007478835987293989,0.04685058304938598,0.00026681104798818855
0.05821779086932729,-0.009374673396602936,-0.027143885969858207
0.04679903357286311,-0.030210552320345842,0.0059416217632077585
-0.010939069575030215,0.06512908592258343,0.08929623293015977
0.06236229889126934,0.0006705070197280255,0.07552565680478815
-0.027113300726351465,-0.002207556042175063,-0.0005333432748222955
-0.019744493425148103,0.020639389337334394,0.03690819723339034
0.045484897895367755,0.04455720720836541,0.0660617040978596
0.033830144141342874,-0.007537835515169067,0.024458993149413827
0.024157076666061365,0.005132875768923982,-0.0002817496596903002
0.03344572149126336,-0.0006317656303394883,-0.013784867918849548
0.042830873932399316,0.030962550925461088,-0.004905230653148594
-0.07687667378187618,0.018943790013052787,0.002748233405756197
0.1003057130671165,0.024825289305303366,0.08090889667051651
0.053736214728564415,0.004600243323253541,0.059159683949708886
0.0634057085502014,0.09099225402415484,0.017998191018733307
0.10684809302397505,-0.03127014371339986,-0.01830266148406269
0.07250158975465544,0.0389310550872448,0.01761455310025886
0.0008501074053753142,0.002997713460635154,0.06583624720223058
0.011867471795709158,-0.00777794387129725,0.1320729750009855
-0.027772228902712887,-0.13320836522056673,-0.034944373459669296
0.08407581217007898,0.00177974628825385,0.016092415840915347
-0.038920289131555125,0.01534280943194552,0.03416537436381454
-0.08766200254190593,0.008608885655708722,0.08981618403228185
-0.013394124207758953,-0.08964833238195322,0.008424775991871856
0.061354348466489156,-0.09921242191804078,0.05549069401624658
-0.010651375417332576,0.09649392816991396,0.03994354111030393
-0.020158867264254702,-0.007119449023648829,-0.036226853857766556
0.07899533091370409,-0.0428142009094997,0.061547464438325046
0.02094365902712974,0.06798153962408005,-0.041734279214665604
-0.02300955517861144,0.057373270615436935,0.061316965718084857
-0.0009211477113542747,0.042412126342596265,0.0057152074294595165
-0.02474016978444946,-0.03712058810214719,0.030155308401855097
0.09412964259026849,0.03170076761013881,-0.011698230533108707
-0.04233624174589069,-0.061198243525179094,0.0408453069026517
0.07156938378911391,-0.008630189414388922,0.02871615172191571
0.05744708057875826,0.12072228773220613,0.0851883083245057
0.07191482226561446,0.020796834524108083,-0.007310771103392573
0.011281885637449637,0.06040519675362896,0.045182051023777633
0.0983572427984493,-0.031255967905118906,0.0703563977357435
0.15855881805741104,-0.02253087343702872,0.058901305193120077
0.1150439567289061,-0.017065116602080523,-0.02433634458017206
-0.04073588749125771,-0.08574773336707582,0.08072916881368555
-0.02478268906595111,0.03814777189701629,0.07401834883809405
-0.09269846136172658,-0.03325223362192423,0.0018083366886611461
0.0183640091511549,0.03476766509298877,0.030867849773524747
0.026708503307350362,0.06141344191986839,0.032028599907437644
0.016711010955263166,-0.05302546703740227,-0.011368377109059764
0.04585778799458725,0.04330140957473249,0.06848199744938593
-0.03860000107826391,0.051186287525755554,-0.006497045343034285
0.07795413664184477,0.024274560273725234,-0.020077273340512628
0.03054149473720667,0.042457471238310264,0.03295481215038287
0.06214714128795574,-0.03128023208829837,-0.08079614749548174
0.011876648994925916,-0.08717380110251828,0.020062544611260422
-0.007150391561739099,-0.04871246657199386,-0.013217763572786548
0.007172878464783506,0.128588813495479,0.0007329477356059523
-0.002082767323326403,-0.009475169002210748,0.04370115312634886
0.011756047306057307,0.028973313783138326,0.038655721236062854
-0.011475257499924788,0.05706501419033584,-0.14240970103152154
0.1220109594111836,0.049274087405234056,0.024006293152946362
0.045593435338726035,-0.00034777038152688025,-0.01095858501295362
-0.008056375767363677,0.004439850106275444,-0.03895910021889502
-0.029375188958204998,-0.04523641641877931,-0.034428057282994085
-0.0836673363933766,-0.008733811516939641,-0.021711806121125585
-0.010436032692535954,0.02356507546466614,0.0025486444711952383
0.07129859103368137,0.09034942437251663,-0.00016356480983311522
-0.05901846876426005,0.055778250301210475,0.005999231862220074
0.008455996725938272,0.06789380393661534,-0.02462900465788373
0.030069128303021896,0.020583965902179677,0.04704258265111279
0.08551069544512199,0.0004204081554000441,0.023297091168314632
0.07922771776806108,0.058290228990854814,-0.03357799283676022
-0.032361423060852025,0.0025031694920336633,-0.006168776868892292
-0.0009674747337114521,0.0056751046239499284,0.08769598524215602
0.03966684647692355,0.030779665534030897,-0.032624252186533004
0.042374631666127774,0.06882917433212422,-0.0044406707770105365
-0.026369045668057107,0.08228821418501123,0.07335700546319641
0.07985128252403684,-0.014315469375850393,0.00018061019579176246
0.09938577887518094,-0.05632391713668367,0.1208272147889084
0.008281813981976176,0.011314032838998745,0.062291719535584766
0.04273559408517717,-0.027512913757219933,0.0009313514742821521
0.028862512435484437,0.10121716441373652,0.11620945249045916
0.063573419002035,0.03763917485075302,0.019444933425022678
0.014198676859259785,0.024726496533681724,0.055885898035726356
-0.01490259140639557,0.04211985823312933,-0.04181013274667681
0.09280495165032068,-0.010760681523577183,-0.01122751941640441
0.05880556535612497,-0.01781195736973709,-0.01786998763038008
-0.040893988156781184,0.04600923358526279,-0.08844079767437094
0.10404982166514228,0.011565479707349939,6.523561237522374e-05
0.01908154216278154,0.0077411944311950275,0.008755463459525638
0.09130084525834914,0.041188343585696466,0.08092812557585821
0.06753067195126772,0.006357166273526865,0.042868322708295645
-0.005495510117623923,0.03968642092251688,0.08841059392500686
0.08984735821138401,0.007805329426983511,0.07347425301367198
0.024893317020839086,0.08271301847075448,0.09547967333267444
0.04595574065294174,0.09273175851149498,0.06476435417310689
0.018711994845325267,0.04325802343787376,0.041740982047530406
-0.021865630815975555,0.007087007213462046,-0.058739521573589255
0.09597321377244628,0.02771793712900693,0.0512865632578476
0.05536235942311585,0.02531198480807259,0.02525165404649806
0.13192051024677243,-0.07566068082874933,-0.0026093666003144944
-0.024559772119937637,0.10071552647023409,-0.01815712337190236
0.013538246600808043,0.010115957052718335,-0.050135136734174794
0.07624633395613979,-0.017811908419591734,0.036833412818742445
0.02817400251334111,-0.028268370081563913,-0.0324747174089145
-0.05083603611230779,0.004121711974788913,0.016644675649441443
0.004902455777557381,0.04167200583397128,0.05714821808816442
-0.056708304485364736,0.06185386477195189,-0.03950405767161762
0.10479593425792401,0.055365858224748724,-0.002919611164454451
-0.03462890466638649,-0.014488340293717976,0.024039540406090878
-0.05060699951467888,-0.013869377768555484,0.027252280763854768
0.053166484473820136,0.07858340264514511,0.022154127989815836
-0.061809171644248956,-0.043799587914666406,-0.009374181764577343
-0.023462182324853052,-0.02554781213480222,0.016896569122276123
-0.005703504063305394,0.03958106367438202,-0.03348993805384784
0.0841662358653253,0.019140359420797552,-0.010714232269857297
-0.08781965571105367,-0.0722936528657787,0.017091369876530295
0.09741257551571336,-0.021157930875149753,0.004709211401543494
-0.05712923798276869,0.035880615606548136,0.038580033331787715
0.05216709193290747,0.012293918857826847,0.03209632850612809
-0.0027275470292414845,-0.03224451688650686,0.05015538254416918
-0.028748191097244066,-0.08039896644593163,0.024739641751730955
-0.0313776057046935,0.003144937009658344,0.0032818631463212636
-0.023444298589083118,-0.037806825005199614,0.047271674400938726
0.0056311720303318345,-0.04951211279516174,0.00161238347734401
-0.01199243045134901,0.13138110580062845,-0.028897234501596897
0.026835335896789006,0.05044989630060315,0.007269152166464799
0.020395134805276056,-0.06420167391573489,-0.012501118016391479
0.038543264462735205,-0.06680614698689467,0.03800730134583234
-0.01730241455809392,0.058155796081182654,0.08534413534491204
-0.018329229534692428,0.0545493317597021,0.02901017332162636
-0.006689181245653639,-0.043750020297391175,-0.019729127509351196
0.0036393082579105384,0.017748174666395874,-0.019691325767228464
0.013938609119035026,-0.1564822656602785,-0.033883465316280816
0.06554003943753291,-0.039950974499456414,-0.004381375646596776
-0.0029237979513236315,0.02017822601690796,0.13042702726353692
0.004425056107353896,0.0435088521040544,-0.02850789054955046
-0.05700391294492322,-0.01937814693165648,0.09152079508880612
-0.04200423423907058,0.05891099846046275,0.003829235190969683
0.04155070958786654,-0.034960337098737415,-0.05170161547704053
0.04980654592210436,-0.0267740844189416,-0.02360856547323756
0.13004341625056767,-0.09137932035467032,-0.005304890120410002
-0.017431007142394175,-0.04484491005335653,-0.1049830728921109
0.04023052744861089,-0.032035441192342605,0.021235585574783198
-0.0257193056574727,0.04490989403704144,0.09349556398413059
-0.027756421361053798,-0.07258434661024353,-0.0015561147824503978
0.020584614126200367,0.058452988763664,0.007494273100733205
0.01603105895914538,0.01556963599669595,0.009773991207331276
-0.011652130147383918,-0.055223388243573666,-0.0825676484391411
0.04971703493673632,0.026279245224486155,0.07303540391279977
0.06243948610903184,0.03487544635101728,0.02779237146832983
-0.04290594522662726,0.0032061854903352362,0.057790202410047564
0.1008523436634291,-0.023516280309407583,0.013753543648658644
-0.044554229390802357,0.045781822500928764,0.1151729425673869
0.016775726058633682,-0.08926468455483694,0.0989803699001913
0.012790003061495598,0.03598384351036302,0.03991404009836544
0.051494257671545245,-0.058907285966060006,0.020070752903430994
0.055314499555607785,0.05477603248061963,-0.020397880557155808
0.03828645757115509,-0.05653392451662502,0.02848235529236574
0.012406280813786686,0.027437416041554415,-0.01922458779662073
0.023899938061219195,0.0707435016594644,0.06680569169757211
0.04431319349672035,0.028994547763809435,-0.01751406445181337
0.020878980442534487,0.039656193412887605,-0.03383069528072377
0.005044215077509359,-0.04055529978122003,-0.047555453260814014
0.07893078753080546,0.07016458333950491,-0.0038218139050933356
-0.03354979843651988,0.049990139647612036,-0.005633158856747365
-0.052340599221425886,0.011618042148847135,0.007437287898394684
-0.02054779714529511,-0.04477229370781812,-0.015486868733844396
-0.016123666876157853,0.035439755632019024,-0.030279556603255976
0.01229739464477939,-0.014660928290994066,0.0050519804531350705
-0.050665631607406295,-0.025664647088822656,0.009207484137988465
-0.027399693302403876,0.009753710187352879,0.0192616411818163
0.02577433653514143,-0.0493456733146171,0.022206745899798954
-0.06372604368641656,-0.04581245636551215,-0.011302899906494622
0.08112399066101703,-0.029235486704159312,-0.04661339745700908
-0.11277577638753813,-0.016658541075841814,-0.047015786350008804
0.06258149592078562,-0.019251660075006824,-0.035449218779736114
-0.020339292221024666,-0.051446099079959,-0.004261973181024877
0.022042587528432498,-0.045312309931360095,-0.06826739813851213
0.015475560376544902,-0.0745846912539806,-0.017432980793504128
-0.006412710786532538,-0.09521835048435232,-0.03459252644144924
-0.06770297446474505,-0.01618387448165157,0.016887754874508255
-0.0400809691558858,0.09012612166598866,-0.009781874630627263
-0.06839432867977328,-0.008623053644005278,0.07332009964800502
-0.06539614171272344,-0.0006179005210014063,-0.019040408452367145
-0.0796832625955212,0.010052519809443664,0.0035806390426960473
-0.011402273114502155,-0.0382149171470432,-0.003581346685213241
-0.037388186101769964,0.06690722547424008,-0.08162216883036784
-0.06612983015239024,-0.03172411792803417,0.004453764864105068
0.006199540730758942,-0.06242725436672624,-0.07938882805628483
0.03966570657664613,-0.040058637025502365,-0.007672005897123985
-0.03455630398010507,0.04578578900482096,-0.05000420429453759
-0.06411491098149688,-0.0330227046927085,-0.06025232793483909
0.09529709287585562,-0.015059791086075667,0.01960521348062917
-0.05559524034258557,0.0006091743720046897,-0.02847141174365684
0.003174065450649551,0.01235457751030694,-0.1670586648489449
-0.07793637613599433,-0.0547231102105808,-0.08251024705870984
0.0012107848790797633,-0.02438656152947434,0.06182832745384059
0.07558297703316603,-0.0439249617493248,0.03291192617672503
-0.060466229204663706,0.01440962633018365,-0.07174609759525914
0.034412367127455296,-0.027365035003608103,-0.044053709871243
0.04668936497149894,-0.02541985734232717,0.03720038642157224
-0.10681010809306789,0.012167214927347469,-0.09179389964253726
-0.011010195211936644,-0.011755351639455252,-0.025114543175085727
-0.04858685392462171,0.004884678609811337,-0.03254750485000702
-0.01915704186916331,0.044030590857958365,-0.13222140213614952
0.0037324704863356765,0.04921391231288188,0.04951488276829945
-0.007242842718955367,0.024792946179552317,0.031733846849175754
0.03278225251720754,-0.004134891148145329,-0.01002096280105214
-0.10783688796797186,0.01618349706254754,0.03909171763123175
-0.023749554678139627,-0.03272280816775512,0.08685519134071445
-0.08477688572314346,-0.057032176047252706,0.02504681988676568
-0.05316817379342081,-0.017967148776134725,-0.009616164840876955
-0.05938206256118962,-0.03601928281882327,-0.003595957251477067
-0.026674598592179147,-0.10084540644840966,-0.03451001310780112
0.028033727160485085,0.05442269684459607,-0.08479714488250883
0.04872718166284141,-0.010406178141640977,-0.07191041643194895
0.010913141805905288,-0.005356370469482822,-0.0637789416576729
-0.03927747748321758,-0.07793733528769374,-0.009434015349598862
0.022715236216962344,0.03951862341232553,-0.0113815309763761
-0.008016083081358528,-0.00301828545482968,-0.017891169471301642
-0.018388369540418885,0.0020884299444255353,0.049689808243339975
0.00920798935754467,-0.033884804816048976,-0.06706111240062651
-0.003089211888528034,-0.02652339518027484,-0.13344259893594818
-0.11447821432521299,0.013589221238327138,-0.0320823636338794
-0.012824707376789549,-0.038100407661993636,-0.020555862025229996
0.005968487544626904,0.030775127641050733,0.0839117167708572
-0.02561901068902032,0.04575025172016626,-0.02069311066437685
0.01053556358342356,0.010135410151383955,-0.06484154408178257
-0.039636788941403434,-0.06139650330515182,-0.052195347875902506
0.003972020960256898,-0.02270664389423062,-0.09476597229410857
0.05393878586207592,0.07183531784111546,0.11093906147948485
-0.027959925376418185,0.006652490114098866,0.019591480492736138
-0.06555982089886242,0.07280410464648202,0.00215917433192225
-0.03764042088519645,0.020437440515628028,-0.012989542642112845
-0.03549289657198301,-0.02886079430401682,-0.02644673322733617
0.014524283062581293,-0.02109365602426809,0.04075119957748856
0.0023449484151891985,-0.010121242086236385,-0.05636547358985271
-0.034825542067050394,0.0489220826347356,-0.03916916343384849
0.023411103759753485,0.00587568051097237,0.00331550495129913
-0.06148138061205678,-0.03211308006616319,0.01972182372789968
-0.033084211960045296,-0.03826429964622155,0.051667826149278014
-0.08647304177176102,-0.0643689086737457,0.0033710373157610704
0.02307663246969711,0.033399721556571324,0.022154372323681188
0.06130592525271845,0.036527635754877,0.045834843729623466
-0.03900798322923839,-0.009104433091034318,0.04051195900901572
-0.08502222456504363,-0.05050357147583644,-0.0015509157696955121
0.01473458144159771,0.0064329436313733425,0.08832992227252864
-0.09756133369445077,0.01201970118220487,-0.019173098284816417
0.05552165717697882,-0.03057091487443171,-0.06834499874632391
0.047057058037482814,0.046176143806022064,0.06611508636957308
0.04855186144309699,0.009094496420876352,-0.010411715135179056
-0.08851772104832624,-0.0030580181417851383,-0.047070102570244646
-0.060098947856084176,0.0005788198246495964,-0.06264909896140705
0.09733602933424676,0.023247209324851047,0.01183859893089239
0.006568615160375442,-0.07898803555902936,-0.07257187071253629
0.02412407253915061,0.06688005079717627,0.034571411319147316
0.06565929969328935,-0.06250067669510671,-0.0010540186610089076
-0.024462882051132097,-0.009461185864146305,0.10056019993677354
-0.009959272977725447,0.012124251174427041,-0.04962480891238375
0.01896191282607608,-0.07208965735457143,-0.04333111186346841
-0.03133371998984278,-0.12879412265466522,-0.0791933292159885
-0.0738694277564197,0.01165892598532782,-0.06338618847492207
0.0023979867925965487,-0.060166739333071706,0.012333449107511267
0.01945232910142607,0.060863914477679595,0.013859175668293231
-0.05465589109768851,-0.04268990973259569,-0.016823863532830115
-0.016380118243969434,0.024209469246798492,-0.09237356277350352
-0.021770964394556773,-0.07850172016630916,-0.08677113774930453
-0.04783227049824314,-0.06495896893172304,0.05440223104547563
-0.04052232032339054,-0.003120993127319397,-0.06767959784184098
-0.0350663367529114,0.06443588625845983,-0.08746102006866438
-0.05959627034923093,-0.06271950604358012,-0.014613387438383977
0.009203330448933913,-0.022956154617191252,-0.07292752167525345
-0.006504479156760334,0.08377631956617604,-0.015988639050415546
-0.017418812500638575,0.1112822356316716,-0.03619338935741648
-0.10443409501186433,0.0026715554195005514,-0.00737180106274451
-0.07434506493203369,-0.061944600047238105,-0.05529240848040934
-0.005952110600175066,0.05870490157330333,0.07156541400249322
0.00891394182759411,0.03174518856511048,0.06312710128576696
-0.00600759825886177,-0.07183164884042599,-0.027185138125663824
0.004898053385064188,-0.07534971806614552,-0.04345423475710679
-0.02905950323040509,-0.049272231006607506,0.020215654169462947
-0.09288177419674891,-0.014194238471869673,0.0008274348931223349
0.019354324565855882,0.02152113390145379,0.05836979724113522
-0.05128806343646888,-0.03576061207964913,-0.004147288025593927
-0.046842908353477306,-0.021020976072983633,-0.0104291276332509
0.03280454608373773,-0.11655989795212018,0.01948127105425899
-8.291215914048994e-05,-0.056893791586311984,-0.009451025550552558
0.00392295592763011,0.01450764163568315,-0.05251809448872412
-0.09347682951998182,-0.0648099069917074,0.05126172615642516
-0.018881978851425663,-0.07348065161462053,0.03321865970965456
-0.004493703133197014,0.020121311358208622,0.0018100315955167506
-0.02882720359101936,0.02013394894739861,0.09698287917073031
-0.02662576434507702,0.07521902704195613,0.046417186781034625
-0.01979870480731816,-0.0065801636046370765,-0.005532562395103203
0.025214244852013713,-0.10446947695243139,0.06408984629267189
0.0024486626876553536,-0.033772712304511315,-0.03672391251651093
-0.016048425904035758,-0.03836115284605972,-0.11358529639969615
-0.047721581937126736,-0.006077254946783062,-0.007755683621809718
-0.06777893658986592,0.03644568482508653,-0.05788538583062423
-0.10493843760684379,-0.007865617766817688,-0.003555831452994507
-0.03467903429231481,-0.06417221741332936,0.03904074208409936
-0.03388359071368087,-0.0801988096670544,-0.04255308885670958
-0.030536136331764864,-0.12376285082891342,-0.0026822951705680886
-0.11503306035839898,-0.045169101193089506,0.05181926615474031
0.005794966663282608,-0.0730722682654023,-0.033204105203485344
0.03022387741521681,-0.03534800539243066,0.017073374013372465
0.0029065258447489913,-0.03810097923477015,0.000687715884516658
0.02417585747573358,-0.022708674454234055,-0.13249096610274252
-0.04422703516861954,0.05002589440265088,0.07226810165600639
-0.03057652089628917,-0.0001465516964202964,-0.06302915977993674
-0.003643726071712851,-0.06150536595239691,0.011671512146316374
-0.009034308813228155,0.006399524021762479,-0.05803723782249849
-0.009885043315801551,-0.02193101629036573,-0.028651917835081225
0.03486495331753904,-0.08893309173007483,-0.020391166630211337
-0.098915412947594,-0.01630030433526162,0.01007856292054564
0.05538047342896143,-0.011161155029490163,-0.09365701103296672
-0.06205686136732298,-0.007631860835489717,-0.027721152478326665
-0.09221923597564517,0.038307112186834524,-0.0069409809218354745
-0.021590995307811965,-0.01004024958546834,-0.05173461740356459
-0.021984881092945406,-0.023215941795858577,-0.06230960006581262
0.030316837129897873,-0.07040460106973986,-0.035643685679213416
-0.08472369191866448,-0.049510328418889346,0.07475566376817108
0.06824482662420722,0.009387342828002503,-0.08412134890534331
-0.05199366002310013,0.011758303215602825,-0.03875357515734568
-0.12348191741724827,-0.03743100297044799,-0.030905370295190922
-0.0799284812819253,0.02614383530776941,-0.009711501288173188
-0.03801922460443528,-0.12006995151352082,0.0014788634681993772
0.007025662502555409,0.029719884494233597,-0.00901158897052785
0.011549887973436047,-0.014130382729081252,0.001538474811843776
0.022589003586664887,-0.013034122643283255,-0.010304066486241038
0.024931019755303492,-0.02815297437975521,0.01699883119717882
-0.015020793954252348,0.002068303357332992,0.03534489731296014
0.012032051332232657,0.06766521477372328,-0.05760457091468812
0.055306861501311075,-0.05360271720346753,-0.010145495674026797
-0.037171882715545085,-0.08303073299668155,-0.03515319521554697
-0.02954894465803631,-0.02298955696248028,-0.021490515444975388
0.048344282941852605,-0.10669157355682177,0.04208651257375025
-0.050098200003458715,0.034696209593987816,0.02493852908255291
-0.12555585787731882,0.059428071157164884,0.005826350836263978
-0.026015124056314683,-0.05288995069469355,-0.02063754182707206
-0.05830740982695833,-0.10237611286920044,-0.0937206729351066
-0.04281163040396315,0.000874982675581574,-0.08190140199915395
-0.04358553850117792,-0.05489310670302338,0.09452237489797237
0.002543172035623989,0.05703567732594936,0.036348996574845985
-0.07023633804116268,0.15017861029966872,0.0038765227920777067
-0.09019720864150559,0.06305689720221737,0.04950628775622279
0.0698982688355628,-0.016012772225819906,-0.03292017224608777
-0.021133211694016982,-0.016151149021378534,0.07990323904892455
0.017054435756921282,-0.06574471991286553,0.026416591592669278
0.047781800507498515,-0.0570651840957888,0.0746490288848473
-0.012288341504441667,0.03889027587611752,-0.032982889881411154
-0.010733170045245263,-0.03723345979119041,0.04587881879918458
0.08489413132124848,-0.009446988713905945,-0.006529129765593444
-0.001572195996339461,0.07167053952439878,0.020098738059300136
-0.029462541244640067,0.08023115927036994,0.009937698625794711
-0.004218036153434945,-0.00919403886128526,-0.026009838627585442
0.0021217668889396864,0.0178476064911207,-0.008607702191333224
0.014710155191140849,-0.0010694159625515458,-0.02917894030590007
0.10341922356427581,0.04096640829237182,-0.07491487550240732
0.08675369070283433,-0.05944362920429919,0.06583787863447071
-0.045073485125296874,-0.051651816333415944,-0.008720037067676522
0.07677304519584224,0.014097653939089868,0.04556790745487231
0.0645277650806178,0.028244892991474035,0.013554699345002186
-0.07547589474613968,0.09926626856312122,-0.00031873496349621287
0.012442744151464779,-0.014350159356719329,-0.039660386492461994
-0.12152704962992229,-0.0191234385602397,0.05929584075858674
-0.08992512226738542,0.018923201194751167,0.051597944658364155
-0.02347070465285321,0.04355287462223706,0.016678672122867028
0.040714112674798526,-0.06048047849547708,-0.011157753210215548
0.025977608210174093,0.00846416420073311,-0.07829262664124892
-0.03514776958617026,-0.10723674524336624,0.011244611230621676
-0.013868980571061947,0.0021778554149642646,0.02212712422244373
-0.029481282096912642,0.02458415562105313,-0.036497623378683196
0.028314290983477163,-0.007606227232255408,0.004241521955676317
-0.08617220712959921,0.08626152176815924,0.003489466003232894
0.021506000389150848,0.017724005942344436,-0.055485304562319794
0.045109610919782064,-0.011944328572025298,0.03751413880661094
-0.04097673180263304,0.0403841851884436,0.020789523138637602
0.015801446072422995,-0.04068329135459693,0.059230766723609496
0.018859746704739812,-0.041510808009846516,-0.019705334101116335
0.04462339598165812,-0.02196599998841595,0.008693700263738436
0.07243557097601148,0.07393183713960291,-0.07227831377863202
0.02906282341040832,0.00952188911994015,-0.030822802360856834
-0.0026356028112983288,-0.049989551266520584,0.08322475622107152
-0.018875862506392616,-0.08705164441661725,-0.05563246285861844
-0.04287412887546591,-0.05396314938693303,-0.002114144437324177
-0.03968253214316133,0.04625089982957692,4.510581796775791e-06
0.01591523677570446,-0.02812893328832656,0.018063016742419044
0.012695295691979695,0.005717858185089804,0.08503819598896681
-0.0920672300976044,0.031915116793078895,-0.03705649635749586
0.10595022534660828,0.0765587910534701,0.023265463604857758
0.01603176516549875,0.07353879857754596,0.051466162153073085
0.06693359817810705,-0.020626727150140738,0.0005221542799273525
0.03469002275754098,-0.06685868682134458,0.037569344209027127
-0.009089513330209015,0.007909647719362532,-0.0482933310126256
-0.0026344690964018157,0.027891686479935403,-0.0030553807722307116
0.02331938916186644,-0.0005646450430327934,0.08368707189231331
-0.007982028396541057,0.0808235100882342,-0.08594893969461258
0.04093254889624431,-0.00868742081463395,0.02908752902798542
0.05573319073176977,0.07336879174937701,0.0620417822549673
0.04821814375272969,0.015314195349586907,0.011807510782747789
-0.04334386754609371,0.005917530453812334,-0.012330401580841834
0.027344140729928322,-0.005411075776971986,-0.04235671764449635
0.0579703398603028,-0.06067167425192095,0.11047207091639145
0.06073884265231014,-0.0583858515778969,-0.03491287615506928
0.08278105922173815,0.052821456170765196,-0.025593818803898973
0.05014445944479483,0.03175045746992666,0.02391174108606413
0.06608042661924625,0.04921110191520988,0.053915414965478706
-0.02473996599503241,-0.0176021634968689,0.008461639804194223
-0.07137997274183681,-0.035549265736678784,-0.05432555659917941
0.0498408969549254,-0.06150223335143214,-0.030685770522187298
-0.06478535754759476,0.054874880447423086,-0.03742097476712973
0.09876391936434309,-0.03965926244216432,0.0180753978678769
-0.07889193919290384,-0.035962392094694325,0.012552972324628344
0.03713739464749064,0.03970894336199664,0.006966035808299149
0.054667935525450094,0.010520487385985003,0.12814163325491104
-0.01588749892989786,0.0016634438066633148,0.03328918003563002
0.12284377569948018,0.0794287267758585,0.0524258400055581
-0.10504241525536105,-0.005794547937247057,0.06458897554509119
0.07294855130370431,-0.038619630633339695,0.04259789245404938
-0.03414012731850429,0.03063096628977716,0.019126171328401265
0.02895261454966597,0.013643993652851703,0.041255943722661996
-0.09346031559245059,-0.027237642326881962,0.03489683582903477
-0.04443788534476506,-0.0010080770573351223,-0.0481193509124657
-0.025620806978155917,-0.019842808574278784,-0.04689574566664133
0.06396562941418073,0.058501011431657965,0.06149141915885582
0.06219131517578495,0.042338822919599284,0.020748415679738008
-0.0974579697530103,0.014593313315020631,0.022037053817010904
-0.02006251006536112,0.03017540450330173,0.09186321393912678
0.018134605731812713,0.027530310601396907,0.026996659543788167
0.050204149457800974,0.07907691899585806,0.07707986384316752
-0.02420645924938191,0.037838649889538035,0.02777236281094159
0.04100356299328299,0.07440623753665504,0.07413840212136191
0.09229501561488318,0.06247683712175256,0.01604435791316338
0.04192563202110992,0.01276886279072291,-0.011586014231061006
0.0011664064479038304,0.07839343337568593,0.07819942002019045
0.04697254763646211,0.01846537109817234,0.007679405795890814
0.07481728212627203,0.025313671712184273,-0.032990325388609285
0.03705621640487007,0.100605010022137,-0.023704282889737215
0.07872089201760898,0.10640906668883562,0.009543046097221201
0.010822641063537185,-0.0024260230419915554,0.06816102403254785
0.10417486436590107,0.04702135447241694,0.04524199191200283
0.008760933027193335,-0.09063711371688184,0.02443586840336024
0.0023350464097405647,-0.10627038448244791,0.09742511602057907
0.028140412275722816,-0.024942650985275313,0.014130753864431668
0.04453832026080883,0.08926298697324905,0.006176301649200607
-0.013888277980473013,0.10718617288267286,-0.02044248628005499
0.03597190387554426,-0.10425630952951047,-0.02900809440755754
-0.02430554064200288,0.050889751579243206,0.04557273755011078
0.0016800637238692483,0.008344494653787025,-0.02224895385656147
0.027132157845220446,0.09978568911386033,0.0048695709025410715
0.01053976780031794,0.031110268959760917,-0.030538590442605946
0.056827839849835235,0.07762333569543581,-0.01626834369895395
-0.02305736365551372,-0.05923168693519926,6.888697136505154e-05
0.030461198837538367,-0.05740396130631944,-0.017458873160647884
-0.0609554287741741,0.037668804985400824,0.01580331511258419
-0.014735734494128266,0.0544990059896111,-0.06329513007607553
0.04663371645305262,-0.010895254673549608,0.04592527384722564
0.008319263528792795,0.022406386790788782,-0.006979477252777727
0.06269615454052367,0.05242202058492875,0.018727715914579474
0.05145024601755989,-0.030908590223211147,0.007539332556251945
0.035697818846084986,0.03409029680384143,0.0029945438204608855
0.06719907467488609,-0.0009110425783946038,-0.060360774976127636
-0.08259652799736573,0.015890945620051822,0.018531491360734377
0.0498676513322488,0.09195003780113475,0.11584998649912179
-0.03400076515722686,-0.05826922942775353,0.06471475591394563
0.0061420371570151695,0.0505377350105391,0.029534036440767825
0.021945653779607686,0.05499526680250961,0.07588861678129448
-0.06481360063305491,0.010562888813719829,-0.0067685456227682406
0.017910587584184838,-0.04734481571870625,0.050137062934913455
0.03521342107290498,0.08922958783975023,0.020141715313862253
0.03849014901708626,0.05760875367171511,-0.028531346723853497
0.04267660431132743,0.04897126380948476,0.06800046764993248
0.005994362753038794,0.09989804343925604,0.04244705982897411
0.028216917107673926,-0.022362715568408853,0.10427729951537429
0.02074220955759592,-0.05247690441138391,-0.061846400763896435
0.08080999767815292,0.06454737317783088,0.022644468140795425
0.03332494796620035,-0.00465620097897531,0.07955193786956526
0.019290109029288353,-0.03400295758956777,0.02383966418883159
0.07575093380961805,-0.027831734543229892,0.09069661051596908
-0.08443434970044944,-0.03832098425812245,0.023313840700841353
-0.050944718651835225,-0.03318335522436025,0.11094314810808707
-0.004043124171363474,0.014010470339295242,-0.017697480237626288
0.0468903792995614,-0.00045329993373275507,0.0582596672582932
-0.031130196804856052,0.004186965913036094,0.007041100365374746
0.045800475701833876,0.11373394941132196,0.007739366369225275
-0.024506009643390746,-0.08530601726315468,0.03450277459378143
0.14559870860561622,0.03780227445850742,-0.003799048183216174
0.09449654391264588,0.08117221020173944,-0.046136964730433716
0.0403410997290769,0.014105241943653212,-0.10273339419764393
0.05753331779049588,0.06268518854288131,-0.013146996972628763
0.0751058121873422,-0.023021414994115374,0.13451085624071527
0.01944118780179778,-0.10663684575878885,0.05409135806700585
0.051558689884802805,0.10780811083479797,0.03921443716725237
0.07258824188330293,0.04697982745045799,0.032012083800758824
0.006707643472432103,0.08660779122711101,0.04582254862250856
0.04357477704480012,-0.049116499111540354,0.0027084584400273795
0.039404970644422097,0.06500799814100497,0.06948095103585974
-0.051473409581638874,0.04033578205428506,0.023638710571158152
0.06630629679872387,-0.06824389811565523,0.06381327897307425
0.025059630321255848,0.09032763185357522,-0.030939830806106603
0.07838475259477712,0.023405053190362783,-0.003915444427021155
0.01728610416451491,0.0774275470811766,-0.05869693364000924
0.054603127055406694,-0.05457296433871331,0.028363804079781254
-0.0245727545857707,-0.03028162613528709,-0.035760964604108436
0.043269782430854206,0.03114422725938222,0.12324983888209028
0.03791012890557439,-0.0465056854275102,-0.04803015605389099
-0.02407852466012211,-0.04658678818402619,-0.00729308290199383
-0.028244140672240813,0.0513526537953244,-0.03537766431265374
0.0008882745088357267,0.029008585280451964,-0.0030882480490815236
0.033706237236160445,0.020094976901917496,0.08553889516602511
0.0061555390839942575,0.023787426844136962,-0.03351354052566585
0.006655646536720036,0.0016884647639498016,0.03547692324632573
-0.011205570754603187,-0.009502400209034593,-0.05397241275626247
-0.08057393319563709,-0.08503392581214182,-0.04813127977601649
0.015610438979611261,-0.047508442111564,0.027475218876239355
-0.04034289090895219,0.0382360483995242,0.06837268104558963
0.005139320805792123,0.012508456624737686,0.03978718295073067
-0.02180075047832783,0.02082850402883439,0.011142452152325026
0.018388131383734817,0.09279980130574428,0.026268054295799297
0.05145352245146098,0.058691752001451006,0.01722770559093241
0.020376071543944885,0.06649475167861141,-0.009267286833226555
0.07044810783382308,0.021626747461549634,0.04037614797804299
0.027442557500647217,0.05575580882706335,0.012081524322221562
0.10713994076401251,-0.012278536486114856,0.08684266225662632
0.0496074855815927,-0.03277749790135863,0.029663634462910426
-0.021742136695411612,-0.09185814721511996,0.047966916151435925
0.08363297930166866,0.029580864911502587,-0.04985993939680902
-0.004077640440731136,-0.007604749131134519,-0.0012328960192545518
0.11550095906928932,-0.10518399230778502,0.018189147685270027
0.07307377085526061,0.07028172459258547,0.02897344138280198
0.024864208894662253,-0.014790335131888809,0.021761318230334552
0.007465207142152517,0.010649237524697446,-0.02489360413977468
0.03017548966910491,-0.045187338263429154,0.10212559922597132
-0.09858790930135432,-0.013409183042880114,0.024173277067125236
0.026670955805402984,-0.05503256115617883,0.04451592026034311
0.06237928806550248,0.07646055456981275,-0.026348366121530683
-0.07616796339315841,0.04707459885677334,0.07473788188056883
-0.007851235406721922,-0.023445181366806768,-0.03419825775839302
-0.015424616771907557,-0.029349132058634538,0.03358723122901437
-0.01961515843756612,0.01378052711950271,0.01925805461552555
-0.009254327181768638,-0.021304470207143506,-0.04472147475173263
0.05236138903731867,-0.05260455700587771,-0.047822494066741286
0.009144148564610767,-0.047761147972023764,0.0027652325464868313
0.0007439990119179835,0.015487805402227123,-0.04173454877589135
0.06968538690815371,-0.02954952368002308,0.03058758509609163
0.01591248663400721,0.043344573130932956,-0.011814284959837502
0.034785549219759945,-0.002252454917936955,0.028999871446105246
0.07552474110661858,-0.03241106011829376,0.01822871543146572
0.09840417056592131,-0.03357702665762739,-0.020325597499325103
-0.007985685075369623,-0.006607717791865573,0.06550932232581914
-0.09965085086882795,-0.007127983184883151,0.013046121048359692
-0.05013711348313837,-0.006494408009438709,0.05499482216847699
-0.08095135963131342,0.06329038845595455,-0.02711696030470625
0.012270281593731325,0.026962752859902055,0.02136347126081744
0.01066781518660141,0.07042164270158263,0.073000765022932
-0.012470972517038787,-0.14167135523020696,0.002058280559268637
-0.08892604155552343,-0.031154314925137254,-0.027290334933105224
-0.03191892040110146,0.055311617229464795,-0.05388152557061435
0.05113285080599271,-0.072213404666462,-0.027446279206138013
0.024446428400483545,0.01085466829665377,0.02993565547807985
0.03708138217402249,-0.045413320500593796,0.07329127543341582
-0.06147853380997813,-0.016250733883512936,0.02558383800243372
0.02489255551570008,0.046137700972135494,-0.053531994675028866
-0.014772466155198033,-0.09835331194499654,-0.0012548661687680055
0.004918214884417264,-0.0010262673654901733,0.02889082886602896
-0.05232373402202156,-0.05243766473960565,0.04866660054431791
-0.037094789425457415,0.03914380715076295,0.08336196343632624
-0.048859867690061766,-0.08493996112769371,-0.021646818995510585
-0.058317346920458334,0.014422805714726353,-0.09958295918012579
-0.03305909794820484,-0.04335733892250542,-0.03444393033444679
-0.03493832766495604,0.0692848293328106,-0.03900665927520913
0.04188497738685276,0.04423142982574839,-0.014468871444143874
-0.02088816211655847,-0.014614095598000174,0.01069465299848895
0.027375973263771194,-0.03153900640842436,-0.0628335910974659
0.16427778795543474,0.02998260273194656,-0.07675725575777506
0.003393768177034414,-0.0866649687931588,-0.015791452811749603
-0.03238464648730577,-0.08881452816631628,-0.08326012270503502
0.0052213237793059045,-0.030619837614588755,0.06083724745474654
-0.042715482319816415,0.11215226797624639,0.04286289333348801
0.0451664946911126,0.07339925322852485,-0.03296261011279819
0.06854316467048223,0.01249578247343958,0.048266966377724346
-0.040175364854597,0.007446049543383211,0.11274193173389144
0.021003188027018806,-0.041312569427075556,-0.04754353303665472
-0.052962120450704905,-0.08976133329772407,-0.026681843282639794
0.004321813597925913,-0.12211484923670851,-0.0010737922653151714
-0.04207654196430516,-0.06327506269437362,0.013415885438511303
0.02999624038926096,-0.11567487863721433,0.09100951261254898
-0.09597918125603853,0.043688782737674764,0.037144877694728885
0.0006332444221916148,0.005251138002998493,0.06734891748927169
-0.1038513155764261,-0.04613362587742415,0.07864351133907974
-0.05182698890324351,0.004651714241428403,-0.0014190462598212758
-0.025997976749094296,-0.060043577020187935,-0.03287031143858431
0.0016277411470833406,0.026399460597677213,-0.19567560636529832
0.10703045667737748,0.0017918447504642557,0.05081159612452932
-0.0033837671816432744,-0.006265380157858434,0.11951937471173661
0.05326183439951362,-0.03160583111373325,-0.10008426336927427
0.0005814545578933968,-0.07770868340283663,0.020842536142307383
-0.04670372554471669,0.001946898520768868,-0.015295110186577542
-0.001216093685147749,0.00948643645321209,0.009568987250132537
-0.01702605300505248,-0.032378984200679785,-0.12554642232985103
-0.07476119075686677,0.08260976223170727,0.014899735903632604
-0.02801384232299961,-0.014867854476654228,-0.06263534386110911
0.010752124284049215,0.08544700540573685,0.00746088395046122
-0.014594541783080194,0.10105578330653261,-0.09887491325272633
-0.05715866595628748,-0.04303287022692496,-0.0979361531792441
-0.10154683747611845,0.008773734024226362,0.027155454809719884
0.06342092261533488,0.08955692383526598,0.002463727409794907
-0.029656937782660108,-0.11504759069817752,-0.06238074179790506
0.005074973486170791,0.07547684706412153,-0.018949913435791204
-0.07259302384330381,0.035362848317928096,-0.0009210772235212494
-0.04488525685064005,-0.0219314553992772,-0.07840378453666395
0.01456399874096433,0.013277620847964078,0.0030397048328689863
-0.11951200060465518,-0.07908412259022728,-0.07178747585067541
0.03107509277659605,-0.020674989355558726,0.052771065939456456
-0.04377188671021327,0.03178625460825907,0.012840297181158979
-0.06441160548810633,0.02874395402913462,-0.0789749621394076
0.004176777462315319,-0.009601702680399934,0.04051596813043888
0.06618053292683722,0.00017511262472696618,-0.046941486452642386
0.0016966371192799687,-0.016129315559015887,0.05704947952816773
-0.08135105560110764,-0.004523950323467725,0.08496480283378358
-0.08487040587910759,0.0709908008497984,0.016721239149246264
0.011435668824061763,-0.027318492924837238,0.005504333528622639
-0.026242122955247034,-0.07470432560772072,0.035732245213474255
-0.012706295299880568,-0.02679654610294656,0.030176153903049143
0.036877838784016015,-0.027792470349348813,0.008668238606159118
0.07608520945521872,-0.08721776778200938,0.07247685019183998
0.03646772661373801,0.10049546609403737,0.056897955025399294
-0.08721922119797448,-0.01200744548352019,-0.05191087929714344
0.03817256474950932,-0.038767758934323424,0.0038159095598943454
0.012436180724116862,-0.022759837067726378,-0.022727260264083844
0.07499913117232061,-0.007894182040924338,-0.021291730116666394
0.027596305754207198,-0.0871743930176856,-0.010174392572817745
-0.014857015387865968,-0.06237592846388028,0.03475636389428392
0.04492314036705673,-0.016334136884114645,-0.0013859710829265473
-0.01814044440901778,-0.024509290784172872,-0.008497900997084626
-0.07586815694511144,0.11871138859533545,-0.01181405330975541
-0.08415752137406446,-0.03829314433021506,-0.07330313756473732
0.09480768133830941,0.005085126599946012,-0.021975202703772897
0.020162761850550735,-0.03252694344198132,-0.07345852905489472
-0.029953770094847225,-0.0016243344634431396,0.03219238555665342
0.07253946589080955,-0.021492290114597107,-0.08348412664728962
-0.005991044683421126,-0.06176431256580918,-0.03686522005596397
0.04853061804361607,0.004491439387235865,-0.04276925308372047
-0.025956939871079023,-0.005552492853946756,0.031367232654512106
0.04059111962522364,-0.010240461915193587,-0.06436185511133333
-0.001493049587193141,-0.06109956688449135,0.020290195947766806
0.02644131350170553,-0.10781791125267182,-0.08138811955129896
0.07724822719638516,0.08440097239766856,-0.026225533778450015
-0.09405587912576018,-0.05006508472748997,0.004994950537600858
-0.03474433609671021,0.039924358160838086,-0.013570165230855429
-0.00013743291092699686,-0.04178238811126063,0.036230366707362835
-0.020081665117779854,0.04917100274784854,-0.0020911594824785835
-0.03815009606285227,0.047231485754780506,-0.05479179234378981
-0.061800153615295866,-0.016769170294098447,0.0019506109951199571
0.028542703075933137,-0.13325357412297906,-0.10664247132147298
0.026534331208044076,0.08465701642413216,-0.04553719394947609
-0.015601924951636884,0.0031587475881548026,-0.0414248146731051
-0.04969751565260831,-0.026004630189078542,-0.042259983629844136
-0.00653344409366634,-0.008864802965924283,-0.04552494068216794
-0.054685372251989724,-0.03307628413977514,0.018820972232558388
0.005366910541792308,0.0376333953851177,-0.027660735915844562
-0.05886949630299138,0.02373098933937904,-0.1133436808637267
-0.0019583723063325738,-0.03896933777458808,0.058404258119207755
0.05446509198460745,-0.006863693958342085,-0.06375766633506698
-0.060244790746192003,0.0289248903253935,-0.11131217403346061
0.009277125436745751,-0.11916576517163883,0.0832323299583516
-0.03965937823435639,-0.06116423090320862,0.03339903005837548
-0.037109192425963784,-0.0064514639537836226,-0.04509565202392454
0.01751448718688077,-0.010266777743420028,0.009558716628985914
0.006913217363784006,-0.13381851507837447,-0.08729330033174151
-0.052130924603686,-0.004019644775195678,-0.10318438667428098
-0.0030745846259958506,0.033782966220850585,0.07139556796742641
0.03416588701885049,-0.043287439345961666,0.0015585385321048861
0.0404543190144406,0.037628122761074835,-0.05441681668207387
-0.029181553534885035,-0.002717207694925016,-0.04297627387026112
-0.05205033168683694,-0.012142456631550445,-0.010879456159519388
-0.01245552063897722,0.07670585341481648,-0.11356244168132751
0.015867906342195863,-0.09908692766000177,-0.12096195157672597
-0.009811082125771633,0.03130869106853886,-0.1406548806439232
-0.060878353826343004,-0.032973315723285344,-0.07807958273234511
-0.10755365568010526,-0.14719895838763264,0.046522276189388645
-0.042752394558332005,-0.024321044915024726,-0.05179992466769981
-0.0633468922901519,-0.025038367223961473,0.018104720566996548
0.0015657465722757648,-0.11335791383914841,-0.002225229080777484
0.030248147639713275,-0.014150860196953639,0.014379237480150301
-0.013834045057116424,-0.03109080369348247,-0.0546398299678167
-0.0324157856754237,-0.020236369828843866,0.014394065227022225
0.07105610945654066,-0.034276037359280365,-0.056068613133501095
-0.04026382906372091,-0.02789687083881074,0.021425514504657038
0.02521317474224477,0.08148350668069125,0.051929999630037124
-0.03673511933092263,-0.02166550263246259,-0.01181391737823001
-0.03797126035003883,0.011912272142516875,-0.06405190266880428
-0.10830282052838305,-0.004855058031514562,-0.007435143447477869
-0.0640678228281412,-0.030908616686488526,0.04579971026575372
-0.00263116166174311,0.030258037830072415,-0.008121161545415225
-0.005045821226278339,-0.0613419040115393,-0.05288996291458814
-0.10997388314633302,-0.0379190144515504,-0.009130848445960594
-0.031379828886492774,-0.037521415472276914,-0.06733966274684666
-0.03176421392872141,-0.12124883125331865,-0.030337770762682487
-0.11813440862919622,-0.012673075046988998,0.0029343201365658114
0.03363501161742341,-0.017421725091355034,0.011835248163013911
0.0041500669571934296,0.023666668966591108,0.023123848983249595
-0.038459815576934606,-0.03153354659528432,0.06616051488813368
-0.00637827451397012,-0.00037648566690683116,-0.10915000469877582
-0.004686274292321515,0.001968132340209594,0.06586097390253082
0.07017393285773801,-0.04086841848664457,0.05753922164059597
-0.0351596964191246,-0.028048201719491045,0.07031787618994031
-0.04272073604206654,-0.048894298817716696,-0.022394340974555657
-0.05791557802412234,0.053845773600332394,0.03763211326634451
-0.028704698698234124,0.09630612923336766,-0.02014964525784491
-0.015576806726710237,-0.06716216531122313,0.07966225335155952
0.03493138492155835,-0.1081263784379209,-0.10305489155660161
-0.026343651835430575,0.0030568194587294803,-0.03734488884338254
-0.08629949100745662,-0.035589535240753575,-0.03716699036567796
0.05361501561973822,-0.062338127273977875,0.05145754562197992
-0.030931239559873952,-0.015684748146591824,-0.0019447862433532876
0.01406070894706363,0.07005756052528395,0.010395237911057831
-0.07728573825412643,-0.0050705801144354905,-0.014070690970913352
0.04152862806994427,-0.024375865436443933,-0.12055293698622949
-0.03141963619359412,-0.05116279621879037,-0.050833545617059994
-0.02948938941255143,0.0232495832340291,-0.030458656359601877
-0.1112610721796424,0.03449731584895357,0.020735455244468994
-0.02557222011898252,0.024610689625064262,-0.07642356761851761
-0.13936884159315469,-0.0037987590409594733,0.04064442496224652
0.005982015473381343,-0.07203109581682506,-0.016893911412835416
-0.07949964102198119,0.0026637662162764964,-0.024755827555898488
-0.04078266028558651,0.04332512582745506,-0.09391346305769095
-0.05956002659352978,-0.010868518446969027,-0.09809742562900521
0.07463737610738963,-0.00987869833532469,-0.000227280007434048
0.07961047335961045,-0.09351073131804621,-0.04117220252998209
0.024277111636293165,-0.003726540003506568,0.0492189391324359
0.07239841088428958,-0.01742281034300499,0.0779896066600189
-0.0120778978393316,0.002227477434311672,0.020843472148499777
-0.07278771189564892,-0.05381193598831759,0.03208135614218491
0.07118433741438557,0.00238282124753777,-0.11671408171974795
0.019302181691961587,0.041966554952911274,0.06488141285221063
0.000654541638250199,-0.0024496347202762735,-0.05905584915569515
-0.06163972436111059,0.003307193572222455,-0.08038897028663854
-0.0020967780726009848,-0.02141750722021888,0.008806586047754313
-0.0662080002692886,0.002982528362028309,-0.10024749006714939
-0.022760580208547376,-0.016196328460611358,-0.0017061626455782625
0.03670368389638081,-0.02375873253571644,-0.0317959682291571
0.014282196033718218,-0.005217766082764008,-0.01869152046553165
-0.12751491773591234,-0.053212869694296436,-0.009652109107670385
0.006725166586675896,-0.004107945024362959,-0.07450018004516018
0.007881755402606487,0.0481409215233985,0.06428272411372979
-0.03468923202557117,-0.009575720082425949,0.0048317567228447515
0.1019639669645647,-0.05090635362868401,0.04821774822434082
0.045937596775363645,0.004983965378478462,-0.12632975597551677
0.05577918882347629,-0.051941098879382974,-0.02543848950691665
-0.07027185391882977,0.039716883154062944,-0.024780642371426638
0.05175725151920098,0.02884533297723861,-0.039488329505548966
0.0489749436436792,0.018878928810981892,0.0722998483339345
0.055712339166513754,-0.01566977219600988,-0.03537894741412086
0.12551372038880815,-0.08075738002306715,-0.0989953563574852
0.0794088600391431,-0.10147380828076755,-0.014154643981213898
0.021115987207308014,0.01993063322223309,-0.06931260672771127
-0.03827872065496899,-0.05446271485114587,-0.04578676365936272
0.02270980255990437,-0.0776533807065985,-0.022869545060737816
0.007514650640644409,0.053013135772587046,-0.02985905581275682
0.04081271434309293,0.00853415122303918,-0.050724247550022375
-0.05259619415693419,-0.035120996833790594,-0.08110828561630012
-0.016629599244333243,-0.04800357871681462,-0.003378103715384272
0.02001939101070437,0.051739425513702524,-0.008025891914750878
0.016690431513738977,-0.08660860819338072,-0.09806915144869202
-0.06302357102593191,-0.04561005279864869,0.04112801486285293
0.03542949577875971,0.041042618945293985,0.004243856852831334
0.0034231048970880494,0.019429169245309883,0.046735235673647756
-0.04474435774737362,-0.02681608126958256,0.019364763830540248
0.12061628230667899,-0.04108135908438601,0.03193446560275488
-0.043622246305182716,-0.016385255232956572,-0.030710323387202212
-0.1293320243918982,0.044965116730545436,-0.039869558604097986
0.02618837418001588,-0.06934547513077031,0.025099336575069107
0.00413533184476337,0.018811541819303987,-0.0073914577566895675
0.0015227090443301777,-0.040968975961266536,0.061887479145620455
0.06986710527086544,-0.020499875960092697,-0.006782311072098025
-0.026192115365265244,0.011231981240282329,-0.05129706158304914
0.07647590896498778,0.01802919281329136,-0.009985683177802105
-0.03221129720569474,0.03546681905974233,-0.013867965653016318
-0.07479360272589479,0.05178990026303969,0.002331494249225654
0.008195407388140868,0.029091278300028698,-0.039712902944697745
-0.05443809656145246,0.036000608574076956,0.013084380217289984
0.07198869876369617,0.041319223329285025,-0.037945650951869477
-0.0459861894012394,-0.03609693528394205,0.062404990591688074
0.04095751875227527,0.03512771095464526,0.016160310703747738
0.03132779286806638,-0.05321842331262081,-0.008523676595060956
-0.006777720988030436,-0.04025711348782348,0.0014068652190019565
0.053639013256249854,0.02217053634525912,0.01886020972289092
0.014011503194494724,-0.013414305195383319,0.01910815399379736
-0.002710520643697546,0.05902245765934208,0.07441918687629918
-0.03394356533371653,-0.03413153539572878,-0.05015549275263753
-0.0657592109647781,0.0691398009166051,0.0038015319625026977
-0.0719980823235044,0.017491812846001036,-0.00620522130964401
0.09437733841497754,0.059657034882160405,0.056238823571658145
-0.037290202874017735,0.0329723823321533,0.044929091114681144
0.009731219173229956,-0.058538682947248795,0.030755306944370432
0.058652776693460265,0.0392543279057256,-0.0320042818461835
0.08175829741305797,-0.024607186689834883,-0.07277717454277874
0.0028655985788864913,0.06692099006679902,-0.005876273417957734
-0.033398902993187804,-0.02027642400707247,0.1381963266934203
0.021498079772601913,0.013590486091064663,-0.02506340364091914
-0.05791709770961275,-0.00579691615020771,0.048128237469376424
-0.05578293126207899,-0.0151413930887873,-0.04576379485753093
-0.11788318398876821,0.032447343852590765,-0.044368200962418974
0.030683287724121856,0.004905081671460784,-0.003884676433925408
0.06692305905319322,-0.03238175067288464,-0.02996076775973587
0.037716146910001,-0.023222928103675995,0.06326159357918465
0.0065567703235049485,0.04320793763763329,0.01888082589414381
0.08669025787411855,0.03317847920049822,0.021998239605369105
0.02522084347934369,-0.020038286805659958,-0.007108412663376832
-0.020348896609909642,0.032672021157053345,-0.10191764293258077
0.07239135497515363,0.1307768089292335,9.37239710055264e-06
0.06485121436640995,0.030101244803578706,0.05939309549936394
0.01703340964147233,0.04926500386545933,0.002909513428660601
0.03624056472098871,-0.024029272938038658,-0.05476367448208488
0.0074195948003521785,0.060552280190027834,0.08069396531951006
-0.017128682224654107,0.057656192696854826,0.10212621870570454
-0.0009192288041069592,-0.054658201236097104,-0.013581713139409257
-0.003770961724613126,0.07053599148224479,0.07245657754103849
0.04364817498720675,-0.009325830235061313,0.09381887085709288
0.014541294925075169,0.04538159884977078,-0.028026797630384934
0.0824779543842213,0.02442867385355865,-0.003076808284339542
0.030223089799763896,0.005111455510984355,0.028393960067511187
0.003074334299716878,0.04268590573887711,0.05431748246300269
0.044032587884355656,-0.024547138484051684,0.05658215844461918
-0.06385201651207517,-0.026534398117282657,-0.05502472306175826
0.10299799582218624,0.02761031720322419,0.05968615675036787
0.011958800510146868,0.01128484695338694,-0.00014716328737880008
0.05718124028020659,0.08015985527932332,0.04522271243710968
-0.02066574286548595,-0.024592637591831775,-0.03244575367486824
-0.02688181018535281,0.03232589535905561,-0.034220074308075284
0.014259649449384626,0.05123430114281356,0.08937118398987738
0.036511814837337585,0.0141348758460791,0.07491164854800104
-0.011471422758435618,0.02270506150230605,-0.04425612357499932
0.013991134587144863,0.10150644799818309,0.0990723429554774
-0.02185769902190629,0.09785599156810137,0.06872351116476969
0.026240508632086865,0.008253157384090881,0.023069493212868324
-0.008204669103548806,0.04307725960015919,-0.07629016116970264
0.009079760381323057,0.03184109044611201,0.06571834094123521
0.027268188973481662,-0.0630914917998296,0.03169483787748247
-0.06342396782725865,0.03140324984446721,-0.01156867697866346
0.007553209671429414,-0.050374426841291564,0.06334875528082878
0.06969701852933353,-0.06934455726498458,0.09477577087285495
0.013322319309761063,-0.016752986608392986,-0.002145312695573817
-0.0506124444139235,0.025556388570070105,0.040916786386635144
0.09678874421653369,-0.0604524393127574,0.021711173247662145
-0.04244945979754389,-0.06721714662405787,-0.04295165797577884
0.024726462330908867,0.13133426473449195,-0.07951554387758164
-0.004764732107228498,-0.04412809196130109,-0.06010064116141044
-0.017854616100059516,-0.09493646935807319,-0.030734261515961255
0.045309466625396394,-0.10120093345949974,0.022123788268765057
0.10467016259655625,0.04957953271640733,0.08312664057483454
-0.013353341328196891,-0.10014534439202005,-0.016627303197884254
0.09314651199345746,0.035142000954948474,-0.02397803735149911
-0.056879224919724324,0.05511329881698164,0.030327092667679974
-0.08630444374545101,0.013045001456196977,0.03251590548465927
0.06767415246763436,-0.008296880255185705,0.14073135820864904
0.055519902561098324,0.06826348537536672,0.10171273107823607
0.013425440355572523,0.0356144575034677,0.033905916855122134
0.03729255360087743,0.06877360660729846,-0.04180407500591998
0.09317909323626054,-0.03130613554605001,0.001805856155421632
0.10516776080381557,-0.07268784990111254,0.04392864086937759
0.05056661353844641,0.04166318044144614,0.05911945470175936
-0.02103293388838541,-0.026250035804827494,0.1296835607477555
0.061907079074052185,0.002682254824090541,0.012903710670763131
0.08283961273914608,0.04266059638158452,0.04298703205040827
-0.004042910950706129,-0.05830605279944169,-0.054343984276044754
0.08214701634947771,-0.08039230572711403,0.006238677902807032
0.0022712728990091115,-0.002590316068913554,0.06743012575338397
0.06763511917727325,-0.04320625370593968,0.05856311282393514
-0.013994037162038751,-0.04404181486424872,-0.004309217615970615
0.055662632096970255,0.03669661736324958,0.06754525347385089
-0.05191979999934349,0.013911741049557436,0.007848908236597514
0.08112518333663447,0.09005842202061955,0.026905034301294987
0.0032224320094895002,0.07624253795253719,0.05775853154411051
0.04960167728951738,-0.010526283873594864,0.04856993730279478
0.07888027770746725,-0.03352750168309179,0.07520834723691355
0.07112763987001039,0.021866713815766166,0.030018874221769402
0.028277799587372872,0.06363938510641773,0.01374081052303054
-0.1090263333289333,0.07262605097815455,0.06547113261925562
0.05187770782872847,0.031140931534190737,0.023615667776637664
0.07806867585714962,-0.006707953100141877,0.011515210918748915
-0.019632356337636495,-0.002026842322902695,0.07355233755778459
0.039049800165838824,0.044628602294672096,0.06034964541412384
-0.025737538827646365,-0.05597335202192814,-0.0005077906695815128
0.12174462321938767,0.024659041766195613,0.04279473191214888
0.03700781467957887,0.061794287773928216,0.014413563693853885
0.08327667967163095,0.023722513116160825,0.00725288774548357
0.08952707892708932,0.10981597274590708,-0.021816477809306952
0.08290176718420082,0.0011390200555415307,-0.022004309924240933
0.04161020960590524,-0.02172769196204747,0.06919585053568807
-0.03812170300010913,0.07190060560480886,-0.00963713697467481
-0.005837545766655867,-0.00014239377861060415,-0.05279285884937031
0.12403535117610906,0.02991302742033302,-0.054525635851323924
0.10754338455296039,0.0825352134155567,0.039733440903198886
0.003645962344254277,0.08961018880853375,-0.010080365993622206
0.04177219402683633,0.0853222186386044,0.06457138398876494
0.022493228355159964,0.03115451231444514,0.03408372379999608
-0.022342354949113442,0.03891618270179621,-0.03355534162707318
0.017943560331791123,-0.08970865540172407,0.057444070477257754
0.018379918964562297,-0.026842674797436628,-0.021183057811606197
0.006940431914026985,0.0779875108081827,0.038345623278113396
0.035083207685720375,0.02221889946256752,-0.023814432791037187
-0.050727878169351495,-0.00018819094267049502,0.06953923665816322
0.0373732843802375,0.06437301737255056,-0.020180018838571928
0.06886645371538394,0.01417948141135729,0.022281542339140176
0.14649572557700047,0.0006898853929912727,-0.058347118726182944
0.02361930224058122,0.01539651763674969,0.09527362262168208
0.03644879634094267,0.06744872396367227,-0.0033321777957708767
0.0331149262746075,-0.012995072273119952,0.007423241709303889
0.07437001459125203,0.09569632733020117,0.059451225503408554
0.03170553543681617,-0.10113941388207838,0.08704047939485308
-0.052316068778867415,-0.012584181734718725,0.0006617107129451138
-0.09236318335745729,-0.08380114490091728,0.010102520853302764
-0.0252328188740445,0.011412799228622551,-0.015852684882766435
-0.022694443733975455,-0.047311467378827604,0.0978116910677238
0.07218468678965885,0.06725109391416026,0.00491283192415666
0.05878504220625402,0.02179967551184398,0.023587022701449866
0.04231868440007312,0.0326422832861807,0.01096640955013358
-0.008269543517049602,0.02462313020068358,0.018969086312807082
0.027991948517976345,-0.011849642474794411,-0.02050900502744491
-0.024269035832818954,0.009653861626268582,-0.02435307717734545
0.11841231876594863,0.05773343986991437,0.08458770990399259
0.006011655236813553,0.11614403862645374,0.07176393543424835
-0.03123141394704986,-0.019257593109272983,0.06520129418303162
-0.0026971698863542427,-0.06774381849419948,-0.054013981323899875
0.058010343866381854,0.008805280457310279,-0.022575080542215922
-0.02979643175279597,-0.03177139858219921,-0.02743573645558662
0.04924360202553786,0.0075924750086930615,-0.06980999035913002
-0.014955815594804169,-0.03212783514042675,-0.007882123993392384
0.02359589586222534,0.03477057232330538,-0.005407711824884252
-0.047726861936259336,0.10100896033030658,0.05275850570226133
0.013296102004737794,0.06570646690660326,0.07417961254239602
0.03348290582328127,-0.028049787515194085,-0.06576253954634079
0.058761553056507265,0.052155391945290556,0.03924382827650512
0.06729522268191403,0.05560313533808562,-0.068035667812104
-0.022852887755523583,-0.011517388539201165,-0.01347762596603864
0.06117622923081335,0.017253939523464677,-0.10781631442070926
0.032931861178428896,0.022660310736275967,0.06473280136802077
0.018583220151212658,0.00603806343209162,0.10317231744726614
0.00990339406586059,0.08141843078855589,-0.05555022414879081
0.0024016064856779056,-0.06634719399090334,-0.012424432078395027
-0.00708904862586279,-0.014967784175692979,-0.007376439329728338
0.018744349878517887,0.04278694584554503,0.05357531908111557
-0.019704974656280003,-0.09882421345427574,-0.038555280160448506
0.039222140989351326,-0.02216083335892705,0.05733315209418974
-0.012685319979956474,-0.011297568890661976,0.005578437648415754
0.005577746874232067,-0.019468742367641234,0.041852097282512844
-0.019719484402157147,0.001409150445183245,-0.005748121566432817
0.05296712044985235,-0.09361114853788946,0.0868414667716268
-0.028280840775365655,-0.021290183644313256,0.030070112015101635
-0.0446023349631098,0.09514952438694747,-0.02997046766227928
0.05183806001368917,-0.014354845471428318,-0.0068532946195488794
-0.05242071294505038,-0.01117846979941753,-0.02010741320605361
0.06235325423029753,0.038406470846317986,0.03149226441760145
0.04233365104660898,-0.01394439851873245,0.03904959722493275
-0.01245523471802212,-0.042197120691576065,0.02119333216003798
-0.0032864012669456795,-0.0013992752666963275,-0.05855841102064897
0.008350438153806728,-0.025938786431855404,0.05695047353727554
-0.005876869206865536,0.0810408004531813,0.04060436560651294
-0.01525133501514166,-0.014326473135652672,-0.041813002637626696
-0.005939572097735513,-0.02859248600919743,0.022252771255960455
0.053111599300510993,0.02149168925667365,-0.043757902817936525
-0.026013369609498217,-0.0213258253496363,-0.036545522231250634
0.006926002061782157,-0.005682481810294074,-0.01437171187486018
-0.02674508490225405,-0.019430442944636285,0.043174450800638614
-0.029147848622796985,-0.05363422831583104,0.03996833967336008
-0.1220397410639846,0.020773747808920207,-0.03816356999037761
-0.030151070823848273,-0.020258015213936904,-0.04040067635530051
0.059445230770931695,0.033128261531294986,-0.1069109927864686
-0.03802686742521784,-0.10400005316986084,-0.09298893657971574
-0.08915001376590555,-0.023979810116953274,-0.03196702383391303
-0.03525510086731619,-0.011380474076670803,-0.010257048441619544
0.006949926213078225,-0.08774770843661808,-0.04164876145989738
0.07628434913616614,-0.04414716120006754,-0.03067694531241161
-0.049683265268177686,0.022457812132718562,0.05179123856399341
0.016127793162777956,-0.06795522438475451,-0.01760604604161468
0.06624073857519831,0.01722762168033838,0.015456450240971094
-0.07485705324225254,-0.02218182015766474,0.013315387284471838
-0.07245829417846603,0.04005917810893912,0.008884531629904466
0.045550373481139626,-0.011036469429486863,0.057333801914305774
-0.10157410832071954,-0.022903736962869257,0.03214804689428425
0.009474955357726947,-0.01475964138608193,-0.0684057253951499
-0.04422847184533666,0.00914445084007751,-0.06114463449104414
-0.016700308142898006,-0.08073816792845974,-0.12795119145050585
-0.11995738652239324,0.04743020541974698,0.002307147500887944
-0.04016363556716745,0.007392290256212826,0.028718794268282638
-0.04026174571626442,0.07596051842899268,0.06021817722988887
-0.0064343851728285795,0.046829184976326994,-0.007494484691971823
-0.012331513768141332,-0.08967658302875677,-0.10050102798760997
-0.0005686389899023335,-0.013814017081733986,0.006905930528344522
-0.13154353236265373,0.010179771016590934,0.030156640443674537
0.042709162650501245,-0.03876863859163406,-0.044617187003147686
-0.06468179681143385,0.031633519330038024,-0.06044041823733915
0.0024983974157594697,0.043088297447365406,-0.09134017246364196
-0.09306287547159098,-0.04461526523937879,-0.057618638370252495
-0.06468457602978347,0.021406833264792507,-0.06556643866963154
-0.007061287898659685,-0.024291792424288527,0.05473448433585003
-0.018366504295867916,0.027896216073601366,-0.09195674895074211
0.01203424033223905,0.11541948793605222,-0.022321820391706063
-0.12046640339290515,-0.0648268459249425,-0.024186742700446545
0.0928558219775378,0.06975789564603492,-0.09187045751279618
-0.03201349226679604,-0.03472651502751901,0.006954089453829861
-0.04046773788646078,0.02844392536346882,0.027860435085236758
0.004552127733940321,-0.0540409499623731,-0.03752956680982561
0.035908943861653865,0.04716822333780145,0.019824064596129336
0.006870234112963542,-0.005682521293722551,0.01337813005975178
-0.07751509696483196,-0.03346735259930628,-0.006159692007352797
-0.023511488030430704,-0.0056872773477631075,-0.1257269422123852
-0.07622503510271361,-0.06395839404913682,0.02226484989028861
-0.03206224522853835,-0.03299972376644351,-0.06908152801243006
0.09651189161189111,-0.03502588666805994,-0.09953313468102878
-0.045183886203385995,-0.024924784432824768,0.01072510236647079
-0.16451205884240253,-0.04803298385896626,-0.04586886973942579
-0.005010561140195394,-0.04323466905967342,0.09363280400519043
-0.004778560076043204,-0.034113712938120475,-0.0484424235011504
-0.007295549942119133,-0.08199037615754816,0.011231654897077425
0.01318477570617583,0.008428233876601505,-0.010662322238015094
-0.0706975899201886,-0.027104840115736148,0.0887537188617659
0.01930067954233726,-0.06842041636862863,-0.04039988225921799
0.00029369061523265225,-0.077454491543065,-0.009779671151077451
-0.01477082418218649,-0.004251776897878368,0.049897954298840246
-0.0025265957110723204,0.038195206752406466,0.014361292309639898
-0.08134948228529393,-0.0652274073563717,0.0026707107368211212
-0.07066052261196745,-0.008380138920015047,0.02492966415590573
-0.020046221094311967,0.00686046142801211,0.024032771694773344
0.0024162190852330227,-0.0803550515565263,0.05512234369971371
0.02605135309063541,0.0022164195337388004,-0.05316583837048233
0.006701225081060819,-0.049283490186213745,0.002538431547955893
0.02559018835266254,-0.0020320583280490963,0.01440374163198473
-0.03479320387650946,-0.035493451097775824,0.02055719135790511
0.038056811586362094,-0.04481583146843723,-0.030606635508976222
-0.02730863452232661,0.009286869239864166,-0.003008210329781054
-0.05562010050202203,-0.020038066516806757,-0.02405923358533731
0.00283048187366422,0.03206689697029522,-0.09056732655035012
0.05407988988114131,0.052894688303439456,-0.028666834756491143
0.0618080756002058,-0.01360978556981849,0.028098912447552714
0.03643253453411005,0.0004612154529681188,-0.0009784878016474916
-0.051464588314823166,-0.0230452633199919,-0.017235492810055777
0.005080727763078888,-0.0028375754504542453,-0.08823842143196965
0.012745239585461091,-0.01007885683420061,-0.04033628059444054
-0.08957915254656078,0.02076924595747667,-0.03281142732371488
-0.12230164424558827,0.025238129835495848,-0.0317574616408327
-0.06291970312368002,-0.024210834429823924,0.012022518516226922
0.11514308281150439,-0.10530197438584334,-0.09653171202308995
-0.10476947018517928,-0.008173397153601623,0.0016682124028887073
-0.074091190734732,-0.08379325522179307,-0.04301574649362668
0.008822998636759553,-0.04968148758333092,0.013539891312795097
-0.005701617224076871,-0.09056863604577738,-0.01927738188694072
-0.01219449180052827,0.016181510258254452,-0.06334961705904144
-0.04368292446742118,-0.01906630961763908,-0.047818592290680334
-0.0273900646533121,-0.018864003871724794,-0.06001311615540916
-0.0563871607855235,-0.015849495794838638,-0.12722087048893269
-0.08004240908433731,0.1506102541383551,-0.1417582919110651
-0.006403137500069111,-0.08620602904187484,0.06211590422352724
-0.01776815626107229,-0.04747134578058679,-0.0817977096972545
-0.023004131645341222,-0.05824031216555952,-0.12404839448056326
-0.03637071170870343,-0.0443841868596508,0.07093609840887125
-0.03238999115768647,-0.04783955402278185,-0.07563611676158696
-0.06976368409228827,-0.031353146969113184,-0.05728338769761218
0.049730479002843914,0.015700794678602987,-0.02343419107619297
-0.010433279925575141,-0.026105391019412404,0.055116042314665555
-0.04357103998550085,0.08866091662542687,-0.00205495459904452
-0.042506188080996564,-0.06855630744148639,-0.12027104381745607
0.04580174833188343,-0.06370443573656923,-0.03504690545810092
0.03289715268848474,-0.008541923908233749,-0.06181635779997029
-0.05850941702162629,-0.10696196330346953,-0.0012882721511618574
-0.07157479954467263,-0.005493886327620649,-0.03943156198705043
-0.053554354025390855,-0.029497158147266965,0.028709491733204792
-0.00680898910387194,-0.005234228512087907,0.0375575733647274
-0.015376739531111388,-0.037010222063402196,-0.04033428636281526
-0.04613762802047816,0.0385517523450761,0.038287881255071154
-0.10135333185517528,-0.11369598681786372,-0.03611236215028639
-0.08889397340631065,-0.0652836729621807,0.044355666938848015
-0.001457626699365791,-0.02096260878587492,0.07516767865343146
-0.09214918601484501,0.015755350818473124,-0.03173291799001684
-0.02344021488713257,-0.00977582759427041,-0.009254591797970346
0.046221356185125934,-0.05669896682854213,0.023992324862778115
-0.04699618686390191,0.0385940993479882,-0.0044628714032561995
0.0005113246508263482,-0.07025832179847417,-0.014908484335655881
0.003499988906012892,-0.03131767217571631,-0.03908196307418195
-0.0696603206610876,0.007306269817324448,-0.07231433204559579
0.038390972372107424,0.00718314918000789,0.02013237363428153
-0.09513288352818129,-0.035580825043207975,0.014191515575831603
-0.05836140303570624,-0.002004493558607049,-0.019602904780928056
-0.05808504009365325,0.01556378669554534,0.028321023672346846
0.019716659931227416,-0.0812260358380899,0.012339183700086624
0.032283200944567866,-0.034037753890504584,-0.06451539430081682
0.004870108393125617,-0.04829674140671876,0.05383104758174585
0.008072264194829218,-0.08447803275451067,-0.07618510930895747
-0.03891975114522639,0.026812202100423073,-0.04297402013844184
0.001862276520894962,0.016787254985254147,-0.16112612645446836
0.0031583012731031847,-0.05107556484331328,-0.02779779975812221
-0.01556154327915784,-0.013298555663705594,-0.08139294485319531
0.007223412840331952,-0.034144966224061706,-0.026616689748715994
-0.02099382614410572,-0.04416595489827453,-0.06563072722821973
-0.018313834370433168,0.00046144751168969086,-0.05801717105515461
-0.05479731667904795,-0.025394002611577038,0.018586319892753
0.046354130213623196,0.03705125874334028,0.004623646018974966
0.04765967187068039,0.012344860684385308,-0.011187146106420534
-0.11018384283533707,0.007850277123812921,-0.10794178446537808
0.026652942242820787,-0.0534849637342739,-0.02849472672507672
-0.02047013278473452,-0.07292007663302581,-0.020295246074743995
-0.0659217262879606,0.08941949125368621,-0.06324795689358692
-0.13240055569848475,-0.036486351945206996,-0.07548344540172668
0.0014238060801443127,0.05117923979370473,-0.008779252865000286
0.0035390778110652305,-0.1107049294600379,0.05386589419239994
0.0062912436860124415,-0.02411098344626729,-0.024469515265484895
-0.1194350585606929,0.02061504017049095,-0.020520694815919616
-0.01909224768198428,-0.07022689544123872,0.05729705668391974
-0.06651566722465047,-0.059613134754351225,-0.015843124068038842
0.018250708544332677,-0.040133809168660065,-0.027645999491080875
-0.06463173358327909,-0.04182363524675447,0.07402680936766712
0.011048402662303449,0.004192636794482172,-0.07279631628696412
-0.014638719145528634,-0.005848908373649996,0.11997213489869704
0.0011667843169537537,0.1242077221252681,-0.033891767064076886
-0.017724771102018155,0.08836476047704453,0.03243215162968914
0.10790692400506612,-0.023832317428940028,0.016642322754505123
-0.029275711490409022,0.046372154679509815,-0.10570956465021707
-0.021330677196627932,0.044926249064144705,0.037598830497726415
0.10924468400025375,-0.03776862780362314,-0.08290480503540165
-0.05658412108312753,-0.026449143442043924,0.10769814347107355
0.016287416865431767,-0.11714104940740776,-0.0501697951971461
0.051294963812202,0.02714349431818268,-0.0314365556057751
0.03025863193387933,0.0280536070360776,-0.06976881596483252
0.015927252037933996,0.06474501078621325,0.04225723197300451
-0.05162918177151254,-0.030205149479726558,-0.07979608386368975
-0.08120502176005916,-0.007927762796263565,-0.014205913430369288
0.03150035450271176,-0.0634656174413891,0.09896536928656802
0.031006543635529744,-0.0517922937769281,-0.02223444778521115
-0.03984531782433725,0.08374631056017301,-0.041859392961584675
-0.04702751514103509,0.01675785338424507,0.024396576343123613
-0.018032672650285284,0.07864761704055229,-0.06257429805379937
-0.07564850163470489,0.07369417631731993,0.004625951191704199
0.013169836344777454,-0.05331314522281414,0.034714486735154156
0.04113321987736429,-0.028417431174242103,-0.02201422304881355
0.017585000832449356,0.011292264528079677,-0.07165957912731544
0.021705538353322312,-0.06255040166224575,0.029343219024743933
-0.029759416707937327,0.03449194237303777,-0.07607529200238984
-0.03652929761788089,-0.0350161794966578,-0.040777972984177346
-0.01815736278736227,-0.08524329224511101,0.06988397355974382
0.03205704168997349,-0.11718038899667413,0.04591715531057328
-0.07553518310570416,-0.01485797278440768,-0.026773823083199186
0.06302569745933374,0.04753706249732289,0.025555285972656903
0.016802035835928066,0.07090774623198211,0.07858818986477531
0.03084294167074935,-0.03613948965214279,0.043994211012109895
-0.022278195044971808,-0.005821935909572257,-0.0608287167076369
0.01607403833190657,0.05067951904601053,-0.0282936056963064
0.014600249500486035,-0.03833807300187511,0.0655916793976519
-0.012347877492982329,-0.05094809351254911,-0.012540237261203104
0.058381310334274746,-0.100694157321428,-0.0027985161599942752
-0.016908333829993908,-0.039020004506936885,0.06578737029643938
0.018422275865743833,0.03983731043697298,0.06892881180788864
-0.025905529662325906,-0.054022777710465535,-0.06130311522513487
-0.023670413549465436,-0.057949547137373075,0.05380491867682147
0.056397689596611844,0.06480668518939818,-0.06076462624459791
-0.06210401212018236,0.03107896314587928,-0.04265812530116644
0.04062654146776358,-0.028223704971355405,0.010847507150343876
0.008928253728393702,0.012114235482564855,0.029491196323483203
-0.11055653212552331,0.025590246912316827,-0.02537988784284387
-0.04002825806722569,-0.027880050653075313,-0.09683071978527415
-0.058865480564930725,0.10638746097200324,0.0842999138731542
-0.04423566817329707,-0.007939287856340438,0.11060217156233211
0.025131396409898425,0.018449381142329108,0.09697083744229495
-0.014612374611674316,-0.05306194817272869,-0.0006563566804941279
0.0017827203625135032,0.023009760345922208,0.02323377866718591
0.0013231051787866354,-0.0118302084811995,0.024526847208966602
0.06304561937753216,0.08115292321331857,0.024084269447334793
0.028227716200743488,0.06074512669701552,-0.10747167164191727
0.06442982442019488,0.013929025060443388,-0.01984992737647261
0.1137179931335851,0.01975073662469297,0.03226782500207993
0.025834999654330188,0.03246293154974469,0.009494096292963158
-0.008336260707137819,0.0007182914177369009,0.0563421638514252
-0.035542626314993095,0.07172682874896633,-0.001488298736577156
-0.01962602675734486,-0.007974289367786037,0.043957659881364713
-0.022664759202363924,-0.05279123947133686,-0.08105397905479512
0.06932441296660821,0.02991356281095509,0.002115610210057887
-0.006092809841421535,-0.05054278940619973,0.02672482648310996
0.005524225571410698,0.04276978336223485,-0.022860409008925064
0.052115236129573576,0.0533349363932459,-0.015639180217575967
0.05311507823743741,-0.05339942180088588,0.0063203518531584285
0.036395757006733614,0.028191250882847758,0.0128308572735681
-0.03746230204836852,-0.015968310959117722,0.030962475096024428
0.013153976458099716,0.07979732251609764,0.04661067961011127
-0.009641033154180476,-0.007527532448417314,0.015235990624050576
0.03189155295384504,0.03291974346815456,0.0677261555287601
0.04457835719330768,0.0033414957648175087,0.03318971177037002
-0.08232728355689221,0.13376370096379492,0.04768050334703951
0.006742641614984779,-0.04152937158639618,0.006739045491983325
0.06045669218731212,-0.104174258029402,-0.09277267161364731
-0.052999364116578684,-0.020395287622803016,0.0072539795294051905
0.019688785996034235,0.06719859794430894,-0.04946316562851489
0.07917076998019505,0.030878228501265034,0.012413189510634836
0.030197768638517156,0.06371464644904723,0.05638448796995825
0.05548012438689195,0.02905647295235024,-0.04746404460738428
0.028268151725514088,0.031194802711998735,-4.783186371907014e-06
-0.041430399068670784,0.013404778264556112,0.06733980213565766
0.011066408060766024,0.06170309479428551,-0.05009369535084454
0.010321419808973479,-0.027248355490181005,0.03503246340053001
0.05995441382920129,0.08621584478976375,0.02193826448656151
-0.015928933937564997,0.0033936759832564403,-0.03011273091119423
0.020250244940020548,0.005430895870566479,-0.033195304691945024
0.018177136644870515,-0.043442111351338214,0.06219442135129872
-0.009919468868519021,0.02037818961001392,0.030196924638234052
-6.199536050873963e-05,0.07092544778197303,-0.052038625525070686
0.04624689323837819,0.1709686612828742,-0.00019132431916233338
-0.031139878494012427,0.030947185153051098,0.0752000908696193
0.07513788889614971,0.009495458188471048,-0.00982286167240963
0.06560790764034724,0.033723476805741275,-0.0021844173886668896
0.050627993777379185,-0.04653238997120243,0.06507872098918617
-0.03291374746983872,0.06221627169736293,0.022638527372217415
0.08968963765757057,-0.043022623405625605,0.05302845878894554
0.04065717561787552,-0.026783002890666863,0.01601748845485807
-0.025696163375158076,0.0831931567514534,-0.017160753297707044
-0.0015603741903595612,0.013846884444623276,0.032350599043384234
-0.024135341376679227,-0.008429766270803695,0.08262520378042026
-0.12130320597617064,0.05036016067300574,0.01503248630297076
-0.021620489223072775,0.08366580836484123,0.006061655940420078
-0.06715691846450662,0.040232457640292936,0.0018769746398363402
0.1278071850300153,-0.02626999696823861,0.026248252011974674
-0.07478023720637425,-0.00549437464375058,-0.0026083244792125503
-0.022375963880366966,0.0580434643361149,-0.08691237932623755
-0.05523313355959575,-0.0574730712553399,0.029172628265868784
0.09500694526162698,-0.015641770134792184,0.044479254771015324
-0.02301059233602652,-0.06653866298014607,0.037576050119697786
-0.0266751840779378,0.041053875888624594,-0.012310293603488325
0.0036493815494229604,0.04744700402789136,-0.01997345345921694
-0.04851002051556731,0.011164643557846597,0.11703632377296092
0.0416011918782277,0.012868490903571289,0.08144092821658491
0.021767557985295193,0.053761230868681856,-0.10431596513274663
0.005846591818457262,0.06371543429915746,0.025243479808878387
-0.02722746928106247,0.03227218946441825,-0.052963517002005286
0.027096764755539033,0.05254572831078973,0.047481907584905156
-0.051396553795755626,0.041050471105264455,0.02366784039062376
0.055292074060561296,-0.014267489961077469,0.02485742149100885
0.008625933507779203,0.01754043602744349,0.030150638723145513
0.026880832106552704,0.050202618297596674,0.033264575746296654
-0.08558600245204892,0.042094654338340254,0.012880976436335099
0.06033786192692152,0.024849904704916694,0.07133808644499559
0.0377898834868637,-0.0421049392897572,0.02403505562724515
0.10224458483556512,0.11288242155169631,0.08275086582409522
0.09814794976004612,0.09319831654098366,0.04404781630589413
-0.09705665300747492,0.05233490435982449,-0.06842272146375268
0.10339360272937392,-0.004217471017019244,0.006692182100934316
0.13377061693233505,-0.018424243550998087,0.021279896273140305
0.04891399230835639,0.06967314925869049,-0.02654590422572489
0.1393904082402103,-0.04661588365543517,-0.00868632417287325
0.017957310394243156,0.1037494128348136,0.006456004441512678
-0.009372847419564463,0.0242788837897287,0.039113556773983316
-0.020366696930640273,-0.030313604413188307,0.044814028693562616
0.08716439771732938,-0.0006572002476107133,-0.03115417533010133
-0.0120609501309701,0.04381265918883934,0.015633339902081322
0.04245734887838382,-0.00974220378936625,0.03376348104524272
-0.026288384669016146,0.017955095044252464,-0.02008107710788261
0.04762617003324672,0.09176267267845135,0.021166037134813118
0.039252093331966664,-0.007853337055616656,0.029553227587539317
0.06038907745960816,-0.06485597084219447,-0.016678054071328725
0.11229049561022354,0.04111135867315771,0.012916885733613884
0.05276262023279968,0.041449818766509175,0.07645618501197252
0.011576252074720251,0.006116484765650855,-0.03673165586237179
0.00811633783680096,0.044231383955242065,0.09884554873645532
0.08338465166222783,0.013378184655384656,-0.003592895044294969
0.01137586092631283,-0.041684889098297415,0.04239665644555758
0.07504984927120804,0.015155315706714821,0.07307143761983748
0.0924260269802714,0.07615406978639966,-0.019615742849024783
0.10069605967688253,0.010605986799565646,-0.008784476178815278
-0.03807069850956796,0.06009787974919391,-0.028430711978031886
0.038226437277503016,0.019425241817382873,0.0610592835742763
0.05682903285686371,0.026781184747943197,0.008265430969619285
-0.049616392671624335,-0.07859386559657668,0.021194128966657677
0.052195098867088806,-0.026490031527243156,0.018815357816428336
-0.031380390888864074,0.09017577499316258,0.05956694501206426
0.0578963746303596,-0.020372123092492738,0.09664317280082166
-0.01687850734121815,-0.06832663414964128,0.017292752109290273
0.019024909193604004,0.05064449466301349,0.03776582830397608
-0.013190378553363212,0.00942793861117764,-0.033998039664594214
0.04505592901219164,0.05930375351266365,0.05875766980840552
-0.011833696265286665,-0.030961508961937202,0.002228748706990087
0.10794613082314909,-0.10689811052802413,0.07342481163535351
0.10829237673173496,-0.028060675477259985,0.0737984867200943
0.05925599961550759,-0.02366455423274094,-0.005642413560186306
0.028707335884177794,-0.09036945683764093,-0.03376975961716479
-0.047528355609847486,0.01937508000596042,0.02063794394669922
-0.002852489640983436,-0.10329674227747908,0.03262708901997961
0.04505775420363542,0.03642370921220717,0.00972280289307936
0.03781286367449242,0.034847569339490236,0.012550599372264725
0.04401939166263097,-0.011853733522064147,-0.02377672751378954
0.033477139554504556,0.049398663913939295,0.06949284412510168
-0.007144038672674317,-0.016699814318656993,0.028728422333816797
-0.05892734538747654,-0.03218576696858132,0.0018414858506329568
-0.008094685898421074,0.04694906899476056,-0.03565759160738382
0.02557746861792481,0.016369109931822928,0.08720052879347917
-0.05981266793565298,0.06585989926813816,0.01077263486359075
0.02581395403801441,0.04031261679962031,0.015089048964277232
-0.026604530625162805,-0.08033089042701,-0.0028042348076921866
0.0957411331816871,0.02444519971392764,0.07325606582297077
0.018128082649075825,-0.01826894056558374,0.019984679953004448
0.003490490333086349,0.00937655042436751,0.01894467762401652
-0.03221309718851123,0.011010866829717778,0.03539085943017617
0.07934610952275369,0.11137336783887831,0.05198883396569039
0.08207779332678478,0.10516456257144566,0.011360127799420777
0.007788159853601387,-0.022686803093563048,-0.03771383214422068
-0.0364887501220446,0.01672514353445266,0.006893605436342258
-0.03503808913803576,0.07456766288849351,-0.026852111047748147
-0.012521544712899985,-0.015778712729729798,-0.018544625905529383
0.007235272458944864,-0.0012617722666155677,0.054692553472320646
-0.004014104516285262,0.12164749051703994,0.027937812855556007
-0.012543283130837985,0.06499004775742948,0.10117376453577193
-0.021929287170837378,0.021349478668995572,-0.021126237758752178
-0.09047709681398673,0.039264554217242426,-0.05954269133956455
0.017486252165700048,0.05728359632912598,0.05232422249529658
0.07081907087885414,-0.010171317268829796,0.04622388709503148
-0.06520924866029443,0.013239078160768098,-0.04642528625487152
0.007890847859446083,-0.015049976990925681,0.01629972124426181
-0.02163152905233722,-0.05620166157537955,0.11975590072110595
-0.0019826782808108744,-0.05694409778290896,-0.045855948187908765
0.045623188028729236,-0.0479093077627713,-0.012967642846169063
0.09865836790375528,0.046507319223844865,-0.04762199924009612
0.10072682602316355,0.0494850376793817,-0.029941321620656373
0.08007778419119031,-0.0604131738310247,-0.018881340630601283
0.015171197881926661,0.03188379281552468,0.023698897755517128
0.021305695953270306,-0.002250701879883101,0.044584623510478275
0.05787124872259911,0.05360652315347465,-0.0032371322322617396
0.016197185038875517,0.03448932895240077,-0.029728908140875088
0.04532103925186739,0.02002310879758784,-0.1395518923413454
0.10991504279946625,0.036865582503323134,0.025167768547181238
0.01817598920681566,0.04857838194520701,-0.03466042889825112
0.1260692172878387,-0.04797600857755162,-0.019097033985781494
0.05994437593156788,0.04724537750354471,0.04619291472742338
0.0019652668030222514,0.07052802235830737,-0.07031513532802777
-0.08907142277897372,0.10794122314606877,0.05153032539867541
-0.049428978742980925,-0.009264459770982775,-0.011176742780670568
-0.0014753721589557678,0.018933200178421206,0.009037776915614403
0.04271244029838946,0.019287653140233597,0.08608235251736619
0.05051523203607146,0.04424195458321774,-0.05442691422287055
-0.09760817309308566,-0.13961295873340643,0.00879929037376982
0.018900824665455413,-0.010020908799842727,-0.018989594035642272
-0.03851531182819813,0.07297315802698769,0.04253670351001996
0.02971518270907227,-0.02353434908539625,-0.004013771350975126
0.019167265736084835,-0.027317154101709366,-0.08060030208894017
0.10276149608551893,0.0794144379587917,-0.023844345376408487
-0.03883341373734831,0.016007472221905673,0.006900208729953752
0.0402563735179844,0.08842145955796947,0.0978015982593539
0.03061722149405848,-0.0354912279224561,-0.006324491780234923
0.009021507276354285,0.034679866676031484,-0.06665603860272415
0.03768976354546231,0.02312101065885057,0.026318675158096924
-0.012629902690740671,-0.05981009310621189,0.07017945209925346
0.06856200328914959,-0.001753483207328912,0.02009662770966354
0.009846345778004167,-0.10988779728550327,0.024610653868270584
-0.020551923688396465,0.08056902441832464,0.03414505277299679
0.01490201001830736,0.027985530704707065,0.06845214336749493
0.02270742199189817,0.007916791027164789,0.06284885561312618
-0.0140503293866158,0.019967939673196593,-0.008290625094233912
-0.044945725563412024,-0.03641092678644898,-0.04881298595414415
-0.027146139180456285,0.10535809848804177,0.034623585516750675
-0.05472841856791871,-0.01880285619615113,-0.04152352832570729
-0.05778246669557545,0.05548312980529647,-0.03350048359292923
-0.006837042851131621,-0.05821291003636283,-0.006087308652803178
-0.04261261038979849,0.03069776115918896,-0.023177006888451746
0.00807692935190147,0.0921474241117402,-0.004304965639970608
-0.037492048971437215,-0.09191066127503046,0.027560184042378644
0.0050165669688734295,-0.04311611379536007,0.05317014147033553
-0.04455610605095928,-0.011824685890566889,-0.03148146568793971
0.02892168970003875,0.07966251645862885,0.044799586853440446
0.0034474366494476145,0.04819201950963227,0.029867467519903136
-0.07362038828043398,-0.049736341618037666,0.03723996021823747
-0.016514311271867654,0.04574893306484609,-0.061398367530037336
-0.012442061199645688,0.0543882163116196,0.024389555529802848
-0.036740625053538735,-0.06352784090332352,-0.0560986988086118
-0.09619157933145774,-0.04803971489385657,-0.0038050857141906404
-0.0136590372822322,-0.06865825412469283,0.020040303261444726
-0.08201515034052737,0.037615554912129597,0.09883787589571903
-0.0862735340782179,0.03628361065362895,-0.028130497903253948
0.02129958972496385,-0.049128337575868194,-0.037923846824137165
-0.05852923893651153,-0.014183788473321982,0.0029218520955588707
-0.048514918618475136,0.0229708692448874,-0.04685843436864813
0.04608506291143584,-0.05235016313637701,-0.018878233995158047
-0.008310853477288938,-0.014632221167605083,-0.043937456324198355
0.0014642236857049648,0.009303374376279564,-0.004899608528174426
-0.032824742245598046,-0.034271423896700515,0.05736345193797543
-0.06964061035934838,-0.041438776470417965,0.009627668929424713
-0.07419064480739594,0.04530561800322578,0.00229416476361331
0.028242191486541942,0.0018684375461625559,0.041601129492969305
-0.08799497069279943,-0.010762593194231267,-0.07400823816339432
-0.030275645115133733,0.033767223360966284,-0.06470808711198447
0.047746770554109676,-0.02973994259162119,-0.07727891061507773
-0.07415087269010834,-0.02536979319708816,0.005957917338743207
-0.017516420859090644,-0.04539957445976468,-0.08264846969113823
0.03358219746500857,0.03189777599989296,-0.023778518774920647
-0.03333039148303575,0.03967507834828479,0.053194107529661874
-0.004639432259073942,0.050248581548965776,-0.03160527745325762
0.0009619818058393906,-0.011302087242233541,-0.0014246625145748698
-0.04302942551368299,-0.004339992660385882,0.08932419345408038
-0.02886499639210546,-0.05852168043144626,-0.06664043931241245
0.03519519279183944,0.0036534949504411496,0.05917941564973924
1.5786977569017327e-05,0.027176475135434947,-0.02654044834794214
-0.094419298163299,-0.06227768278799335,-0.0382919352211792
-0.09294952426888187,-0.04849291712713507,0.049474609470493404
0.022170428924493855,-0.011501156394996149,-0.03458778236501161
0.0523178072128993,-0.026660012424334245,-0.009040919764161525
0.014827469855919163,0.04726739337273238,0.014913365555680314
0.040460162737911864,0.01763285935264036,-0.11124130491200644
-0.016144712075664813,0.015268791356371674,0.03061680507603213
-0.03259397972608661,-0.0757338212044446,0.06565583101722351
0.002660093348264895,-0.04665713081686808,0.0879581769916018
0.019761141203304904,0.030450317829289503,0.016583162537387314
-0.12336279859820935,-0.04327164631866464,-0.061465940589754124
0.008946729514344443,-0.06791898913088298,-0.11928854447726249
-0.0662467596742753,-0.028710940693820325,-0.06652026019723944
-0.010243601594849437,-0.012366540630494773,-0.09646979878713513
-0.12113320122539631,-0.06322582444143658,-0.05103074957662307
0.07191944232980559,0.014598641900921788,0.061134069266585336
-0.026156235269270578,0.030900061356475748,0.01618235424586053
-0.02396137955431364,-0.0567166594964551,0.1084839166349215
-0.08475377770413241,-0.06223851239001536,-0.10596587993854312
0.06830446971436135,-0.07938498917153525,-0.017249619249362066
0.058009682841389125,-0.010285016554144053,-0.07190529482650677
0.021135440402971897,0.05736490486705773,0.0177063637899344
-0.02223290027240052,-0.03785045284357955,-0.01419824651696866
0.04694477858473758,0.052600655792141314,-0.011507928682369776
-0.052430506290061366,-0.06863015388509083,-0.047545164295638896
-0.007865810916192421,0.02040463902132515,0.014232145962295214
-0.008679881510294585,0.018784787706886116,-0.06410323282329972
0.06139700131225871,0.0034838884532731734,-0.12277405986183261
-0.05690873661506331,0.032356291774769175,-0.12683824233269625
-0.04465112894610245,-0.05616450933745576,0.03621688066226772
-0.05935935832703425,0.030828683241504225,-0.05302409364352337
-0.017629925285707188,0.050032745364822676,-0.06375341591810584
0.0006700512481461231,-0.08438533192240794,0.03748065267553785
0.018720222615889855,0.011835539301659523,-0.012251602543527373
-0.08550181540956928,-0.011175366578522115,-0.044590344222897746
-0.016798995265050864,-0.024575847831891207,-0.10065206789876643
0.002793012092131897,-0.09625797587528168,-0.004265018406301542
0.050776842827712915,0.05775180144778631,-0.052697768507974016
-0.0012472330002892967,-0.034538854951517706,-0.07994558329642078
-0.03995180296638169,0.050540509552083446,-0.03833610194016676
-0.02868251940236967,-0.0750785365181566,-0.037782108159212624
-0.0002405292590367883,-0.07073994523307962,-0.018309543445824476
-0.0007419987733294116,-0.041600602861079375,0.07748967990535205
-0.030289522825702436,0.03210108377618,0.03022173745933237
-0.028691014419659586,0.03950709174715673,0.015605859258862518
0.03601565369415413,-0.03762102834465776,-0.03319402764118139
-0.009508560073646314,-0.012035822392091961,-0.020890004552641908
-0.024121489902291154,-0.0546318998860156,0.04199170635540641
-0.07154926157470756,-0.006524244935133396,0.003166603515462798
-0.0007923614226131408,-0.04648397840874541,-0.08625882430105539
0.05641075806762147,-0.017384422331300206,0.018843805495954467
-0.03987381679113511,0.025255429319856464,1.8702929946594338e-05
-0.08877143288382652,-0.0015039430664931831,-0.0011595449829840294
0.03742800137321925,-0.06324030000386224,-0.023792641600042116
0.058032933461905925,-0.01724413856508375,0.016874034500297414
0.06584321867587486,-0.02097809976927692,0.01393932884011306
0.013761849773661756,-0.11597620741616675,-0.02792241086357196
-0.047157598707567513,-0.031184001562276166,0.031065110762352983
0.0468011949344717,-0.02011162326245046,-0.07494336941464509
0.034955065540221625,-0.022521050031200668,-0.031582154630810204
0.00029649985193917067,-0.02663172543666717,-0.06284029373731834
-0.0006650407218876352,-0.02483287672077484,-0.023088887793234182
-0.060410279390678605,-0.006031779910453738,-0.03676611099969539
-0.047714034105390594,0.058155814371723714,-0.10844576591343613
-0.05486610893283006,-0.037649569477571795,-0.022048771338508383
-0.14336586947637758,0.08743038662056957,-0.033035959187440095
0.028204374686840932,-0.04570238381504166,-0.012787034649318173
-0.045219891718324697,-0.07715700111975698,-0.0470430372518454
0.005859813533923921,-0.015763675476672297,0.071168592209151
0.023549210401328773,0.0015991428621793709,0.0337456480877405
-0.009566279066063707,0.09487037633883927,-0.04298485619039734
-0.024290066405513913,-0.04682714041596338,-0.0584703517180603
-0.041586627712085086,-0.016816850838807865,0.022920974648493228
-0.09413553150601711,-0.025584583895017828,0.021139447339630194
0.0221569204237003,0.00011500914440314841,-0.0403331779174883
0.027132315249271368,-0.09507041017656145,-0.06486074683459421
-0.0542276737539332,-0.013679877892929036,-0.09331093257231919
-0.04121617515000156,-0.06064348136023784,-0.011746805650501511
0.07175768381226219,-0.03355332615798392,0.011820119953112999
-0.04889865663976199,-0.10007989962538462,-0.09225258521666839
-0.04509699679293888,0.1627422002685118,0.05394217893480699
-0.05873215559427627,0.03728595679889313,-0.07704034334454644
-0.010211005585305693,0.0173610172392874,-0.0072794231018736034
-0.08548778410062892,0.031215500682211437,-0.07291551667740344
-0.0416162502178445,0.01816886434475917,0.006825783213655779
-0.02930591429277679,0.06981721882012865,-0.0893906004956081
0.018821079608940913,-0.00893311810684529,0.003018753679216564
-0.012323586052051059,-0.005192027464178092,-0.04638723931333476
-0.07155941382410007,-0.06482622498972218,-0.01560587670666142
-0.1031071967703957,-0.0034860118019582834,-0.04008615990164666
0.011712496057052327,-0.054015647535615594,-0.08611843050114185
-0.06162316530786821,-0.02464367835856399,0.015810101428225618
-0.01911311233143545,-0.0666222227758306,-0.00691995959216238
0.007246566618011666,0.01783581121113347,-0.0966129149361293
0.014777220843931429,0.03639005421986205,0.01264046319189983
0.02266957181059736,-0.021265326438905455,0.03355985956731438
0.024778439531273278,-0.020345562892132078,-0.009887680937004708
-0.12940262900053207,-0.05153816463031807,0.021102419907773774
-0.12935759101803104,-0.02274180959387203,-0.1006240352451116
0.0010018002798229605,0.057760605884363096,0.01417813964615497
-0.0737169903424371,-0.07388769615802641,0.06147734184531704
0.0005493887118565473,-0.025390989004674944,-0.014844507007245562
-0.01698644128941105,-0.07874366938958925,0.049398766292384017
0.028091620588411595,0.13613397537984046,-0.043750300536661714
0.05289769949603103,0.02118262620655233,0.03180909650495527
-0.018655746996827906,0.03314346063329793,-0.0254258664114275
-0.060623408661176985,-0.04044956872026838,-0.041212250894950994
0.13562628820477987,0.02608953552482768,-0.07408174082549374
-0.04667753627100797,0.01475166564152389,0.04646558634494405
-0.009540281513291232,0.04648861019174241,-0.11456293444884401
-0.022400010099863893,-0.018497936187278283,-0.10095572351613363
-0.0463006574702606,0.04167936698386737,0.006077486205472516
-0.14883092635082182,-0.052380157107856935,-0.035801060560622634
-0.01450903486338387,-0.08815527244219384,-0.07156704304825538
-0.09287779921791181,-0.03287941809226686,-0.0995562237125821
-0.004148384209781777,-0.11661667664955402,-0.0010706015873947622
-0.0677366969439198,-0.09981607625595082,-0.06428177238716862
0.01132166172158543,-0.03532291696350694,-0.019175395460398335
-0.017698632390484283,-0.06784202824246964,-0.012628479012184135
0.07533547578222459,0.006272419561272202,-0.010249641745061495
0.01538709619665895,-0.12216906941177413,-0.07319888621635615
-0.09428275878980158,0.04158797503458678,0.01420615282077736
0.03277854605109432,0.05537630505555517,0.004403565101229011
-0.03424765921654663,0.016901788274673556,0.002765948290308207
-0.014749910970017432,-0.021403448734149975,-0.017357117684613857
0.011468815148163936,0.014319456047539172,-0.15677174561902407
0.046934656005089365,-0.08267224240616242,0.025020364113639938
-0.023029779622385615,-0.05656235271072596,-0.017839653427729304
0.14207720770503693,-0.022215223220371862,-0.042039316271886736
0.03742751169870084,-0.07020029169404489,-0.04979656178239476
0.020056165867069074,-0.06909269052066871,-0.0008148718807994091
0.06092348676910617,0.013510136840320057,0.05488536134226368
0.01688093960248308,-0.08087865734342825,0.016421643950797347
0.021980633686812544,0.05023935193067159,-0.04580424716786919
0.030358491153355906,0.0726612725256929,-0.02763774174205793
0.003088318529083473,-0.044585668803279056,0.044570223235018136
-0.02560531425658314,-0.05048761225086472,0.036405625531549766
-0.01613610232719509,-0.0020082898022952492,0.057326355162879386
-0.0213792688337887,0.03489715429570385,0.05008295802301474
-0.008783237974709094,-0.014555296969656153,-0.0023903173852643017
0.09918273004330369,0.020061388577844973,-0.02730570399739661
0.014042561100944135,0.0005298657943513495,-0.0414387666840822
-0.002713134740531405,-0.07156094503558426,-0.03690468001666636
0.08745341606146911,-0.04561693421681145,0.03730607841156401
0.12417725961200186,0.02540224688083844,-0.07242904398942966
0.01669597638659136,-0.009378438293490039,-0.015480645794962274
0.06025852037241881,0.005525934965077266,-0.03476662123236386
0.006263888294612869,0.05660477234835727,-0.06790878617300354
0.027705410447494784,-0.07402077041473387,-0.05647134629828279
0.016199311520510757,0.04984207171740315,-0.02116970428888186
0.039159167064738994,-0.09333810931214934,-0.042122294539483525
-0.0643358861265225,-0.03884790005470479,-0.05099928272557239
0.067085743558804,-0.0527392329383306,-0.026568243965897884
-0.04496597070813781,0.04685445426530614,-0.031056408136347538
0.028817081680654763,-0.038054862067412695,-0.05936857645355812
-0.07960662031202798,0.0677623021476491,-0.02649027578296446
-0.02239090540500398,-0.050328498111735565,-0.029088087891601628
0.0679426409210415,0.016018385657830276,0.009038718469585122
0.0015683979971661756,0.01413158706738619,0.019235208455481077
-0.05621724453030289,-0.10893585959871048,0.015804027713507522
-0.05259508523476038,-0.050400577108916246,-0.027505791127868426
-0.06605031640084182,-0.009623107851319233,0.07350247892135087
0.012500351230677028,0.0868791962594644,-0.0016523317631543767
0.015326025150203074,0.05600741043124477,0.018742580066097206
-0.03539751355730617,0.04197984746783555,-0.0408413983590691
-0.03981728080223903,-0.017987650926336883,0.06431697973053134
-0.05479519208726659,0.023914731706878273,0.017870901038267488
-0.06504735906616667,-0.0046690171417492765,0.027117245726830053
-0.02796773835096372,0.057063631141841625,-0.012696277571060887
-0.1208972588930911,-0.18684544676199746,0.024429413415492672
0.056772351847671175,-0.017397224127389792,-0.02541213737580543
-0.05402994261357073,0.03687123054029421,0.044936971584793615
0.08414828843552007,-0.06400124528919313,0.05042268627288106
-0.029612473724797184,0.050303618555567045,0.10339878493383114
0.03687769222394346,-0.0562984363877661,-0.005309888359520995
-0.027858531289807982,-0.024170949122540905,-0.0121453316955659
-0.011059101255725418,0.021156487186430168,-0.14410795012600544
-0.07389227424934361,0.004358814257932306,-0.0011433134487230916
0.03590890521251094,0.017951578604120798,0.009253290211542302
-0.01678934516141169,-0.0007771595777442512,-0.012025310379322026
0.014585207435036319,-0.027829586194057364,-0.006778281855716232
0.031542674217422025,-0.017067417520543346,0.027969992664669437
0.07202832316135621,0.028613273524107183,-0.06438966453556041
-0.028144075717893693,-0.04364275708437811,0.04606042622715595
0.07760637936070308,0.012163222239770483,-0.03952115814371301
-0.0275869180428943,-0.016882606584538037,0.021591708123774728
0.04822063298897844,0.006149373253985306,0.06337261373641898
-0.015666935790936205,0.05405197326654905,0.05497722977770655
-0.06151992070275653,-0.13474902261544378,-0.04282176302466858
0.06878690772272517,0.009438750362000503,0.06901413398030162
-0.042362486241345906,0.11379431551199133,0.006872880672375792
-0.09642825875371211,-0.08416476281142261,-0.030757479074192164
-0.02526655796099632,0.05933579692910397,-0.08558184672334399
-0.027438056690316032,0.013999238064080754,0.04104955345368798
-0.05558268877420196,-0.021843676854387855,0.006947085332941624
-0.02359049470058906,-0.04075459741427967,-0.004296859735127202
-0.05415268291383844,0.04022823152820938,0.04578850341769918
-0.03165756870110016,-0.025706677240308715,0.0455911162764324
-0.012077358683827881,-0.00698117263499108,-0.007476542415781969
0.0579790595788828,-0.003318095607156976,-0.0025909685066717973
-0.02873755689643001,0.0187949610225511,-0.022068375796247056
0.012978272051164873,0.042759685278732404,0.036730993487226464
0.00028707248004033147,0.07997143241386769,0.09282689138007098
-0.021755679752417066,0.027393304393249655,0.009663608075161959
0.006442880511942618,-0.029118632356004082,-0.021943011557918755
0.07691565981907296,-0.08937717407282579,0.14438946907956374
0.05705368504661486,-0.07475018110187476,0.015047759778781759
0.07441674688297172,0.07090919636973991,0.014425888083871453
-0.06875714488506698,0.042543947313142656,-0.038328004288085506
-0.07467478475446562,0.09716037501220594,-0.09554263043139247
0.037282292650907496,-0.0058272904433811345,0.062143496315630424
-0.05352840637327744,0.009370705242744335,-0.0893591170954298
-0.005412559948818755,-0.013524647243587233,-0.019251459403161177
0.08603035756107191,0.03754771357582106,0.053430306023848774
-0.008451976778034371,0.010162850956901469,0.11999553628624374
-0.023099468669789555,0.029911751572624747,-0.017148054361442927
-0.002805967582070353,-0.05612102824514192,0.010350787516772894
0.06928675550099636,0.017285743813563063,0.0679829850261091
0.010327498702870338,0.05742500132238844,0.030809512518967637
0.06215991587792635,0.008725892908039205,0.014648158707942288
-0.043389767006343796,0.14709967789515405,-0.03496236086134011
-0.14486359677076177,0.08661467801741876,-0.015743782848619756
-0.07305169547315372,-0.07196263184256041,0.008667152620720762
0.04631947266709816,0.022162126764853653,0.08004204798795778
0.015789590460203333,-0.0034545867946220894,-0.04179710695604422
0.09200647517751616,-0.06825281917275455,0.03776520918142094
0.08311365697982856,0.09273045524160439,0.02280483796453915
0.0008460959272709352,0.07544734857530956,-0.08640750075925867
-0.001874798306001263,0.07348369339240912,-0.09999470312766426
-0.08361826622688996,0.062471363536306695,0.02624716469312976
0.03302534137687678,0.03651433155538637,0.017830952260827197
0.037921422210152225,-0.0504497534213249,0.030640968667306395
-0.06715921141554518,0.027693706188345206,0.008649911658094216
-0.06097676765695206,0.02486123484031667,-0.006678652869831287
0.05250856046573227,0.019654331181965006,0.020864095097460223
-0.021012920679541837,-0.05897945481380542,0.049698243777435196
0.01602946177519559,0.04146544302242036,0.07165830407175104
-0.02420418925561512,0.008344079598205073,-0.08058111774835094
0.024350499213222458,-0.045415393619486696,0.030790903509010082
0.028917483862870977,0.07946202544189923,0.08587095205810806
0.02713617139619501,0.025352796811167234,-0.011940007176835198
-0.014413473801219566,0.018886615208169633,0.019398579533363113
-0.02847316559044086,0.007997518952531302,0.01642744000621464
0.06879097356072325,-0.025210256094470102,-0.028765125076463675
0.03379984545352991,0.14059025809715295,-0.05273048285542072
0.021693350286759013,0.06190591373080428,0.05490518232899368
0.053721880164745696,-0.01876634282521083,-0.03524714225203572
0.050094465849054345,0.011446167008343198,0.06591518432702688
0.02982652620886732,0.07123476219154919,-0.02452600915719678
-0.049858801431619054,0.03712722416868547,0.04654130506517453
0.04689127503532746,0.01626633459383342,-0.023958013270861635
-0.009438268346316427,0.016004313033632755,0.013578736726327239
-0.0005175550063121863,-0.02794770719622542,0.05169982202999361
0.05624188278943743,-0.028556279469463625,0.06996267240830946
-0.046302225618400986,0.03420340556502928,0.09842206017234852
-0.09280179393101022,0.07475011629514144,0.01202704350775553
0.06804652519212093,-0.03873975519141077,0.050625039282078864
-0.010836276437476401,-0.03250530569315195,0.005404102190995148
0.025242262152977805,0.033153111060815484,0.014368590166749864
0.07840002357822298,0.05047091012910983,-0.04246331869976807
-0.018140186339375995,-0.009738923981265662,0.0989339427472738
0.022464276326455347,0.03275881852973071,-0.08410109452995637
0.15007698261692626,-0.059680766113938424,0.013237188408452932
0.0991220089407755,0.11974014726602111,0.009793264304901185
0.06285959410108205,0.030567693457891884,0.05427479339064762
-0.03321271715788138,0.05992482477304693,0.08012584598181448
-0.04107541333566336,0.06401774040975809,0.027177807133900358
0.033427667522532,-0.07456554021474718,0.07725061012588127
0.07699027455546567,0.0399089026902263,0.07844868068033892
0.012462704622915205,0.01907646396082152,0.04944154490578137
-0.020653829697724682,0.06989706254122441,0.06946848194363017
-0.014755466515627931,0.008886379435395069,0.0709450215585463
-0.022517631028095786,-0.009962844277142183,-0.0033502224350195967
0.05060627603752744,0.03457706255994629,0.05470517797819114
-0.04117371319644065,0.005683086755028006,0.0731849457808385
-0.07164670528042616,0.065534365039667,-0.024078731004710748
-0.005964150725546607,0.032278508183202714,-0.020600697936972303
-0.04603868836264824,0.06366561658283612,0.02690762198227319
-0.07368058195653349,-0.04022777649469385,0.055019600380217304
-0.014346399625040009,0.028667462372633942,0.03128486900700345
0.012732338958010611,0.038215350150712916,0.07465917381336198
0.05355178125710744,-0.0138821130212015,-0.03790314470557219
0.045300438443668004,0.014432368607167618,-0.0678573457621205
0.1018773119634325,-0.06438063607028563,0.037674937732392375
-0.03120672978224679,-0.07329856687622119,0.01730905891398865
0.07678592250019459,-2.769231480338752e-05,-0.06341392691557039
0.01525509696724275,0.042867888050794445,0.0944681038217225
0.008786731412002554,0.019595816100325462,0.09149758996937711
-0.002519091564877722,0.02192200851212312,-0.08224877126200732
0.030267389530578396,0.029981650919157877,0.053257755356937275
0.01759346907907012,-0.0593309501803372,-0.03236173700195777
0.004318492472485582,-0.03816473836613915,0.10464330464341225
0.042522990168664926,0.07736638596334028,0.048548234402096394
0.1322284141723106,0.12137623154438049,-0.019886781556487675
0.06374530608594639,0.08823872754666412,0.004875905877809832
-0.017459135098050645,0.02284908887863796,0.04189566246292114
0.03683416729263228,-0.003064566451673075,0.012170569450403795
0.03957958667381446,0.1167660370910737,0.013775427278104503
-0.00011318259560635924,0.022201368210284546,0.06673606824900746
0.016190231220494514,-0.019012660746906006,0.09736095197321495
0.07596724559059778,-0.01849829615029926,-0.00013597254463774272
-0.004850115309103172,-0.06733565706376952,0.07884837008040281
0.01672690067219782,0.004915470170987273,0.022139677958811416
0.0876684603933753,-0.04586776714956768,-0.00883893672346086
0.03393948884515787,0.04305946751675898,0.03303579000392413
-0.02564425830464151,-0.07826188930806438,0.046995768110490804
-0.05113742181980124,0.024722137545877078,0.058951420138322524
-0.05252895765208712,0.002713585721262589,0.01919736268830999
0.08243141433246365,0.02272365829976373,-0.023913093114043632
0.03845035730545619,0.07786900859095448,0.005659950222836786
-0.023671225447816073,-0.018038772450502463,0.053100325793156045
0.021858631048006706,0.026729812974549832,-0.000916886293839736
0.007366222579046604,0.018104970379625475,0.008136224421430223
-0.03396445955023844,-0.048738328885889796,0.06035378242368117
0.046641523336520926,0.008189983742952071,0.04670666424778527
-0.08434393050897238,-0.03329336502502146,0.043332615144476054
0.005103258276107636,-0.028162401552046426,-0.017003333659186687
-0.007654618778135534,0.04563756786896295,0.03199113704257117
0.023716994776941027,0.022604843471224816,0.06494768815678102
0.034535639475150266,0.01886165243186569,-0.017620740753114914
-0.017982579791109437,0.06474819030637943,-0.015688854149069856
0.026308040898109016,0.028900937898003506,0.06973490548824605
0.004653905191563541,-0.03253192096581388,-0.01035208837791357
-0.027513333406556588,-0.020350231865454413,-0.037022633286276314
-0.022404492357039382,0.05187530999728647,0.09550140064244116
0.03633065912822004,0.01771270821458477,0.07952270215370186
-0.05210272791525898,-0.002786866187074393,-0.007914059329322072
-0.08415608355804848,-0.004378790103167373,0.027625871189718383
0.025787901636230726,0.023824910250472765,0.02064733083336379
-0.03782016679459807,-0.033876308733275254,0.04483740760533005
-0.04076496115699457,-0.03135620483147948,-0.03610946438422544
-0.01906077127941907,-0.0013285439301367347,-0.02371708299804274
0.05236402749658571,0.03278793672969469,0.008828960626739579
0.030472637593310703,0.0427296820827236,0.06303302510327789
0.047093048791777586,0.03316550839987523,-0.00960268807863849
-0.019835946606813662,0.004798216002081252,0.03654057517123798
-0.03280800680573466,0.01956743768126106,-0.013249729924049101
0.056613142605800144,0.06981023434667649,0.0233813452932458
0.0392537634167523,-0.025676351326586404,-0.03367176764409449
-0.006639990144924316,-0.046019526775575484,0.06423165830773181
-0.08169078307866516,0.004665440825946356,0.06107834899554637
-0.0017933629898348137,-0.039561573333832104,0.08887526221686573
0.026479254808714353,-0.0105838931757589,-0.005083624175112151
0.012910793337280768,0.05847350524793358,0.04575003632591401
0.04962119207612398,-0.0035931740482383866,-0.0375090108795615
0.009781734489463022,0.025391698588826714,-0.1211524783541584
0.03512457752394326,-0.020074005050476407,0.08455083821644595
0.033295114146380214,0.0010894482297194984,0.00738452928017591
0.09432050770053066,-0.03035396243515895,-0.05027786502253262
-0.04031790214738926,-0.06754634636509194,0.01160285915286877
-0.04659697538098867,0.010429683346229127,0.037004902787021926
-0.0981702376507878,-0.053695562239419244,0.007529958212510925
-0.06972430648773362,0.01908403394277426,0.015133980745665573
-0.03651316267218367,0.04449504164319125,0.056163487741093476
0.01430753838040966,-0.011131838687748271,0.014958788678289396
-0.031722117263931156,0.026259441363129004,0.04766668194840913
0.01630645058442751,0.023667158329377214,0.05118794077232569
-0.04936269115806044,0.04400515259174602,0.09306952130614002
0.07074351721248437,-0.03579233329400398,0.11123238677680146
0.03790496661810106,0.05280226144261974,0.004466024312166233
0.016746415740375237,0.022736268592985286,0.007340472951728188
0.030478592839892352,-0.040674605666482906,-0.030877391962720182
0.014576219795082918,-0.11986943175462896,-0.09472389656404502
-0.03949343812832986,-0.023874119645070538,-0.004924734174094178
-0.09083657109084343,-0.026883885090651056,0.0785133023069627
0.1071699150711999,-0.042138642072362724,-0.027546325254310392
-0.07524141323923458,0.05020578860292568,0.03253340156205643
-0.0011113761442910954,-0.0019408961077734494,-0.015864229047530855
0.08985525756059709,0.00820041279527943,-0.02267613253129446
0.1237714648941164,0.025244383477569864,0.06489769121271102
0.03678827600263491,-0.0025856083191076263,-0.009593590247127703
0.004600255409744412,0.029902463737011047,-0.014089880327015388
0.01629472060043441,0.026441603829551432,0.04830272761325002
-0.029776749853521762,-0.03725241542642766,0.019308529738040155
-0.06637052722538896,0.0012899349820123343,-0.039588817446052575
-0.04174348080147908,0.01957019279521198,-0.007270179659067666
-0.054877272335684145,-0.01653352965845726,0.06063692957728827
0.12130727244691572,-0.027832594486344606,0.03473846746946338
0.10141231453353541,-0.027162090024931033,0.02206239033752746
-0.009857312098370265,-0.0794605291668217,-0.0033479203785863137
-0.10097657117505117,0.026621142470312293,0.048691068932507645
-0.056886154913302,-0.0065170661102794784,-0.022121982344189245
-0.04645158395216477,-0.005603999903920433,0.04904786224236423
-0.04637629630974816,-0.007723594384954081,0.009134705834811758
0.019009787612195763,-0.05032999439372335,0.05194361199384683
0.010194349170880378,0.04045783755972042,0.014912577927950206
-0.006096452561385148,0.017761790485237836,-0.010273877070055618
0.017418230208882356,-0.04087622155770128,-0.08254135789662725
0.01684010932488311,-0.06966760278793331,-0.01918514570238271
0.048817723265728946,0.037793422784741626,-0.049901656083497864
0.038198595830315915,0.020102866412588773,-0.008111808488386937
0.0058933829901836364,-0.04938769732651881,0.0046292814298960734
-0.014271379717821026,0.07369250810167585,-0.05696714840142097
0.057664546202900825,-0.020838293304907607,-0.012247722551012138
-0.056650525332535964,0.030274482958787652,0.08542424903578578
-0.07995222916248244,0.06546568182696912,0.046032265198113924
-0.001934489431006707,-0.02752748489393064,-0.07801062302629325
-0.004392243695734376,-0.009954128839860901,0.002097010695248855
-0.014517329689414521,-0.014900136212961112,-0.016521859004585894
-0.06830663244655136,-0.01244107797975616,0.02088482105804909
0.018080536010049015,-0.02154166594913435,-0.058429314845343375
-0.02109909353840299,0.010840480818483385,-0.03632182420319506
0.02833245909545682,0.00867070555190685,-0.06322439962806234
-0.01336867897943581,0.05624996149641855,-0.03274890691451568
-0.019025646700973002,0.053811991189647725,0.017752144975900816
-0.04962367218367731,-0.04744944846560815,-0.0065328993634980155
0.07730281180333176,-0.010877172609097542,-0.08681959172906639
-0.04568358371653096,0.04316881792145767,0.03627594504074848
-0.04188038861049927,0.04378798361915707,0.05481513615023043
-0.09267775143501034,-0.11094358030629609,0.01958743685290102
0.027692883361068104,-0.0388422193976142,-0.03800053129164123
0.03470510759346601,0.005928604802915651,0.06752119816242706
-0.10381349732270498,0.022382061768215743,-0.018211334694288928
0.011139850946284249,0.044084262853667816,-0.05860502031204837
-0.03824578851318447,-0.13114766767056696,0.004355675777715853
-0.014427131621026329,-0.023291117099422866,0.010017263330042622
0.08351576174464685,-0.04118069373722423,-0.0002533225243485631
0.0749414723551885,-0.032888555544165254,-0.04381839001361341
-0.03445949763485881,-0.019817558446227374,-0.11947143124061263
0.09085414180844245,-0.09593066345619529,-0.03642473964373019
-0.004919512104594317,-0.07859905419032974,-0.01860786656123438
0.006016340341592199,-0.0013375952563931537,-0.1211078867253816
-0.00888325356006888,-0.03410648595753182,-0.0428171259196709
0.007971152885333531,0.04539558974877289,-0.006403603475678801
-0.05488630657133581,-0.01593849560756698,-0.04648231410911269
-0.014161539721860962,-0.032223648491426046,-0.0041690729232659145
-0.04269151925839952,-0.05070719847944001,-0.0008890748916807224
-0.008754754360417394,-0.027638760970170435,-0.00043138519748257137
0.0155395978010376,0.10389383475576852,0.03807020616835862
0.05248392361376638,0.0044771883807079235,-0.06370296244057563
0.01076786373895042,-0.026045944956636466,-0.007754174577646647
-0.049100106676445945,-0.037357285167444874,0.07124233373593966
-0.06959156115032557,0.020046326460294594,0.0543489626516641
-0.00944274416771667,0.010819727385652591,-0.02751222506536534
-0.027240088058274707,0.030951842132212526,-0.04401849738830471
-0.10545548583312239,0.0904868039940954,-0.031583318695961586
-0.09454393686659292,0.04382683420346074,0.07056145500226729
-0.08984467184085185,0.023396092984129008,-0.15936115898815834
0.009778008886818054,-0.07346497293558846,-0.026526513490269618
0.025911061211856334,0.03502027094629458,0.12807811875961045
-0.0025829499872803974,-0.019298406810272513,0.027226530777236118
0.0025445638823544912,-0.01811071766349641,-0.03277940224095019
-0.11735241701646294,0.0324187179240685,-0.0651382545636754
0.0927900196843442,0.015877321658668418,0.003010034764902962
-0.014416348494790378,-0.023158148108534473,0.03390636221365654
-0.092167157500145,-0.05859685651958925,-0.05553695032402585
-0.04575177812248349,0.029258402832259098,0.044513176567511845
0.07330966589589336,0.004630661209477176,-0.041546688961282566
-0.0628725431474601,-0.04648035692341293,-0.11983056591223952
0.03610313150024494,-0.013721403804556474,-0.092364776058237
-0.05516512560652766,-0.03858313355236938,-0.009564686442043637
0.00916813719203672,-0.05787637219718683,-0.014360611703219082
-0.08741075690693714,0.014052085659662247,-0.05079016614688259
0.10174609218947109,-0.06697305774223447,-0.06656028294082275
0.02163933080347908,-0.019714091036466472,0.011390103309623173
-0.10452456347067127,-0.03596242341324524,-0.012578455671252469
0.01715745714765316,0.001207703303173581,-0.0075220664610060085
-0.014153931120039952,0.05410138388001663,-0.02798907927550284
-0.011416171212545408,0.07242688296009747,-0.07097979636487327
0.0075917189218646375,-0.0357634793382195,-0.0719356696251553
0.0005564743045262943,0.006892681815933492,0.07472501371015407
-0.08529891481017832,0.07314278280094084,0.028490950496294732
-0.0657056876855441,-0.07060519163250951,-0.0028114270129751123
0.03134095447359912,-0.12320200028691826,-0.006977262723172119
-0.045556809403425484,0.013040255464457935,-0.03813007215312267
-0.01359438625821592,-0.031841304266512785,-0.06195268530188205
-0.003281941459149035,0.07795407981085041,-0.033015062039958284
-0.020731940204663686,-0.10644785966515019,0.022046558885153833
-0.018907183113089143,-0.03422317354006026,-0.05352247354312896
-0.023915228296427494,0.011117830677966591,-0.024460274006353293
-0.04164708170173062,-0.13773670972036414,0.023937664352081597
-0.1346271611399742,-0.004351662605831971,-0.032645325520879766
-0.048632039452804976,0.0065764367869885175,-0.07966996238881598
-0.015740394411695967,-0.004751965021050842,-0.02213762105236158
-0.09773740035482228,-0.08181332661837074,0.10255508569831945
0.010961722268651442,-0.091804553920313,0.04956086787468303
0.007227221223824264,0.09862593411489134,-0.06524271917805574
-0.006825217420802433,-0.03343131494246751,0.05203303331404166
-0.06898337971813293,0.10586917288240953,-0.0595682187608408
0.021630475328290096,-0.03126137886796797,-0.0122297658947918
-0.0666360814672915,-0.030939575891113607,0.045699126921099426
0.02016701676002256,-0.049180872701944656,-0.09741997779268849
0.024469631539324386,-0.03632154931813829,0.03796331715011514
-0.034035770166706496,0.014535066345568028,0.05607168226651765
-0.03302679910120897,0.01653571865747818,-0.05947523084368768
-0.0912982348204657,-0.05214132273279551,-0.031812569507296974
0.007761610945836234,-0.015608526539639275,-0.06427875378510567
-0.03645493362126966,-0.010727924072852415,0.003977348967699107
-0.05209058205069286,-0.04580494854796538,-0.013858888433593088
-0.10083209292783293,-0.0950372450996501,-0.012220595321515346
-0.0110892135157796,-0.06471213405952127,0.02946628419441675
-0.04820656254251192,0.0012088108839290457,0.013464797017256579
0.006656419597242235,0.06327335354379532,0.02501062189595274
-0.05423585438740297,0.04005636985278395,-0.09884285593689554
-0.02403789796116366,-0.08702966155053495,-0.06572940630037616
0.02387820832898531,0.04183078190127726,-0.03164710620677882
-0.013375803109548862,-0.11640289404143712,0.10127499355633944
0.02336680704208552,-0.02906081644321519,-0.006673704623342169
-0.053642567838104144,-0.03742987826627463,-0.09136431071511528
-0.11212030201773865,-0.022070171011863773,0.06285454274339447
0.05725944781804211,-0.05424314030144214,-0.016994643800030493
-0.00529524264211555,-0.07012334461098571,0.01269521701678003
0.06829677154305086,-0.054719763322889664,0.055930516407055576
-0.0008939752530203772,0.03594579163892633,-0.10168975454916754
0.07318687708365135,0.04771607128147436,-0.06659796899624387
-0.022693611288549638,-0.08109543165728192,-0.021550233855173486
0.004110250757177032,0.028076619031256723,0.02137625517476948
-0.0024012847927124097,-0.121668740746478,0.053480595861285854
0.0020875579412253133,-0.04711841149838046,-0.07188910842266258
0.038203849803023895,0.14187997579826359,-0.017918767469770114
0.035109719964573224,0.028663103875725238,-0.05453491982945386
-0.05767610276716752,0.05840784644017199,0.018567860138572465
0.006202945116256969,0.05957489301159858,-0.08014906050189766
0.029967856251644505,0.03748923486096254,0.04003629171930266
-0.0019650518612450377,0.08484253301827888,-0.01610109448902631
-0.008301283067746808,-0.04658715499569249,0.034839106049070104
0.04039925487271892,0.03707670935258037,0.031541446486101556
-0.015548583111680147,-0.0996693674594588,-0.08324171252901191
-0.022450453326341574,-0.014709895040988208,0.040819948570071776
-0.08687064519903336,-0.07698734519211248,0.03948407115905968
0.04952686612183031,0.09498882069254265,-0.10480869322565946
0.15837077532576965,-0.12303420365645878,0.04237809011183085
-0.08656545514887859,-0.11091617375058482,-0.05660431244261628
-0.10200140764475218,0.0260126215356777,0.010890231426514425
0.133667899109163,-0.02376720297827041,0.02325370721889767
0.03136307756543687,-0.05410633508278764,0.060226965668836646
-0.0013002078350064974,0.067408683688455,0.02451872655540114
0.02397079210746459,-0.003128489727748063,-0.01062803378377786
0.00219779310097077,0.06569123619477074,-0.055247503633640414
0.017497011642620346,0.007544770402925312,0.05809654700628994
-0.043214594272751476,-0.08836381482504752,0.05974419243290737
0.009558306165348342,-0.09759496162713507,-0.07692779044787637
0.0014625237225975463,-0.0035961660447213937,-0.0004952038629595021
-0.016239277406909117,-0.08099647152267432,-0.02437161933253284
-0.06259631112806421,-0.08248842812207308,-0.04232512719153578
-0.09665806367228466,-0.0294495300395852,-0.046998153648430754
-0.10456979316928683,0.05393054609729425,0.03515928447361874
0.04684925818884738,-0.005462503205348289,-0.048108738639073216
-0.006872096780660247,-0.014018229048572006,-0.02226830913924232
0.01729315158719551,0.005504182510438122,-0.07631131090089363
0.0257344702611291,-0.04990223844555254,-0.10749617129361627
0.00901161021624719,0.06043426500836401,0.005853455036914712
-0.005424858576722323,-0.046169238083357315,0.013344643985842737
0.10418880273365987,0.01423473670085037,-0.03591599784073115
-0.011624078811718494,-0.011770177859734093,-0.0292359312484663
-0.03772987492721365,-0.030049696663419608,0.012263890634267735
0.07781630858028349,0.0608927668930884,0.08552025192818483
-0.028863700622554642,-0.0011739427567267072,-0.05456286608300332
0.001509157329109655,-0.010392603446304976,-0.08713381173527474
0.05052125062340858,0.024470500327970476,-0.013059243736625358
-0.11349880409316702,0.016551404601571448,0.07977156189070174
-0.06241808156802078,-0.03437776894204651,-0.08489575633026168
-0.050036213780654794,0.05291295988502284,0.061323652536023746
-0.04330262587207918,-0.035144023501705576,0.09136321882815207
-0.02703982798593077,0.0516183889003241,-0.01441266627501094
0.016462478527304734,0.04532282419764498,0.04057965032552414
-0.042972573403470306,-0.04747201470810655,-0.05300597224776183
0.056597233674381284,0.055266466903271375,-0.0560471686750449
-0.05939079770293774,0.07702411392945367,-0.03102682361512753
-0.0960690990100094,-0.03344577705087895,0.035919879440270114
0.020553071408966134,-0.010410053751687744,-0.14585039304824246
-0.02511459605590403,0.004403584535806618,0.005034866511724427
-0.06574333877263418,-0.016353863943210978,0.0018366146426097003
-0.005894340910155732,0.015527024022100249,0.071481043499913
0.057954539179522015,0.07474064721924827,-0.008684450389386344
0.1092221539120174,-0.04000096489368771,-0.014367845276049724
0.07894871943250588,0.11025414108546698,-0.060547682777543466
0.035054415756084895,0.06477779803184935,-0.053306270892446474
0.012734712399453726,0.04302357223724682,0.17864425853121424
0.094499010426102,-0.10658729856964005,0.04640164915028408
-0.043289678796186164,0.08700877973942399,-0.07334221529348584
0.060355705762515414,0.04575008272213395,0.05669211214494772
-0.030445594852721334,0.05481319432189734,0.028789668492074066
0.010871296618253597,0.04783174527266741,-0.024858864172539286
-0.023812560762551248,0.013270766846144331,-0.13771918935438435
-0.08118033689314305,0.021408271005348953,-0.08765370153237807
0.06893736445440349,-0.03754169702457596,-0.045294462414360956
-0.03489678805546274,0.10656737702773887,-0.007542053705837297
0.005535906664831098,0.00022791401032124653,0.09756558719899745
0.013255013408708525,0.062166125648259525,-0.013555511211357674
0.031587959048668936,0.03891360796668929,-0.015416638326455305
0.05618059319312043,-0.015542009083962485,0.04302184448564363
-0.02504121585163124,-0.013061786939822483,-0.026705972702112293
0.1779739405346927,-0.037709654812409746,0.01890679355249786
-0.04629834156603254,-0.018485371514271595,0.0409949406996346
0.04375327266307226,-0.014418969260567134,-0.002302476026037445
-0.03162706344784413,-0.0037574311215268262,0.04952473297511091
-0.027904643626897353,0.06553707449916123,0.019963050405218632
0.009968307720228848,0.05397947155001613,0.019933133936530234
0.08729465347220353,0.0028840810239066424,-0.0021427975456948566
-0.025008165284874387,-0.01088866064977696,0.03239037595377707
-0.050450965860139634,0.12457300188916735,0.014804495761552534
-0.02455092455351544,-0.028626604733206915,0.05066639991861996
-0.028872204734954058,-0.12184380340511279,-0.024980927688594824
-0.004996751289005813,-0.07738132857934518,-0.04101649839504653
-0.038991302462548665,-0.044748427214889974,-0.01889929453823272
0.003929244750122093,0.01607622324642954,-0.06573485177736237
0.04394584161246336,-0.055814584351511265,0.02950614787952218
0.03682188786560373,0.0716217439177291,0.06637386425716428
0.026242913046965438,0.015384535333291429,-0.038018477417747706
-0.0399377762849858,0.0464905563160924,0.04506511755814503
0.03804544287663138,0.025640651162122358,-0.058392283603578524
0.03012401873952278,-0.10493714868507441,0.04150910893662752
0.07994737965153137,0.08468730054798307,0.03507900015985974
0.04307268152115493,0.020676379119860446,0.024038067694422613
-0.007487428324902186,-0.09770046644520577,0.08579639091201076
0.08203444846271751,0.026916072542485975,-0.022424793902677286
0.10130888370861252,0.0271505981667406,0.01822570890366125
0.007591474757992237,-0.0058515797159945995,0.01509600410187966
0.0844081024350241,-0.004353598528815363,-0.0022745507273744837
-0.028276135357998552,0.018274036570419025,0.026874326304186437
0.007726471658129621,-0.0981901959741524,-0.046607359856036236
-0.03939175290202459,-0.03599390877179163,-0.11164101740772778
0.027593598927868244,0.0035504009677179704,-0.07165270894174036
0.06725182387387457,-0.006182444050060704,0.053143802940553236
0.06299103009221058,-0.025248022875151266,-0.013964747152739921
0.06172376475494308,-0.08373129330118931,0.05257851432745336
0.04552282038396652,0.007609347415936411,0.039170393793383794
-0.005577284904100298,0.013447353631101841,0.03168091521468493
0.07457413534194589,0.10603712816633198,0.10802413450153905
0.06668476220435357,-0.10125741797817708,0.04860424290589371
0.04299133321969394,0.10671320199599364,-0.028393990447131215
0.007800818206846928,0.02502848316220941,0.02349615075269672
0.05873749900040405,0.0205117406838878,0.045365580376245454
0.1295364609548517,-0.006260584006123386,0.0031430772139908088
0.011616964008381227,0.034796685088354484,0.05285508654319202
-0.04229675546536457,-0.048416057994852074,0.0033467873006367103
0.07107474913285261,0.00341061882654573,0.09891838937919224
0.04174986763494366,0.05334676793192903,0.0410243200685973
0.1422858390706283,0.02141854554373865,-0.013143450948581974
0.036997698842932455,-0.03304104884844362,0.020993634508061666
0.040474536076203174,0.12745102384468782,0.06235373709894493
0.08083107272188757,0.01691472164037174,-0.034483696679227765
0.0024690121188651135,-0.02098366976609006,-4.0544820496458966e-05
0.0756505932006523,-0.009537391501747997,0.023916607016698677
0.036867445354582445,0.03912786049808219,0.08219711414547974
0.025700259471548283,0.11493682885248103,-0.030642121120678222
-0.0032705864433213022,0.08604661315603146,0.058419355201046554
0.0012295666378508985,0.11246523987372713,-0.01734335704864214
0.06727132391712089,0.03356730942749621,-0.0757429072820738
0.09953836592911429,0.12409950207146948,-0.06562427385710128
0.09199239863346426,0.0315558293144526,0.019301436196082367
0.009600717887345605,-0.015573906737390737,0.015128479124166982
0.08580703415723467,-0.007896750712851511,0.010520953911533978
-0.011060252436484536,-0.018545969075583014,0.019937023055324722
0.07944950685212916,-0.023439740420195542,0.01615436104529095
0.12554073032019436,0.00041864392567087655,-0.027942342854385224
-0.019421724185988292,0.10125436703207084,-0.008525152794551835
0.07981263081557158,0.07499978110607385,0.030544852784099512
0.07104323337860399,-0.007500782731002728,-0.0111665250279585
-0.07212785503960886,0.013455467460843633,0.032201846267105184
0.02629618134118583,0.011969914712192376,-0.03303586848045818
0.08207046252446014,-0.03289204732290876,0.11555148194473823
0.057961672225606824,0.10622444859792605,0.04294286940411936
0.08404427067656231,0.06628193570388846,0.003266296266800965
-0.022861374697908696,0.03372236478096793,0.043143673144637976
0.009968187497700537,-0.012236300168311107,0.016308293803286508
0.04357775857650794,0.05223806883744264,0.06919917010464087
0.0559134869836405,0.06872788218297834,0.046335813393433366
-0.037232491182505614,-0.029872375294322483,-0.00755852679423576
0.06053342434137891,0.09073826310717105,-0.04069787921084111
-0.061464081976307275,0.078246082192531,-0.03965373973933804
-0.0535807191786915,0.010099811854503097,-0.03562461561586011
0.03686206523691944,0.05339778874844612,0.017594875795362182
0.1029507677880683,0.03159194647978247,-0.012906829096431396
-0.0353795980810934,0.08357735001295905,0.09744706069753309
-0.04035335177230788,0.02763349446760645,-0.13388198553052824
-0.009299621477312246,-0.007327915564327339,-0.044569913035238516
-0.011141369343248348,0.001268196610416352,0.040248319797741114
0.022940403143622327,0.03226918481754826,0.08300127420162177
0.013140165071481441,-0.025751327823101695,0.11203260251144878
0.04098118406858555,0.04756070846628627,0.12167232580287338
0.0014267006057634667,0.012571135378753243,0.02056247986581956
-0.024817179006418215,0.004600563621996288,-0.07878303520989458
-0.04417526784278574,0.0008622622786866006,0.061416378374974455
0.04768001434870825,0.05773275396147252,-0.01576071206587787
0.053956164381715646,-0.010899948643723883,0.06557801240650718
-0.06587119377782834,-0.09354342172988052,0.08585905611149444
0.07083972202247424,-0.013088868331636423,0.04514509448261869
0.1124910308522928,-0.06408284939323444,0.0035540891174070804
0.04062854770861628,0.02692093212346905,0.058595447388299166
-0.054681137028528684,-0.02467112296275516,0.08051121688523612
0.05492994565303147,0.04342539246614911,0.0024357414454714427
0.0271140067020373,-0.08494053318516467,0.009299969516126733
0.004372737077201802,0.0002549777993849263,-0.03660781352626165
0.05841632922171619,-0.007832976534832187,-0.013888679548942979
0.08289976406969943,-0.0029067999064547358,0.05497108324473347
-0.07313049792541443,0.06729039406823978,0.02640108204263291
0.02872190077957619,0.054147174391733124,-0.09597168824569863
-0.039996889488562004,-0.0359777930506914,-0.06631906819584149
0.0369991703568206,-0.005954834335174325,-0.048330346715257794
0.010184274608727869,-0.01095106015199249,0.08540810940479299
0.12590243940151455,0.06500694753424349,0.08086480083393793
0.07068086443066178,0.01760589607194549,-0.02570858071984493
-0.03474232595659375,0.09611804205719385,0.09787369147200861
0.0035001860790478036,0.024234719854968285,-0.003176651966326636
-0.008835446914686292,0.018419459996425174,0.07524755297151896
0.010877044094415676,0.00192896190069625,-0.008461784958762163
0.09866230852789869,0.014378128507696685,0.01754235738258523
0.03541625148879654,0.02509667881351297,-0.021842077234565535
0.05598381574690951,-0.006852919122563819,0.0005943022788162389
0.035975269952208136,0.010930611417584668,-0.043269621295691306
-0.056057077255550175,0.028502333717341684,-0.03004906002796839
0.017552934073715276,0.014116658654105042,-0.022066617842768702
-0.02511254646073586,0.020171308951712374,0.06676332117227296
0.08649835476829013,0.06971809919960101,-0.013269714399833748
-0.011504877047380312,0.035919921566618995,0.02575979463403209
0.07734108261041273,0.0842108382459164,0.026162869026065634
0.09831127943092115,0.08059368968069404,0.02000492078395827
0.07227918034303418,-0.03735853988010488,-0.02634750200006953
0.07123778381965365,0.031112591521737957,0.005080991314596984
-0.031076583252724128,0.009912225045132055,0.0261305558060649
-0.0599865074004131,0.02074515164246441,-0.015946357090188962
-0.05601910810174569,0.0009011004405642987,-0.011775391549695471
-0.06182481488358095,-0.03227456414532448,0.07466995984599847
0.006730726725215592,-0.05668390375919883,-0.05956756816326183
0.0844602449205651,0.02266330463408686,0.018476896059151593
0.059794063148510546,0.04876026926643143,0.10418610966966108
0.07623787242125868,0.0881988482362431,0.004624354754356536
-0.058940581949133326,0.03472626236452065,-0.04760267062865527
0.06453008684808544,-0.029007255752392644,-0.10659675866401196
0.03601945058380773,0.015598962304815465,-0.034116782913087326
0.03027509341072141,0.08681639315496995,-0.008567223534510728
-0.06333059781188571,-0.033107961146499686,-0.018123929435649902
-0.04150818178085092,0.002806823315628376,0.00272139138713765
0.012427917131067577,-0.005629050184307713,-0.051203536130422465
0.11633355927434812,-0.06451230805624747,0.04842262794046477
0.020416107271201574,0.04901997686322437,0.022989360693594925
0.02594599612630895,0.07182650798403004,0.033524813632000224
-0.05564560315176019,-0.10447147212223074,0.02259424065197225
0.049156752134185785,0.036361451816398466,-0.07215463632281942
-0.08607000307640991,-0.09096031264213333,-0.0320338798976042
-0.027654696021195066,0.04391174765641437,0.08064075146328917
-0.07501865608548378,-1.493862528916326e-05,-0.022871114274243286
-0.03941067558333279,0.005618410481336542,0.050258061305903476
-0.03733307992093224,0.055186782452561124,-0.023429293862294302
-0.03577809598955963,-0.12269586683950504,0.012034672576159137
0.022366976095543917,-0.03990810966324771,-0.03937308792935661
0.03536198676930648,-0.06894358037961507,0.0127854169573847
0.0715618526721002,-0.009434335864308035,0.03821538232339168
0.04003983098103811,0.005005391721819619,-0.007926815094605657
-0.023038869566954584,0.10375449885195027,0.006298681330981399
-0.002179926799025282,0.035863130944589025,-0.055116416733515375
-0.11223108993519197,-0.05039551958583808,9.962552259504265e-05
-0.019114996772696763,0.08733386823261248,-0.011419002347789465
0.02541781763349911,-0.0022235104864752877,-0.09433084107215342
0.09195859734484456,0.05877870899782829,-0.0014609110744007803
0.06557469192847239,-0.036974212150722004,0.026043213396480244
0.12373675126723643,-0.001058309537652239,0.06602218787002113
-0.04867929416538376,-0.028056292570960806,0.0012108380930789548
-0.030685684822803174,0.07850181363687807,-0.010948554400672324
-0.10760558921953878,0.10403262048566321,0.007144510951166293
0.036908803529637595,0.07268510744577729,0.045648492444340605
-0.011702737786315883,0.06871934457746813,0.053889582115767116
0.08761990012509685,0.0002973387341263941,0.0625152501799628
0.020965578580652528,-0.07406516143771422,-0.013556604740494105
0.018782560430378577,0.00010296389859163228,-0.08873262656863283
0.07636372509248325,-0.07563139830385301,0.008965060635964146
-0.04996272055579982,0.04592606482156329,-0.015439193124452478
0.04495826104526629,0.024059826273090702,0.0019295964354722642
0.11109070011849151,-0.03404462515416624,-0.028474694521953302
0.0639926399095276,-0.06609377667418241,0.012837256850500163
-0.01801688365906501,-0.0908590059208802,0.00162983696310761
-0.06153722903944949,-0.04095741519777037,0.02272061080672803
0.003510199878022968,-0.03441818759925323,0.010947278375077484
0.011956054286674027,0.02321364704788537,-0.021582817732974605
0.0923524517909335,-0.08838006692145702,0.05329589733130756
0.03715760500800034,-0.05238820548646805,-0.026772206795271716
0.1456764408305761,-0.00963373293716077,-0.008245092361585448
0.032597504668893926,-0.08934957787842564,-0.04596359782963977
-0.03269172990599816,-0.040798880345170034,0.004098247395627454
-0.015379386869731464,0.05424028377154447,0.0288103609619017
0.03407606189704475,-0.059883113151702104,0.010262508795651125
-0.10660617819457463,0.041246765037835705,0.06667111686317097
0.060182620508070994,-0.060647951020037415,0.032787620164038106
0.08311269728062087,0.025130428827831442,-0.016248868544026202
0.038388505140888984,-0.003954564502790143,-0.031848804013468984
-0.03592058547725171,0.013875922218635333,0.014487205414062903
-0.02012476913938401,-0.02576592392453467,-0.05389444330625624
-2.6657741439123882e-05,0.031244179129029187,0.0311888426405316
-0.0017223281755388174,0.08025578651303691,0.003821339692370549
-0.021183090914519982,-0.002930840010469186,0.0347627057035895
-0.04778823307319222,0.018934150252290654,0.11200240842602503
0.03708944348887098,-0.01735511303825757,0.0178461351044065
-0.03312963505261345,-0.07546051713082443,-0.09658794630724768
0.038967147600182,-0.035792824386498834,-0.022910050863295815
-0.0427512540824601,0.041274275042720424,-0.121091376650058
-0.015178743189271631,0.016021349354076404,-0.06814189431473039
-0.011201611201597995,0.02402149355342671,0.018963481668679436
-0.01923930610657993,0.10324199338980845,0.04604759541825702
-0.04123190619116318,0.05617198134636052,0.013943822678664593
0.04742067092074424,-0.03623837154711981,0.0016418368457807638
-0.009607375462014204,0.013717771448112941,-0.01370719867735434
-0.040516814444372176,-0.04829881245396343,-0.09230520500780363
0.047391262523631524,0.0022763659119258133,-0.031105755285670156
-0.07140968896138636,-0.042690295654792626,-0.035703942935289036
0.013617657432446088,-0.043757997723156035,0.025108253823461706
-0.07848839371137487,-0.025195936886834476,-0.012242507535713869
0.03756955895151219,0.012735716584546935,0.05203307877429726
0.0801376881118078,0.029185947979969956,-0.017693254227295126
-0.008700703205521633,0.056406561327775814,0.03545182095349639
0.06226664649873844,-0.0202267892452375,0.03459865076216265
-0.0961433279707346,-0.06734225122897063,0.01762656967061766
0.02692351573820099,0.007343828718828636,-0.08588744228063674
-0.08770728428143204,-0.007556821283550929,-0.06501899674551621
0.05069316042172846,-0.013647928905010695,-0.045042342848612055
0.005392045855610775,-0.014179494735152348,-0.025537034445077655
-0.005326065430378585,0.0239784713800396,-0.04061434520393002
-0.06993375466900092,0.03358211605673614,-0.0913196423354615
-0.023078792550861787,-0.032206038713323906,-0.037549414670810834
-0.04827340235206232,-0.017815705004059254,-0.099972467003118
-0.0816825748248266,0.07391012926531916,0.01394647615593044
0.001521587389565109,0.011861647858328422,0.0048515357960000755
-0.06429102937952226,0.002836404504497188,-0.055097073197918234
-0.06230770125031807,0.003893998444540728,-0.032236269143587355
-0.07545335382453064,-0.01178733553965541,-0.040827739478693115
-0.05801348659428909,-0.07014598432727212,-0.03783845623244679
0.09395276006150816,-0.09470582055863468,0.010800111586504879
-0.02729228719373232,0.0031990976799545247,0.031255024663189544
0.05580241143593647,-0.03845839087678403,0.010442165708689326
-0.07427615916771976,-0.06741271167532477,0.04271291264435529
-0.07586142703652989,-0.06353961840994567,0.0219957354095116
0.015952206660424455,-0.049121063126926615,-0.05907606667506567
-0.0695745614159147,-0.07956450570078713,-0.01652873000234332
-0.07882666991505893,-0.024572721955668855,0.04579365813494355
-0.03701712374433803,-0.00329638404454766,0.007666652573936995
-0.019870472934838686,-0.18836136009787072,0.02635764456603656
-0.09042337374305841,-0.00022054865876043953,0.0026996269815156397
-0.10392467549799782,-0.04778627308268965,-0.043034518965767696
-0.07299401352973486,0.022161416305624137,-0.028652320534451034
0.033283763321202635,-0.08078330043479601,0.04424514386852122
-0.06632179482790751,-0.07437666737385977,0.04414913127046699
-0.026798673477275506,-0.02597768630467886,-0.019270456873174184
0.05983775187809384,0.0006137993892793327,0.0318522724232531
0.015777797988758266,-0.08334756498860105,0.03308582279018955
0.03681069207942794,-0.020743737813436296,-0.04885481712711244
-0.0002922547672773758,0.017530650130806652,-0.01253346738685687
-0.022909819822914727,0.0539726445926427,-0.009407541874338858
0.05362657164285142,0.006121492504811973,-0.015606890898370716
-0.062477179570091856,0.0006687946375529864,-0.028014526839298587
-0.06481269965136431,-0.01761337281579858,0.02063708499929251
-0.07005209228417902,-0.06836849293931963,-0.011741094121997794
-0.051816180866020134,-0.023105692445876617,-0.003261406985333252
-0.059275819753807524,-0.03510905912924417,0.034866966775276245
0.002606215216046825,0.022333727642347385,0.01749246103660886
-0.03450270807125363,-0.048455848051754624,-0.05480920912267566
-0.059476954655998324,-0.005802460827131961,0.023166928173502622
0.015049267503250769,0.011825239168304212,-0.04825663106880272
-0.0201877300968585,0.04284039773651805,-0.04764745883059247
-0.0616157455562157,-0.06716730284429184,0.02657052050929408
-0.09199334445458958,-0.06394024103291909,-0.05535004178521494
-0.08800289632288329,-0.04880559531091662,-0.03908530122763989
-0.00898013402468316,0.033759064522817545,-0.03305041190765125
-0.05757181505415328,0.012741172170327966,-0.023148977139623966
-0.08992989528363791,0.033111435133676016,-0.029344589430573872
0.061708389832927694,0.08666361280634532,-0.06557136128553263
-0.03217829808985882,-0.0560605799914005,-0.049692468181926026
-0.005090643822286824,0.02469025626394347,-0.06649112841622917
-0.10597137742261396,-0.03362031489002132,-0.017206519631069266
-0.03535293760738788,0.01368606076872133,-0.05377618281290092
-0.0360642880012661,-0.03823045764874837,0.008529961973402892
0.034430625873873855,-0.06088451016475095,-0.07385076595827686
-0.03752802254846424,-0.05338352644145248,-0.008516312884279821
-0.011946240602205989,0.0055449093911666865,0.0003228705856158434
-0.08935657535249275,0.00793551162829861,0.03178811043300266
0.014758450777887601,-0.09300879138841314,-0.06684108903919012
0.036446032251200425,-0.03044144468263074,-0.0397905196904543
-0.07529062474578482,-0.05066561848982369,0.04933229207337452
0.03997126234183669,-0.08456127543564007,-0.01417483562701523
-0.07170221318335697,0.07310186536416602,-0.022018019515910224
-0.046107864476476274,-0.005705988416892321,-0.07487825022656476
0.05299972390165847,-0.044976556524536276,-0.07668923930880137
-0.06314808257584811,-0.044949506931737146,-0.04166285384664275
0.03218679284768615,0.005838888639109606,-0.10173952655386043
-0.0043058082547089305,-0.10061594286341194,-0.02390106696852208
-0.0668132461642759,0.02695686186448806,0.02696727644408693
-0.08827597733051831,0.04949618006474049,-0.02966302834995357
0.046624435519084656,-0.053953271206807984,-0.07797509985310276
-0.06941471792448634,0.020111039422755227,-0.053305787880769034
0.05785228842895784,-0.020454584749344522,0.0017665296114634174
-0.02517568566808432,-0.009171580164095902,-0.09265801212248602
-0.03677912337376252,-0.008390367635076914,-0.06931825945370328
-0.030110664438093106,-0.09392234864974687,-2.3533049881532125e-05
-0.04630535713325493,-0.029229722101195572,0.039627464495339174
-0.10665529712978906,-0.0649252828273615,0.03799305534461997
-0.006869908344442071,0.0511872496978041,0.04101460557782387
-0.06319927550758053,-0.005999672318124094,-0.014641961176754911
-0.07681077351348142,0.08289029954874556,-0.14031899266260447
0.02014601133570474,-0.07659084792606735,-0.06143628811556964
0.0727066855883954,0.013352610592579403,0.03382364956680628
0.03918650376199985,0.005673673066374129,-0.07255625629341701
0.14746465223955504,-0.008403047056540207,-0.0346175977861359
0.006174587530315821,-0.03986499680973288,-0.0749823035941895
-0.012767948541243027,-0.018561423341358282,-0.007952321521196813
0.062125414208829464,-0.006411055364634986,-0.09806073867325421
-0.05094935956840285,0.058111709004895554,-0.07536209355550909
-0.05036796344464734,0.04066803241579742,-0.048560096127164186
-0.11075469771668037,-0.016814674372450683,-0.008249359820762706
-0.008724637633118065,0.03505885628628208,-0.01254325780926753
-0.15753217642551054,0.012601902562418804,0.03701627361545036
-0.035394946990118435,-0.031038047945167353,-0.05443179558991616
0.043631233460864664,0.0006398411026750858,0.019599932480234707
-0.07257566264916093,0.03370338595148888,0.035739571607712184
-0.02761634497516887,0.014255145369825684,-0.024300739118765582
0.04044579353331096,-0.08336726862070878,-0.007093641654483795
0.02177580738797338,-0.028442552142469633,0.018215729454948707
-0.09798500469315355,-0.1362881307880619,0.011448704647823424
-0.006828643554141997,-0.06481033297318202,-0.015558266395374427
0.06436921430630421,0.049200443204614086,0.06376577163646437
0.009133062334161328,0.03298884254146127,-0.11122835647749188
-0.07698118288432085,-0.025377064214707097,0.02005044718865337
-0.11175105875334722,0.06267818225221784,-0.014420326535259143
-0.05460807899936969,0.024508907543817918,-0.06547767312513637
0.014319082304928137,-0.049657275325375456,-0.02227262167748722
0.01733237080287127,-0.025706541986678093,0.02737403441905535
0.004456520890387538,-0.02808381630349742,0.03809032804530427
0.04787388905048674,-0.06254238185224936,-0.018033450121884526
0.01668516187581604,0.03238273054570476,0.06865905209501495
-0.06574570675361481,0.014629641813955893,-0.002126933666395086
-0.016179385847848646,0.022935348114816068,-0.022289943705342426
-0.05905228099343086,-0.06175563099071577,0.04321106420954331
-0.020355855120193778,-0.002804995968820922,0.09235889075668878
-0.002717307411281544,0.03584667717329835,0.08401348624279242
-0.014921203821510253,0.06037617909262227,-0.04425541899217924
0.0285764065348928,-0.16402225645805182,0.006368651110235761
-0.04667224211016799,-0.06763620295385908,-0.029395753703696625
-0.019636077432935196,0.008478470347861288,0.10996886479224044
-0.04305545070056983,0.03207690094271098,-0.04739449338464629
-0.014089374835735045,-0.01829605141714899,0.03895939627599672
-0.06323622272237558,0.04220519605978929,-0.008502089959198426
-0.00629954430802935,0.016723065764301402,-0.025931799949937592
0.00966486934194931,0.10581452966522688,0.016374350165797684
-0.013247625961268796,0.013878649260395805,0.029129639993343597
0.017420823326688824,-0.0372681570882378,0.08918697908376896
0.038580402479440064,0.08837616207519808,-0.08189473442159231
0.0032605159266268363,-0.007799619235346257,-0.003366095156670225
0.026168539001462182,-0.04794198357986935,0.046515972265016844
0.06830698396865605,-0.01920562970470082,0.005098010006247853
-0.05026095247647885,-0.06597850908371247,0.030892786322973445
-0.05930913117126753,-0.05387151965348188,-0.04955579242202734
-0.01357770871018893,-0.07864267646469061,-0.05681180248150233
-0.0019312968431248589,-0.026013117521980402,-0.05256811511697752
0.0061249025963170806,-0.09287869869543389,-0.0371205474039441
-0.07341459181853431,-0.06730033157388637,-0.013496521048800636
-0.04417773445287434,-0.00755910768938269,0.0025836580448197746
-0.07051177151019794,0.000564447605091346,-0.11445581387188457
-0.05173622515641829,-0.08556487902788613,0.013752814514448772
0.016482603854257885,-0.02633251097090236,0.07347571306803341
0.0017569492259504257,0.003378975224891955,-0.018340077051012225
0.033925191016701,0.026702133883127907,0.049302127038569885
0.025189710807673203,-0.014956530772609968,0.031172696816567178
0.026079316789924298,0.04105414634180739,0.01241935395419962
-0.06178665524474008,-0.012211439288391586,-0.027809406425385288
-0.009691950555026441,-0.04488415784272514,-0.02688199151733077
-0.10675348664387237,0.06160592340001874,-0.08493373620606409
0.06831285735414827,0.035352981139443344,0.010087307683300472
-0.052963444824001504,-0.0428206505942327,-0.03614499004942343
-0.038022624195827165,0.05472574831229505,0.03183616279030986
-0.004388205121498683,0.05948485323383807,-0.00405796996425224
0.006548456660512915,0.013263973989427042,0.09369123317469973
-0.05988015945182833,-0.009952993426581298,-0.04104390168306262
0.014081032710988168,-0.022414459740084745,0.028997084039577608
0.01487608723592786,0.015190313325523442,-0.12348282494789688
0.018110608174804258,0.0612787547444929,0.041002350859798
-0.017997207334967368,-0.024661031052078047,0.08739440190570653
0.04188399864098,0.03227386243741223,-0.045287128547919685
-0.06413241102106049,0.005001341878763619,0.025181760415994216
0.027300801482221426,0.04806713065886728,-0.10742670503629463
0.03871083210486133,0.06542694059806738,-0.04417219097318305
-0.08139242778364104,-0.021237840699332145,0.05452717063822891
-0.026812587332568808,-0.01227030286950477,-0.0168507646713613
0.06130738331058972,0.007612971761057179,-0.018278141145692744
-0.012180883968053537,0.004342413693604653,0.000510665420079659
0.03476124748562349,0.01964452871421602,-0.03737804623216888
-0.0017175072421837744,-0.03775256675013868,-0.009158727491284897
-0.10886462090707263,0.07709540120886026,-0.12337115315160475
0.0032584578441328185,-0.02307690449511713,-0.03897055219496175
0.0809936112004544,-0.12308694389828029,0.02980069842704138
-0.10032821934644673,0.07039112257631172,0.026822228919422313
-0.01930636849274317,0.029616526294250135,0.059324550951230896
0.03612829066446785,-0.08080461663675641,-0.018770345581349598
-0.005822692114176224,0.09914574898051687,0.04093111134699116
0.026618620136165373,-0.026918634208600765,-0.0039759852711229475
-0.024249271039670513,-0.08202336412044572,0.023100537534198003
-0.019102125381464427,0.026839613372666972,0.028683134416811282
0.033788950027378147,0.07819819755536342,-0.008408906807272323
0.025377864078918885,0.014817940697508901,0.026169853413513383
-0.007588564804522087,0.05874046962797562,0.0363291573131216
0.019750623221147644,0.04659867157698293,0.04411319338543996
-0.05069153248760775,0.027739828644980917,0.05615370649785415
0.0183255412940504,-0.02415625838280744,-0.0034623578357468833
-0.002633627759765093,0.007713030492347245,-0.030143060814118605
0.04129427443179769,0.008759073288465811,0.004451710521289848
0.007485751889582226,0.06514231763807761,0.06898921689921385
-0.016073954770834675,0.009580078319195287,0.013663759640082089
0.06617284029975641,-0.020524072563283396,-0.01242297551189287
-0.0956274834178531,0.01787828034700023,0.01093903644588515
0.020429589026276045,0.010171165103906513,0.08235828123156688
-0.04887102613787056,0.043679131031050616,0.012114721124790655
-0.054220425151115526,0.04533880240946501,-0.021371884961604526
-0.015682329755097434,-0.05452491933903723,-0.06664847429127166
-0.035888060261207326,-0.026902719515193053,0.029188820818448653
-0.06357048790308138,-0.07329750190866939,-0.027054944581179723
-0.025519753758036536,0.0029777827360181527,0.11520032868827211
0.028942991107959067,0.09090757945927666,0.006128456699299426
0.0953492796149438,0.0362895506256683,0.057471283693753115
-0.005191321863142358,-0.006599118043636169,0.09298295772548099
0.02931502851162839,0.04007304696498752,0.037831452519132724
0.007643252927329903,0.06996593457626793,-0.03383935362207999
0.020739427793032755,-0.04504229163858495,0.015593755514120941
0.13712852786582888,0.13090165535192205,0.023360809853726936
-0.02082510462618991,0.050285373649092587,-0.005172145834093518
0.053006773457594525,-0.07755806452777828,0.01428171664697869
0.025337414040747415,0.072654297583442,-0.013337059630233577
-0.049626029136533766,0.08415783488136616,-0.03094353873152879
0.028271162656837698,-0.03188549732598964,-0.019159186591182875
-0.06674155202775968,-0.019142877499059317,0.06167066455098256
0.15619130680594143,-0.04255445515744292,0.019905588208417656
0.035833776460833786,0.03241933779126818,-0.027341197132289555
-0.024117684146767935,-0.03296379219449015,0.043233851074254974
0.02115051714549178,0.02901063671012055,0.05677076230656495
0.01729174454589595,0.05866473817064814,0.12045899202736768
-0.033808852050913454,0.025169774011751647,0.024827940813056684
-0.044961770718597485,0.10992436922439335,0.07924457681157082
-0.00015224338519629482,-0.02246947316969268,-0.004906364839466555
0.052890369715002244,0.028231241405741896,0.0009906599332921776
-0.05875403711664133,0.022174166366690107,0.10195626612128368
0.019432804806263942,0.012215324428437091,0.07515841335184278
-0.005974288252713036,-0.05261897416474934,0.009311642283017334
0.029792251010378117,-0.023245611442196633,0.016391120888206098
-0.010383188172967257,0.08049792840581954,0.005251559945214179
0.015007788676418967,-0.10341579395290475,-0.02196685424596025
-0.013187804977425652,0.03934627739766855,0.062440321305427524
-0.03651788084226851,0.03408785534903225,-0.010284161375566373
0.005204289320716279,0.05121763918848396,-5.921422259548559e-05
-0.005728718079067729,0.051413330329871026,0.021256574655633263
0.1388150417485965,0.04660971085105791,-0.06557144167058564
0.05724185131049098,-0.010093115412865103,0.017666831446715547
0.06491164863986627,0.08734279992648401,-0.05231812247034863
-0.06873629093829643,0.04723694616885351,-0.043098438700435296
-0.012364445700967269,0.008918709764547159,-0.004350924337065472
0.027030068856556032,-0.0693450193466462,0.040711484338515944
-0.011930315921327882,-0.01044243440687484,0.06843298997668301
-0.004988728524266822,-0.06213105994387906,0.023853321948980225
-0.04710342934657306,0.05021517492670756,-0.012552120058998369
-0.024972278873948706,-0.004103923007764656,0.04817925536565673
-0.037851393452293686,-0.08101334681592337,0.03298589717691349
0.04206595972409545,-0.04304732995988026,0.032629654790883186
0.14568826937418072,0.021066144260641132,-0.042237266122653716
-0.04741658919440457,0.03554933969557654,0.08640737315046176
-0.020625485175464232,0.03215716362118973,0.051002820755443504
0.023442886621495965,0.022468870752527785,0.04256905938656347
0.015485956712188987,-0.020954851074867383,-0.0348050038284
-0.008687317976727293,0.039802301867736686,-0.03856079701907933
0.095589773202346,-0.07924362827440327,-0.008638460794510708
-0.041903946280567456,-0.05643827240314885,-0.03041778134258883
0.042972647365477366,0.06662600613946248,0.10467285058853557
-0.04999232888732478,0.0310276584935483,0.023931945093943346
-0.020626881634093052,-0.010989094907968216,-0.0025855438520132057
-0.06248718268646395,0.005800566551189771,-0.03144081159148659
0.0025900779954189934,0.014286412354188906,0.04500922760607072
0.11790909163416863,-0.014893382641633028,-0.08215854491865512
0.05840866600663011,0.00893167831318644,0.07322599835865382
-0.03590125448191575,0.029312524209134504,0.08046875531681022
-0.10371201546022979,-0.011331254332838523,0.030156289677530552
0.02414405360824448,-0.008802018196257741,0.003579205570948339
0.05568556419371391,0.06894263228087295,0.054874819533651184
-0.011705546557982567,-0.09593595071958136,0.05270545414623216
-0.03102239802265391,0.03470746054851218,-0.08478591338390083
0.001337263965718552,0.004711427049196401,0.011192786637856566
0.07249271921780756,0.035510806257511254,0.04531284288200013
0.03448511240284294,0.028443904293464342,0.019995617314898382
0.0015871480945687105,-0.009571571278256738,0.031851905959175336
0.07114600989951654,-0.004701269107993376,0.051050573460853066
0.04306047070016671,0.00777057966065842,0.09424570114048464
-0.006900634952203621,0.09520878095462293,-0.06424442599611363
-0.0532215832563065,-0.014957187032013472,-0.02788870315435507
-0.0017377578474926728,0.0834808866764987,0.1011638766339169
0.010309002239330362,0.07768644060378509,0.04475555020844042
0.08542120498498915,0.03231132648531847,0.11227246695597538
0.018628158513872825,0.07065237629176453,-0.010983638451049143
0.016043055246768273,0.05152963419391622,-0.00205968816410804
-0.032461745206279216,0.06701291731077981,0.03863710756695449
0.02941973241604884,0.04248794392969659,-0.1015404934083494
-0.008350657101185256,0.006310903046244069,0.0019346465380763733
-0.020611815310721426,0.026893797884684052,0.10228398973154892
0.015613885146418545,-0.007010816019597167,-0.01538865239544241
0.014851525759267088,0.10294894877348203,0.010373609074768452
0.03867124770644137,0.10465068634171183,0.03866203218025975
0.044649929378341904,0.027676087766109,-0.0130272991214594
0.05286370869885641,0.028315218179378713,-0.014043881333364702
0.022981361093628326,0.03067209924828595,0.09281240552455519
0.07775995909869289,0.045340551558905956,0.05302750106900586
0.027742655061023642,-0.05225682139967175,0.003979924363526633
0.07887674577263473,0.05885742843482852,0.0635654082604018
-0.011313580133524775,0.019835841927040753,-0.01562716340003059
0.10521076778946926,-0.0011597291756131438,-0.01442176722378918
0.015010942983347715,-0.05670025541795284,0.00909675754738848
0.018147452198066467,0.08008966133805435,0.027866561848843445
0.054548020109430384,-0.04413175715969664,0.0435124009232898
0.04802951626108308,-0.05804674066082034,0.145437549871217
0.013905180383020348,0.03006415005819057,0.07709734943675607
0.11929570598856032,-0.02175323475979035,0.05305466312700968
0.02861661328209598,0.11095817477209557,0.006160780318656784
-0.040565049622144314,0.08536247335670978,0.00091796021297476
-0.017949036394744322,0.051935967135853224,-0.0017373171001240813
0.031020738775966502,0.030424010076980708,0.01841352225342753
0.03205084690737359,-0.019533586682904544,0.10809584434680525
0.08391356301321386,0.04512912004297774,0.1550659549603166
-0.020439043032812465,-0.012844680395565182,-0.03552228202192029
-0.0974042695468463,0.02820671142228603,-0.10904373448780719
-0.003109454313110738,0.053541145902923415,0.008822803239717451
-0.008620947079670737,0.08538752344746674,0.06312605859528615
-0.04698282325461042,0.005049164946392843,-0.007496132347850232
0.012196707379446264,0.029887309035937032,0.07021352241923817
-0.1167397968832134,0.044157911613590145,-0.022972947846370502
0.0456879656088412,0.024154821200254716,-0.011326548223256466
-0.0643131769748928,0.01695114058040821,0.008973187976248067
-0.019088990768176425,0.04970054037551854,0.10510964962897512
0.01663465339155102,-0.041732939138887856,-0.03516897656877209
-0.04084564949069548,0.015014457324708283,-0.02593086826517851
0.06766725171904009,-0.01437695002864458,0.155014884288409
0.04775591417450922,0.009778887920556123,-0.024298278665707298
-0.009495195142349408,0.053938141524952396,-0.023406700199282832
0.06379943076467243,0.05552445708842983,-0.0037403821026524772
-0.007989832164170735,-0.08396455700275132,0.032494536997055616
0.09213883969467289,0.061006289587794575,-0.04095985589277627
0.03467937343375106,0.008946772072954029,-0.0768431187334789
0.044952102845655914,-0.10489833364771395,0.01984423597687295
0.04563902368707986,0.10260128755625975,-0.03952670121071579
0.06280855944924667,-0.021761170166345073,0.06041858493541754
0.027107884764788967,-0.01865259239782403,0.10423974523819277
0.029235015472641936,-0.010130829998717531,-0.01169928616994922
-0.02307306702213975,-0.009388136391133528,0.0373322053256566
-0.051789117838755394,0.0063988986282761465,-0.01190672010206278
0.04204813083537989,0.010326212514554418,0.021028411683852718
0.06890227615986126,0.01003738259826257,-0.07591685891325996
0.05982194378930818,-0.04486342026240376,0.050005905047434615
-0.07052387047176778,-0.02039107568328138,0.013687633380072825
0.03574094283482473,0.08814627206197591,0.14899827991763256
0.03430205889489897,-0.008008995492268587,0.07287466590584957
-0.025032593487867287,0.04419773334888835,0.0500363476459963
0.14120806357457227,0.04057097059503364,-0.0318566345463338
0.01540044274614189,0.0459789456116526,-0.10997431169133264
0.0233409312022124,0.02792454958129247,0.0029197630485787752
0.034596933245986214,0.06099364698016581,0.01751117827440394
-0.0005108890789814972,-0.034876965349980665,0.003993609233116133
-0.08841211746856094,0.040451997430556205,0.039608058305371924
0.017558855484319465,-0.06223001481804706,-0.06760399806381719
0.04153707352141499,0.056923906607300866,0.05288932861471605
-0.025827099040106813,-0.08830034735508058,0.00801371212708595
0.040332812038846796,-0.00949149514529447,0.06056048719250868
-0.010938533793873894,0.02097759208896914,0.040731543807785875
0.052085903526087676,0.036749201343940836,0.05546698557171356
0.06779208308819701,0.04198738651640245,-0.03623848158856928
0.006009383111120297,0.01884322421086964,0.060137731315818434
0.09310455274377549,0.08546231087990377,-0.016797339400991297
0.052686874670853485,-0.0006872172365585982,-0.00778683713421657
-0.03436943586218514,-0.07440252694837775,0.0108082383640262
0.008698899022131858,0.10722214745289817,-0.044369587226043145
-0.011788084406262141,0.060959249419259745,0.059665261089964776
-0.035098845750753276,-0.006336373702805669,-0.043845005053328744
-0.010934538675565434,0.04354972524970101,0.011310503887914585
-0.029033679531014878,0.03539779759206903,0.0651760835996923
-0.030115419224617343,0.018777494368834413,-0.021540574789812108
-0.07026272563116014,-0.021855545269062998,0.07052248625004874
0.0035270305849912863,0.0369804209705698,-0.02048164450617472
0.036250094792879634,0.017500235790161106,-0.039675362511528145
0.034644840966071955,-0.009575261785564273,-0.043759700833394574
-0.03228104111058758,-0.13725565573213963,0.04860822631415878
0.05347068584552945,0.0006730492430927141,0.0570288498648352
0.06475276905969558,0.02393867043606976,-0.06755492520322362
-0.058889670613161575,0.03348374662698338,-0.050046986849816566
0.018465182955580063,0.05256525849824512,0.0860213410158359
0.007900190303629985,-0.03234012604943395,0.07152437811031284
0.031657586049883654,0.038439156167428955,0.007803581489069339
-0.03967735816833397,-0.02442205649386862,-0.0891098728088166
-0.01333002533375684,7.194913885354669e-05,-0.028325514247464538
0.03910497429687706,-0.03631029784876966,-0.025173193808169927
0.007400895100893134,-0.034610666365173036,-0.06243955636956058
-0.006538762774029119,-0.03911993701025847,0.04924629887071063
0.010054166706456206,-0.013154737995697583,0.048412646467647785
0.022504948628378374,-0.0648599872776054,-0.008812260127792829
-0.02036288220808804,0.0370263763032385,0.06591355007145504
-0.06056933990155748,-0.030382347286048505,0.011429508706225642
0.004804164971556603,0.0696717732878601,-0.01549574430912699
0.1155853699207573,-0.007298663114530857,0.027164437004162864
-0.05759835602902689,-0.0060877686924517855,-0.02777188293555019
0.041053614564932,-0.0816435899089594,0.0069813333909696336
0.01130407610070763,0.0014996596067021707,-0.06143946854593009
-0.02080973889560812,-0.012352643263272131,-0.013048831905893503
-0.05083063044235111,-0.027071304512538086,-0.047828781775244404
-0.0625150230051558,-0.031832155040397644,0.046653296511052676
0.007190772742920192,0.0060418254963015856,-0.020884362904455278
-0.014949077662943304,0.11090095068934097,0.00381275778133504
-0.011390671404681137,0.07116746963101211,-0.005920298540897102
-0.01360266914100429,0.023410460217666188,0.007822471322890805
-0.04397651119905563,-0.05600922180779941,-0.09015969606995415
0.060195264089141186,-0.06734867904294302,-0.01319716287786552
0.007509002349453982,-0.038892426743405366,-0.03435844432637487
0.001295230774029616,0.0021064271756396236,0.01490749265163817
-0.0008113322174322299,-0.010498222310187402,-0.07127294521202115
-0.03432044780977594,-0.06527925196678597,0.024064877167940486
0.018197657894084757,0.07887659934335922,-0.029703835009761953
-0.08944248278277456,-0.0005322254800056662,0.07094240747572716
-0.05866890005726645,-0.025502137612380325,-0.033437408680238256
0.033643583540552593,0.03422412401500812,0.025291774441953997
-0.015149402709092968,-0.03197666843585247,-0.010302766140991255
0.006696018453658026,0.022812107959090902,-0.05875645426630356
0.020317391321026286,0.10757432332640082,-0.07574248600044692
0.025938091575869456,-0.09611737928739564,-0.08163460521112118
0.048544558765297105,-0.061107327598682246,0.00490735055055227
-0.05950356013594372,0.012375288114884506,0.07951352887833102
-0.056603563103988466,0.046873822697326796,0.04013652617989614
-0.011520616719239353,-0.10627354275665798,0.0871033850887134
0.053141206945723815,-0.014462592569573895,-0.03103366220688763
0.03274713074033571,-0.03458920532973751,-0.04012887543271926
-0.03977235909083867,0.01077703007240392,0.045160098787106834
-0.038993058698496105,-0.027019040010816325,-0.020646520199007097
0.04927225262472597,0.07013402689327507,-0.11503974641553796
-0.05350111824445826,0.002807521076393295,0.026746156400758687
-0.14640408543310698,-0.032952114789453646,0.03428182000167454
-0.04981442991001736,0.02305457390186306,0.013691227598489933
0.034684214099087,0.02124937373729375,0.040043913043517315
-0.011248784730665186,-0.0323507384650369,0.016918640266942148
0.027311348680744606,0.13146856354556483,-0.039359356944062604
2.7923865058711306e-05,0.0005649634045520671,0.08105189505608482
0.02745126166628797,0.018271465986688256,-0.0287611972650839
-0.05535463708369355,-0.04495180954780123,0.007388407616439281
-0.08643205880764873,-0.05413531178279728,0.0007114374317140244
-0.036814572938529765,-0.06873493096680414,-0.012964482501014656
0.0018421318997279244,-0.06820384608537178,0.019798939070501707
-0.02937220536813679,-0.029091884758363815,-0.06334486524693031
-0.08916915603697134,-0.011572337331940595,0.08763791042971222
-0.030624869570789696,-0.05780701626614823,-0.017875270826133945
-0.06610208752433384,0.07055310467815681,-0.013582671307670081
-0.12847470067658986,0.008541951501456885,-0.011719989374351435
-0.029323095811362325,0.04324307862136043,-0.05816186347841789
-0.038699139522211184,0.003491865403652459,-0.060650198374935085
0.008412113244607545,-0.04915698487168764,-0.012358702972923682
-0.07121867052053717,-0.03328419260478788,-0.09071220122692376
-0.04664652520426042,-0.024570259578946638,-0.06289217334080419
-0.05469290860047084,-0.08001471870974913,0.030957959480147745
-0.13036977224201768,-0.022500418566776106,-0.022906714651286783
0.005659195577143967,-0.02642971018834739,0.03860142687051085
-0.033108183478720174,-0.012871230566785937,0.02827134457672498
-0.047663739759766136,-0.005744381870008603,-0.06821856154957459
-0.011859502784264078,-0.030328739253241924,0.00928618270409717
0.01709213275484858,-0.020011211213668965,-0.07400375572909347
0.010661786464582632,0.0557473738038745,-0.005644772908076497
-0.011029027518356068,0.0015610554922666983,0.08478192427042061
0.008101588175956385,-0.005131689773337665,0.02332789660553614
-0.040252729498286066,-0.055321202691500815,-0.06029008228166069
0.0019130095861669312,-0.05016542394146711,-0.06517201757862409
0.019578964581130627,-0.008573902520923988,-0.04890548872519729
0.05389037484206477,-0.04604479576043779,-0.07925428665021722
0.03798810518435717,-0.08005739752123925,-0.1400998563602127
-0.0075289983400905185,-0.043020712721465265,-0.0683711171458084
0.022160609250452185,-0.016244006273081136,0.0038815692040592605
-0.05093238816323285,0.03325816863298476,-0.04161250370035949
0.02710024220911952,0.07338060051370224,-0.011674880849238697
-0.07955783383687692,0.03705063111430164,-0.043385808244140775
-0.0013057588058860495,0.020019277180941604,-0.0832431850165798
-0.02588641722517578,-0.11493548826169468,-0.06293732553363393
-0.11422673008222894,0.012896596037623827,0.012684511484783747
0.009385236975250552,-0.03659960147910461,-0.04701966555220825
-0.08101147291215884,-0.07459363360115973,0.02662299787059365
-0.0339680536786977,-0.08267753968241406,-0.0787761996899572
-0.15010380524397882,-0.04150484561687828,-0.10710483735853751
0.057265244264675746,-0.06305021903679628,-0.006452505779152632
-0.015410570900339452,-0.08166818970422607,-0.05686615915211028
-0.13911287915403517,-0.12338110616844018,-0.02814421340547664
-0.08250233532836762,-0.04616642531892725,-0.0933473896654743
-0.061890142138428375,-0.04683520285928136,0.011773849374757478
-0.037806899519322576,-0.06701566034249137,-0.03904316253573601
-0.06396514443127739,0.037577195369547886,0.02692950316188587
-0.08028308538258855,-0.054775911321455054,0.009708143487392757
0.08798223009377784,-0.011635920102036642,0.027850015656004982
-0.050128126537907866,0.03122519541275896,0.05317577540587594
-0.0912833299525314,-0.17545467470532056,-0.06086353028208988
-0.01101395341639159,-0.061253631423809865,0.00044048017973326997
-0.04070897378083367,-0.07362100990217942,0.04228932416840396
-0.05524708002610558,-0.062204649951225155,-0.018229822596807027
0.0478562772400582,-0.0956061860627361,-0.02638933175123152
0.030803884776161833,-0.0355123892827926,0.01555129840451027
-0.08485240412476819,0.0036842758807370535,0.021957478774475576
-0.08549360482978922,-0.05767098690503528,-0.056434431803231336
-0.05163986247372983,0.03812314690515478,-0.027971020358619286
-0.010691683051525248,-0.04190393759538827,0.007697401308074718
0.08652918460886957,-0.1135980267451008,0.014187843760141212
-0.0176089853157892,-0.014126967087514819,-0.009390101620299402
-0.09241295178660781,0.07912785433943632,-0.007237993810317407
0.03861166544077807,0.02606337625614837,0.02168731135796888
-0.10271249667843946,-0.014093744090632448,-0.04157824370114507
-0.04279850986246769,-0.04321888110272443,-0.006272048412779436
0.04757744030180426,-0.08860380918634511,0.01781557449345005
-0.05883527060316447,-0.026605546305372298,-0.0801570826083679
-0.04563945461562167,-0.06686739914339622,-0.018660479555233648
-0.018853110682017827,-0.010367339443229085,-0.0025944601274250356
0.0262404143539308,0.05759863366928862,0.002643640430396079
-0.04677130074041593,-0.03439450550488174,0.04851317745133199
0.005558111151196931,-0.08105802201551832,0.019500331513419417
-0.04585398386085712,-0.04923759913578503,-0.06535899067131282
0.005355113887949601,-0.0030962855772064795,0.04589527739122956
-0.013742101667359147,-0.020664280312011375,-0.09321149560834534
-0.041634949922307485,-0.03564008854700874,-0.030381088198033084
-0.07767160787116036,-0.011139290274471894,-0.01885642741659821
-0.059615056099201084,-0.014362650412783921,0.01048395854271321
-0.01040197084726547,-0.04690728997168722,-0.060495103974461346
-0.013036980289850644,-0.09082093510464101,-0.03781945846222003
0.030347112361768944,-0.031846359525044596,-0.06974404130401575
0.14665534137436373,-0.09517200332226622,-0.00776766992747476
-0.04779467632632976,0.036374401834530765,-0.030570342062484854
-0.013212693201791534,-0.0649576734971441,-0.03770536564402219
0.007870014269789297,0.03193326089980074,-0.009902200862990942
0.035405163388851496,-0.07921017038403298,-0.01016277422206306
-0.03148702313445991,0.005698226250665078,-0.06831642418376821
0.004549250366664629,0.05324182802059604,-0.035221020282024874
-0.065372158732066,0.020405585298716725,0.04226674975552658
-0.095841850633369,-0.009526373696194624,0.03572952560602964
-0.006890681784163403,0.0010579328812132405,-0.09854613191547176
-0.02431999772681421,0.013893945165039412,0.10623064238088385
0.03661815770606966,-0.04756370564307907,-0.052653517661599425
0.05380113855295001,0.03207387257738442,-0.011981233775701658
-0.08221685707814214,0.032768409214834406,-0.018368232270011234
0.039663989436109284,0.008399330173606912,-0.07887739595634449
-0.044239422526256574,-0.0397125648063363,0.012426854983950629
-0.08090639171362281,-0.0071963951283196305,-0.01454791280477663
-0.0005664953101609301,0.009147570955691447,0.01937323145883367
0.012979469175891588,0.005935380058325531,-0.022076107804046563
-0.011890732241832905,-0.07347766956029878,0.08878757796866957
-0.0195444217852435,-0.026125164982065942,-0.005302995843849146
-0.016100253533642687,0.04009607446483686,-0.027985647064575455
-0.008764404904244946,-0.05494749101383609,0.008456518286327359
-0.04719135688920047,-0.013594919804459944,-0.05006501667399846
-0.037739662911497454,-0.0716844606728036,-0.11948316889829065
0.030079975332254462,-0.040082995058197755,-0.02034006252223877
-0.013976989881024983,0.013332973252486663,-0.018844914707385967
0.0706901188998281,-0.04095967358268036,0.03723094826521736
-0.03743963596712782,-0.09302158803477197,0.0023408402769920997
0.02805441408747448,-0.0031268994555598093,-0.06457997491723298
-0.0811707608933292,0.039920572620384044,0.027304576091319026
-0.024561478377793326,-0.019032292258842447,0.0402538894789668
0.02108030907798798,-0.09758796648334267,0.00628743964277639
-0.0683407816217184,0.004203196505045135,-0.04658126002284476
-0.022778887098288146,-0.01925621110498254,-0.0514382725422042
-0.02851403029393708,-0.01400286407736152,0.006349534492686244
-0.05641015887040054,-0.058490418220804766,-0.022972807302611305
-0.028264886001202503,-0.02191084296035617,0.04041541631193786
-0.11101467599823137,0.043501978860240126,0.026969061984298725
-0.042043425663712206,0.008450861083114767,-0.09903070373766946
-0.008532575483973626,0.03755820267920141,0.08483182998529035
0.0820543435298888,-0.001472347492940675,0.014569060487208841
-0.006304735003341288,0.11543215269601048,-0.10157080080077598
0.02629246916215803,0.037934711130438364,0.020000113774372476
0.07424132609246047,-0.06895242917560677,0.05091476256166307
-0.038185414611189634,-0.0724018894703411,-0.003562353314270671
-0.0009668636584499667,0.018386875642444893,-0.045581084475883465
0.03599899955195104,-0.05353188690961164,-0.024796644720570162
-0.0251702928409088,-0.06049944015438827,0.11201936100517991
-0.07317955083762483,-0.05459598837173411,0.016144958081856897
0.035856768276391754,0.04904366608734106,0.05782417358823223
0.011179533948940874,-0.0018150190382247057,0.02231306536038033
-0.08507722127720016,0.09621003662362597,-0.04901016379784132
0.06460971362880599,0.16985599223284764,-0.0016638220684279848
0.010090020017962073,-0.03145420542685796,-0.04877007427846222
0.0014787691109940289,0.010427404188866736,0.02543592628093703
0.03910507521907191,0.015117965651523426,-0.042603709011071675
-0.024283143640624567,0.061643971299182546,0.06169708465667946
0.022724734379263884,0.004559014937411847,-0.018235278825904973
0.023752000447739344,-0.06305500771151087,0.06608526941988571
-0.02352957714941029,-0.03521160667519548,-0.07716726478981963
0.020850341437631613,-0.09573019330922809,0.03737093021544952
-0.03583073766372324,0.06076991617019969,0.01860987054248044
0.015379510993794868,0.05807722399997536,-0.061337599679801395
-0.05475455623413758,0.038865127290063826,-0.10301858870301242
0.06584285020655635,0.050642082223198034,-0.03746985241792326
0.0697119084587486,-0.015584605317166161,-0.01281342067879143
0.02508020804605621,0.03037145777562037,0.07406403361130749
0.05254762727136975,0.030812421310378858,-0.03549814768175724
-0.012344640303251917,0.0033294852843218734,-0.10120163769936721
-0.02154904685850631,-0.02189819220350845,-0.05893763323794319
-0.07362530357467935,0.025421702500292805,-0.0097506113175409
-0.1261666208884178,-2.2855939237294287e-05,0.0388641730911302
-0.13222932085389633,-0.04575661336330889,-0.004289804192748679
-0.007364159131095799,0.059536469251780036,0.0518298573803498
0.02852518490761084,0.009518414265596,-0.018392651214618364
-0.021156540570294625,-0.0020442536111098418,-0.02285855534872815
-0.030950715634646117,-0.018147662627873845,0.004099089318112664
0.006526199548164143,0.018635585453669792,0.02394563160394183
-0.00784517093877258,0.00045737967496854454,0.0762119000765803
0.05742205400610419,-0.01900155882682276,0.11505311367135951
0.07190552625773274,-0.06143966645379115,0.03127211555318002
-0.015645329152188955,0.065147783386365,0.0370397953834581
0.024408036390132642,0.08617209636277162,0.0645791744992993
-0.028731895662952454,0.034364414223819695,0.061851198711763616
0.038689598763593666,0.048321700666594636,0.039514756215700456
0.03117438262530492,-0.11211785039420119,0.06876215982923886
0.010761675432875695,-0.012623872769036192,0.0727502452985959
0.04894027823719544,0.04445695939185928,0.023611324665609924
-0.05096847433863256,-0.017198375700785667,0.03867344043998736
0.005725574154058192,0.020331100069367874,0.022515794605720185
0.046252189615105646,-0.005634915224901489,-0.033120630646545905
0.0700330051704201,0.09838639883501252,-0.04708036126733853
-0.07270503102313627,0.04681204282850953,0.003763802098797551
0.09798673867864795,0.04227877811739347,0.04726984951876307
0.025596594345920425,-0.042280851972929544,0.07496404638512447
0.10925763458497137,0.043797521891893225,0.12130770945906484
-0.008513831169934555,-0.007440651277616065,0.018701217308914435
0.09275910690754699,0.07887133246263342,0.06513542865095606
-0.03483148934463956,0.06072200104422492,0.028893389284354185
-0.06227619233400791,0.07386828750096151,0.006475861129877655
0.061023674879165005,0.11078932079813013,0.04960760666036226
0.01798989579502615,-0.11094763886181118,0.007752674425149623
-0.020598244421301933,0.05720527159215255,-0.021369304168384694
0.021547551495970846,0.029207868098139474,0.048838747961032464
-0.045549085852349805,0.030407311980672518,-0.05003410730826867
-0.09083062631826479,0.07418224988940306,0.0063349998485408305
0.0764022863519429,0.005936326431309438,0.08479979243833238
0.07166197720763709,0.08656099096674866,-0.05889213380050982
0.04803916545967739,-0.036729301456603,-0.07505397855581702
0.022335395250493842,0.02537111533896414,-0.08109549243367221
0.010637203453812819,0.015070404349840694,-0.04063958010589822
-0.04342164776915665,0.05067241550952436,0.005284157231249248
0.01639111654430463,0.026036067185296642,0.12284355084044948
0.07417380570013712,-0.012934323031340417,0.07975544884647467
0.05827191848181244,0.03057946655666803,0.038939315252977
0.01819229085232497,0.02473634397958433,0.031241083921404934
-0.0001633201824792624,-0.059841553626230476,0.02262570318376889
0.08431966141258197,0.07554511359082411,0.0812277949927991
0.04603713569830126,0.09478386879859663,0.026088879463635903
-0.059375991221827476,0.0692458113938995,0.05580588519815416
0.05381039395901324,-0.02870496757098709,-0.12043908820856564
-0.009936428647243662,0.07215962962195513,0.08642531931022955
-0.012079749948608276,0.004556885323288767,-0.054382527924006004
0.01006202055135285,-0.0008419019800338205,0.06859463245735752
-0.007343353671799224,0.047201124509294534,0.020121780462658587
0.014737086633470993,0.13483931106344973,0.03865432074685678
0.033162219735223195,-0.026599637755461147,0.0717197057152111
0.0672645884516782,0.09700578709713542,-0.1574212261920525
-0.01676367521844758,-0.006662478406700825,-0.03180620064694821
0.02850013864382875,-0.0201901699249501,0.0010548488995179538
-0.059187854498113535,0.009024538486999512,0.04920030534395123
0.03501553412234841,0.05460811259277863,-0.036431870307911646
0.049575937990256946,-0.07408258737161773,0.0032582794936335917
0.07756089095555882,0.14781963095577993,-0.014105235493387793
0.10603018676624132,-0.064223009879493,-0.08198288074829505
0.09574361821216826,-0.08325145413248684,0.057467748102670656
-0.07759303033098815,0.06771820736389508,0.02431245814173701
0.008547808812462504,0.09671264369670286,-0.03384235372133593
-0.024420812690640704,-0.0026211914383804692,-0.03631620500288425
0.01807068854091696,0.040335561598355246,0.039503629023475484
-0.0017353851566970155,-0.048296834892708966,0.0318620550818612
0.11994124260593583,0.08995386601779493,0.0028804236418084606
0.1524888577554736,-0.034410139846198735,-0.044691241162559514
0.0695633298468522,-0.03235392123588142,0.028256939150577372
0.06239238902853316,0.07496536063020129,0.004587058987742858
-0.04553930162090038,-0.06579376849809446,0.04568527204616017
0.006960612835463134,0.08775005341783201,0.0629508579056722
0.0032941623506074387,-0.057186312772640434,-0.031196515648719392
0.0645601447518295,0.061157289948346405,0.056001985008837546
0.03327279644732047,0.0655989683804565,-0.03610261397350022
0.06940991950440056,-0.055363602431925826,0.017463101633777112
-0.016353752290389566,0.011599393897194712,0.04675290642717063
-0.018928080083039613,0.018905757661057992,0.08826958610890798
0.014557897899547222,0.07125385883990457,0.044496793703768245
-0.0064957318773278296,0.051756354004607055,0.05631238026709923
0.06838889371498971,-0.06016449013917,0.0264832944510007
0.013800728631023173,0.08686632419523749,-0.05812299841777609
0.038252238960663,0.0028963299853878126,-0.07325847336090566
0.10316954070923771,0.004376256172639195,-0.027862815340394444
0.02147444282342037,0.019865163216841418,0.033355367860730976
-0.00723926118857449,-0.028565118387988867,0.07786525064924558
-0.051609607579617786,0.07954376715609769,0.034134929533446365
-0.032530165756079574,-0.046125665841948306,-0.020254542096337293
0.05517215524832808,0.0072720845989393355,-0.022855910648719162
-0.03618821241791308,0.015708315205031527,0.07226657134500838
-0.001057581907483937,0.023683163735837898,-0.02234067871394317
-0.02848397321634074,0.05621002484526703,0.0476332274600762
0.14783335274233073,0.03333952813806915,0.14677604397977534
0.01584992306487839,0.04663535239481072,0.04716734747268471
0.009603937660602585,0.012610472759960092,0.0833706927118418
0.03205034275012867,0.12610580149453632,0.025699116875670093
0.06415503241252311,0.054752951249652515,0.04347237972656025
-0.04154979113464123,-0.05423527506941141,-0.008291875643018119
-0.07143378415073684,0.027791949355216658,0.06788240159928674
-0.0003443473425168084,0.004785931249532487,0.07876841096796328
0.03920085647439056,0.08459983618725203,-0.10078505306724558
-0.0759300357677776,0.021597450234444173,0.005080222441686844
0.017257486127258127,0.07931212677648022,0.012100677314885466
0.032453807467999404,0.015068928993672688,0.11479297437437938
-0.050218174670301485,-0.08723638808287221,0.03152561457889157
0.04043368179116247,0.004980315598905837,0.08003539493256928
-0.01684085883666397,0.02422624468891855,0.029792040872347183
-0.04385195691163717,0.08550344101101129,-0.030788949033465247
-0.03982145747079639,-0.0018992861872316226,0.07173331170803234
0.08620226201384704,-0.08549484556549866,-0.04881774528519727
-0.006391270129953365,-0.020745587625115858,-0.042534808052777935
-0.0004899518899140823,0.06991031829845909,0.03696127860854384
0.0016429031116017637,-0.008783874581288958,0.0355755433929823
0.08716153559546766,0.15262362747910255,0.053423153261866196
0.058339212638033044,-0.11987258767486146,0.051075571550854765
0.04287440575478843,0.09618739929409098,-0.020932932849554532
0.08345678348724177,-0.053274543322989754,0.023935649909029418
0.0132015541340261,-0.03273501247295195,-0.02405713926845357
-0.04902862783010243,0.05084206360441296,0.045311535399760475
-0.010797314627155889,-0.06328101859229167,-0.012175437365180695
0.0012935184939012623,0.03897155715220202,0.001622494953701696
0.0811015971490632,0.019592774242375297,0.06670170027478786
-0.0029361320189377916,0.010025089316534657,0.004035415375511669
-0.013036329458261702,-0.005237704346707683,-0.06701323871727664
0.0019158509504215802,-0.03750463324712199,0.04633707611384324
-0.05557000067254766,0.02619735042430449,-0.02848650551059747
-0.001199747525094887,0.08253250040030605,0.0867542912128039
0.03092310213758846,0.05198589843010547,0.04857458595629705
0.03580494728900585,0.053857367177261785,-0.028373548413392145
0.01603999870001454,-0.03398218623209256,0.05928990265389043
-0.044284492103060784,0.06111196927092112,0.011399092636005945
0.035959778351178334,0.034495584113703834,0.10554485919692835
0.05508133979777803,0.04172344721242132,-0.03915250197811568
0.07526459245988612,-0.061351558614636384,0.08223832280760802
0.021110391813318016,0.03837919905841447,0.0045224449434953205
0.05097654103895466,-0.01108307459748804,-0.05629822844895645
-0.024422831863224574,0.010107263920989328,0.048780395544001987
0.006551392218755439,0.04492622345033234,0.01948964280165961
0.024506860198385376,0.04022222586827999,0.0006497309130439419
-0.07734952424815947,0.08778559104377465,0.05132591287178839
-0.008083958587115752,0.0424239988627302,0.02190945126004244
-0.026848266133355857,0.0026868287710226976,-0.03740053806181744
0.03127664506508138,0.0026168220410982407,-0.02267017240411689
0.010486317773895163,0.007851975115311025,-0.004920186929216764
0.08047800873124532,0.055403142197390204,-0.06439933408749657
0.022638362376724855,0.07597509858385598,-0.11365775238707103
0.009388326406842548,0.05740087602733388,0.1100017965915182
-0.04390477934162369,0.00828425914772648,-0.0015446655482626442
-0.012793632094229719,0.09417176032539279,-0.07411395856850068
-0.04836622783073426,0.026138459224143276,0.007374964031271745
0.018433915646992288,0.02933703820143714,-0.0001149822516631864
-0.019703299093756024,0.006275194412678004,0.0871655518380162
0.00916870639663288,0.04323466478339197,0.03710091580940996
-0.01268362997761318,0.027710786436679714,0.004202716729259726
-0.0681344485050994,0.009185922063101955,0.06614633434923586
-0.01336633613021119,0.0003029449317706505,0.05704874703694695
-0.017180704186588312,0.0589623007029912,0.008417740029700303
-0.0004573200611370431,-0.040389097985021216,-0.012032339680027614
-0.009284249801687395,0.08284382800345011,0.12009578239738894
-0.01793905481353022,0.011912700337117652,0.07554449593249857
0.0150548255616469,0.015090355693729633,0.014104414822446773
0.09831700058090447,0.01163415221583734,0.014461962327971483
0.00023343181436719096,-0.02765995778979758,-0.07026127738904953
0.02849205151930486,-0.11240902182309004,0.09943372945098339
0.0829704190378069,0.04490900283984021,0.11221221417663825
-0.044505286502106715,0.01644490380066035,-0.003019345217185607
-0.002341540722087446,0.014487800587041473,0.02380647726175908
0.05420881575858927,-0.10109978609746269,-0.002986683426194785
0.09432194755272319,-0.10974468217521502,0.05913549075758729
0.05278863396667111,-0.010393414897474678,0.013401338057106828
-0.04172754531340165,-0.05650834147471787,-0.025107774260391333
-0.03097558319339515,-0.022749515350255774,0.0006483259515875535
0.06709155449019881,-0.05689919197627308,0.009956444465344355
0.036743350353124545,0.02400947858384982,-0.0423060398609945
0.010307774742653783,-0.06511267236105608,-0.05573287524077955
-0.03149540188071499,0.02087067748596458,-0.04553341983000976
-0.028594915058276875,0.02961546144805719,0.036017711241085756
0.019784895241408307,-0.021852882300284808,0.03687170946795833
-0.072797221877166,-0.06888211694450713,-0.03281500242402491
0.016967987164714277,0.1241609167536177,-0.004912121684911455
-0.03446020945385894,0.01077015771652044,0.004172622010484232
0.032347754768909706,0.07329034895115304,0.017374458714566738
0.04806082527036013,-0.019931826775059665,-0.06691536521480002
-0.010539958538269162,0.04910925736700372,0.03060330569606035
-0.014161815115567454,0.09492233618471162,-0.03951537132750365
0.07612849317259954,0.020917629815896715,-0.06093617304268252
0.03794285177623463,-0.15444818591448317,0.004172436648405003
0.03400059623756999,-0.05812405237703174,-0.005259258802360725
-0.07000674250767285,-0.006043260955174856,-0.025030740728405197
-0.009153211025484491,-0.013900171435173907,0.0954778434021338
-0.0054262957236168585,-0.01151292407139198,0.03216435642281308
-0.02315509832660481,0.037094280814754646,0.00011869465627105174
-0.02995363554205737,-0.01843682361092159,-0.015292053146960173
-0.06876490776427792,-0.013163441629772427,0.05364305146825757
0.05500513641188942,0.048633351732297166,0.03483665274827825
0.04751372072036677,0.00025307506700939734,0.0007918742225024476
0.004734727111885639,0.12464510652679583,-0.03820300884119818
0.019486281425434262,0.03468279375952498,-0.0652474155582243
-0.12232534598984686,0.011523905267963017,0.005600117736480079
0.03802855478986091,-0.033684627183854524,0.007013699056791328
0.05812551188295831,-0.06360307648741016,0.05830999460691935
0.061333415666034743,0.005806688806769604,-0.03469946960242644
0.026774456913159272,-0.04603457957173126,-0.03291830197539245
-0.03851015685238833,-0.058520553469459294,0.06935546592280331
-0.10141357663135003,-0.09472405753011699,0.004733286302601269
0.017692571872776723,0.06764898932943154,-0.10231698298139803
-0.049672263850031415,0.03567140435752996,-0.017936362228607783
-0.15371993979652915,-0.10954882287758831,-0.03590529322913772
0.007945069673747144,0.0036162277540500685,0.0517832700928392
0.03829691067256463,-0.030601820243135028,-0.08722437275473484
-0.11143436859706743,-0.007274653444879302,0.08187996897743352
0.0016245774878398175,6.0398352766669744e-05,-0.016644976784064645
-0.02535190113903285,0.005026405777943171,-0.02803442695764826
-0.022045257095033608,-0.022645763990611828,-0.12312242780699093
-0.04752556922850695,-0.050905121797110306,-0.021602751757055585
0.07771231131042297,-0.0105706171426201,-0.08473734391751478
-0.042447943044673565,-0.06944440220050413,-0.1820693111586675
-0.0487723140306369,-0.06267887016112529,-0.051122774950510444
0.009129458909297337,-0.03421965280386645,-0.041822154295578534
-0.07991251951288901,0.059596991555650965,-0.07603464427418952
-0.03759337809865396,0.05986725808217777,0.06567504233803165
0.09470482075130184,-0.016415589555683563,-0.038622862422803314
0.001165778914329986,-0.046851730012356575,0.0032980912704625113
-0.03712724837141388,-0.006815065800684054,-0.037496757625905236
0.0011962826143132599,0.06716145805659522,-0.12893273505592245
0.002232327978772465,0.02626820101016751,-0.01135157311641553
-0.023175267268385116,0.01167698045827106,-0.02652740132546552
-0.019005291245389817,0.0676434272813939,0.0098765021810206
-0.02475335692304679,-0.054010982751237925,0.0710949104924891
0.07106484902934154,-0.15429571708651568,0.002443703335096985
0.002230431047384825,0.03858149464122512,0.01139242864044932
-0.09960313119430025,0.00010483658622117108,0.014508131985712795
-0.1419590265327395,-0.019320711904538476,0.035923373994818306
-0.135232763181561,-0.02110576815688222,0.030781965479880782
-0.04967190301767768,-0.003383080153075868,-0.02296947769573332
-0.03801473683369185,0.08155338867061063,0.04807774175986159
-0.04429281645141448,0.03600065711984948,0.02775241193591821
0.004833842890237649,-0.055682081015106286,0.005323011323835763
-0.12060755233119058,0.026753406419719662,-0.04213701210713762
-0.014141149586072875,-0.030930525932677748,0.009832877469439328
-0.095119266669279,-0.06208479840841886,-0.030997830608217966
0.07011101221844389,0.03670503943060362,-0.004356189882593179
-2.3057540372135865e-05,-0.013304814403476143,0.019580942508962782
-0.16329480496857876,0.039834089646239024,-0.01765969898172507
0.0031025693084740513,-0.005417782523583858,-0.0706206065680789
-0.03842952411572362,-0.06937786337339237,-0.03258939519641264
0.019259119291211445,-0.0706675385171109,-0.034415314130664794
-0.03671841495652152,-0.05069024937574604,-0.05334644585402333
0.04255433518847841,0.012362833454622867,-0.04169032954647691
-0.010792779932435437,0.003949011765658258,0.002448376070638688
0.09398603299884528,-0.05779289251852035,-0.12940748996746396
-0.05316006028985171,0.04248847748742007,-0.08989959930474666
-0.027573774427274045,0.06863630600822626,-0.025126182263419318
0.014972132827800005,0.0015615884244822784,-0.06305344376828348
-0.06299087278729841,-0.004730593580168186,-0.027476930282284588
0.02981873353395124,0.047677231845810714,-0.015627519077603166
0.011529331333678533,0.03769858030333893,-0.08286394100880341
0.005868240685150863,-0.09761412724281568,0.021791037420634325
-0.04528808261928519,-0.004792894819255374,0.0709476749225599
-0.031474060450365035,-0.05272190904466853,-0.016187081377671803
0.01035439816822022,-0.03339338902562677,0.011399708805529846
-0.039002936623623696,-0.027051382359284087,0.03747097934710768
-0.09633022138786176,-0.061513885124798495,0.002904811531587944
-0.12316239500793422,-0.06176834864553492,0.031389897943184246
-0.030192181972522946,-0.00434697729600588,0.013933112816464022
-0.016452653748061638,-0.09243186604920066,0.023040486233313614
0.0036938065133952785,0.02048166828747795,0.04105001386060074
-0.026990613478089343,-0.09649790846423885,-0.032412400473785255
0.023303383117403816,-0.011677646443259297,-0.031123919550987957
0.027713674508656905,-0.008790817502248645,0.026697275820792055
0.0790466145408073,-0.08362748974433346,-0.06430906178953492
-0.07196236349908883,-0.06966965127125356,0.03285885225466624
-0.09123993820458803,-0.09851837298340738,0.057079598083404876
0.0019240716675133496,-0.15296346778012038,-0.02527031381268378
0.01294916350546883,0.010826276920556151,-0.07221554030954103
-0.046537835560896315,-0.009052155446181955,-0.04489139871387304
-0.0031367229204853943,-0.09365396715060924,-0.03195382004914531
-0.00027374483192097246,0.006391132608276513,-0.06015672456423369
-0.022758633017768513,-0.015144008333807643,-0.01377189372009097
-0.009463774659881226,-0.04230196321171674,0.04039192697806605
0.027339286600483452,-0.024545664449218584,0.003162452404284484
0.015759696634576423,0.038962027174819114,-0.12712980260095508
-0.05485736266522581,-0.03543872427162752,-0.06450697962543508
0.03497981007355447,-0.020614091109052015,-0.02584278299067343
-0.011221581819386801,0.020584976614808636,0.018097102264815996
0.021388661829029574,-0.012762794958844883,0.0033356909284675378
0.01301595211696583,-0.07774331532328428,-0.08138447915314503
0.02243052845659059,-0.014785919070593404,0.10223639266044797
-0.012012075323924482,-0.09821248138681082,-0.005934347697606635
0.04094351680823886,-0.03308551897225106,-0.059298767124784525
0.04657612320531088,-0.04190585833424981,-0.01609127674360666
0.06670680515235429,-0.038385127577664754,-0.12555374154337717
-0.03157725512396558,-0.049317805306980204,0.0007738325330060511
-0.17339564258786205,-0.026756751665143345,0.010735830058459558
0.07632246106846718,-0.039946708714252294,-0.01873306358633444
-0.0090503235752958,-0.010400788289934055,-0.005589399867415341
-0.012775105594651821,-0.10407926802365317,-0.0296852429019542
-0.005640528584498348,-0.05619059377428316,0.003358370775677747
0.05955917725930126,0.07343314938536857,-0.026311704177915896
-0.020995757186419998,0.07874529235855907,0.02513582630707432
-0.00849287486785885,-0.10514307303679032,-0.057095663242054256
-0.03379111204576943,-0.1269559919542738,0.024313408900664846
-0.02062220064797629,-0.07745187704338166,-0.058392467470934545
0.0020654050054169718,-0.040539644491352445,-0.03779287610590523
-0.085491267083527,0.05831944317360134,-0.04900231752654553
0.06711980893055733,-0.020962812689768785,0.04481231041002842
0.11634482071273604,0.010674353278567087,-0.07647478896866487
0.02237157536069451,0.022380995073697108,-0.039533181398149764
-0.14676689590130998,-0.07912506094069552,-0.07287471247172704
-0.03666489355650533,0.008562494547358173,0.09462879408184244
0.06824886592494081,-0.036108742675175956,0.010969975483851698
-0.010283032263085842,-0.038220934990802605,0.013144771108020918
-0.056415306514401,-0.03931939137230495,-0.08750430116147101
-0.07771033971047175,-0.022169685912262038,0.014428993321343252
0.03354920140997375,0.014769713927357864,-0.028408363215383908
-0.029115737465380966,0.009460812642629417,-0.031542076815128786
0.03344324620282144,-0.026810869330596475,0.022814682711518548
-0.12807843841220898,-0.050614511737906265,-0.008127383822896126
0.06895291893334823,-0.0755630409028078,-0.04298152522850291
-0.017744289681280504,-0.0007432547259752613,-0.03742097242685463
-0.004535231038736839,0.03906040354155298,0.00843960802688453
-0.054611239090517974,0.05438582440199371,-0.016119048076835736
-0.027532772215828387,0.022960500634127246,-0.017684251756247858
-0.031498846544425974,-0.014557967111227036,0.0060542959222509435
-0.050703096269886276,0.06088690151716396,-0.06354021329169277
0.03138150344892873,-0.08939721504686382,0.020569676300774945
-0.03378735187515686,-0.019594941217008742,0.0058074537415256314
-0.010007678584910508,-0.025647063261140884,0.037005135681551615
0.006510051313671945,0.019463358041169845,-0.005726744448798001
-0.02039625568864951,-0.04654753201761898,-0.00028076621248580673
0.04216292829347492,0.008924249306935614,-0.027204338873358276
-0.054844373975760724,-0.05916631803263686,-0.08093589434189333
0.06749047983178885,0.011607804209952126,-0.025056330761603497
-0.07493607171952191,-0.13677351371783333,-0.06293265665948948
-0.04076019688175671,-0.04570824604760789,-0.009864071606457801
-0.06372818458729615,-0.06145919377477306,-0.012808271522223864
-0.08266416824086345,0.007939772744452425,-0.08611633040823038
-0.051593268037111326,-0.017082306994329305,-0.0286969215494483
0.06321110023413408,0.10666550570660771,0.018229022231779066
0.06240472059557271,-0.014697328448908567,-0.01615563999203575
-0.04160820625814647,-0.0007635941738111385,0.02280533117450622
0.04086758527106599,0.033457236610609176,0.018076134864678788
-0.07291732245374788,0.025536900550062587,0.033956761498939635
-0.05878677848516746,-0.08097616190167703,0.011760868384272555
0.0058599469014642795,-0.047314050424286665,0.030544893451906016
0.03747684305151179,-0.055091677738635374,0.03009599687323658
-0.021165323719420898,-0.07805838091168596,-0.011995870256329975
0.017974288080547678,0.04161515015212467,0.02375192764983647
-0.08308369190584378,-0.00036031851081175757,-0.012139951909235034
0.022331231363116454,-0.13378303152297866,0.04502857521049909
0.025961091796892106,-0.027357697178283416,-0.05324518790850155
-0.0007483884798624883,-0.07235590465292836,-0.04446473080456025
0.06502061486517782,0.013394514145808946,-0.034394675494125004
0.032253919491337255,-0.08582422409809834,-0.004092128017590494
-0.020428655086604967,-0.01904461839935244,-0.015373675257087115
-0.0787670867188505,-0.034898824912397625,-0.03209907415673296
-0.05428728507538079,-0.08772238086247945,-0.006293303888744524
0.03466101777539157,-0.006847689546738565,-0.004732705483918305
-0.04424726796254699,0.018914740902049268,-0.008691791380111172
-0.09829883053183225,0.038205989756104494,-0.025569958999209254
-0.09882117365145453,0.045271280373083735,0.03570011719753089
0.028981637018818472,-0.03510825310458052,0.0035020023066751303
0.006610410833771511,-0.024663008337931544,-0.028804356407107067
0.1040431289155589,0.04303350642788038,-0.02463705309849959
-0.061539837134054004,-0.03787076574488364,0.01803310993308817
-0.029100851411833665,-0.011436132443943838,-0.05562929124499638
-0.07245626919257789,0.015130415920830063,-0.08294955083327941
-0.03094049834008952,0.024280151558628216,-0.06265082519907689
-0.03318303843405289,0.004024979779446526,0.013422363141011383
0.017275916400960996,0.04692206854687569,-0.06974685609599289
-0.08649497299998089,0.07135318727224167,-0.02035560915417195
0.011440199307541907,-0.058070353549745796,-0.0460846114400553
-0.04500326836009923,-0.0052813350602284705,0.032234811935612895
-0.02737069151903592,-0.018994231220299855,-0.0667398789575752
0.06239867343890211,0.052679772432486414,-0.0758882492792746
-0.020762996482362104,-0.03995842679673654,0.025257065147391802
0.01616496363259261,0.004386807167540785,-0.027268067551498635
-0.08600903614028481,-0.03037965962652137,-0.04881538619543721
0.05712287587186119,-0.020534174781835498,0.018880140545813946
-0.04369998414053759,0.04471947434569758,0.10795221582228115
-0.03590137262033873,-0.025958378769473482,0.06779592045320289
-0.09177910691240404,0.06005702239724931,-0.050417414409219485
0.08073421106974633,0.05452694128209806,-0.012272353401093746
-0.012608603767762686,0.08216390140032248,0.03399651675212779
-0.01779672518347289,0.060969546446681316,-0.03756142088884833
0.07076579999956736,-0.039629047111351116,-0.008283638263991281
-0.07271126649611513,-0.07602694661665277,0.010743758364713599
0.07605904323144137,0.005509565077543571,0.06161349926412647
-0.02025923736231212,0.02303238073743125,-0.01774573995371923
-0.07874314177403462,0.022387915186693603,0.025615082618190604
0.08024760649462523,-0.053302193243211865,-0.01492211308295455
0.06131050883827524,0.10290167789773742,-0.1272420770438798
-0.028841593330138877,0.01945835775458658,-0.006243003013096497
0.05207733930094147,0.05598595799626931,-0.021583870577713132
0.00369937908320837,-0.04088748839241792,0.024648331996701054
0.03329535492886128,0.005892144038141334,-0.005060403002907141
-0.026382249703783844,-0.04071557101403231,-0.037504051150344817
0.040770663013387574,0.06622921708076936,0.06587499010178534
-0.0694651100047814,0.016576250547410215,-0.02726092926678289
0.05207282049805856,0.06303927803896564,0.04060223448929083
-0.015649426711440362,0.05972150363447718,-0.0732121415318836
0.0180486512710801,0.010193893519283376,-0.055455511266411905
-0.02710128203858938,0.179434411647514,-0.01448876136210446
-0.012489542535295595,-0.0033312060838731295,-0.028583343377694397
0.07551985654453205,0.015315985401297007,-0.07743042856771246
0.0772891576205324,0.07652945369211611,0.0477190391712617
0.019712445712136078,-0.13778378454094675,-0.02636087002419645
-0.014241615797967358,0.10359548128109042,-0.008388562759487721
-0.05488119552934463,0.01574838163511521,0.07209967536183108
0.011663871944483902,0.040211661756766784,0.011323329570683324
0.04859064093391373,-0.014797341883012943,0.007949030167738177
0.11504896707964476,-0.009439946114046657,-0.0060668314454572925
-0.12078734728965052,0.033480706735127014,-0.04382244959405429
0.012148908070926372,-0.05897811908682059,0.016013385442921302
0.0424758654589669,0.022384544814096605,0.00022931245530243526
0.009754148071625167,0.039249754354683246,0.05728298426025711
-0.0161863607451267,-0.013298313140380916,-0.08114265189250684
-0.035677081248464956,-0.00423344151131652,-0.010278428656941624
-0.01793008992932306,0.06889205848069324,-0.07971960089081831
0.11933259458618672,0.014506514879429286,0.0034702343254152286
0.035385411992666496,0.07040909032954851,0.04116643858995936
-0.027297500897415623,0.016502008471181242,0.029183486053888628
0.044070771287395685,0.07754711229395882,0.10484413504465169
0.03257619842687456,0.041384174879066093,0.04897125435311858
-0.01262224714459544,0.039013578857878636,0.0564516255417578
-0.005599905919396721,0.13275834584341303,0.07383857031543116
-0.05504873004254751,0.059784546010530654,0.09348677122384895
0.05992557425371633,-0.01033106567971419,0.030929809882101707
0.029399008166182412,-0.011422875882793464,0.01952456321325219
0.002356903848659983,0.02322708652893317,0.08578150289573273
0.03476124596159891,-0.09750040119734982,-0.0024388781331738975
0.03624062620771239,0.031214034290590144,0.013809562313476478
-0.03045237387207551,0.055107769254529676,0.02928926499195489
0.022937322245934276,0.09077296587877032,-0.010736543904097786
-0.10949814042432143,0.09527594468239647,0.04579372621368388
-0.04314453731647268,0.05461321377742779,-0.02129011702815204
0.014983697274075706,-0.10610514850901438,-0.02840572364353295
0.050617545064214384,0.10231220565628246,-0.03918809763456285
-0.05649985384660731,0.041881511267483046,-0.011913367597552033
-0.019983885200651252,-0.02724585061445419,-0.043865917679544786
0.07395142050999218,0.04324433427670993,-0.006007863238665517
0.010647610319426232,-0.035907842059275,0.11051066812114199
0.08523147019158665,0.058519688470391344,-0.05428607773748906
0.027084223477072816,0.10299686474873052,-0.004702789364641417
-0.02108125395832987,0.029876350759230088,-0.029747213539406053
0.07895926756210492,0.022485741129174567,0.020258266524897123
0.027696678179022417,0.023923222779402818,0.20287849497720772
0.017498488886888187,0.03531746192558508,0.007536885949349996
0.03576846692308544,0.040032622306692904,0.07825348941824897
-0.016741292606228364,0.07025516466722981,-0.046434717241413785
-0.004318013903124092,-0.04203224679761529,0.03927072891231012
0.021635361862908247,0.04290399706356448,0.13247858554731742
-0.027006543943122633,-0.026789041552110416,0.04869794016498695
0.14709398677974672,0.02712965989378191,0.0754832412775834
0.035437224825214844,-0.0474554195691203,0.051407765687305124
-0.0048518973173574675,0.0069896267340337145,0.029818110368765142
0.10611516115959872,0.042129888817843054,0.049423920455626574
-0.05029852482431471,0.07498355647467729,0.055411417265425214
0.004550604575384089,-0.0042838198500433945,-0.05940131518976338
-0.07248831193633455,0.05918383743900554,-0.06325177292704783
-0.01736569206683853,-0.08472813453072577,-0.004047563677090457
0.02337831731352681,0.0354456728048569,0.07290758149644758
0.0033250527912406687,0.0019633137694357074,0.017125422267935637
0.07290378195648108,-0.08330976152446404,0.014421087830412467
-0.015382874485265166,0.08240318698492818,-0.025295001321393742
-0.03834823529740754,0.0071644098838483765,-0.029639403551543358
0.018529585390258754,0.004404411261809694,0.03278122317005776
0.07118562473947497,0.03254160775834062,-0.005673798386415227
0.0020459972535688854,0.00989356114215216,-0.03142818678641581
0.02084930598003036,0.10285439102597932,-0.05475628567475484
0.08341577313219872,0.034810531620336815,0.03001945074174005
0.1502231405827907,0.06136302431278389,0.11781192818100905
-0.013130385674099885,0.06999494965013293,0.0002051558433341684
0.04426214458368666,-0.03217585750420039,-0.07587465764394127
-0.002974387351541801,-0.08577575133222093,0.04992872556251545
0.1033139521775398,0.021316026962959603,0.07935915906850716
-0.0518250908907344,0.13146909968908477,0.008848450792850376
0.1284391230792085,0.005029883802914543,0.07129232303936034
0.06296529119143576,0.015452423394292052,0.08294398626774785
-0.05367922401718095,-0.016052418674492728,0.0466422923387118
0.02434974401835123,0.02572653626099835,0.09721165585553798
0.0440871140807861,0.05264679732450882,0.05189920915373701
0.060248497493368726,0.11328085600324055,0.03573326699104585
0.06479794129720953,-0.035328082628790336,0.03288170891377157
0.07526553275470603,0.011979136120386017,0.054861520903898287
0.003024040999568267,0.028205243288691402,0.1532523107827391
0.01569691338546934,0.08550492304185356,0.09386630850730507
0.08007674613309536,0.07267698981214009,-0.02624819698221834
0.01754425929718192,0.0033510747686242327,0.09235741228783864
-0.028945779999941343,-0.04375143651897267,0.09764948908451221
-0.007328250317851892,0.0810392924614368,0.021905371350149305
0.029696188263304897,-0.02405430282519181,-0.010508376038493916
-0.0509644753512879,-0.03830521275639953,0.010826895076796857
0.13896695065240483,-0.0035414033929875716,0.12728155858835805
-0.010314227418380308,0.08301121773006703,0.044762848450169306
-0.02339941514215161,0.038193528880718516,-0.08705653420269319
0.0034852366146424195,0.10135002864130012,-0.018417324583084534
-0.03322847380595528,0.09501923501159214,0.04790351985280902
-0.05054236060198038,0.09465184646585234,0.05663093882163116
0.04706368756905682,0.004865132771279347,0.09915478956087596
0.03286031288294914,0.010277861325231516,-0.01703497914688411
0.018410467219758857,0.014016428012501417,0.13928262100585243
0.08340708703529019,-0.01062291444429234,0.0878322214141147
-0.014284076504054628,-0.03974741774423313,0.039552529931098715
0.012184143256810713,0.0428688108515894,0.1284437542608084
0.007314088295159019,0.06847842862356786,0.012929405816428038
0.003275658298509617,0.01947547613383878,0.04541401874334868
-0.032768373455379515,0.009495841466869132,-0.07736573148944424
0.04109709675236484,0.05740145634657341,0.06082711721363787
-0.018988055589431604,0.005363582892081362,0.009045561994919456
0.08752708643765385,0.06926537656566684,-0.06200092567431144
-0.03178082585672433,-0.0528705270360004,-0.0061083384410238195
0.05128935776560617,0.012201593044026257,0.03917847145142016
0.018599309728765456,-0.07655494863896468,0.012541488227958496
0.043288192890081914,0.04742752663041455,0.027947914043686184
0.03682005765715497,0.10981483612904025,0.04227599800000492
0.005172302685109745,0.03735844854225607,0.08820565802645697
-0.022111737870673248,0.03879230525752328,-0.040804601522249045
0.0468091073572606,0.0044433993800297306,-0.009219063489767143
0.0588455995755648,0.03914600846892366,0.03739819166162121
0.06636006856388647,-0.03350588160440372,-0.01326876949210894
0.015610826195350456,-0.0030189006937092373,-0.026261471765095724
0.08295865970090784,-0.023997162843731,-0.048749724161280664
0.04181847326940057,0.08297187454726764,0.014184859059538011
-0.09222640434072844,-0.004497936705453799,0.104448441094145
0.03299301228210692,0.05293331185635651,0.02535319578070465
0.07740282054148313,0.018026632545034324,0.059499841492332006
0.0438243544808553,0.005642135251092544,0.016629896559237
0.05585434757051963,0.028897470338392198,0.013354126047686127
0.0823693677156716,0.0890689654653482,0.05173240503906853
0.002916867763405457,0.028738876043061527,0.05401903118957531
0.08663417478616786,-0.0575992207372825,0.09451120546592615
0.11633517294591975,-0.01973575360267093,-0.05729783585113205
0.14934776763487517,0.023259400041112602,0.07375280044588828
0.04048221980339261,0.02545948844828099,0.04739844010403179
-0.04830426577958268,0.0820081492321226,0.0036125847489720687
0.06092828698427906,0.023429128609898164,0.01221118016718472
-0.07075241668932754,0.023979921307800044,-0.0037520407457849684
0.04953595106126957,-0.008544532751017755,0.010251809094341442
0.069461081868007,0.004422703481195648,-0.03663425474874962
-0.05268747809304666,-0.016826736792359735,0.07436294401784838
0.1377140320503729,-0.02134832688629709,0.019173657330461107
-0.07969615895100718,0.053623141306257345,0.07784013509093227
0.05056934819192874,0.032473848120945184,0.008340227776071941
0.03991332900387776,-0.0146388899308745,-0.002972024505218076
0.11782118919174298,0.06501761422139324,0.01761468725299733
-0.0026403300853552487,0.11232780000138412,0.04019170587780502
-0.008000669101447845,0.021403012444652328,-0.009286569482050613
-0.08377817456684818,-0.035816848405533966,0.016901264273731634
0.1043613774192544,-0.025829189307285522,-0.015425234961402242
0.049082418133902975,-0.013247601487921161,0.0942603532906018
-0.0261436739036802,-0.05376230354485574,0.06301027841365733
0.17074262566716344,0.03505047909963461,0.016137253872782614
0.015649666304639372,0.04139618596320008,0.02196850729967483
0.03114451538073894,-0.004756640395053192,0.002993332185395663
-0.029176635915703374,0.04893728916573295,-0.05298078234897824
-0.10738324182330385,0.00412669988891321,0.07266725656009132
0.0812616817336844,0.010627712110813665,0.05854428500268265
0.004414598537610627,-0.0016550649541588608,0.04860310729075307
-0.032786266914577866,0.026468969415321446,0.012743886468379489
-0.014359125531469993,-0.0030619626164223764,0.05086518896723487
0.0545589638319533,-0.07569136521050837,0.01569390322394021
-0.01512260805277278,0.020632534922268277,-0.0024978615850859897
0.008147039630541439,0.003016971572342331,-0.008918995046225557
-0.037445957749674345,-0.014057763325848453,-0.10602833778798318
-0.003941596441302342,-0.005373430612716579,0.106045202741233
0.08932299400365462,0.003151893247881639,0.034193807689407454
-0.04882227021462877,0.08096962049536832,0.06789521537889355
-0.011422192505280015,-0.07070005738501554,0.02382808740489825
-0.002437605186478063,-0.11131396874432352,0.0016842713946024258
0.008138847721778855,-0.045112925959872034,-0.02075826551930221
-0.01573521717444752,-0.004868703789629895,-0.009523555207481169
0.03829622358964688,-0.038596974900268484,0.12720293921003534
0.016342330020909436,-0.04536477917479419,-0.015832648511563407
-0.016813606525873395,0.05864640313706662,-0.021308946197518684
0.006211473544452055,0.0754395290944073,-0.07464732138455889
0.018375931975689846,-0.02925166782403555,0.03121528656767041
0.04431531367045696,0.03354742396841248,-0.08647828021463468
-0.021670142032761408,-0.07730487909653883,0.0588119449165232
-0.0422651230460226,-0.060019219629270704,0.008990759538235788
-0.037639093893945576,0.03469946515335183,0.005045427034509095
-0.08069238983701792,0.045674571335715945,-0.050717945597077284
0.08211214588866496,0.012246947168119287,-0.023774493182962562
-0.033270515726871244,0.0529356628669918,0.062197363385556224
0.06759717349668522,0.1390269487242429,0.06831853076732547
-0.0031159240499291562,-0.06648101344053117,0.11763983698668375
0.05329863304370572,-0.06028803356779306,-0.03863967821748596
-0.06773435504310196,-0.032427663343338534,0.09967454720116747
0.008747534175010304,0.08494538367706737,-0.04747851293271503
0.0019567862014603483,-0.06718752637912,-0.009997375732447009
0.04053680994028152,-0.019885722729532342,-0.012142457946716744
0.001335473958791072,-0.07368307286926619,0.029854316585655346
0.030553225507283864,-0.01939572303823595,0.000743901407602751
0.0827379337992091,-0.030237587124266573,-0.012249733063845653
-0.009482105088991204,-0.050501510152697514,-0.047120121304487325
0.054027420239464746,-0.06286606871342072,-0.021638629049464134
0.024220499353264875,0.10135316931774187,-0.1074036030052729
-0.0775579325777703,0.06203212113945908,0.03506074075085185
-0.039199045424876636,0.011308150836767956,-0.07424910915940787
0.006966757876792514,-0.030556239770000326,-0.10917999140159937
-0.009464389095054943,-0.06463983199392649,-0.0629381052108558
-0.07001062909753436,0.07074198093366672,-0.04195349544919018
0.008515673617292368,0.0029974843997884965,-0.03817443839558626
-0.0077240979617739835,-0.044987964029421464,-0.050107483386887613
0.032902728546889776,-0.08314231411110597,-0.09865867360701469
0.019534580509658284,-0.02746307548353271,0.035673985699987185
0.0614875523949044,-0.020904216570381343,-0.048984987909151276
-0.037463338387790465,0.0038443499163421466,-0.012745779766257057
-0.08410468897452741,-0.021162991817582695,0.0694329734485187
-0.005194137548442693,-0.07923925328605827,-0.01841455941475914
-0.07838650156577182,-0.12928790509781465,0.0014306104790083023
0.06438758786631799,0.04761489695706383,0.09403879346369137
-0.14223557413352797,-0.09646222151795708,0.0406614246742305
-0.0820602948056187,0.03719760179596575,-0.023922929160426414
0.05814669801489228,0.02656511210089246,0.060763538290334485
0.023324809517541113,0.041021771306010854,-0.01062826393113762
0.05269526432185163,0.054078875574866465,-0.025877132352407368
-0.016578658118234092,-0.011019654645461407,0.0014426043519294232
0.01461649172615803,0.012514838516837169,0.06907779711821042
-0.11552325253047492,-0.02795689109945968,-0.062224727013055904
-0.07306939271664233,-0.06227499929730675,-0.03912112074202939
-0.010820787478891375,-0.04183330861577206,0.03590317420355431
-0.04081224370006417,-0.09483921142123526,-0.034962244516865165
0.013757673753566646,0.05648692026305329,-0.020730038319141587
-0.003387716917067903,0.09321213643102791,-0.05668427759153985
-0.016384342158219482,0.0371393157872254,-0.025676580431082577
-0.04150326114017848,0.074099948299403,0.09848189576155479
0.028105652632588275,-0.01723485180128593,-0.0770137769534158
-0.10554164134824566,-0.031063667168796976,0.06210808663226837
-0.04260105520393423,0.0225269976320032,-0.025873710216343042
-0.09487199155316597,-0.022553190170114756,-0.00760740995316336
-0.1114132435134469,-0.060223703816765665,-0.049810062480288075
-0.05848259414193694,-0.03530876683150523,-0.031815611336381604
0.03584671415687974,0.015268100591192291,-0.030285838542431536
0.0010263653707846924,-0.0744230900776475,-0.016445060276261983
0.08311423113972032,-0.013340351212364224,-0.07509683561897643
-0.03908008082132995,-0.0646819444018974,-0.008892345429708568
-0.0400626396209999,-0.002569539750964066,-0.02661198283066259
0.009767195868678597,0.056484493418470394,-0.016131879897381556
-0.025560272246317295,0.005835279004120508,0.013415759181832528
-0.02359964637038997,-0.05172072046376425,-0.04220768494987938
0.028714520764884698,-0.024354673927017623,0.008853736517452006
-0.01640465087933157,-0.03549167547588251,-0.10053359102046928
0.09254970677250561,0.010233159020801592,0.032406906105353815
-0.04505184404106434,-0.05861041305288512,-0.01153559073103563
-0.0447701718225854,0.020788051770028435,-0.03769637013241227
-0.031831635792544485,-0.018055044503471434,0.01735909889653978
-0.039644768422349486,-0.024196992250319446,-0.057433984432461824
0.01804950536210765,-0.03426655808432316,-0.02220712844953847
-0.045721963426282264,-0.1143121924426041,0.02605129882780043
-0.016454354426046924,0.0013097494311944784,-0.06801624478170187
0.06635106335675187,0.05319828628323179,-0.0005066881900227874
-0.002107205923140121,0.02592189074268818,0.025857811649925688
-0.051882695295654965,-0.012269639721664683,0.014748483346284688
-0.009749746108585118,0.007923590483582356,-0.025766452603317478
0.05322410205709599,-0.03278168733769046,-0.08664336733124928
-0.048731606334219,-0.053479043399586555,0.010539862617939738
0.026807827984109453,0.017231679166593718,-0.055174028841509494
-0.0009138849342703245,0.07333447691258176,-0.02438422125991127
0.0039753911546846245,0.006085835807297144,0.018983050905898788
-0.01135447340045503,0.02898849141096231,-0.042043797097163486
-0.049793202996890815,0.03673523422669348,0.04482149245479532
-0.09544804508841118,-0.021003639255241985,0.00760021662543155
-0.0758923714177947,-0.014081048146375407,-0.08426612038164696
-0.005409195732761305,0.037076918249053695,0.04215938446301057
0.014987575863667224,-0.053352903545806615,-0.0588915260004122
-0.12459929739800182,-0.04228901101217869,-0.004746629145387206
-0.028635268540000636,-0.00930659351903573,0.0988936547293858
0.0428493207213977,-0.047183801035476494,-0.040989628529882055
-0.09943618474732087,-0.03335380953045919,0.11203354755823619
0.07254073606272848,-0.03768581509489456,-0.0809014801385148
-0.016310014700770595,0.040728000722567506,-0.012426480733273586
0.01577613696388241,-0.004591572457984304,0.0014813164125604093
-0.014713584783381348,-0.047302684458016095,-0.047342708547302714
-0.05739255711408574,-0.020369818229870544,0.051478158085991474
0.011745581140265082,-0.08834424869281207,0.007885797370777839
-0.07031999277873623,-0.013231775135215302,-0.10739306845252379
-0.02782314309499606,-0.018519845190651727,0.12488759171561095
-0.0062348826845584435,0.0010283798834701575,-0.00023775803547380556
-0.018422992285351866,0.005689313680133399,0.05972935578611062
-0.015935821242328577,-0.12022550368248736,0.03934791144339469
-0.03450676490260775,-0.09407367865421554,-0.00815796038801293
-0.022369444700531357,-0.004642385179123078,-0.05537985829361401
-0.09617027116821329,-0.0771516429381818,-0.04730552379326358
-0.09731827917372564,-0.0795224980969591,0.03896320815722348
-0.11251527927271868,-0.05947594366557871,-0.07104832223614639
0.005948237219262895,-0.038028517630602166,-0.016675617486861832
0.03427122189572475,0.01414940575654828,0.016957014381056283
0.041551818108940444,0.005637886083349565,0.03634239371408164
0.02754601266178241,0.009723488489537503,-0.0017352135802063372
-0.11629664780999946,-0.04703416215833875,-0.03540348682251277
0.042996002168232975,0.07966052990854847,0.027654631836103435
-0.04257476112211536,0.048586810262792254,-0.004572008136147811
-0.04556851663412594,-0.07271890045838858,-0.07437580013611013
-0.0092847908695457,-0.01495838174989789,-0.022628371603680513
-0.025541150421492173,-0.09673160526545943,0.004357616917637846
0.020500687100754506,-0.05392565371216549,0.07191283335518502
0.005246625500271426,0.02753622096269407,0.005057442467279991
0.06291000627962862,-0.07530359056201859,-0.06755996061529436
-0.018385033502752765,-0.03876309157044809,-0.027131908200569904
-0.028799221061740557,-0.043067819721786756,-0.01580342711846236
-0.026132395944948587,0.022431705889354395,-0.05466522096988427
-0.11018285390627108,-0.047317855653265024,0.027059157371196428
0.06040231329535432,0.03724010258974752,0.018327481755689608
-0.004430845497195086,-0.003310081307868919,0.10122080497242167
-0.010721766411664021,-0.027946036608577973,-0.09287585308680367
0.05510836335861752,-0.0712696690079774,0.04951167918546835
-0.03334717897646693,0.008999001397879187,-0.08630664169264718
0.03944178381956691,-0.032145015292981444,-0.031785555021960996
0.011138884839497536,0.016670094494577806,-0.0012365478510838156
0.0054106190928121765,-0.02424145927889016,-0.045536869174476066
-0.0859565817206222,-0.01623046585646185,-0.08288318144628717
-0.1032694047848183,-0.007970560021034098,-0.024888205864838232
-0.0577582379237041,-0.07763768991398451,-0.039902703125093614
-0.0006133771501755404,-0.1154731428243864,-0.14613634608376602
-0.05470395374923742,-0.028765989527586293,-0.05279588787769279
0.01614566104748728,0.0032855614099514853,-0.0483288842201008
-0.008753847872105657,-0.010042270321686381,0.02114978747101615
0.025643255536722726,-0.029789152182556403,-0.035661263532118626
-0.0030818019591451144,0.015727789495401292,-0.10576186602641999
-0.026746336081659074,-0.039506153881432846,-0.020671863678351114
0.08911781666114255,-0.10698538836616858,-0.13209103793804897
-0.032272559018370735,-0.06042814572880836,0.04756131366209729
-0.04932974222929996,-0.0041165821589640664,-0.025361493884483263
-0.06168695634603458,-0.023948855761751306,-0.048582674549068366
-0.01623921099771469,0.004981604296879041,0.09745509296704703
0.04524401577884214,-0.06320670368333894,0.03324157020481024
-0.08144004188729081,0.001493151973522809,-0.05288517021241731
0.046281406322613176,0.01949301111303492,-0.03931592644987352
-0.041845263760712695,0.02221191765740558,-0.06869432541979892
-0.05356571718224465,-0.1122385852752468,-0.06939695960233136
-0.012520730975799792,-0.030529077203007023,0.07049805472661105
-0.04566983287703641,0.006929837865126343,-0.04230312683014724
-0.07067423840915436,-0.05500008034765387,-0.0033674184964472536
-0.03078017338463586,-0.047294845972859614,-0.07104132632978839
0.03427653036702851,-0.08068102215486275,0.002340653187103251
-0.05666866532179104,0.004442353179120296,-0.031714064996640645
-0.000991126096892829,0.03993760015218409,0.0032748897505048592
-0.03320707722433801,-0.025611855255071238,-0.008797327894384387
0.0047295007051030204,-0.024296001906398475,0.046637490503818844
0.007158445374631867,0.006332185029342376,-0.03773980233440311
0.026411418613614145,0.03920997315919415,0.03188334030147821
-0.020989993474895826,0.022380784253778624,0.06631545427822885
0.061986629991895095,-0.08696124732587128,-0.015525062231706788
0.03708797896682315,-0.016409098193271486,-0.0446546450279132
-0.07750090843643559,-0.008353121323881892,-0.026016945244840994
0.010939454494255017,-0.12546100604366217,-0.04074937811539294
-0.03512277130232344,-0.004389902949878118,0.04458886469404863
-0.007952434637511325,-0.02194219176371101,-0.0541586213060236
0.006974380992575488,0.020944703342200097,0.040811412667534776
0.041293287571624565,0.004985333798953719,-0.06537314317119294
0.025138720528309774,-0.05704293825743285,0.002787073888476311
-0.042541963719716615,-0.1206178947468851,-0.018860331591905193
-0.002373388996550192,0.06820841625803133,-0.08866920946225555
-0.030397710593187497,0.02039725383933895,0.016598740452949304
0.03234184065283165,0.08459296018531384,-0.05236236168006
0.01893770982744806,-0.1131213701829048,-0.02235251128094165
-0.06687187082136183,-0.05766934246742618,-0.0034261618184391342
-0.057940075459245885,0.05009878606547919,-0.08206409304070345
0.011318560770570127,-0.025344786437690184,-0.033287657948441136
-0.0805241886520999,0.05557096319430356,0.008430533663056851
0.03709967451281783,0.016788339427207546,-0.0626759265541754
-0.026215518861067905,-0.03666639332396019,-0.004932518501452611
0.05944477957606454,-0.08097142349146115,0.0195481484409533
0.015452412435833373,-0.13647772863345806,-0.0298845396694739
-0.011934904619651517,0.050871533184920645,-0.018981994777040653
0.003970680193814224,0.04755386497235827,0.06250806666030914
-0.056557620625511326,0.0040700880912587865,0.05149879443646335
-0.06296334797698458,-0.0673877804278628,-0.02208268682986067
-0.015087601844666865,-0.00888486062992677,0.039994523433053354
-0.0295800771170404,-0.01211193881282836,0.03267502632359244
-0.032992223987637584,-0.011751596433161067,0.085350365833501
0.041682320760042794,0.03597528284513078,0.08023265313384358
0.030948346239170782,-0.016871493309802362,-0.05295647214209925
-0.05200168426325773,-0.013912431954385055,-0.07315268005581359
0.0016471861385909863,-0.018015183662123936,0.08349203295879824
0.02351582263984199,0.02616022024325401,-0.02741168280318331
0.013516691144573255,-0.03632366437102974,0.034253136615356804
0.07673747079310024,-0.018084550907396385,0.02113551261801672
-0.011777514593354268,0.006426159310910549,-0.042810269918418825
-0.0587290806286658,-0.013398396323718613,-0.01138462903251546
-0.0207410904114407,0.010003826905419223,0.04479509578277221
-0.05002141081690928,0.076929850985226,0.03901050308008065
0.026318210753172037,-0.07352582527129271,0.016376795067570858
0.007568065590634614,0.00994018214710031,0.1400497831183087
0.037435201364241964,-0.01588101736236715,-0.0549810949703537
-0.04185523946819029,0.003934973419265645,0.027775817503400285
0.03509698835861766,0.011480405136981732,-0.04006647624660187
-0.053302213338860926,0.11311352488566254,-0.012899890418094787
-0.050557725202120096,-0.04492898907211715,0.022997035377522845
-0.08999932448831482,-0.033204495540751305,0.047760433596906134
-0.019139305119112247,0.030334553643103328,-0.012494032687194912
-0.06672580262353445,0.016308592236858155,-0.020262076049893406
-0.15338268521966633,-0.033036511754085306,-0.03139146294987381
0.02181791200613812,-0.008755785388535955,0.02185963779377249
-0.021285582732316188,0.06960852344476191,0.09022421696226018
0.05372995617019963,0.0508849309697437,-0.019895344725808742
0.006934393564631746,-0.047896547336711795,0.017800359338530948
-0.045025926560938345,0.034572828922363984,0.020077986173951998
0.01621234628178849,-0.027013992405657807,0.06734340334662416
-0.06843317123933583,0.06441376666811806,-0.06307467136704815
0.050116552585890366,-0.04611945016499025,0.04386011143230283
0.05059716751027084,-0.03226854132662289,0.08449789074041907
-0.07083035023941789,-0.07890771096233193,-0.005287773057286525
0.007693384695462448,-0.02437980402379003,0.015462433513955955
0.021190254914101453,0.03843136618393507,0.01265113379557441
-0.00013659275236602847,-0.05102959683859794,-0.06627346843133369
-0.04135919308216773,-0.014776191078465416,0.07162848415562632
-0.05314708130266767,0.12469366660293957,0.06779155193246454
0.040220400351811805,-0.0744922402550573,0.07552859043718288
0.061036328190839276,0.13154781216935701,0.0031157023103652575
0.024890700804605287,0.005917829431481125,0.0029464468120967806
0.05807005599690517,0.04791060786453683,0.06182513601423658
-0.00040691999888978723,0.011757855906259308,-0.004908469585861752
0.02654160151579451,-0.034509986523737615,0.07637545392284899
-0.04292066536575086,0.028283660862873584,0.0745558990633511
-0.05111786405990679,-0.007273501427203108,-0.02712221611056125
0.010143998490251964,0.06222959289618589,-0.002927438662347775
0.02222450248010059,0.006787748573320605,0.01390719574993781
0.06861497671286805,-0.012691315024842387,0.04402629093020659
-0.08464273981996492,-0.09325149497886015,0.008965499707060336
-0.06345024404397598,-0.01963437151217517,0.03784504481244548
0.07459468120015558,-0.02876190233453005,0.011991645562448597
-0.004572716857192545,-0.001572830988181317,-0.09802807628235503
0.0013387286577065897,-0.0049531868191765045,0.03605734199545214
-0.03920005005627708,-0.05727092834071202,0.04450646559259276
-0.0464059974902721,-0.035910756897810155,0.009004328413220186
-0.02348025375264161,-0.046015338825972106,0.053699025698928905
0.0008398076602290569,0.008897444795283234,-0.02888469698948999
-0.050234336208904926,-0.002058013259827504,0.07272232886238579
-0.034609874033725035,0.020522805725255274,-0.0019804040357508223
0.03665493878516676,-0.06470618950969359,-0.023941468750974852
0.01485740288363222,-0.01527077992729491,-0.05254417886533007
0.028512770278486924,-0.03235446965066702,0.01916736364350897
0.052889732127662195,0.03867643777889415,0.00831380952102631
-0.03902881498534291,-0.06939896793548042,0.04157391615393495
-0.006657723921696581,-0.0001976547651864613,-0.010410655225174856
0.03675175039453317,0.05357916894484353,0.06602151675031619
-0.0038892352602690056,0.03170803563450268,0.04447026964263456
-0.0133854865549261,-0.006163295150026695,0.030367184552226208
-0.013030150783566681,-0.0038263782710571854,0.0020608090872805077
-0.07135254730461679,0.0814540861059821,0.015852482009431294
-0.015287737649609973,0.09656673497701904,0.14574698573337708
0.09662031375601635,0.022373534066302193,0.020082751264086207
-0.010156675967177342,-0.008242936102481207,0.0028465305340461163
0.016042995849242705,-0.013651038943462427,-0.03463965592725986
0.04857541709962278,0.050572890773388335,0.020113598037927522
0.03893918497703801,6.299844780691816e-05,0.06370663739161912
0.08116592588605162,0.10177776382159506,-0.04674500368117302
0.015922834038868343,0.0558512925299223,-0.009438354739474221
-0.04275737750527643,0.01500832097992164,0.026427307162019454
-0.06473684012177447,0.014635396109931663,-0.018499740152708076
0.026301563025891563,0.06220102893935874,-0.026943229621479284
0.06662924739617146,-0.036708969626239124,0.02020913277887561
-0.013888710245576308,-0.0679348513316197,0.12862006223676098
0.06864115421415667,-0.002205817088463801,-0.033290982287778735
0.1010483588989996,-0.044134920673633324,-0.04829720894833052
0.06358176213524944,0.053887972901436994,0.001787714318854921
0.014762824863140782,-0.02729149894148958,0.08199394398278312
0.047088557152899585,0.035689128237617676,-0.040069307593569414
-0.031142528407637007,0.024443923625847193,0.04382125326815289
-0.05704924564894458,-0.003920727537077215,0.11569129104569521
0.06924474512902351,0.07388813948971144,0.11160684682311224
-0.06867626235210432,0.03005839772130052,0.07008247708646236
0.0757720379387268,0.07697215219273978,0.03675363059568813
0.018220897045807632,-0.04700662499261628,-0.13587485155198348
0.11298078661174871,0.09131767531039078,-0.009827645140573951
0.022597487517502755,-0.012124420102753542,0.12342434616137331
0.08740279698993174,0.021611067569149496,0.0006404859020635902
0.07646819284701983,0.1342587217214658,-0.0004762025671033142
0.0882744296059321,-0.044742308946233024,0.06874573260567785
-0.032425459578403815,0.05570257217563612,0.12465573942633756
0.08296118642797398,-0.0345705433067335,0.06405820401621816
-0.0400249439708744,-0.002124485100866755,-0.011078770291512597
0.03544252444307298,0.03466254191578923,0.04133430219520008
0.01957542661061767,0.10191288949775726,-0.044399542727619014
0.11579318623566663,0.08920184648205061,-0.0166679372254487
-0.06527741559788901,-0.040872540240116745,-0.1166388669045045
0.01765714180692735,-0.07855676327529382,0.011704424125328116
0.10207294705190276,0.06171345272191511,-0.04398669242748672
-0.03957316349897666,0.07897970550313083,-0.058008612615938544
0.04333157105427046,0.014585452090205151,-0.015954618740964783
-0.009624007721838263,0.1054097534216977,0.02252334254806002
0.014633436089522703,0.04487829400137154,-0.07626818970509128
0.09631301988526922,0.0852762850438394,0.014707279536807442
0.120009204235532,0.04664882697496441,-0.0532859747273577
-0.0681461974562709,0.014850694828459663,0.0052799518697993295
0.04642797306321448,0.0525903733893635,0.025537999548958284
-0.04929043050578322,0.02697874441673924,0.017869614795796754
-0.032777903217354756,0.033307747966415974,-0.025188944257458587
0.024900207000323374,-0.008586202394086351,0.009596723043584473
0.042684522097482774,-0.014162708669865381,0.028106589644125816
-0.017581147906450066,0.005674233407328104,0.0649265214490779
-0.10063299086375,0.06350186875877586,-0.02087477371772751
0.017510727163493313,0.02273493685568951,0.0857485282703234
0.030661650732334234,-0.01031014243422861,0.016090006445589
0.03335846984229107,0.06236448585071942,0.001361949503351969
0.09690985578995644,0.03338297029740173,0.015223964005943872
-0.06743482628768206,-0.0021250283125383816,-0.0018990681404758639
0.006827525926142714,0.04835688559859149,0.07291191534083527
0.02014794275112701,-0.003756824533050356,0.07689885628717329
-0.02482426406438369,0.08977259503532403,0.0037940233338859264
-0.01491043777079255,0.08582739420245337,0.023309278600765693
-0.0062574427421726656,0.0560756918428541,0.0017620945643966185
0.014515604556469072,0.037617031091141714,0.04785817841200717
0.10294313745899532,-0.015866079646906023,-0.019571251284716314
0.0333168945549004,0.006098018995791914,0.13484938211001263
-0.0772633541309216,0.10722931148055075,0.0878656041549614
0.010683830905244773,-0.006781030508119158,0.03303779334785016
0.03691024177267686,-0.013148532839829741,0.05585266344780217
0.13275604479322367,-0.07068274595832008,-0.028081460671033613
0.04193628454275014,0.03240021661374083,0.03140488789571634
-0.05519014342916176,0.015645895555743805,0.013319959962374579
0.0020552085378364258,0.02795028263056417,0.015655843113967487
0.03119576313573066,0.0004767732435187917,0.06497894262918058
-0.018111960353104944,0.005220746356251117,0.058240656746452006
-0.02571422705329723,-0.0008457921849268323,0.009898128566804202
0.08535556430582175,0.06092472756084609,0.028274581178337622
-0.004521175458018351,0.06580712646551562,0.0775478528321951
0.025992387247098788,0.0047310222164620545,0.02287314093578261
0.08632731467322584,0.026984518169449145,-0.06062423251201832
-0.03174206394643128,0.036132106664095665,0.055994043134620086
-0.023024260987885327,-0.0024759931864197834,0.06872078449955868
-0.03419305206997556,0.08937139851829004,0.048342665519371705
-0.0005175598749300337,0.0005682650002541284,0.0913874886174718
-0.010233378835950838,-0.005313048699812816,-0.04087292157262744
0.010992384234910307,-0.07940162599706072,0.037104541470604664
-0.06507412344233353,-0.04776397108433891,0.03191420595154359
0.09728575586236568,-0.000291940387013653,-0.04985345497688323
0.01509595248677818,0.05214887417455226,0.011013968063907292
0.03818835944981892,-0.0593734952981241,0.03140196874430996
0.04093055005611593,0.007642092410815267,0.029369103677066147
0.06523598862116028,-0.01938444636312022,0.0035380219159323184
0.014602707802494442,0.03392931139686581,0.040102609811114076
0.030668566016372495,0.013491636272002117,-0.0336279371896916
0.07028823642536774,-0.09114455057585572,-0.025745792101017333
0.03730496133925534,0.059530167341033724,0.005576670125247254
-0.039617937107194454,0.023561421863850664,0.02844653685903403
0.008802157344753269,0.008954641188996509,0.04664060224950793
-0.007299035857146913,0.005891350664473183,-0.009810830174562862
0.03154335344394714,0.023938464168372586,-0.06687470855242666
-0.010272553103254716,0.0498605478809535,-0.032396160355059954
0.038649978254246944,-0.06438011115539383,-0.07433163185219263
0.08129354820668228,-0.05918537089277554,0.06849687586981829
0.03248440159575175,0.04114653567289375,0.013074986831508048
-0.008176452549295306,0.07468124967646439,-0.033745714006893156
-0.06356482264829397,0.009771900994275034,0.05990392702199354
-0.053807169976713594,0.08264853247670773,-0.09022471890232325
-0.005681475822096179,0.02246521610206181,-0.007697038307525586
-0.06706733474378951,-0.02045314047289251,0.0116072990636218
-0.025523893194279217,0.0015102393000512547,-0.05049218707753455
0.0778163871407025,-0.03281005373705836,-0.07514568372263704
0.0015426972867925064,-0.09045982470711822,0.038724488038942885
0.015574157263483678,-0.00451806619917966,0.005177450608479541
-0.0011947278187311736,0.09236319917748434,-0.07395544801075546
0.06997528983420569,-0.011693070164192292,-0.03575184114246918
-0.005490387128669641,-0.04177469610882976,-0.0018331879135320374
0.013265845125594193,0.06301785528239283,-0.014257824540948481
-0.007622243393718173,0.006744909999066469,-0.015780796406820823
0.04168362863646327,0.0803067117068309,-0.047635220804438806
-0.01410642328931733,0.026132049119018695,0.08406125646266867
-0.010139727608705861,-0.02980189669841967,0.0172006263706346
0.06397311796865737,-0.06955376768058617,-0.07474182654877148
0.0010645512205097784,-0.05223056955503244,0.07796383594502748
0.03953360392008923,-0.001902787171226216,0.04392264311217139
-0.04709565426990887,0.02262221269975167,-0.04333387918670421
0.0067150375765952786,-0.003923218196367965,-0.003916866115160762
0.04619666375614093,-0.03753578335217949,-0.021534240555903902
0.0733784152418556,0.0013908769803989392,0.03391735276988928
0.007591016016033734,-0.039395804430656836,0.12131040093773322
0.06179661051157896,-0.03723163642818133,0.01210741510503935
0.09368585943640358,0.057744664678920254,0.05326909270274571
-0.10648925550735967,-0.0230425556591923,-0.03107233518909099
-0.056071870856230895,-0.08273375321775499,0.07147054941971583
0.02974164428030104,0.030300168551501368,0.0435841365971627
0.013803538245446919,0.01718265015620028,-0.10114041770999543
0.021876937324470255,-0.0640154078215107,0.06300510946316466
-0.02775609531365442,-0.011302564356490477,0.0323614348386272
0.019323149791925658,0.02377797025816026,-0.02278026800992352
0.08161770614463512,-0.017161463922655086,-0.10272065988874611
0.05871043807532363,0.0060357061097142265,0.038056660611472184
0.003909007854637276,0.027902467459363128,0.008653843547907098
-0.035620733885518285,-0.014190625389587999,-0.011030876685447173
-0.007929746159378765,-0.03602594542924905,-0.07463219338547833
0.09388206105310071,0.06828539793455599,-0.0689026628888822
0.045922121508738804,0.019909844619953335,-0.057888919949990424
0.015192652428661458,0.07838587346738922,0.07859860301539659
-0.008657347078600507,-0.04648731777816388,-0.06020884194344636
-0.06847757469311175,-0.06463873370207265,-0.06085791493127231
-0.041138780620291984,-0.010149929036908274,-0.03518071890085991
-0.06479883077160438,-0.01941819167794545,0.07651364402868302
-0.11210115484294407,-0.010853654214474309,0.0017887699625417758
-0.0072145881516978245,0.05073391527551282,-0.10309245388132075
0.008291275483642929,-0.02677441851113594,-0.024732350011295222
0.037066532510369746,-0.011183977303395692,-0.04906815824381473
-0.03638367343566284,0.013476324521917434,-0.041819131308630006
0.044025593985642465,-0.0027900202366069778,0.01877382193116351
-0.015188509917415934,-0.038555133125071174,-0.0266323734616025
0.03324129818824886,-0.03469662850290199,0.06562122537752323
0.010611615751894277,-0.058395413809896934,0.02669563560998587
0.047302735622418095,0.002669582918403631,0.024961462006893385
-0.01667175822370774,-0.03225034427053995,0.09621549785272439
-0.05813111529138853,0.007745715809361028,0.022979730456675507
0.08869588348758495,-0.05406171021004989,-0.011131255182919655
-0.055214930782173564,-0.0411978024843071,-0.07133375914868294
0.08060954615370809,-0.0743878570649707,0.044189544791121055
-0.011509355424250564,-0.060268651885011855,0.0029489105632852473
-0.0030496908381148716,-0.0461467403556839,-0.03621558826180972
-0.057123199929000223,-0.02697142148947644,0.0011771329590756583
-0.04695323648823572,0.0015951371213802027,0.05002865722752604
-0.08087435588749498,-0.05978061551971092,-0.010757402837960535
-0.10020760012082905,-0.04874549507629368,-0.05502948169678179
-0.01771527438364267,-0.10044883228164493,-0.020699876085205855
-0.09526413324976397,0.014689507791131096,-0.028341077413454718
0.008813885822634286,-0.010605651365775686,-0.011437143915469086
0.02535249617896828,-0.013670978187153333,-0.08169173514424505
-0.05047843669775828,0.013290962104412225,0.02154879521100869
-0.01650409125310267,0.05224369766315981,0.02552279893148987
0.0052198551510152635,0.05703724800777297,0.011454870237150265
-0.029883832726303697,0.02355964739223911,-0.10378645158365805
0.04133271527508745,-0.05320215682555933,-0.02495940840058607
-0.09262071630080992,-0.007858743587074685,-0.07335604244109169
0.02732855952875302,-0.021249744688491817,0.08022515870760326
0.00013056370203930884,0.018708153695305096,0.04091509879579459
0.027981634438042875,-0.020713863315942417,0.003890071001587718
-0.02403273051418805,0.08785143899438677,0.013922811445495547
-0.00476279892737342,0.01609386573075562,-0.026570828812007084
-0.03013643034877839,0.03595512231559053,-0.03279348901005166
-0.06555907019645293,0.012672092060160026,0.004955604105465618
0.05481569976488829,0.017775354624688204,-0.046502623836538956
0.04041686771400227,0.071026900735227,-0.023307568698624024
-0.11056256771258283,0.04302716637294137,0.0038953145150827546
-0.040844182920458307,-0.033165805684625425,0.07567706752823261
-0.039033283384921534,-0.022633013928568285,0.04184849723888947
-0.004887042717240126,-0.043115174791200334,-0.019880614480395263
-0.019124748813238807,0.008661515525196627,-0.029741463314637437
0.09077533840566039,-0.032968182197203585,0.04223731775860513
-0.04162874120412638,0.031139240880921723,-0.01847539797503853
-0.03787468420661516,0.013905131625010874,-0.05117648085308685
-0.03814576348890859,0.13689181519237717,-0.09325537295619188
0.005612244760261613,-0.0990389750684109,0.05682180713262773
0.02482813816064039,0.020567027021160894,0.010364047461637781
-0.00941732972264053,-0.009024245040909939,-0.09168751002763453
-0.007207602151252547,-0.03302748936855411,-0.012340895541803136
-0.06264706641615002,-0.10634371958410112,0.040843322665149784
-0.06453793663225843,-0.026256777490749783,-0.05759975298542804
-0.014852611037119944,-0.013854091254446093,0.07169922138612088
-0.027459036393456798,-0.08159132533545006,-0.009994947844883474
-0.01556713089868407,0.05072857851388836,0.06110843975512294
-0.05654810864887917,0.004053786462367787,0.010147705945678837
-0.026737897138799052,-0.06467786068300874,-0.005965094946060005
0.004905874588688377,0.009094248700852705,0.03084341162411421
-0.009600360495513315,-0.006360548260228622,-0.06855539407906447
0.02985137389281059,-0.022470963435395373,0.018727038426678985
-0.1512128303463162,-0.020907654863387727,0.11481654465286133
-0.028121242271968813,-0.00739650320398335,0.0029600862425250077
0.030002449114551022,-0.10635138388045653,0.02640107745566149
-0.05808000536691865,0.04792659741365049,0.013430198893222636
-0.06829380386260087,-0.08385391615970605,-0.054291375136147624
-0.05959310701257392,0.01372174128030508,-0.06367393602512982
0.02281968038423272,-0.11193184355230194,-0.03449591497214008
-0.004448070810988166,0.004461310310542168,-0.010499814016558197
0.028680354814632,-0.011883385899961227,-0.03284955621377486
-0.07768678861488076,-0.10076405686051729,0.0017643226664010615
-0.00763090305382009,-0.09361884873505935,0.01643343529959926
-0.025856810690442808,-0.02844293754940015,-0.024761053121454647
0.058784029998872056,0.006778755198110404,-0.03875968607642301
-0.014989000817814919,-0.047163655578498304,0.0409738770764074
-0.053812413961478,-0.020788953931478782,-0.10124510650837329
-0.030203038544176032,-0.012692903130196848,-0.10793375431173956
-0.13943292815693034,-0.07217745478323206,-0.0920487346476524
-0.07604843932877745,-0.08226551758448576,0.041082884241917944
-0.0010113525938275462,0.03998574046489772,0.013019639011639886
0.017043253425516002,0.021487130305372647,0.02339408686974358
-0.0390804636222713,-0.047477755875557096,-0.0581386633231173
-0.049294259235698815,-0.018529832458525276,-0.01034068239936995
-0.02750015973452291,-0.09942128310343779,-0.005548479077391793
-0.03806126042097416,-0.06683140873931163,-0.00441998540008242
-0.11471371640815914,-0.03569011282435344,0.08146272285472766
0.02117844450069985,-0.04338194366425842,-0.002366752192487661
-0.08116670730793527,-0.054634270826411785,-0.04370079045205814
-0.018142541800969914,0.10012582780138111,-0.016886403734912254
-0.041011759851812615,0.023190359463289376,-0.024928713656699478
-0.07098544456447592,-0.06390255511050305,0.027716824170372807
-0.08374215323934084,0.01479302702074312,-0.07205115550703407
-0.11375005686623674,-0.00014314510078584225,-0.005190065956814477
-0.06054728841557669,-0.1593656956749138,-0.024671662068691314
-0.05867456619830569,-0.04815494317551221,-0.017226213251171137
-0.006826437971641047,0.015302935252031292,-0.08998699830978989
-0.04520940630190391,-0.0038493054538649325,0.01509557507754222
-0.03783637073147503,-0.006624886543277581,-0.024800320985350958
0.014749546185455951,-0.021424369676142578,-0.06278239467168717
-0.033614481032896805,0.005905274632857779,-0.04522553370449825
0.017868011203615596,0.10232660608765318,-0.041244268105461904
-0.057998286983150224,-0.010198493049195434,0.0013077670350323083
-0.05799770617756418,0.02353576464124232,0.01692680753106864
-0.03631819976345976,0.010826176677775037,-0.01121470618351045
-0.02213003185933409,0.05103521530305209,0.02828567873587143
0.06041290009260439,0.017883379209696747,0.036365095094105765
-0.025979745638073266,0.028837301888039808,-0.046167775695764614
0.00281245454385386,-0.02072578708303949,-0.005656721499205118
-0.06770254433873077,-0.12162197220830898,-0.07997647361768082
-0.048889104737816616,-0.021829230242874673,-0.011912226326540782
-0.06984202575013908,0.05408632436581781,-0.06691615459258383
-0.01922436218099204,-0.029415527333051868,0.0183306652422746
0.004934751308088823,0.015625948489033363,-0.0395188977847667
0.008894768785030427,0.033922037925852674,-0.04325115100501295
-0.026080026781022995,0.035349766674828906,-0.08931854084554132
0.029091452319900086,-0.05215743452525996,-0.023197617461952258
0.014886771860486488,-0.041485085070583946,-0.033008111389383976
0.018366477394971648,-0.034316305883596174,-0.03044360228422969
-0.03793912121658762,-0.011402777375347511,-0.08194213497773556
-0.03819311312714731,0.08621933846040224,0.023642762266337384
0.031831756665233926,0.015502247255998466,0.05964462103115645
-0.01088495226606689,-0.045083989267165656,-0.03517556066719988
-0.04515148162412583,0.0008567140892227348,-0.00924179698069676
-0.002016988306502203,-0.03723246380085376,0.11848075407243255
-0.12518085660587808,-0.0360868469805705,0.003996722270351347
0.0043695972763069905,-0.017700689645904464,-0.045291132394238695
0.051408826984642546,-0.02688197766247445,-8.719349664385034e-06
-0.0487376421002413,-0.026146920409565826,-0.03183278534482437
-0.0028065151313342706,0.009918949249806915,0.07432607884134582
0.01790295092230091,-0.006830014856327008,-0.041647678309793074
-0.07031955982065936,0.030791025101988022,0.01474284632355412
0.005226060178873806,0.00995366290194244,-0.016430151033823816
0.012519338257282712,0.029198762480009313,-0.041483007905457704
0.018905252261792266,-0.06383384212928277,0.09414238801738546
0.030273046848094273,-0.012127203451056513,-0.07797135605961643
-0.030149715633609617,-0.015794159702405136,-0.0021898697487110746
0.027503974802455887,0.08472950870612257,0.016432485432198142
0.007119332003248251,0.0194248104384668,0.04905450329085721
0.006781043259146205,-0.021030363732470678,-0.06193768382379118
0.01343250166704709,0.01156894025732685,-0.03402279360196438
-0.04107015580206437,0.00407156965910371,-0.07748674395401911
-0.04490656424136417,-0.03577566134389998,-0.015989638474200825
0.03490068196380401,0.0035501077102356848,0.05939462858640039
-0.07993453190914535,-0.02401885419073311,-0.04737581006368629
-0.07383458602935433,-0.1016628382025367,0.03780575673375167
-0.020072147413605725,0.02107288656664411,-0.07343980878301486
-0.07921200597702457,0.06395640079007753,-0.09704257587170907
-0.0975356481781091,-0.12947354805622052,0.013164375012653808
-0.01607023484032759,0.080147912973251,-0.11251896387381707
-0.00873153373588099,-0.09284904104947059,-0.07053259117239599
0.02682245203320565,0.04966148796105014,-0.02001544017332752
0.023831866811748044,-0.022217056187841835,-0.0782973444010436
-0.02287666701489189,0.08002292808611783,-0.014102782870783159
-0.014800100048757626,-0.08140584556376455,0.046366933865126414
0.03692458498580156,-0.010750410418421542,0.07524660706008479
0.044291780956567994,-0.016578997097606775,-0.024993089812644198
-0.021277809266280395,0.035277619219064055,-0.04704078773449909
-0.0726644322046685,0.013265346521270663,-0.12077466596203548
0.028240831934811108,-0.014906920202144701,-0.006900100395443809
0.07423237700185659,-0.03060460126674422,0.027924845432973522
0.02361597337359566,0.008279260084348535,0.021923958232151073
0.025711500783942257,-0.04158199296270994,-0.05512662190716228
0.07242789775378825,0.009944314659378777,0.018285799695449252
-0.007747947150116134,-0.06541552908062241,-0.08058239853187299
-0.017349218054807908,0.06482014651932312,0.02009851121713016
-0.06178100108189573,0.02510575831024941,-0.00801565936228602
-0.03913974673313206,-0.019970358054017697,0.042766818385632385
-0.01626670087116279,0.011859214042736755,0.017394238899590936
0.008680453465323403,-0.08219186029629504,-0.014521360043622037
-0.0051663566787092,-0.04537658153215783,0.09954248863503573
-0.0042918812202870265,-0.016598673255574715,-0.04868450612909748
0.0572784448245273,0.0875956754149447,-0.010574791281236449
-0.0114387700310681,-0.005577525057115947,0.08365517785190028
-0.03991518389561968,-0.041853112975269134,-0.07823501789491154
0.027729561985364835,0.028117970855879377,0.011786408224343294
0.012321926868187956,0.006484396036042124,0.028800706680797924
-0.11506794436034577,0.016742824021068997,0.014996642217964153
-0.008149593999055514,0.05649038977308161,-0.024489017362731378
0.0019096063600123037,-0.005386769116025699,-0.029626873973551973
0.06345448740064973,0.005791210919520435,-0.019947526090799937
0.04877115783469739,-0.006744945382406707,-0.0612968702749833
0.02664612528764886,0.06480219699941354,0.04650880483742507
-0.045401624127125825,-0.0030253783826778157,-0.031874400939596585
0.09033560287681737,-0.05695806268171904,0.03827834239882468
0.04827301099647709,-0.02065620354069459,0.017102674718964875
0.0012973096882175445,-0.015443732961770212,-0.0013306554055882264
0.00613607948912596,0.02471326954387738,0.004410243309732347
-0.05115296982596123,0.015571720640752618,-0.0956423247108153
-0.033116503838759546,-0.03661555439847243,-0.04730503546241522
-0.001715325500064254,-0.01396437913893177,-0.11729614503729963
-0.03795507850900177,-0.0036499135813148694,0.09554964423686772
-0.039647382846794046,0.07381984376523344,0.039410025975744195
-0.04383016381241943,0.06100475906683377,-0.029571653165605803
-0.0056454551285110045,-0.03970761797997756,0.027017308564545792
-0.04101746106257177,-0.024742543175906226,-0.04815929127981479
0.031848035489487614,0.00620201307565354,0.003133632704480269
-0.030213255571215396,-0.06794131179810715,-0.07084832907600093
0.01911805551076768,0.06756255650782923,-0.027501847499083833
-0.018102746727076135,-0.0032322257697699752,-0.07802619519217696
-0.005193353022043937,-0.043879333690089874,-0.07118111632208535
-0.1099732030431132,0.026303099127035684,-0.05344740701769266
0.02353350616629874,-0.09256754486403712,0.017768190655691893
0.05167730497740876,0.0347933961765613,-0.06715653250759436
0.027646257977478137,0.011956303106476402,0.03609598385413428
0.03150353447130592,0.000806875970742125,0.02093675439055012
-0.027721395494658012,0.008681070042296657,0.010893819571246058
0.008443490894510446,0.00967786937703611,-0.015662170699140287
0.06820805945892386,-0.0065030179004374866,-0.05300828707801099
0.0013064634622235198,-0.043484473331779586,-0.03323083328833405
-0.0343732193541672,-0.0007697205323402758,0.020489259533820844
-0.10050298180022023,-0.046462396252362634,-0.039044416586031104
-0.01390855459850453,-0.035489724869335965,-0.02832885205575848
-0.09622945091291567,-0.053097793311517656,-0.03142468968218049
-0.0225443045364688,-0.02217868307682002,0.05657239352112527
0.053628762181416656,0.09783036977878186,-0.07405341542772723
0.05985965135949402,-0.08759305853351225,-0.0023383680647649143
0.11790488718457585,-0.07367296007532688,0.0294807593245415
0.015163974779792993,-0.007331161470035404,0.0034583792682438778
0.062153695526304606,0.08113313898892702,-0.007841935834911131
0.04510535278750832,0.012657467230376054,0.0026639610545481085
0.041167330166617076,-0.02522125972178866,0.028473026423125554
-0.01001077263724143,7.883322869017655e-05,-0.031423459703204516
0.05356979857826592,-0.02060298486605949,0.009029791381968352
0.03972843282966056,0.0019794249240732576,0.022828799009267126
0.039819413157735295,0.11127775291168396,-0.06592628944890241
-0.09006382178422684,0.05825907256612906,-0.04289735043455903
-0.007746653380656837,-0.04899316150787391,0.036690153568861635
-0.00540358034648593,0.0631654571272459,0.05408323009113453
-0.11750315711565128,-4.679895182020666e-05,0.03724061887567568
-0.0460705420812231,0.014084179168010049,0.07760471061027811
0.017415692227826608,0.019543284436012533,0.0610068327789071
-0.013981235992220757,0.011990984827081604,0.04776625070622428
-0.03874243443913112,-0.04164579236896588,0.0885916501424178
-0.008776204751070042,0.0647972233369082,0.01137043691697998
-0.018005798615526328,-0.012669524835150181,0.07058785309060249
-0.014035533585490942,0.004254711161487464,-0.010256731926789485
0.0453163995694385,0.10878510317843718,-0.03342762930235118
-0.026752452030979198,-0.0295240785511408,0.02039123024552951
0.06432762862789712,0.10887026605832488,0.09169493717307545
0.038388606396084185,0.02411479805531854,0.052489323324728464
0.0014906863119416112,0.0017397205583309736,0.054877600688660225
0.020183986976918172,0.025162422658408973,0.01504601113925134
-0.030851870329958057,0.02737600682154393,0.04962442231459469
0.005502559878368408,-0.05398784384156858,-0.0024368977486639003
0.05150324025194079,0.09494726756801233,-0.01130214397791042
-0.021810376883207767,-0.016363968472726666,0.07588372025766676
0.09521229493064236,-0.004198638177530283,0.050742515667925425
-0.03271652299922433,-0.02211894177452882,0.022576386112182878
-0.013100037095519147,0.0655614049997378,0.0987497262518488
0.1015823030832291,0.053611777242810146,0.036006845676712584
0.043460858870414176,-0.014605475713293,0.011868530335152172
-0.020309639945382072,0.045434490467123785,-0.1375457307198206
0.02670231475402706,0.0017620515852625578,-0.011689693766501384
0.08666329207407616,-0.010002825745570008,0.03277523685389222
0.022204281854796896,0.09264947878687103,0.06495973505064365
0.005327744367390206,0.004562274615809485,-0.031001303034484222
-0.025507312515200303,0.021096258486488897,-0.10774601223633537
0.029235965568072484,-0.05191016907006871,0.06456430133268663
0.0417854336499485,-0.013156672105444273,-0.020042403461654285
0.06494769853481772,-0.014703745806670967,-0.012052261462061117
0.040048306592249325,0.045178133361718886,-0.01095344742909755
0.017465305870050338,-0.047509479837533765,0.10864042868418289
-0.011841016033055478,0.045063820750198616,-0.04121203588124339
-0.06239438546176701,0.08576864588543917,-0.0917795287709256
0.009284095525655671,-0.03161542491262239,0.1271053739399346
0.030455020477021352,-0.09236436144456578,-0.04492031634576276
0.06175985142805296,0.030709487438665785,0.03385339405503783
0.06414131061198562,-0.007508401135074939,0.03509300994770737
0.03460590982964033,0.040743029374734285,-0.05206989412375154
0.03657895373117478,0.05578630121770238,0.07237748712957967
0.08807445029853203,0.0221938765880708,0.09316069562475673
0.0358393210478527,0.05896594073515034,0.15675955315146295
0.02682491684003993,0.06745223806280118,0.11634521839579781
0.013116506694428993,0.03521359679740803,0.05693100090126564
0.028307943932344683,-0.06648826577264072,-0.020622528492572578
0.01869180802267833,0.07412351583874621,0.10989820072119065
-0.061016942158821905,0.016838840516617288,0.04219594160847462
-0.018792014824942253,-0.09127682572752592,-0.029751924956243087
-0.07671338188609708,-0.027519153343010173,0.022195027798243186
0.04139139678469605,0.06945850406756587,0.03959644435999266
-0.028558434821642047,-0.0101474273098414,0.014939646135413327
0.014100539367334939,0.025051264033808054,0.003359794357765858
-0.011909173693219786,0.07109650769175822,-0.02918287748552433
0.009455859110575412,0.039160308702114635,-0.0761262515829317
-0.0018245968494375701,-0.06526657238171547,0.016042729373192576
-0.00897774699178749,0.07151125631934645,0.02724450603749262
0.020345990357501047,0.005132125322365592,-0.037895651475369996
0.042354493582192385,0.009881533842069846,-0.03172567093807472
0.05307655070031905,0.004851497714482731,-0.02033829378515934
0.044410564972866655,0.07404371219671994,0.01370230762809144
0.08051674931112274,0.03010248624246876,-0.007923019551262154
0.02409574572402478,0.09866402720341311,0.05787131551581483
0.07521339122613217,0.04296118847314373,-0.034087969975667105
-0.010103221594929997,0.01096525427826486,-0.0027937279300766678
0.0455456319034272,0.031083295370943554,0.05148625690501103
-0.0625190935461895,-0.12378260319950823,0.033856452739922584
0.06031877094460697,-0.04826282720069628,0.0328106531508534
0.08013929529213695,0.08792364069892653,0.07131307604753981
0.01230006571502833,0.02565239658427158,0.027785657935472365
0.018439257929826796,-0.039971163229276116,0.09345083762946181
0.08172591670506996,-0.04965501437290335,0.008794681989146095
0.0021248393651232926,-0.09823062103699866,0.09591753102601235
-0.010447627501883182,0.023912961482415913,0.0284681992848303
0.08456909209008164,-0.019126752061013056,0.09405137485680778
0.07456345698984772,-0.02463568882321068,-0.036760631603945854
0.05473254935598276,-0.06695167119868448,0.05122717386851197
0.009591885187448163,-0.03359777220872801,-0.029708791274463978
-0.0494485321201054,-0.00964706212109942,0.07599992397322056
0.03088131912378256,-0.0035504508719397705,0.08739710010623011
0.04757433170653394,-0.04948477992987485,0.06229528462120622
0.0575508383888312,0.1315766795327887,-0.058489519895967644
0.042057603704906216,0.018895162332880827,0.02052836281202149
-0.04312616664468198,0.03626683154669945,-0.015979463307743084
0.0030921456107812044,0.06461426986718102,-0.03487900616120952
0.05463621402804504,0.08445757078422568,0.04338825335962664
0.059139731777358054,0.03748954837454445,-0.01857654013972781
-0.013504866373364129,-0.04545219497493235,-0.005276249222971395
-0.03365893042076701,0.027212319857936755,-0.014432617381597047
-0.04101940952671003,-0.01491020962166022,0.029837826324843674
0.02670928254520633,0.0463356959842052,-0.02274875415708421
0.02035462403314237,0.03438034841217872,-0.04214102533958945
0.043752314380249714,0.10033628312707205,0.04818344585166051
0.020262729442008392,0.04145919702122079,0.002710669072409796
0.08427963332190005,-0.02076989702570022,-0.012974130597107825
-0.023692962980128053,-0.054829353493895665,-0.03880883214090452
0.0667445529927554,0.03134717322291765,0.09152142273445003
0.01891125447605728,0.0489176997723547,0.042249054596591215
0.1061677590070978,0.05636821701299803,0.06937577091728243
0.010084537336920557,0.03850111243413247,8.898381723821888e-05
0.07428324948732337,-0.01901689837915405,0.13637722705678582
0.006356549672607377,0.011996877183683922,-0.0019522350501107576
0.0034336014100910927,-0.009367890492190037,-0.027834675876307564
0.04150214538503514,0.06036169577235518,-0.027058391149354426
-0.04881481968342429,0.012970832009146402,-0.004694351332223864
0.09350162108325125,0.02422422028204305,-0.08131993282697388
-0.013033911010780356,0.005700706935974844,0.02101977385409541
0.10698560692423892,-0.03745680532543613,-0.020458283130776106
0.016809678679511077,0.07964413514633857,0.010199864170224667
0.08042306122061296,0.018409078617473255,0.08743154423730645
-0.04898266337828308,0.06633765541625035,-0.001327433863742511
-0.02374033996984653,-0.025993350758953905,0.012249874202985326
0.0787157934303696,-0.014744253138342408,-0.001892083943282566
0.14293733708758882,-0.01185039860806364,0.04291071296067403
-0.004540637139707824,0.052390624211947776,-0.052445282103233716
-0.05352344478708679,0.019139857830217974,0.043008187612365884
0.020969444541584812,0.02496969221905604,-0.04354958525025707
0.04268297444549281,-0.028431096346405026,0.07931927615391626
0.0006490027051767669,0.049237940109741994,0.08601184146542229
0.08147887560500552,0.009945029223034812,-0.005254040549529489
0.0488859188329294,0.035502759979749575,-0.04602974610258434
-0.02885796986665891,0.014514890767065245,-0.04153596017118515
0.09321700009449664,0.017844902591255735,-0.06029890085191318
0.006804442628203192,-0.03121804274571715,0.05562499307734737
0.0483592206921187,0.03493739770897367,-0.050788860396987406
0.004271004837001028,0.023133119235305394,0.01259383173907501
-0.048520796398311146,-0.08186132735580506,-0.012661591778723093
-0.019095657815453783,-0.05949616541291404,0.027842493123484663
0.026936122653278723,-0.014071188307708163,0.01211530924979001
-0.009379042620737636,0.06266374175350947,0.021279361690224777
0.11424149531493816,-0.01672331214228409,0.017762810315267205
0.03315392490055323,0.050564099225527286,-0.005720665956429815
0.08037353723030599,0.0645105043824687,-0.022370545615121532
0.02586373826157802,0.09480596591903709,0.1043527153519232
-0.008220982293098169,0.04780544388191453,0.022971661709245618
0.04676378340479446,0.05981783195446393,0.07967075903202885
-0.008747491108276752,-0.021339018880053615,-0.0627681946707666
-0.011288540896010228,0.06862634311598073,-0.027717679801741835
-0.042221769333836506,0.026198515738058377,0.06875358335841739
0.01684294580992168,-0.012358432311828167,-0.02526957700298872
-0.023857290561454386,-0.08965710158722025,-0.006804423240914793
0.06568223738495159,-0.09444196059763747,-0.12025804301138741
0.021008565354472257,0.01673522186884412,-0.0043619364709653625
-0.033758550919226776,0.02568447171980686,0.003845228567989182
0.05272936975670125,-0.04944730912070002,-0.037495162981109026
-0.028937128309082686,-0.008139042036489895,-0.05429944458078139
-0.029583932792793123,-0.007738166210319677,-0.05183518504207639
0.00036002300432936164,0.0020088402728484014,-0.06051555922946026
0.08595082839699471,-0.13375321873719728,0.007273900627371442
-0.05837181078474253,0.027754502968608586,-0.06962562417652689
0.02366749805854597,0.007371657151006518,-0.0011536485898453507
-0.0595502409501861,0.040022097711972904,-0.06614714665112055
0.07989402911233108,0.05816120564925078,-0.02498270336246241
-0.052922120098251174,-0.0715249338594765,-0.04049173509678289
-0.04784553592842256,-0.0515466897772511,-0.05469081468458426
0.06750429886341261,0.007137449409922006,-0.003746408782163967
-0.13719670798936698,0.01551370341497003,0.04075556251873752
0.12553308227419152,0.0585375176359676,-0.05839757550100836
-0.0426799560148421,-0.055046591881004754,0.0700203846663779
0.053353454519845536,-0.034256897728809695,-0.026267265885370625
0.08844213035391046,0.04916815513134192,0.07539931607909181
-0.028706254784910873,0.013401838810474699,0.024078888382929858
-0.0754296433792309,0.019435494550254794,0.06134967237901664
-0.04709668909099815,0.015747158305709847,0.03024369126146486
-0.04701999845771854,-0.03299417313801898,0.02316029707918489
0.0008402576009441777,-0.0012740018788005426,0.0025820812021472633
0.13906539358812453,0.050621520252491836,0.10450534014461839
-0.052388736339513395,0.0821919371340596,-0.015027247808909912
0.06997906672725364,-0.03292858980987523,-0.005950525202147104
0.006380933487192472,0.02325903709482614,0.057727600531665806
-0.03810422423486124,0.07435446784197854,-0.026673998582740777
-0.0572406428197533,-0.01863126846241219,-0.02403018072950376
0.07811896803775392,-0.0038014125697211965,-0.03174118681687209
0.04742188272506013,0.1026903499807551,-0.045303285127214606
-0.041478951388202595,-0.09015406082979617,-0.05065898018459384
0.09844774749715333,-0.03688952659468277,0.003001207701415394
-0.03599406970372366,0.007988336897399235,-0.06551285628863034
-0.007869969597658852,0.05012168163038552,-0.06436621807910743
0.028389941797322033,0.04534349871849936,-0.03224462306515789
0.04193686994843626,0.027869041989083628,-0.01765221503079279
-0.008869048413587616,0.027834769848015993,-0.11463243907078807
-0.028572440646591004,0.07818182755720181,0.06064737046681189
0.09602219672401315,0.005864752828021841,0.04069098990265063
0.07687540374944793,0.03789462944487175,0.028832429252041682
-0.05713400667785805,-0.02749028894015554,-0.049688479520307915
0.036827021696734734,-0.07975317443064756,0.009051712343511624
-0.039091306194581406,0.01589700826260449,-0.04424091755202225
-0.019341601608105406,-0.014733051316881513,-0.018097254557257202
-0.08463147295411777,-0.11940028593874677,0.07458986375900828
-0.06864765734031607,-0.004713257586646689,-0.10595230797613751
-0.08700556428571092,-0.08656917669430425,-0.05701072556687772
-0.03663213699119342,-0.05113661402809734,0.0019903415947233084
0.008872568600267897,0.022768927534371146,0.02510136482809886
0.017469317153585257,-0.005601405533290353,0.004046836349622451
-0.05637392733535416,-0.024049046568064475,0.016041734490373057
-0.034546414310451884,-0.01296006829304033,0.08082265606735793
-0.08121166117984088,-0.07953910174792868,0.020164564084521545
-0.04712006774642553,-0.040976824819733255,-0.01856695602209218
0.0546333798053804,0.04630728328729683,0.05033149772704522
0.01915360497475064,-0.014287495236364845,0.03588558072735772
-0.0012411994169718148,0.027401167136845914,-0.06652380605923804
-0.01166691558863445,-0.0527509426116331,-0.09021974070324089
-0.03362528328066589,-0.06394066727691937,-0.08518322946962645
-0.024970762115643665,-0.0178375940653867,-0.05024232718261798
0.02995350901175446,-0.03390381081509465,-0.019475705919091913
0.0158367654734859,0.06444607263677002,-0.0703478906318362
-0.024389053285437057,0.006606904882312534,-0.01619907838223285
0.009481753335644532,-0.07139587797932427,-0.08901616272494528
-0.01776880156841175,0.02781506863851299,0.005213431468292515
-0.08520423787405379,0.017385235019224184,-0.006768414470982556
-0.023373687961092994,0.08549325360877531,-0.07380315389586801
-0.06687082622026302,0.034919116745755034,0.05672313830308732
-0.07163827670234424,-0.03502243269496251,-0.046344901941657336
-0.09876595459311074,-0.0311941832194519,-0.04052707894713263
0.005998401385752741,-0.045567648986564464,-0.029934787064829712
-0.03596530755671192,-0.10843409292241438,0.05216444700455856
-0.02078963514128078,0.006499641432988288,0.0933464515291136
-0.04797961306816373,0.029732142956994365,-0.04516744623330946
0.006992140368156798,0.037121567230987584,-0.025606848133364953
-0.0043545796870512465,-0.07881399528699629,-0.02660432826377629
0.016208253362588704,-0.09767473465824235,-0.053761452173199525
-0.03860414178895043,-0.052298982719330325,-0.06178571035017952
-0.00816739633548694,-0.015184422244275051,-0.06973920621812363
-0.09522256644140377,-0.0719938002635296,-0.038472642388765285
-0.06042936493602622,-0.019924433554091438,0.014367714431998767
-0.13612506633759172,0.1387590569775356,-0.06702249089677004
-0.069217782111514,-0.04817963674361252,-0.06163715358814857
-0.019974748463300548,-0.03130792467427429,0.0636403667639044
-0.04900397139513128,-0.006216381447714997,-0.06435765938472851
0.02194464540892827,-0.09099055403981046,0.03541549450090378
0.03409892752446632,-0.1471861599842558,0.05399094848568698
-0.052022540962730325,0.013637773682051671,0.0651461960344771
-0.02712574104366801,0.06920224877595248,-0.038905676456350874
0.04898810222628679,0.01637973400491379,0.015949465985945536
-0.08967050859609871,-0.02079531703539757,0.03980828782573101
-0.019547270827198766,-0.08202883508039509,0.043386371580029864
-0.046601972160147075,0.008546746370674128,-0.07741006667978133
-0.02886801258379868,0.009257166002568842,-0.025702910825616418
-0.08083385241662104,-0.06839140918557944,-0.054863225994517636
-0.10393934429361298,-0.023376529233165286,-0.025753933295188405
0.005242846073691822,-0.0558074002053367,0.0006801975244173641
-0.012078095513277196,0.014771176086595329,-0.08959183805383629
0.026578825861211262,-0.01704976435681791,-0.04079003665607904
-0.035880728669247894,-0.024425539311290555,0.011989293200492343
-0.033168381978187146,0.02117913679901239,0.04538986262123962
-0.0042132500458960075,0.09015957934683543,-0.07526095725159479
-0.02086346404259031,-0.0492330154117074,-0.002506558422545449
-0.10293581823269633,0.0727332280961247,-0.026825741466864877
-0.019388699737426417,-0.030381716991650397,-0.018105220074986404
-0.11197842164287737,-0.07452741434563771,-0.06410090759895101
-0.004234875204342906,0.007495927128133354,0.04028201380213178
-0.030473486912962006,-0.02335861489162036,0.037591298616996796
0.00844425212037717,-0.07064734775623925,0.004289189916637792
0.07319589478722349,-0.08426392736954581,-0.05857590702160814
-0.058254275538019235,-0.10585904072560363,-0.03621399074608225
-0.06252939876513808,0.011611557462731358,-0.06747459923945129
0.03363905746426743,-0.011006958203213393,-0.11113739345464338
-0.06549710950317646,-0.013357331419852746,0.023753855946322167
-0.06607279110874936,0.007461388812240479,-0.008309059700555187
-0.01762267870507938,0.005310788507508182,0.0075546632868336815
-0.05326011338123521,-0.11087365680654826,0.029113316046026263
-0.02290965770312564,0.053276195912097424,0.048832334333435035
-0.1190277545256662,-0.029884304406454506,0.0791389132660761
-0.010653867937432079,-0.030844835540122156,0.01869308632193902
-0.00438899639299729,-0.04217037610071857,-0.016398419801862046
0.023001502533838654,-0.030072334206394668,-0.016480949913382347
-0.059343016714019564,-0.0019699432034615653,-0.09325431010825741
0.016780261517105523,-0.07234013950211776,-0.048088574701815864
-0.06948836648765319,0.00936083434218312,0.04083859443668922
-0.10310917671069973,-0.07521233363600165,-0.048274008422761375
-0.010923352283143313,-0.02706161443586032,-0.0668161477204001
0.030380717480217177,0.05947070542981056,-0.0731977256574432
-0.07356320781176964,-0.021044232219501746,-0.06044857253768587
-0.05562594683771852,-0.09042114772352897,-0.0417006180811092
-0.011032444053507656,0.10271483914110209,-0.025613173342446165
0.02704980332779371,-0.07293228923452058,-0.040855490848323205
-0.04258929939670099,0.0035949927562920446,0.028216228800009662
-0.0956674437115503,0.0036706505763426656,-0.08455357521098067
-0.05458840912048199,0.03400665613199465,0.021706810570654503
0.020903331011112303,-0.03108345900585767,-0.04040935294960118
-0.02518080573577108,0.039586863639658146,-0.01881935110403843
-0.03214274167838062,0.05415766563485988,-0.0716271271932506
-0.040952990300216194,0.026846165858840434,-0.019380687471882298
-0.06017035400017891,-0.06012248422290936,-0.04429998352328464
-0.08009150579789885,0.0338791884207747,0.022436751520867305
-0.019979196007296782,0.04886170071363946,-0.04938669918280271
-0.10716990348086715,-0.10414449659914475,0.14421763091898518
-0.017015274997799527,-0.02326818460698457,-0.009596541476236715
0.029979283890929104,-0.03218916550542829,-0.04172584123383593
-0.10100415221510664,-0.019745448038033294,-0.0011881782559127751
0.006859090729618628,-0.031990616453274376,0.03814795294724832
-0.11356922427250762,0.017665660187726803,-0.02667383441979128
0.03011037236841998,-0.0385583427870147,0.01642085407915443
0.03129853381537093,-0.09733033724339565,-0.07291202391879004
0.07263614214561913,0.004858519586062274,0.06569230870415264
-0.01723798907763497,-0.01714392106005127,0.06554363731365734
-0.06810253473254163,-0.0017325143291950958,-0.040265430980471265
-0.03523227539681398,-0.0970677588764719,-0.04351910339847545
-0.05669783150815442,-0.08206272046180793,0.00882305457703536
0.05712095483377232,0.019988193681323128,0.051846609080852965
-0.03517040343008582,0.004432098486712357,-0.06054637652089295
-0.00027784092691904815,0.061973399648675064,-0.11488411605231595
-0.005440381856330912,-0.02678902067154401,0.06665925696548386
-0.03592695684588389,-0.012130117525258163,0.010013572556043293
0.019804119231589732,0.0875727926837087,0.010488342568129822
0.10661715073579583,0.048270446855545324,0.036872188256050424
-0.017256020074843427,-0.019573179566791343,-0.0959919499062672
0.009561628733179959,0.0637296567782413,0.040185043731665024
0.0014072189571813637,-0.15268914748483264,0.01270289287576273
0.016526071791055502,-0.05923074564320714,-0.017223921392830875
-0.0161115301379088,-0.055715904238086325,-0.03237092510735584
-0.0007295448308049495,0.05567293857226567,-0.09151395978684074
-0.05778942092115848,-0.010913639471637699,-0.07216230868770179
-0.008482825328697294,0.008527257585421395,0.06501775091726834
-0.021022593991219054,-0.019945141832803995,-0.03423667234589352
-0.08679158479454553,-0.06636022823800203,0.040000844183486164
-0.029228107232521085,-0.004471011355123223,-0.08256566224864578
0.06572244905131473,0.0024009776879423735,0.07986329450625125
-0.03565281125933028,0.04236024012112971,-0.13936847955222975
-0.06249096612879981,-0.0884860953974659,-0.11805262847111954
0.027501909414573693,0.035832372490808104,-0.08203426463234403
0.025377481114163606,-0.029707409836896955,-0.06573379594732254
-0.08695527384300374,0.018221760014338673,-0.03753117778317032
0.040305404916972445,-0.012410700096358473,0.007634967789322886
0.0021230258293247397,-0.016255000772820667,0.010163497151409148
0.0008025641081712796,-0.024096202034444937,0.01613169357365992
-0.00016420155282817137,-0.06166868025187148,-0.017183052472605993
0.0805070850972842,-0.016495642450115987,0.01057881771887535
0.05333484283036158,-0.07238828430458265,0.004569936210773753
-0.006163950329005409,0.03351911947308179,-0.04305861549914821
-0.040595809805791354,0.02656812810097743,0.0037522945224828363
-0.021352889578760265,0.0014346286606056226,-0.01900359064784238
-0.1358357478463631,-0.011850977736067015,0.018648503474390163
0.019151178976162107,-0.08205782127228031,0.05329754811835935
-0.0656609819556024,-0.08010540591425713,0.07033571697238764
0.03705921258306582,-0.027395734349046318,-0.013528294183767173
-0.035295518627455995,0.017170309450796704,-0.001512574456404332
0.03444825452883297,0.058872116957942616,-0.04269028918668761
0.02685686322370918,0.08631544308445609,0.03346297276012597
0.05234828738274378,-0.03971301369998868,0.005149851383006649
0.034792879748568165,-0.001150629277424155,-0.08014074226998119
-0.08270290593806612,0.042212772222571984,0.0015492985293933791
0.037806680288438,0.005666141289724625,0.01867098016827483
-0.03429895224288525,0.0002397104970280617,0.08382126202627042
0.03188115887066917,-0.031183049429257977,0.018976028725294063
0.029259957339942487,0.03152763122170214,-0.009986692968716774
0.06486295762043146,-0.014670658906846205,0.036703311267173966
0.0978550449837116,-0.030488586758733262,-0.1097295836113348
-0.02224835938240103,0.016889113645676603,0.004503519423047234
0.010859212418360775,-0.05969874971304929,0.031239739636335688
0.0179283225205897,0.02165372505561955,-0.031947718945811145
-0.014196537370876675,0.07495990995356538,-0.064880212615921
-0.10575646397768781,-0.017205072930030686,-0.04610924784818965
0.07607085158691605,0.01527705851803601,0.011863762671253627
-0.034698646007107925,-0.01318792004640941,0.11416699239734711
0.01183203534270829,-0.025431547277641877,0.0017072698501163562
-0.052096704996786425,0.05336697340505352,-0.027687163512132285
-0.06514493472976414,-0.00896434429782263,-0.006021098439841989
0.015504790409887228,-0.07294539115858657,0.04165048924771849
0.056804563717066006,0.01894627246022284,-0.004608788757599607
0.046472142841113874,-0.08298117503538126,-0.10597099992800144
0.003189346378946604,0.08523577572569621,-0.0014948845685411169
0.016324373145488562,0.04390227530902694,0.06077528685150126
0.02936920609928209,-0.01627564604324854,-0.041799864762775904
0.01534261743864853,0.01285617416219877,0.03932431297898505
0.03369941456140293,-0.026618813086661596,-0.06750060891236047
0.0057729979481551015,0.022577991970006525,0.08393447668155615
-0.00012016807332271978,0.007543068538007493,0.0056533721055377194
0.013483641788341577,0.013291954059997328,-0.02373827487275872
0.022914130831155358,-0.013900124895324299,-0.047637436224527964
0.023427181055332577,-0.07066396768382245,-0.002596672834933163
-0.04123118328691388,0.04728699158388993,-0.07679286075683836
0.030264262379093233,-0.00949604618905391,-0.004781283217565669
0.060144425809015765,0.017625932452257832,0.008731941763079162
0.019166408395244094,0.006291800505572751,-0.03238258244510279
-0.02807866983909634,0.019643147309964595,0.0007148365425334625
-0.023656273481539827,0.0528007025090257,0.042437947675530566
0.01073579840544854,-0.048790876873146906,0.013233637713874622
-0.03154072931810367,-0.0012709345526054835,-0.020501026883771954
0.000508415279363612,0.0662686991102584,0.015331210361276817
0.06453746700864554,-0.04239251140758987,-0.01766791244471566
-0.0822443157459508,-0.08441294003702755,0.01585563971623587
0.02514483121722538,0.02968739731531085,0.10608510819481791
0.03868218925247303,0.00858122729414586,0.04035004572324816
-0.02634553961199488,-0.0006262970551841746,0.008954482936368564
-0.021867255787720488,0.07497328851266734,0.06876484604770663
0.08728652582245142,-0.01640951945794158,-0.0194966141647217
-0.0024179964895241733,0.08653325129414094,0.01865146562482746
-0.005416189106540823,0.04374137830933064,0.011218651838730026
-0.06204979480988565,0.08463747562321434,0.04273184309712104
0.06478688373134796,0.010580114711835911,0.04743048300378797
-0.028028069218791772,-0.014310904323670747,0.039270563151912984
0.1352667422331207,0.05106900982045774,0.036574900428309354
-0.06941686093076205,0.1217733012563329,0.04914493539840117
0.03527257083148766,0.043655584330668476,-0.05170236911366114
0.058185377507425605,-0.008823624501378408,-0.03243068334767384
0.0011732486802719082,0.023505399483275777,0.0069943360856991295
0.1068266780075831,-0.042222376983612704,0.041031138760370546
0.0038753348927286456,-0.007691151777315074,-0.041086004058990516
0.04426313602157033,0.010291652940011964,0.012456045703525542
-0.000983627330472617,-0.0023809841670648074,-0.02007991216718131
0.05039614069917496,0.027987442066945853,-0.01192333519811245
0.033530130119163656,0.13297446349372724,0.05902711903988404
0.01153470980562202,-0.01313844788974939,0.008356801938177286
-0.02127636710942355,0.03944616610628727,-0.07327751673067122
0.041411716594797,0.07507038853663944,0.03630984275663777
0.007110404761697027,-0.07958494755133041,0.04593459375982717
-0.061395183697372006,0.07844998996373631,0.011180573762397478
-0.00678176715132138,0.09334078382205824,-0.01163627303012596
-0.011359741967042127,0.09952574723299884,0.011581574772565485
0.034617345736776765,0.07991805805945917,0.022272683956577312
0.0012355901179328232,0.05460156612819214,0.021856096446765852
0.08596204936659199,0.04862349550020839,-0.0017787061212186338
-0.030323783832344853,0.07905207282536822,0.010962727497842571
-0.027559377249701065,0.030459825009466666,0.006355880504707454
0.04643991268514541,0.0728179742655215,0.07229767516891214
0.08542968070639154,0.03326010069195559,-0.014263322429094356
0.09741409827967613,0.008146148614521868,-0.00888015248518828
-0.033523936252211256,0.0005939561646925579,0.100937494114632
0.025727985822372092,0.06663966163625797,-0.0567072764165516
0.021835114687402173,0.018518052395742314,-0.01951420796294417
-0.014339023080084137,0.020397091873696142,0.0554220664636543
-0.006494022559687167,0.01510038595515058,-0.012050230329274748
0.03205420102107704,0.004272403821092162,-0.029677507615847237
-0.09163442919849624,-0.0371031383608469,0.021455289829837222
0.04207536978105304,-0.005724621448702245,-0.007624266040194415
0.12162334303417714,-0.006853749004115336,-0.04476774014281405
0.07696149203269038,0.11571259121701248,-0.016250953504098505
-0.025943097442048174,-0.03075109774682175,0.10783719977791145
-0.10212535587476121,-0.021063340902298635,0.06476286175504586
0.0064085084162226035,0.04519157506356219,0.02559620865218781
0.12261081139051659,-0.002433956868430197,0.03551077723864701
0.03039234003114822,-0.013263631665177592,0.09587991964185771
0.037323315641334884,0.006487495462126456,-0.019964511513920126
-0.04287563094727724,0.04907646194930286,0.04779410601009588
0.05085238442509841,-0.08060117471400778,-0.06320017094634557
-0.03859593643665354,0.003852800817239802,0.012024201136594363
0.0017692508244911975,0.055597875621179696,0.016549530590651895
-0.004050416040973736,-0.04130797271023075,-0.05723510424470436
0.08320739219684127,0.05547439045616882,0.0547476901245061
0.061228922045343206,0.06480052529039881,-0.1199321345575206
0.11337914143020501,-0.05612299604061445,-0.013113996930075207
-0.007317534457384044,0.066643407185768,0.04817100670945284
0.06033150649081699,0.027153247502504575,-0.017796904668891753
-0.0020360645267275164,0.12394526508490164,-0.01461308625335394
0.08065609395221784,-0.07781707455829756,0.09922178674907506
0.09137340307380606,0.036584458415217784,-0.040736862677839034
-0.00020319112497052885,0.08248286316018247,0.02133926882064198
0.03775461958149026,0.013773790927047851,0.02237583989873483
0.040108149315421254,-0.0027537300753501977,0.00796594243399695
-0.09125537875314128,0.01441098976029878,-0.05075110180108415
-0.05218683121688527,0.03295315076917013,0.005782556241678068
0.0592545255317417,0.01764193124605134,0.024087016234041726
-0.003487235699020569,0.0582479267321705,0.017074681523205817
0.0053637340030728824,0.013555683624999568,-0.0024744430936476554
0.011345677334769927,-0.009176747073363384,0.022970187860505035
0.036022945252009844,0.013834094168773604,0.05099682803465677
0.017599262301928584,-0.06107183823916709,0.029205513691740424
0.09057090245256841,0.08056282901468646,0.012605092868613482
-0.07960482013085335,0.05234841243502776,-0.0422004750787002
0.0017457076737005528,0.017946999399101313,0.016077037866019314
-0.08027950250473405,0.046147671498202106,0.08530368716806379
0.06695850591774044,-0.07624954609175769,-0.015033466749804079
-0.026313557747922454,0.1363382424762259,0.007700457835558339
-0.05860824430822136,0.13059713206471898,0.09216920873409787
0.03711727658790445,-0.07646034304763881,0.025041010994920464
0.047968127168948216,0.028461138650406923,0.02775421696086227
0.0362887460195227,0.046985776451085884,0.029060641773161755
0.0879278198273375,0.04061953001039991,-0.011800222496357472
0.11882876973826445,-0.009371881778916437,-0.0030715575993154297
0.07551742341140241,-0.011249931231158652,0.14345538669418356
-0.0257058182817658,-0.02754659924121464,-0.05001596404776805
-0.01655374723905285,0.014022645688681577,-0.02502676723207829
0.020036800422874756,0.04645253946670831,0.060351815924377245
-0.008114498119744212,0.019577529486086254,-0.007278022799454682
0.017320244430186326,0.02200477824781396,0.049655345358641315
0.03179453689057845,-0.07002910265991111,0.10147367703113472
-0.02592944086056513,-0.03424672120308874,0.04264930004730842
0.01853539230647434,-0.036171412164497936,0.046579726045723954
-0.09254155818790175,0.02536954151343418,0.045612081580378716
0.02056260602199455,0.03414760763338881,-0.041410650087343646
0.0438485506123342,0.05613267111473459,0.049745478302180166
0.01901247306632771,-0.03530207205292657,-0.02180531028354007
0.013597598349297205,0.009807610275741487,0.005287399356015184
0.06548440684170047,-0.028767428606576394,-0.03779547970345075
-0.025740230500210196,0.07432649378584222,0.006193712722959228
-0.08536131329740108,-0.03966598022438714,-0.07913234623654483
-0.014907070976048986,0.02131365609533328,0.07255820797091687
0.01167278220945191,-0.054069268412694264,0.12416333931270096
-0.0015714335343412315,0.02516825514288713,0.102410934600684
-0.05029338657004733,-0.03819688731478847,-0.001344936610159598
0.05288109169498911,-0.05929667887880406,0.04507284157449007
0.025285674461437445,0.06576087304026175,-0.05080047599524291
0.062217101502677494,-0.09860030116495692,-0.028083737678442574
0.10684127602073304,-0.018231065930349094,0.07507929679427561
0.008736688928617332,0.0287761570328604,0.07777088679992576
-0.012082276187633183,-0.060271420367713456,-0.04127562400618725
-0.07454874272395137,-0.0698067154367383,0.025094612527467346
-0.009657461147562472,-0.036506636750635424,0.03797195587701521
-0.05528457059913727,0.04305102004379953,-0.08781233683349508
-0.009997897436987598,-0.015392372668541071,0.12511601193523608
0.03644794553839104,-0.04408220696087201,-0.02293156196162164
-0.08430762945256197,0.025209370005239047,0.04381392705548358
0.09825508222451182,0.008989720804401366,-0.02527311281545122
-0.004224100884558072,-0.05952926221348893,-0.02977868012251289
0.014449900240103935,-0.00625554053266544,-0.0035996332589084863
0.021946168899391785,0.007442545617765771,-0.05203354624145881
0.049015685266137865,0.0018398084547044738,0.03457585252264267
-0.03201034068215955,0.025623140707389518,0.04204343932832269
-0.018455067634415477,0.0312267140478487,0.1364593855087265
-0.024875764091301492,0.046492379578254805,-0.09580468476058784
-0.05050253603276826,-0.0471142013000935,0.04013227010163642
0.06093332591751016,-0.030712278199977606,-0.00014733761457260547
0.02021147742548271,0.042595743220398635,0.0009090494511098633
0.031668327478090244,0.05325209634817873,-0.04154273425761998
0.05814828207932485,0.014809144301266739,0.03407396256349841
-0.03160680412988437,-0.07669019103933443,-0.024543416399578268
0.06699779737584291,0.04113194547758647,-0.017660251885302937
0.031078200802892225,-0.02541602501412285,0.07917993489196831
0.046920310439698854,0.030428762337556425,-0.0006287801174954429
0.06782086383305316,0.08720038478433097,0.046498405023765295
-0.08079670874650305,-0.07067635505088272,0.02771614534443525
-0.0323369238694001,0.06874794336904799,0.06922912587635516
-0.04257228048334509,0.026275413245848783,0.07277189457839811
0.04649868216989381,-0.04971685472557,-0.03547607846847872
-0.08913588903224005,-0.04711716374184014,-0.002454744222170459
0.026549621607995566,-0.09557727029288247,0.05573730082862756
0.11017032133107096,0.014219705037071219,-0.03481396335839791
0.07984335290225959,-0.07813759292708712,-0.07382830576901382
0.027662339763541557,0.0005787676057551795,-0.019253205338269262
-0.07060486563821419,0.04978267028888014,0.013955315592140624
-0.019175424609020466,-0.01892926127318388,0.010043339579620083
-0.04377986906173741,0.05673108883266201,-0.0510036038448393
-0.003887650472399003,0.01952092843119619,0.05235419148338191
-0.04101810832796764,0.03443008218977446,0.002558169068336987
-0.049180790240442585,0.050471592915878175,-0.0740661988256322
-0.08926614053895693,0.0216876070556814,-0.01574127871709885
-0.08918040353012566,0.055174105390231855,-0.11735895664098787
-0.005940071857441485,0.09585079181366099,0.04703581977800197
0.004176888758033603,0.034967831932942645,0.022325344379768363
0.08062084267776493,-0.04756273249180007,0.011874783494401877
-0.04649568135288687,0.04985232682517097,-0.07937778155652625
0.017907789707615564,0.056099605957334764,-0.055427485051343955
-0.03868755150746913,0.013208196131659657,-0.03483599270720472
0.026543657011443914,0.08534485695955286,-0.10248176995775315
-0.09096097317174631,-0.0015165389126733713,-0.03300020901620795
-0.017067868687115025,0.009421149613729831,-0.08028152799621989
-0.023685468896481984,0.03577802421773959,-0.059048415497126264
0.02813801516156548,0.035826001030096914,-0.004070709964248739
-0.005967955804423738,-0.04102117260564355,0.012102825265235036
-0.012462220839550772,-0.04646710764402851,0.016550699988525604
-0.05701059530904703,0.014065965395715186,-0.07062173667527588
0.014559686416328505,0.0006798012672689935,-0.006602098564248874
0.041502872621633505,0.043181569542130184,0.038675687572324396
0.012876238029832662,-0.02124390551052955,0.03740398094342259
-0.06951584236795766,-0.05472616655285246,0.021703992801905617
0.02801352894667264,-0.09893608941253021,0.013525389101535125
0.06176830758040741,-0.06998222803540208,-0.0484512594922695
0.018629203601212334,0.013241309720435088,-0.0034766528678233715
-0.03497113683483429,-0.048097071114506694,-0.12164072208120955
-0.02182235191036546,-0.033992494672003784,-0.0395541466082694
0.011838196681341291,-0.06293441048231246,-0.10848168527732596
-0.005440703033515635,0.01769832148857773,-0.022645402219290928
-0.031030359170113136,0.013236639877759427,-0.010269899267763258
0.018365109938129152,-0.014918808183870102,0.02831643104250806
-0.0688124577891786,0.015860527837226416,0.031505558195362424
0.06144075733511151,-0.04731486198454454,-0.05994150641272248
0.016909420719482364,0.09630794098266601,-0.04542670116456237
0.0031163510005037835,0.0303029838995454,-0.07348979066122413
0.04256285544686629,-0.055458223694777806,0.001429185338664549
0.09218668689636407,-0.08504546479002552,0.05761132837175654
0.02263078427020196,-0.11703405046410364,-0.08398430983957554
-0.017784650029792657,-0.03598827761799223,-0.0065037960455077
-0.0656258308448975,-0.04032959094370048,0.009723964589181684
0.08268697968505366,0.03927704264096567,-0.07584711231541383
-0.05294868554155243,-0.025773093384439907,0.04119432743896341
0.0003800914325815252,0.0018339361131582167,0.007435319244571855
0.017091684911354717,0.0006612212215338044,0.0019391890408048881
-0.00238243690495301,0.014168691642189743,-0.013966211005593962
0.005654886327041635,0.002907359027766527,-0.058896404518011536
0.050922934289120536,-0.032255879486002975,-0.07298884510173943
-0.0863389227632146,0.0012319643352529767,-0.004046594187940801
0.023380267323154603,-0.04134071266915626,0.009827810757335253
0.02821730733629611,0.011684322613688014,0.050305206267887356
0.03999863110487294,-0.03262448889877962,-0.021863346590552772
0.007229799028446549,-0.004221443087475396,0.004592501419953784
0.012959411494929598,-0.12093026885134801,0.05491670280003977
-0.018305570998722216,-0.09001347180086859,-0.038580723584189056
0.1150679063346687,0.022391014478009376,-0.051747167571184444
0.012381989345066194,-0.05189903975294704,0.025860429023955543
-0.05290238417897293,0.012414302982444341,-0.08113539072783583
-0.06297599028605583,-0.06889897108526151,-0.021144986423620536
-0.023397809323150588,-0.048264725729556965,-0.08010221302494387
0.07236927057122157,-0.10468245719004557,-0.01357479914086456
-0.061660226488790604,-0.0029741016570956954,-0.015083214610599981
-0.00026189252628918205,-0.06789620976433558,-0.03177305170360665
-0.014300832847714839,0.02978420267156706,0.06212252842104364
-0.04306528399908202,-0.01640305636079923,-0.003505685410082676
-0.01472980969203072,-0.10122260928002287,-0.0780384885469561
-0.048355973813543236,-0.027468626501454756,-0.03918754977426332
0.02835877356863364,-0.05187611839830636,0.017558751165948457
-0.09500474591906817,0.02503093243301109,-0.06892277725467853
-0.037533226511537746,0.033321925638237514,-0.022670606236457263
0.016743219936709092,-0.09033325585212745,-0.1329592670957516
0.0022578451228301034,0.005551989332278016,0.02201517637002809
0.08891316044841288,-0.017566136802721673,0.0015136611339224594
-0.0038384746474370117,-0.07243745727182441,-0.009901349835948817
-0.05668406924637004,0.022819333823201282,0.05045798180398112
0.08053061610005653,-0.06513524829194871,-0.013341738788109176
-0.013937866781770702,-0.04877999536877823,0.0395700919201939
0.028773930839595584,0.0705346842175542,-0.026445487325151167
-0.017301040574029723,0.057216321003878655,-0.04495642299545369
-0.040445909545250756,0.08872491595675276,0.04181538462521257
0.05581978129237745,-0.058129642029678366,0.05751975369967997
0.07151384932211796,0.09663664069272064,-0.06655549965626169
0.0063899537231582385,0.11411671984489188,0.05716916210510227
0.06669985220978658,-0.05003297232341671,0.026750634355930628
0.03771034749708145,-0.05190599022387448,-0.0329391600735415
-0.050291174393500435,-0.01038942774220376,0.04946227540845908
0.009773981790128883,-0.07671341943689686,-0.017717173583837224
-0.021473487255811302,0.00015821522643318098,-0.004321170108336242
-0.031973029138400486,0.06504824932065108,0.00424005921733904
-0.06937253612841206,-0.01795423347234649,-0.09092950957455788
-0.054934143004419025,-0.004242441418776976,0.0006368074854908173
0.023783058066524605,0.049799862891732924,-0.0553719817909364
-0.04057952515646345,-0.028679354581325603,0.031145981703910686
-0.06303501377075765,-0.09829352231342531,0.007589753012349522
-0.037148180791989574,-0.034126938867438394,0.03199108396353696
0.006953817872821129,0.0890924845393024,0.09315775444173402
-0.026491563868344628,-0.028657059641314497,0.023305356315166375
0.03557706840628733,-0.07463277635412353,0.026654176309177987
0.0015057035676947876,0.013189938702851255,0.0515553677128963
0.07911448384142274,-0.21701371114877482,-0.0639048379041151
0.06260630257940364,0.06642691205986118,0.015403355170485297
0.04624999166969139,-0.0008763157527562418,0.009422722399923901
-0.01673335314600756,0.08147054229443235,0.018660797583213103
0.018604481559956122,0.017943919360442512,-0.05474790908688249
-0.029608452814187437,-0.03448092113405056,-0.08692928730969583
-0.054548038523849124,-0.11883687955686947,0.01672859962724666
0.08653705880872171,-0.09349780930402175,-0.0033806081655158755
0.051687619610834894,-0.09659996387857023,-0.005476876007289695
0.03460393128581035,-0.025412040977755186,-0.011386730498425935
-0.10286512044308836,-0.0589564067829432,-0.01625348911038342
-0.028868140227497258,0.03236145385417378,0.015804140666825027
-0.08237276940515559,0.0250735408350981,0.034984848905504136
0.034037729541195424,-0.021187206807251027,-0.015619362828242517
-0.0027848067186138636,0.026801042368838724,-0.02487134043623147
-0.03600377833917923,-0.036141844681127994,-0.04346062485260345
-0.04682317827046278,0.03135384618981514,-0.15885655271197663
-0.031407352000478415,0.08359777314047682,-0.025352896318944832
-0.04714185285699253,-0.06657593753940425,-0.03782714942003969
-0.05230935057449115,0.014928158697484789,0.060767633187350276
-0.013848776299203759,-0.003977322199138593,-0.013682923669479853
-0.06899690383415558,0.0129596456858799,-0.014461749296696708
0.03978018905861673,-0.053505162279507676,-0.040090043717703146
-0.02408736168286934,-0.026277724435360722,-0.056658122091566475
0.006159877529808656,-0.08720881457640726,-0.05713662148937507
-0.04030316676847244,-0.032638855577719554,0.03934511556662108
-0.006697773252475808,-0.01840822481446378,0.014226735698816714
-0.0729324384010148,-0.0706872338980028,-0.025698112535678722
-0.10028191223102419,-0.08444420783059514,0.014331221286219002
-0.013090958674557987,-0.09991589715997495,-0.05514395518702611
-0.03013526587670498,-0.021634574149242997,-0.07246562556414582
0.022993653587280442,0.05724565636885431,-0.04908642020914232
-0.09402932847140812,0.02208601932544476,-0.027666261722639335
-0.02115563725255418,0.005956556246587381,-0.06073516399068902
0.026687693819303915,0.029007625509426004,-0.004421584094081967
0.10713349566498806,-0.04892069864998032,0.04451379951381596
0.046132857784766446,-0.07381996396787596,0.07444008466584562
0.012346868776868362,-0.03178629094341577,-0.019300075427994477
0.014809762045065795,0.007029051325937282,0.02399203540350331
-0.03060479066980377,-0.005750076359450299,0.015508044437988842
-0.058573556684814634,-0.12321942434891368,0.11778743990667478
-0.1137028025532586,-0.005348519426518853,-0.03454502418262887
-0.03473469770267885,-0.023896110489824082,0.022921885354983025
-0.08230867263647665,-0.09786195671453693,-0.09110707192315505
-0.035694408877792516,-0.014944636027222413,0.009718219960544745
-0.07970078979819559,0.00816859638531331,-0.0800801786017892
-0.031005612398384473,-0.03883694340921984,0.00954550533260573
-0.015111165268321923,0.03412582107206482,-0.04416464470124509
0.04786131152413729,0.01789218924447054,-0.038759710542251254
0.012624792755241466,-0.04676955477494632,-0.02426026372022345
0.10543664512328554,-0.0035597697365046393,-0.023381690213207518
0.09004712810814214,0.12279333002519346,-0.007484666546153089
-0.004474969191905901,-0.06933278699861123,-0.058519289054703875
-0.06521504710837046,0.0223244904478092,-0.017646172299983467
-0.08650237361110612,0.03916750898971415,0.0698519062191678
-0.027459517936566345,0.029010544779053737,0.04849991830703229
-0.036441474108462546,-0.10224095020578967,-0.06430519147736176
-0.032938360800711164,-0.027456235452504488,-0.002626801884384305
-0.016154080743309433,-0.041143214408929873,-0.04925122250710044
-0.008781604213734985,-0.01466777384621334,0.0577911905400282
-0.010805077463913904,-0.029391108855959018,0.0030390789366039235
-0.06358848117719375,0.08179863435833297,-0.02156691992274369
0.0373285448236398,-0.04856719315183028,0.008806745221601835
-0.0025418830466688268,-0.0761752819155083,0.0354089689495595
0.018143539463253942,-0.0034236043035143562,-0.02425028309296115
-0.09619316263181986,-0.029508765005630024,-0.023049889808762453
-0.07952462588198528,-0.004996528365506427,0.011727594986454027
-0.011879937749541221,-0.10188091096416937,-0.03536247543775056
-0.08478648004693763,0.028337300128393333,-0.054818409024417265
-0.10940761289200292,0.02464395078315264,-0.07469185729184565
-0.013011594573619743,-0.011911847998526175,-0.14148019277964916
-0.019037333839145888,0.03444603917454709,-0.053082436414779895
0.009183274379292089,0.002734007726872739,0.06017233005392747
-0.005842361319665489,0.0490269844700998,0.021708556931059782
-0.15163230775297273,-0.0721698129000144,0.004563270938671326
0.052262302025779084,-0.03650356533387962,-0.02968595900687842
-0.060647319516438036,-0.03817747077083104,0.00917247419885072
-0.09097311549746523,3.2802547286591224e-05,-0.1400211009632136
-0.039420471716615224,-0.00038641761875871095,0.008658009126435707
-0.06272434388741865,-0.019197528234234963,-0.01099446384919454
0.08314310758930955,0.030922069894565817,-0.01190423739661353
0.017419069160187324,-0.0749012025415464,0.03778143734419581
0.0014258360542529769,0.0612797928344758,-0.028255296784627106
-0.010313699259011707,-0.032562964733299615,-0.019062095552168742
-0.03773835321754203,-0.0346678733502906,0.005355068507138537
0.04227041425392938,-0.01698034790305704,0.08589497402159023
-0.05010585482286059,-0.010048750844302946,-0.007328582896932833
0.08271292123606841,-0.001144780586722698,-0.0030189442967248972
0.001398111686396017,-0.004764404658157211,-0.03193192071456603
0.04462239474197055,-0.05974233839132796,0.0020799605005439193
0.09534864722171797,0.002986879804115215,-0.13015995929673663
0.03434403365144937,0.034833509829445934,-0.018818112700758845
0.015061127629926167,0.03376261683210808,-0.03325569554946133
0.07225719127210425,-0.12108030755932273,-0.03503550438487743
-0.01083317203888729,0.061498616695082116,-0.018710156301507165
0.11014536990075682,0.011045936057839935,0.05552748106806486
0.02886423773786094,0.049941557963508285,-0.05536732635463482
0.07235476160700617,-0.01222416571327166,0.05801799595564579
-0.0007965212055349377,0.018389758976233857,-0.028514957716854555
0.06741267262466547,-0.05480751751642561,0.013761609800741283
-0.012057711261642057,0.07436923268930912,-0.04507917273714944
-0.0018045392251256134,-0.008439568883549258,0.015000407474471355
-0.022065889485853123,0.01697773167842232,-0.005668651224170915
-0.002186704910611446,-0.05100676926687685,-0.133416738942592
0.04455156039519124,0.0025494286086784534,-0.005032196709777243
0.014784871371451262,0.021979919950894426,0.02427651051575331
0.03305938863601787,0.0820989690686221,-0.023525650614251287
-0.029317999207536003,0.052816369889019506,-0.00846637037686332
0.04908609202152202,-0.00010883069954701306,-0.0024502858824098014
-0.028536567109754805,0.0093366585282374,0.06644877380351556
-0.027876617517825428,0.0011003552709545365,-0.01902663967931121
0.06350331996257924,0.09820321694764328,0.01846070076974881
-0.03650427055100777,-0.02508678507560211,-0.015811906311522003
-0.06164753570766902,0.01047526738908124,0.0004448595971327978
0.08141129189747032,0.005513485138694816,-0.14084968809434556
0.05626502880088967,0.003658096551110226,-0.023601491569147016
0.005182483888788688,0.033153127307247864,0.08074180542910743
-0.006032049730754896,-0.04960995973623242,-0.07950386243815524
-0.0150625488393243,0.026691583618029625,0.03248650104885289
-0.000614087936906539,0.057407796452210245,0.019980034539312158
-0.07033795336841335,0.008304994599312984,-0.07420818680607649
-0.004240763604616748,-0.055656601201371995,-0.053521038227968776
-0.09999743223228592,0.02399083942632598,-0.07060032780451361
-0.07110754260150803,-0.023842241844793815,-0.010542424486204974
0.0042106589161242935,-0.054341235748264355,-0.013059736388186999
0.030245582539541082,0.056439830454921916,0.0671933589478713
0.11888162057816544,0.03538083006706155,-0.015222742383598773
0.022614636653390627,-0.10882788255181496,0.06841470677364252
0.09480310608345334,0.0008779505356314663,-0.009240397407224356
0.03213114686973617,-0.03554262952196941,0.018053896405079334
0.02311769513715958,-0.06988557525517838,-0.052486058287375195
0.0982897118075331,-0.019320164575461173,-0.0028235873965808257
0.015095468809072895,-0.025903072785883687,-0.007217692742231855
-0.014534752157909135,-0.005097257954035551,-0.08693644770158905
-0.02433684745365882,-0.08987682694525548,0.10357135958752774
0.036341508275910046,0.05872235412778227,0.014890928822484082
0.048722679909044365,0.057358007447715034,0.024656605967454573
0.01670801942681207,-0.028798226412479498,0.04931246336395159
-0.045767401347792475,0.0281478270372301,0.027516788520557108
0.03083550107799651,-0.028827395029931934,-0.04617042774778947
0.04267485341012,0.009512587530064733,0.0815253062565463
-0.07068001478007724,-0.026268712590160045,0.0966174279470336
0.02704029098848053,0.05069945672854893,0.040779323334286625
0.005653594161747969,-0.09068463595940685,0.009184422960552805
-0.07988507677470669,0.04378589137712138,-0.019486899350132945
-0.0028277768095806384,-0.02783885059019209,0.04262405515173939
0.08919930022058688,0.008579388082269043,-0.04638771707729387
-0.05560376285379056,0.04489093049639705,-0.05701507065490666
0.0009600082626207828,-0.009521078131876212,0.08907280026069782
-0.021499528541084837,-0.0012877813244462043,0.036292011386076295
0.045297921747739084,-0.034365005770042735,-0.07510911209931236
-0.03687116792917595,-0.0133826098987447,0.022964309309153712
0.09544284233609876,-0.02508837711410114,-0.03930377512004566
0.026413122265282543,0.043909713921570025,-0.04132853884523935
0.0830351165154174,-0.019129318474749357,0.043849799591406086
-0.010710320953320628,-0.025351977145813644,-0.0005683733426731716
0.02900377352794522,-0.010765412503779825,0.023300581260580204
0.02234039820448755,-0.015396250906399895,0.020469731402138695
-0.09508792535590098,0.05450813876331179,0.00907415859346828
0.04522320499662848,-0.0711457084350993,0.03234056884461557
-0.01951660001611693,0.04288090246829615,-0.01378883501266022
-0.04904763970689876,0.07745219304051176,0.004009312674376905
0.06565070862275585,-0.05908613872181058,-0.06869819458415241
0.020826748283187535,0.014420425328573409,-0.004870082101796739
-0.0031579947223599313,0.08730718911943429,0.02210005708356348
0.05366301564642577,0.10134971408360013,0.06902993090554835
0.02140633800213884,0.040572250064455535,0.0258298256943309
0.013299466133791819,-0.034840151027496546,0.1127564151627749
0.12112359434432639,0.026598413181004983,-0.05815635419263945
0.0010218717971862707,0.07570068441503497,-0.009830518947606498
-0.010803138741282916,-0.058859402478539116,-0.0021965291224752288
0.023176030584352296,-0.014973364715428839,-0.0673580766192461
-0.10425698106953121,0.036889319285429004,-0.0039442431339132035
0.048479557727344705,0.05454100474193023,0.07769269578093042
-0.14154227232026678,0.020623614821529596,0.022129213085769768
-0.0740510505813964,0.004906156444150423,-0.01784755168015112
0.06364228379939266,-0.048859990243145864,0.09630716145186502
0.010440289706938378,0.012668720334262872,0.045048026892161634
0.061413892224799864,0.04764578881156773,-0.03171176114882148
-0.049968426036369994,0.03624718783441934,-0.03389478665178774
-0.01663194806468836,0.043747613296954556,-0.012699976596189102
0.010843181907286325,0.05299774612051336,-0.04679203535239519
0.04901238453865091,-0.005879718016382462,-0.09779434157441946
0.03899352281373626,0.04984902554562465,-0.01328893381832585
0.017664706109329225,-0.025329429796976645,-0.06262913049378782
0.05613782702557346,-0.010600668600728912,0.08039261384071751
0.009891887116165475,-0.08634554574580021,-0.00435556324559027
0.05166735031842826,-0.04721983826434331,-0.004230547938617636
0.09924279780101725,0.031127714853206298,0.019599595631463077
0.09515702160060915,0.05385973439025453,-0.004217149886093067
0.043182359031541495,-0.02823038540237842,0.01215660726760457
0.0271013479874906,0.1329907375461361,-0.06005387241511851
-0.06182309545301691,0.003256247575630285,-0.044127647975637944
0.017636801879364943,0.02703944805114592,-0.08627550916235248
-0.05443525205030332,-0.055013516947861774,-0.034747893631100264
-0.018842237280967636,-0.04542475411003691,-0.05885001641335087
-0.039573614404105235,0.000806220754953204,0.0044385090631441654
-0.01556789284470628,-0.009707040495103764,0.09754371406996648
0.0813404518979625,-0.021369331072907723,0.12293061715550112
-0.025370599694507914,0.004801697345562437,0.07846048515883985
0.0383678601327483,0.1355298885570842,0.02954591448993473
0.0485131326001699,0.06759774391139486,-0.049724948200043737
-0.06997742149302928,-0.04900882418332343,0.012715625466199006
0.026465835675723172,-0.018869615492060298,-0.0508565305251228
-0.008092212003773969,0.01169205760553059,0.06315812381056368
0.06050485140046742,-0.01525992953525197,0.044019570369888024
0.05332196983246258,0.08559700225321817,0.08550803098706272
-0.0073806826231521995,0.05261788001446722,-0.0030009010897430917
0.05480172160195464,-0.029503355244940754,0.06404820736716817
0.09563977191006767,0.01088202212225905,0.016219293746035257
-0.04659066429027553,0.05518293667042962,-0.13919372344843878
0.02136298420145251,0.05956394412297354,-0.11334501187012204
0.06797253866397537,-0.03291515481422233,0.012245211512357048
-0.059073046566460986,-0.02533347946424963,0.039645941799980565
0.03917350291400404,0.008266692166123642,0.038904599923062666
0.024363795862301918,0.019452273921442696,-0.049989366891632595
0.032536687574579434,-0.00033085820413771005,0.06171604779490424
0.011747181199452382,-0.058984349986908276,-0.0022525059819487672
-0.019490381546116396,0.09537048543689136,0.07244753207039333
-0.00681231618595305,0.08524317924913133,0.027833362009018932
0.03798836771513525,0.02530717529984481,0.07947515481668385
-0.04035998393160556,-0.05944554100202422,-0.05944745333087738
0.059954671143075136,0.010560522302765255,0.0006454046733859083
0.14741693034693001,0.07195822642656219,0.01554045240734795
0.04208051284756456,0.017466609623393733,-0.03201478311905713
-0.018421338076731655,-0.023648131932973816,0.017934605810506613
0.06713641390542802,0.036281453937798254,-0.02055512769995453
0.01826505537513655,0.03485444821986389,-0.030564795473354896
-0.017222716073620276,0.011283539664109079,0.09472440323413342
0.04607515477850206,0.22686003599196908,0.01517367511143686
-0.008231908667258349,0.055479128351529655,0.02073874442966346
-0.027693031602716633,-0.05914982481371822,0.09584091945686071
0.027560091753128572,-0.01674741927470463,0.058933691366807844
-0.0053259382663557175,-0.03632005568668302,0.07683999426258584
-0.07137083107610753,-0.038041364921432064,0.030687089855417772
0.029150638890531287,-0.01898723563762313,0.07858047009613918
0.021379557329510076,0.04160453604252022,0.06952991718782597
0.07820498542349918,0.026322964914368172,-0.00531241988546018
-0.06471699166948372,-0.012455163618172973,-0.015022308097219984
0.053926389113266596,0.05033308439364769,5.8587741184761705e-05
0.04856414524015351,0.01917086204936,0.04139012739135069
-0.0406693543356669,0.14157441228641088,0.08074945427465066
0.1562848049071108,0.04436711439596608,0.018802623184728237
0.08847255140771539,0.018378664546117515,0.020202779407142296
0.11480413049685825,0.034423384284927985,-0.0020150911179615816
0.07303317413654788,0.02421174748443456,0.036128451328708844
-0.0340451230971866,0.10525137110759195,-0.006091995632467803
-0.020216046700136624,0.09803791447765489,-0.02927652228537539
0.06186370998484189,-0.020427555972426216,-0.006972887095518524
0.008892583046693884,0.02644653397720266,0.04676574941235275
-0.027554154873870407,-0.026872835160212553,-0.03225788764794632
-0.031656731294716425,-0.09812304636469626,0.0029656774583156145
-0.03041221264704536,0.02180180543169473,0.02389147783413206
-0.011550130912905823,0.07436506480223135,0.052069375445058685
-0.07689091057210498,0.07340412323519038,0.061535024995563195
0.08038215250571479,0.03406620112623791,0.019776864742365112
0.029830133228125763,0.06288920211532897,0.08514484573350012
0.01790983374205516,0.03778814241390406,0.010188985394722416
-0.043915187067972775,0.023792811207141672,0.06093903265015463
-0.053623538877857105,0.002633645226551032,-0.02463081631091207
0.036952939947227356,-0.0037987470293190315,0.10975302060868831
0.07137512988283082,0.01398282695034254,-0.001283326780973374
-0.05094652313712428,0.04658805610377663,0.013678615126347778
0.08779715515732985,0.06557473875610317,0.025019747058642343
0.020999974836958587,0.021944215322804224,-0.016967612248831674
0.08917452051597935,-0.06979429911503443,-0.07850465036376414
-0.06382923775872137,0.023684649059537485,0.07844447295755272
-0.0768020679997354,0.02362386103694592,0.13292178794756732
0.057740865932320626,-0.05132137266173324,0.08432159059963079
0.0076923284890863764,-0.0020146378101766112,-0.03019835155171271
0.005273353940616671,-0.019712767254701002,-0.0034756619474377044
0.02934192500274771,0.09028253262346655,0.005746228839207048
-0.00660444258359308,0.06780108768782701,0.05106900961929442
0.05846557442980822,-0.03572750089432315,-0.04310141899767281
0.01825729416028818,-0.0013757565966479295,-0.021166506556738435
0.050130938412616774,0.08093555061533786,0.04395431346247627
0.11406233756506219,0.006147663542280195,0.06427503215928389
0.03991525849095928,-0.004720348993588792,0.07797565294275154
0.06955801246198035,0.0749849572680621,0.03596368208091413
0.048149320257555556,0.001845077934943139,0.013549370285054348
0.007934743999007027,0.07081902321728112,0.10915064232753734
0.04776932516945908,-0.03793126801018502,-0.019788991629996228
0.09645017371224554,-0.0447552405608284,-0.0049868878945018656
-0.01128805164767327,0.04747465858116701,0.08108721169508928
0.010950175536702564,0.08866757579793832,-0.00910183433270741
0.08348133854501995,0.08054051262296831,-0.010802130886352386
0.01676386461267112,0.0024741917149019767,-0.03982099177532289
-0.06725595090295818,-0.04497276955432393,-0.09792743373861244
0.03169813456833882,0.047727022197866814,0.042111116209731514
-0.05125445074551492,-0.015606197014960814,-0.00776332964033837
-0.07746273294794077,0.028896233011352856,-0.0845121125472994
0.162346880495902,0.009196451878055376,0.02835375834957283
0.009618118893377955,0.0493992307946267,-0.030732894325027946
-0.0661608189538272,-0.018689173179394485,-0.05947480759032873
0.0721139083695619,0.02578337393593383,0.00832851518860666
-0.03554258687861901,-0.03396306640558257,-0.01699250462586057
-0.004567725863591573,-0.017073949921531988,0.12445154738923465
0.006059391084093075,0.025654416453060932,0.04767225860888334
0.017582548262418195,0.044312893985335375,0.015018680591689672
-0.09815995817920707,-0.029733640132413548,-0.0306809579003197
0.014539947164996306,-0.012956345436752769,0.0035547616570613698
0.004074194562705439,0.03656269084666233,0.09781822115255923
-0.09338594234121902,-0.03745520464066498,0.01769269825233709
0.10818770787311657,0.010500795278250406,-0.00677290071714462
0.03014210729116131,-0.014173404296944084,0.0626541860914284
-0.04387145787636961,0.059629520190215335,0.0037219544691376514
0.08355874203026697,0.0474642492957997,0.07251055677937436
0.011354679461506426,0.018535173325782278,0.047660184773695345
-0.05962100683290855,-0.05531325199707516,0.011702065093726625
-0.0976905540871186,0.0320734238940138,0.14173906283250487
-0.053078035720732476,0.03301907191699448,0.010946327016968908
0.0313011999166005,0.018971478467671936,-0.04147554923770191
-0.020438211973990084,-0.09785476034528186,-0.05244453790646682
-0.08978141585259679,0.04116687811599585,-0.013074480227286068
-0.009637910322021303,-0.022674109682869346,0.005649674744040614
0.01855548931971694,0.02885245449550684,0.03894241720612468
-0.043454598541440535,0.04229089267881445,0.013807471747958155
-0.01753708809377506,-0.08227511849386801,-0.004131113783677507
-0.03966366475339442,0.0394637459389529,0.0014084546569831857
0.01998310737224545,0.040609516084871344,-0.00874180507507345
0.028652181187712848,-0.0074570953695057215,-0.02661280542818594
0.016871253411768705,-0.03243079080650394,0.013613907313183586
0.03135124474618304,0.006043831587613459,-0.006620294729307844
-0.01822681409383493,-0.01594851807017294,0.07813314328555994
0.07634549056513845,-0.05828155664957512,0.04056940208582594
0.08081125624391791,-0.053689527059707955,0.02543271580635278
-0.05057519443258224,-0.0010640868315892275,0.021997468181323636
0.09235433566959707,0.04639295909872567,0.05942678811059699
0.04721732169713541,0.023501669343389486,0.010095259211323673
0.027995698686773495,0.01255746069852578,-0.0707521546965767
-0.050141663797168966,0.096745358646383,0.08857239722346578
-0.070601627399993,0.037804946586504753,0.03952520452232732
0.005949514922833974,0.05015720196088283,-0.03309840891847056
0.018202627816598115,-0.00015095769486561704,-0.02994443791011209
-0.009176978785159242,0.02675143399045235,0.03180527484049449
0.004384569804735122,-0.025328765626788798,-0.0241457087012354
-0.013424462677132166,-0.09058293078313182,-0.03103479252552725
0.08145964265208334,0.14906656655669198,0.015900382219295947
0.013138368444762037,0.09296936942419214,-0.04396624493710058
0.11778195242679189,-0.09905688363443366,0.012664632566117356
-0.009327915212326225,-0.038088587995068715,0.02447816397924176
0.04715893451745774,0.045587663412676116,0.06370021907833284
0.028937779922337876,0.05156346599997087,-0.05318715319640721
-0.04291128956992651,-0.04871715741351809,-0.06360352877536314
0.02136857820111905,0.04395273937883211,-0.0522937979796375
0.03950801709092921,0.03878444561364054,-0.08213952368507527
0.039093934124786435,0.007456143582582808,0.09809269212248269
-0.016771156850292165,0.046640960216499584,-0.024779163295600683
0.05590055711957709,-0.047099825837812304,-0.0015944280872881526
-0.10705285273438103,-0.008341975481100836,0.03912912935864384
0.0024659142933771486,-0.038090431735358476,0.020958587328993535
0.00016902622078896097,0.1297976404364804,-0.09526824046912398
0.004284841681609726,-0.014883361058803002,0.009303682016716046
-0.022276476764015618,-0.04577387563057925,-0.08865398099369662
-0.014702713663291622,0.006048646048126735,-0.05270796126954949
-0.05061335431295062,-0.01887748029658452,0.017587562018417626
0.0208921971140585,-0.10004946416297177,-0.10912520808123867
-0.011029351106114499,-0.022419184352115297,-0.014954442675482172
0.052886772593401306,0.02394771962637992,-0.06565354730056595
-0.058359467494966684,0.005678275926607102,0.01022683854690813
0.01471150247052989,0.030650861690304357,-0.02068864903141638
0.03518948829999199,-0.01875894361745748,0.003682603067936826
0.03484775375790191,-0.013280161898243797,-0.002644266439591021
0.07582929357730339,0.03346481901927481,0.08339539091255244
0.04075282630860381,0.01797168649444706,0.01539185069255111
0.08454822039472978,-0.0005686372861965806,-0.009751288218462127
0.004918940495648316,0.05290882880086156,-0.05493530909192989
-0.06233757520281252,-0.05222818040209712,-0.02499411259570239
0.011491858538467799,0.023072806945419293,-0.15395287450151066
-0.06254459461030674,-0.08730501818264211,0.03178871896805365
0.014569955978667087,0.052119163660919315,0.01615116059216641
-0.11048347472817602,0.015482687926265495,0.03238290591755898
0.03724138239485123,-0.006438220183258279,-0.013749230373225296
-0.05339842504373929,-0.10997253727025226,0.006817909682795813
-0.012446979348926643,-0.002651092035625557,0.003419565171870217
0.0474788159414086,-0.02833177848311562,-0.0771412824454146
-0.07185261508082348,0.05075161267860542,0.021641709045811357
-0.11724029312738221,0.020905104729331447,-0.06348075819461255
-0.009719238027593533,-0.013814935657212911,-0.04148434652672643
0.08467945068356404,-0.04302943929681648,0.05570355493229291
0.044211023989535435,-0.032175384403480875,-0.0006087239509981555
0.015797562176028512,0.012101808232687509,-0.09371973982675827
0.05475365186374217,-0.029637493397508263,-0.10187216055273049
0.013405949106007196,0.03748259194336642,0.02743303455811059
-0.026443906619984244,0.0083793718034526,0.06240818531756819
-0.0553753001917751,-0.021161203732840722,-0.09719273523276442
0.01775859948937781,0.006810159320186509,-0.030535919691979357
-0.019785436628538322,-0.009329897205189046,-0.05774431084051266
-0.08236123339109111,-0.09680854658687339,0.012186627534834488
-0.07654949684906688,0.04168393460421563,-0.07772844388406858
-0.039572329225912334,-0.03213525803294623,-0.06079084117750849
-0.09963721611426468,0.08669645318622168,0.0335118624133751
-0.016178360361023963,0.03210620111509309,-0.10257389134313108
0.03310573282944014,0.019177922153456557,-0.05832442310624497
-0.014129300995045377,-0.09050727649190214,0.07524228548291927
-0.028528958103223423,0.010948117846642139,-0.03301794351950979
0.031192497942436635,-0.10910638868065965,-0.0035874992118189192
-0.010695516896028464,-0.0876325736928042,-0.09616039434706464
-0.007171999212431784,0.03631299621831221,-0.02064870746405705
-0.03273758846102193,0.018204429653696473,-0.1009796111669015
-0.0018899294759488275,-0.039955156901132396,0.053819552469379764
0.07572206231477013,0.015760912859150718,0.01577451464253976
-0.06625134723496799,-0.07990573849116937,0.00042046581087819626
-0.06662398607543221,-0.05351762418678131,-0.06523870356724973
-0.016283629084172614,-0.009329884249664732,-0.019704518593870356
0.0006871747640371413,0.005434145405392773,0.05697948325517996
-0.06743753921492804,0.029524902751869947,-0.05170697251236984
0.05286922388416135,-0.009074280680042842,-0.030406300266189356
-0.017686358431844757,-0.010774373859908318,-0.017991347444894536
-0.011121745102206808,-0.02872538491192818,-0.017839813115682834
0.04199434210742199,0.007415767074282396,-0.05441900904312868
0.0696369158353275,-0.034036271881854235,0.09677690765500851
0.027646941516301725,-0.006161951169321993,0.036217599523607515
-0.010171866691327948,-0.02897760538161577,0.04937378198638736
0.022842512642501037,0.07206735173895376,-0.10063727489934814
-0.007395651906483338,0.00034928698843634046,-0.07285827353807955
-0.02134316020365755,-0.04569126255951085,0.06504246892589244
-0.055351084051823034,-0.040413541267312,-0.025398324635455032
-0.058629198912748884,-0.09282984041620797,-0.002792603482871303
-0.043028775532827135,-0.052745378880145743,0.009966258199989631
-0.06488265295552384,-0.046416889360975225,0.09312896077032078
0.030094051780048488,-0.020296630063535805,-0.06355423036956429
-0.003440569763928536,-0.07548530724912991,-0.03903273109051188
-0.09447305295157492,-0.0027178121932973226,-0.05151685522868682
-0.03554179269151929,-0.08933639613835262,0.01733930619727475
-0.030754269392596373,-0.018087864803769317,-0.11465629511516011
-0.022747209989419044,-0.04952711107253592,-0.0853797191223665
-0.09240849262888207,-0.011053873872642015,-0.02265773421752289
-0.0025255751040961713,-0.05378220367686472,-0.052218782772845626
0.08469749306593778,0.01683945505262447,-0.026832273879903223
-0.07230653116974443,0.031989401139412406,-0.08488080726854721
-0.042506379797984585,0.025685164120443138,0.07054702395275633
-0.04164677891292129,-0.03723487046336414,-0.05390086284403294
0.0706652849641989,-0.015619022696217176,-0.024375435681597352
-0.056585533647832226,-0.011110995673329016,-0.1264730836043641
-0.021462512292211813,-0.03913704110515129,0.047394969239709
0.046889941592230075,-0.10556417545096777,0.03305844943386091
-0.03019117105453864,-0.05422384301655961,0.04399817495688003
-0.012710618395477285,-0.09532613513756363,0.0020418231234252925
0.014558064052072557,-0.05366804460807384,-0.017403755453565428
0.03731718053062044,0.027260654377329333,-0.05673584324330405
-0.03273545969431598,-0.09806076387568685,-0.03933228303586711
0.027298999474559747,-0.035299135014865396,-0.04970711815642799
-0.08107910186839004,-0.06974447261372099,-0.05727017297760524
-0.028611094185437724,-0.06082710555313356,-0.05687304160844972
-0.00856843157632453,-0.04081129047718131,-0.024224185252714525
-0.026876760963078124,-0.0030022619277242646,-0.17152679203061175
0.011524099850353124,0.013725601449657145,-0.026056539686470852
0.0020683933190566023,0.0150571705894582,-0.03317819420585719
-0.041350118247428055,-0.04150904605780112,-0.022314219546750433
0.06925138945171627,0.03278501377457286,0.07737617669201238
-0.05807923445376717,-0.019035840776204842,-0.04866911208761864
-0.1045711288932006,-0.06981555625587556,-0.02136102600263824
-0.014573328016516996,-0.08679598374649378,-0.08786045523103236
0.02697372006496136,-0.06866486373199039,-0.10537396943155575
-0.04274097844666296,0.052514306081607044,-0.030359962809757016
0.04784662081953572,-0.06533949408049428,0.027269890667463607
-0.1628145170756833,-0.01719082506529352,0.06050053628042075
0.033763040991348636,-0.024257503571954973,0.024948763125847866
-0.02544726789412166,0.012303566897979797,0.06317165818985783
-0.07415589253087904,0.0279083173766925,0.03539966888731127
0.00299622822755035,-0.062044210515147816,0.00031904614253148306
0.037402260871468335,0.062219514296529846,-0.06133580769346211
-0.06410277715163867,0.051824032642287875,-0.060688500701439295
-0.10872304449984237,0.04104358097026259,-0.029093780469682737
0.003886647347358982,0.08301575788766935,0.05590965025498472
0.0037381727456681987,0.01499538830039034,-0.03846574200776733
-0.03383024979070923,-0.04708822313378802,-0.05876552631148893
-0.08480161658528995,0.036739374787605306,-0.010306048977499049
-0.04013364963699204,-0.05003451580026622,-0.04425343901119583
0.02499565450960866,0.043219313087324504,0.013141411676751221
-0.047140472101327394,-0.01209141069080377,0.020924784695527502
0.02572267610472486,-0.002604927295162599,-0.05637474888501721
-0.010349959570461705,-0.006619005397706771,-0.09557101007688085
0.0013879848888933791,-0.0034144843621913366,0.0309672379318054
-0.020394756201486904,-0.022833624816533057,0.03265904304431646
-0.0011210026678320668,-0.07491245566847116,-0.0001462595767977755
-0.0015058277337643058,-0.024089386089294895,-0.07180229669733212
-0.00842217595998142,0.003179471489923291,-0.06606975788697451
-0.014962591610079979,0.025013088425631776,-0.04223936969414199
-0.04194619222999815,0.02478754528770256,0.004881967916976034
-0.07056695265888699,-0.07850498838269596,0.01982776096847401
0.019673832387007595,0.01386008640605843,0.03740584836221321
-0.06618791880179002,-0.0033870504029204895,-0.10774534847094355
-0.029070075756167765,0.03181481356127286,-0.005513813789256243
0.030256069834950258,0.01334208141944048,-0.04331258584666896
0.008944903889033618,-0.011937844300656784,-0.028720959498369305
0.04227557585998125,0.008389397306951367,-0.007944870572490489
-0.08077406883011404,-6.840197439040435e-05,-0.05613318062693991
-0.0325534478197016,-0.020060113153304113,0.04075633674023322
0.02739599126267623,0.09167922650238272,-0.06019090446688003
0.028039624154183814,-0.03183937921081488,0.012813891768050756
-0.060167585816631196,-0.03072114142910748,-0.03282996333606305
0.021771615243951027,0.04300210654852215,-0.011898296383740002
0.050924773396148565,0.07296608377494629,-0.07646220377613497
-0.06783117527712014,-0.018716773267763318,0.004048082976607413
0.0608116818884226,0.02130249750818012,-0.004720995197596248
-0.0008358772781734448,-0.058169216096746565,-0.02282423244085921
-0.04535982001212907,-0.08346322832935137,-0.09538441037605588
-0.02344795060192259,-0.05052281885276688,0.014027374685289412
-0.0004206121476951867,0.03619624736126292,-0.0787611079158609
0.04235188597569616,-0.013992619829125825,0.059860587696469056
-0.0163669998956602,-0.04341812676986762,-0.05477842172408991
-0.030154019912060494,-0.04408817680453898,-0.0714666320588667
0.04320100092981141,0.03682297946106686,-0.06774327639244339
0.03551685112590556,-0.016592185665554725,0.07434344913762073
0.04470389062749777,-0.05739593020060964,-0.07619378615764436
-0.007538834704261225,0.08193485843890858,-0.06285909864082603
0.021827334430588097,0.030389745460356818,0.0727877339533632
-0.04910524335456392,0.0068509832718236605,-0.07827513921105597
-0.015691505143732486,0.10475365406676049,-0.03754642730952891
0.029559147183985408,-0.005932108034753488,-0.07527751533800986
0.0018459050232752603,-0.03557729843978956,0.035219354776522625
0.07489646371465263,0.09104777095766964,-0.08415386595409563
-0.015574986455003348,0.01374086542943876,0.04579972101267348
-0.05497597460623106,0.0726358294664399,0.05639201114911536
-0.03410455425403491,0.012930699275269877,-0.07997637360620537
0.022106653335467883,-0.04077544298040054,-0.04962387461058041
-0.058050757884060236,-0.0490517136534286,0.002546493634275938
0.04394017216856883,0.02735942737019617,-0.04613215655963711
0.006318123386518595,0.019252218061753687,-0.031153993092075248
0.0037478276301457355,-0.009024534004817189,-0.012293783039143658
0.0562411813066065,-0.03080432463044693,-0.05130561811286828
-0.04826174302268292,-0.008104323453904196,-0.033209359125052226
0.06909397848468486,0.013579166794058852,0.055076131892861896
0.06477677933768243,-0.023829677176082895,0.028652536223516187
-0.054024950720676757,0.054024874803712826,0.012726850351188335
-0.12155686234431279,0.08613288682010019,0.03262282293135802
0.07243590269084454,-0.079784292342866,0.031983017435344555
-0.02388818246187411,0.025685897929095685,-0.0466258180198134
-0.01744864811816128,0.051212626691890854,-0.10093087783431626
0.062039039701802134,0.03931154428735015,0.009765109533360032
-0.0378898162272209,0.0008895527805402883,0.058841819373671334
0.03487441844504028,-0.02597367516061597,0.0494994440693175
0.054963018487903116,0.08437811671208725,-0.021794505961456177
0.07060044210774455,0.010095651893291032,-0.014133925367975565
0.08823200232542645,0.03420862506659213,0.06992271021108222
-0.09752879676575615,0.006026664199180052,-0.0030216332824203663
-0.006672496034147402,0.016253963238350537,-0.04206894412197271
0.059238081800292226,0.05291378901633127,-0.11192291868153202
-0.02795523416159213,-0.0191122754675149,0.006495937376456392
0.043402210478489814,0.048325400065007455,-0.021749441240678992
-0.021074079120764252,0.00137890494243194,0.09601641021569608
0.00559836631630466,0.010976145716558137,0.06317515268307083
-0.04200369744815216,0.026236465573303946,0.00021019224522669105
-0.01604379880020985,-0.07489832168536537,0.09546352154177255
0.021446101323473486,-0.032630576289192914,-0.044136346797207134
-0.05965894328411303,-0.10098520345456793,0.0900395133165197
-0.04062096139672532,-0.1522027869721731,-0.06551542571776392
0.08132309750053371,0.014418425216502545,0.09090975295963015
0.024985593062044672,-0.07126290523307846,0.059426743192281396
-0.03552052441030757,0.0640109092639145,-0.02288155562262089
-0.0011376618495702595,0.0961678818118811,-0.08272729762978902
0.05245052537263896,0.01340148714226414,0.03585505234365108
0.0012555046345064658,-0.00851974755616164,-0.01493713821424116
-0.007799963445664618,-0.010766057062978266,-0.019050115286171433
-0.0645817601781235,0.020859968037998704,-0.028002084482579345
0.036760402016385564,0.031912569484230574,0.011770766572322313
-0.002171923035570818,0.03186072205245111,0.009990632812718114
0.020488530876387932,-0.03563857303988907,0.04394099836771556
-0.01773347439384914,0.05460385764850454,-0.062486707165355655
0.0696959612242391,0.033832800555589154,0.006124798466179696
0.002835808743341833,0.07678395655214446,-0.024099292484428388
0.07279098420909311,0.019552716979464584,0.028645242479826152
0.09487751697198632,0.044012124217449815,0.05201760953523826
-0.049784485553374155,-0.005423094110491734,0.09445974478356359
0.0708562865783685,-0.01454517909878625,0.0757461456633598
0.029524284667381363,0.01072359830686894,-0.018896474935887864
-0.013448190122126013,-0.013413567244292296,0.03134623437898994
0.002213036936357736,-0.012005061058142218,0.004352440833799312
0.06632691402990291,0.04441725623914054,0.052989390384936975
0.030676716177645443,-0.008797537307171817,0.03083049682537595
-0.056193907551777694,-0.024012627211770922,0.02109266313567467
-0.02960238259047244,-0.002450232589347963,0.04756558825554723
-0.05528148269688549,0.03224448835411285,-0.008105775112260287
0.024458548901326642,-0.07534658227202562,0.00078772702304028
-0.0484251149949037,0.08731339120496498,-0.018258726703477723
0.039030694034116895,0.13430823369392147,0.008647672449528677
-0.05401651437049235,0.007092512188800561,0.04316072764784245
0.010952188634468396,0.034354468574414695,0.06137908082159995
0.019572404360494962,0.10405084852671458,0.057007800826858954
-0.02865126022770355,0.01963747583792161,-0.007036550681625902
0.03346433957027277,-0.05882930389642124,0.02140257508383885
-0.01906993408006256,0.04761814262879789,0.07345540659414539
-0.01956514305658124,0.028058281982492973,-0.04767511276801966
0.03773423696496457,0.09213480444201771,0.0014914545708860534
0.06778252668253443,0.04177558818567173,0.0912698925221986
-0.0025462332595106267,0.003041475369382679,-0.03818602371298806
-0.08096878814441391,0.008731868501258292,-0.016871430500392366
0.018437698039027648,0.06566973038333322,0.036889540526758094
-0.034676009039622584,0.036938241091182614,0.0340192879392372
0.008141824757303233,0.04729486847469695,0.035575406657957484
-0.0092185761289152,0.062223420980802704,0.03370486022472931
0.05841649761117922,-0.006927987463298552,0.0052884745396513545
0.0613044964793693,0.0702132387551482,0.037656971924218276
-0.0004461860202497857,-0.03673298033926801,0.06228275405146314
-0.036519264607697166,0.052132952155754864,-0.11551226890886329
0.05869713689761635,0.03879098568102733,0.01715580774868898
0.011556379015205554,0.04477819211193844,0.0033496266590258023
-0.03549726663632617,0.010354460760195356,0.02149244207934115
-0.06654677087388362,0.10979467432609848,-0.037818515160664076
0.05349225907152175,0.0585003848801392,-0.006691112216568245
-0.023971890686261578,-0.019604906623180263,-0.0015234138724710307
0.10211356376969648,0.06016326210856787,0.043103316687840044
0.10261276872755641,-0.03635762924560665,-0.041689209234323954
-0.05889921464540199,-0.08435173332856401,0.10202974973838227
-0.012554720152173283,-0.046184206428169755,-0.009471069092359279
0.036306124575414704,0.008541402178213949,-0.023005243068593778
-0.007348821480430177,0.09349798258121435,0.07028172629478303
-0.06752933396266012,-0.010027385420414182,-0.030881842565381335
0.026811652738409898,0.054373773798630634,-0.03565325874135098
0.04657299262297412,0.005182784652280691,-0.09470981421411703
0.030321869055810982,0.06255229178278746,0.04531185670647424
0.014405215042276025,-0.010084788231401059,-0.002931038014925988
-0.031636033827591434,0.01895907735770561,-0.023135948055536478
0.09720308580976944,0.05558250196448068,0.00015698905785364176
-0.037616112125244267,0.020580066899085342,0.07970857099696717
0.06443991380279941,-0.06733905382599711,0.10400094555479374
-0.02437204826430094,-0.006669425356020196,-0.011103908668550641
-0.006656484645662847,0.11521850765150173,0.015600842079529054
-0.006996467620188185,0.06536137118336025,0.02193527939376827
0.04482991070060882,0.10108576177690642,0.04106727305610112
0.07499109480582358,-0.04122019620821199,-0.0027298956774117755
-0.016660574205700066,-0.023812252669388287,0.03648281232078116
-0.01260826813164534,0.0886228351848885,0.026116044546388724
0.06588888726586774,-0.06579426974174137,0.026615114131113733
-0.005570020567313157,0.02507797142969996,0.0006583352201134512
0.05798687349562231,0.07545626394491772,-0.035818814868148356
0.008879756993626876,0.07012387062632232,0.03587010155719165
0.043171094254633294,0.07283227632193191,0.05662977293153733
0.006521854034468023,0.091296196360935,0.09049174448513049
0.18101781245768842,0.02247727847309845,-9.467476101360922e-05
0.05950257995420123,-0.06217339039138449,0.03352850021245513
-0.046511973199704494,-0.024642792265113386,0.028785799355950055
0.09517789318651694,-0.010120511307038883,0.01986500696896438
0.1426239868377142,0.05724431004193954,0.09482449854022887
0.01935267039661778,0.037310865133870226,0.027491509616276756
-0.01126638586957612,0.010982330309201056,-0.07089568678406277
0.05017264850394601,0.045291639740556416,0.021329489812328534
-0.006673763679553843,0.06159105482909058,0.09565374736948322
-0.08033158799983671,0.019932337778056523,-0.007408837181513656
0.10598820707707933,-0.00610179834386064,0.04031397330810639
0.06953433887165711,-0.06990612728283271,0.09474266841579398
0.11082939949651578,0.023574004256176288,-0.044242730676589195
0.06183803266203894,0.049761806690489005,-0.013606739324332064
-0.04068824732006192,-0.06600167753753633,0.05553464035737475
0.014339227384754408,-0.042054857461444196,0.008336323399255267
-0.01655841691118288,0.028796310298106677,-0.01794293249618094
0.00677142298782003,0.04487701008994721,0.05337650574536901
0.012632068508673731,0.01358460247177316,-0.009844489652220574
-0.0580399610939805,0.0572276658243279,-0.059319053557708674
0.10859067969766102,-0.019497938652050854,-0.059909128361943675
0.04760771286402718,0.03396625657659204,-0.06917361726945888
-0.0339363600533676,0.003839105919118537,0.0328784279925625
-0.024543505913379844,-0.0034019345486678114,0.07029348055822167
0.05511741649657635,0.0012397292030482503,0.04441946661481547
-0.03712905303593014,0.02712376701160537,0.015636684989041003
0.011521992883950522,0.047044006252999745,-0.0491818572948909
0.051266092897406634,0.03013568171568553,0.025659152383452753
0.0901659747408253,0.11039545113402252,0.08569770350824255
0.02325295795472204,0.031502174801280036,0.04807421234262948
0.07247846777000871,0.011260893807320104,0.02917045632090218
0.001417676974954811,-0.009091327527080206,0.06027705373239819
-0.008799548878697858,0.08467799930304742,0.07823658849296533
-0.009270085036068992,0.02310876491898725,0.027100391224391264
0.024194689849485314,0.04031824747294163,0.1335817582744665
0.03657512840033447,0.007442514854814793,0.0634807831000538
-0.04460547163244709,0.076545807922152,-0.03480708489975591
0.0980772107650178,-0.02030096623283207,-0.011049549091256597
0.07788285059531916,-0.0858013069664414,0.045404290277442055
-0.04087047321521811,0.02357183505771853,-0.025486061687814948
0.0014881054878918484,0.0870977519680662,-0.06370732731295192
0.11080698013298518,0.01771866981394843,0.08430896593117404
-0.050525863465360796,0.08790329714930625,0.040323309135215604
0.03991970314858952,0.014756439113509072,-0.0730368242778683
-0.015692454774050603,0.10355853732911623,0.048181138960123104
0.04449882099414772,0.02879187079702543,0.046273478595731776
-0.034778001369800776,0.06351063779974762,0.006681334725227748
0.0983772998706897,0.08051589331488235,-0.009186197309422372
0.031756270366287996,-0.045968248369978655,-0.02040926695650465
0.06620534899429942,-0.06892961229893396,0.053542325729035875
0.06701161097302254,0.04577116935248697,-0.0013347191018311267
-0.1266117321915251,0.05101826805973523,0.10199099915572572
0.02058778789432244,-0.01322237048745096,-0.004727438758926164
0.047686946282015044,-0.014147891484260822,0.06602633909826167
-0.0057379020085656565,0.08061339857932343,0.03372019731408088
-0.04387408619463358,-0.021620671296986735,-0.058313440523674875
0.04076202391060025,0.004191551332508857,-0.04695972008768037
-0.04061896095741097,0.08566960240004029,0.057959886903532126
-0.002882918186565527,0.028562964502795093,0.08226323451658656
-0.0017610307796685296,0.05386301445059016,-0.0005648868683559034
0.027028585809275106,-0.004505768594122097,-0.03239512058091556
-8.938461835790619e-05,-0.006309269036385576,0.060414606581482753
-0.028610938292992723,0.008929092570410618,0.08476953961512246
0.06424488008564919,0.024769785125269582,-0.01212179479489361
0.013352829209325345,0.004786552834059636,0.0701543038712233
0.005695703131510374,0.05798703344276723,-0.007808534365489558
-0.04480913527333186,0.061321619625697904,0.0007035210909177971
0.010142890737674755,0.055641684142773,-0.036072349668465356
-0.049516071055400845,0.04217455113855721,0.00590892500683639
-0.024747957948809882,0.01319735878179094,-0.0690077453220141
-0.009608759754819491,0.03150205546347651,0.009504476135368924
-0.033188270922515466,0.014208648282593245,-0.08984976562969933
0.02758073162898585,-0.07295428433802706,-0.026481898464297115
-9.264620436124932e-05,-0.046965230607900976,0.08981929943983331
0.04822902008176588,0.08424317973091479,0.10411846750892921
0.001973011901943076,0.0636944432122868,0.07607207528359566
-0.04990610912447625,0.010917138028896111,-0.003525603076690932
0.029523181668071375,0.015360682791596744,-0.025049223869243662
0.06896383682066375,0.04173721162048262,0.05313080640397898
-0.04072721896143025,-0.062888386430873,-0.02382966576544829
-0.012158255856619504,0.06534187705011664,-0.06912882092502066
-0.027562610703418783,0.025657418356495564,0.027659314614868452
0.09653565383788164,-0.030652302956162773,0.03654405405854751
-0.042611161761844464,0.03149825701077641,0.03678457612524518
0.001293356986995494,-0.0382065853435343,-0.02269804621282779
0.10064744727857787,-0.025277148018525226,-0.14128603380222804
0.008960760476861873,0.01314894469422152,0.052137556828398754
0.02263996694070162,0.08083235915948307,0.13680524783840545
0.04722793860949258,-0.039606047456968656,0.0077562060470287245
-0.06003930262098957,-0.024083548641417978,-0.01690418159496932
-0.054946330637997476,0.05366559864540021,0.0009107865314186257
0.01855695655273031,0.041953801045810035,0.02624556058011838
0.1378966304668516,-0.005780063213036757,0.046161046488890356
0.07851489859514904,0.01154114134000886,-0.11637188106191029
0.06163851146921906,0.007886523241625762,0.044423981933382393
0.08694509285675275,0.045698148252506184,-0.061129649141086304
-0.07258689531033387,-0.05095021205070507,0.01224190539876737
-0.010010683003178112,0.004367427741200263,-0.051824442144297454
-0.03464077392751335,-0.06534703010927281,-0.018471111646403835
-0.09419117994922843,0.011973858887948547,0.042387193979787886
0.080229898155779,0.00034484580996445736,0.02119977513106939
-0.022016616940730416,-0.08054187118257661,-0.04294232668188372
-0.07787153328597554,-0.060875224907116304,0.03623074418675876
-0.030846946396931245,-0.00434093516327283,0.01019619075909763
0.07647640003818056,0.00453406543948008,0.06460323495129275
0.0076783950595098235,-0.01929706725235541,-0.0040829200324502615
-0.061388696584993685,-0.01814282549702792,0.03373536280157755
-0.026843314301350736,-0.025607972648541633,-0.02396944037361163
-0.07836430723776884,0.026097998097522408,-0.08002086576424434
0.04363171081080943,0.026365265690807542,-0.05786849069456319
-0.007285837231071618,-0.058674009683254036,0.12516484333320393
0.01848531880442231,-0.03940919665642516,-0.019201413031709004
-0.07585505545908774,0.007619907134418177,-0.028156503800157728
0.056525059956572594,0.03038309165722552,-0.10983898124146
-0.020197076540981785,-0.005889627354076684,0.03373019952002201
-0.036905519969605984,-0.08457514416295055,0.019728037891821523
-0.021261072117629363,-0.01341759424878421,0.04685409795790394
-0.04371727041823339,-0.00179435830879389,-0.017463089882890952
-0.021327936070561975,0.03701972443072854,0.0020942788282543034
-0.07223174318654546,-0.024582181266079035,0.07076787388882226
0.029073757636152033,-0.06346901419954248,-0.03564437751339011
-0.03111284852084442,0.01699399172299014,-0.06632154259205669
-0.007557278543380341,-0.04716899839210159,0.013179205462616325
-0.02919148378133901,0.024994871225616257,0.04136570290069879
0.018591935660058255,0.0021911374451354104,-0.07947996393770804
-0.0014299916825919554,-0.012979593435464978,-0.09329985480744907
-0.03729022480123181,0.036722936595849194,-0.021646655320226603
-0.04167413285673655,-0.009398436860824106,-0.04347786096247177
0.014591042397802184,-0.00562033986978325,-0.0012808810183036323
-0.036444227646260416,-0.04432889739764549,-0.010892769228309548
-0.004160583472812131,0.008166217255580494,-0.020737215290722946
0.07636835493875746,-0.05040291392498705,0.07042325624132116
-0.010544134848316409,-0.047355936124800185,0.01075140934967499
0.12395884253535419,0.0281378369483044,-0.041175376826971914
0.009333608338742545,-0.09098950683059229,0.007600055412815825
-0.049240195705269885,0.07704126339365248,-0.06658278470795917
0.04976996457028611,0.03815342112662867,0.04975130507594533
-0.00955327088985753,-0.07220032223579038,-0.004289641996898203
0.15176392582932327,0.011283837467810092,-0.05153485987356504
0.043577745102555285,0.04617501863103922,0.03065287777679273
0.0005219883943747058,0.00602518465783587,-0.031145412317720465
-0.03786216910399368,0.026497553304138576,-0.05403527347549751
-0.08390620884879257,0.005484492425677074,-0.024931568033305422
-0.017607548445472784,-0.025341934706418046,-0.021637225180064844
-0.07550863537306063,-0.023933506063527378,-0.07206142212390308
-0.016044500358251747,-0.03144300709246057,-0.025717220011518587
-0.008838017316735051,-0.016171574718635673,0.04121840794923781
0.11834133722737475,0.0053763567362556455,-0.07362790556583901
-0.10800510626908011,-0.0191288887000558,-0.0765183584914685
-0.010074112105757468,0.024172869287667348,-0.05058657366224951
-0.016038107622475206,-0.01604944368638239,-0.11906977231009927
-0.1627940406825095,-0.05843525967981239,-0.0346388849636102
-0.06910121998903226,-0.03989295245375562,0.011238172550695761
0.023663498936519752,0.03161243023182762,0.02774121619256074
0.007336258627263462,0.01471892037783537,-0.07271042871337442
-0.029094146854452618,-0.10706587396604612,-0.04994874043556714
-0.04374079619832234,0.0736582895047399,-0.0895945601201765
0.03139379222499461,0.04044764166602226,-0.0061044429175479645
0.05160351316380495,-0.12060455082211571,-0.10205872148979622
-0.0855025615487994,-0.06501209404620568,-0.02966005163504447
-0.017242441383867563,0.003720525591694196,0.00374601426628908
-0.019618757251093754,-0.029307328275766917,-0.07070990567300141
0.050727996455188135,-0.0007129479488982883,0.08196806305290122
0.07371388727847974,0.020459041972010674,-0.034551685142516685
-0.10568503396363527,0.010804133031233985,-0.0649781896582071
0.005870117344777669,0.021110877391879352,-0.0697550538062311
0.060732376206973276,-0.057185757373098,-0.004207344045351799
-0.012328443194060599,-0.02557888864557143,0.06022799966190466
-0.00025725007885051693,-0.015316790419197602,-0.016247831843905942
-0.08753860419756253,-0.11275001283880658,0.0017272774589744862
0.0295671640947818,-0.016214021586939343,0.024370229519368215
-0.07463973972357356,-0.04828990301845902,-0.03648146739836593
-0.008629965958012072,0.0025238469600139847,0.03842252410824837
-0.07049184758041763,-0.011081737123420091,-0.0037658623865448396
-0.006056672527643792,-0.0922131832686631,-0.08157176714102865
0.0011483791030686315,-0.06585649160778098,0.017400224625326956
-0.007093604108825459,-0.04821382905351467,-0.006757453309704727
-0.08462883022859814,0.09681160667302743,0.017015804080233177
-0.0718168296978464,-0.022526648677637814,-0.016423987368819
-0.10077963454483953,-0.002252877330467612,0.020733645654586175
-0.10320894058523052,-0.07192894513730766,0.07119834331961505
-0.007383261327895532,-0.09559693927597626,-0.026766068237947586
0.01668423227167015,0.0446480570051319,-0.07790882887193169
-0.037700719704415186,-0.054929975995689745,0.0010274027095981512
-0.06138723661301322,-0.09124913671140825,-0.0031160874366351655
-0.057954453928579064,-0.0006259003899705406,-0.010947500400813241
0.025837991761963625,-0.07077460484634858,-0.11422727205138135
-0.008722618615222505,-0.07515103877792097,-0.028953043978077
-0.13138363747919618,-0.01441044567100055,-0.018970346143415133
0.04211357372177674,-0.021481127547070062,-0.03985016780834405
-0.06535795682167082,0.006796840028806348,0.04264591915231333
-0.10480726252123114,-0.06954560702451887,-0.03972502931305178
0.021825377804734335,-0.022800215835013127,-0.0981475097477566
-0.021649997241784586,-0.1141512138685766,0.038769980671210014
-0.043840768666688984,0.009454890469654594,-0.053535834836381455
0.07192133197002906,-0.057010179343275305,-0.027738453004784402
-0.06411633020553396,-0.002030723604977719,-0.04213946708161634
-0.040250532349808035,-0.01775103534777669,-0.052672555190956746
-0.07638084594892677,-0.015156129790705103,-0.040631850128018045
0.00996835739880773,-0.004649761526114283,0.006149617513250428
-0.02403132420372762,-0.0857263228806672,-0.10443180556582651
-0.06767713627047328,0.039273082705484186,-0.07384306976480558
0.03834326472354505,-0.050650275838647243,-0.039401974918904306
-0.0738492208674785,0.05447535807418083,0.03703238171356698
-0.03394070226477519,0.011491753953109567,-0.06783282922244482
0.006665352028678108,-0.025799463063358674,-0.0825363031221642
-0.10807557621305772,-0.022274404514468493,0.05594202626369635
-0.025436329828540428,0.05408032312653384,-0.0450048512300832
0.0005334112508391144,-0.05344726733084616,0.0008874858089671818
-0.03062713859785233,0.015825024204787565,0.001528162188521951
-0.023108643093603595,-0.07211328460125614,-0.008206799562882422
-0.05899363130786486,0.00028729947654131116,-0.005494965870898674
-0.028828585983948773,0.016972322356345007,-0.08048401022874183
-0.07398371819387724,0.13054835718460822,0.048601070669239285
-0.06810639350793306,0.044348857355473684,0.06637723288563165
0.016090843750203046,-0.060369019485434855,-0.004340162694504735
0.017167639045531174,0.14045927266455224,-0.023847253692503328
-0.0037469280984066197,-0.04006755300389479,0.04969183879884395
0.007744039615453259,-0.09548377878673961,-0.04878590552252131
-0.02718366471152695,0.04317383404206252,0.08531696398146107
-0.015276896864741455,-0.044304685079023215,0.031065473892082415
-0.0020949217444212083,0.03072894828277046,-0.012299350949087282
-0.007527343169683787,0.030479246198827966,0.016622561581940722
0.09304759535669647,-0.08653409406582263,-0.12442693088563275
0.011663417401836611,0.05908828987183039,-0.03805373864395914
-0.030969948303956194,-0.0383254228470889,0.0014061254047344866
0.021333113804444536,0.06461940201519098,0.01662891744982495
0.09517188666452775,-0.08905256152787239,0.027867083996515503
-0.03830523582481939,-0.05766700137070702,0.047663212917357506
-0.05041182659148819,-0.0718274669430949,0.013231150685276732
-0.076046681128188,-0.008496085571542163,-0.07168099846991957
-0.07930106790633028,0.02105313588222694,-0.15714121846769397
0.006772607817937572,0.045052831732700416,-0.11180037475688472
-0.02707273153228759,-0.050205017136693515,0.05331349958248373
0.016110145634871346,-0.05417196550395767,-0.028510831372098158
0.00318739834914979,-0.05535988786398466,0.06347760260809854
0.008175930837701646,0.0531526759978468,-0.06145185660132224
0.062297729533826396,-0.07591448504511078,-0.004211707993011824
0.05450191321660518,0.033323911640442655,0.024141825179215166
0.01772428083675291,-0.027769826996705303,-0.052735428303490664
-0.017573387816144963,-0.013148214787263697,0.06975313873717771
-0.009246105810221089,-0.07624620730569706,-0.10477291772298764
0.03382668416690963,-0.030526841258018522,-0.01707779484558397
-0.1651837595918334,-0.057370068600367655,-0.04724399107108621
-0.023213047681819747,-0.04190213264009835,-0.06924070727216686
0.008745187334184744,-0.035208348367310224,-0.055303313919480276
-0.03771075647946367,-0.04712832615271551,-0.03822463509282183
-0.10403872425776883,0.03140516935264965,0.03803903677018462
-0.01130491821646065,0.027116013920297548,-0.08873741529253112
-0.004535090860044484,-0.057790750616594555,-0.02145966665708035
-0.06778395470372933,-0.04389624678935135,0.024328070988292136
-0.020462182830584444,0.011668531257932817,-0.06847480995875256
0.058484477776953925,0.04843252460215414,-0.09479440244444062
-0.09165881261918082,0.002274831840614784,-0.003654443324986191
-0.07671633029426751,-0.037719602455765215,-0.08834323651241276
-0.0003804835963930747,-0.004905010291443592,-0.044957255473903196
0.06010912379006848,-0.044579321862245856,0.007481044701387118
0.008038347321295896,0.02012074415814135,-0.05000966355283662
-0.07950354630908127,-0.02940178205169648,-0.05438105884709948
0.07502244118951407,-0.04586947747961837,-0.03897341424250757
-0.05610603654016025,0.0612088998518156,-0.09260433021767128
0.0537776571748325,0.015164451782551344,-0.016483593060177923
0.09812727404090055,0.029642398806904106,0.013981593322636314
0.06641518860177247,0.0287637646021303,0.020508553141739633
0.0830875351460558,-0.07221599281312371,-0.05445876706268679
-0.07125459547281664,0.027597071087074355,0.05752622025348863
0.0037989202119041512,-0.029256025833794736,0.031095199238373113
-0.06688972823551488,-0.07923217902793417,0.06777315155456726
-0.04094491118990329,-0.07728037264170419,0.09307155820393377
-0.0323371855361376,-0.04301422732228972,0.009519907052627962
-0.0579630663362913,-0.06224823149173161,0.006465559320801621
0.06440944488050142,-0.09554169771643294,-0.03661280454506549
-0.032644027006940815,0.027273422148789236,0.012424664332031939
-0.055462267946752235,0.03232698863439048,0.029373527386321423
0.1192404131621102,0.01612224688740976,0.008573209640638013
0.0011351190677856221,0.008788455683411404,0.03162210518816292
-0.028647561548969774,0.01699758664630249,0.030496678374496038
-0.008653438659979336,-0.002426454283369778,0.11846328228430335
0.07880677873261632,-0.0027012425915689466,0.02481509125420007
-0.04253855276273034,0.05243594822651622,0.04504329294920455
0.05263243818815604,-0.005202315340444422,0.03334844874496761
-0.046563800948094924,0.1485929761730456,0.037307146634863675
-0.07662780574098385,0.06372982775375313,0.054594595763582644
-0.05341982705567701,-0.06763130947260854,-0.01100382759003932
0.05588494846859916,-0.02593442830675664,-0.00039798193520567196
-0.006110802131321395,-0.006755461210703203,0.07547963898599688
0.012182075486178012,0.03646351114769466,0.047086623646035025
-0.03637646836523556,0.029603565040468315,-0.06892955894644413
-0.019548563958839495,-0.0244355275204647,0.0005672487997879381
0.05397253369454638,0.027507996586103856,0.09723931843766324
0.02541212819291076,0.024663437169299796,-0.09031011890984468
0.05224312099256015,0.03317539885513925,-0.07353337111152264
0.017592917607037562,-0.014693333013913058,0.09972350138495571
-0.005249312979529692,-0.027261774054713705,0.017254617932447387
-0.018661192968718782,-0.011243851325068525,0.002939014999106187
-0.08072355473080584,-0.02530304648956608,0.06398033544568918
0.1330608655044211,0.03765573040370387,-0.06627831210689523
-0.004085503045640693,-0.053340456825983006,-0.02096427594333556
-0.10479311907203674,0.05190748516420699,0.0012182035360156919
-0.004719260265278633,0.012216745583798972,0.058548418931416046
0.10417816264866002,0.03531646205646686,0.04508609610049317
-0.0011255758389433022,0.06343293797590782,-0.06260918478864975
0.02385792430020224,-0.0007422778191953265,-0.014538783258155608
-0.0559847908241092,-0.10940151732761205,0.026768534265265966
0.033490866526033086,-0.023555794134166932,-0.1089815966712411
-0.01388730778826052,-0.057478979716997836,-0.005402493520825263
0.053564880241183714,-0.02699815040238001,0.06241877699792327
0.025017246157360225,0.01889104982901081,0.0018587839898986979
-0.0042980511469581425,0.04390545080699482,0.0217633707150837
-0.01747001144082122,0.038276057737217324,-0.014912066638775482
0.10092637444630581,0.09554676247840278,0.00987844951534368
-0.016192626110674,0.038427025501523965,-0.029980923898399445
0.04516940144428368,-0.03334196270339333,0.04940007654088589
-0.01274482004612551,0.003442342709420655,0.01041613216139599
-0.01562877136319981,0.03869901631840148,-0.03463495535155288
0.056145147975373635,0.08388346462827483,-0.001810181890962141
-0.008515571484691361,-0.0010757434821382725,0.012212043928368735
0.054775005267069785,-0.04259911952577665,-0.09659264088532156
0.02335168534964465,0.05368751612703586,-0.05981266222696156
-0.00710761438032381,0.04471143800031939,0.003798865052884942
0.11834487985835405,0.04997333346005138,0.03398836757998625
0.023896220779537083,-0.04435804892009489,0.03985406995111532
-0.050166311409213786,0.07175744492615536,-0.0013263432018874397
-0.028970430872285305,0.07028406720532462,-0.05704414081240347
0.052683280938528504,0.021894000930035448,0.08256018688303797
0.035373448287266636,-0.0818285963452709,-0.07279816871867723
0.02013550749616012,0.0025479711210100843,-0.012976345576803924
0.13445090913007637,0.08136673872420176,-0.05678907739848492
-0.040826818459973574,0.05419344669228915,0.02038190426338928
-0.04617860091180598,0.003415031412808289,-0.011377415248785225
0.009503149586982305,0.05070013098015465,0.020243221643050056
-0.010635280031837542,-0.0641137799175247,0.019782296966390917
0.034840041902911935,0.04722935327717616,0.029522508219935066
0.09622301927924855,-0.012984868632086696,-0.013460009135988583
-0.05811449946079218,0.009465882996098511,-0.05481953976039469
-0.011887023986162917,0.0202623960695108,0.05073574192803646
-0.04128344039317092,0.0905226939966967,0.08190701553264432
-0.003495349338151047,-0.011322343202414424,-0.006274772336050546
-0.06354140301645696,0.004396180261256552,-0.026181147362886042
-0.002631163138069983,-0.04462284698139912,-0.06048332551984692
-0.0058186624302203616,-0.01761067302926289,-0.020741874699995118
0.008798355650085923,-0.05028345503091927,0.030773049183616494
0.025249959651093896,-0.03884466934600721,0.04692769549465286
-0.009708057237752046,0.014872206840019782,-0.015573830066148067
0.042510670102015854,0.044299475527223416,-0.060264452171546974
0.028096259462062297,0.05976669181786698,0.013493637689361827
0.009670685306608551,0.048582050017851944,-0.04035666206790946
-0.0370400167277652,-0.05318260136321673,0.029875235949088023
0.02657381653205155,-0.012676729507629525,-0.0634755324355404
0.06831768409325686,-0.069025385925126,0.005385065852323496
0.003313287567651058,0.053752910969212725,0.03233816721572357
0.030365532778127008,-0.016647653679412476,0.1114587102729692
-0.10969325528111641,0.03012407922182241,-0.08043661797389849
0.03568966929577632,0.05148152341681143,-0.005025607857976573
-0.10153339822142769,-0.04413254419024665,0.0759305546060524
0.008297451023908225,0.0022307107348457436,-0.01702975495456923
-0.03194825803603238,-0.006397960805963932,-0.024461912856506864
0.007908459958765013,-0.04111522472213115,0.055923296679210865
-0.0024069817893052,0.02860713743212367,0.1012037393167698
-0.0016084581984160441,-0.0471446778308105,-0.06799864660116048
0.012515431961939267,0.017754791882070197,0.07928515675573733
0.018642992628682777,0.07135075101794136,-0.04637048325919092
-0.024877132639216086,0.06841364047651977,0.1117218901898279
-0.05185186250882037,0.04753672057642093,0.022678660501212925
0.06399857619958205,0.004108311026786856,-0.009047762412291594
-0.0012595810687774968,0.04014762286545545,0.06361794735962978
-0.04446040046873016,-0.07076350832109984,0.03771293622546439
0.049175214497261505,0.1590066590529222,-0.0578146230090396
-0.000746515165386593,0.013991134778206061,-0.02451518290382396
-0.048235054132651146,-0.05396002132153716,-0.0072088018291586245
0.029467580752429848,-0.036514301688669204,0.015961554437012616
0.04227102013329984,0.03281634772248858,-0.020954130805001844
-0.056930729532744834,-0.001948330470496227,0.026530181504124763
-0.007828140390634567,-0.032982953669072605,0.011282578868755562
0.027604452157167766,0.0192889848516466,0.04127059102925787
0.049287228660725546,0.031437168056586626,-0.045204836477833625
0.04819878471908337,0.10262597544966298,-0.035496201828930055
0.010519413579998745,-0.08000511962519813,0.014937167979572105
0.011979877683095918,0.052343705657107956,0.03793154435191666
0.04272314845159354,0.07878372593523011,0.024523741883395588
0.08031054620874781,0.10274079214367546,0.15538954126457122
0.07062615640906422,0.1391590068645667,0.024515567294551496
-0.015620612867741496,-0.03638073183531744,0.0530595378577985
0.008140820698008196,0.05560674472714908,-0.09121200183268978
0.061796277598920375,0.05736318239537258,0.023206974851968407
-0.044123508815593376,0.09065349414705016,-0.032136302246161985
0.0081239867657548,-0.034993197637358225,-0.03887509889280633
-0.0019081806382212421,0.046928461959353816,0.07199630480461755
0.05393157992489107,-0.03042066690365746,0.01308549053968484
-0.0022058778079341416,-0.02758864541134934,0.04008905273472149
0.05268685263091343,0.0010269476165005176,0.040883194314552354
0.029834676271395306,-0.001250919225824456,-0.0054094022163504
-0.0474191858100829,-0.12206069289183194,0.05116472923055845
-0.030514092279994916,-0.031476998705933075,0.09575288652484121
0.0636807734696138,0.002814733061459001,0.034546301252505913
0.00901239937223812,0.019230083641058465,-0.02290746615644202
0.03280572346110984,-0.028173290703648757,0.09674489608214674
0.035096973549037354,0.06083590086725297,0.12203708415191922
-0.027463038923542016,0.01430634789640749,-0.06644306880873556
0.0189827230550145,0.03544263144193803,0.044067104220131686
0.0292961021347741,0.03219645058257341,0.002774625429330324
-0.028194594783886643,0.0013302652305684781,0.06063609674700646
0.02900896210537232,-0.012296943374830501,0.0367657425814451
0.09561109789439529,0.034168099195508575,0.0003592771271502815
-0.019712469937457504,-0.06766152475750636,0.0026254848155810757
-0.033241959832845065,0.044013451988619307,0.019240746426413175
-0.005465976738057363,0.11642160820195088,0.0749783971002892
-0.10152697348569961,0.03681302881668648,-0.003455192063715043
0.08417073874789589,0.04164797245407161,0.03532990349268112
-0.07828102575301885,-0.04061983447474678,-0.052368970041743707
-0.044137306169743894,-0.08953319591110714,0.04162936185173042
0.0024182680639849713,-0.006051175879225643,0.029579662596878702
0.02603140507059244,0.12378427161283262,0.011603394982589936
0.043168705787715374,4.993260895231125e-05,0.09392214555218938
0.06447291874084601,-0.025501778998758877,0.04945534790703726
-0.07124077923304545,0.05941054321662484,0.08662643552878262
0.011464755298646701,0.028105422759434878,0.027014820868196225
0.08225046019128301,-0.01897731678455609,-0.008178272491229373
0.08551281125473717,-0.05583711294369368,0.022359800150206218
0.030515171738328576,0.05078243719607389,-0.009635889121759542
0.04268817267114265,0.023596388203560633,-0.055070479387179516
0.009562959604961905,-0.015374010860859516,0.008347857541588328
-0.051053503360888146,0.062289123230998396,0.008041712628700744
-0.015060236904185485,0.059693908318519354,-0.021308706559126447
0.06280714905275263,0.03950768949506181,0.04958743798184442
0.07053254291050666,-0.06607693450609374,0.002510476590543185
0.09561077808278695,0.022112061804097232,0.04345749261923906
0.006803641553464253,-0.025002512121251826,0.05293100746657565
0.07635240066823631,0.08114759611698805,-0.004436192709117222
-0.04693933384969619,0.010268764312205705,-0.0598229039532453
-0.04295848411863466,0.0571162356609798,0.05389183356204093
-0.009112386541868463,-0.027450877091249944,0.019867310852113875
0.0663351531322441,-0.041919721020174786,0.09188491984966557
0.08604186015644781,0.10303119415879719,0.012924896029259267
0.0320720422449686,0.09684683386788354,-0.03617013489537023
0.0505680115307846,-0.027422522401178415,-0.04115400857331331
0.03654772375801486,0.0451882438082499,0.04190200211203779
0.09285654084082214,0.04718212281039447,0.03047544028003726
0.04169752206036195,0.11476210892430119,-0.026842379518453058
0.026617906776381067,0.006321411114470033,0.052814804949685795
0.0018100704764668265,-0.019980151743391093,0.030685571010610563
0.10511871821604052,0.025120700865969767,0.003291752312627412
0.044801402847184764,0.02082335947532467,0.12761307691814278
-0.00426969836812042,0.021196060058929607,-0.10581420641376103
0.0004296903636296489,-0.05314722928227566,-0.006240591360534379
-0.01879166966041686,0.02781764331578688,-0.0006174875725885216
0.05794639854278935,0.0019712151717234654,-0.05298171995047513
0.020747991316634344,0.04422111588634772,-0.005164969561841752
0.13421969597746256,0.004695569907925854,0.09047229788268535
-0.03342901014342087,-0.022057963624790337,-0.029034443089881803
0.12654511234718208,-0.047796157869085115,0.04517256895224094
-0.023237517405968827,-0.06956218885637441,0.024502440188376454
-0.04779289198416368,-0.05653257444523377,-0.07669148240346553
0.0042701736848398215,-0.004680633201718994,0.1331202147150798
0.061874176731176414,0.03250049475159892,0.0012804292950836065
0.09739395051207497,0.04009324666624954,-0.014760376758327101
0.02342075201666917,0.02899347222082071,-0.048197853511764525
0.10076261470779573,0.029442182534954175,0.03698009777136202
0.041091966416464065,0.02336334595076115,-0.0054615612013459505
-0.10521891933880861,-0.023451583772625025,0.06448043682751313
0.07751573463555714,-0.11635467324480153,0.0060476212428313275
0.024767795273520805,0.07733532120829772,-0.026926831359797017
0.00813609129984098,0.07496700411339419,0.058096681352932646
0.05913772564632801,0.049460096664590156,-0.001937732138529791
-0.10381594101037606,0.06814613105028071,-0.06905702524379906
-0.008207425902607944,0.028408166201393546,0.039526781899293165
0.06644495771207082,0.02259873702964381,0.05814491422541203
-0.010019735882022505,0.04217709365514513,0.027693310409262203
-0.015009197236291029,-0.07951702371049772,0.039369425819188016
0.0810267399797287,-0.0461372929699488,0.04176723717960876
-0.057426142846909854,0.03789695124462897,-0.029493987384954207
0.07832537777100268,-0.007879976376465855,-0.010811806029423783
0.014592585151402555,-0.05648769146550767,-0.015985388295268174
0.0057817643865867695,0.0912885268719118,0.030220320291081758
0.026311475351413822,-0.026049322051252717,0.06994530852081068
0.048173223468021054,0.010370965075185212,0.058237194008865734
-0.051840206428365454,0.04897319130540071,0.03238733172771417
0.04526102372011281,-0.02643408632207108,-0.03885309997921799
-0.07394744021315197,0.024453848802150704,-0.013762425586642014
-0.07765708543699806,-0.030730219629181814,-0.06007379520527384
-0.0019346467407382528,0.017532609148373672,0.04460380514612891
0.0829917772951547,0.019910043541928806,-0.0630603256437557
-0.032145640607682525,-0.1276493989975911,0.04550831607075556
-0.03320699340635141,-0.05944011918006336,-0.05525062057667907
-0.03231171119860309,0.014731293626400467,0.10882663750203327
-0.006408226851170319,-0.006012429400451985,-0.021282383559215662
-0.013619488548645338,0.06638005145952611,0.02502004868231139
0.0819090985873835,-0.031005390120802813,-0.01941210492657367
0.06632787433254789,0.056074052663452036,-0.07906538811920152
0.014145134965285786,-0.009520412259346588,0.018787428981384677
-0.0034072057313686687,-0.01777631626120732,-0.03704063802871264
-0.03627453718606895,-0.014553108722262807,-0.05280796529520179
-0.0037313504713833026,0.08889342020051702,-0.08035105864556433
-0.043820761260535704,0.021288972724254104,0.06794009869141548
0.05962040171718308,0.018206308724527803,0.020682352133005025
-0.0720088049712751,-0.06384640029311417,0.03237075256142731
0.027733335046571054,0.011652392728171238,-0.009325189188970446
0.04774584560235579,0.02906104171411618,-0.07195372525311938
-0.047256944909448075,-0.02052987821812412,0.04711355395311599
0.06953832423612183,0.07653117207490222,-0.027090164322743845
0.047556142456729636,0.04882149863965333,-0.007763279184196416
0.039580077032756684,0.023072188153345656,-0.011767660747483172
0.017881884414606714,-0.011421839429595156,0.07679440774051521
-0.016389417768628588,0.0584419907100511,-0.005698302431380434
-0.05235439966536386,0.034717934902137794,0.012629786965414206
0.03067542085868457,0.008563778939629927,-0.01867424374271423
-0.032122018818661294,-0.00454922082420401,-0.0047127789494873125
0.031138970511362753,0.05430772813287767,0.027381300775083266
0.01945732618931553,0.03719425418781327,0.04602394820016863
0.017981772152675494,0.023178032151647737,0.07368393261107267
-0.061802844131583504,0.006855396669575433,0.04943708243064515
0.14435205102530185,-0.11892893512925319,-0.05415556245651494
0.03998692891776652,-0.05896640707984347,0.06679200217540335
-0.082486313829648,0.010211102092544923,-0.05171101980890523
0.028834588016965583,-0.0010191094238200561,-0.06740360557454829
-0.03846045040623515,-0.02781212935463008,-0.018377495427797055
-0.0691063819330229,0.10647325990144861,-0.005406307110921729
-0.09977316617261149,-0.018701173177920388,-0.0594358309596192
-0.05671601857449425,-0.01533886640110509,-0.03558940929281779
-0.008849123240672692,-0.016867552729962036,0.054452072712318146
0.03988425769098371,-0.043301880258387555,-0.01581075249021951
-0.038190733168229365,-0.0036868206154102006,-0.06560499077776287
0.002034470568092254,0.04360583765789121,-0.05069644124431802
-0.04619854292151042,-0.09260925403829315,-0.04101071144340239
-0.01312279262792168,-0.07359106551958682,-0.031236609794706285
-0.0747860069655705,-0.031332883108761686,-0.06213673439097829
-0.09130953448008326,-0.024403769402863214,0.005561012440698985
-0.03308964835698016,-0.018723003711326312,-0.027788061197058747
0.06612719180253046,0.01790317828516718,0.022398058570014583
0.057021353805982354,-0.045590020757354646,0.01506324278974577
-0.018008070759402073,-0.13317402410155088,-0.03995450572704319
-0.027152219845248758,-0.0820074173236626,-0.029856310640843563
0.03256475980979535,-0.01428998787427354,-0.03435057763543718
0.06365618474105651,0.01989558099148695,-0.058157454478652136
-0.02813956577340239,-0.08711332658854466,0.05411982529899599
-0.13536020635444376,-0.07232321827318787,0.013106453116310408
0.04438064918352813,-0.10999305920873056,-0.03345194648101127
0.016154218677826654,-0.001926518871247689,-0.08467880172121181
-0.06651502786764243,-0.04556375907538466,-0.04881795105080551
-0.034920188045057934,-0.1178474850891872,0.017114216358015705
-0.00716845502791604,-0.013665271595046014,0.03141604571697486
-0.13723111625011353,0.04105386243382307,-0.10110725382708487
-0.06929402877238673,0.030887479774272406,0.04595481269507002
0.03667819401930991,-0.07160587340504304,-0.03722204477338449
-0.0016820243920281641,-0.06913212285127188,-0.05030246984617478
0.14548306867178495,0.011383055895872017,-0.05220392608517833
-0.1009113221486184,-0.013738563071756686,0.07121504539313388
-0.0425488423663976,-0.011199055654546725,0.0790292843781773
0.11449105439415978,0.029689394814301495,0.05777357066222286
-0.012250899736834079,-0.03016969639983651,0.06266016264701796
0.022382195131863597,-0.03573092408533074,0.016834895060732886
0.013400446886665838,-0.01560311371057155,0.01506656091957281
-0.027858904313440583,0.02730966945953824,-0.059385391240298804
-0.025574757814156357,-0.01428334084749163,0.05015546088229379
0.020439846113539013,-0.05910019278755747,-0.05352347882132931
-0.028889864232915202,-0.008947842752636997,-0.03237273381389674
0.00188830446416147,-0.007270890826788286,-0.02880098699427077
-0.02392217625474693,-0.00418278817311242,-0.034015407621828087
0.052968160016158436,-0.08836982062100573,-0.0071346137446018105
-0.02982459020185686,0.02984012541974033,-0.05039446748029869
0.03397591081043976,-0.0045548667115661145,0.005421409193148364
-0.024655711512999418,-0.018486843455876888,0.015685132295182095
-0.01222956460024175,-0.05090738897275421,-0.033378575261134164
-0.024895691337961826,-0.03954697398662489,-0.017695946498600904
0.04773415604344701,-0.03430569821951661,-0.0623151587257768
-0.07372923357036795,0.04695200280078246,0.0299388975114941
0.0035846588224733127,0.0958422173970196,-0.014739590218945905
-0.03226583247515991,-0.043107953778704994,-0.0646146241384145
-0.10011965094295537,-0.01608213301671449,0.01420423078984728
0.05473426362468462,0.025939651377213414,-0.04472097726481897
-0.07454958211328612,-0.008127512834015554,0.008157538009124065
-0.026121846862413686,-0.01832751502733146,-0.05690005405566537
-0.028267877948604844,0.021786318560959122,-0.017817877204898025
-0.09152546586299146,0.036687653449470024,0.050795778094291096
-0.03218439285552975,-0.003946704276369447,0.10444082726175719
-0.022352409824882027,0.002804435438877366,-0.06889200184463852
0.08948096574971565,-0.08023577475721749,-0.06763930442051672
-0.01972647359353586,-0.068301874861925,-0.0756406110978696
0.01301163969024069,-0.021254918163442642,-0.09240466446564854
-0.008961751880684975,-0.10221418341638845,-0.0867876179392422
-0.0505696542074896,-0.03824252169056462,0.024316006491816474
0.029561326685046307,0.021082872976516173,-0.04396753706268951
0.03762562321177313,0.00324632610175829,0.008026590196303869
-0.024689605008932285,-0.044192980638094306,-0.0007250742142407805
-0.022690435948734433,0.01668333548595264,0.05638462683223405
-0.09011537535713271,-0.09077789459450702,-0.1913710328765409
-0.025795871777395882,-0.046603972949787034,-0.08413834447979132
-0.021183420720372898,-0.043332196588516565,-0.03441711421688559
-0.010374188599937982,0.01984313390027699,0.014414018910347992
-0.06007906175156206,-0.0986245633831734,-0.032450135148588126
0.00028101428301057635,-0.031054989848843605,-0.05998454041191062
-0.0653715012531334,-0.0466454243728764,-0.0664860449885695
-0.10484305849368453,-0.06485683637964972,-0.0025846066497309493
-0.06132719719980114,0.0063100583599362305,0.058927444398879626
0.02667143223176229,-0.06659276596240225,0.0006396837027610493
-0.10015854153189055,-0.10803150229514565,-0.05373339972440293
-0.00972910432983794,-0.007060010821393094,-0.0064974427561602845
-0.025971290655554806,-0.07868721724750871,0.001672192692124829
-0.03716603291221195,-0.09804086087232514,-0.025717091425340906
0.012007879778160022,-0.021149491403622232,0.0555111980187119
-0.0778790190160494,0.037682490213946276,0.03155989026206518
-0.08571977906299354,-0.012746442815950266,-0.04583110944418786
-0.07661999575912835,0.0012346643664776745,-0.042069874183977285
-0.14418848228703557,-0.08173657435929205,-0.04223823137108017
-0.058858873270449995,0.021583716894379823,-0.10036091895234733
-0.021688861135316255,0.025941307023969937,0.027101172051791644
-0.03953757202961389,0.01850983334701075,-0.02222827035477761
-0.02263296055937416,-0.0853755405239262,-0.10512201026101013
-0.006591712342024873,0.041016091607336436,0.011415044486953713
-0.011926668383586534,-0.028914763252174465,-0.031307665117324995
-0.07638837102124774,-0.0065422506948517815,-0.06965595536065074
0.013705068785994146,0.027427652652950912,0.02116207638714932
-0.02529370886940405,0.08023864376767932,-0.102550439185578
-0.08118809030098068,-0.0509029856230893,-0.038707072147590206
-0.06413869399465927,0.038613864369590446,-0.05729205066726951
0.01002402067325792,-0.062111809235607544,-0.02893413371335131
-0.029871398132144927,-0.028969724000934845,0.02224729974071677
0.007076973255034549,0.03112908210612763,0.014987373112424707
-0.05372377613048443,-0.10172587894130164,-0.03550986939315666
-0.001027869715016335,-0.03527247992216914,-0.019991163071258537
-0.056981155866247996,-0.07273634396718859,0.03410027624301194
0.050313441555502963,-0.015818041077825973,-0.013731844918652421
-0.08376832282560218,-0.11240709694153331,-0.017349679397319507
-0.01774112097764797,-0.09160236671205382,0.003774522381720276
-0.01297798523579891,-0.06075719231420929,-0.046570569598479404
0.0500774444143128,0.011558712784733326,0.006780345652905011
0.07482898957018572,-0.025783831843836133,-0.04398529626969011
-0.05985036495468003,0.04454445371402849,-0.010647079104380727
-0.005488888494861089,0.010444774516881528,0.02519016904463442
-0.024126345084943324,0.0218327934942506,-0.019356791925972235
-0.007141880148121048,-0.07495531318555701,-0.05678485829897112
-0.022732314471015654,0.00294285546210386,0.029438694109051245
-0.08636825263158208,-0.056704325907817266,0.022403447957972705
-0.07812497139228106,-0.01803038971500243,-0.024840847406563858
0.05913833912414178,0.0010721572919435915,0.017000749951469444
0.004955531815191729,-0.05870556130843538,-0.0496839845801761
0.009797118881018758,-0.02941251003374156,0.006811385915089747
0.021678731748652806,-0.012711079187940389,-0.05126758877589562
-0.0023617017469108065,-0.019501569305566582,0.013648514555140578
0.04985582616773247,-0.043762126990219044,-0.011303050409280375
-0.0009281600353743986,-0.005321871273447541,0.00662815094631799
-0.020195977558246564,-0.05856870668703339,0.06875075403616038
-0.09006595262669216,-0.025759816194065102,-0.0023699243403022593
0.03283472659086674,0.017074554434671214,0.012239476926981923
-0.0037060575045497045,-0.06442552375415762,-0.031153162905343375
-0.01248554467335627,-0.06023326345183713,-0.03168598884310758
-0.012465262167874538,0.00793938925078286,0.02041445570883648
-0.0035594400542078384,-0.0077531815523504905,-0.04661576957140321
-0.004913226927713142,-0.015192269928203697,-0.049779175526670126
-0.042592427428275105,-0.05250347696139844,0.04009625367192189
0.146770544077528,0.07679986278862182,0.01532276423643138
-0.07994314719953083,-0.0037491012105952837,-0.019834491769485978
-0.041471057797349595,-0.08619483293713395,0.01079840214555629
-0.011428851897922702,0.00873997802690609,0.08481910738760651
0.00658671824255698,-0.0034891904744126425,0.007573810713254782
-0.15022742326320243,-0.05607849076136797,-0.03528268503590158
0.018749234961717327,0.006776047566013908,-0.04646244740590998
-0.08749843220453457,-0.0073026358347331845,-0.08083557217688506
-0.14062447431785338,-0.06910142928353889,-0.10838670666319711
-0.0007338980381246894,-0.0004116372403998123,-0.014379900936449511
0.07466470990349673,0.08557765068053404,0.040093052207934465
-0.10961420879293483,-0.033502542973343846,-0.06741858511623267
-0.01346658009483048,-0.015860902251961947,0.08186864553261436
0.062230302279095574,-0.013907984571870044,-0.041229088585685456
0.039200313116818264,0.00681081232365084,-0.034770148966958625
0.019288496603342958,-0.04651953134954653,-0.04528483018396819
-0.07946149294796807,0.041004418098777154,-0.038660356630320004
-0.009728467445957312,-0.011538580020507668,-0.0413684353651923
-0.0634010200075766,0.03186865176113766,-0.04350141058086817
-0.01876754730917097,-0.04074658324843759,0.020868952136296724
-0.06497684993222314,-0.023972515381799803,-0.05613183526038069
0.04439458126465043,-0.0875343839433918,0.033274124027994435
-0.010535004697204715,-0.10062383150976092,-0.03665190288419337
0.1269794248309057,0.10163886578576808,-0.013051102791791697
0.013011888890187444,-0.032540989167691464,0.08750360849625768
-0.07727319523557061,-0.05449393575928845,0.09264295270999348
0.01360939091304804,0.04915862195312084,0.07493655600314124
0.011714154477181996,0.019427045071702353,0.03005378458873993
0.027022130704927642,-0.06181178731897815,-0.009831194834633086
-0.05819397974130602,0.05060174168114433,-0.07472414487837363
0.04976456844447027,0.046689250680104266,-0.0005024963480272258
-0.010379913694725537,0.11929772471097239,0.1032611629959088
-0.03678377472117712,0.09317228339882967,-0.0505036735836242
0.0996881297832042,-0.015428437237166383,-0.04520463177039561
0.03233800177880014,-0.013845091562378654,0.03189584912805277
0.047883952313702446,0.032106164772744264,0.000610608362918437
0.0373781526176697,0.027388150448960633,-0.1399543224099361
-0.008219271755944283,-0.02639849367789254,0.0038252653497939854
0.0410377220989191,-0.04689260638131267,0.01565846520979628
0.04311734675337625,0.03988509693833886,-0.0370497394589724
-0.0352722768290005,-0.03918109716411688,-0.07858041281663045
-0.016122586894190445,-0.04094402552288279,-0.009651028676190061
0.05120899597040246,0.0644651325974717,-0.0012053787768045525
0.07069593861048377,0.013720213768814419,0.13258156869872645
0.055580058239014456,0.05643213814447849,-0.0057885647100772335
0.1224951106338068,0.0639137951065068,-0.031215916928745095
0.10394091215912492,0.06516380526827331,-0.05637452774150218
-0.003990303054175822,0.02140045124635099,0.05024843307497873
-0.037729336353997035,-0.03833129833505569,0.07370531308389613
-0.04572344608084562,-0.02418203951224538,-0.06976219783123644
-0.07134272448039898,0.003959227453629359,0.017903475275267155
0.04255959647601348,0.025092302584078872,0.08467444385040486
-0.05956032534895752,0.06010857631706876,0.03511373206882532
-0.05439124554285994,0.03634855962503784,-0.07472829154166317
-0.08453446379503712,0.007356010756118538,-0.012027117372769087
0.038420636602912964,0.029018909299367544,0.014368677711867114
0.04401070589128596,0.0381640220416656,-0.02128793351877185
0.06553312003727463,0.02415931123378867,-0.04528967558307577
-0.007417263270376515,0.022626278272604168,0.029123391217034562
0.004518387379981011,-0.08793627426722603,-0.023094168158270388
-0.03891738763378844,-0.0366390123812417,0.022147903030506535
-0.03461374522269084,-0.010969831818090681,0.07206373735187155
-0.007253133780006558,0.013043183958425558,-0.0788520817208896
0.05630654698838561,0.014312545781961762,0.06567367432742476
0.04002672288968028,0.05568384453876355,0.06355037363453218
0.020676684972539428,0.006280213199293734,-0.010149832430164773
-0.06651313444823888,-0.08261450303506548,0.02308555117596267
-0.07566937852402766,0.01815463315885091,0.00976957479658149
0.0836826756922387,-0.0997507685826002,0.062423926796982776
-0.1060787296359632,0.050372816612016785,0.10165778126322354
-0.00595269516536023,0.034020722711916196,-0.004468789280280142
0.04309550997337018,-0.013213183809571491,-0.049707750071311126
0.03706807197619176,-0.01125810372573319,-0.02279874567144063
0.00922976225775198,0.007738271776302185,-0.005058750755746003
0.05046724064592661,-0.026793837478560713,0.013273374226001803
-0.06408354876357186,-0.09382879890044407,0.021885082676333135
-0.01833811097497693,-0.031644919700589934,-0.04351068526297354
-0.012009898498202486,-0.019739885126312147,-0.0046545832692774704
0.03627939354310189,-0.08037545179797302,-0.028467040999440595
-0.006921485208133521,0.03590685931763739,0.025343462383864455
-0.0807667629955412,0.04349921338877866,-0.026908606842040078
-0.0041995188908065684,0.08026890598317447,0.01281474846475409
0.13501135762985822,0.09545677275025809,0.005057555283558329
0.010228627328041102,0.03895210710762423,0.04718803887309517
0.015413920789356671,-0.01603639937046191,0.0206894274718774
0.02767210006811277,0.09229251555655923,0.006262237577821487
-0.10003821978956934,-0.03680286753565625,-0.017574685746418253
0.010324735108535791,0.06620558375855555,0.033112130370153245
0.0072386179478311306,-0.06771503659714925,0.036838601713547664
-0.024838101977164493,0.02439836099896027,0.044246438435728425
-0.024324074876770546,-0.06694223068901398,0.023265494139779873
0.029418861369862184,0.010428150041469653,-0.04388670336420459
-0.03940088252233772,-0.01214125546564159,-0.022807186128882703
0.004436625339951079,-0.008980730895189058,0.03368677679700546
-0.06581101935192132,0.01831167946515669,-0.00854744677280133
0.10845286886618183,-0.03993232054642763,0.0010221183649908854
0.06426880066871311,0.06002896314226626,0.09941558274501427
0.001865724614863366,-0.045684287394409204,0.09989377012252675
0.025217884487631227,-0.025369893400741615,0.07617582295115455
0.018579603321764948,-0.05201018316869555,0.06217530184355129
0.040089536479188045,0.005996474687651137,0.024979281494803187
0.10827852145818154,-0.053255368780469464,0.05908927915678071
-0.0516636525824153,0.03613074718730397,0.03117508639717748
-0.006141866273181352,0.01568688328456071,0.02757252529495161
0.010593376554520365,0.015174903627058665,0.05060406685238257
-0.004060848717922158,0.0019076067402803206,0.07434414923839605
0.06941145966938972,0.0310303905424741,0.12008518918325309
0.07487202765131215,0.07520015917527133,0.028376085866616295
-0.029233265268845614,-0.02354121785073862,-0.03423993666588384
0.004989112295340969,0.01741362775778395,0.04213404026421535
0.06481981571525473,0.05365462332700641,-0.0594913865803719
-0.023474755757454526,0.05616311335855158,0.09128971323256072
0.004438233588073617,-0.0389698677990655,-0.05426333692922597
0.03683730803615386,0.024835144629166805,0.17843457625362893
0.009179556289568047,0.007128104980668888,0.09523923900984069
0.01996716118372394,0.022862123181652563,-0.062460404430412814
-0.01176578533569772,-0.007208865116215893,0.048055006241631976
-0.054325748947720486,-0.020156679221453394,-0.0027879413882858223
0.009356706317614821,-0.03487230950987778,0.0001524393119557467
0.07954932334751949,-0.04739354096355009,0.006109627593282424
0.09314898526610103,0.050147618379196825,0.028863500694258762
0.1552085981111797,-0.041494906836555726,0.03765744779797585
0.024953540914716008,-0.06286407599932028,0.10944234062567931
0.07636464150996741,0.06615449704042306,0.018283104513042304
0.10982036362365806,0.10195648854502795,0.07730688436274816
-0.006279688596128825,-0.04882556497444704,0.05867650579684736
0.0240403181360865,0.07034704564820887,-0.06357539727518595
0.01609191218656881,0.047676855585919165,0.05620877392804083
0.021127971447163888,-0.020221034362932263,-0.058563815608989864
-0.07021845016982908,0.032417203094353655,0.02187624384362133
-0.032446731610157584,0.051394742440014324,0.004657412234075044
0.04016583921013572,0.040385333079618266,-0.020510487108195363
0.0035030350564557063,-0.055904393141783776,0.0062402231597335385
-0.01947048196730313,0.15485484310823175,0.012130040768286113
0.07536970401255394,0.04491100170220036,-0.03772186190884608
0.11698584528891257,0.02659724223459266,0.11666482377073388
0.1240896115888748,-0.05025931733932541,0.06899511507836956
0.09415931314434463,0.030256336448119925,0.020777961911207236
-0.06243065369970351,0.012245188885187303,-0.013623354604803496
0.056566486167297356,0.019907422697782343,0.032127025664273785
-0.026540006444046336,0.0849502644186819,0.04779759988869606
0.07890787700697562,0.052675159958390574,0.015039928587047875
0.03676229513106113,0.0009293209931068927,0.03601520579491034
0.04260637168320591,0.030466406334024917,0.014323532065497295
0.07769980566307032,-0.0492321050662235,0.008252724299355103
0.04015212476231769,0.06076540422465108,0.068310080666274
0.10409279832631768,-0.008813937138751088,-0.017385794620059056
0.021372838638614278,-0.02152562923214174,0.03786105636640799
0.10140434219273134,-0.028135714624675782,-0.04925230100747218
0.029463972909194048,0.022988234175260164,0.008183374613788277
0.08872263507775677,0.06028332507526851,0.023022600330041488
-0.017160726761984796,0.11467744106644628,0.032694194439542267
0.005021687334119269,0.026300583734066865,-0.0644307040539389
0.043441225337842615,-0.07251209669080132,0.009749959973172885
0.002385746211874932,0.0344737143234016,0.052283959071121155
-0.04326962480761623,0.025221984955725245,-0.00717167507529301
0.053813005926888736,0.016291941521252597,0.06173349647876222
0.021270754928888833,0.0474207031204872,0.01710516759258779
0.054340327184322565,-0.02793592276552005,-0.019666704055292115
-0.04140404314444078,-0.03190439798123758,0.08127015318229039
0.04029096749119517,0.022659443289075275,-0.03068596000510232
0.02216226888068769,0.04303786465462524,-0.03240331628670137
-0.034310934591246296,0.023204414632491933,0.002162152223331909
0.06844021306171784,0.013376078675404881,-0.04898006790382607
-0.026688203809759635,0.05605971503516097,0.08012268292510866
0.03517359196308739,-0.0549348385825527,-0.006144274170081621
-0.016188634915569444,-0.006124006812960259,-0.047182703902126616
0.003889721198278774,-0.012055447615086149,0.01927842541284761
-0.044271173570387644,0.02924132983666862,0.12379173878644995
0.05260947909667773,-0.004500346823241002,0.01607798270239936
0.06598498194125074,0.03431433144503574,0.059424272944061496
-0.01119176870214078,-0.08853224911101193,-0.01054932856050968
0.09084674817550878,0.0010667046897636645,0.07345934388447678
0.08561339039396694,-0.00115809088857282,-0.015688937136218262
-0.06005688532894998,0.08833238292583503,0.05172119291908739
0.06318184926804116,0.0030148030599989103,0.008102665583656871
-0.02646061214628486,-0.027525976439429806,0.06374833623987936
-0.04594812883918976,0.05151281302761775,-0.029917352423028308
0.03490236084719625,-0.07483716782652743,-0.11134091076986083
0.08066996486976644,-0.1296592440010319,-0.059227994751428814
-0.018480053122620584,-0.055538835236327196,0.03430834612363373
0.013733179515800026,-0.01934794035323658,0.01440241507797389
0.07974456934504967,-0.023507207469705145,-0.008610264113117834
0.031055579395885012,-0.012697947672375958,-0.016186906040040545
-0.04328028595227669,-0.03622010823387546,-0.016404432502650765
-0.021059152074785332,0.060662155990408556,0.0590061607258002
-0.029836625195143022,-0.03494135160418055,0.05527642149526303
-0.00466376903503417,-0.021800332595205647,0.0009069898894062765
0.015575764514555553,-0.04490153282108632,0.04501443890548418
-0.03975635131774706,-0.004903851918112758,0.012420068675321748
0.037027232912114225,0.010464337930650523,0.14028075694924297
-0.04509025986756203,0.018663168903950117,0.03730337517803137
-0.006241898565519469,0.023200125354373727,0.031909512694437835
0.08857118050403037,0.10097090969938154,0.02160365176833446
0.024871088358256816,0.003784260299781855,0.044079883900903026
0.09488026949403315,0.04714361184484987,0.014990937021045286
0.0807414614633494,0.044620583417690825,-0.027962098301816823
0.017476412411576634,0.031557410698111965,0.06512020592895428
0.08520028632926582,0.12870695130112333,0.03413412811885906
0.023439579259037398,-0.045081716352925426,0.01802525863304501
0.027718121760788958,-0.10543882051153579,-0.00830491981780195
0.09422473081950156,-0.016497260820707058,-0.02481742164822197
0.054764599554848976,-0.026296795966763223,0.013985386648210314
0.07086931141142098,0.020177291423828944,0.018303534378296293
0.0629708431577561,0.01362528148802394,0.08587277719822686
0.0975890601879649,-0.0533614378360101,-0.01511188075667744
-0.06098264838566201,-0.010514525031954108,0.028606691527047527
0.033741127038101705,0.00972368089337811,0.0012268669507969707
0.02880247140177453,0.04309758816087223,0.030169694115143923
0.02708332528751588,0.041211889458476834,0.03478100692645175
0.12166452246255917,0.04762335267422852,0.04993591652066999
0.0569040836823275,0.08536591302921735,-0.028091125929694538
-0.0027728501790599755,-0.012135917022853025,0.028537296200557664
0.043260474493828666,-0.03796143522915168,-0.014564341428942463
-0.02265262462724521,0.002614623718368286,0.021013735821123786
0.061950738859423794,-0.027021165863840214,0.08323330391615041
0.06177544292731432,-0.01608685031933596,0.021523258147104443
0.05132484880369196,0.007810270528969495,0.015580849270101194
0.05070070800114028,0.0029461561623887796,-0.01193812755350917
0.012112344187608079,0.036948286366611564,-0.015129042148474376
0.027076583838985428,-0.07970632469017118,0.0036299111338985056
-0.038421195597774925,-0.02463552889193052,0.02319645066703392
0.026681083245401298,-0.01096258964276516,0.02521358705721865
-0.022022269998633406,-0.013868393692814576,-0.051661998589721245
0.007956482495411789,0.048679101930069364,0.049428478438641135
-0.022807127267587803,-0.0650921387573732,0.034629438140023505
-0.05311249786312325,0.023814532697563683,0.04823366407703741
-0.056855135301736706,0.017111273172404677,0.053172073069510065
0.03266316930471496,0.029716211656954112,-0.02153072933426186
0.011182918073599715,0.016716512547781778,-0.09651060819247502
-0.12375583524082287,-0.03586965696081359,-0.011049899542136705
0.01789246358719679,-0.023761486037151166,0.03713414621746791
-0.07163809759428336,0.010490920450084089,0.055939753581920416
-0.030312744382022264,-0.03381316724831503,0.014521448112168454
0.012431633861892503,-0.07005541315437121,0.06390483092641822
-0.009225305486819626,-0.021788908467491874,0.018450999284791054
-0.017769271895796086,0.01449801292338794,0.021286256527038402
-0.0006832491935989025,-0.022317796948614205,-0.027903598904818826
-0.030401667250548485,-0.02652578653408756,0.04146487854508072
-0.044712718802957276,-0.008894460564100506,-0.0703296272635417
-0.0075493956595980944,0.04112161111272362,0.012154610705972239
-0.06629191701088347,0.03890299937846198,-0.025607887975027426
-0.09550193288332923,0.015337388744386643,-0.007666536635353769
0.09282412460992166,-0.05203350135923579,-0.008078039222042872
0.09982599658637303,0.018793240046547283,-0.06170875699780004
0.0575264138133254,-0.0007993974566447865,-0.002060385725549167
-0.07886052714135786,0.054080917505266855,0.05419035758328502
0.0682922664969155,-0.033196308118811794,-0.008102413413811418
0.01521623670776524,0.04501293551420403,-0.05948744903024681
-0.05572971680342534,0.033219689183453534,-0.016008676757607216
0.030575792755551747,-0.037062033800288594,-0.04375583859406575
0.02859814660999121,-0.009866437496533154,0.03434020165121946
-0.055300789225476474,0.02250367848877987,-0.020147121062615254
-0.0024034466345206605,0.0775639624738161,0.05578303181599295
-0.03205423673647467,0.005561844205731336,-0.06703840313651191
0.021620632042148362,0.03977791349532839,0.029468998798201217
-0.035170249063019465,-0.03257226992243566,-0.07126378034845285
-0.024979253928248263,-0.02628456054446176,0.0686963368668349
-0.017952233331671064,-0.0005556151826299973,-0.017524221977384798
-0.11198258837503305,-0.050124926879533745,0.01600393766638853
0.07401562434339751,-0.05098725648560109,-0.010735175440237204
-0.023027846843056126,-0.06386585749058325,-0.058795692174440424
-0.031178154315891438,-0.008858529947781387,-0.012900620944016911
0.0016981912651773878,-0.026416220635191733,0.06546976448882987
0.036976289704681545,0.030502021658495974,0.061540675269780326
0.029714679981834895,-0.0067213206957113586,-0.07411096037474751
-0.016393224170043956,0.10548555595310821,-0.08608325017902867
0.05703626662508812,0.01603358979134734,-0.059029242631370174
-0.006454193382320056,0.09474002696328566,0.04398316779245391
0.06994866707305757,-0.0630170994449026,-0.019088526561863182
-0.008918170434487987,0.04618119390961978,-0.04231100238597549
-0.022107760661313286,0.05349467505690689,-0.009329330725725305
0.05503241425060473,-0.09338847380092902,0.044308258653427884
-0.039335617743189874,0.07153526297265397,0.04836320404051234
-0.003035114760461968,0.004677512267976027,0.04292397678727998
-0.06273981486572008,-0.0412660787959434,0.0629940247697207
0.04311766058722686,-0.036321612835070904,0.044563361466333565
-0.015075944764010054,0.012929731461665142,-0.08702116269951765
0.01561930924799035,0.0001614940793309514,-0.03148875497903603
-0.0350280249937661,-0.029322979465347728,0.012986187919620851
-0.028441449797707297,-0.09216594400130021,-0.01471855610018194
0.023776968074750264,-0.09736393346168462,-0.009802577772661195
-0.0959845770325478,0.0025703822718098363,-0.018704641573264343
-0.0399500249234688,0.0007270413622409971,-0.06542824058478405
-0.0602917703598357,0.04517347725401223,0.0276392341444089
0.03719450321324227,-0.0865692275403128,-0.05969302585485331
0.04458170700782917,-0.005515394243638954,0.003762914981707907
0.009245778527761555,-0.05211746675168711,0.04447402389685594
0.06261202860863552,0.02304695862976065,-0.06831190128346329
0.04917855843479433,-0.04888603458725301,0.1110986947314116
-0.07797666858860511,0.012773633494735868,0.07340740890279311
-0.02015953096155717,0.13580343903916062,0.028692526332809075
-0.01596798358184561,-0.04915632435286809,0.06014590139186949
-0.09439048934367471,-0.020745910088697753,0.033078799480682805
-0.09377395366100133,0.04901351092654459,0.032770863316750456
-0.029657440916969587,-0.04409061538309626,0.04005097347343406
-0.06944233053640288,0.03451028013304367,-0.07624333721681045
-0.015151864778445786,0.03306744396235652,-0.06191015624647328
0.045654661435729944,0.027478804682931353,0.08019708735619852
-0.06205204315178425,0.03446218132116876,-0.014114527007400736
0.05946228317263272,0.047126847440303404,-0.010182680281108527
0.021937723859362226,-0.06779808106373714,-0.011962740613625258
0.02105809869652211,-0.01704026244394093,-0.006173671705557968
-0.02373988484558797,-0.05531779533224024,-0.050882151740616964
0.053350736348571,-0.0727444223444057,-0.09457009778699507
0.06868140900148925,-0.0372045971620256,-0.0361860063381281
-0.0041246089887484495,-0.0161011626147731,-0.061421180630849614
-0.02553268401961061,0.06774563543539439,0.0010545216749987783
0.009696792266787251,-0.03283916936886319,0.011369411281622284
-0.093407428545455,0.013178341590659816,-0.019921626805507138
-0.03334153924020663,-0.03586210841681933,-0.03928872733704058
0.043047178851346984,0.027220310890565536,-0.09495576855781743
0.10972589617578918,-0.024944636203835364,0.15965941076978957
0.0289782077400848,0.03259458082552841,-0.10779139207845857
-0.010169210786017416,-0.09098291469375047,-0.0010384355266267152
-0.002447162715274861,-0.009818280997544103,-0.09063546858209023
-0.01562838117330498,-0.09304589210041976,-0.0979608797256924
-0.04203743080460671,0.03502532618093035,0.047379809174351764
-0.026696304265507925,-0.0761632117541009,-0.008087289955054734
0.05468121523736842,-0.022722230002092347,-0.018385696704103588
-0.018617680467263052,-0.011261164194072979,-0.06408411428492934
0.05566008115257007,-0.07306261428280275,-0.04012266434478115
-0.03375967903089507,0.042036973847936254,-0.18572296129077118
0.04492436405118029,3.563952984843646e-05,-0.04493287834045134
-0.012762110506459493,-0.04131008121654098,0.010354192440246577
-0.07331941534703854,0.02213369591903006,-0.049809622437214554
-0.07962153864066313,0.05908031917110203,-0.04798561165369751
0.02599566758380545,0.01736436536697092,-0.0846888644507558
-0.02549014871140967,-0.04288080139517212,-0.09126011792393218
-0.006398982932353593,-0.045205206592141695,0.06542111027027323
-0.024044485199366257,-0.02568881036812548,0.027020933481787524
0.11012632024329416,-0.0010839640240052038,-0.07405293106173343
-0.08192558255752945,-0.025454289688861164,0.0029587173608782297
0.014826611266794371,-0.055965606318437305,-0.013141966196018928
0.06941307524612884,-0.08989029669449813,0.03958995186828229
-0.00917346857511186,0.006690589326288122,0.06388589963044083
0.01873014028207648,-0.03577470668376383,-0.059475409780437895
0.03646723618807886,-0.019715081244364926,0.041341282212857974
-0.07892856483355053,0.007931025541997313,-0.019407344064360465
-0.04948911156793051,-0.03114828182017368,0.005561824742261551
-0.03386245794000325,-0.05281729464430805,-0.11220331442670993
0.04453381583182106,-0.051894558820223195,0.022796254391089878
-0.03408692713707761,0.0014603923157430199,-0.012974022083149326
-0.05160947795289922,-0.00837465722022546,-0.08428105639464703
-0.09643826880436991,-0.01709099174287745,-0.06436728566416557
-0.0861565378782948,-0.012727109943260788,-0.010744728855797985
-0.1267490361235239,0.029228291795600738,-0.050529134215096076
-0.11671324813191089,0.06471968357682713,-0.10574103063958896
0.007585243392230871,0.006216242369440076,0.04019780563221201
-0.01972538254151834,0.012332455228689875,0.010201036484161843
-0.016796414053230242,-0.06982236300760547,0.011589986694848866
-0.027834777047658167,-0.03346713572333394,0.021040973278019123
0.02016420476589808,-0.013531804039161897,0.02674111328353853
-0.01829890671340294,-0.012925465532670767,-0.04214585900431918
-0.05127836539804918,-0.02196973280179741,-0.09456982409813303
-0.0469339473047745,-0.022612152167873427,-0.054531691134364915
-0.026839966437324517,-0.031081476795980785,-0.012699184083082043
-0.05876460093298065,-0.06489225903756642,-0.030422612471612497
0.01503301186013379,0.07641239083408187,-0.04270030851658599
-0.044831074414408104,-0.024146117127488848,-0.02784372193349923
-0.05578490609360981,-0.05039701313122463,0.021628163703734948
-0.006630768666842552,0.018903805844920536,-0.057728779736948455
-0.044109968733943114,-0.03110400228129411,0.0016123055795096847
-0.04192579684589004,0.040871915532815405,-0.021789178867159757
0.011721571907882661,0.07226276646102768,-0.10973287673535423
-0.019412934813856097,0.04101795751673283,-0.014318552477260701
-0.03468853920933544,-0.01450261117564677,0.048435227677937266
-0.05214293987069117,-0.018231423722433727,0.020034116499316423
-0.028806908393295846,0.00792585978862206,0.049152847360929536
0.06769056006057032,-0.04844321169460847,-0.04174571704093956
-0.01592080142334241,-0.04749324196638022,-0.08346660901390754
-0.0793480878639645,-0.001971299922996616,-0.01401394163185377
0.005172893294114297,0.007527687330371874,0.04779296169372513
-0.041683993051996465,0.03532652666758834,-0.05574940597543815
-0.08853998491648635,-0.06733514398051965,-0.09431378444518204
-0.03043367069935375,-0.1061938063529709,-0.06436527016668725
-0.06792905020234216,-0.07967875573484917,-0.0074898950455913
-0.04658415125935698,0.010946686167844819,-0.03198204723878302
-0.08005207906335068,-0.031560890923783114,0.06777944477866749
-0.04162884811299719,0.0037153763670235394,0.011479610978630424
0.02885503203140014,-0.05066235281826155,0.02919239578557505
0.007335217012342854,0.044150793979471394,-0.014538972848203869
-0.07106515444375297,-0.04305600539982496,-0.03797564292813095
0.005243378270969323,-0.015453910486867428,0.011053880044200031
0.012616813906587747,-0.09099319427186434,-0.09932902749419392
-0.0038478629083345574,-0.03306874998273848,-0.03747737608670655
-0.0717793456384359,-0.04733945714985216,-0.023202271958297754
0.016857612670322337,-0.024904759657804476,-0.010420503895991865
0.0004449029842794588,-0.04028157126828775,-0.012177133950630217
0.034407759488493755,-0.06870319395149899,0.03674702040835707
-0.0476410561546103,0.04513690385572217,0.015188133259833153
-0.02678291011209303,-0.0008815557750376183,0.08117889016212139
0.06919721810798933,-0.010468358337278355,0.013880232853744926
-0.06054543593152398,0.008655253775479082,-0.006486098092130363
-0.02255646422944246,0.01792141474747736,0.058526783856586606
0.028898294850797607,-0.09957501753425269,0.021402441508962252
-0.041714152742734587,-0.032976309643004846,-0.037934427651590406
0.004470341473038536,-0.07563281403797113,-0.04737871502876244
-0.0610395836092309,0.042406544358914784,-0.04105228644286134
-0.005168866331734807,0.08413699301391818,0.006943745672741192
-0.09903888986026427,0.04240849991395284,-0.0024703019598798157
-0.05051565011486994,0.0575671534321297,0.038194997922506385
0.03507658876228728,-0.0992822339677744,0.019859209653890875
0.03789214877319013,0.0007200685145801744,-0.023016616861667658
0.018844930271838468,-0.08869722497334041,-0.04768879556106173
-0.01360378004961966,0.05886765996073639,-0.060491605135974784
0.06544289848011024,-0.004070745923500161,0.011061750670009649
0.021544399222882607,-0.08251465013393483,-0.018978301133011133
-0.06778151225109286,-0.002404871907444322,0.02435279081017313
0.06537728107111863,0.005957872862333284,-0.055948552011235955
-0.001055498725669634,0.029018330554375082,0.07814006179657927
-0.027509791458895386,0.007704897746072671,0.01390029509876516
0.00967349255271722,0.024695321661163783,-0.10316777131448254
-0.02070334574885609,0.04926805713076503,-0.16141921738012932
-0.047486033170277483,-0.06801457654707754,-0.04448772009777204
0.044854298581627775,-0.050447191171112356,0.08208928367923898
-0.09562165408853472,-0.10440361520119575,-0.055925617729663084
0.022520787163464475,-0.034140615404985614,-0.013705331314936953
-0.10925675017247335,0.004829056845918481,0.0044837892422773355
-0.05607381231200386,-0.0021953115500295117,-0.0069468330622896686
-0.006452053085381829,0.012023395904086758,-0.07028779436732081
-0.05103632439357904,0.044167351519326055,-0.016927221463207496
-0.03633068725600565,-0.05213667897774306,-0.07006300495082321
0.02398051308861612,-0.024154453512871293,0.03484381994878381
0.03518672669057343,-0.006207993616856251,0.024465864405315393
0.03238565056390433,0.012777024398833992,-0.04696288669025925
0.008556284591667932,0.035048450563453695,-0.06296152418855316
-0.017325945035313588,-0.006064036282872916,0.019477310533314477
-0.07844625355646011,-0.03868280156685033,-0.03344003665169739
-0.05751008131799124,-0.0671422121700549,0.0594502432016528
-0.03738588758446151,0.030157586385734937,-0.016717033469762763
-0.03858581329997213,-0.023707225233462387,-0.10708381822870712
0.05738037968198635,-0.022047020182907495,0.05609794159046254
-0.02200853005245195,0.13329772373944337,-0.06394625929787384
-0.04903012196124699,-0.008918080549401826,0.04436553216973007
0.0861752014045693,-0.035451602203009046,-0.010109831310812133
-0.045860698850733746,-0.024247855317952913,0.008179959664223685
-0.0135235169392327,-0.05402426376524866,-0.06911310830907316
0.07171868123790369,0.025850139633546793,-0.04380198861630262
0.011823630777529614,-0.03670035233115867,0.087530928894349
0.04442887155855145,0.0113903105947568,-0.0817805646976305
-0.04840049516080654,0.06371089538921149,-0.036093301576510466
-0.01812466577464848,0.010629474371807501,-0.01112502139464118
0.08131246405334328,0.03008604575304215,-0.04994993096838156
-0.008485869849288175,0.05092415814368754,0.020340137192692814
0.007056023268014834,0.074336003023342,-0.06150414466083841
0.02217657724294512,0.09022889069029055,-0.01404365617055526
-0.04759591372373303,0.04250082740583847,0.0022539830339486713
-0.06757267055404562,0.023933385142094463,0.09010290516388092
0.0339168139208221,-0.11907526855225024,0.008365681076047248
-0.03043775245905908,-0.03897994245319027,0.011400101890588467
0.003126411603847844,-0.01727546372270843,0.052871317248787075
0.04520708002997818,0.05651598989362434,-0.07955494925379941
-0.02363395417260298,-0.0040521603212105555,-0.023393121835468156
0.014572372843948413,-0.002997475622868375,0.008373149753526935
0.05159737105273126,-0.01673140617016297,0.022513102712948346
-0.05456371915420455,-0.0018375116784759248,0.07471616321940822
-0.014062392343866739,-0.047119800001809174,-0.04464026678163973
-0.012018907439251533,0.03757274192291578,-0.04275428029759374
-0.0572238019842199,-0.04987894600157518,0.026110375070283066
0.002580306247102629,0.014946315984709361,-0.039263980063547935
-0.011518969070016904,-0.05438139399756715,0.05916904230867176
0.015357187035708719,-0.02070846480811934,0.002251904963811803
0.11668385206021935,-0.007791291365502545,0.026473100128201192
0.005135706208613886,0.0036682036302163766,0.02657441064549331
-0.044810272346839077,-0.14630341434825783,0.007832420155236657
0.03960203796252098,0.015366577312194098,0.009331091786390128
0.012082356891760116,-0.06615441603925856,0.05051714198922199
0.05595141125348145,-0.02933326508755246,-0.02295903735087397
-0.028887460083349425,0.004543845252314524,-0.015458514033866336
0.08181510798996318,0.017311080354117547,0.0519315192388185
0.038582271764350015,0.010958504657931165,0.020199358803453603
-0.015653936567217072,-0.06115316559610186,-0.024209245984286618
0.02200451907575178,0.07430052750304239,-0.020634951361903346
-0.05376423681111689,-0.04937355575404302,-0.03409608096403591
0.06440552242760204,-0.034820021654986155,0.01679540968876698
0.04094559798584523,-0.01860577218677832,-0.0379806016489707
0.12302139621048509,-0.040275153952423225,0.03851256952429767
0.05904955856916964,-0.0706888338849693,-0.02512757348551016
0.014982146809252438,0.07212558226464935,0.05164302105475456
0.14158489322867523,0.05438265056985686,-0.07344572928237222
0.0015418735190911408,0.05936004734964428,0.00018688380947936775
0.007255977544915813,-0.08280716139364823,-0.04015630516374903
0.06080002615873126,-0.0101972191648187,-0.03073711249264404
0.020047918393243228,0.041248628722029536,0.012241677865917715
0.06262600092262777,0.08887144558125096,0.0034726638013290838
-0.09330007154337343,-0.029761786152597537,0.04925099590554095
-0.011341245188492763,0.01578115046375287,-0.05274675541328866
-0.05259328406681394,0.06846889853338534,-0.05577751895598309
-0.061218497964264304,0.013714516112600704,-0.019152478344747283
0.0058545799875562255,0.06739671176070246,-0.016668299485209502
-0.015069062525916685,0.018075313032121145,0.09880993240964633
0.08158538711856314,0.07291873786751374,-0.0006022074906311004
-0.01159275056829177,-0.02366837238718616,-0.032415051464160544
-0.008217208752196612,0.14192907841009025,0.044048947177748654
-0.0786611590229491,0.006109117882695563,0.043823156370786646
0.0854848876018134,0.03082597638446092,0.07281441845147077
-0.009423195323018167,0.025385003012084146,0.07251133259965621
0.07993685183811232,-0.02246227399120126,0.013968634174888323
-0.03066331827065931,0.060613570238708316,0.05578805005121687
-0.04225104289072985,0.044644517826568725,0.03731498722982275
0.0962734050143142,-0.035744839114917416,0.04627151581783214
-0.08329440274449838,0.025041321422981926,0.04366804360346411
-0.013070388935139687,0.06349416764979962,-0.019886153717076138
-0.08938911178620716,0.005088312050034568,-0.048033202896183014
0.01328251836942961,-0.0063507847092056716,0.0947549305088364
-0.06066489907375111,-0.026012289006204982,0.036122877297891084
-0.0015701625767019674,0.00621112415090151,0.10639687425697102
-0.00962288460218605,0.08188567197485731,-0.0607088197617842
-0.023637251831807284,0.049693840293994776,-0.05016805652502736
0.00798687650025989,0.028900975728849216,0.08068627126445778
0.06255296377278391,0.15595546648883468,0.03603054913524906
0.04374591241336406,0.02906713814483771,0.10580493610801572
0.004096281352403688,-0.03738647117003341,-0.06287615735577456
0.0456366544037211,0.05447829967555547,0.08032546610845875
0.022155879737545826,-0.016743187182816126,0.008228095553607788
0.030012844861774773,-0.033739979801243714,0.006300985557979871
0.042875578305642065,-0.03443533694461076,0.01430287883982627
-0.052694931395590845,-0.01907636952300784,-0.04477657234206648
0.03991232452625784,-0.0028969774777753213,-0.03562803654231642
0.1092665962816667,0.09301175485885689,0.11117530001484992
0.018995239836421495,0.041358702809030035,0.014320592539104747
0.06194259512807511,0.03426780357341641,0.035704722071280025
0.035122077224501475,0.032580459561394534,-0.021235384872560225
-0.014256954050373322,0.03699187170844616,0.02897642416919094
-0.0462463161469453,-0.026795213215697177,0.0036650034016253996
-0.02763437300268588,0.0758411552236328,0.07297647543703421
-0.022575343171652825,0.07469200247583309,0.025318607118065117
0.01262616538202337,-0.029512892513539585,-0.050779912131613994
-0.04250741077355742,0.0356072497764467,-0.05724129299645839
-0.013942683240610779,0.06744635834535459,-0.009865830940148358
0.12755450912629385,-0.024551501518051324,0.03948440325814491
-0.00813018213868481,-0.014732351456796997,0.06473213958658403
-0.05394357369675447,-0.006056418245955764,0.09389416176545008
0.016185223790419694,0.0036696185844205566,-0.016833977394947235
0.04866422842542632,0.07152883495895376,0.06163793275676636
0.0005775078594163763,0.07867652438265353,0.0771304489489875
0.022622665267918753,0.014858733656525331,0.03769006026355409
-0.006240794654636755,-0.004043782882765627,0.027736914121654875
-0.013038417728650123,-0.09127616146395962,0.06290062615582839
0.014507457661251182,-0.02474664540961641,-0.009088439096238854
0.021130725973866532,0.04790222997456339,0.04043586819733754
0.012625168679533411,0.007832512443476027,0.037449338848380476
-0.07417615417751687,0.02773565857726978,0.01655007005365202
0.08367615811947464,0.05848369702864055,0.022419995954934425
-0.015373463292869309,0.05309786610510679,-0.048498590406323115
0.02837423649237411,0.022072326858285734,-0.028500943506184175
0.09109832116171938,0.023367444985341126,0.04305877687352841
-0.011819391284522793,0.11187331428594177,-0.024181929143051714
-0.09448707260806952,-0.05766177721290072,0.011475118425253639
0.03856401158958894,-0.030433051563007622,0.016627460982202562
0.036559723161316136,0.03915121525555902,0.05683013416109411
-0.08023306648465758,-0.028272431311780373,0.028892335330370812
-0.007125358276709539,0.06778374269908918,0.09221161542081002
0.05292179550166549,0.0632269813813723,0.10597160577842914
0.0750003537472303,0.08675577964393225,-0.09367737855248942
-2.670741211945743e-06,0.010087568992381783,-0.019076590038766703
0.09645907182869015,-0.040249099521204514,0.087305913029921
-0.005679041263850576,-0.011562103278551412,0.0029819628933076617
0.08682542073058816,0.01920784801889126,0.09537543048260405
0.04505533950789169,0.0918121543553071,-0.01548384279512292
-0.029916574435935227,0.10629410250581092,-0.014479184811336504
-0.03571363336106835,0.0714512039959149,0.005315126512828729
0.05973214190710435,0.08471943562452156,0.0051176517459065735
0.0038243604608995674,0.03979893039094332,0.12772126893708427
-0.004309634360450253,0.032117782974447937,0.08454447751339607
-0.013056317420949305,-0.013730984034155392,-0.0444881079649832
-0.030506521681235438,0.04957852795933526,-0.08334916765681843
-0.008594164055958801,0.09294820050050359,0.04277262592469832
0.06585357193654147,0.028173391179380006,-0.01682285962402245
-0.06218101608594516,0.02739941122917809,0.017977367202881577
0.06261332740110735,-0.04721526442568133,-0.035473498919453686
-0.02392661363403484,0.08740660830208637,-0.043512026307722204
-0.004596672125296044,0.01965443845851884,0.05818471556261515
0.0002878784177759962,0.03057007281432733,0.03186283911896158
0.0034912594121488533,-0.002016759571125456,0.05207051369936393
-0.012074251847739494,0.045817475171143374,0.08110448492046751
0.025854399252348448,0.0020687836570883206,0.035054285983992815
-6.566579449682197e-05,0.011785187880639187,-0.044074280844803124
-0.0015605957624263249,0.05009892672340968,0.013712842454606983
-0.04451238611336636,-0.023216761087861432,-0.001323751742528946
0.10790147475654699,0.016437393857353242,0.055225524160264855
0.04007111845313613,-0.007865195129781018,0.038659233819830705
0.03445027707047811,-0.004726653153562445,0.04827016269007906
0.039117426149219287,0.029405201966809052,0.030006494388142207
0.07558495638490027,-0.0013166614277516815,0.05937925090261586
0.011284918462758795,-0.08043890202819677,-0.07710779103836396
-0.031914312296268725,0.031418094773708334,-0.042328531094321054
0.056298397927586605,-0.010377195782379818,-0.015219266185655214
-0.03498550629298307,-0.00697952673179471,0.0016043276204795263
0.02420048244424818,0.023214145591322302,-0.03772825458489096
-0.06654827426689848,0.0021930884290000206,-0.009553035561652051
0.020181216097503157,-0.014464354857963149,-0.01973126253754296
0.05253006209487658,0.026093765395580525,0.030089737142238372
0.03321375961151006,0.005420474158224473,-0.01050982659198622
-0.041954101234121285,0.01608451392853892,0.09126683251805048
0.0434796627042031,-0.12260622430923704,0.05436334204420465
-0.009430907336024454,-0.013560393036037257,-0.031850824518829576
0.0019630177854301437,0.012592263246531739,-0.05579467123789976
0.060938933987510414,-0.02675388153445544,-0.019975864768056198
0.06778032337167925,-0.09906156288727244,0.036568454766852956
0.02815792437472642,-0.0015969922071704598,0.03381429035747356
0.010343424174244728,-0.039680631742187916,0.08762064959543077
0.024497138532625123,0.07969153878953311,-0.034737360730132075
0.053295821972876384,-0.08870858155772045,-0.010276009541165258
-0.009065804165745732,0.01743232319648772,-0.057077739161070624
-0.11993877012876034,-0.011513992027803226,0.08303442984581474
0.04132731659391289,0.028799676880260396,5.506835613224709e-05
-0.05283221109411416,0.028974964787839973,0.0007588291736409392
-0.008348894428533067,0.1175050863621897,0.014346889054425424
-0.012803713685529272,-0.010256787543419256,-0.025877215063880334
0.04215515735116795,0.14858791229940818,0.06323673076403982
0.030420962961227965,0.04969218715550959,0.017413164658890153
-0.0030470823969229524,0.11601830684135843,-0.06782463181041642
0.035543175315430754,0.02866021422889872,-0.0347787612756566
0.00032828236273615453,0.02306805708330128,0.09233603040547922
-0.04812927633575856,0.02096485184357346,0.023663045104421587
0.10627251472192203,-0.03498963470389434,0.05506864114633854
0.11623783352078208,-0.037362340492243296,0.015754704734460827
-0.03320647030085204,-0.04581646673683154,-0.014232786707894345
0.01519788912340616,-0.08381482822796957,0.018658106369037877
-0.02416161441084427,0.031668188876002645,-0.014087737251062833
-0.0664023408263464,0.08266454203221588,0.09324144936794701
0.012136645134457235,0.0444578037955237,0.012025061695955682
0.01671391569378974,-0.01958187216739273,0.0245537998365279
0.015792657531798496,0.00840165534931456,-0.0569288108742148
0.06625378601042245,0.1088999315423426,-0.09071590194731075
-0.007255115987931313,0.00667355997523192,-0.017834949980525226
0.02965024141541721,0.06367702866865715,0.029874611458692288
-0.009523660431788553,-0.10936475651066169,0.06050549310347727
0.020952751408800995,-0.026013921433389278,-0.04832243858913311
-0.0059430828774162895,0.01405084564453175,-0.008664583001143944
0.04050637484820114,0.028793539132629227,0.07474498803649711
-0.04819763879384038,-0.03990734675916107,-0.026366849109339577
0.013543412088014944,-0.011743414643009986,-0.008331830056321057
-0.032644325906723615,0.029643979024000677,0.011763457888544228
-0.005543151131396886,-0.05403667083478308,-0.025871288796855633
0.001429508081887167,-0.003957777254847017,-0.0416370623622059
-0.08288802852437799,0.020755159492744143,0.05382200135229073
0.04740651082030044,-0.08573978250824227,-0.016551724724221603
-0.05797528161500648,-0.0014993135415373427,0.018210239318390452
0.03641373327538497,-0.08795451252728666,0.010967989526216877
-0.0218184070096562,-0.019557640558835028,-0.05213392754553723
-0.06669445273811794,-0.11698951029569776,0.03291378089781215
-0.026992169164495497,-0.029055217977038257,0.06091845459227552
0.02537779770427486,-0.0357918137118759,0.0016862849897091939
-0.008771166262740607,-0.0027458530946203115,-0.04813813689188191
-0.04626964010891219,0.012889107236766648,0.041957696271893746
-0.02559176505824861,-0.03010440632281701,0.0028472361498595514
0.001309420763558787,-0.008012693036504159,0.06160731518077368
-0.04500827152009652,-0.05325327812842132,-0.014179944536504277
-0.070216376849491,0.02289623469216076,0.0985440942856078
0.01440690770165113,-0.03197735026985092,-0.06079064648448193
0.03797786139164063,0.03112312539914441,0.023862960044680807
-0.10750500780431957,-0.05130749276703112,0.02664827960863398
-0.029394663698410078,-0.012769438499749005,0.023320507000629095
0.07417637706417023,0.0021581842532131753,-0.025884329113969748
0.00399257575845959,-0.00675893739801729,0.025943188302098064
0.1155651864895569,-0.033956365057392676,-0.044633732599618066
0.08314316648666076,-0.09180184682927799,-0.02038794164458194
0.08371406856776484,0.010627316930327996,-0.0022329342499489762
-0.057483799596322195,-0.017595534096572635,0.030682391848623355
-0.013381989582398501,0.02044686250483808,0.06193479838330565
-0.03223743343193199,-0.023482137707891995,0.035249170257112786
0.09046340600547559,-0.012386298386393685,-0.07162663097923024
0.06623673447944692,-0.0018351587855506496,-0.12386643732454633
-0.02149047564039876,-0.0636125241455475,0.10810027672778723
-0.038027750936858076,0.046597574931271195,0.005677450979426912
0.02675469491217784,-0.04381504649842128,-0.007831012558512703
0.06878217403989494,-0.048124559602244286,0.02239185274995218
-0.07692641744277258,-0.019699231538562793,-0.04493653653386838
0.012409597920037497,0.014272193602824964,-0.020135563784046732
-0.016753638072904788,0.04620123428844284,-0.05199899253636009
0.04213383320443931,-0.013757428642367286,-0.003123943087069078
-0.060327278401621914,-0.008035928222975913,0.008791840273981395
0.03358953297635995,0.017358645314147998,0.01549130390989415
0.039142052082191736,-0.004020102460730007,0.06325560687699949
-0.013551552567723748,-0.0479675377191669,0.004391294934648135
-0.03702017112649052,0.054875930705888615,0.005917167895332793
-0.0443452484494346,-0.03832617783330675,-0.004764556805970479
0.03303136251319425,-0.04374065070609049,0.004843884321020767
-0.06853917558493129,-0.11846375358105363,0.037558811592744504
0.047536303267729764,-0.06085682237162721,0.06191336679389887
0.0291900248972393,-0.008172745163061566,-0.046186800687334696
0.08731673850976865,0.05848184342104834,-0.09995360503060258
0.05115655689674413,-0.14484035472003248,-0.08260786039345244
-0.025264750355859258,0.008747359910703485,-0.08038364052206186
-0.04222875400797678,-0.04743754131773114,0.023399216393402533
-0.010013992261619416,-0.00901402490466575,0.012689867675120545
0.016906157769291462,-0.02019595162414446,-0.041224908009896116
0.003702631459877039,-0.05306531128729923,0.01655880775154911
0.010396316524931289,0.053873647715537404,-0.08622914403009943
0.052723691180847104,0.007292893549268757,0.01650780860353261
-0.016255912758847305,-0.07882855424021623,0.024372110010393754
0.0357646593164655,0.0029219036772893097,-0.09721691703673518
0.002592268844250843,-0.08087413694291656,0.030663554438580258
0.010941089725594755,-0.04904962194641689,0.016239670971647094
0.028579203394024928,0.03766591561588829,-0.006539227196446415
-0.009740768975312807,-0.04663371905857608,-0.08334853408714288
-0.050184326480439995,-0.09162837606805217,-0.08900537355663082
-0.04193713052798364,-0.023384435376456368,0.0783564943667555
-0.06255913948162109,-0.01092237231045911,-0.11876213897274475
0.05495950198057761,-0.012163062383533645,-0.0007219743314447157
0.04129437156122557,-0.004123736024872588,-0.021643288193142193
-0.127612428417127,-0.014322471940641405,-0.09725239134036642
-0.0334874086240238,0.012107061789367969,0.014631218590860414
-0.03200609070432995,-0.011632059362770772,0.07075558313660554
-0.04066394269229048,0.012436150731188405,-0.09014732657298662
0.016232625610133715,-0.0757778191373405,-0.016653535045618704
-0.0734575911289092,-0.053593151343043086,0.007131828144074481
-0.07812178713159751,0.011287040128903785,-0.030057453157272773
-0.08133021881917515,-0.007398539895392266,0.0023616390342519646
-0.042301145076271286,-0.04760752874166212,0.0312190324365368
0.05049549077172185,-0.020499317863717864,-0.07167822365067877
-0.09418666279846011,-0.015085792116677755,-0.05238778137393078
0.0014256794606694982,0.021175818755168677,-0.0410820546426007
-0.0041631122101958955,0.06658620057853497,-0.043131720437048944
-0.07520669525810787,0.05011986836410144,0.005033529279071431
-0.05075660592078783,-0.0486945896963498,0.035095465024810014
-0.1793561561523595,-0.11471491647410828,-0.20469382145448545
-0.0400738575529636,0.06271154308783383,0.009963606860504789
0.002157950400250564,-0.05769516489624883,0.01752127572197127
0.08541461427663402,-0.09043279647794572,-0.07768531879552129
-5.2258150998966274e-05,-0.06771084572657209,-0.08483086566507046
0.06606344195060204,-0.02729049910127259,-0.018288841459120516
-0.10566959178697488,0.06197045824601465,-0.05824010471567697
-0.04673282446642552,-0.09497466838495154,-0.10182319773401262
0.013641804290330527,-0.037712123908965466,-0.05716576549526607
0.03272664552807415,-0.0010703435849506102,0.0296292877048825
-0.10756396420189863,-0.03557149457141476,0.0023083322473891194
0.07405749959942645,-0.019900738923728754,0.0953467767651795
0.02178517540308599,0.00864965018877199,-0.04614551208640094
0.0004527505039403565,-0.04501169071484075,-0.025070122284308893
-0.1010443701296869,-0.054447975776297675,0.019862372768629337
-0.07180566534846511,-0.15424970471375402,-0.03380383453429469
-0.10889192618722628,0.06690763025714415,-0.09196154418400945
0.0219776831981037,-0.012474318886868481,0.012272629621929484
-0.006391699051004616,-0.06801189894463981,-0.023550234323636062
-0.007027976187335876,-0.004695772984038393,-0.09410465688870578
-0.011996115654747161,0.058984186735955915,0.017046342189823687
-0.06782662478355561,0.06424596646531733,-0.01510409096009424
-0.0059094693784400056,-0.12179800126285487,0.07957244479423137
-0.10626942093760147,-0.03243249965327778,-0.0024785318367795545
-0.015334674368811047,0.04921011121493224,0.0023475471744559516
-0.016983816355802366,-0.0018127115382572737,-0.01740129520576337
0.11136357952512241,-0.0502980230171205,0.06707050170787454
-0.08484576202157751,-0.06784750209569565,-0.03688393708063874
-0.06607721803771809,-0.08415774638344187,0.029462965275225985
0.02388073648418784,-0.06792406871648862,0.01706539282750801
-0.08480390262197918,0.02769809305651258,-0.05606006201589201
-0.03847611290725482,-0.0009621462213495226,0.003341353323593598
-0.00952192321049513,0.07335530261607545,-0.07457464569796235
-0.028695389812310457,0.0077699008273073265,-0.00899952632202062
-0.02984940222727929,0.02962228343866119,-0.04389873567686349
-0.01854042245739954,-0.002435606226561922,-0.0672444323451564
-0.007113882613069739,-0.097526408398805,-0.01679988481357003
0.013933554005981251,-0.1470422837446076,-0.03554499408894027
-0.01788713084791977,0.02320342949959075,0.0106362066178881
-0.03385721317466138,-0.03944046268253697,0.026082338250669152
-0.06390970851433167,0.04192891465046504,-0.02707112113470215
-0.025128381231111625,-0.03820205951352213,-0.009786660529326667
-0.05602640944318367,-0.018964996937721624,-0.05616693905040547
-0.03928951143247711,0.00801709141352833,0.0037276326253459155
-0.05299861327552062,-0.08156407370197091,-0.04998299505372771
-0.05060543586477715,-0.019563719349410355,-0.016681117070278247
0.031037686125205077,-0.06307555698279138,-0.04374017843460237
0.025532915126505597,-0.06745865058526912,-0.03192191002470712
-0.03510619126352124,-0.05979867858539488,-0.04265897010641927
0.02396797112850699,-0.04949653042084914,-0.07832755110689299
-0.019053938007691052,-0.0031773411645680035,0.01655848252611406
0.007280880458745018,-0.012279913364169406,-0.061391834233623224
-0.07212026730459639,-0.026081783414761174,0.04629416865627996
-0.04987298962565802,-0.020855760353739854,0.04815734448719244
-0.02423491354879239,-0.0008596328275284094,-0.04409359201018004
-0.014505852368460215,-0.008772538546697546,-0.052772012979287214
-0.04531263644049039,-0.0032273324704156364,-0.05248342358666337
-0.052919918225528356,0.06096039664791776,-0.026811096393841896
-0.03441451145146285,-0.06299671887648362,0.001953470373086394
-0.056007405442578026,-0.011838938263923602,-0.0022113193807864456
-0.012369925363450914,0.010678216891882482,-0.037694734889849674
0.06086702793242779,-0.04881205749406446,-0.05822469200231595
-0.06727683701301797,-0.07853770866687276,0.01594518291660287
-0.013494213321671361,0.09066544256039098,0.036947143168576446
-0.05500669387175397,-0.027369308612464033,-0.03923173981158308
0.06095982459394812,0.07760743765791218,0.019181469987492827
-0.06505977241794386,0.03119350790136908,-0.013095384852337747
-0.022224184229260008,-0.05230926732269099,0.006065844669975822
-0.09988057593905572,0.0053501504669350095,-0.016692332726107758
0.020046825519394594,0.06494094087875116,-0.0032659119054732795
-0.10600805559969848,0.04467629938898115,-0.03324397579539911
-0.07675963193466766,0.04814585438232331,-0.06959867255677592
-0.013620393315505363,-0.04265414196195603,-0.15849937200324096
-0.024198025864743636,0.01706280974046073,0.01151811216200541
-0.023219838660636382,-0.05246566386321679,-0.007192981518957527
-0.015232618039209679,0.020664158217104815,0.0011731135221679182
-0.08056535494535978,0.05071052696620813,-0.08539327403822973
0.03157310355955945,0.029028990659975447,0.09981261138847758
0.03898371033709022,0.003138260596319258,0.026993984948584956
-0.02716634809753504,-0.018585936165145173,0.012206970603665077
-0.06107265467301851,0.0001893639268517565,-0.04324377672508897
-0.015758695146585597,0.009006265163809346,0.05604387050863855
-0.023515967047117232,-0.004652878377007848,0.039098949649826374
0.016028335073477906,-0.043587524627109686,-0.07497385502306453
-0.08870221503628983,-0.02249835640845493,0.022404910821625962
-0.04441920157453437,0.018381746166020924,0.049676021863610836
-0.028253769482500683,-0.03867418579345675,-0.030570710339156024
0.11247130356013757,-0.10069812983459178,-0.04915967172534045
-0.09809294350323593,0.027575135886457762,-0.0428606558551266
-0.03478827104574708,-0.05745828192768929,0.03359113700719837
-0.08226212102959952,-0.0785567606356501,0.04078952357845793
-0.12684854411140817,-0.04393264610503575,0.0662566772589502
0.002182024544508521,0.010036748339776332,-0.010026477370119118
0.030201592717149957,0.007858182013404177,0.017433603975427397
-0.06751346453114192,0.014251586001320536,0.02968864154688501
-0.08888689677141581,0.029861274470669122,0.03598279545517739
0.04593073499586481,0.02154860960957624,-0.0596144554113649
-0.07897560131885839,0.05055941445938043,0.009048534022467244
0.05561905266952616,0.12141688275566133,-0.11443885877449801
-0.007159401459353381,0.016233645092881593,-0.023224493079002883
-0.038914409952478995,-0.08838742472937933,0.07036175219807261
-0.0037328176561787435,-0.08623579834173505,0.02813438865466692
-0.07454609069892544,0.044166072655570224,-0.013701713708937777
-0.0014684603307723492,-0.004377890965047001,-0.0306811253269665
0.025224472712961254,-0.001405998002171993,0.02701477527560751
-0.03394934591707534,-0.06765797081482519,0.09596335808372909
0.026456566236681668,-0.11701705181828913,0.002659254742442267
0.05633890648377969,0.12159534993711377,-0.05810156157346119
0.03945600748832416,0.06250466192458323,-0.10060966903385213
-0.08833786592083663,-0.042902377752260634,-0.02849448963911788
-0.010087589803005337,-0.057373734989025316,-0.055147159677702694
-0.06044327426986614,0.0016048673955472931,0.03399592654277321
0.004283876318712764,-0.0011065545624384396,0.04781510980609358
0.0764512857020614,-0.06260647335319458,-0.03395656949021919
0.0030486792166256123,0.013847682383583852,0.019776359759097462
-0.019245429496972086,0.04108283508087326,0.03326449751458688
0.01648110297216103,0.08837161865132247,0.039454869602830636
0.014241912654518176,-0.019015716849663286,0.05560752569771631
-0.010218732494501276,0.00792910535632107,0.0870332692832194
0.04318595227945806,-0.0555609712080555,-0.10010702310999178
-0.10677109509862669,-0.0344109050050749,-0.025259070093366705
-0.03368238922734983,0.08904723390952216,-0.038404222392003924
0.04592639414659119,0.04152984668223094,-0.0721576375084462
0.020677846486673028,-0.0015780837724431711,0.06339120720692089
-0.013045197917654043,0.06267246865970204,-0.05285864309350945
0.0759940086230136,-0.07246986909309384,-0.014512225139355215
0.06658815773897028,-0.0024974266634527234,0.011892816016363113
-0.011209426211242298,0.05387772448049519,0.053698461982057105
0.09281284552752364,-0.008122990812038081,-0.0458934922879725
-0.008155273928690445,0.01032863093807729,0.08180612673601553
-0.06836947861802432,0.03554647676621229,0.05103999048996912
-0.0021807457760163198,-0.06697420278972888,-0.014522992972431264
-0.06378784389909753,-0.05017496296276295,-0.07862104815462867
-0.029268965872550536,-0.004247783109105271,-0.038893715281837715
-0.012107858330863485,-0.019575531926172837,0.034791464136400704
-0.11295512970787801,0.052657572683733715,-0.05132211763661355
0.08498661375672215,0.06847498372830449,-0.014367049830739418
-0.03258372898972443,0.10949835832214551,0.0373777672061489
0.014465555741017273,-0.0049341223325281855,0.0020833397762036895
-0.021068827311135623,0.04062564847850799,-0.11903293500248076
0.04701897590589353,-0.05459540909290715,-0.11550886395870297
0.022322673584529825,0.0058306402750638135,0.06449307336231637
-0.058122856142259434,0.0030039152753547804,0.054753486048970755
0.03754980804224408,-0.03916971482790857,0.045134923165568504
0.10718073873544405,-0.015546359598445143,0.021515323337626794
-0.032490226938417396,0.05034353468863982,0.08448441096291644
-0.021045871491310188,-0.058700004253407795,0.032556605127148586
0.030216466949633723,0.0673004560459561,-0.01928039020477223
0.06236859265072317,0.036051431934780415,0.09992643847375077
0.026591401677837273,0.10027958252623866,0.02268786577160753
0.008482942953666068,-0.00783127495826584,-0.07865219874670787
0.023923428708984475,-0.021644828000006236,0.022731614113301223
0.03776008205507204,-0.007370587951626829,0.011685052472945809
-0.02073274939147559,-0.08759093013361027,-0.058722675134269986
0.001856123684107867,0.06306483603998561,-0.01785121238163682
0.008154272947226563,-0.016871045595286092,-0.01053602838958023
-0.0642333381436678,0.037896615238881076,0.048070089057241285
-0.01085253171623001,-0.05607029452704178,-0.033395634476630257
-0.024732987966663265,0.027241632743643177,-0.10404268704521377
-0.030093977285153034,0.027517307406856997,0.07943528363008709
0.04294346402174318,0.007238926404976542,0.06692479755239153
0.029976880601448513,-0.07266478751078499,0.03792123736505489
-0.0020855207502945092,0.031554839522141366,0.019104987868902756
0.04848857087647262,0.04664166841685946,0.026293425138508957
0.02341194122452877,0.050645765624651604,-0.03998290739241328
-0.046128585391750784,0.010479642006048496,-0.043648874477135315
0.03261758566285709,0.09933824441186395,-0.04978850755697467
0.03480889429319857,0.0626158809221026,0.04985116748136449
0.0716696601332185,0.026221698498646157,0.045677030019058776
-0.058949884888927766,0.08157980909729605,-0.027691470154821055
0.08841050363984793,0.006534198992754069,-0.05965124147343
0.05359042055932121,-0.01644019491845957,-0.07359580065851577
0.11010736022401962,0.02775759020393263,0.04300293465390029
0.00465394770437925,0.02359141844035436,0.09506248427919034
0.028824498313711366,-0.01772666780032123,0.020809158011486095
0.0021416086515310823,-0.027965907359993766,-0.05575632637720894
0.0005922742209333066,-0.021171504031412054,0.004906466942756666
0.07511623485759941,0.09697867289171357,0.06342738957230286
0.022503323873393134,-0.041969713733657654,0.03394239138110523
0.021978991903701818,0.017452913658399422,-0.007152702219597268
0.01898516328894913,-0.03695150362960935,-0.040152476088964745
0.08672934623966094,0.09687097381603633,0.09026872842411779
0.0006736128466886763,0.0191110537204547,0.009480801285628504
0.06301603297473146,0.013738921919220527,-0.040251285830984154
0.03327690707186076,0.00410768306863472,-0.043116357014171866
0.046541810218043995,-0.027206829062372307,0.02741641744373496
0.034600074008323135,0.08458861391110131,0.031552779011676066
-0.028254703891705035,-0.03788901928485277,0.04049754699967502
0.03572545675993931,0.0009233256941622546,-0.005313892501448196
0.025810656078154415,0.03001377360401715,-0.005722708059842641
-0.003284445531202506,0.06557022665143782,0.07211905636462809
-0.06397365104018826,-0.06140378243504225,0.039414320481864364
-0.024714951406746125,0.09158307953814543,0.012309543606162519
0.0784305177042507,0.03798229267972343,0.028746591085962392
0.044087938924998085,0.059552975593942015,0.04909025072286642
-0.05034873889206973,0.047597295484640395,-0.02230306988320786
-0.06323214185767131,0.028714382766562487,0.06220905238259397
0.05194844610502139,0.1055982482960577,0.01728780047381285
0.007708119378060076,0.083367360879327,0.006560535993085851
0.05752044252129884,-0.015040151394881969,0.017843338243347724
-0.049397629870980175,-0.05456741003230972,0.02478031655690622
0.05603744935234953,-0.07558729136347506,0.020417193541493774
0.004635406499383666,-0.026037062112033178,0.06513825202555744
0.16643290454609877,0.15175944621918477,-0.011231120557924659
-0.009313502984338268,0.025569665195460587,0.08030747536206821
-0.014642152316066314,-0.11511571783038083,0.065490525574933
-0.021048577879729552,0.08621495180134517,0.07390415623340776
0.018303546420640252,-0.0013591498862329868,0.0495743221326793
-0.02093032528184259,0.03372053982669295,-0.0333239443138273
0.013832534969301544,0.0021441498599194878,0.014924868385139936
-0.013985771703341358,0.04705340369330936,0.017348300830790135
-0.03310940934627976,6.844945022682972e-05,0.0800060484068242
0.006770615756351427,0.025724228529472704,0.06090950106265275
-0.013758979587947234,-0.02007584645370192,-0.029128389222653452
-0.04223427453072662,-0.005775681183697461,-0.00716910644034343
0.057749334260624785,0.018624198646952805,-0.00264021793783948
-0.08533780046436996,-0.07125219838683365,0.09814711336725822
-0.0296911660052498,0.0016105519786685889,0.055809859745236716
0.09053750230157365,0.0065607999654876265,0.013740102506635724
-0.047118264329871255,-0.049220611257411985,0.025994942661554193
0.03155340970666006,0.08422878015264351,-0.011250897545602934
0.10059714502300368,0.014178225547802004,0.03024175681286237
-0.012389197172797,0.1009139795836629,-0.045238855457969726
0.02323980181260061,0.033606109325603956,0.21413315026559757
0.04250173069488941,-0.009789676085528453,0.06878112023900147
-0.008741588038890944,-0.028684725465082734,-0.14815743444030385
0.022859487506713908,0.04624716457189249,0.04552656103904071
0.08584238027081956,0.058267534463093955,-0.037122944809897786
0.022125239099076318,-0.022577885911841036,0.017198603065479684
0.08191665647108962,0.03810541476212853,0.032415295395990314
0.04736319031659339,0.09869971441727038,-0.003845392665729249
0.09460069368938402,-0.02289115155620964,-0.06272961175882244
-0.009697896902525403,-0.0037496808454931703,-0.07289197749435398
0.07521180388186874,0.017943987645029826,-0.04471513028348348
-0.0019518979623199262,0.08799613613924578,-0.0007920739916681269
-0.028841333701131223,0.01871737172003758,0.12074104206521416
0.02742664399522274,-0.017059557470657998,-0.002329430127893866
-0.04271307752261584,0.04146328260531183,0.057706313493098044
0.035210810985534025,0.025884061590364393,0.04999854243282023
-0.008738182381410414,0.12736504793738682,-0.0353110337616198
-0.01265149527806118,-0.026590212390208114,0.04068181092565935
-0.06846469450561819,0.05267232794391845,0.03857216705364501
-0.004977774998751197,0.11806720378883293,0.04728313305102395
0.03664410959510571,0.007235507847494143,0.01922846771611015
-0.0221017243705623,0.046446301077594856,0.1047246621941477
-0.08245500053271816,0.05600618427043534,-0.005460411529000658
0.03409313406576197,-0.0033197816581181025,0.0607654328125114
0.06125971906020142,0.021077565278840367,0.04634766834676946
0.014668449188720827,-0.0012609316884743711,-0.04286190318173189
0.04170577236477506,0.04778435056315078,0.0029142970087395956
-0.037358540596820713,-0.011462139615068215,0.09544234521272822
-0.013342820910813215,-0.02711192562921344,0.04544394184782066
-0.0027908694631550643,0.04401772174218704,0.024310834594320794
0.003501076392342168,0.01741522688509289,-0.025549256011179088
-0.03653787100812145,0.0999367968160449,0.045855158972897006
0.013032354678372254,0.022761440476029172,-0.006666949453418038
0.018994917125651156,-0.017832270290177615,0.06896668778909097
0.0680046995396156,-0.008825084727039394,0.02152742643650479
0.03582502684896018,0.058504518680013745,0.06286805527167066
-0.001987580509219034,-0.06926158747769026,-0.042948209619211725
0.01812230344454952,0.025645231498899388,-0.02228206874165206
-0.009719733810609518,0.01450666790764801,0.016654431212384337
0.06645855304014914,0.09842489898031767,0.13405600265887915
0.07752258708996407,0.04239295265366114,-0.024188246462231708
0.07188493582713898,-0.029777948769346647,0.02962676207642703
-0.010021958154666666,-0.015670074750380257,0.0342871218637346
0.11473651771956819,0.07824252770874651,-0.0047136757032503265
0.042814376975380666,0.02882413741733232,-0.011018439932797566
0.09344766634753601,0.0762589802911876,0.018674794548993463
0.06561358850348939,0.10372667758247563,0.054103665982208
0.045655949396432645,-0.058253928628908,-0.04071624335312895
-0.021415307698612752,-0.0010813043122051731,0.06836867406731185
0.08129369436330632,-0.02089074591557484,0.026777107017502813
-0.08149975234414898,0.04012588132393451,-0.007922728480876103
-0.02240107440906054,0.08591195629262664,0.01609191521296781
-0.008833976633691844,0.028301217244033908,-0.053984437100863286
0.09049635627486038,-0.06055048450137267,0.05890283869978302
0.020099366067782367,0.015456952376462527,0.06174921169385017
0.031839333694429636,0.061426898298589286,0.005035702298710289
0.16600525391466556,0.03154539615807981,0.01498749183026339
0.12256314701587451,-0.05842249186607851,-0.006295287803960464
-0.009146647561369558,0.03677724997637427,-0.031993342062974224
-0.07671758270719001,0.03936178878574635,0.06089612506207448
-0.018321323009213936,0.12698144241183795,0.009971132138307628
-0.0157082469862612,-0.03388206191101985,-0.01979022402766267
0.02766557526241735,0.07556525695163847,-0.002004164998897353
0.00920617726198521,-0.09527407380152393,-0.07295944667087835
0.0015048748714138489,0.012830671349865803,-0.013879341440689178
0.050654945966169686,-0.04592504573579184,-0.00492579089739072
0.023353360424643407,0.031416239749401165,-0.02214663907968458
0.00321344118799787,-0.08502368010545688,0.08063506012603518
-0.04894822389961252,-0.006882710147615951,-0.0831093437999261
0.07911952490515552,-0.11718816321388084,-0.03175228317499511
0.09277492700601572,0.053893157861232714,0.06464615848299018
0.033727221317210065,-0.05594631416983205,-0.013112720000671641
-0.0662242032506826,0.054234151933624575,0.0023601635561737427
0.08093139655816728,0.06055802568553888,-0.06236974372929498
0.03538261030841655,0.10984980572690205,-0.05202180606762068
0.09714044464349766,0.050646973432063154,0.016652549756150093
-0.03172066577171673,-0.027967227941617188,0.020075919038400992
-0.04508392430927927,-0.02591970740188894,-0.015441949537010224
0.08466014302207957,0.019412928794508642,-0.009694189051573014
0.009396470317409996,0.05125940417567239,-0.0036058317604955245
-0.05483807691653844,-0.010867238043567148,0.004709455360908129
-0.002253880073023803,0.014365854007551932,-0.006770113112582449
0.03142692229029398,-0.01368499021253229,0.029938742913605904
-0.033731457318819526,0.03482536790031432,0.0447111371607375
-0.03136482086760095,0.035864642217628376,0.02152122416344645
-0.08852388061664787,-0.04290705822717753,0.003757904568611865
-0.023314977125499736,-0.06657254901264478,0.012598096083198493
0.04575353585841771,-0.0006702718863117853,0.06809569710169168
0.03362232813614336,-0.07994164705243981,-0.005687458558432385
-0.011358960939782444,-0.05533703429253067,0.010816647751510807
0.012833347271936552,-0.04391559961991076,0.02239493813248221
0.06839961120084066,-0.01911378373125616,0.00480576499468922
-0.03588504649174065,0.0765200289519812,-0.01669200260376252
-0.04559894343552673,0.009550797876729224,0.008283107332671421
0.035062196449444236,0.037312934514536045,-0.039655916743670104
0.0006292697854520489,0.012655976789140424,0.07149741437818662
0.02931983602965434,-0.03959949359363568,0.07059921522094288
-0.015297279641571375,0.03672621358294063,-0.036300987188415755
-0.05983938349052095,-0.02738022255936422,-0.006976662830434829
-0.1178228402216901,-0.0366440229387345,-0.034485055480776725
-0.033377010311278876,-0.023753819985308403,0.012434458134205783
0.07208370596890881,-0.0011033200586712717,0.03617968621497016
-0.00765934817101756,0.0016817203821114326,-0.05343693631726413
0.07496290883474276,0.06258144475191266,0.0022692160037892034
-0.041516819373640663,0.048367687047792575,0.014773011734052445
0.03463407643867897,-0.04034731887292962,-0.14995089821166013
0.06861154019118851,0.02093449689851522,0.05520162400126386
-0.068422658226075,-0.031960519633804606,-0.025653734334832957
-0.004292814860250739,0.0334573614462905,-0.08687935875267308
-0.01261798337688687,-0.056777119462082824,0.019526927645149378
0.023231340838608318,0.09138858969676313,0.04924240997532493
0.016715204954267242,-0.0095330815233939,0.05671251413521204
0.017101513421214513,0.0325862942948995,-0.03219369227569273
-0.03506417039352435,0.02186526937701256,0.010541605827197835
-0.023326203733166285,0.03192940218934292,-0.0016750014284056254
-0.050413940821296306,0.015169696939353439,-0.03287794758364792
0.035409434429890606,0.004952164603659056,-0.03126239753982612
0.07295888428903137,0.10662850697916886,-0.03598132618301094
0.013435426622752494,0.05240050421513617,-0.018203159946012536
-0.01181815802757303,0.04698528533227402,-0.008984195435975844
-0.03499686278478363,-0.029096272278150065,0.0029262710686302675
-0.03800132885491623,-0.03081274091449108,-0.07481299750371274
-0.05757145879053756,0.06564414927073331,0.0068872104276362445
0.04776627014238141,0.02311596032925807,-0.07406072020028538
0.005736232194049392,0.020349210543854315,0.14463229768999789
0.036213380351718324,0.001549605492016352,0.00011497566508155647
-0.012287477715534649,0.02833275322010014,0.02681846181893137
-0.07678356871967196,0.02928671154466543,-0.03392541243592755
0.019133351485368103,0.03465022601378141,0.007858264255490348
0.05011879055378413,-0.08934793220872804,-0.07083013689321618
0.020636192572396288,0.026755900016964602,-0.04217940917047116
0.05721027788389058,0.021036948530498693,0.0958657142177314
0.16963784343576419,0.011972794513352342,0.061450148934128854
0.01869669415023846,-0.0036036493519247727,0.0051121605094705
0.020756233050988775,-0.0190569192829136,-0.0033809400086131465
-0.1286617112861597,-0.0778746585480844,-0.01820141832640214
-0.010667996176269491,0.006893041023386885,0.03380884343253927
-0.03313792972930517,-0.04967095782925224,-0.02506361922563767
-0.03659747928978958,0.022957687100203683,0.02837932345241931
-0.00654924343996472,0.08117141980953385,0.03210421350448397
0.06242165771086993,-0.020870958709251337,-0.028503867779044637
-0.07437304754198637,0.14392366499771558,-0.0681194667276777
0.028289122229166574,0.025397034318656662,-0.024803731523536245
-0.04254342461736139,-0.08204634201483171,-0.024125835796567012
-0.04334504931831813,-0.053593692690251035,-0.06908792211369796
-0.05140547807503871,-0.06085046762193572,-0.004787726656493463
-0.02626465125513641,-0.05052230795580123,-0.00103440258952695
-0.058560311770734064,0.10769377590217802,0.010737984746546721
0.07723441451512925,-0.000715246140568419,-0.028758775959291993
0.08332923963413016,-0.06529511068780525,0.035547081025573045
0.017102476233865987,-0.06138929871706114,-0.006154846075334469
-0.010903078304244118,-0.023810660340014337,0.031141423816649184
0.022280874716230525,-0.05101347453137171,-0.10192674212285897
-0.05372112851980325,-0.005232661038203695,0.011654050213596771
-0.10234949896648912,0.01950444557643099,-0.03326508028966837
-0.08403365599653476,0.012999064273803271,0.005735480199852686
0.05145332842188629,-0.06472356009874897,-0.07594994778465236
-0.12074341458981627,0.07675696048750823,0.011671266570087394
0.0459354330517768,-0.17048560400345525,-0.008843104999613695
-0.024507474597577343,0.007680152998278279,-0.04510609433344468
-0.011652820994708612,-0.043877312520761186,-0.035503789870853494
0.0457202151642198,-0.09864112652784228,-0.07415012551349094
0.037386096237687086,0.037853527163701786,0.018928888872546457
0.03318317928439163,0.0030104583273969088,-0.0023055695302704737
0.017030238212079763,-0.020977360307398534,-0.007919513996741545
-0.024488684272307937,-0.02239404068939903,-0.01597864476047184
-0.07451489264095557,0.03430172232155285,0.02298085358099231
0.0032768093275992796,0.003133184303919328,-0.08380238939842112
0.008341513500293152,0.01904247190320645,0.028347700722915935
-0.06428592308786119,-0.10536245270103742,-0.0072250676622607375
-0.03998282337145452,-0.04117824163845853,0.053163238459780035
0.01486275265048756,0.046409368377218076,-0.0002367936532651875
-0.043678752264714904,-0.06521311600371317,-0.12660071025336728
0.017518862551518914,0.0034491686510677994,-0.06412224940913887
-0.15270548259258723,0.0028945966337546,0.0026478675441639725
0.08535373443615583,-0.008066800636828086,0.010365280823633128
-0.023265019135661064,0.04220715206312399,0.01510940277014506
-0.02297191580962987,0.01001741492248353,-0.027074371863344784
-0.021215473971902977,-0.03934942106560613,-0.04450179029382871
-0.060058761965936326,-0.053388315536169774,-0.09913203054893682
-0.05907189060725984,-0.01660672108246372,0.007626884105623177
-0.008333552514077611,0.06799427090292762,-0.09351413625787673
-0.008373950375185733,-0.03830249476156848,-0.02851089639154667
-0.03238530296866986,-0.0491679340418902,-0.0025643106662597073
-0.06847063097412129,-0.059034158050277924,-0.032652725719044054
0.039563316107176325,-0.06494253735188249,0.05798928075582489
-0.01668381613952113,0.0046726088581460455,0.00022462281935970926
0.01603278257039004,0.058502097347060286,-0.009172129136983533
-0.09922209470707626,-0.03382311425880927,0.022592798285401092
-0.03316981903362712,-0.030496115182535546,-0.12971038236232957
0.0152281507048261,0.03351970397147898,0.04341007261383767
0.03911312877597371,0.02629296778235429,-0.13847239178221743
-0.07010689452824317,-0.09661275053248347,-0.0225365188542495
-0.00937423569914244,0.022477816058908587,-0.06619282506602536
0.07325998553887134,0.013332291722009549,0.013340780152979567
-0.0804140822866152,-0.0052481735398984194,-0.03458371321295205
-0.08609066224609312,0.04672944476953737,-0.012607780271461613
0.02472225080755473,-0.05499432834093855,-0.10887876343443517
-0.03712676468285174,-0.03144597545272444,-0.04461163070280073
-0.010427059004955096,-0.04567178418769049,-0.08131317109171779
-0.0013415324787282336,-0.07567025337933761,-0.04503403804340819
-0.020184335785346025,-0.11420820251912889,-0.12276892943607495
-0.026357672131652573,-0.034158805277538264,-0.1132162345663771
0.11074009334305529,-0.03643473874312215,0.03590930527705376
-0.040576356810149705,0.02198022701120741,0.05474840291356331
-0.025857535355822567,-0.049136186867633935,-0.0576607549292209
-0.027488609054678977,-0.022042849885411185,-0.024802639459021697
0.019972175546457693,-0.04577680130408082,0.018475410829390755
-0.05179808443675453,-0.010660480991808134,-0.015587516714425107
0.024030677742036568,-0.024839094652473404,-0.0112818403472215
-0.07236995436763387,-0.008677628378018689,0.024194228120025998
-0.018272474784250595,-0.05501264105856701,0.07672092431835244
0.04040226186159673,0.030509079507533083,-0.040492004966503375
-0.00142961843669712,-0.02555694041897218,-0.005095061409509695
-0.0857539156075957,-0.0722368423819311,-0.0745146869759758
-0.020271690386183167,-0.08149090941255402,-0.011073066981394885
-0.05125099629659738,-0.026846271996874276,0.046931042209887724
-0.05047317448147788,-0.0872648365572014,0.0538338357650653
0.011180790276486333,-0.08339619078958371,-0.07991001027511392
-0.07583272987339072,0.017403551001760532,-0.031452170066000644
0.003731129244747087,-0.0917155293330247,-0.03999637595463026
-0.06378334111798276,-0.10364456564739137,-0.05776027085811704
-0.01152527977289904,-0.06653794765067995,-0.03504509034350173
0.011533262432335954,-0.056307955337715855,-0.08330812162657089
-0.08789097285761382,-0.030018042467509054,0.00010352063880973705
0.011896478175922452,-0.02278560780949836,-0.051569392702456474
0.02763135352440138,-0.08705614121176931,-0.08523801272809323
-0.04306562874926241,-0.083184030703155,-0.06618400056396319
0.02303632886722447,0.0641833239442848,0.031642894913309946
-0.07897083971083549,-0.08404154137993644,-0.0181266457949463
-0.020791929711215275,-0.03587792031564217,0.056338497237894136
-0.0815163072978351,0.0845850592668686,0.009399322134532862
0.018728867827503208,-0.04441549003696289,-0.16531821156995713
-0.0623937797287102,-0.029831107148714318,0.03110276528759554
-0.006261758798809729,-0.0017560907242848006,-0.10829583477769683
-0.017213839880615388,-0.038808852279340035,0.025695974638133407
-0.013184962748413742,-0.059572118279230146,-0.015876501369769765
-0.09018257609935665,-0.028438984866163846,-0.048345243063384925
0.07266332937097736,-0.0023641441280983534,0.0468097373496056
-0.0576891952896861,-0.01896959943760118,-0.03123683304080888
-0.056087277031167254,-0.06219389859564757,0.05992470558491704
-0.0036607072360872895,0.015407635291004255,0.00940197859443397
-0.01851275766343998,-0.007692091625279453,0.09258219129822542
-0.0568879890019129,-0.0018253914981987574,-0.1314534385613653
0.012001966803270606,-0.055108099677840576,0.010434055403657903
-0.12124000981846153,-0.07295517925732065,-0.0038959957016917977
-0.05879767574239516,-0.10838034905585145,0.0006770996543795215
0.01564875610622658,-0.01457961018554362,0.02609482378044831
-0.051744594037888655,-0.06167712879446984,0.04943321451800481
-0.037036937782784114,-0.02962108669513698,-0.042864228722857965
0.04579380580023621,-0.002106123419582797,-0.009332532692552718
-0.00951622018540875,-0.0226456498072774,-0.05768547364407167
-0.028542837212651048,-0.02547714670219647,0.004066921083240801
-0.06857116980208677,-0.024436684844227043,0.019317325501525387
0.0371397241794872,0.03165221045638421,0.06992349666142673
-0.03314941785742299,-0.006021033940430591,-0.015126304410079098
0.026348899336140416,-0.040721717730920044,0.04641024618627665
0.009985889212093622,-0.11015541123058017,-0.07677232746281114
0.035471428394691674,-0.04896520451735129,0.003077778376049903
-0.06975178474837654,0.014261968213639906,0.05135681436782697
-0.0676998914107471,0.019322915898123412,0.00026619075088555114
-0.04566623875239413,0.00930772369862434,-0.025831682161880528
-0.006374242074230454,-0.023301804162091898,0.05518076491189093
-0.031275228370372984,-0.1024014748742611,-0.02484429682997049
-0.057889734782469934,-0.013422164154197325,-0.14646326126195044
-0.07223876103643397,-0.08004150593111925,-0.01867571846059797
0.012085646464489659,0.009518968711646642,-0.024686392848773775
-0.06836082882560165,-0.01327228954368674,0.05470261626069066
-0.015799311648030886,0.0005460147047715944,-0.08766149543942667
0.02568702442260915,0.010424979756651801,0.009441435979180225
0.010564891468206244,-0.002395172199460488,-0.0035758208023273326
0.014603169062301498,0.002070637941916264,-0.035251087850499484
0.046329657011552644,-0.06000554424092436,0.0822011199491554
0.003859075838948558,0.0367049720995174,-0.05962664313478336
-0.04222940944056757,0.03755372941154155,0.0426818631783234
0.019143941326601216,0.03966558487737317,-0.04646666502977999
-0.0003688746645704455,-0.043773520533010805,-0.08603952839848904
-0.03075009000847599,0.04522385635324963,-0.047764978379478726
-0.014604707459213072,0.06111898002712828,-0.07489951166161002
0.03277425169760627,-0.0220898740940734,-0.022246359144815542
0.07477126475385958,-0.08220304185352861,-0.005130285991155057
0.04331784097942807,-0.04198389756030035,-0.05588410982377992
0.07689009469417314,0.06461546952073047,-0.05155108834783344
-0.031091670262858327,-0.0186965907963068,0.020766909048176817
-0.04457927030776435,0.008734750005649751,-0.019317190626533844
-0.09162665494339342,0.008144804353514268,-0.01329853946937442
0.07281035227072351,0.04172585131767207,-0.01734557178488231
-0.02460183874580679,-0.06577924242196183,-0.08407928928045263
-0.0001026448312972366,-0.02334281651955113,-0.07718532725072041
-0.08669272583405353,-0.025964509185187005,0.031026311734492953
0.006404712907217159,-0.0737403276355069,-0.0993388844198957
-0.08605995027479214,-0.04751697108970016,0.04228243724856885
0.06168953446052386,-0.0945420190173459,-0.0522675042342284
0.005111811067087572,0.04840886533415127,-0.0015174780316376596
-0.07337079554786316,-0.043929031589938466,-0.03603688735176136
0.004443622028825326,0.023432514574989165,-0.0675391906353942
0.006113476914455977,-0.08624330186128427,0.06977273189728977
-0.00880803516702193,0.02962621487484799,0.006075100266030272
-0.10522552379169428,0.08273990428294682,-0.009020713113230565
-0.08646091590369871,0.010524791107589537,0.01787333623414673
-0.07437453715401275,0.1021837037164126,-0.03462454461307638
-0.0319456997049231,-0.1452255678487502,0.049254811883862576
0.011435058085448603,-0.04650462194845193,0.026667600599915457
-0.008321282367831792,-0.042194417187692256,0.00460021811533689
0.041685753140603105,-0.04154668946809937,0.010765975667773629
0.10346904339020908,0.07040869176025553,-0.07431069447046833
-0.006856843398459689,-0.08301113155050915,0.012319163256967115
-0.020644604646616112,0.002758581454430498,0.053709945809962904
-0.003835266349622957,-0.00847784409385998,0.049153541061508856
-0.0085757552092873,0.0635709077651893,0.06739108998577333
0.04318180629808507,-0.029356473920329584,0.0038814740515041544
-0.012193104087448442,0.06844182682582847,-0.0005678540937768782
0.02989965264059983,-0.023943938089865266,-0.048156938925451684
-0.10574647870093945,-0.00365247918743125,-0.05812485539460455
0.06349418617935973,0.020387337209040478,0.06245043510882161
0.043537799133716026,-0.02608018933498261,-0.00018606119172979475
-0.006288435213042912,0.0203172755105264,0.0216207028507749
-0.1111775976804234,-0.08543522812140458,-0.004911622952968163
0.034728305629021114,-0.04460227273513265,-0.015365572681067197
-0.054555133085474806,-0.0012903228694811338,0.0427349433677383
-0.06823029004458767,-0.02230139903868065,0.02998346527939791
0.013656645473354984,0.04532672632153232,-0.005314129719913552
-0.04943073679503533,-0.024882824253547084,0.00950642440929096
0.013094062161837453,-0.029803205253649427,0.08979197700059997
0.024204829717425068,-0.13880634394552893,-0.02207785421282262
0.08634893463486525,0.04808849039135753,0.0943721202213948
0.039183084894987515,0.020649818720779103,0.042482015633021356
0.08498316990540761,0.002845196428409022,0.00775680399709238
0.04345427731177952,-0.017037785382961104,-0.0030823409781466724
-0.014357194574525205,-0.0646934440910256,0.022108415202455316
0.13474401574331923,0.041318168422535974,-0.0513911951939206
0.0007282021264929245,-0.0568251105011123,0.032384058016010325
0.004302835171912333,0.0019396401365908804,0.019068500814740978
-0.0706969267034403,0.019685657709806806,0.042936830309562926
0.03443998622125054,0.013732698034370862,0.0029572531318563765
-0.006672536498568119,-0.009731411748176362,0.027371089496428018
-0.01980811957219905,-0.028055605815935823,0.06394506057255647
-0.006803390794188041,0.030005864705346542,0.06254258326724901
0.016444662347861978,-0.015540007517345852,-0.10929519487832236
-0.032794211869894424,0.06515433660916548,0.013171887751613778
0.13615092011625293,-0.02346794343619746,0.024786617878747856
0.04670205557160046,-0.06310047550188254,0.09572588607719197
-0.02880731265339017,-0.011227900425908573,-0.03826126686537899
0.009972818577280088,-0.07234591212333828,0.07775957122465525
0.04115083967665907,0.1589820128479063,0.04966396197875489
-0.02728126783863629,0.1255638318866387,0.04517583406172257
-0.05024337672771703,0.0399557072614239,0.00805131590691125
0.00525004879791509,0.011407543499650901,0.033468732543021774
-0.019936767706210473,-0.0006801451371023,0.010268940299129028
-0.027885084162006996,0.036729541738106566,-0.00010563778709064137
0.0034303167736337483,0.05978266399419599,-0.011529939525887043
0.1442573499383773,0.006706296106991365,-0.04105409538389895
0.07232802275530971,0.07893993240582624,0.011538590516035827
-0.0027285737829861757,0.007899856380935863,-0.014173324462176026
-0.044277650361529246,-0.05534254182315851,0.003663885153298128
0.06454649633889126,0.004241405316632476,-0.006770057205424007
0.034558397733673175,0.02252420512431735,0.0650122808533941
-0.015508158420140179,-0.06273199758976344,0.04725778728547444
-0.00652803815209173,-0.053908826030281735,-0.027969052715531732
-0.045240890629160084,0.04278359656645336,-0.02985465758471756
0.01143120794830926,0.07787151111758846,-0.011124516862638451
0.0637086579733551,0.01861050650026452,-0.04388931232608198
-0.0609590003336516,-0.0055679777402700935,-0.05034112672854591
0.06628845858623049,0.0015319236483042134,-0.08173277629239781
0.00623485602750984,-0.03561535811826299,-0.009045345653687
0.07902557500234098,0.052825248932164316,0.08829673519509051
0.09544105161417565,-0.00905630845845723,-0.02490658271763188
0.07054256836783818,0.042949352281033804,0.041510870541192776
0.05209148667485586,-0.0504339768646737,-0.008257836828955329
0.059304376593471375,0.09233802542248136,0.0652888215615579
0.006735147582254037,0.010646523395798805,-0.0039029056088705737
0.06835919808162477,0.04782071857055378,0.05873969471941504
0.10771896993026543,-0.02265816148606648,0.02382156090255524
-0.0022807555534645856,-0.09010397133245698,0.05160099200995449
0.07247798966078808,0.0836394244619773,0.07611301372877773
-0.024153170756928806,0.027424287102931162,0.044051740755377475
-0.041792982307898116,0.048575379310152274,0.011145466133060817
0.06396996149255901,0.04912327445882364,-0.05126406392135674
0.04370031447508248,-0.041426821999212535,0.12027060779191534
-0.039442798601610596,0.07009168584600654,0.12318591483000654
-0.0318762623595805,-0.09675743764816527,-0.00918757920678578
0.029392311396362975,0.005849183358521529,0.1143927037872644
0.019004661694733162,0.05776377028982568,0.03964973644053471
0.08148087348717774,-0.01807232631178998,-0.08426412577218821
-0.022615001470290396,0.109952035974591,-0.03224653815537784
-0.07074072291486916,-0.013805696892937251,0.014955130907547125
-0.00514957339274745,0.11708004848656889,-0.05578172698214692
-0.05044657563676771,-0.05876352269632124,0.06330398836528306
0.041442006714746765,0.0004367692962431481,-0.012913745538181799
0.07782757421324771,-0.014969779831467085,0.05927431823935608
-0.009943162942715127,-0.0025961071399158465,0.00791876184124066
0.0185981010246106,0.04592033817760442,-0.03393327730692927
0.11638753800991261,0.021030253447565893,0.04443226958006234
0.029969409953996287,0.08997953022469102,0.022733496827239616
0.021344536293636546,0.04057400571032198,-0.028998157635656045
0.026427634163184256,-0.04387699352678384,0.08816066544121887
0.007216165564361773,0.022805230056519302,0.03202236066347616
0.07251910280029261,0.0669454603255226,0.0068961740970821805
-0.04479650173270448,0.024940516481174613,0.015126430790425267
0.050977198287855255,0.04757794242933659,0.04795116165843212
0.04565500514825595,0.038154614190560446,0.055547065011226956
0.05130126749379614,-0.03603091614597712,-0.05738538854182484
0.023835303794569135,-0.05642983524893151,0.044107108012302235
0.028601301279623348,0.037087936403253995,0.11345902947243841
-0.058192530230322004,-0.03613479159485325,0.17236886823485273
0.06483834431332403,0.08654542754710325,-0.05645047026325965
0.07340770834257462,-0.05165610215929785,0.030776198649430778
0.04992701035263577,0.022704041715590043,0.03595301063653106
-0.013149063027258528,-0.019229417163437634,-0.02634866510714094
-0.043810706206014266,0.1141078525468493,-0.05624313564963554
0.06325910966244143,0.039902007236022906,-0.005183136934412205
-0.01488121963296338,0.04105628951933282,0.07909316559869536
-0.03912795086720369,0.022584549657330623,0.02134936574271031
-0.047585834074486966,0.05069565077215807,0.003008581738580759
0.02422968659553322,0.05684174448773738,-0.0005886404928719564
0.012163508542452177,0.01908561991082401,0.05657937188374827
0.03143328018520317,0.10036672063217164,0.10778882455769673
0.02072427117684328,-0.0003737879110143928,-0.0009188039993959542
0.008067519706962675,-0.017277660763123547,-0.00868417867740353
0.04937018261034089,-0.017962765750026397,0.058299594738162264
-0.005347487129685045,-0.03728872657250215,0.0014481315412075493
0.010560434460541139,0.0361415246642595,0.008701466739168766
0.04218175250860563,0.005167373909431243,0.07209654230854143
-0.046018793180341466,0.046929067820705626,0.04232166790037262
0.02242625113314794,0.045132493684744146,0.11054040079400917
0.03785770642348006,-0.1046235613962656,0.04019140762244318
0.04665651736457452,0.009547001422479785,0.1504300254705915
0.02871013961009436,0.009438809065937729,-0.015215745940721507
-0.0480925381818296,0.002906222164061032,0.07289339054388563
0.08690218685350484,-0.007658542979673062,-0.04620715957729811
0.04465352611311798,-0.034065624424510624,-0.07988501894903517
0.06521769323898127,-0.0033777997298562214,0.013157891280069006
0.022654762927993705,0.052061869217568654,-0.05469972012294888
0.04580555205980832,0.06908817331751999,0.050623947794551
0.012236699370278629,0.0395995703594951,0.07727133878638544
0.07524962942181845,0.035121737465574045,0.0029642543535879744
0.014014426449906773,-0.011753217102419805,-0.020019706264241998
0.03769687025807006,-0.033173303417291175,0.08731793294239393
0.003272489706620226,-0.002304737313718448,-0.06308858405746001
0.01941818270049581,0.06285176479669084,-0.031113954159672243
0.03755624565534884,0.07568093051012467,0.06644098120044403
0.02361103371186901,0.08043180475820393,-0.02298380428500781
0.060475280543359336,0.0630123385862199,0.03809790463361415
0.07136563870070686,0.07083083171392952,-0.058716039311212345
0.04178364665940649,-0.056496104134339524,-0.003350976235103706
0.09917865556379157,0.06274186457775024,-0.074076115886542
0.01723661874013692,0.07249786442060793,0.05697713441668557
-0.00015406429106346736,-0.05559896413758714,0.018358704029835755
0.10932570929614248,-0.0018198382753789686,0.03346418748183338
-0.011190074689632176,-0.04382890886455208,0.07038260964345079
-0.02539178861048983,0.08496618480138611,0.06128673761643181
0.11954617482501881,0.016858696061973558,0.15184490692910887
0.06582214188322143,0.004945509286007432,-0.02245151709381609
-0.01663763342810321,-0.032849490820796745,0.011351962716558844
-0.0003466022908282015,0.03556235819744572,0.008922739368668758
0.07393952075630192,0.034701271601273356,-0.07072243025898033
0.04815749509096692,0.03253570996959858,0.04938598379502947
0.059637593568969985,-0.007061163387202453,-0.014580850469265709
0.011454293040915765,-0.008774080736831176,-0.03233506990285312
-0.002798184923797629,0.04232450651000672,0.08716679678890528
-0.006863475151627283,-0.02604628871387043,-0.0010678749259030642
-0.02543386550441205,0.06268892932626902,-0.0007844172300633303
-0.11661839611054751,-0.05660480368408713,0.05445176610699672
-0.0523789515845005,-0.095395961573088,0.09789203530531793
0.05863911671998654,0.059222348366121745,0.09978503203555072
0.09393211639002227,-0.0030903891484825394,-0.03950864012698631
-0.01569279336227588,0.05343669239245773,0.04724322550789573
0.001937954452729762,-0.018972059229089677,-0.0725850330102516
-0.031418143375965005,0.0393002077152485,0.09601418744242195
-0.030036632988797864,-0.0281658080640634,0.07725681751221995
-0.04205506982421738,-0.005152486892635174,-0.061804995878476314
0.03388781329357361,0.06170424941782819,0.03692142888102996
-0.025080180157992647,0.0003837505647693324,0.051850257925109854
-0.04841565436583294,0.07024527844845457,0.011494060063995431
-0.027947689691593253,0.027170302344053057,0.016079028142099563
0.02266543726930581,0.082798511650729,0.0491321045463127
0.11594281711775567,0.044884712736246446,0.0739005068057218
-0.015496823232767139,0.002281203867179931,-0.015873123008517988
0.0820082439045811,0.07673233660418875,-0.0653260293102553
-0.00966519356301868,0.042394794268876476,0.038658034210624394
0.07445959114037833,0.049802781262984694,0.08328406407888125
-0.07640933478696114,-0.09545380481770695,-0.06708591458377498
-0.021789278963054985,0.014320485919727642,-4.6506646924258065e-05
0.024501928464250956,0.05866881612306309,-0.00510343608409256
-0.10139968454811264,-0.012686420859499746,-0.0933657231502277
-0.026602609167792543,0.0651453684171076,-0.10328194217746957
-0.05738125711844224,-0.006137417047463672,-0.015625213530448313
-0.02764856937492323,0.01691273453778775,0.047163243242166177
-0.07086548595408719,-0.021749334246374777,-0.08200261086653209
-0.05447765721257708,-0.034057756980162585,-0.05316578356979404
-0.0057377831805085835,-0.012681908547811236,0.09290330837184672
0.04987332741799183,0.0484045716467512,0.08378057370810446
0.030068027421948196,0.08214023906892934,-0.03299620359401502
-0.012152736877187459,0.04577063554982036,-0.047411273985741346
0.019166185878386716,0.041572964098034196,-0.06500363438132545
0.0631289987203138,-0.06933919912906852,-0.03937675440405342
0.027598101074748575,0.03835271405179689,0.030822395386887233
-0.032339970641855016,0.06689981296651692,-0.008765736869874606
-0.08867445764672532,-0.07567821753870932,0.05144739398407288
-0.00720420435486669,-0.0009177089535212796,0.05067614759585097
-0.06051994175151783,-0.025627089200424443,-0.003451604236946655
-0.0034150510379081936,0.045019191721828306,-0.012046595638543541
-0.04153902591336909,-0.016240797571105033,-0.10316493529829646
0.06940797574127044,-0.04135118717920901,-0.029928895132183716
0.032292583085602095,0.015018166117415854,0.007320015118621708
-0.015799402225200487,-0.028298447577829754,-0.005999468271778333
-0.010509812298130194,0.021704562425030674,0.028755982730540402
-0.03373115137946508,0.004040189341051536,0.03945334720613519
0.016260953646242905,-0.008264926588548173,-0.04954376821556009
-0.07563539497889789,0.013908621930265552,-0.03286780045661925
-0.09754014402048984,0.02360528237377476,0.005031876592940529
-0.07193182389184166,-0.06635960605917725,0.0073440281222008855
0.04327121742556079,-0.0070379537347149,0.03747845617155608
0.0761734032055794,-0.03774714299109252,-0.05031850225366109
-0.031823246306497625,-0.012507657324850869,0.047978919661542205
0.029574895536532163,-0.030632260063517748,-0.049724209903209145
-0.027860885899527753,0.04598713818069439,-0.029812054535844817
-0.022384326450952514,0.07897620736033516,0.07395574605267276
0.0005639368143323916,-0.003856248251910186,-0.06539580161564741
-0.0001295404029204592,-0.004535198129841022,0.04232140951671167
0.06503567560933386,-0.006541207010488624,-0.06020167718815517
0.0587940228136859,0.005198791370521006,0.034516105058982144
0.04935318207660234,-0.027302046375623574,0.031235909947596105
0.030469668818798902,0.022831678548751663,-0.03986530048456496
0.0074329690650786935,-0.03913613904029846,-0.02855334571897522
-0.08604241476307446,-0.026907848036711868,-0.0010839667107440248
0.03006004941815893,0.05032156703400452,-0.12722504543515287
-0.018553862381982218,-0.1026740017633071,0.03394484730517734
0.021246085283383176,-0.06138949136292365,-0.02848891269040347
-0.0033605260213130208,-0.0045522530601787075,0.03793143163590502
0.0005697422062822585,-0.03767731342597808,-0.03159907302618947
-0.04126005130799351,-0.0240866845665028,-0.0188034575496958
-0.01351023487057446,0.12488238479701631,-0.017359408977865743
0.039589113554701676,-0.10343268525815474,-0.0025927719651595224
0.024457507040379696,-0.06581379768106604,-0.034620811324113196
-0.044726897323430874,-0.023012269903517433,-0.042171516511986286
0.0003840500080610921,-0.03320063628030842,-0.015737954130392834
0.02223318997524141,-0.06664963389774949,-0.001250658459949627
-0.006513924237009359,0.051471699009044525,-0.03828591572833268
-0.009051105171510159,0.028872650332711615,-0.03314735296186438
0.04909661248747514,0.06775343519632189,-0.0077920758583615735
0.005633838813339932,-0.017371444092987794,0.029023519258170375
-0.039039610800259,0.032179428002836734,-0.012403026125089705
0.05192274821051658,0.07182321732176473,0.00920138037603348
0.03473339695333597,-0.02301377438452901,-0.10168537612356977
0.08450962904282286,0.007205736348389341,-0.04082753704097702
0.07929631160579677,0.038571259451433706,-0.04574910288431061
-0.08120752557342299,-0.012544279612863227,0.11454317112385705
-0.041057128913271554,-0.013984202183206897,-0.05561375319565585
0.06968767387972478,-0.11098559028051315,0.01186644963008878
-0.06431034912389211,0.022048406797634548,0.04152055901581918
0.0328425900454987,4.621942347257657e-05,-0.009752980130955172
0.01661364323990707,-0.03190208568541041,-0.0331745451496262
0.00938969859493539,0.07899845796225498,0.0597809041005899
-0.014994766044130274,-0.019506202857544844,0.001153477122353367
-0.027469888145266606,0.0023562204377690823,-0.02091023937551941
0.03025926494046404,0.010788070219179888,-0.05153214971602389
-0.06625912817170083,-0.0662258396989712,0.04005355697263013
-0.02032536675504925,-0.04979821974632714,0.0343598453954633
-0.03093221264437384,0.05718245626879698,0.009664524256472918
0.044226432807060526,-0.00040414289341240625,0.00930944167385393
-0.057396194061032024,-0.10078327058485405,-0.049889762634112475
-0.027057563234873856,0.024552826093915438,-0.1484260098395179
-0.03611291836929799,0.023654860228222798,0.039227275099244674
0.0852451557962789,-0.0037160792888104657,-0.08394852608300077
-0.04165699610987878,-0.05481694954839526,0.010962831735773101
0.07663735683375499,0.03737622814100386,0.031356535272646216
0.1279363243753123,-0.1008878579782494,-0.06094351031603172
-0.024801395808146425,-0.02562959111404351,-0.09366180487651513
-0.01135322775342831,-0.00022899787272527214,-0.004682257891347928
0.031773901820383005,-0.02079426267041314,-0.04559680388197526
0.026431822263544454,-0.018133614029798992,-0.01033145988315309
-0.06249831786986954,0.08285605783279698,-0.03133655947730642
-0.022554683808536043,-0.006240042889454728,0.04900250826653499
-0.028280311783570787,0.004580758214272146,-0.029055144762697716
0.08914970975297837,-0.018743462846729456,0.025548504467320585
-0.0881987693199416,-0.0780498989328491,0.03918901414394428
-0.057974469596136724,-0.04816446890655166,-0.09053587927710645
0.017125479468316877,0.03153168638713316,-0.053631735631352775
0.0017253290159617955,0.013341354024707111,0.03651983455771596
-0.07926881216022742,-0.02335831152485183,-0.03796664154582988
-0.025746314912573145,-0.00011439193787314214,-0.037467370627519286
-0.0678254593031159,-0.01018868834455039,0.021536128824011472
-0.11415901373812061,0.06254760062799025,-0.03730379826721453
-0.010382651365035305,-0.02581320943100335,-0.035371988833086274
0.020051467479424986,0.015835051878723378,-0.028465803741534536
-0.027872729129237835,-0.05835620617280084,0.03402682150968535
-0.02633788334671691,-0.11936270961884438,0.02552865320754871
-0.08794159799789428,0.002115758785056387,-0.06801534334429402
-0.01950101681174139,-0.06462332546862101,-0.04012452189963882
0.006224539652999173,-0.045147551407776154,0.006614276156528022
0.07913848609358376,-0.08156700164934597,-0.08512540904255783
-0.10618245638513299,0.0038171911237962278,-0.10040688971956974
-0.053463770407444614,0.042841840832978054,-0.03822208495148959
-0.06761779184753836,-0.06692699557849496,0.006258078318216193
-0.006865635125902695,-0.06358846203060464,-0.11964485305162598
0.03615673692839253,-0.07942541603731718,-0.047307379291648924
-0.08694227193941814,-0.035084624701676614,-0.043675678401880386
0.030840457779322768,-0.012982884841400474,-0.10038048312421069
-0.02246348268145651,-0.0012012463489878208,0.043882117029333124
-0.113432755549558,0.10664625757491056,0.019561497376198774
0.014889416584124737,0.05264216747275315,-0.026752575504997534
0.03283409311037884,-0.0031377658099290724,-0.012509970065090664
0.00922729054035297,-0.04193641027571574,-0.013269369771489944
-0.05768653862326448,0.04105848207845003,0.009641197113217297
-0.047240410455991616,0.027264161701464843,-0.05101170962035756
-0.08743320263751106,-0.09240736445506688,-0.061170924413500305
-0.03852185865347109,-0.025586612688170612,-0.013278537570187435
-0.07023628809341477,-0.05280984429262739,0.02551758460848218
-0.052191639207747303,-0.01669249286495897,0.009693325636983052
0.02491295139906636,-0.012619028687346944,0.02241697108961413
0.08577979736845022,-0.07135398565261769,0.08628793552389193
-0.08380243571127867,-0.05756367810326149,-0.14326569122081684
0.03586897563765078,0.05832808004635974,-0.005259935725148922
0.037116486867235246,0.11461169352406701,-0.09542512431780185
-0.06024465718151345,-0.02033671600768358,-0.058650306050444065
-0.020442954709784918,-0.05652136304105686,-0.016135054063919543
0.05516492855238621,-0.026704067099894598,-0.02179438187292612
0.09669326808962375,-0.020938804179617736,-0.052950328183056346
-0.059863419526475975,0.06376847002993728,0.009311370608221365
0.04101571723455701,-0.0009238812685424432,-0.004677796929811571
-0.09330798887234239,0.02862353767628636,-0.013389213246934123
-0.015006078328900035,0.04693962595930155,-0.00284618848309345
0.013739987709103035,0.0470562322642999,0.03855845186233475
-0.07438828262648513,-0.0010035669988306684,-0.038550629742722636
-0.10478336208947779,-0.026288063058276537,-0.04576482940401777
0.03889243513733456,0.024916828362962638,0.004435907655879211
-0.018291428830080354,0.0008638730976648322,-0.11993542361030368
-0.043306936743068014,0.04257968535288212,-0.06790659033973692
-0.021082841205592964,-0.06237158034477458,0.02998626553460548
-0.022296767029113703,0.05895586318743348,-0.03334000974842566
-0.016991659909305967,0.007038198276666456,-0.00841954064536541
-0.07663352610351926,-0.05506046470118498,-0.14877370893279035
-0.09894880313806848,0.029629165344183816,-0.017388855622207173
-0.010041779176426964,0.042486100828881115,-0.04493145886268064
0.021802752479724498,0.020310902698513753,-0.1003767269771875
-0.04367271896704615,0.07127684290838864,0.03492124966618458
-0.012837210859745346,0.03459707593962211,-0.03655909357800796
-0.04371180692988645,-0.02744884514313781,-0.051700498705987946
0.004494496303994691,0.006439356103362246,0.02228456984825469
-0.023397084748275954,-0.006858170502251985,-0.01577189229182072
0.018859838100463266,0.012949746714875851,0.010120309956229166
-0.019004242518606274,-0.05463989068638571,0.016476635044555623
-0.06953013910810629,-0.07216272204437979,-0.05917531110014604
0.01721305518745391,-0.05509243491197032,0.12429324311838155
-0.06271923039880227,0.056916839764019095,-0.03858981886083933
0.03857790454827245,0.009480874465076764,-0.033494571241852074
-0.045330827063276534,-0.010186960378554079,0.036781204423520314
0.011926851826987614,-0.03908758064061403,-0.019913823880802956
-0.0006675418391486141,0.009081331806748456,-0.08206993970523624
-0.009117484721732825,-0.017124210323998516,-0.05371548982274636
0.00844966211624652,0.026857598636673623,0.020436685197873648
-0.021119723252233977,0.0014481059085692752,-0.058016538610361094
0.03587386132511648,-0.08473530306612549,-0.057312038635838884
-0.08379355266462808,-0.011789022399162033,-0.017122765618638965
-0.10249258129621888,0.04730085363937005,-0.04832562643073991
-0.007123413388240439,0.07577521557188137,-0.03957319027048442
0.02715400522050978,-0.13348168453188172,-0.006339312788709802
0.015043217629138857,-0.013031453405848397,0.06766344971561497
-0.023729585132841468,-0.01589201595370017,-0.08332355048455806
-0.013502595021384435,-0.007907378785910569,-0.006646296142366756
0.050649229840444975,-0.03834565865287347,0.09218082929524149
0.012831655147656865,-0.04740583453557675,0.002455808134247327
0.023116154077225927,-0.046988608643289485,-0.07498000247369765
-0.11178254578449602,-0.08220069015384435,-0.01718563608138891
-0.08281377249340356,0.06583360344840991,0.10139704407981012
-0.06792756010701183,-0.015322759719654754,-0.07187158983926224
0.03857276445705811,0.058054020844429684,-0.0855145924877081
0.052055809237596666,0.06436715977653129,0.002664068185135711
-0.014682158162492603,0.03468641566317465,-0.12276179387815848
0.027209358613415134,-0.0010716834097332113,0.0043892020489232145
0.044806254437318664,-0.10226212977913883,-0.1301886243278709
-0.04472010927351651,-0.09110012637625742,0.1130976318834791
-0.02777977923767644,0.03776014447035172,-0.049033762964610164
-0.13192855421962613,-0.015738736707306012,0.0019512852158009488
-0.07693080939660572,-0.020062881136101714,-0.016523597439583156
-0.05758731246036056,-0.00026574415100603065,-0.0001243100442417551
-0.04942401097838128,0.02700800261130246,-0.02107344926301395
-0.08128287904392302,-0.09226204827759779,-0.08874385424911127
-0.00719141048998551,-0.05811731995502678,-0.05522502846139936
0.022163431222739137,0.013333547145702484,0.012246287699104018
0.06377018368788882,0.005932690004955269,0.07053806964999257
-0.0675154737655452,0.007173963175611878,-0.007875323578562693
0.03035967633753811,-0.09798016485588396,0.006343245766272508
0.08879655429237839,-0.008887923481823483,-0.09265492438535049
-0.042966946475790774,-0.06367050994983224,0.09780997859741486
0.029755589529161006,-0.03718205576039176,-0.011015347639864607
0.06547331940044049,-0.03315726752257798,-0.02962318844448262
0.04624739437618182,-0.038044171717442406,0.030032060012009518
-0.06993460755886671,-0.051307583562230634,-0.06347203294330205
-0.039378720650355616,-0.001583106928856578,-0.036759481808369084
-0.023899103236474754,-0.04052059784256597,0.007556140032602931
0.01024586648191889,0.07308128089556847,-0.00884052193372374
0.00020069796122054642,-0.0008137573047793272,0.014889672296957257
0.06235303201038373,0.0026999295936927423,-0.028286699823399306
-0.08011076740887667,-0.08598027014999476,0.0021771072093967558
-0.02367172445419076,-0.037307407547311405,-0.03085826019618408
0.0440689773255659,0.056283233172156714,-0.03129416367438605
0.019022596228782877,0.01266670709232146,-0.012704776540397119
0.007976941309289134,-0.005938204850959084,0.003979282684626675
-0.05891309219393374,-0.05871434772313953,-0.09060940956523894
-0.05114613062890932,-0.017606310313634136,-0.05072105276393291
-0.06355884938418331,0.017055272625885364,0.07744002656176689
-0.0421494758486376,-0.028868307696235926,-0.050960390222951034
-0.06566035822771496,0.011401604004003318,0.0050306988458513205
0.03376808868334105,-0.02852877257927001,0.05304217842992623
-0.018217997086268947,-0.0014652859366780634,0.030140558930658517
-0.07339469081302177,0.03711411763311554,-0.1484188401492716
-0.025771635271645013,-0.04086400299630082,-0.037646514142998626
-0.09914011239960599,0.0047525786794548955,0.06424888446614532
0.026439813846065245,-0.043664415127549545,0.06127712519814606
-0.03699166886607376,-0.035317264011443875,-0.02869343704569304
-0.01755969302593672,0.14832913906424797,-0.08067647928638225
-0.006656593497747918,0.01681862677115834,0.003192360777368767
-0.05060718212245059,-0.03185152847805299,0.003710314677204151
-0.05516080512971475,0.039972121951189724,0.0003551955331413891
-0.025597309162661456,0.05237743311697614,-0.07926653121492296
0.01703287949584414,-0.08438685098040946,0.012678880806170762
-0.046429075407251746,-0.03785265905154198,0.009821652431624913
0.009063275696515749,0.02130490721378838,0.006722697476501863
0.005953855035622133,0.000955062277321837,0.03393739816276792
0.10476738732608298,0.0031774211638854063,-0.11034166421552838
0.026444112917130336,-0.05563803788669537,0.018105033537594677
0.0036803237955574074,-0.003243689736908255,0.03805725573018722
-0.03633200529598868,0.02159628327358309,0.11640817372720669
0.12293285878510504,-0.06794706808603869,-0.027654640824315853
0.04735983728888789,0.01390301759118839,-0.004254741784633688
0.050362728638158494,0.026550522835866605,0.03793674544858952
0.04745740453773838,-0.04134383735518472,0.06308275022005112
0.038495009099889545,0.10382574930448646,0.045159003509284555
-0.04050051322838029,-0.018371328893230697,-0.04760311529893689
0.07230300115993217,-0.01879118972298779,0.015190413850175031
-0.04886603485158546,0.060081876546341395,-0.0227437482159427
0.047894012515205135,0.07143500456206622,-0.029988629021516514
0.01910477843749238,-0.02360298580091934,-0.012052962079809122
-0.06002061373343279,0.04316184405843812,-0.02161282342243428
0.014068955622605694,0.03857381696260974,0.015746307790748905
0.025877523434428208,-0.03142098659906121,0.10817151130134343
-0.0008205801436274723,-0.020928078651922945,0.037661572341234406
0.09597741613924593,-0.031640869673460706,-0.04335235483388477
0.12529583110435397,0.06730536236030085,0.04046469440388942
0.09456907479962282,-0.0898452095275494,0.06975732891478659
-0.05860129169142662,0.02375693790338204,0.17633047138505725
0.08940082610816434,-0.04731386122580921,-0.08948599514760942
0.022820610979110256,-0.0744270023893815,0.013779243466006048
0.019025041661095574,-0.015737332667023124,-0.05571358842909731
-0.01539763264358301,-0.0017740086742770635,-0.12153445677483475
0.057949715572835445,0.016628976973208642,-0.02087387476020522
0.016943760961088402,0.002035704757504154,0.032266660115617574
0.011399575327018376,0.10764995830411492,0.020465891656795597
0.0906143921269826,-0.07325682223444864,-0.06409689689133935
0.06122444741564099,-0.06949765330596952,-0.008853066317201995
-0.04438560671632458,0.08625052564787611,0.044852812693386375
-0.004001353059690772,0.008500150787536555,0.06873215086940417
0.063981761519859,0.045304573945515667,-0.013892512907662082
0.004215115463707338,0.05582476681329804,-0.009296790738272599
0.05600845509937327,0.06319227731382744,-0.05817998683471935
0.09854821331068393,-0.010243045120441052,0.059814703914758266
0.000841412598473739,0.05762588238722269,-0.08912106168901823
0.027440372607542677,-0.04068239470543009,-0.008957646616071508
-0.08497926228835986,-0.06809833127842148,-0.036477495662103995
0.006155219371005879,0.012412443206893286,0.07150616365218936
0.07479929431573529,0.025723263991197627,0.022057320838973594
0.045488715809018004,-0.06017080698307928,0.009757180332216252
-0.07069160272632538,0.0246758292899232,0.09390168819598904
0.038272877985791674,-0.03450420270796498,-0.026765103771330324
0.11001114386180942,0.02932720761550901,-0.014171800978058272
0.007365063732461199,0.0424819086589274,0.004703425299742818
0.09110165470476735,0.07670662554267255,-0.023430673616004125
0.0960482066509032,-0.03071457855524102,-0.037357766937962826
0.05369070998401975,0.0277942059891954,0.018481376611413455
-0.049423455822163016,-0.051137232793273445,0.06719878506565163
0.005455441362723374,-0.09264500491447386,-0.006274796471358389
0.04444045683722062,0.02045259008222093,-0.008799672967235023
0.003560419638061441,0.04732853743837829,0.02131615142292212
0.011245727867879914,-0.041780082183697616,0.08389741103122529
0.029030027381323174,0.018210551263405563,-0.009405813837967153
0.015299533069054943,0.0050586737036023115,-0.008484134204121776
0.024738534399283908,-0.12070643581475222,0.05568260999724363
0.0034909373859996883,0.17358324984066906,0.04346741981849894
-0.03504571800548234,-0.04754125538871329,0.03446581977064188
-0.1419814016793641,0.0637896612471545,-0.005562120563630153
0.13959013432846362,0.08831504482666754,-0.03657200694653871
-0.007940870303576618,0.024467959819766762,-0.006561329294248717
0.022092816319083178,-0.03905312501175485,0.046607359937548165
0.043510812170743644,-0.024696366087566504,-0.011597297088281777
0.019591961306766457,0.08566275850040819,0.0229842605218041
-0.027066226061210938,0.08598181694319919,0.08245216973064859
0.06042680740330595,0.0005575260192808816,0.048204568232638065
0.010465639621630173,0.0373339843562701,0.029349787316742718
-0.01906883916896145,0.07162848634509346,0.021345702706185285
-0.02167092519534673,0.037600715366402075,-0.004009891007039013
-0.01613081860404217,0.044849579940125936,0.01990779856011802
0.015533488640089311,0.011774989449415048,0.0677394722035953
0.0362288863501188,-0.0405969979869813,-0.0689649304440667
-0.023890162021676292,0.10050329213932954,0.1199831251654645
-0.012346840998099878,0.012998503126769395,0.002409584301030814
-0.05651862350717683,-0.06978405510782991,-0.0234202938162849
0.02405978872772185,-0.01775249373507814,0.05615740317687954
0.04271808231021856,0.03112884553803612,0.08701856658227251
0.011225101088858717,0.009445784415476204,0.018446041385870054
0.041779514601077664,0.046281669620895104,-0.007739370864675445
0.021433501253221555,-0.004196250941703162,-0.07524800034240936
-0.008846134689111725,0.04513612946029702,0.04861216746700092
0.03256987173999455,-0.11507470840118664,0.008881487097335813
0.02532134882581623,0.044413050946458046,-0.00918089727180394
-0.08002811070615702,0.039708414709077496,0.041658748059325346
-0.016354019392152714,0.003617836197078353,0.020788078353324774
-0.1052324431772795,0.022289307696661154,0.04133484845259932
0.04971538984668751,0.00991296583518241,0.018177389335543682
-0.028801414068385316,0.017667595996891466,0.05609203822419873
-0.05559559867996283,-0.025114841372536553,0.034658030505232945
0.019910839317629003,0.12880433801703317,-0.025516929887119885
0.049896952973062056,0.036502793070316134,0.05590218633951757
0.07657092131859732,0.1255267263205575,-0.07936094489188715
0.04520421420016285,0.008808469341734761,0.07578357037687308
-0.0721754370619327,0.06480788711166184,0.054406229541080514
0.04998079883640849,-0.009181802056196287,0.005297997033693373
0.0610163275556705,0.022322512715305075,-0.04571967948181701
0.011195273933195336,-0.038094818359305074,0.021155816661639244
0.03030460948000293,0.044545662664255914,0.060421848405241715
0.04388166840771725,-0.02586105334375668,0.06567667518998482
0.13572623439260667,0.08643534015106548,0.0034308194376950676
-0.058708528880207236,-0.0729834882224135,-0.004031205610807196
-0.03151445196097076,0.0348398428497883,0.019889513407880408
-0.006569849089761718,0.016135652878677877,0.01889810891388424
0.03389200632581277,0.020535348109494016,0.12092143610070394
0.095782103479245,-0.0333628241499528,0.06062671093113757
0.09871050544441004,0.030032887680366577,0.06694326791829236
-0.03198540632651194,-0.012806160863598894,0.006843081367145834
0.020910920725740904,0.06986804702666441,-0.024849661565350234
-0.012944256953741521,0.0067596812781507195,0.01889039228805012
-0.02902800795909252,-0.022050720771818657,-0.009792080304410748
0.04434108536025302,0.0048435421197846815,0.009278323812826787
0.02658551265453516,0.01435284668409137,0.022571053287017705
-0.03245704696494142,0.14945062685060545,-0.024330159375351684
0.008944250832658882,0.09160501087048925,0.06534968800303477
-0.06619804303243707,0.04751037266583005,-0.020123869857560706
-0.006165345664949785,0.021943355181321338,0.10760002223099527
0.05608029650203143,-0.027806537735475506,-0.0417873597317104
-0.058577104013028666,0.06520075856704842,0.031473975110566585
0.019653884343843856,0.039249746653050116,-0.07233067872035817
0.02605877126687753,0.02727337978450072,0.05169305199003012
0.059843621283360356,-0.017358006298922736,-0.055905153040999064
-0.004656141776577586,-0.001957152971434388,0.021326993028076776
-0.0027886579567244565,0.05988316431584541,0.004017017461034261
0.025062424448863085,-0.01856325649372352,0.04488236295701001
0.06719292035102432,0.032396759339158344,0.09104637397395114
0.050472869023121994,-0.11535297395268594,0.05018707042208745
0.023601090529415385,0.059844398404628324,0.07714620108767174
0.028678554679626433,0.06960295882783168,0.0439398024691829
-0.04542961522336528,0.03598643583085484,-0.027439625309867977
0.07176637442862638,0.09233728740390677,0.05329376030719415
0.0024330417262010597,0.014459177771243477,0.026123661063347996
-0.055189459454400555,-0.07753231459488336,-0.03458345251892596
0.013751502898658527,0.04328908769211495,-0.05969102403566368
-0.004599429846762763,0.0367368764209206,-0.03795268847632137
-0.02421711517761082,-0.0026693207354267934,0.11028580437983805
0.11391413798405167,-0.01484620232606277,-0.005773305213536962
-0.05837250435133462,0.012368338723246174,-0.033318949514732354
0.008805791729980795,-0.06559413875232617,-0.030419537639776187
-0.0363116173020471,0.07870222847664127,0.05057441713529921
0.007981309609538622,0.05608927940834706,-0.031329823156519075
-0.02003758467468201,0.07216976112435186,-0.004667013461973199
0.0011521493111371975,-0.0017866392122874476,0.051640311847167455
0.05885474222744909,0.06493965027445041,0.0339586177295707
0.05314774244731385,0.019867222367735162,0.1220444835877885
-0.01953304716689558,0.06793479163356649,-0.022846844881876015
0.04592093588050069,0.02560437073389224,0.02629164206639681
-0.02151364931912246,0.019624653950849454,0.05204084535898401
0.018447129214829584,0.08800347569273381,-0.025371728720269073
0.0052640426797265555,0.0856485753119632,-0.1095087124450172
0.06647585886766404,-0.06959465629667021,0.06824064456299325
0.02381545696891286,0.05090228297952319,-0.11497091377106042
0.02448875454877087,-0.09676482433023295,0.052492284319741185
0.04899447984353521,-0.00014495024173540212,-0.010151169667934298
0.034649296911761954,0.012870848805733033,0.15443977941714992
-0.013522104397130424,-0.1109063431270802,0.06425720440444126
0.06625412294737404,0.059809240103942285,-0.037237217928100905
-0.046245557599573696,0.01749458773679414,-0.06414381121904311
-0.05358657712830896,0.01692506950890118,0.04510696560653914
-0.007824628473459556,0.06999199607453856,0.01351636102223911
-0.020397890074031946,0.00799050554029345,-0.019529095114703007
0.15321618588712532,0.009876836820605207,-0.014150974770994324
0.03496941633557503,-0.004953785781346686,-0.04005018059378449
0.02640928015133691,-0.050169609473136006,0.027701507035933416
0.057228291036904855,0.02102199821236133,-0.009977547939810816
-0.038703245389837104,-0.01014528388652822,0.04216421954006168
0.025989267275495567,0.03209841605392547,-0.006685049706855806
-0.02734899314893113,-0.04844648441436456,0.03293158766177761
0.09667615144861429,0.020555658079127348,0.010948661083340413
0.0012468087028974376,0.07042288645706633,0.004011423459429906
-0.005972418808528238,0.04503144266333033,0.018725359252642907
0.008849241712169179,-0.0004817188957131524,0.01182017337970902
0.04513535339835283,0.05565720147150073,0.05892521803917499
-0.025473994043481135,0.05621123785436969,0.00030801689445373887
0.03875620773269922,-0.1067747268773565,-0.014838077844447885
-0.03909546606277757,-0.017583065667905115,-0.06694398013849888
-0.033821501895592396,-0.002635455822953139,-0.000754535648809652
0.029789853476487025,-0.03250119464180344,0.0015280865050688627
-0.000394832335792667,-0.03958846347857971,-0.08015418073065639
-0.029458963060944792,0.13915365888853307,-0.011124679251253322
0.09741882023498388,0.09151289222497634,0.07873031395815117
-0.056432845652799005,-0.0684468657265723,-0.007944616581267884
0.01223049904525706,0.05695105287466597,0.08162356530204376
-0.05370176367732242,-0.0028073357020878503,-0.04546183070416845
0.022797695742643363,0.024330509856898955,-0.04586162686501062
0.020691118682117683,-0.03132881303885928,0.026091655373827287
0.025153898881986027,-0.008489803286673217,0.00814782434325604
-0.028718232484327103,-0.00043929266052042393,-0.025665808366162307
-0.009363541899511121,0.018349151245895742,-0.04911237990981769
-0.030885875223739732,0.007484939986671276,-0.0472055596313662
0.01350802317267456,0.049138686160764625,0.06926117721555723
0.08143168723893295,-0.04924208219943872,0.04381567743526442
0.02695387340737375,0.0010244539812662963,0.004597763292986631
0.02051188318543442,-0.012199723072362858,0.05740457718407332
-0.008409845941335658,0.07625506786080621,0.012051646393979319
0.02978396299552361,0.05990088156293905,-0.015686547793366295
-0.012130273160668548,-0.04751068471603176,-0.004731589875402753
0.011260199872486602,-0.01770236815502178,0.03139542300257557
-0.019321469714493122,-0.02965283254470419,-0.02345416157856338
-0.0037072401680707605,0.030990776454882154,0.06931264229867229
-0.03879182057331124,-0.08792998416632619,-0.03706587765545947
0.002537872382650702,0.06614638957076105,0.03345366459276238
-0.012248104872470264,0.05075224264673584,0.02546919169031791
-0.03692949207899842,-0.01232309310032792,-0.02538845058497074
-0.0685976158477901,-0.05887776235184576,0.011422859202341967
0.010622907000921725,0.03611982903934598,0.07879746936524583
-0.13966167880845032,0.06121370212489087,0.02514358236598898
-0.13097590147025448,-0.03688735428059305,-0.07860679438342408
-0.118032453880971,0.05002366657570326,-0.04433478697029576
-0.06602109426004144,0.07130603841113124,0.022036406640559454
-0.04875567841613515,-0.13940661204309776,-0.05168584439894719
-0.031557342598121735,-0.02216004083462317,0.020386146444254936
-0.004697512600434156,-0.03284015289078639,0.05234530123754225
-0.05484887595302185,-0.05082210376035582,0.014248615567222995
-0.05847928462698386,-0.08815102245212242,0.004646927274339222
0.016848414324915083,-0.03238997851260335,0.004282039118418535
0.01636856588180663,-0.08920687736364166,0.02548947223871586
-0.05881328844691777,-0.04789891839903511,-0.09417949539228887
0.06296201943750794,0.025256136531217485,0.0029299439272558753
-0.0007716847629691097,0.04962254086688703,-0.002200608752473873
0.03381187216941366,-0.010467128307315799,-0.053766944513036985
0.011580056629109027,0.020211007089153375,0.10900815594011944
-0.08612488991088417,0.15492388443502159,-0.04821804805520406
0.056100204509064736,0.11496202507810524,0.058565314401045246
-0.004430708323443422,-0.07022325201944371,0.027650202874606126
-0.03115632889440567,0.07131497753310687,0.054232086904728874
-0.0004687280787879309,-0.013928045913468483,-0.017235721548493663
0.002824775634680615,0.06097033137505806,-0.015183930272093974
-0.0032975673027991342,-0.035037396452118105,0.08745251510887066
0.019308231538512438,-0.021760384008410953,-0.040639761002342914
-0.0022812797937955334,-0.061868928186603195,0.01225547009340341
-0.03630472993314135,-0.03984303416549649,0.009081734109146113
-0.09231691208397554,0.02506375547661173,0.020984229940857614
-0.07088219984989622,-0.014815684610614254,0.029672994079418077
-0.06191925439929298,-0.024474952539439345,0.007141521232041433
-0.05638696221495292,0.03741076584323016,-0.06483861745912829
-0.05863412316747329,-0.024742343825490936,0.0008161201042391607
0.07147954424106981,-0.022024591659533643,-0.014765065081635139
0.006398702105078927,-0.04140497568128952,0.00659506070796919
0.07838940215235202,-0.07263392916179134,0.010937952512357338
-0.10084037408291557,0.008492533638186275,-0.020153939638163622
0.001148115857186504,0.049641081268693016,0.01859896898424226
-0.034532936965578784,-0.006261071715931052,0.008567821525904691
-0.035695859440613265,-0.08299731853588171,0.018466455841902808
0.0024553167948472045,0.010182195027378656,-0.02618718588942997
-0.004317722744336831,-0.012300450587315598,0.05718272365557399
-0.04736293267237837,-0.1684022797780269,-0.023479401467829536
-0.033064928692717946,-0.02797455265686498,-0.00027348087379901534
-0.012529327179340868,0.007464377414399061,-0.04576256107372658
-0.031185558960626213,-0.04538651562354262,0.028456972000975838
0.04804488563075754,-0.04432291091361368,-0.007514688123018065
-0.06867829388683042,-0.004482006496297939,0.01476420597042534
-0.012246449631246641,-0.104482996833056,-0.05632933997569585
-0.034779552218002344,0.06834355587353838,-0.029868754744315412
0.032207897210766334,0.005280278159117285,-0.01974035275449497
-5.637189340906845e-06,-0.0027739781077610742,-0.08852411417834438
0.03853736275927812,0.05690552123745296,0.01553415730448993
-0.04494065223406443,0.017584685531381414,-0.12702392248629185
0.028837977794233763,-0.02257997575403907,0.08150229540629933
-0.10916324786327833,0.010005447390544913,0.04682086659583083
-0.03188119941350863,0.013321920584372027,-0.04892891437359165
0.02102446223173642,0.025073967568435353,-0.027707565587426895
-0.04366184291381062,-0.0486909879659883,-0.06750196073807806
0.006666773856859442,-0.03004380373986619,0.05169271274057213
-0.07856340576208516,-0.016887793134019426,0.028965480803166518
0.020509378083717725,-0.019475794297119504,-0.026456202009515505
-0.0298746132634366,-0.07728784209275431,-0.019687779845938017
0.07722988503231894,-0.0009006474012936069,0.03697441157127826
0.04998624665514484,0.019772406973862063,-0.07379832233175974
-0.016604987619907523,-0.036492847590555655,0.025521054266173706
0.019317532164436022,-0.018777608446629426,-0.08582386997633949
0.025632579039309062,-0.1697967418878146,-0.03126709953806481
-0.03308949989000376,-0.023821297542879354,-0.046232397886971255
-0.04327434910295033,0.0325923719563768,-0.028309325341831428
0.05247781106384461,-0.06256573291623121,-0.05984164458393743
-0.06570585360638265,-0.004636289739585412,-0.04865570899485819
0.0039371483896778366,0.013370542831546824,-0.08913079935556278
-0.012512614576780065,-0.05001708121151273,-0.026810571518865456
0.028362728735922268,-0.02982157797528315,0.016039364928554508
-0.0767498082382018,-0.010944263151647772,-0.06921100746919781
-0.06803072277564227,0.06988546395290852,-0.07480404256784468
-0.020530708869025707,-0.050946364067454654,0.005379138065997286
-0.060945718372974314,0.007831820498773744,-0.040450042002500894
-0.09495482427688727,0.0046003316212815115,-0.048003836930064575
-0.0610618972017783,-0.10373039713015983,0.07477969021615175
-0.02356474361631828,0.018272034109844383,0.014242932065213092
-0.0034905744401415514,0.044375882249928125,-0.03184851350014761
-0.034415073505406346,-0.10220248289119793,-0.08239158141464939
-0.009481552586984273,-0.09960565398233576,-0.07507472674619257
-0.06985772294117844,0.006122096793066939,-0.0789604694790651
-0.028873649418430826,-0.023740789380280118,0.04925132512005405
-0.004097535323614584,-0.03739916747299776,-0.002890051133922024
-0.0027210729044252896,-0.05716350992325831,-0.010185080706509865
-0.11516010632686244,0.010324476478041734,-0.03369355034102618
0.01174755267234123,-0.1129077249272086,-0.0049671136154691205
-0.0114690963963517,-0.059000136629113006,-0.026053511904162826
-0.08674283136072711,0.0540678759466018,-0.021126205349083473
-0.03985791530337154,-0.024821217444477198,-0.09527608580610147
-0.14150277863466296,0.041218425693907865,-0.01957757645347424
0.01253583600744151,0.10476823529471924,0.0424703298032673
-0.03967665707919132,0.004489812972422076,-0.02834969334754858
-0.05329114860824427,-0.05442779449976834,-0.01336686200236246
-0.06524573660888847,-0.04813044374067376,-0.01983290912737063
-0.036324219241513175,0.04201922379674859,-0.04904808258153873
-0.02321552553151523,-0.011288127901515647,-0.09112813053985337
0.05066263683557067,-0.021228362443772863,-0.026967472886932742
-0.04386747655687563,-0.05074115192526632,-0.01181571914287001
-0.02191031526809726,0.041847979665337584,-0.015105556128027792
-0.11421069664121958,4.687155023115619e-06,-0.06860733717362588
-0.015468623303299,-0.03251154039176366,-0.013908199277448005
-0.009052737188746225,0.06977364141104705,-0.040800808688314316
-0.018016095762457208,0.019628066138303105,-0.07566392115284704
-0.001699440741235344,0.0010083973491780557,-0.021289011810564976
0.054854337834239854,-0.03290034898481796,-0.02226734738835985
-0.024573617529402816,-0.043596510046705006,-0.01675356838920031
-0.06234015802487417,0.02424831335224626,-0.0865137831108682
-0.05281158949785793,0.03948746330102605,0.02658585367722849
0.038591208218511364,-0.0690186171862822,0.01975102776584551
0.023597759577596286,-0.04475673852470728,-0.06503890098159144
-0.003144184345360488,0.09139853882850349,-0.15756845774810785
-0.049384215739703044,-0.07164862128160887,0.13839791960218698
0.050123744129669814,-0.06631630892166457,-0.04217143976640873
-0.0506728438806054,-0.051102605354494936,0.0383521948711826
0.030557604665834973,-0.06258625720033825,-0.03878905854704336
0.031405351080995667,0.048390220197006076,-0.13895939955744405
0.0038738490071081634,-0.0011638892954218168,-0.013003736810019761
-0.15576437265888662,0.06260376599191489,-0.1283391886240629
-0.03959028084559186,-0.020376736366052205,-0.1009101165793486
-0.07267710145631784,0.014836628261910047,0.029856025315834478
-0.11114118975400704,-0.0022233103191747344,0.027479246021988472
-0.040577340078257744,0.024323101753300887,-0.06459350687559672
-0.06155805984249563,-0.027880573839052937,-0.05657363256796682
-0.016731061146832735,-0.026739486514365543,0.07361267089018204
-0.028315002680163643,0.024645270408063004,-1.8276818843060427e-05
-0.11871766354356454,-0.027894868116878392,-0.045143601397304
-0.07300126542533539,0.056438609804087075,0.012710304078687087
0.02642856951419878,0.017171176011766195,-0.03938892961958206
-0.04694109973364511,0.08567298457718303,0.03587244933684426
-0.002389658086771173,0.007650756566838477,-0.08392053594115662
-0.04906140752149748,-0.08604353209639495,-0.09096587468157638
-0.032626312208073556,-0.03154885594299479,-0.04075007377746075
-0.11009075009040872,-0.011780668825801904,0.010046308089954327
-0.04657434899277361,-0.09811101073603287,0.07494500350080778
-0.01542577995520649,-0.03900488953380724,-0.04083768722045524
-0.008879817643464996,0.01647604544905855,-0.024287334166981086
0.018968767725061814,0.07862317279577308,-0.010347189221270585
-0.012015412524043891,-0.11646336989727515,-0.14692123277214877
0.0031178916253314076,0.012728550088425952,-0.026760176175439788
-0.013631535938832852,-0.0189218874145588,0.09594614943880081
-0.07075095210703064,0.020433645711130176,-0.03496811253569525
-0.011782258652221662,0.0667627841949004,-0.06344213841334712
-0.07317224988143398,-0.03276245203554953,-0.04513618373581655
-0.06257739143853568,0.03405907674554942,-0.06307978487795443
-0.030604262573647803,-0.038469039090850844,0.052669857319398466
-0.042435729757076546,-0.05605224117577211,-0.01153619760629723
-0.06939976741106768,0.024596495589084583,0.010716833754515289
0.019888651666494152,-0.05552241637034688,-0.04612356287791009
0.011607648290727364,-0.028151108457597673,0.023339016893240753
-0.019303636554754283,-0.0664708945518451,-0.00401001209773124
0.024084510113244296,-0.02450454451766141,0.011008063546990469
0.016676575547642854,0.012725544941874035,-0.03536701375360911
-0.04499680526397447,0.03600845801359187,-0.029318048442139647
0.030989186772524026,0.03763897773381207,-0.03472822053723881
-0.004978280332683973,0.09732698080891067,-0.010326978491651213
-0.003744069311180191,-0.11565263319787579,-0.0037384274924237874
-0.018756862872364298,0.09589601186563297,0.006834113136688546
-0.0652415992843646,-0.07161845760070151,0.053636273097632955
-0.06473188716343688,0.0028848271802611562,-0.05109437470190863
-0.04446538680118876,-0.048125406399867766,0.004566997094261524
0.0763338049848769,-0.026534920715137078,-0.02922070111790992
0.03223312872721106,-0.019199830735692196,0.18238459127074297
-0.05198865251726414,0.07531212631641454,-0.05125694080786103
-0.027316457356966688,-0.07235334677723711,0.006896981740641831
0.060751807350353966,-0.037783320825841585,0.004567714470637786
-0.003265533229888526,0.0382622411485215,0.04945006517498683
0.06035617211377816,0.06310711304373884,-0.05125193884837512
0.01662327505154415,-0.02247358269207731,0.01813643964864574
0.012546187859430992,0.021387705884816144,-0.017922705720229123
-0.041508885841168325,0.025023540654998074,0.043089404341528435
0.023830730178984353,0.04093475566968433,-0.08813875950243459
-0.04521017938771325,0.026596227044947317,-0.0268334665070981
0.036584025009400445,-0.07026311568364148,-0.02676460580622966
0.03890349125117736,-0.1026863964871648,-0.005542856697486904
-0.06288104274408579,-0.01649657438084212,-0.000508767789836697
0.035635339225427554,0.052417980530865084,0.007344312410686163
-0.01977619530940356,-0.01560850004817187,-0.010067983215589936
0.09280265634337981,-0.0078313069776028,0.07821594826638463
-0.006053497290954181,0.05760868581163931,0.01217233057332708
-0.03954307016278939,-0.054290498354053064,0.026223768858691654
-0.05452309152455011,-0.017653466352473918,-0.042153324715992965
0.0744487525397463,0.051917545028372925,0.050817350470517164
0.01019676012534277,0.011396745563462011,0.05592359024586282
0.05448977015916832,0.034109574322948324,-0.02486048158610656
-0.048862527240387046,0.07268233150991044,0.021849584768348796
-0.015735010999942494,0.055570726104756975,-0.07420488069508764
-0.005611127452468653,0.04110567181366614,0.1168625565683082
0.05129791835333891,-0.06914230246271257,0.058111119763660686
-0.08568046378413124,-0.060062775432884526,-0.056130169092102104
-0.044483409151116544,0.00991898355021659,0.05520119386496091
-0.01597695934764592,-0.029462186050260707,0.01989896166863186
-0.03799643719934898,-0.03740824220940093,0.005984556788237367
-0.00669076363474013,-0.08186925569579931,0.04455575102592148
0.07813741430201117,0.016570648945274578,0.07244041861388485
-0.08155815522503841,0.04708369650679847,0.04448638610430611
-0.051321493568781455,0.0726357780353445,0.039845038425940324
-0.030813678752998265,0.061974570195047096,-0.06717526906753231
0.04249837111856242,-0.014228808402936418,0.015285891356209308
0.004291559260001552,0.02640738889564801,-0.0024822901668211973
-0.03573251348492291,0.03139274449307655,0.008118942854186796
0.09979865859692476,-0.0655627665557051,0.07784933869777974
-0.0354111228505391,0.06522386434449354,0.022039842410423074
-0.05065395325130568,-0.034710119777104836,-0.021682591924974425
-0.0015875681608647028,0.05254637875439387,-0.05978376314852343
-0.007019946089705645,0.10005964119881655,-0.03805093981860458
-0.03136224561216962,0.03610432670180674,0.030547319859412083
0.05202811890064059,-0.043061115184610574,0.05144034292021658
0.027147876512785787,-0.08312387651818436,-0.08630888080347543
-0.0025519973753477757,-0.10501728991159,0.06320797163046214
-0.02458427777280557,-0.018725571679198375,-0.011345194207730487
-0.1104896333593217,0.07358822827960677,0.010094211326956261
-0.042037733568520814,-0.047804558055053556,-0.003038790594349014
0.039587461910338975,-0.07286840299635083,0.01518721323200298
-0.10067257893555229,0.05371584242684502,0.040089897042019096
0.010104022952132566,-0.011432491199430276,0.04068711177982891
3.0290725098072388e-05,0.02033900432600738,0.05465517155811027
0.07756193295976746,0.01743647408925618,-0.013599141667620085
-0.0018102263393573997,-0.01674938799101365,-0.04299452167861576
0.045258583961731436,-0.07225721708967565,-0.07586868774543451
0.046374556624420374,0.08920816585325717,-0.0018762703826998035
0.00963420036857323,0.05363225692473015,-0.041460400516081
-0.013580829282552215,-0.051858406984330536,-0.002871501834231434
-0.010448585184611605,-0.02456486294557384,-0.014343095123399817
0.07025233732565633,-0.03924297417697169,0.10351712092311266
0.036023142024486594,-0.00635706415771347,0.03111629875533154
0.038739514863837234,-0.02656945473191332,-0.04368876664517674
-0.007992898978348017,-0.026346152856500965,-0.014934944919992236
0.10541767154051389,-0.011924538451806395,0.021013973621052603
0.06423800830763535,0.008629350414944491,0.062494486951295225
0.07081227031048304,-0.00790261705155225,-0.006350994036192489
0.07979275725957008,-0.009016889425107203,-0.011322947792337112
0.021362394008814213,-0.049085450540309244,0.05796144168087636
-0.02726527333480357,0.067525764801263,-0.03138991487053029
0.0097058387064821,0.0730110246059074,0.052672552776104165
0.05218264337285489,-0.09752812535906058,0.021662376168419806
-0.008124479603369279,0.018662324256440085,0.0411400085874748
-0.0826132731567384,0.04136308688204596,0.08287754333081843
0.05969736778014368,0.0018262483750708363,0.13044467569152696
-0.018573141750706765,0.03446134822316999,0.026680122689787034
-0.016929449876562697,-0.0006371161824884342,-0.01007029825932201
0.003070867518188636,0.09267393932821212,-0.01576885364829083
-0.09775271471480315,-0.03961841901624913,-0.052812927768498136
-0.06535248594088763,-0.014873664493907365,0.08803947743069994
0.06182445210349413,0.07423509785289875,-0.04498661401550327
-0.028500483131738488,0.05340264825006464,0.03925863905775058
0.039257263035624865,0.020475920092580997,-0.015136276332582639
-0.009014139463700891,0.044529585668676805,0.03526364845800309
-0.0318747479064049,0.04297972552725749,0.03873300342944261
0.04230856304855825,0.09441018228682271,-0.020029826518770628
0.048485923276781695,0.11304793209620803,0.08625197895176928
-0.026090970786682155,0.04720086556703003,0.031792395238355704
-0.013065715640909855,0.07842281475610541,0.033602152448907754
-0.032630216364528467,0.0320684272570903,0.03353840178884877
0.11975322897112801,0.05263914588894868,0.02765452114939878
0.0381411857040527,0.001488959833773569,0.06891498177550132
0.07943709937570166,0.08779515660079758,0.03981640468480656
0.04882878202791578,-0.06685668823776413,0.04370471839905153
0.06075580351735749,0.01663243630613664,0.061181280342403756
0.06895236068297424,-0.021463276527177468,0.0278547449748821
0.05233021808305136,0.013388379818616073,0.014879231148182896
0.0024167559021065557,0.04661833544691442,0.0010852494828588327
0.059083646574021785,0.06165834755074184,0.04778781205706005
0.008928979770298476,-0.06608250666646685,0.05113147405931853
0.006521367011057861,0.08665869472917845,0.0027621449878722816
-0.14491497110865748,0.022617449867262253,0.06462525719531467
0.07742249140338468,0.005764289791603868,0.08867332457520502
0.02871717720034553,0.011057719349649739,0.0368534264767192
0.06738602974356567,0.07400170606143797,-0.024435475158574596
0.03686354270450008,0.06882733054055472,-0.06632194544652624
-0.024152361196481488,-0.00880673233257814,0.06876228454796846
0.04757587519134414,0.059488798505581884,0.028167198357603312
0.019811185904236774,-0.01797210200665385,0.0368433143077565
-0.007410744759338728,-0.04238542667588107,0.04949506091651129
0.052516427360813855,0.028245693400011977,0.008493435820703514
-0.05021704906482531,-0.005639978859139267,0.10236661066176828
0.08182451773891555,0.06974903021887663,0.02369351584775533
-0.021524388789437448,-0.04942712714142143,0.07010844986639582
-0.06768990689082606,-0.021564032672549038,-0.04150829036193289
0.013140025731912384,-0.054346775632517594,0.01793262137199948
0.06697126854798738,0.0031932211987753846,0.0492068269097925
0.008598600109863772,-0.051703193203538785,0.059470628864525595
-0.0008749773340234572,0.06449561576831685,0.005292922012697118
0.06305254735175372,-0.0034867039112585173,0.08189177612122561
-0.003290100323929776,-0.09541101085338274,0.020885360467846472
-0.037451347769466986,-0.04701763049117838,0.10539460487603408
-0.06879696260930929,0.06462034774059418,-0.007026100808824889
0.08398848229688749,0.009217809249840614,0.05055367892233635
0.024258874944821353,-0.005424005694715961,0.019044637530551516
0.01611361356945127,-0.04188874383279319,0.0817931572997937
-0.013567917535843892,0.024078190805051827,-0.01067473768200666
0.005850367348879247,0.022085619470542304,-0.017345083677754607
0.07634856231920933,0.0060177037202714875,0.07820572864598313
0.025123087638030187,0.05728474418301569,0.1074624678952589
-0.07402551206699146,0.07117843545736287,0.04528047331460246
0.045487270525292806,-0.02786179838321183,0.022805174889343884
-0.032153135402495495,0.048052758417142065,0.06654636595486334
0.08056351610613655,0.02155652966736325,-0.008901224034990572
0.02183664312711577,-0.0001948915114150969,0.04813243390575688
0.023426970216171544,-0.02360981742172842,0.14141511098043416
-0.023627513430429042,0.08304305599559747,-0.020101332147166903
0.04429634243035513,-0.048031288005856126,0.009454040708411443
0.0222298051421799,0.0770163219202148,-0.00931087696931138
0.07408757294958528,-0.009672913652456865,0.049822580809689654
-0.03424710769117135,0.0008840696255682616,0.027269159678146908
-0.06865343054203002,0.09425668962231133,0.07462081321107739
0.040964400141752774,0.023721539361850636,0.06906516113464392
0.03956115319931243,0.052334319197872084,-0.05008617141337642
0.03665092620192806,0.05618454980859861,0.053781954551989766
0.08008718668683841,0.06426752564918771,0.06386132707816643
-0.018339650928011837,0.08324097465716057,0.03601349831540953
0.04836450723275322,0.1087396482142299,-0.0034248146590083843
0.007753335251418773,-0.025142943733070695,0.045037167796086346
0.067090255439117,0.16234434370236608,-0.021630521126089357
-0.0916788230622898,0.035496758094370445,0.11630910564713054
-0.029067672522655255,-0.05506859926546075,-0.06594215380891091
-0.030506237046684148,-0.002600822745273056,0.06017292422813474
0.02964496459553432,-0.002202577635859373,-0.0015648850047242611
-0.03838521538744475,-0.00697886420571652,0.0396749275527111
0.008925008112185034,-0.0010535150613805895,0.00937623529141399
0.045831456989331464,-0.009965573071401964,0.05982296388163518
0.005863941975288689,0.010345052356241561,0.06715969333644936
-0.0069662413860610995,-0.00037348583926013167,0.028373736427145857
-0.04308738619122392,0.03949351757438984,0.026418624052734485
0.0027757412233048364,0.06926902843290647,-0.0021256606309013014
0.020170199945453895,0.005331555223191713,0.03398322623698649
0.02436032873490971,0.015297826274968224,-0.03809724615562594
0.012833033483385985,0.033138770928262576,0.006160509759858643
-0.050140121130978405,-0.04283495872269742,0.04519069955154337
0.023900636654708995,-0.027712222988326006,-0.0068641778911216755
0.03764923471353619,0.03436652440066988,0.05378656186857458
0.08216926844416379,-0.03513757146158318,0.05852120895541647
-0.029921144705692626,-0.003853745570026896,-0.032257994613457505
-0.0546143130944751,0.0392209852410855,-0.017878660520059868
0.02540322796986465,0.01810821742136008,0.021185403198085158
-0.05217074194364095,0.032112223246547104,-0.020370109363287633
0.09298104123979498,-0.05459896115761403,-0.028475434771933504
0.07504902400646467,-0.01974951194326877,0.1154871277478915
-0.058077862621862236,0.058476644829853944,0.13966653743448376
-0.00497616126894599,0.02951481080308071,-0.11768603170494182
-0.039692568343849356,0.07637501182963131,0.07307767673919506
0.020132489020205965,-0.011217727272886058,0.03295676735412241
-0.003418378135036296,-0.08784818326518254,-0.051251762826604416
-0.03902519587001652,-0.02663222122181092,-0.06882612397291746
0.005057633046759342,0.014338536891238178,0.010418877388053962
0.009550145775628908,-0.009906488745778977,-0.01382433582176028
-0.007903212717832996,0.055188356719756394,0.007015566042422713
-0.057795350105883284,-0.05355259387620552,-0.03709375462044536
-0.014478443687317962,-0.00021995860826961103,0.04075591155524719
0.04585393646534598,0.02345883965937017,-0.02632594160213309
0.0761254665749292,-0.009024254683024565,0.00665947172868961
0.058952813056704266,0.0108865696696215,0.05249124206596372
-0.031101630205677,0.0224826472827531,0.016678733112668404
-0.10268708401328937,-0.03333571521404551,0.06256846753903136
0.040237833483659384,0.052429501038245487,0.030630549758913717
-0.007865508359186316,0.007483880837491996,-0.02913163689434503
-0.03707184440117394,0.046735257485253444,0.016017929760036815
0.039079736840855216,0.02235999831007501,-0.009265447896626096
-0.00858572860253196,-0.06299805741761347,0.025509404650806713
0.05044318023507122,0.023844195159561432,0.06168975260764455
-0.08291328915480356,0.04767496246932946,-0.05747213150648167
-0.11219254218774599,-0.028268506529964557,0.005528454523368349
0.005330065194097399,-0.0024556531338624046,0.0342512799687687
0.06498267808236431,-0.06057702610448401,0.03907935543386881
-0.13159758908538666,0.039197249717395036,-0.025719278810306032
-0.03694092754784623,-0.0064079138559468875,-0.008567575305021584
-0.00533236982701193,0.0032579222665970924,-0.042200211548549575
0.028825654482110337,0.06284100678207942,0.03369531471088388
-0.058307797411757074,-0.043579405353897,-0.05533928406665901
0.0412871243821984,0.040510354547561085,0.003040949388523842
-0.009312786120400443,0.03607205550116259,-0.056822473179179336
-0.006997278366752506,0.12213578978973604,0.003647786368511874
-0.01641989806348737,0.04832870590430503,0.06899914543867527
-0.11291359591960733,-0.00022108185471936427,0.04234425158379755
0.09486898696427423,-0.07843874639574071,-0.00212826392367126
0.04597627302459506,-0.003826486653115827,-0.1044411740203169
0.032157653880155936,0.012308954856550036,0.08600242308746694
-0.03210336425689436,0.07179319517848652,0.088298326682123
0.0021327056806841427,-0.06783028721511451,-0.035190031561478555
0.033972374056623754,-0.016396288614414348,-0.009773454010340991
0.0078433640207569,-0.03623377082939976,0.04394817274968629
0.007331724214951965,-0.005598179230227097,0.0103600093477185
-0.07461074311766708,-0.012369978032715192,-0.04411187107906203
0.09649404354354499,-0.03716462317866695,-0.006048447140245683
0.03932282428549288,0.04610307154896089,0.05526993636685557
-0.01497423292898219,0.043393776013695796,-0.016413035077501328
-0.05579112652305955,-0.00021482745317701057,-0.03179395929355765
-0.023049751215125334,0.05616803108068526,0.08095985970935891
-0.0756055741387531,0.05560111771614695,0.016793950625826223
0.03650467857497497,-0.02800421788635868,-0.038368420792187365
-0.05336090940382392,-0.023294202623990935,0.027199608107529378
-0.012037054156729121,-0.0997278244328425,-0.027822790975055016
-0.040335817235256734,0.04343565804825501,-0.08498320250815301
-0.10655583377203562,-0.06286758913641433,-0.023095582746911588
-0.04185452375912249,-0.033216380903110916,-0.017952981922807858
0.0038474586565144363,0.021708800989118517,0.0026996849734806927
0.022661299028881136,0.004913338292818995,0.03322147319239888
-0.057440918223414135,0.03270945246225154,-0.04947095556559466
-0.06049878848060875,-0.05376850599017324,-0.031554952708401654
-0.06140164657846728,0.060717511636718347,-0.05398622800069569
-0.04757477023680487,-0.01913400911738561,0.016451261657430355
0.022370217035950678,-0.05632871236151036,0.031648543010526886
-0.02718425049013759,-0.018832492249614374,0.012966884290743424
-0.04726705594041043,-0.01711983782739644,-0.0384513660656063
0.02847786344160572,0.026631940163136424,-0.0709930475701792
-0.012324974619724172,0.0771616902207552,-0.04806003027611272
-0.018075191909425227,-0.04866658153370229,0.041294269443122006
-0.016059849720488052,0.03690154798195948,0.02388386046213272
-0.09925486897244257,-0.012282399953557531,-0.12343270390161887
-0.035019455155835925,-0.08344967361613773,0.025992177746284588
0.0355507071589338,-0.00015311751093393874,0.023623580580534525
-0.005806295549715042,-0.04450512901781655,-0.004632127112624429
0.004731795837665783,0.005420264540218421,0.005539656750915648
0.014602058851736049,-0.10278900884498479,-0.04578690359818771
-0.020914915343761158,-0.05402551654047182,0.03459457280961422
0.08378301153167805,-0.08849473662023945,0.053479218099264994
-0.08916641367557586,-0.03664531063302182,-0.06437155401213197
-0.08469940578045096,-0.02935128843705886,0.023201846086249832
-0.07098828994996356,-0.026159476174346434,0.012784162791343399
-0.07018744494230203,0.03260665368286618,0.03221825008844553
0.012172476645964204,0.09505864477377685,0.0021356668179341176
-0.03533264431279843,-0.1025077127561422,-0.007766430168141493
0.06416233684870237,-0.019019692242860663,-0.04131037401093546
0.03552840841565111,0.07589403528242683,0.0026109636102755983
-0.04837387192020619,-0.06870550109954768,0.006477657313925231
-0.0348979280592043,-0.027800626853038787,0.05207739204966264
-0.03985305409956833,0.015236522892866429,0.019615679459899497
0.024783130415873163,-0.02056323962918865,-0.005306156959925527
0.01305403952363547,0.005950166312878815,0.010859281533656532
-0.004814571508097304,-0.06335310138089655,-0.02512455710724059
-0.035507607334287275,-0.00026510100233530405,0.07246442337996227
0.0019197976516603515,0.006403195192500953,0.00639784630311931
-0.015264253563314182,-0.007926066054307596,0.05785750367216058
0.041854923318214,-0.031123622728426507,0.06286917511502335
-0.007045400567455767,-0.07969213615175602,-0.014118293031276924
-0.08235465008447981,0.003421144315896338,-0.06898479306925866
0.012359270741355718,-0.005445014961065423,-0.004127599198330974
-0.07020438440531682,0.022841183755786986,-0.0513869412683889
-0.014277422706777594,-0.06852051599961743,-0.058734787438382605
-0.10881598383463001,-0.015886600287266597,0.002109065677262944
0.010177984937176327,-0.0007897366356201356,-0.01825826387061429
-0.04236156108598234,-0.15410860801617637,-0.10002906605060219
0.020186219184891926,-0.007760607360897153,-0.05185464958333292
-0.05917311922568151,-0.08132918993325775,-0.05737350452463061
-0.06387943937636115,0.02730574609802442,0.10625131552451664
-0.07995355315634847,-0.06747028668295606,0.0831055551344393
0.042948468892875166,-0.007231609175813619,-0.032456218669195805
-0.010995044060113802,0.003564856492294967,-0.02917242117735333
-0.012067915510058133,-0.046489508632381646,6.61823827518837e-05
0.019353284189967682,-0.03101571607463605,-0.06630498354660205
-0.05667727479056772,-0.01610263329719706,0.009937875112220967
-0.039020648318375144,0.08461586552734213,0.0060229060117330015
0.07824534294069938,-0.01280692285491539,-0.017809262554273012
-0.04445081512970592,-0.05444056270499979,0.07319872490751073
-0.02787009917788863,-0.01645780885978538,-0.091670309160152
-0.08343720962570554,0.019628184417593526,0.022735226643251148
-0.10985374829494336,0.08460967484756027,0.021811725201633263
-0.1502628028970591,0.000339335698924418,0.06437514270717111
-0.05073482677846451,0.06640108275668631,0.0034533598765082267
0.030755550907025378,-0.04895602215003983,-0.08367260830512836
-0.041186925337572,-0.039331813692664475,0.09891376913268637
-0.0258632265747459,-0.005191910132989518,0.03509354446564876
0.05494076814578742,0.02688297892313051,-0.011086562814812408
0.08481094726533547,0.007630663602548753,-0.027021692380838982
-0.03890969313646971,0.0551486399614277,0.020478607338558167
-0.030874006696382156,-0.016877808984244912,-0.09340048078729757
0.01302031179922809,0.004621933550677658,-0.0908890502872177
-0.05426768831657648,-0.052293302747232207,-0.038004247741785034
0.08754255723269862,-0.04990887718950641,0.014763240143131049
0.032675582769338345,-0.03507708463875099,0.05491777831101365
0.054227994051140656,0.01342832684722501,-0.08068549694945673
0.009763939264310111,-0.05979140308788626,0.0020564422023876157
-0.041686928797245754,0.05301900869542617,-0.0216445946367519
0.029021890809343316,-0.11381212657260398,0.03056358929365477
-0.05545217089014998,0.01566259376440794,0.052684160276878764
-0.06781285675767024,-0.0035349402110678406,-0.03788223057335745
-0.006567847479773261,0.027250855545404684,-0.030112000388223877
-0.05303270251655723,0.050190100923128075,-0.09312798413265908
-0.03221740886262491,0.003323809271474777,-0.051302078943028434
-0.06998781238869826,-0.0672148033329443,0.018943443432330072
-0.05902079829646098,-0.012950130959682737,-0.1255226844609659
-0.03668613243421698,0.0055059981203060375,0.032230640265347416
-0.028059594485666396,0.019917640263835933,-0.05197573571064531
0.02557551241172206,-0.044810515242111965,0.024840246344048897
-0.03657384349543247,-0.03515204297307582,0.008046260361843624
0.024425760659210833,-0.06416940477907164,-0.03375992516002536
-0.026610655841036668,-0.04115864854398417,-0.015084193126160926
0.0014237556150073806,-0.009996665672306587,0.002359043171844575
-0.0701438480938281,-0.030975236600215728,-0.02931276490427516
-0.007454903193710685,0.02002388710943436,-0.05894968542705029
-0.071632540900389,-0.06806912229293012,-0.05000649401390635
-0.025437572319595175,0.05754735860938806,-0.008583485576124213
-0.05157270066854676,-0.08366098226485788,0.004386812097113373
-0.06989803952435011,-0.026515942623102935,0.024057202452040932
-0.1373306380681849,-0.07791565747148145,-0.003006175531458294
-0.018310123866330765,-0.04082481083975903,0.07586348058945529
-0.06412091029046563,0.020921826765829307,-0.041284989066569695
-0.04156538687388605,0.0069505898846122585,-0.032062572735601216
-0.022453074486096278,-0.003981170074808936,0.05269629726909685
-0.02804319687445472,-0.07049949043437398,0.007244132044822219
-0.0878295975133192,0.018737650482366974,0.03405349183586017
-0.038121568835833744,0.09079035108784603,-0.01410481188191898
-0.010569285251174065,0.00218888508560125,-0.07240337493422157
-0.10975673279591229,-0.014095808199096243,-0.03661682174214323
0.006872241349032623,-0.03364960301390824,-0.06563802294980908
-0.056783835779395886,0.008299072209237146,-0.12638946490444328
-0.03883627176976609,0.05897902967303321,-0.028681382254433313
0.04771341734599055,-0.03646265959617615,-0.05336147482300142
-0.01411183613396494,-0.041944102539339834,0.03941912958478461
0.03245801327379954,-0.07948962191947213,0.03666928643889624
0.027723451346748376,-0.02265924112318518,-0.060267692761052115
-0.06228741799549317,0.04998326321721294,-0.029086021737231592
-0.03287154511117129,0.030861548353289834,-0.04890307204276405
-0.029772320919966747,0.04816350058198614,-0.052861989332367076
-0.07789367149058682,-0.06257344484289096,-0.02514811122093078
-0.00014240562342612666,-0.04430221258994209,0.027560663653685005
0.0044375309315029775,-0.02202876600845666,-0.013350303420898138
-0.023537209168517283,0.04922847544054684,0.010655503519178561
0.036619211605713034,-0.04668143726103936,-0.011353101984149367
-0.10300672257533415,-0.09707848854501437,-0.03970797423931338
-0.0957804192964492,-0.07126637880210368,-0.0011506582404958356
-0.07306303533770764,0.0002830795439033272,-0.07492753135921114
-0.0962233420523209,-0.14306036223153937,0.03715342897682249
0.057110351367813436,-0.14357994853050654,-0.06557508969135832
0.137592812441487,-0.04264197581330641,-0.024362437483253563
-0.010128567279888622,0.03366066491158365,0.024763036718996632
-0.04132846598368672,0.04028310573087543,-0.03520709777131757
-0.04522353288767687,0.03924796466543422,-0.03620382994349042
-0.03648714912802544,0.02769950064922808,-0.0947868581998334
0.07257158733969205,0.06531088205382408,0.058050838677940336
0.07259030985862562,-0.0004354420365561447,-0.03320910918060223
-0.014650275309565369,-0.1254559736566512,0.07262263843576638
0.06118186577273164,-0.04219456646427399,0.017437068531424536
0.011384328555082833,0.04964123784159585,-0.03149176100717497
-0.0061942205080388335,0.05046462668463318,-0.06252809134424342
-0.0257496397305184,0.05531868755148979,0.08693868381077827
-0.08972682121558379,-0.023279070012183864,-0.025762377958003988
-0.08228690706165967,-0.004925282601342446,-0.0040644019781702284
-0.05417531867058711,-0.015409254174083727,-0.1102057170060625
-0.02521758224718211,0.026382338845457043,-0.02577750019086137
0.01108269216022101,-0.001906813500220479,-0.0021447743991778612
-0.06705500728740765,-0.034575459257832585,0.00954389653219911
-0.05944758376209204,-0.10163269237374987,-0.006103775066235519
0.05647443732612318,0.017385304111329526,0.05866671135292976
0.02959189973853533,0.07948495306881573,-0.032702965606101385
0.03904837752110106,-0.07454733425457158,-0.06143677666966954
-0.05101802248073097,-0.0023305834253580194,-0.09437249227713357
-0.026355061523125358,-0.0585377121434897,0.007410761999511753
-0.008096614007021153,-0.015691918421746366,-0.07818149490944476
0.07608209628522905,0.07156530429578806,-0.0510197810177606
-0.05219308750588357,0.023200280981676116,-0.012409140871799148
0.02208881591661192,-0.025000912369333883,-0.028009334699490986
-0.019376085376925582,0.03482016874898168,-0.021333675701568196
-0.04260005936258853,0.01877166009286359,-0.017465002028775246
-0.014208602491008308,-0.05832705875167816,0.010971814228801783
0.001634854855174543,-0.0781814015074739,0.04389188851424053
-0.02239575583537124,-0.0818906121383683,-0.010386151603211963
0.003452185827250668,0.004408164546693475,-0.040510448200363876
-0.025620367896895514,0.015860273464675036,0.0047877149206289596
0.031014340043940884,-0.053821325728977513,-0.03335945675522528
-0.012533113247811398,-0.007565052496065256,-0.06412880188441378
-0.009844173493465884,0.02064165434746524,-0.0021692653772173286
0.013459303132033732,0.1313228604917603,0.00855337089444862
-0.03790106620385671,-0.06104355039870375,0.022779473512604665
-0.08322850072312658,-0.003681469868876688,-0.01925389841140801
0.051495261149490955,-0.053914615808197494,-0.012167808304104681
0.015315093477603896,-0.04131382755384325,0.027888487699592537
0.07173976203525533,0.1285234129523386,-0.019092606908034316
-0.10680907938112648,0.003844274239913047,-0.1107441810704577
0.05952352403382013,-0.013456295748509215,-0.002124081771223241
0.0018210930301314765,-0.006674475701047044,0.012347673719614307
-0.07748590008631953,0.14485877481789214,-0.040029492309306414
-0.033040842544335175,0.01716175819044823,-0.030144306347976275
-0.08542953960144858,-0.001775599982217136,-0.0024631136757946237
0.04812140405740524,-0.016756089298745988,0.09354590643690851
0.07361263818718151,-0.12765414076856055,-0.024478129942995384
0.04771991048973916,0.0038419428605074124,0.012799672638488293
-0.04668855519327684,-0.013305349434561293,-0.0424273779553036
-0.021482028354414942,0.0006469118039606205,-0.12444714240336566
-0.0180250859831754,-0.043819590713000754,-0.07503777484954671
0.028241129556054314,0.002822537074952449,0.010474541677396837
-0.027411458761262327,0.032480225262899995,-0.05306801589553356
-0.021366753786324612,-0.01873939115653996,0.06846586795268185
0.0371567779092578,0.000867193874040482,-0.03113643167672063
-0.0053848799036249695,0.035867560392685516,0.020302806133244197
0.08338232359786489,0.028539333395366902,0.0974542804882386
0.0362528076442007,0.027606791554093686,0.004220910436444201
0.023550065632751048,-0.04062231780377082,0.06218280842478952
0.06988929546659348,0.10160007195973876,-0.008025204561024072
-0.000112584989092346,-0.038311095034605766,0.06350133066348079
0.05892451934921515,-0.005286233475604611,0.026823432079719954
0.039490913515771366,0.08675273898233438,-0.0019215489252230027
-0.05075187913112247,0.06234621649815973,-0.014899332306289932
-0.0017757067940229604,0.08998569680499967,0.12996279649876594
-0.04111353205463842,0.04064975618244676,-0.021460487365830807
-0.022431350244913474,0.03651102774719897,-0.061620896266939326
0.06633115346223378,-0.011216698623622262,-0.022145430634921286
0.004123461338868626,-0.0459609892390149,-0.015478701537925242
-0.043752100257633625,0.059674170615773806,0.037505040876922704
-0.0713444533747203,-0.017376284214225532,-0.03333580683434527
0.08952273891614657,0.05858011499652646,-0.024734325678375767
0.015315484085016394,0.07335636993262358,0.021163001070957015
-0.04271540110070307,0.09928035816409582,-0.006139840039610283
0.09565790166555702,-0.013631172329442501,-0.012140905119259752
0.026717224781914677,0.0013495097486242533,0.0261421009263128
0.08339800672721756,0.001290087810147911,0.0010744120276382496
-0.001185211564620323,0.10894688398476285,0.026176353193843326
0.046656612316221,0.023573664268723593,0.014316844513300536
0.0010224904031463557,0.045009539106969094,0.0053654273587941895
-0.029474207782282512,0.021771235656942015,-0.006426548236621638
-0.007189219388020578,-0.03770321656467181,-0.04342520871482171
-0.004806881144588217,-0.011206018912698,0.025210367703601397
0.01641278260004679,-0.046190555696890005,0.025060558730332604
-0.03528715425392023,-0.009140435968149977,0.08783551327182744
0.03182334184878566,-0.0766551866381724,0.04092651946324967
0.057705775775213373,-0.010185987412562873,0.025177319381719934
0.14440639728675794,0.06102576891566627,-0.05295837123340551
0.03175886102656417,0.06185575425880799,0.08989094853585945
0.07935900687039917,-0.045760458642019296,-0.014635848000801364
0.09776021478368403,0.01996761637144442,-0.0058331013375192125
-0.024189902507752263,-0.007015304807592689,0.022878958957538685
0.06275545546953971,-0.09354650777735313,0.022179584762856294
0.023355439846429626,0.09246692541832854,0.09709760883570893
0.0038927937817979444,-0.007671883624778893,0.043706691009455165
-0.04057368847184352,0.02280989022709718,-0.0011228394036338976
0.022710497805485806,0.02247440818150687,-0.026584787502379963
0.08582850130256237,-0.07466053534596429,0.03619995549795536
0.01046108542116669,0.08011860665371771,-0.0009404064752116352
0.016631774704135793,-0.010581063726276213,-0.07145126289302763
0.022968145703302682,-0.0061365601943470915,-0.06730992392406186
0.013284733487691451,0.05356585221785284,0.02639390957419671
-0.03973974877864732,0.05858938087557933,0.015333325158572164
0.0980489921659832,0.02509275009165933,-0.005398873679276443
0.037044082170092404,-0.029332529451604986,-0.0044931679839940245
0.022581247932870217,-0.0565587000469884,0.03552684965476531
0.018197689481044867,0.05192813030442567,1.7046357930518286e-05
-0.026567717760514246,-0.02134064689806514,-0.061980913630328587
0.009130068965565015,0.10223632109064248,0.028245385421862085
0.10100830575002116,0.14854259912032347,0.004603354555557956
0.03548714684256315,-0.002619914061382976,0.04046421663357103
-0.009235667816239631,-0.10318713705573448,0.023352057239182433
0.05271120706313631,0.020112677010468274,0.11690078830873125
0.05414435442858256,0.0655113420845333,-0.03040887961334584
0.008059262031844037,-0.031131272749953552,0.0014136135906721616
0.1076406488817296,0.012164952015023794,-0.021986797581747774
0.12434123774643169,0.021515231362723552,0.05661604462229371
-0.0036453355837689112,0.008026989542302142,0.0024671264261372297
0.030708248983608025,0.05510649955975731,0.07957814248539992
-0.03892894106259989,-0.025207874790279586,0.022964503106361563
0.0245757857722975,0.06971503874946483,-0.009968222297363598
-0.06613870315643533,0.0875107911150201,-0.0022321456499069733
0.058790477028787244,0.038196444143058866,0.06815241125664143
0.04422584747883611,-0.01945071741621266,0.025566390716609048
0.018365480628024074,0.04941668153512888,-0.011056481838759118
0.05222684925361265,0.031993228708369,0.022234047000958303
0.029381082100885064,0.048238218198835614,0.07361213061534673
-0.0006187433534156454,0.058340492485809956,-0.027039759776967123
-0.00814810345270348,0.041453770878907975,0.1489250985021245
-0.020878930063199515,0.021226678089310065,0.028528901063155795
0.00565849617826052,0.042150410674132915,-0.003668571452296796
0.005763039178605647,0.0029273295597422137,-0.02476121040733122
0.002987485586047167,-0.03853206863842011,0.02816489540031538
0.05958833770632641,-0.02210448196193967,0.05343969349892508
0.03352511107464995,-0.039695742261895095,-0.06498789389721332
0.023643691949430876,0.012300552640319474,0.026302964448682686
0.03201632942384322,-0.0819997331319984,0.009938184511633634
0.02133106548204614,-0.006563260079860141,0.033557265137132995
-0.011647908667695345,-0.008986254993642136,0.033153655128018975
-0.03317983813566955,0.05465235580897493,-0.04078261861397754
0.01897890614758469,-0.00776636048666807,-0.04818079996245887
-0.015194042782089263,0.04745312283526095,0.033630878249636294
0.13370616198759183,0.05143890890337239,0.0023334915384076588
0.058899302690730446,0.022474564110962686,-0.00030078551498750883
0.008339039069705421,0.07956794447711371,-0.06468515074645459
-0.007357131165031661,0.01937033075100738,0.019386675859272243
0.12081451757077467,0.008355331646032376,0.06379483354197074
0.03153370335021382,0.10420020848690333,0.023087048825744822
0.05708134653366475,-0.015617353447648669,0.01442375573684243
0.012547248971346878,-0.009324822071702585,0.0597456147648176
-0.05157598811942296,-0.10365511070299087,0.14973075511650988
-0.009866932049602262,0.025907717993743893,0.10998996973689718
0.10124957110757464,0.0734156080938821,-0.040113192361496866
-0.007943310674751704,0.03654937768635624,0.015323209647268757
0.027393675815155512,-0.026273618694524565,0.13045325749376346
0.1170184481777781,0.04640033663142879,-0.0661079603103494
0.0026497105432330414,-0.021925352361767795,-0.046294059812389196
0.12228296999961234,-0.09592672004190458,0.051943785942930545
-0.03301611367823601,0.05271049593155086,0.1229676838281279
0.03819401714385864,-0.051883991967013064,0.02463588078811997
-0.027450513132348236,0.08387887616234883,0.11661388343025071
0.05154987318792669,0.11834246108927636,-0.06288466933870318
-0.016273971060157655,-0.016103751348061038,0.020579832205318453
0.14120321432165012,0.023290550715343344,0.004317663922192761
-0.06477339507298849,0.008675099019132042,0.006185568634172037
0.03748668639393377,0.04924923554592932,-0.014955553904395145
-0.013937428165370778,0.06899403308852298,0.06971161631025337
-0.009701736088405723,0.0033027792204954123,0.04944682130507265
0.07497034580416301,0.03722192009922132,0.01934630586044129
-0.030798663002026796,0.10989143639257314,0.0455546379263031
-0.03251770679554823,0.06603033325757306,0.02001500688074707
0.03345122161655585,-0.07834003151552002,0.08216172263889875
-0.05526467975731607,-0.06234524784306264,0.028019719153790753
0.05520879501357459,-0.0036614489261477187,-0.010461317315830398
-0.010089029126230338,-0.03452694570144976,0.03432642672059093
0.16212238779409233,0.008576763597335718,0.13328028692045174
-0.0074633276552088824,3.2184141877441425e-05,0.08074991372163365
0.03573430400184638,-0.08703744081255343,-0.02639238404300781
0.011327100221048346,-0.037641873166083334,-0.015012504955552005
-0.052592054440772404,-0.014682498711437845,0.07293611434490817
-0.030055462815309547,-0.08078488531960479,-0.012645030395092367
0.004013143946270762,-0.08441580294334827,0.04958827955540512
0.03374042864605274,0.027111107630579907,0.0736628262916407
0.017073690807123537,0.032180315328638014,-0.02045697270366711
0.05316397592332513,-0.003730046476345082,-0.001072578801415553
0.04421361581656972,-0.06595248720861713,-0.017559671565201017
0.014225290699847036,0.06245624204743885,0.03747712716341532
0.04087010228235193,-0.02130753595553056,0.01870962133869581
-0.007911505619611606,-0.0068573769289078015,-0.01166523026286839
0.03882120906529191,0.1343253639950011,-0.12139506508797308
0.060415795254102206,0.0601159544122082,-0.02288880645699108
-0.007184372119817942,-0.05232701778585773,-0.01648115777197647
-0.0067630090780233364,-0.0005284438792784608,0.029321696671828712
0.038420576820327665,0.05871157930363687,0.0038796372606499496
0.04217886294917449,-0.11489494137373056,0.02102502945510047
0.08317692412854254,-0.02253490280210904,0.03590780669376686
0.05312363510086324,-0.07402152406523195,0.02818044220297764
0.05472010201159104,0.02500823510274932,0.03863875720197987
-0.0005737733554142012,0.004942265561202022,-0.03881163756161229
-0.00444521383141828,0.08136841811731735,0.016423884983897116
-0.046224600733841624,0.045875511488804005,0.0428498753787038
0.015539857716327283,0.04287908307786503,0.03446729765280202
-0.078572854822415,0.03159547319887876,0.03978737443786098
-0.02203490934982779,0.010304269894258717,0.0026306761762520964
0.01841854277047041,-0.02911640788739668,0.024445275227681605
-0.018719779196658706,0.03464524945817196,-0.07070547250226314
-0.05119211100790906,-0.048310432604379214,-0.029550443717479807
-0.012971895785183802,-0.035089187010219534,0.02512329616555589
0.006140896120232323,-0.0009907700115553784,-0.05483167133451938
0.03344610865758672,0.05002585290139376,-0.06790692055724631
-0.007353823219776094,0.009102765154905315,0.027356947531496992
-0.029195814322552024,0.02085362754612543,-0.016565934729341727
0.014249325539603877,-0.015387278164782442,-0.001009407569627233
-0.0012968044928183889,-0.008173315840213868,-0.02101358658969329
0.066092516742243,0.007162931629890593,-0.027556678108184247
-0.07317035799115229,-0.023074727527776784,0.05920925112910168
0.02743569314173682,0.054525198261095274,0.06978224877481981
-0.005559540684168357,0.13770645994181957,-0.010972794428630975
0.0019480412560236773,0.09350047993069292,-0.02040038526463718
0.019810297534578015,0.0032082084172422864,-0.01669156771636531
0.03338154888680214,-0.014275273084313908,0.03846249876981545
-0.020681996821450735,0.02952000125616181,-0.05322059064037896
-0.021769120204235617,0.05527180607677772,-0.04214029296979433
0.0012522390186919929,0.05401070373011337,-0.02116912850347137
0.037130355548244044,0.021620758093068158,-0.029068495843628552
-0.02352407571407084,0.05620022057380536,0.07082042915031155
-0.058039512775166606,0.09174859917092656,-0.06023858503055183
0.022905714734844467,0.025250199314267707,0.03579267167680583
0.016100736331270328,0.03192601191999289,0.0026714418569955536
-0.036850201302228325,0.06867427665557473,0.03289092455235645
-0.038565759911418133,0.036706734909880585,-0.009120143647689465
-0.07234960662826806,0.003281016954000603,0.04950661688857261
0.11098965631174544,-0.04268164029104104,0.02539152765864663
0.06186579317141921,-0.018796826165776423,0.0575761091963993
0.016621714224068187,0.014887532882171052,0.04819824457947246
-0.05220111106053662,0.028809940899247485,0.0444445826211596
0.01469979751595574,-0.007508079462147177,0.008105470130445273
-0.027857549864066498,0.06850647916843894,-0.026122092478025914
0.048602348927069605,-0.03991186736574566,0.006959662163678097
0.08428031347341661,0.10705036211337277,0.021789287650563566
0.02983282608995695,0.08129214335633371,0.011320459804590313
0.02096341561968164,-0.026729240111995616,0.03570207464488495
-0.07628067174300544,-0.0026662260042116096,-0.05291096748474047
-0.07012247509825896,0.09262326386727322,0.08329108289928107
-0.06554581450638035,0.012880788578136486,0.007721493315197155
0.07666791873785404,0.031253371647143105,0.008436517443421988
-0.029651800083454274,0.009093017948527635,-0.007186863657161888
0.03346951092482112,-0.022700100688756455,0.03535463400233844
0.05566794513821832,-0.020970729371706735,-0.013510774443589092
0.036857194581044556,0.08017596777945048,-0.10203743006325215
-0.10445785663232919,-0.043641523546361916,0.04203468775095876
-0.06573341335011444,-0.008330558121121358,0.08561373221065353
0.07931220049788947,-0.0007659254085798498,0.08113136569863788
0.0002804509772754834,0.03877614006386247,0.04466565909002825
0.0345702664916354,0.043890566322484476,-0.009487627721941628
-0.0627046427483571,-0.056220615430878876,0.04140262648471209
-0.11406076980216956,0.06024025988768677,-0.004506774002747966
0.025718963676246723,0.061068681050766155,-0.038072222184929616
0.040969151455023785,0.02228911619649851,0.04251412755076098
0.06300523401455632,0.02204709424595591,0.032030356652761716
0.023627571806563028,0.05156440634685813,-0.049003726260106024
-0.014920795109279584,-0.033106187264238904,0.043791022521775066
0.01707845815055384,-0.07515679975558497,-0.018166549863531493
0.015101177765968778,-0.047863756517255884,-0.03420464982158819
0.024085638314911208,0.07915512821427127,0.016206702483535333
0.06655292597205283,0.0041868439249650655,-0.08348411196047793
0.01362884889292416,-0.03650756185564934,0.030901934996677222
0.0871273725880022,0.028679492395718487,-0.03312507782553566
0.013043094404235293,0.025469615692849033,-0.029570593840815878
-0.024436817978331464,0.05838314182535618,-0.0014648139164831634
-0.052058381742739246,-0.0497395712600926,-0.05109636413352432
0.014277771368751737,0.0940139968643793,-0.018773892895812612
0.1167723631576881,0.01797607158876786,-0.03395927439809089
-0.004969676871513628,-0.09424601513094999,0.01298455322839201
-0.023274690811052164,-0.08395225883074561,-0.03615100775800321
0.008431608443006562,-0.005796292317256984,0.057461467320343185
0.06665098298924986,-0.014045306615375808,0.0007989797761155399
-0.007691772545402274,0.05806213208910821,0.06227921906610388
-0.027742083298945792,-0.04445986028874205,-0.028490689400050735
-0.013374058741195658,0.022455277648944776,0.003298846554609672
-0.19102823711211875,-0.041054226913788086,-0.025950549198941686
-0.04446507098363517,-0.014121923510063411,-0.13800077450381687
-0.01391521173581457,-0.04616637191454892,-0.012686199362870555
-0.03641230824446026,0.06411614143193847,-0.0054317534918395674
-0.0889580585148621,0.013483701329101172,-0.08660432683696452
-0.00026914125228079573,-0.020584843898719056,-0.00013352302884866475
0.03167300366210248,-0.003081779142035645,-0.13268855433615157
0.026023059182103264,-0.03469419417264359,-0.013793409492882795
0.005173117282603407,-0.00596428889691704,0.040308014325871125
-0.011022917984748505,0.05297593609138456,0.06547348429140909
0.005280773608955465,0.07832628941992428,0.04809321300759109
-0.028099876642944353,-0.017713840209243364,0.022715521462685698
-0.052720797474236636,0.04839977094262187,-0.04927417258918871
-0.015719559780810022,-0.003524314376694728,-0.0004679534896135547
0.00521519652136531,0.12799942699926864,-0.0684320904470715
-0.01225482266235246,-0.0218787976225646,0.08242908447324698
-0.023275164695960138,0.012264418134135346,0.025122405844143818
-0.029580054423918433,-0.017721696371619265,0.030056373016908347
-0.06660937800243494,0.0191300372819347,0.003321601399686208
0.04133112416821886,-0.05042239964782523,-0.11668023910934747
0.029820419528474404,-0.02044131944096648,0.05390853127344686
-0.0031571120224044187,-0.07443834635935968,-0.07961076712800626
-0.11953602841077268,-0.09351230015670428,-0.10431354268288726
-0.06125229211180083,0.037412066584852896,-0.06075173359856674
0.04754947259921271,-0.06428523170088085,-0.035502620340397924
-0.10312435427705234,0.006840909601536868,-0.08795271835086794
0.07377541130135404,-0.05939986425818024,-0.03259993823479487
0.015266055549889725,-0.018763963619061193,0.0036092550350221714
-0.10744316988836697,-0.03558197367217231,0.10136432908513576
-0.00802130571696613,-0.0755828611390714,-0.03152552552208765
-0.05577616814447019,0.020027003787259225,-0.15063100088840836
-0.060458162286508195,-0.05131302593177303,0.08414026139729783
-0.0018395273550845526,-0.12433399987867833,-0.05297835160954297
-0.01606953136587997,0.018365523188643616,-0.04613850283588281
-0.04176940758703135,0.010522690225084338,0.03687568584890204
-0.023930623440140974,0.03470569714199003,-0.10036201203394737
-0.014666945871793067,0.04837319792543179,-0.049325481373647284
-0.07197660553525848,0.029247957513966586,0.08062189827720503
0.03070817279786311,-0.08079210699104108,-0.13112305248261055
-0.06859288087595239,-0.009706967920074869,-0.008799458055754723
-0.008092590613647574,-0.0784223579436589,0.004163573236638889
-0.031033141882470198,-0.09047721157064541,-0.051782436374409546
-0.04972767174942598,0.02567654298651538,-0.11210419671421079
-0.0677852864822058,-0.017784735099966822,0.00024331098908302387
-0.024369495555399075,-0.02031439746407281,0.003924710476290998
-0.07025724940920239,0.07238030589829934,-0.04045377153386254
-0.11052309911582645,0.020522517092031414,0.012680937507320043
-0.11752412839878096,-0.06922969398132345,-0.020180605682293868
-0.001659734927025383,-0.08172038961402345,0.07127759543258354
0.026930413380084957,-0.007733369199259517,-0.09564706664122744
-0.08830902382237123,0.01773671579646001,-0.04848526115566999
0.009009240731248608,0.01807838530596358,-0.01089587671587297
0.024734073895496866,0.02525434604968007,-0.006250895120152181
-0.054672088158908394,0.052055419899421,0.02604669027027334
-0.04690383319825721,0.048774893093165655,0.028248326507686803
-0.07165830937889316,-0.03680478224851131,0.0985288295293633
-0.02695025095682007,-0.0364104930705631,-0.052136998058352375
-0.09901344365092327,0.019441466620674173,-0.005060812779978139
-0.03872458860206163,0.02410067009935462,-0.06745508302762136
0.05720161244727186,0.0008377284413319946,-0.09120223140726391
0.01588523962323289,-0.04768183601373473,-0.04591343302806404
0.03562643063503461,-0.03249371898016743,0.026612290185546648
-0.04896991760031081,-0.052633020992570334,-0.06202443502383699
-0.007517813524544718,-0.1221280009654702,-0.019617837800422134
0.06251934803197907,-0.06150455520020237,-0.03480874977764255
0.015769888448018275,-0.05685951997543663,-0.016654458575352818
-0.03127712717391638,-0.03228209279895933,0.00533236280659714
-0.06745531072678647,0.0038390345872880843,0.034104215383045935
0.04088793235168732,0.013492545478762327,0.05122443474498156
-0.06664170861847417,0.010294474500339934,-0.05019903880527676
-0.07539748829626716,-0.05016162276847172,0.013968226763654439
0.04764767001687746,-0.030207485138554827,0.0063686893399282594
-0.015422424026469508,-0.05764067995185254,-0.005422549111672973
0.029012183684642343,-0.02862167950127199,-0.02734411218467281
0.02667002266314309,-0.044959030211034166,-0.01642719187465938
-0.05618622042461789,-0.005768772645516836,-0.025739506302316608
0.04166804307291791,0.02880747102896824,-0.02343917470901162
-0.07999359690864025,0.10280278614753927,-0.0396019960399471
-0.07632040821421654,-0.014131747345853509,0.027246971159321162
-0.12383539307311983,0.014435705051550916,-0.04675613997069962
-0.03213426570387068,-0.06333090863024714,-0.04722545525015089
-0.02141020251477944,-0.0205231671411266,0.04410380455969368
-0.07679730804022504,-0.12379132109305045,-0.015372195494859483
-0.07385656138454083,-0.06526147809397122,-0.0050496260467908435
-0.023002960895781223,0.015897235194719146,-0.04853245565429584
-0.12367770867732811,-0.1719578195216171,0.020402755100529375
-0.0063885279617395905,0.05157452991043347,-0.11251263691364367
-0.09038921691739743,-0.001240493007681507,-0.03563008680222167
0.017546692432461698,0.056971378855259824,0.03664537946480945
-0.045429072041044474,-0.047640093618613114,-0.03843488985857609
-9.064329017413261e-05,-0.0780780280661767,-0.09619442701708736
-0.058526777716781296,0.0010831280866306497,0.027364219126590067
-0.034935284478963165,-0.03418490997998243,0.01935752094561374
-0.03757538495400415,-0.005647524878512273,-0.08694674078451109
-0.0432956985677698,0.025858073571060382,-0.07026519843402988
-0.06976281024543227,0.002853466349527732,-0.014277552063740232
-0.06350105693487244,0.051892120546358445,0.03852769494307391
-0.030919215155323775,-0.11315521650384427,-0.09816643645005077
0.020009652900567144,-0.056722069876887445,-0.014811484497862942
-0.0842419206461265,0.003540097153272928,-0.01826994340160293
0.017616854948988805,-0.11608651256403521,-0.014781077125116306
-0.10914885138154752,0.03063917669932318,-0.11213016215986449
-0.058092793765562915,0.11878354191613416,0.07387533189100118
0.06333429378857723,-0.01946465334364606,0.052749625616219334
-0.05366472643975217,0.06513904720735572,-0.02482479316878103
0.04013958049722487,-0.132788434318469,-0.07423230093895997
-0.0715084518911142,0.12596084632680266,0.023427567554929196
-0.023496683945428427,-0.0530452748420988,-0.13347815244767952
-0.08250060719888049,-0.02653037954527577,-0.013560870100194173
-0.02057226624368301,-0.08559612603861025,0.05140286406890916
-0.027879332977918437,-0.008594416446001013,-0.019549640614448457
0.009866586060914957,-0.019117651908851986,-0.09304291572490361
-0.010179556024723584,-0.041676525386413504,-0.008564055489854233
0.05146746038692683,-0.017673039757890027,0.013080807411670602
-0.01116792633360613,0.0367538966435407,0.02406699016179239
0.00074089583636445,0.03963069534807859,0.038394497673404734
-0.006438988832328953,-0.02044508894719077,-0.013054014462996383
-0.006756317022159981,-0.03764299584129287,-0.012347194707596987
0.011830713982157563,0.02989873049976092,-0.01506114081177549
-0.09826990148919669,-0.05483626536735731,-0.031241442840179864
-0.0560798256420929,-0.049053853278363285,-0.08160356799642242
-0.10905521537422923,-0.03778969540426435,-0.0909582335298787
0.014429357771939289,-0.105394125491836,0.06321442715992193
0.03435309895636541,0.062943307956721,-0.03192407888437724
0.028607575297176016,0.044072439355928514,0.06272689225314165
-0.09264197110689053,-0.08726526036811003,0.017360259306142982
0.016158239132147673,-0.018017333262358555,-0.05564115887898444
-0.030860188793420396,0.063333015844261,-0.06020004859143784
0.061269813595408444,-0.0487555674192235,-0.023421351443063416
0.008314479838077883,0.002313005420928235,-0.04895242265006607
0.0623341394970143,-0.0007626412454781201,-0.01640038989320788
-0.06310768034019587,0.007479463467245526,0.04733220291483335
-0.07051920745068585,0.022913271973849486,-0.02159141669791382
0.0553295615474525,0.047506775494780135,-0.027056506142385427
0.08969737660088772,-0.02327094584269228,0.0168587618923396
0.10244898185906977,0.06086741734156084,0.014734062044026204
-0.024929721971948107,-0.08303090741285332,-0.09964827889087664
0.0217144657067507,0.019184409703830698,0.04334725783748457
-0.06550721195017567,-0.05372163238693077,0.033514402079594
0.014267778176314742,0.05612642092384735,0.009504259107167751
-0.0036856506169993535,-0.06270098658937209,0.0566669296737637
-0.07021686373543798,0.040469204663801245,0.01140847905510858
-0.013282795260391798,-0.06386377261152341,-0.02874202031130322
0.0021180239022353733,-0.10678380251099302,-0.02854300518092855
-0.03725609559201035,0.057839935961168425,-0.007145223050396854
-0.018939126710231256,-0.033232008660681586,-0.055751340027444155
0.028405264705376083,-0.055139593846747555,-0.01703437212937495
0.08241438412923699,0.09010623553925427,-0.04123289021047734
-0.06469468667471887,0.01913843643682974,-0.13435705417152083
-0.033403455569981526,-0.03531584910833666,0.0347808657627641
-0.11659473662066053,-0.00031151165428832317,-0.019944595563450202
-0.07854238886698509,0.050343463780476154,0.028894126285757302
-0.029128626404700448,-0.05429948320421912,0.04715665917513895
-0.0368199139781131,-0.0335248511612751,-0.039250747123105084
0.08360317875722226,0.028543433163722747,0.04273105976028079
4.7735085013177626e-05,0.009198966342424383,-0.007863535573511275
-0.030989101209366213,-0.012317277367143201,0.00760552955942057
0.003290638750938924,0.05557790662248306,0.04078735543067552
-0.031916513685318504,-0.01637656212757975,-0.04225766589587833
0.11655744793027877,0.06660856706376198,0.06017572103271133
0.07130801928782883,0.06440082653549989,-0.06783208019421658
0.00976337217287637,0.02185834223724112,0.04433543351578661
-0.017872477742201152,-0.07844732340001305,0.0971132683750329
-0.07233638934448408,-0.02662722062983502,0.03591097614111472
-0.00792911176268766,0.09618357161391683,-0.030751333521310622
0.096019207393321,-0.017376087899505913,-0.010843001170638472
-0.002918690233237091,-0.015297604563600678,0.0670142127110452
-0.13043408498578968,0.06073507737851952,-0.0363875833151775
-0.02613978673597223,-0.030677714159662913,-0.009043584595166791
-0.01684822755526577,0.018075923790741855,0.0554697448230008
-0.06551461690008023,-0.03559531056230037,0.05268136038772151
0.06656405740435221,-0.01487950804805033,0.1015845123916178
0.002118213211378638,-0.012269790947610689,-0.05358573486437257
0.021145999384489123,-0.09235932180811197,-0.03311110326159414
0.09590598715877882,-0.006625834990451249,0.005536388699954766
-0.0054638242266108715,-0.11568539958927909,0.03214931558636528
-0.054542203986363634,0.06406983606462381,-0.029930672213777782
0.028403630586592465,0.011647102864320592,0.027500873260958302
0.054104318099877015,-0.02064997121494685,-0.01925033752293711
0.032704262412662215,0.05810777213080746,0.04103329797842831
-0.009938152692970608,0.022639009573290788,0.15019436459230687
0.05382049752598783,0.058016178583721774,-0.006726990641615791
-0.027716495352717873,0.0332992765003366,-0.007319365849186149
-0.013936475925409406,-0.07896549768756736,0.05783831259189439
0.0012493900906601569,-0.0036121333811405592,0.026370095037996463
-0.0525561269963689,-0.049053297670400106,0.04920228800241683
0.02959440348497494,-0.04072492643866497,0.030684318575399522
0.04572993918240234,-0.044931335101040956,0.059614717950913734
-0.0058613387024751915,0.037813290168103336,-0.01602656805391465
0.006344590885076937,-0.019579899453217326,-0.012091589694547995
-0.020872801811508496,0.03575635205168503,0.029214007637470625
0.0062326622418455635,0.007739904750234607,0.041112482805534964
0.08834934949754418,-0.00991538245187932,0.020584328190583506
0.08714986222024412,-0.07174019489871508,0.05517050769024934
-0.01488882987382768,-0.030342868957785006,-0.05882801851063056
0.07681774463218945,0.027817463213462824,-0.1476137754305613
0.011524075675939133,-0.03886509830469669,-0.01918866679303892
-0.011621222820622407,0.019332410061903095,0.009832938710864226
0.008607137583261775,0.040878286771314803,0.01873089924266294
0.033532182727615295,0.07615206243848807,0.03564657870126563
0.05969812252272945,0.056015784764150964,-0.06593375600672181
0.0108332674849384,-0.0023648420911776893,0.014054737563836397
-0.0680333862543473,-0.056031914482270635,-0.001323654214376798
-0.010236297647385394,-0.006785170860322324,0.038907001353261944
0.10056576104952515,-0.02280181500647669,0.0014161251006608623
0.04821900016687463,-0.07676012235776002,0.10255245508573509
-0.02738707173524508,0.011094724011537008,0.0236673619870744
0.06815957529484282,0.0027202645553067745,-0.007678416054989897
0.021142150865221088,0.05798449789580724,0.09947049636903808
-0.0028307747290477053,0.04721022484038849,-0.1117111479159669
0.048572937046330006,-0.048728601741561975,0.015640286534483214
-0.04089818995681999,0.03416402779110244,-0.015943555988184942
0.07034730611686132,0.04187409162134827,0.10151390204166445
0.018544536472714153,0.003438818207272841,-0.028907759890796334
0.012322607252463057,0.04163023171167004,0.09004231696180966
-0.03001070930260062,0.04125478703641419,-0.01046595728170617
0.06164596450447159,0.030888058702647533,0.012357830999090439
0.009817766094949606,0.05923337661372716,0.01111408869726851
0.04758752169413256,0.026155420895851454,0.01144827306239661
0.07107978467580253,0.015119987691215532,0.04783028049184684
0.006995428429973928,-0.07321064552673756,0.04143140448117269
0.006929136017564194,0.05954644359090632,0.06843872280429678
-0.047258960927207015,0.021103634882790975,0.02647426977366899
0.0052454820720529965,-0.022109044686831242,0.029593256023184307
-4.5660161508080666e-05,0.07633657761887772,0.0695446915529452
-0.03928283980816054,0.005805124799881364,-0.004919625863223618
-0.02344689433057698,0.02030035283063473,-0.05854810143441631
-0.0007428536849210764,-0.013210167882534655,0.035634235664151054
0.025050866032738657,-0.04865555466794454,0.08042431781293682
0.062034671567376964,-0.05202480774036484,-0.04833081035892133
-0.06094402774188042,-0.05657033712261,0.018773773860562833
-0.06773655854922174,0.004592973166933889,0.02913122554515055
0.10588391757679703,-0.11080420271431586,0.08046639627058427
-0.01800647048301294,0.023630274058558887,0.07000854966027792
0.030190116582907017,0.09201141252727905,0.08453463403753764
0.010792826655268446,0.0008255851065373659,-0.007549926662857701
-0.025505380433244098,0.12404829120522536,0.04000973493874026
0.07647271247122316,0.01460792262300907,-0.10093168130649784
-0.02393103689017179,-0.003405425449541838,0.10016599897946833
-0.07333331942116388,0.03842794349269135,0.06349066824589117
0.10636804307531417,0.016345642439921853,-0.0004102594673686087
0.025718245168602022,0.040235088237210205,0.02497494771292343
-0.07319832881204667,0.05357387410169287,-0.0015782680227250934
-0.044073493400781226,-0.07662761068131763,-0.06605239258586476
0.03563169033628229,0.03889278404374064,0.01883129818525363
0.06233351377916817,-0.0021977315007644313,0.0015950185985158065
-0.03643697001751907,0.007265921991817198,-0.014981778249893
0.031150036349992277,0.03112493906134678,0.042234494087558166
0.00486457712352344,0.06910254786083973,0.060587812450904055
0.017512377463351762,-0.007468331443872749,-0.0432135872333689
0.04312939571980255,0.04170100262491501,0.08221398698362418
0.03854866712570562,0.08107726153192385,-0.015060531725685562
-0.019771509636758656,-0.042754264102410136,-0.09735022929858982
0.012933253647309885,0.08765425325242925,0.1067834658737944
0.03241435074509226,0.012891537037988805,0.027808903677880824
0.10515403102572067,0.08241082367712549,-0.023262044850366558
0.1422377812154298,0.07120178739198202,-0.0688103838091744
0.05051080510905677,-0.01136165012359049,-0.06154146668358296
0.11720458340206563,0.030132306225100727,0.02073055460503834
-0.08806736471152767,-0.031096326303777337,0.04453393486987017
0.05874682648103699,0.015373278093713826,0.07678719493362776
0.0416912565873858,-0.0327989042027895,0.16735065859647055
0.018826343333412526,-0.07286069240641513,-0.014857533068110315
0.06652612772260741,-0.00041019966413375145,-0.025573873618527285
0.01516351279376674,0.08771874567726709,0.12001251305604355
0.08645677468823021,0.062197345248724514,-0.01689733118471168
0.04928476183246263,0.004328920213026624,-0.03363411370078612
0.004609297762982873,0.10598586675140852,-0.03186634431958493
0.006966470034103386,-0.017524532970686787,-0.00616377910912581
-0.04483146570349701,0.054491310311939725,-0.0057382033521354535
-0.12736304610804253,0.02588748037204103,0.029200638171575234
0.05470160138909523,-0.023321452383519337,0.05059861303195168
-0.0556058164421971,-0.003466346845431085,0.05210859505936298
-0.013635863771552181,-0.030900546446128475,0.055543386522114394
-0.005295567548342907,0.04052602290866601,-0.05744884427492565
0.06823579100083604,0.018542177547261313,-0.019852293827085362
0.12120872771899065,0.0007441467006552849,-0.058529783406266495
-0.02759553668860321,0.030944410764503483,0.045329459394977706
0.0728879571756399,0.027279319799295487,0.024208026942980358
-0.044275470548050505,0.012034238773479797,-0.05197599727754125
0.004848124545769647,-0.019759811840440008,-0.037690264904425966
0.006120919742144907,-0.022875479855331126,0.018721130440681355
-0.006573289774221683,0.06572699788287213,-0.07489855022343589
0.010227430233548137,-0.04162150555220101,0.0005394478519962567
0.012823456424576248,0.039244115142132205,-0.03951170100662707
-0.013912945714789498,0.0018891940583000422,-0.010269537233256902
-0.12527935144683908,0.002766609566085952,0.062030035513320966
0.022652774249947306,-0.011634346519127894,0.004805370770668879
0.04776844275343149,-0.002665395039058178,0.06193545392231552
0.006106339365698342,0.08256686494915169,0.037264311082762555
-0.0071579186128027175,0.032138874427497396,0.030977599923245287
0.08139482355167557,0.09552433496879781,-0.019727221273045496
0.04363681711885119,-0.07395136712413189,0.08672195264179551
-0.03979259851515143,-0.01641761957604062,0.02315085464898419
-0.01806175960051615,0.12201253958450543,-0.001779604780613498
0.015122031086261254,-0.07624229786352157,0.010172691490506536
0.10595230860441798,0.016182525034986347,0.06581815967646337
-0.057697262259509496,0.1607708889832768,0.010778818266598017
0.01594211202482891,-0.023852469016674975,0.04467796436572412
-0.04273905242159267,0.009608627306646328,-0.017283438559542716
-0.0034713268598393493,0.018228676099893384,-0.04222125389024921
-0.026104211548178904,-0.025251965391876647,0.045185989344779846
0.0067049881448406345,0.04496542050492427,-0.016311567104394777
0.02143958657708484,0.04640661394728821,-0.013585267718619776
-0.04193699048781903,-0.02741739933509695,0.024670581434326475
0.10083918646683246,-0.05937648579798365,0.08310636161809751
0.08157618406655641,0.022495370369053032,0.011170847929992303
0.02913770250225929,0.149766260459978,-0.058224984558189814
-0.01640578594434762,0.0445343672535464,0.0316953838939224
-0.05094739044036632,0.06661262311368611,0.004327803167554878
0.010503028842704428,-0.04230286414994919,0.10325801582553246
0.011281719250014036,0.07540192921354144,-0.03643472020562581
-0.03527058593312153,-0.03152795323557804,0.07694225457249926
-0.12397732927961376,0.031390007589201414,-0.026897819950860158
0.02696925736824419,-0.009606364541037244,0.03419225813237203
-0.05940415317279458,-0.02645338914739618,0.08462850229515995
0.03577312701975877,0.011487492611838514,-0.006728351099233755
-0.0264559036332045,0.007423874800395922,0.00395248529892973
-0.046388891244744275,0.12419795624433701,-0.027630369426299782
0.06733204931295282,-0.008104004523133203,0.041621724974836134
-0.10043926106854117,0.13215755767252166,-0.0018723543823765867
0.009604878256992494,-0.0007372423400603106,-0.026431338071195267
-0.042550606778043114,0.06641830633115556,0.014069979710519234
0.010470388049189419,0.027877982375346177,-0.012050341479056342
0.07787319612038264,-0.0470823497856648,-0.018046886391840183
0.06873734744279056,0.03631532018298634,0.06057822849169857
0.024220263486144512,0.08724174715381343,0.04567045620540135
0.011674604787333648,0.026610581146433138,0.12064706832364218
0.02148960970548973,-0.03460564363969335,0.07020911568219093
-0.11599997554712638,-0.015094874011001583,-0.011239922891958541
0.03261351506610798,-0.037205947680745005,0.012646579086329584
-0.0213594315571681,0.001635258134617415,-0.0882798591305405
0.07397739923753482,-0.031807391945364014,-0.025288602441341086
0.025460098342360085,0.034579488464478274,-0.03218330769015725
-0.020911997561532447,0.04622329467162317,0.05461647933905818
0.0008556158843527253,0.03690710577465151,0.038881764042031496
-0.005271118570906201,0.009415272370189284,-0.018269605353644136
0.037840652668550065,0.07612530511195964,0.05698263093267311
-0.044862752331967785,0.06716581023298994,-0.0041582821580091345
-0.007170291713767288,0.07742084618573317,0.02618719999845638
0.0517943265369557,-0.00921685406762415,-0.0016012895154582764
0.07938829891348087,0.03094061014261552,0.052018667933843805
0.036964378191174464,0.05715240987881036,-0.010695690478331493
0.0935329908309246,-0.06819185774145059,0.11285818837953883
-0.010468477184700222,0.004798117281093486,-0.053822040172783414
0.025969025815075326,0.01608220710438457,0.02224980030874376
0.06449611456742749,-0.014502785945467288,0.035706211024555304
0.07091919103166575,0.06275685323400802,0.015662310696111695
0.016459610372200215,-0.004456202125094577,0.0158541888667692
-0.015520924556117553,-0.04559753096702168,0.05601331494224293
0.016981206218269658,0.02887033144394388,0.001078362885457824
0.024648257169933345,0.024670774080708814,0.016417290428352715
0.013585086977877078,-0.015136865115458857,-0.00929721346339402
-0.018995322149968033,0.013364577705497363,0.016172382538742553
-0.056439126383856376,-0.0268294084065894,0.012956138927417777
-0.022619987862294518,0.07681293075244261,-0.018849119380426816
-0.09804462422666757,-0.07886884067139444,-0.05223184102140554
-0.045931210060838085,-0.02401132513834984,0.07142238520106999
0.0585539948722633,-0.009709688849661335,0.04123878713835648
0.036826200934514025,0.015614384897903306,-0.041738558981684284
-0.03115443807756687,0.017772834592441226,-0.002629619078467058
0.008838282566388796,-0.11181967064315049,0.034455410807123284
0.01939819243274163,0.07999139736164795,0.057420249332407344
0.022310200457821738,0.039582676310357126,-0.05504979977559648
-0.016817801766233858,-0.03360743828489672,-0.0017965218388943098
0.06683837222195377,-0.11093769769884078,-0.009885561957643839
-0.014541525944110418,-0.00032476489424717464,0.01406936027770472
-0.007562944039228935,-0.003991913047992207,-0.008532581487534057
-0.048873617414652945,0.08461738989257866,0.010439209432198445
-0.013709879400612914,-0.038948135553248935,0.025924178782158268
-0.03162075281051336,-0.02481767695449758,-0.011824251966362196
0.011734324195159572,-0.05094038552562953,-0.10644606986043657
-0.07788686052892373,0.04783589194070797,-0.03979709957898203
-0.031019518830257026,-0.034370902215043964,0.03984616373254304
-0.05738877118315224,0.07843046729490424,-0.09875788330000511
0.006366617196409623,-0.07784125062437412,0.002125412218593476
-0.07722979549250523,-0.05473270335142127,-0.0536052586839353
-0.04244058955417554,0.0073064847782465065,-0.10146332568011605
0.06710786379039001,0.00908129496842782,-0.04504594059437208
-0.046228805153814174,-0.064296915657824,0.018473647669143476
-0.005275082840600517,0.04131548031263154,0.08201319637311613
-0.041847539658294484,-0.02135990424009209,-0.033820868757826486
0.028628325840844578,-0.07276433255346337,-0.05873782294940863
-0.07053688185051715,0.008171072083937726,0.05999577276234045
-0.02953615613896003,-0.025025002515509175,0.019181104289981318
-0.02989792360913027,-0.003510692241998988,0.025299487280765882
-0.033515602762383565,-0.062379339218380785,0.056162259266237254
0.025025554870744846,-0.016911469679344534,-0.042177990384635655
-0.0010379574643048974,-0.02922091360301536,-0.04003689282100553
0.10621401522393743,-0.08476122062788871,0.010868694176973713
-0.06645538583333195,0.016521423493829176,0.055772075295810256
-0.052583779341363615,0.03266340206435052,0.06768555499845383
-0.002741873892747512,-0.0008046649620530311,-0.024930058143406833
-0.018280183272082366,-0.0696356366395089,0.018053813416592963
-0.036459187092494655,-0.06479515754941237,-0.08864552908208703
-0.05816872321955211,-0.06687542745328222,-0.0675563590954353
-0.12969203635930024,-0.005958600546425558,-0.10089319888777304
-0.013632790780803025,0.021595031093184558,-0.0669368592282277
-0.0010277009522661248,0.02136542294778078,-0.007392685580287388
-0.03813814659158893,-0.01980644438655093,-9.573383711139818e-06
-0.04199573016159063,-0.03320739249598034,-0.08853203562620694
-0.006081847579203643,0.035832859648202126,0.040805149930669596
-0.036386616988013376,0.09717009742567376,0.045275452706260044
-0.0011223603500955005,-0.025846163770483793,-0.0181920995968306
0.04262636746608417,0.03709952385090547,-0.05382948939453783
-0.030898235868268033,-0.056106207080389464,-0.03876213780775778
-0.02038576630887702,-0.00803690981430547,0.05284307764459044
-0.04221151923495395,-0.05762664578074676,0.014749667009668014
-0.06163586434296789,-0.08848721552787114,-0.04349746110742145
-0.0966568528451399,-0.07989915875290146,0.07096689133724482
-0.005976478724921162,0.011831243271148418,0.09506278007579938
0.05866142726492219,-0.07135065146837496,0.04103641934254306
-0.08609056464033187,0.02265440265897272,0.030485461304248535
-0.023760987402863157,0.011948313425414104,-0.02448613839558711
-0.04781509751337579,0.03192831938653819,-0.09992976527914757
-0.015149261445213554,-0.007356034825120454,-0.06156167435273411
-0.012332366156899796,-0.022786723739491213,0.07630019591156392
0.05136207448922956,-0.08524183002831094,0.006368883435127761
-0.08884972662048707,-0.033393803301201924,-0.04778559651935095
0.06086015438464823,0.05017134402176125,-0.05964358317612237
-0.052083360273941004,0.060772232662601275,-0.009428117720898648
-0.11078417504418915,0.03638273071826509,-0.06021266089389061
-0.00957325240277732,-0.08361258009062054,0.06524637886855914
0.018674285479576707,-0.0030198404629919583,0.03329605812588565
-0.051834866701099894,-0.05779925288156049,-0.011797897977491218
-0.06478016676549497,-0.04439617298973213,-0.023776160665096614
-0.07582539127939927,0.06276752190108623,-0.03382596726915159
0.010714758164953188,-0.02786639639625435,0.022009282930415416
-0.0704586696104863,-0.0005571328531719065,-0.016605126878084752
-0.011988519789005479,0.08689286672374008,-0.029085778506579653
0.061194022129275605,-0.10104378295981052,-0.10212645139182443
0.03955662968588819,0.011486470888998731,0.0068161061209301675
-0.07023200347362331,-0.012737049204344705,-0.05421106442466013
-0.07070704334149644,-0.09613720924300521,0.007210774551693708
-0.09166394350220089,-0.12899664930753268,-0.07713294962708522
-0.05393990140019449,-0.01701009664971711,0.07700128473047266
-0.012381247909650683,-0.012942748974641101,-0.017172992253480835
-0.11544523918916397,0.06716387555522915,-0.01097897434932815
-0.001341532350962571,-0.09763354146377928,-0.0464232929886505
-0.00024884531489301545,-0.04855815496946603,0.01891688352466244
-0.038800234840515355,-0.05089953367223729,-0.011517884787962708
0.07003312233803809,0.0659936419269048,-0.004745453430233302
-0.005342613116272909,0.0702377490519578,-0.03315920305277665
-0.016459543680660577,-0.06824465799753732,-0.03568234421840988
-0.032566546783868784,-0.013720394353259292,-0.020255307780303208
-0.05296901787750767,0.032294787650490486,-0.008555555784048739
-0.06422242104821849,0.004332044139477655,-0.06285728118622566
-0.009943509852637296,-0.03514344405644733,-0.020252033478080245
-0.025017782239790114,-0.055681732104084225,-0.06381116003125226
-0.10277372602005343,-0.003859048265856393,0.01884934592286132
0.016935213165363092,0.040003229213754085,-0.003992203263958237
-0.05044149907202641,-0.07918436013743853,0.013672788510367167
-0.011819675701876965,0.004076832855364143,-0.026204604363891514
-0.021302692843265223,-0.05266774919714606,-0.013817923870107423
-0.03226801628124807,-0.014981705896461507,-0.10376633572368968
-0.04643197019059325,0.04591432022555915,-0.060494007047135444
0.052493202929916376,-0.023812007649427987,-0.1092691234029523
0.06443397661556868,0.021556871543738112,0.024696933263122774
-0.043127878428513705,-0.0038255941120430466,-0.08363712801548552
-0.026610593857071912,-0.00829713561610763,-0.030204549879916713
0.010308679982977624,0.056494577698005706,-0.06051643123198247
-0.04044685758960278,0.007724266358641329,-0.08092270940506577
-0.025847030416994213,0.07501815274313647,-0.05213321244129253
-0.04737743980688891,0.08193007309529551,0.006532617562178419
-0.06397233506684737,0.01929446087800299,0.06309599261408355
-0.059049296924416884,-0.025489689594213657,0.019790517555279566
-0.03714485222573477,0.00881169609884544,-0.0560065702925521
-0.03487124978875941,-0.04420925319262873,-0.03043793964658221
-0.060854686714237126,-0.1288862089262147,0.0575564843340382
-0.02122877109475583,-0.04205398517189382,0.04937415532765624
-0.060687164954063434,0.0227737867902423,-0.001285468166526773
0.031884035990751736,-0.10505993955703896,0.04234911938082403
-0.07804912527950597,-0.07187200457075346,-0.04059512989959528
-0.046146078080564826,0.03231217195295206,-0.021577659619678953
-0.1134357412594729,-0.04329042524400578,-0.06156077922886327
0.007553413680920915,-0.1302407119084068,-0.05847986663501643
0.04580206091916175,0.026275564984328578,-0.054930805407066255
-0.1260851795668301,0.03910715059074686,0.01701598115939573
0.08885526460180923,0.041352638747622114,0.04760054194818192
-0.05243064545597621,-0.01856384318590651,-0.05793970321291067
0.05845342668881663,-0.09465483832716769,-0.08956650077936947
0.04851133628520489,-0.07789380976534685,0.020048144406068388
0.035004779668724534,-0.06735093769638137,-0.09930470940728277
-0.013851040399153875,-0.07757757976817979,-0.07437401811568592
-0.11228700890214066,-0.06423738654401566,0.0062256393430730195
-0.050457182079500076,0.02087855948391732,-0.02534499832366662
0.09823132812532093,-0.08376499587479715,-0.009338903006166722
-0.061865709625708934,-0.07414813014135006,0.05692507650980588
-0.01875555449331156,-0.06608078668521458,-0.077495122885462
-0.09458552714533407,0.008980108015569147,-0.028981453137107822
0.011145632463030554,-0.009969685289648996,-0.012310935264137454
0.010193471068012803,-0.07579989916789558,-0.0026557781367726723
-0.0660608801730568,0.048709712430259344,0.014401966206076932
0.014367987538425449,-0.032019662622601745,-0.016809325400623347
0.07653291663101257,-0.07399574240932132,0.0050238710842741875
-0.015926523512369218,-0.05427955554348263,-0.040216773712997755
-0.02258336307163624,-0.02234435267665866,-0.005466709650109938
-0.11826381238913655,-0.02025630271593542,-0.0013345943605924532
0.04215388112542813,-0.011250303297816048,-0.1082165412957728
-0.02430066881529941,0.05852320558585959,-0.08330285087394199
0.02507920712279423,0.01388178870510438,0.019570327768954735
-0.06505911823004099,-0.08989829391354986,-0.04089010024498458
-0.02607875067042891,0.05226633699488353,-0.034371690716736736
-0.06203210320928021,-0.01510017787779619,-0.003204845364780537
-0.049900768482458085,0.01830062739357436,-0.09569290834827227
0.03623118628055602,-0.08751797957885846,-0.05574746420046682
-0.03243324877921588,-0.020785390455711053,-0.04436523779588438
0.038447466615094475,-0.06606619791185143,-0.030700921070501937
-0.09447368933655738,0.03306633963321188,-0.06648493649699039
-0.02405615143319935,-0.03548304814904834,0.006079492021190996
0.08673159469286308,-0.012580303889360486,0.07439643446265498
-0.027077111699672616,-0.09258238344383718,0.07666686842426972
0.06853888971828871,-0.0405681307731547,-0.037169077956169486
0.03441576294446394,0.004047991161765095,0.03038454809036295
0.04566905693358258,-0.014067910535642991,0.01722773608525019
-0.1156916422988664,0.016107200100555708,0.016051825575404816
-0.028182177230345905,0.008234136023265842,-0.04362237688480517
-0.08591665873234654,-0.018877092919829214,0.0874906785960844
0.05892283771779684,0.011946546147896604,0.0012891267717920572
-0.07321197591197631,-0.07285988513859545,-0.033598285760282336
-0.06376480678612012,-0.02048394162367244,-0.026775947364865615
0.05195948263575996,-0.03255191471658322,0.0026779975314803993
-0.0413508666565551,0.18067293990361824,0.0004693778536618669
-0.009878468541162082,0.0729519215067182,-0.040969732849811646
-0.10073710603754873,0.06218637372993273,-0.023259458004569057
-0.029233666242028153,-0.043961010150115304,0.04065327366493378
-0.07446584102434026,-0.08405706780871866,-0.02040220891331013
0.05758301091011218,-0.06916060135132646,0.0848147504740463
-0.033732214089053456,-0.11123831559919775,-0.053713548884255245
-0.10049778792422205,0.04092369333527725,-0.09378082159184242
-0.039214223725492756,-0.09289815380132702,-0.05313221415738732
-0.09801253440707222,-0.02668677688089625,0.05062438594144779
-0.06905219127807541,-0.0771670719109275,0.017156785431086424
0.013505015350103358,-0.000849631299142721,0.009011984762233045
-0.035530351046904385,-0.027298793081193616,0.0003583577927105206
-0.00325764885163539,0.017242953269599223,0.038593314288922966
0.06598427241898265,-0.028284890492638444,-0.00913452495433159
-0.006724793831226122,-0.05926487031657629,0.07102113966199029
-0.026809536154335716,-0.023633584052058506,-0.05437552917200158
-0.028611020022841414,0.03354629456446054,-0.043333914995421885
0.022585134548541143,0.044323123584699906,-0.0011800742149153344
-0.06896441372685884,0.03685595816890522,0.023897127810958367
0.007414673039607386,-0.05296780196843793,-0.03382770094457214
-0.052989273246515596,0.0020169956520393606,-0.12463203739466713
0.013606380449897048,0.04176839998673394,-0.01047371619244284
0.03440546411282891,-0.02875697262535534,-0.01185493990937388
0.013712486835138128,0.012592165603168576,-0.029923564451336516
0.013543778797293491,-0.01523417544443027,0.04551383607500514
0.08432170226456528,-0.02560320953351568,-0.0475640906577547
-0.006632299799983206,-0.12390453931457954,-0.04801409471404128
-0.0033258622985270518,0.0676977712333896,-0.019190643429614896
-0.010688261743769925,-0.07282177804245832,0.021701653791538652
0.011698877990934553,-0.11155594910727559,-0.017050815359199372
0.03482224401100335,0.08392262730770432,-0.02584775213793758
-0.01858647600818169,-0.0002841774267661676,-0.056165462456950276
0.039520356215149606,0.05344927245899967,0.036625078796607535
-0.03781754043446869,0.06475610886533666,-0.07326967866804356
0.074383779833941,-0.008735766518780502,0.02352049787094982
0.02102174315890714,-0.018086083356317867,0.04101615526712509
0.005377315047135808,-0.03693552077079782,0.027644495207760956
-0.0649908425288176,-0.010750295830891477,-0.0008494077186917576
0.033299752591877306,0.035824666168609666,0.029045308015816902
-0.038355678336680694,-0.022158211443415458,-0.049873770441351634
-0.0612087726929715,-0.020117203571745814,0.0026998423572324203
-0.07121553083299274,0.004479751228279665,0.015595475640414181
-0.027944132578611707,0.025939162439885796,-0.002194871200453404
-0.02284515436298619,-0.040202817846969996,0.09280011858724936
-0.020687477075032847,-0.03727868833271348,-0.02106737825706139
0.033642447169482705,0.017857802206443254,0.03279289894158439
0.043046898216907936,0.04291436897453029,0.00012450110449182118
0.07301554881407778,0.14143774412757795,-0.07143349714080097
-0.039626428407795664,0.027845411260224617,-0.03517418254027041
-0.037573423016856546,0.04131724449859372,0.004752612028154007
-0.0010969843114545263,0.020950713543322338,0.09897284025541939
-0.05206004120433755,0.03326508565084658,-0.00936960046483941
-0.005312896491524711,0.007966332974615456,-0.053773078550540664
0.005442944486260446,-0.021582436197248218,0.027508542881579456
-0.05815403556771876,-0.05119413229493774,0.06149252999927751
-0.010336803459705744,0.0578288060137176,0.06646980279434955
0.017051849867023853,0.019217031762493585,0.016310795188847194
-0.0736714054365358,0.05996710074122882,0.02796391673401869
0.07870594457681532,-0.008476908245424374,-0.008870330916769253
-0.04442018083984869,-0.011710637657066477,-0.008483641305696652
0.00043675845343982885,-0.10551590993768169,0.013623977373941673
0.0965877932072871,0.05498166169060379,0.040460110890932995
0.013974827409679251,-0.0407413621298681,-0.049507144596516624
0.04727762879535229,-0.016696476574730054,-0.018496923606195304
0.1329541237406012,0.0539000251362237,0.0358887350714275
-0.03454862549594766,0.0030572810985405813,-0.06922693570540854
0.031830676513068125,0.061166948127880594,-0.043929023530799964
-0.04941213661197043,-0.015454368291093699,0.048385088831327826
-0.044263435469344525,-0.015244922963058573,0.060003866097234106
-0.03513178850371823,-0.05441424449917883,0.013714118722142768
0.0029306269510508106,-0.0660453185679328,-0.009914768579013425
0.11983273880506691,0.011214771093812652,0.001694485055384623
-0.002955110282368622,0.013017401410068455,0.09166229886795454
-0.0140642191703216,0.0021172194403645452,0.01245603757476595
0.01067005304595908,0.005678876302364765,-0.04096862249114121
0.02770402283802873,-0.021167972325153616,0.011204675968362283
0.010317496755121535,-0.027462299094336423,-0.0053812038270277425
-0.011241708161387625,0.0065545199004248674,-0.009876204280679868
0.05564870719338251,-0.0765617024158746,-0.0009955777196848838
-0.016754405396616913,0.024553545262684832,0.08029179142146954
-0.027015726304263694,-0.0007463226181447635,0.09493950108451844
-0.04706084596858376,0.03162761745644463,0.04602271390109797
0.0015114298003753544,0.0044445314932148264,0.06708515421141423
0.03795781095111036,0.00556183715047991,0.041414367595996426
0.04816390516420892,0.017356875984443694,0.017747471777489345
0.09753370600910541,0.08497903597031752,0.07622851664389342
0.03292195578720488,0.025228496964722142,0.02080988867485455
-0.031116904912635454,0.040384336548402705,-0.04802002875025979
-0.03379100924702867,0.027465400553962196,0.05181190936222376
0.04759667732798296,0.004300066877871838,0.023447070306891374
-0.020635991763233275,-0.07608454399170268,0.12414500617561523
0.0713990822858531,-0.03517023678813749,0.0030675242096483597
0.02565603863967053,-0.03341844325497522,-0.016310343496498028
0.0011895614991941257,0.012357021880753813,0.03141461522964899
0.06973574995815815,0.017833628581466955,0.09191467527755585
0.04047822177818321,0.023654703611279748,-0.06916756667208293
0.014228737287865483,0.022035494688871945,0.05994526716184766
-0.03635946534953129,0.02138968086090278,0.08344736105806902
0.045370147742486766,0.0150380085532363,0.07753999995431168
-0.0003511472036011286,0.013896686805272339,0.016286236332839262
-0.04242299128267692,-0.01017798535855757,0.013647915944617625
0.04788596143457881,0.03291706400424407,0.010435245820236357
0.01683573477847611,0.02816827135146171,0.019928343127965882
-0.04876009326850857,-0.010026365117645923,0.03993486071608454
-0.0012815319804950036,0.06551472258940659,-0.06816791410335858
-0.005740587045818219,0.05182935987810614,0.04402951044519221
-0.009634011797724402,-0.01921627892660655,0.03210484090684172
0.04317009358193953,0.0356669382010249,0.022545790624070167
0.045650779277251266,0.003760527025108047,-0.05151880704700626
-0.04865579625689927,0.022119772798592393,-0.019666265963849332
0.046897514912376606,0.10634151107510996,0.02586711289884145
0.06487821611503697,0.014938317739479299,-0.005630547936727695
-0.012157948645708374,-0.002422846843027626,-0.0019307223310927428
-0.02078112744015173,-0.04576796167878526,-0.005876391715046614
0.13347178602414755,0.0400554854107897,-0.002504455409455271
-0.01086483740230101,0.0434585777850858,0.0428068637562662
0.04940689178860895,0.09848458416999051,0.09040693873977627
3.2410474618771445e-05,0.05503937980407153,-0.013439363504984137
-0.007081354748445654,0.02490619000876706,0.020611372838940004
-0.143826680297617,0.06602738542219827,-0.020052821596639143
0.0657974264604418,0.05293557228843402,-0.051156105724445594
0.008444402413793723,0.0026473467160635887,-0.05163558933738215
0.04137705869816058,0.022856398067036175,0.11608708311169366
0.02511078688676966,0.021495606013883596,0.09505870365472179
0.09285889654937014,-0.04093571411896342,0.12333980160918671
0.013625182137230407,0.018009333368211193,0.06942848898488808
0.02173043096687219,0.06392689446235883,0.02060610965184847
0.0006774614547750586,-0.05122046897856017,0.10386138825675706
-0.044603577471924644,0.04624506602474049,-0.08783475006568162
0.04944794927559331,-0.01785365046182434,-0.0034313193959304954
0.017722892062508967,0.08462718777580605,-0.09046169578577332
0.06241847576407711,0.07745898025017739,0.024398288867694344
0.09059912705161974,-0.011121673510933225,0.05799813591070549
0.1036885957620861,-0.019419388964957273,-0.02915676836853796
0.00925722226082588,0.026851326488737653,-0.012672216166572794
0.012761124561244563,0.0015388030216849924,0.05630730561096253
-0.05226730444312377,0.028214075493700787,0.04599236060350027
-0.015664284545812663,0.06598271230963249,-0.005936614881780912
0.014520040650588577,-0.004848476568125499,0.06598865522759559
-0.01875939188854659,0.004704327190543383,0.05362065674145943
-0.03745245894060692,-0.019741570533801465,0.027893687068329183
-0.030845357619994462,0.05254132247115839,0.07304852497268027
-0.07252489227212255,-0.08423322077296135,0.024593221690626874
-0.018057006771840797,0.0951081825833533,0.03621577642311109
0.06847259648838441,-0.06611877121195428,0.027643959586526882
-0.001138640224390617,0.04419885459794998,-0.01616945814050842
-0.04970074716787144,0.08400858942630356,-0.011026280459731717
0.010354989233805588,-0.011090541498706294,0.0018100531409664077
0.015465050605545405,0.012338620936908422,-0.07333231905228862
0.11457477337803781,-0.023290643207610023,-0.052196547039857405
0.059894100918097076,0.020099007253954217,-0.0029764305074422605
0.1419980758784618,-0.02619385513552864,0.05068078884311573
0.05868957885704688,-0.012086917249493852,0.01851251702755248
0.044546236435815914,0.013738606848590438,0.10582325926133346
0.12450928597944098,0.027939228963850253,-0.046337995135666624
0.015511109875302138,-0.01000752687630396,0.0832075451968907
0.07128172575269122,-0.0016889143011326532,0.1151071366123442
-0.02097226683186212,0.05069484810332024,0.0055146354602780105
0.057359322873751964,0.06253017425970275,-0.011159256211109681
0.010248035167513896,0.06940567846791554,0.00729575845520292
0.06742590171184654,0.03267643767084232,0.16209776363285258
-0.03126690192584077,0.0024558315840071884,0.09646574976907452
-0.08566710264368028,0.0053016278956130695,0.07456071108595302
-0.03257302875440096,-0.005563582235956134,0.0037083986287946326
0.020451534825153824,-0.09088895000641711,-0.06893751190361366
0.00535784486223486,0.11366212186642807,0.042395716613205923
0.04464346001793665,0.07003075653644616,0.05043028136326447
-0.015798977311392733,0.0987358514845375,0.07641246569182938
0.08115868284923716,0.09984340870275704,-0.043956246964495765
0.010731999766383744,-0.03352006108058435,0.018691599079079826
-0.030638764468175497,0.02358112028213726,0.04818477863403478
-0.05171064819009431,-0.05458945834485637,0.011613255807549638
0.056143966299495474,0.1255760947771434,-0.018926837321038247
0.02989665259832575,0.03020752617218207,0.06925115509737727
0.05193906217359,0.045818588256878554,0.022124580860408652
0.1530849853808069,0.029481636544810237,-0.027588238878943527
0.03519735960275325,0.006737633933056649,-0.05540325618828666
-0.05192905546860503,0.03311822172780743,-0.02807637048123521
0.07386176627945848,0.005766371974906514,-0.002372413171965286
0.11366128442173493,0.05566173186665366,-0.004709259864085134
0.02098346624772323,-0.007465600855597436,0.09858465649154496
0.01077799615478119,0.03553738926622391,-0.040526122491539654
0.04028406049170504,0.03773408705413014,0.0052204185432018005
-0.015641558563442418,-0.01774830523298549,0.022549841035745956
0.008245674142081395,-0.07165987603742381,-0.013855859620948997
-0.01498080869943596,0.08385384686902965,0.09071004605570002
0.09454359813485853,0.06917122694300311,-0.05910209685854183
0.002191635736107325,-0.05791175709482043,-0.04770482881686781
-0.024861865086601466,-0.042335044316863794,-0.004146232584656425
0.04268118972037659,0.03384139100477676,-0.0407011107227444
-0.04268090993436812,0.07185064840111356,0.00492001842473363
0.07690156527495075,-0.0022513217272262503,0.04299662954670418
0.007263518368889426,0.026264638611376102,-0.10736292521359783
0.06931690791550707,0.03864007350048891,0.05769202635539962
-0.027928707695530422,0.06559710121527776,0.04167830006948477
-0.019521433561381092,0.07431429727767631,0.012487738271203419
0.02690456947484826,-0.033410349005978515,0.06879466692774575
0.002426752660239083,-0.028222140846124226,-0.028053605017232315
0.06399318563516275,0.041959559550033144,-0.023255405606314
0.09623175603068564,-0.027548139911838965,0.03386071712864166
-0.06424055036063303,0.015032017635170508,0.027274059986518183
0.03944821120647338,0.06643884763514851,0.017453182993281857
-0.018161481051258928,0.03162355695214791,0.013501801922097743
0.0421113922855478,-0.028412714467792956,0.013220381099991674
0.008274683526013599,0.022987898997255007,0.029998112715747427
-0.00459164768042389,-0.041830926923604905,0.0773010770071215
0.018362355365735352,-0.012667837919751585,0.012709156420475046
-0.08257910003808747,-0.00037889658198295324,0.07811547872874647
-0.03677910766350982,0.051495873537972796,0.01789465651455255
-0.022546577986467323,-0.007174330447767819,0.04100053703502179
0.0667933986050773,0.02024779399828771,0.06333970520604124
0.03972187178024333,0.04353903626676104,0.022926561433050004
-0.11311685959198539,-0.09611706533852264,-0.04147380279885438
0.001577693678753025,-0.02483173859090905,0.023576815149908253
-0.08075263232126885,-0.05603244066582607,0.04875783984002581
-0.059665679494819775,0.008635969620091728,-0.05639925848949432
0.01631843037948116,0.06752358730447001,0.0328464619463656
-0.024431822830394585,0.035858999216168266,-0.03745783480958769
-0.05344857403635292,-0.038603697096673315,0.057358326272717974
-0.0003147564152200027,-0.004514624547757993,0.0014405748160559078
-0.059390441957659294,-0.02754405237237864,0.0333079560223164
-0.004983204580896984,0.039849755095181565,-0.07128252069657494
-0.014605212182101927,0.09009364951905208,0.02709006691727129
0.030914620067239433,-0.023382730064438216,0.05621602670973216
-0.02947386071253721,-0.06731433034699735,0.015919230140487243
-0.02689145637394166,-0.03729074658512836,0.016872150268827577
0.012619613686537669,-0.026586098049723856,-0.02161777069008806
0.04914560920676731,0.08950149854321124,0.05234143414558369
-0.01722106945648146,-0.04841043219953048,-0.021967414853257414
0.036055306182266315,-0.05986687825362449,-0.10081877734030073
0.05580856814968725,0.0702392327602282,0.0033099079724998046
-0.05393430841478202,-0.04840570332782769,-0.03608953911704918
-0.037364231810300505,-0.01869491888351406,-0.10115914314226522
-0.1105595237197866,-0.011376262877432496,0.00160297791442433
-0.05757809073512739,-0.009894885150348618,-0.1360247344529033
-0.011492444708052402,-0.044290368095748454,0.0236774646165003
-0.040339642555200804,0.043113895495513116,-0.017714316583005815
0.0012976047002852525,-0.09054566748442999,-0.023201038860603956
-0.01755463851149431,-0.04606889609963225,-0.07208125278379314
0.034247514145841235,0.010671951518458832,0.003965279296229563
0.05522058052757532,0.1016212370109166,-0.006339004888771851
-0.004863134678747943,0.07546997046893146,-0.06931180253835696
-0.012141459074547572,-0.03977613183435273,-0.037789487886279866
-0.0021762851024810462,0.02950675788123916,0.017874591575149708
-0.08631119747208045,0.030209321477885374,-0.06380607639356488
-0.017180883606848905,-0.08402948287600359,0.06470501374962609
-0.05100725381746768,-0.002370091969774053,-0.04315189296296747
-0.02511851320500241,-0.041903749696002815,-0.04977373934457508
0.03079436338835369,-0.036334073939745366,-0.009390956713019814
-0.043721249907914456,-0.009494593515601888,0.07437304915052398
0.04967659654452935,0.012239546759367222,-0.055556092208898705
0.09190617561214082,-0.009761973334273696,-0.05792686356684936
-0.029660791499337282,0.02002460320252753,0.023642380843424123
0.013592240091326311,-0.0026066961429574735,-0.026275360672900774
-0.01060590985829896,-0.025261141857684927,-0.022192632546092383
-0.014222325064263762,0.0322649031524701,0.0033487069298313377
-0.01767817894820001,-0.08514127539890835,-0.06367118070298823
0.06246175870220112,0.07301761139082398,0.017450401160582597
-0.08680414880912642,0.0028276893274732737,0.06223992958084587
0.011931276322705426,0.0012770463902611303,-0.007130854936868161
0.09844583628817531,-0.008148369090625641,0.028238672519386505
-0.07029651104744877,0.06187271814516889,0.1608902116142728
-0.024244676208721495,-0.0049126335684291575,-0.022690729103613444
-0.000289475165236309,-0.000272068554893601,-0.002578790788506728
0.05733347309901657,-0.11375779861129609,0.04990944716826175
-0.0698506610730523,0.0023570892893454145,-0.03916699666614147
-0.011835299775267295,-0.10273045237540958,-0.06873442534161042
-0.01397539487504959,0.0196811547225359,-0.0063441432983172745
-0.11521379736233003,0.0008982977850451809,-0.0014287066514738316
0.05988000424194432,-0.04856306670694317,-0.036803763495384945
-0.04412380323690152,-0.07577403190066694,-0.03642007191458548
-0.001323905359304451,0.0059425359893114215,-0.09212228388156891
-0.02771815236429883,0.014234848193236026,-0.015293117812757521
-0.0821704094912136,0.09202778705186739,-0.00783271936868448
-0.008645364380654429,0.04311791594173644,-0.07273589182818072
-0.04149718083741666,-0.015249670381631563,-0.0037880796583763705
-0.0573672887625186,-0.03176514713659842,0.0035873464056184745
-0.00995146448388071,-0.11801283365030585,-0.12435199902579129
-0.042901292770511884,-0.059092249084598515,-0.047819918861197255
-0.0273884013006037,-0.039890478204297995,-0.010067318407594566
-0.050757017437928126,-0.03405563518439876,-0.01613568332170698
0.048115165673328464,0.060581947495728816,0.04943003693709158
0.009337959337827806,-0.04775115982341356,-0.07684881330296146
-0.031978976885651614,-0.06402870317638223,0.04279310743444255
-0.08130105215138018,0.054556412389909256,0.09569464360645775
0.04016400836324058,0.04490493397939714,-0.012559024442459127
-0.01762625530855553,0.0012704935831098392,0.034055544211883296
-0.109271632268352,-0.04906224725204315,0.0663435991767314
0.016191749097157093,0.053012833878369345,-0.10133031380415135
-0.14981409540110072,-0.021153579291378097,0.0363566008367197
0.03401786395240884,0.009781556048232522,-0.014203187445411804
-0.02383482445003586,0.04514968062783435,0.06963685682441753
-0.055609601838500194,-0.05929923393862616,-0.030165802515446156
-0.08871653954183603,-0.025694678129563,-0.004490647852733896
0.03027559179480383,0.05239022329700764,-0.029783277175693162
-0.051800627812491506,-0.002845878054052767,-0.006316691187053946
-0.014641922427564992,-0.024159340587178134,0.05968930983231771
0.00750647292511401,-0.03606030958833764,-0.012043718137801682
0.011519622882382414,-0.07456087228737995,-0.06593232634035909
0.05642156589259231,0.03304279483714412,-0.14601538750862658
-0.04280299065756189,0.07802624127471876,-0.07735049476982858
-0.01635075802973094,0.019914239984220247,0.03004229157965045
-0.02987686972280257,-0.1148378646750851,-0.02467548497771129
0.043439699595159975,0.053152573760486786,-0.0034233363319628347
-0.03181508832690899,0.003226084729511792,0.038357137978122124
-0.10294739016424327,0.021914077386043434,0.032088444801314106
-0.03866719191988592,-0.0008282251342155468,-0.026080287595629616
-0.05327738785858706,0.05979711280928357,0.027885004421952787
-0.032630615553918906,0.0378846604405227,0.0028820008738203694
-0.025143914088076914,0.05713176614270852,-0.03291140070024196
0.001589025385869556,-0.016059126459243678,0.00919094232990485
-0.032946757984880254,-0.02672071739276364,0.022188049155824997
-0.049843576866069314,-0.08086501320106768,-0.0687040410499993
-0.007244894746521338,0.013784677783491898,-0.09719435900906476
0.010291887899451662,-0.05011287875360533,-0.03313425293486925
-0.09804068895175781,-0.0341441785703588,-0.011822769779860038
-0.03870873470549785,-0.16517677060539035,0.019585352468710304
0.07242733848038595,-0.05043163338592284,0.11828946415173427
-0.051150925606663164,-0.014020041675856524,0.024280760272389353
0.07076479939595114,-0.11949944800114216,-0.05971955527962215
-0.039495706610979286,-0.013330602147336876,-0.07254462733768945
0.024125514388308057,-0.0851539797203858,-0.06358909667581868
-0.08731084731829616,-0.0063384520634123896,0.00014248345922987862
0.0017382881446341772,-0.047633597960944005,-0.0852795455234705
-0.0968131621807661,-0.1016467571282946,0.04744544633955236
0.02472617023226659,-0.05872906783513858,-0.05341489902300103
0.10175521077389053,-0.008485741112831036,-0.010064225173311476
0.08666475029228626,-0.00404202869879179,0.0058947573908483195
-0.07286115575353196,-0.03725815259062036,0.028729715044838594
-0.0579049695785893,-0.0021895976728885658,-0.03708835587398463
0.01450697348223702,-0.0053017471542802196,-0.09789764351543942
0.030540217696534894,0.018406210565728963,-0.02656861704132065
0.00031197396094445953,-0.05825170881925552,-0.03445773470438207
-0.0512406580362761,-0.006743283366034967,0.01177926244802546
0.04179656097251462,-0.031658948771214133,0.01375334389237676
-0.021733869017862537,0.027524112096813505,-0.05750529944031191
-0.018132401268859632,0.009581725693066128,-0.11160800500983656
-0.13325452911687913,0.012769965277512254,-0.011861068105496237
-0.03316831609224215,-0.04472806482201516,-0.039976497665382124
0.00360179048215941,-0.09117571380277062,0.002036348731939523
0.03453478997585885,0.032452643588898614,-0.06680364655807665
0.020008306539524644,-0.03702923661297691,-0.07973711379419898
-0.10264831188422963,-0.030477815483965845,0.0539492543196311
-0.006304783155519744,-0.06308709039524127,-0.08573769500737058
-0.04249806437017124,0.021954885131898735,-0.038415356007404575
-0.051391682147336845,-0.08273549945157588,-0.005830348157684833
-0.05381055576595921,-0.01968515855248962,0.010716406035481896
0.05293083589118015,0.038055492788467316,0.01992663463705199
-0.0032647140436416096,-0.013783850119372588,-0.10666724994945617
-0.015555936532173163,-0.06882867360039235,-0.006413180658710889
0.0072157691210222065,-0.03502075572165414,-0.03361636335864314
-0.009494279955663248,-0.11915706901848523,-0.07673852801418671
-0.03655041588718873,0.06671923622066943,-0.03843052329757533
-0.07515685062596963,-0.01898806439912566,-0.06340423511824628
0.03610814307296942,-0.032491449435309024,-0.08233278010544916
-0.09982364084361081,-0.00755312244379633,0.011690201871068766
-0.046460653170144944,-0.05419665974100334,-0.008421295023621156
-0.019476104881699027,-0.04588452775303101,-0.0528423055461595
0.08490549815056259,-0.06400358151649313,0.04670443554127193
-0.03853325952582741,-0.06746105643469197,0.0843691762524158
-0.04007444113580452,0.02308814026326751,-0.059154136296132684
-0.01741956087945092,0.0036603001279409547,-0.04283568379258981
0.038868618021624876,-0.07110678387677025,-0.08783555393054118
-0.10298638241339902,-0.07018786130055148,0.05973842678395205
-0.05432541038751894,0.009340766808163214,-0.05113047126547508
0.014529905444590378,-0.007031993206086919,0.02094665396265997
-0.04801777902977586,0.02055191739018948,-0.0063820842460174075
-0.0362190342448782,0.005657354313924067,-0.011979618950934745
0.021111706126501966,-0.02124407557714774,-0.019590597859790292
-0.09789750587007054,-0.04487157670274375,-0.05195398332056737
-0.09819858765826042,-0.004895836565354358,-0.02735176990229748
0.0420700224185233,-0.05060260589775334,0.02630940151653875
0.019715328549801868,-0.07360642545465362,0.03909064604983089
-0.02232215827312119,0.059657313864697734,-0.022003282463526674
-0.05810216364874422,-0.005728750534865061,-0.05398403397192902
-0.04091101301556804,0.022108755582621084,-0.02481152243807956
0.0243651562902647,-0.047405045625664395,-0.009876653295631505
-0.013691763454084243,-0.05533152743267117,-0.038983543852007974
0.002619426140017398,0.04194159467250789,-0.014207145077641403
-0.04217630335139044,-0.026577520465738,-0.0058787040475876805
-0.014499305253277606,0.008339826987134012,-0.012445852333493362
-0.06334597555999501,0.050979640070633506,-0.09199186353760828
-0.03990273640986468,0.03238906125533811,-0.020969778140772354
0.008696439493609279,-0.09306753928289814,-0.0896904743388863
-0.12030078111565826,0.027857695025291798,-0.14614030198675473
0.02446782747702768,-0.06838266391743181,-0.11581895999789256
-0.0417404365150986,-0.02769152528715611,0.04136186394215163
0.024562595088360784,-0.1277657499139266,0.06067052341026399
-0.06100544527150807,-0.008384253058281565,0.03238199441374909
0.044198069595255934,-0.04325676198587937,0.07137383654443763
0.07039132295563462,0.0022950248863690455,-0.07035284810921735
0.0816672454222836,-0.15590960168872117,-0.025413114526999504
-0.008272278473494883,-0.03463042752636384,0.04966901833501202
0.027416161907956593,0.08128182394655595,-0.03340142276428962
0.040153339615922774,0.011220928864818028,-0.028943987843037013
0.02745884892100594,0.05069974348857071,0.04639364789052054
-0.019071014421731827,-0.0028821112051225263,-0.13334761721611454
-0.028840763197249496,0.02876119231077741,-0.02724251096414898
-0.02429002256730216,0.004583307710157226,-0.05387523376874656
0.025267083284682787,-0.09277392592002302,-0.12536750339379216
0.041824951415675965,0.01848725574150304,0.0008825265165654708
-0.010711030218189971,0.02361682567194931,-0.008033989958412167
-0.011117441587834153,-0.07612299159706178,-0.04180005288416144
-0.0602237427702958,-0.08732556716466235,0.041644441297834754
0.01339974545847273,-0.04275546561455919,0.04593036371615118
0.02579901167676279,-0.041694606188849424,-0.0696648325786467
0.01648419034159112,-0.005361111356064163,0.06072835471396387
-0.02493969473905924,-0.030111309636320513,-0.027782133376172406
-0.04153089669258025,0.014319667725914984,-0.037725893679067805
-0.02662978285753603,-0.003165224382762938,-0.009221827461674636
-0.09300782564461038,0.014284127870092091,-0.026005991444825884
-0.0161930069074258,-0.03329264637469513,-0.04409625915674503
0.007460600240007154,0.045099938194257456,-0.08863429675925345
0.02154355028210403,-0.021283041315555272,0.005434424597176255
-0.016672879531185826,0.12499771191210325,0.053930886938090984
-0.032603797374496674,-0.10754661496592859,-0.0912529948538207
-0.010687848952973252,-0.01330318764649382,0.11393189568333566
0.003571061000857173,-0.06238850345817691,0.02528053433500351
-0.030928205733216613,0.038079964359318826,0.03372205756471573
-0.037367928843245524,-0.025285352128610255,-0.04893589392071808
0.13152918417918516,-0.06221350012244139,0.0053102749910545
0.038590260978637506,0.07709288962051017,-0.009973674754905914
-0.0004621499433482834,-0.13922477049337934,-0.029067641517335957
-0.043882593597399926,-0.03252944065766747,0.02701215847110304
0.009725462561800886,-0.006284489071230281,0.03775339618928411
-0.021349555975034934,-0.01333444546838786,-0.0022408451732874495
-0.05980980978140091,-0.09372786246983564,-0.01681839943536373
-0.056427985482923604,-0.009810536444662642,-0.027497527452493002
0.08280356620331844,-0.017173965332085105,0.002139213793426321
0.003338392994379623,0.029003770810045085,-4.7756801829152914e-05
0.05519691789967644,0.14715420015268768,0.11206859569607855
-0.04679883940201405,-0.02613695428584575,-0.07246821434080186
0.023863261764359656,0.038191988552558405,0.038413257845995606
-0.010948832491749525,-0.049729009889842364,-0.0187408413324105
0.0013040464653565876,-0.005028473134803646,0.03748699052583475
0.09631351377856279,-0.028473342638004672,-0.0036966720030907133
0.08637820840542557,0.03800630639200592,-0.031105113574083673
-0.05846277157301959,-0.03257989833045299,0.006397975644610077
0.046742608830967314,-0.03388018965604842,-0.025271062562448997
-0.0642423807056825,0.009580760124827734,-0.04975185718916021
0.007739255681730929,-0.006964516882498557,0.0003845436721910693
-0.043083304979849024,-0.051387618892467596,-0.028742015001544906
-0.030799932417565522,-0.07091242249006505,-0.010549002171933134
-0.04153912806707695,0.0767755741380156,-0.06915545946636359
0.06484370110161831,0.12642744005368903,-0.030371339433368783
-0.015039737095117236,0.029166774354783015,-0.025096854307126486
0.027038011440585236,0.012971124996031522,-0.025142116375209952
0.03448729496073087,-0.013328946494414615,0.012497733044656054
-0.09869055246779225,0.04106271528743115,0.10040437041179852
0.09968515075167526,-0.009021176310881734,-0.035406725621627444
-0.02567820449625415,0.023815311862438092,-0.054725385998948294
0.02599166244620991,0.015531803082638202,-0.07964904274083105
-0.016494932141038452,0.07626513598517919,-0.057375300432127
0.011286496821979217,0.07548901860917298,0.04096772953841835
-0.060408507314060444,0.03764054421824623,0.030056282473917742
-0.012323230936987681,0.005410164152904946,-0.006297160441937481
0.025476913212524308,-0.00905597129489307,-0.021468686833873533
-0.024092649173684033,-0.04762359526557933,0.011586765697590587
-0.03871959231571198,-0.008413358804251357,0.054402528084497546
-0.09764103071307723,0.009107898392039432,-0.03626997160283801
0.029462743213240855,0.0038295058876820958,0.009644489350259924
-0.021989809989432448,-0.030546351515128977,0.016447529872109838
0.008546372674343349,0.0280509156873845,0.08912223627971858
-0.06473477174071626,-0.060245314436453874,0.02051824059038776
0.0029966998263135855,-0.08508715312950155,0.00682907011945292
0.004064065367083461,-0.06725647808306227,0.10670372353069328
0.01335195118142354,-0.015573676751900389,-0.08377606788070051
0.05894915345626522,-0.008703268997825487,-0.0062070587414647035
-0.04422604060385369,-0.09564860041466074,0.026414872148489893
0.014577028741810856,-0.0031647160751522296,0.03768908444308429
0.05559824152886236,0.061301436244181086,-0.029002554984582006
-0.03144253381997711,-0.0067044821055200175,0.018241358560518745
0.04678605199745142,-0.011979425603885267,0.025030826740094908
0.03101189861460473,-0.03644955242226855,0.015458027785460984
0.024375898196818596,0.10562076450418602,-0.026714329391219392
-0.07897962673252902,-0.033322458632877444,0.024247329876850146
0.026140559998264753,0.034645534321839304,-0.0369700578567907
-0.07350658182035572,0.007218329391789758,0.08711688403503376
-0.03621309505731104,0.11959031926337438,-0.05124168356427334
0.029240757309998817,0.050361798870574334,0.03652438285167237
0.06357075551505918,0.0201135011270913,-0.055145150313495955
-0.004349748305488791,0.01841901100513499,-0.006207040492595087
0.09666513088804007,0.04351551804255891,0.04136375106361688
0.11318711374302198,0.04482206531392223,-0.008069163935002857
-0.05019539918728857,0.042912858990953553,-0.009176155611046486
0.05535557338450394,-0.002562702651113113,-0.02862316044084729
0.04371582124444637,-0.018956131495176186,0.030589425045340346
0.05552186948803732,0.05906458274170617,-0.07096154200844275
0.02889134465947642,0.09250455865076707,-0.053192766320313514
-0.05163673350211216,-0.0432761467328614,0.09683757355416907
-0.038341283878069406,0.03599261827572971,0.1380776970055374
-0.04345624267580063,0.05758106817541992,0.04258550615295965
0.041931965495862145,-0.004048064915273259,-0.0005454828601823645
-0.028018899497325576,0.08221443271837103,-0.0600707080634866
0.056577081451684,0.02581091363964471,0.07448011938637603
-0.006174715996754782,-0.030500576780996373,0.038106635778065556
-0.09595001914579068,-0.007406441942176191,0.019933370706656264
0.053285576851399716,-0.03822091543051112,0.03624713713057668
-0.033496972890053676,-0.03406739735481199,0.06962606137036947
0.022685882908316968,-0.010023211334160113,-0.025119744049083147
0.03930437593862561,0.030129001207749074,0.00655494991551688
-0.013980895330289424,-0.03339846226287108,0.01784854684374561
-0.05420392663518322,0.013836417359166818,0.078594183686861
0.02495358774593691,0.0363239119302171,0.06967128399978909
0.10338864415787608,-0.005183955602096502,0.05014675925690641
-0.025545443107595614,-0.0004934663425795911,-0.07988477918318049
0.09367043567224043,-0.025505368865212756,-0.043172880784186345
-0.090496230913083,-0.031215224676508946,0.06984124601671754
0.03195932339657357,-0.05338486519899756,0.003980933399150637
0.04556086868063588,-0.023605658040330005,0.016041366054011203
0.06504526096109581,-0.024061924817211262,0.021639246506429583
-0.08552428989848367,0.017123673965398135,0.1632187774998255
-0.0019073510816400713,0.004767797985333413,0.04958547248332518
0.03109139486826399,-0.0017921260025865748,0.026184067808655356
-0.0026272171608681463,0.015411170105450556,0.04030199914015147
-0.021850742146130805,0.03245872136993315,0.013626462603880703
-0.018487714085002348,-0.019542656162670084,-0.009136449828710175
0.028637212125578862,0.030659941252957863,-0.03594101265146067
0.00709086120755127,-0.005022713510669574,0.01678923802749573
-0.05520998102128276,-0.02950654548934181,-0.003058620176219041
0.0026506910478145164,-0.019441178489749078,0.0013521619315381046
0.019507847264743795,-0.03341548470068631,0.013543183357699516
0.0758753052048318,0.016739992118697776,-0.018013675172204854
-0.06547252945697914,0.04975937345792175,0.05232260616552656
0.033310553503914056,0.03735916855940849,0.00642975522965651
-0.09457030410833812,-0.00022940832154183868,0.08003578047923816
-0.010208794414863522,-0.03597470817220377,0.05928895874561446
0.05642422556178879,0.0981754568334538,-0.03258301721327028
0.12420545934921927,-0.08474475418037787,0.06695071715207512
0.05826367194916886,0.11795213831731383,0.00841001148061027
0.06208821454567184,-0.016682862890502394,0.00812131553254087
0.07626331919913394,-0.008835924411653925,0.08591178683069932
-0.08983932467665894,-0.006132279169738412,0.02288755826318411
-0.013267892265241485,0.023731495089859733,0.04082667416654977
-0.03864728626195452,0.028891935525772287,-0.022458716923795256
-0.02978013764205913,0.019213418098532744,0.11894073228024687
0.053696377679703616,-0.07534399260703864,-0.057993446529101544
0.04774447953305373,0.03240961351860446,-0.028742598865000777
-0.03812815161595728,0.04579727192145204,-0.025818941242767172
0.04221896803620544,0.03408185803683414,-0.025656599034696918
-0.011922966060325033,0.02456226780304416,0.05059696758080399
0.028775262464635593,-0.04598305477255042,0.023439287710123317
0.05294188993364758,0.10345877116826645,0.022434514500832343
0.10617441237607426,0.05875358473107835,0.08614221072386574
-0.02113367966956833,0.05867372809580859,0.006133839892108969
0.06654657790512811,0.03950254637068368,0.053160501281134025
-0.12316356704691539,0.011675338065131713,-0.017982539765740255
0.02658739531486546,0.09092155327268064,0.0867017244023798
0.027216951918882917,0.05826394203496724,0.049182814568927355
0.0757716041198632,0.11858969114017168,0.08199065216273563
-0.01798243795133644,-0.07606894269996935,0.03854398530720328
0.011698873360780076,0.016183513084813892,0.013021085115415627
0.08532749333336018,0.05127394634731452,-0.09943178325900909
-0.010501017280794677,0.04781325290463645,0.02869758292326463
0.04524914214213448,-0.06031945834351844,0.04828454791341129
0.05250682835342236,-0.0027150921914923104,-0.04481908068249152
0.031338292951679454,0.10581516259376382,0.11496791892563546
-0.04965339835808674,0.05651477575897522,0.01752825839175701
0.07752355605489589,0.032577790367508894,0.007920286585044817
0.050306404081819134,0.04081716471011509,-0.012233483158902634
-0.010731181384681609,-0.0793778782083052,0.007668922092928701
-0.012750226945642065,0.05729229791811405,0.04450027641769741
0.0939150930750713,-0.09019604182261884,0.05876716465362988
-0.020962972655520103,-0.00185933287207855,0.020253344591583376
0.015159114076857456,0.03895427799129603,0.09095251869804571
0.05937249863315308,-0.07438642588795602,0.040863937290834484
0.007115646855719322,0.03470828421155298,0.01312027270973544
0.03915520992876971,0.059602045555256285,0.017953321465654253
0.07426240686590097,-0.0018406749868550426,0.022612509431051267
-0.03368281543194854,0.09126136468138855,0.010617770551875547
0.07251228398805813,-0.011902571980052724,0.05315742329681797
-0.005123006492040422,0.037936425037564864,0.010283806787770411
-0.01025643619771396,-0.0319084014467398,0.009083442324452398
0.10873469128725664,-0.09714036096034546,-0.020255161192680334
-0.029673929956521402,-0.08824805444773358,-0.006559108351234317
0.04184953609750225,0.10637066300858375,0.13243718936876
0.05223694422181409,0.06305704781031891,-0.07630322653094358
0.059152014006707915,0.07482948273272516,0.07122247164377521
-0.027451103016868282,-0.10135208384171077,0.06731333074358493
-0.03387878864315941,-0.011687640565209347,0.03721761926466288
0.011378671146685004,0.029572450220528845,0.05596701022118304
0.020943260446894648,0.0020022816772680453,-0.09033325645217655
0.0378367712843526,-0.03593520025403117,0.1104204703193538
0.12429619656503735,0.0006434168808381966,-0.030950907921109022
0.051030002810979865,-0.054359771977458005,0.018081325674353128
0.061142180823969036,-0.010148681457058956,0.03157657918038406
0.03578476375154689,0.07037866173392493,-0.010321429695644911
-0.008587727192037615,0.04866084271867481,-0.03182984935506429
0.013617442181387055,0.04184231347566923,-0.02579253019783998
-0.018562316430131377,0.08954943317043867,0.0750397448561777
0.0702082033120639,0.04267830103350772,0.020965091925404085
0.01410987207454933,0.015650591005604664,-0.032729064573244177
-0.0032231345643399176,0.00023738204942960923,0.0014457930495562835
0.015424556363561054,-0.015409026593078287,-0.02586865232853501
-0.030323536036917807,-0.06094757476357545,0.027781619666415618
-0.0539465401604937,0.08525494619036197,-0.01590796144659716
-0.042375079574834926,0.05253310296660499,-0.0520123578027788
-0.039567786051642545,0.03434850920811702,-0.02168152777493964
-0.01562584317973266,-0.001778942929640731,-0.023327181327379036
0.06321384518269563,-0.07036120849110078,-0.06484394927899004
-0.028572037328751847,-0.08405250400402696,0.053671031930770795
-0.05938271093463604,-0.0181218318068845,0.11578929905070398
-0.02257744189926674,-0.059736288188782294,0.05700867424467944
0.10661511528986828,-0.14288124075338404,-0.007974342777728896
-0.004259037324095371,-0.07727395141378088,-0.008171855314147072
0.11387366526238941,-0.021588287688399085,0.06719940644088405
-0.03744153277738132,-0.04092738218102509,-0.06424992310259045
0.06245648693819189,-0.008788852342876035,0.05833245481827874
0.07185039375663656,-0.05651987139186493,0.019178299504366843
-0.02307573635271076,0.11702454797511155,-0.007099264744731559
-0.04214092978447695,0.014931930302495008,0.033650003219684
0.0049211532045705655,-0.03289510023098639,-0.027012567246496377
0.041671188121165124,0.011246048782585425,-0.0825769541873524
-0.005677640593997602,0.08294912129062264,-0.04169715707823855
-0.046880748957203705,0.02970473008915378,-0.03868134350601225
0.034552279284375,0.07196998978072064,0.056480982834060514
0.03893186756878041,0.01162726630603795,0.05870008891342854
0.014204356903622789,0.05554904760143091,-0.009305050393496887
0.05060059056786489,0.026337221049353075,0.061913233364733984
0.021748210378903513,0.014215723755660187,-0.07248831176292608
0.09430899613205485,0.03395866189032634,0.04933223205688379
0.05219574201784057,-0.012391585354592427,-0.15485095915878724
0.017499560177497455,-0.025022766400885514,-0.014676378008352337
-0.032009744040604374,0.06554737846284293,-0.04290504777721164
-0.04124201555510316,0.03986381763167253,-0.0037306891538892075
0.018189789215877158,0.05350848792918338,-0.001708145625057533
-0.023115600057193538,-0.029228353352375485,-0.029013198853227635
0.009809242417245631,0.028886579982822434,0.12450947571166088
0.02755918123981116,-0.01037492296272909,-0.028633908356555944
-0.0849775035367662,-0.019710640525250588,-0.034390413977963843
0.02699927883402813,-0.007804754141927716,-0.04089305518428136
0.0015632999910228109,0.028928516523427383,-0.07809986962661279
0.005752767252156515,-0.031039677312607775,0.032899049958993634
-0.0649274439932684,0.017725411668024244,0.05388497492149071
-0.021912535449542084,0.05361340836893484,-0.021305876958840675
0.04163270045085979,-0.06405286254084408,0.13997619575077053
0.10696322716280104,0.03528310663623424,-0.11763113231089396
-0.021103547206366646,0.03599890596172487,-0.020479950056018322
-0.003991189369867495,0.09277610825723782,-0.0362375836605489
0.13524354999889562,-0.05674822178317531,0.01438337915169186
0.02435601121282677,0.04676831684071658,0.06769256113723357
0.07531966976145407,0.00829939625732048,-0.035437418300542395
-0.02135804524762513,-0.04632144610003229,0.07925491699223429
-0.013161992765813979,-0.030239022836999703,0.007405037695065896
-0.021245459931108684,-0.046705460619837554,0.0915303994720604
-0.017490166149529796,-0.004920247496626069,-0.02736591652451636
0.028629045709987307,-0.002618088173918953,-0.008564242609382502
-0.09109051779393841,-0.004387339221634937,0.04449503847961574
-0.020681859231727922,0.038965168650568684,0.03852772953068082
0.007463490045127769,-0.005348848360885364,0.016634337553910833
-0.03916721385585227,0.03417867223768818,-0.011955589672473867
0.028782228953963634,0.015611732756442178,-0.04411781979847623
0.0818882997505309,-0.0034851338781485535,0.01930431533975571
0.011077174744878952,-0.013915008015421115,-0.03656416531831533
-0.010274846207969092,0.011874550543890207,-0.02985487015952583
0.037116515138992806,-0.010267338612527382,0.04640520763995432
0.007521928329775432,-0.028585578821133394,-0.010204720847945284
-0.015065993397815725,0.09320824886903695,-0.05828058732952068
-0.057614726990661475,-0.04193516166946937,-0.03771164173441023
0.0018823162182201088,-0.024120451060831577,-0.044676572071844015
0.012601959850941681,-0.06281910479841561,-0.016708336629593187
0.02047233145873067,-0.003109545132678112,-0.1057068183510788
0.07135859489770409,-0.023215613692316388,0.0005639492481761699
-0.0006941224222858982,-0.07067610278913336,0.009380674197203773
0.003133611321145366,-0.08117513874875128,0.017649262123894352
0.01808359609962719,-0.03170532364304608,0.12232256105622853
0.025294425045247048,0.033697425732983316,-0.0007731187728167764
-0.05331340458174828,-0.05880388255932169,0.04144494891437503
0.03648994382981321,-0.04964918767820304,0.025772355369509385
0.03372391728300924,-0.0012292825553976627,-0.05277570549976166
0.04149604348684882,-0.0015604922276130605,0.028996928847527623
0.0157128693285742,-0.07235239367391735,0.011937930312775982
-0.0032556385320687423,0.018974491211560675,0.025444131894370482
-0.02040896390749275,-0.008643176946891274,-0.1620902707059265
0.008830429143029709,-0.05532419385243804,0.06673659635039395
0.045447543370484844,0.08416794700974517,-0.03819601145199954
0.04920237698730984,-0.006540077404246154,-0.046925684268766685
-0.05919833677115398,0.05320666045759063,0.015520845591816537
-0.1063434723799206,-0.020735176748556468,0.0050021754809491115
0.0165704695286712,-0.04093336660352557,-0.032116787087257
0.00014752691324774504,0.06182268641642999,-0.013261118338191252
-0.013466362235443731,-0.03649130894695163,-0.045246504313812816
0.019107584243629593,0.03668555185173061,-0.07500895459165584
0.020691857869902797,-0.06929519903390804,-0.08642335971129733
-0.035233074782286475,0.002123122121994706,0.009504912873188269
-0.016192546741653643,0.002551283371328591,-0.014920998829913601
-0.05703209294534589,0.028734859735272712,0.0036684887067398066
0.0777803439012762,0.009425670979222797,-0.03960794893154497
0.03923397049860915,-0.06887415099875539,-0.019915117280231737
-0.035994455545273814,-0.017036236578775857,-0.025875400793246274
-0.018391347917444824,-0.10596444184822378,-0.0347523058641544
0.09205610583556788,0.04324816777335,-0.017834360412187125
-0.033698309036324856,-0.0884126948885741,-0.0780150961748603
-0.07179563080318589,0.01747091651680662,-0.014276909240142657
-0.018824687705521377,-0.07185085345695254,-0.006052754113512988
-0.06819190451160541,-0.12188060352601218,-0.019973272848016775
0.03437523823132662,-0.029516358407618085,-0.04847518870161718
0.003935847218429368,0.01840171055273126,0.008022633469339839
-0.09371638293644564,-0.09072079520949829,-0.05690733970307895
0.043328145844226035,-0.031816436374499824,-0.0491234324071837
0.024296699667386918,-0.03497691073799766,0.027516808226914036
-0.052965452416895285,-0.011258506242269492,-0.05457795391520028
0.026686416442387288,0.03319821673183403,0.010353998303261985
-0.02942321665601694,0.015022931504582542,-0.026273901855041422
0.015163826359368839,-0.043034242176287346,0.04782662666044302
0.09159758191903014,-0.03383778986393822,-0.17191378530754123
-0.017254529570752953,0.042981055569334695,0.036016826003909194
-0.11429455280061229,-0.04273655644406142,-0.041603191874126276
-0.10696395837969487,0.07701156554063958,0.010346828974633841
-0.06555768417499282,-0.08238280714784516,-0.07014863676343763
-0.04786416812362396,-0.020449013747596046,-0.03418658590978101
0.02544223440774356,0.04226388090246497,-0.03640436538331911
-0.05733496345716446,0.04334314003988411,-0.058353343519566586
-0.10188401013184939,0.009045176608408638,0.05302709182513129
0.019088543025660053,0.0009969325761804981,-0.1259372710886458
-0.10262773249115008,0.007936365423202613,0.04214787777645961
-0.019259798529537648,-0.042099169254128516,-0.09214228974509474
-0.01710434036474247,-0.033954029210991665,0.01510414670572344
-0.10611842533026394,-0.00803858336309301,-0.05870506862607574
0.05840869477635812,0.06351526494691434,-0.01359532446469381
-0.07064051417795088,-0.006562611140126932,0.019210940731513342
-0.007147541159937095,-0.007362071667430524,-0.005878344151882058
-0.026962376825253917,-0.0398741350118756,0.01467970702348682
-0.03453083631048069,-0.10521609677032737,-0.051054258139914904
0.02441781427288521,0.11671005490819447,-0.0024886290471543768
-0.0480243135650185,-0.056414630669440004,0.030469030024278573
-0.001429997737226494,-0.0263461973139305,0.010548628479982728
-0.011705433503746166,-0.06636874127368388,0.10108557338240058
0.024247850458691014,0.02895008669175982,-0.008593194546308597
-0.015350626466585533,-0.026206355377876717,-0.1719797429812535
-0.038389374734419834,-0.09513282183554514,0.016157124428608192
-0.052955208087014524,0.00897455022891993,-0.02420663288155972
-0.0592291405766091,-0.018348958905367137,-0.016827516059007036
-0.06101492925955879,0.053884636533351585,-0.0032829730565523893
0.021509564798361264,0.04997744698105633,-0.09755889458774376
0.06697342879920685,-0.06060436303465501,-0.10472897061342654
0.03544892919954336,0.04584284489793895,-0.004048683343822905
0.05222980437816091,-0.03899256214807364,-0.0042729339531126995
0.0260876167540113,0.033731185433292066,-0.007488816288678552
0.005589907490508115,-0.02179072104146992,-0.020287816002627333
-0.03881731074222418,-0.007540470642538271,-0.03170824094446653
-0.027279173974977082,-0.010895785558268587,-0.03365404510588936
0.0047784295590191615,0.01785039568698329,-0.020473014961647544
0.013495687626884086,-0.014650660885525184,0.04395506468253554
0.021933723241454598,-0.04026006863583015,0.029078009706552842
-0.04532712337831768,-0.040724141963180346,0.03025710118704249
-0.12439913261265638,0.061093484755119276,-0.019203030011099485
-0.05400844994952424,-0.022330245492289354,-0.09276072043924398
-0.010192515127729939,-0.08136949512891554,-0.025694916569055738
0.0038143589952683195,-0.001833032146775753,0.05368080259566094
0.03857678536672742,0.009519263562732111,0.0387096205019807
-0.03934653263515429,-0.05959218299226972,-0.01445281764014945
0.04329452920682164,0.07770165725412011,-0.04118139240954393
-0.0059356466402117804,0.04065882063129153,-0.04506654735871613
-0.02216012076920418,-0.07125453091390277,-0.040686543385395374
-0.07291357641574643,-0.07247840646447157,-0.033962577413662855
-0.10419652407690241,-0.019789686556505457,0.0068279390201744505
-0.06440039522544784,-0.03024876164304493,0.00010459671595463432
0.04536292163800516,-0.012805978035635476,-0.060804036333414344
-0.12517447748393426,0.04150072448914885,0.033047227583154246
0.028266814598087102,-0.010653331217620878,0.0015949399817120694
-0.08363481831608352,-0.002225499289748592,-0.04339185595645821
-0.010367443252889786,0.11756079406206349,-0.020798807561550902
0.009371371894723899,-0.12185992557014241,-0.011482222518630954
-0.04414176480612837,-0.0022488468477452964,-0.03544013537366579
-0.0985075436029751,0.047289120987203156,0.07350186489062727
-0.010293616890324703,0.1013879293086801,-0.05506610888418216
-0.014036620035384282,0.023473219779429753,0.033162866137363946
0.0009529871147312061,-0.05247541361356441,0.016002039085388026
0.01693239496241657,-0.04061934429138758,-0.09389590028473202
0.032525133283470856,-0.025018514865003828,0.03655170608045781
-0.023233565407439608,-0.0026826372743261728,-0.031209402961538825
-0.07360764072303765,0.01511746516151809,-0.013712084083206419
0.0022804444711940694,0.01669337875802674,0.019044430473870916
-0.0661123620445873,-0.007787705222525511,-0.04265170574863783
0.025787746148790234,-0.048275302111270985,0.05079270523595927
-0.08562915268147421,0.04336146253175542,-0.0515691119346469
-0.07171658744345794,-0.12347266901827339,-0.03542983774773273
0.025509956135624033,-0.0036216022971637327,0.04665927868595248
0.036238529997079216,-0.04129284889126569,0.006806189139411039
0.07541792020952903,0.005995595749515494,-0.0713145966645227
-0.09037096857654112,0.01785665281674696,-0.06992265597445316
0.06932927577839135,0.03483676078794819,0.029951854979564034
0.005426984481570878,0.023142564635105903,-0.0290054650699756
-0.008253707462835665,-0.061554311638678624,0.005503065688576742
0.012823749521805134,-0.041937513895452444,0.025806906180701
-0.1017323535740609,0.0462711930521448,-0.07837455643782722
-0.029013514406540285,-0.01803637611425518,-0.03776822783456351
0.10044427672701606,-0.023227056149411063,-0.016790299084258924
-0.10211265049054319,-0.04075051069981113,0.0222555279138164
0.009946971638600187,0.03622669931438815,-0.12832045515237211
-0.025039945841730263,-0.032196809372407355,-0.016281476305221587
0.016917568117941297,0.02296868735785064,-0.03557301342121623
0.03239101176675268,0.04279795338488417,0.021825978184176614
-0.06491641701043319,-0.014683792484839166,0.020606414637605194
-0.0332889906599875,0.02354618177314597,-0.047279068375787194
-0.03781625912174916,-0.051262121301830124,-0.012892388829800589
0.03523649781341295,0.05052068450799182,-0.016618761763976666
-0.1637399742288943,-0.07067419409695963,-0.0707233511622182
-0.03598891538276776,0.036339739281498286,0.030511105570527226
-0.0009930526597267814,0.012107764481681209,-0.08584146263019826
-0.005997762334366814,0.04970985695845679,0.005309200358905796
-0.017996904076882814,-0.0716532573811314,-0.015411562489771834
0.07968295854796176,0.012667342043057472,-0.009067939690677197
0.02868889826469319,-0.08231754853576274,0.007668522543638088
0.031856706348523736,-0.08644297212627154,-0.0706714072531238
-0.05309059987302866,-0.045844362890164685,-0.09009908313247658
-0.07032493448478748,0.04228593368995875,0.03763327108728067
-0.015153743531249427,0.016272868334215693,0.005905791078238404
0.006945500031467759,0.0633322765051465,-0.0036740467633482425
0.0010457510160309172,-0.01243257602163882,-0.011477960402681581
-0.07201971472144993,-0.015065051114059492,-0.0012202257468745623
0.013467169590500025,-0.05887608078749058,0.048155809186532714
-0.03405801286191047,-0.01992066969726612,0.01832535618633572
0.03971546764783386,-0.0707042777663958,8.64176997483479e-05
-0.044187318593848036,-0.0404398846472711,0.055031809279589824
-0.11375931323146593,0.0002757114362329279,-0.06570062066342626
-0.030113896391559827,-0.03608066796869095,-0.03787070937146271
-0.0022950022969680925,0.03871236910455857,0.05186591652246631
0.03770287245322538,0.0032425040093989567,0.04858892654399447
0.11824596477474378,-0.08053776706565226,-0.018906161562779432
-0.009049648749513858,0.014493751135747057,-0.023199041483671627
0.024204167004409576,0.00793302926194936,-0.003978421501494543
0.11551753023804151,0.0713760155851057,-0.018154493439209583
0.04723126893000195,0.0008489259225698299,-0.06309914556210665
0.006547335976313279,0.05117882908020824,-0.0021409381773680593
0.0009275176771592324,0.016962084721887802,0.08745328092139805
0.029037369400469623,-0.03523828767491225,-0.031949522654558624
0.03573387555961062,0.05514845184446447,-0.004787823921869602
-0.07138620258315477,-0.06953342704167273,-0.05103197330126558
0.013348807115988365,-0.018552644461510583,0.05451110409630814
0.13567498411626167,-0.027022624160726476,0.0030886830783906126
0.009594609905519406,0.06370384938421031,-0.04128057979498193
0.005838346093037425,-0.00977870444088991,-0.022610308652408463
-0.05692300160049727,-0.03327478481909952,0.002888051711634093
0.015411301125855663,-0.023621505950889837,0.011280241787055568
-0.02134239248551156,-0.017619299509546178,0.056885447730694885
0.004747582760293428,0.033824583588717934,-0.03490480351174292
0.016570851056712434,-0.03137139772307087,0.0295737307272769
0.011352345947640606,-0.003602773009679342,0.07428087835096392
