81025, SENSOR_ID
motor_fault, FAULT_TYPE
10000, SAMPLE_RATE_HZ
X, Y, Z
-0.034679506019202715,0.0650238189771434,-0.0034628032306059514
-0.03240174301270199,0.05138836915915662,0.023096456845957108
0.036605965618046354,-0.03705921625628563,-0.005224659651952595
-0.07010496539517416,-0.07512907365615687,0.04099739885056542
0.0026952436237304817,-0.034028023075492575,-0.025493377687613488
0.07509085775274074,0.0122153031583957,-0.03601774855865485
0.05046689007543921,0.028268216842458928,0.01046373325541003
0.00785242146245778,0.046669080199695005,0.016067298635497527
-0.004507219905284687,-0.025178531626631463,0.05278641811751795
0.05614820603607305,0.03213969586584531,-0.05684609552679539
0.05835113165560602,-0.013807982516188134,0.016784199927289162
0.05419178890659523,-0.03724819611802407,0.09830821743181825
0.054899321127975464,0.03237527979590864,-0.022527340413256807
0.08608916338755665,-0.06716250119522033,0.0750982182752962
0.014798542555620273,0.066623402029043,-0.03462619983662632
-0.10310314917610686,-0.02700501308998787,0.022178753530548056
0.0013273222182470564,-0.018871184776005277,0.027750295823992292
0.07784451096485144,-0.02727991772218261,-0.03499706336751768
-0.03291370079733627,0.028624432992802352,0.002977828343218432
0.033366361545814516,0.041748330882720196,0.12204177729668568
-0.051654785169286295,0.0648392312323638,0.01565012093429415
-0.02077150293018691,0.12698250751268533,0.009182012179936605
0.02670445857325064,0.021574748960741214,-0.04331454782587071
0.06356777682578862,0.01618107924791494,0.07081442514077944
0.014720223794782009,0.04386347108859755,0.00031966547166385056
-0.03258314305570285,0.06680073758149574,-0.06813376001150664
0.03496227010765896,0.005493721372497721,0.042844289628164035
0.0550094444666669,-0.0015288784432519222,0.01985174385380717
-0.025158994069952662,0.03537303897174594,0.02294923070738239
-0.030937804952147943,0.08008028140132373,0.0877312405658926
-0.1007372397008088,0.01699480766579641,-0.05453717444014229
-0.012967895018593726,0.06474617963649507,-0.006925244627234742
0.06500615551250982,-0.04185183310214609,0.04857682428775541
-0.07163334175775526,0.022470834693410317,0.05003397018220926
-0.05389788462903876,-0.02383922161915912,-0.0909340255135268
0.05301610782172231,0.08212884370377885,0.10931347839643225
0.05078961141436736,-0.018700337886861818,-0.002996590594265009
0.10531557429146204,0.038432445708037485,0.016365235733789646
0.03674221555398704,0.04454799869269308,0.029795709652369294
0.03178467950815128,0.0037443471723017166,0.10224747266347475
0.009698929902851181,-0.006886257824088854,-0.03096730447763718
-0.004298321925465431,0.06644447855087185,0.11424141040408442
-0.00057696425437841,0.05575546665124884,-0.018633680413914153
0.018255457389810596,0.05669995910310835,0.02130699822991976
-0.041620384086817036,0.043464348400325405,-0.0007669555921023599
-0.0318553576076989,0.027626737154885832,-0.040619577426771865
0.05983362288250049,0.03629020380744449,0.03496451342230693
0.05953541303177208,-0.0037729668757898877,-0.018220054497855683
-0.026825496937406518,0.052160016935140455,0.00113396763133034
-0.01204914849289977,-0.028600396913663784,0.05720029230043444
-0.012702949584367285,0.004669132262352795,0.014292875270223701
-0.09224790125950416,-0.08786124748051077,0.05996407483191592
0.16360932224813676,0.005575094683512324,0.10779280805458963
-0.017399193281068648,0.08781574094995712,0.21828790761234532
0.03656913136141799,-0.10083909217672861,0.07978910728756147
0.03791800383242144,0.049140908126257876,0.08630305628166923
-0.029942885489314716,0.03305531807756313,0.027248139885550072
0.0715334295549711,0.03947682218184373,0.08338115274079673
0.0026999503240382507,0.05745953075537941,0.017571253584604714
0.07285945806564004,0.007002157217491792,0.03831770415826577
-0.03844675183435346,-0.031119594351557086,-0.08130594427803467
0.133115555270036,0.0019030075203884042,0.013646201471851638
0.007340930431441517,-0.020054644718250192,-0.0009739354794222124
-0.13588869280590676,0.012804556688516457,0.03344946998248228
0.05644058838990895,-0.0014401723609700073,0.02805236103007394
0.04711686984623543,-0.09878829103437467,0.0040948114155982766
0.04170392965629305,-0.01737320151448609,0.0382037051808852
0.07059937063038493,0.06958866009670768,0.0018345064948904893
0.008375755478635795,-0.02511958974858003,0.03625295017035229
-0.03518707211519147,0.052144642778891706,-0.01882043174931398
-0.012832474832924858,0.012626923197340578,0.024379943350310334
0.10061209562916673,0.041285072924860625,-0.0008087092917814717
-0.010019065741077367,0.049914516993295605,0.08059199380717742
-0.07348414842995447,0.006874837642963304,0.021142695134866416
0.06362469574632124,0.041025066798433554,0.12020449470923905
0.024648517373804232,-0.01609844027030602,0.031011084609269893
0.07987689957908477,0.034624197064279105,0.04240939086501097
0.06973109484336584,0.020189340477791924,0.06907614468528545
0.11805975165526367,0.1473014691221443,-0.12325977161029857
0.10736440382104104,0.03425253372514823,0.07324189312859658
0.08731005512721748,0.07033488133811644,0.03782102559800221
-0.025784736335823302,0.016653263557012136,0.00315754336716588
0.18224019077921205,0.06883317038406303,0.07707634252732079
-0.04796586992095535,-0.034426172068724115,-0.03092559992628831
0.05591283008904252,0.029903980460982346,0.07648801262128581
-0.009697772281871235,0.06245176760910123,0.06780650484644185
0.037195811929065535,-0.0107012637544791,-0.02134514264557135
-0.047200069531267944,-0.07076382606834454,-0.01999976702581271
0.03534295204705061,-0.019165815111654775,-0.00454805980320518
-0.014639056973723336,0.024000394731053067,0.055265309066182815
-0.022994346143441074,0.06463594535454233,0.0005086656644911272
0.1053938316758826,0.07708122250458574,0.021203898598445133
0.017613460457375194,0.06566845069214328,0.017461576107819253
0.07856166767464381,-0.0035969941937895253,-0.04591226497297392
0.0042033124914433555,0.02996045103759286,0.059730738075477234
0.06928877668682086,0.07384984672021266,0.04123543825434693
-0.0012709014103485551,0.045438423200713,0.08335817547054783
0.016274657129202577,0.014818083420047617,0.01576688560615523
0.009373313698638497,0.07663737100952384,0.09649657404015513
0.060065391190989664,0.020965819684726748,0.019614588874117985
0.06198662111117342,0.07634176518380155,0.022259116529431373
-0.02245129706287665,0.08187052279538293,0.004943993350805642
0.013672998091195366,0.09793039715042266,0.042498071049274506
-0.04980607015465614,0.03163314370890298,0.013199155778408883
0.0910024902071962,0.04313237318558841,0.028238977220739828
-0.020300420955304387,0.15624950130439832,-0.02485832356917667
-0.0046080172392895385,0.012933298776612291,-0.03522307681405756
0.11130713512777299,0.06592778625949482,0.03506576842408468
-0.030700396869214948,0.010996573816943698,0.0798665517943433
0.04813023107161742,0.03913049906144813,0.030065239554758087
0.04968456904907276,0.055548869955809446,0.03409728922506838
0.09159154391376119,0.03730032272895203,0.0053274045188490705
-0.05384896988338432,0.04808965431293198,0.07566418630098082
-0.03278129060809948,0.06182003505662566,0.011240339336362978
-0.029684145947938466,-0.026639563476279632,0.05031856962589285
-0.01708153915553218,0.04801659996177621,0.050636116507674314
0.02136244998537262,-0.019842881308997043,0.007317580525149277
0.03034169493423444,0.05137569137928821,0.03752562728976065
-0.08865427096795535,0.011141770369894525,0.02189817769783864
0.0015336302718871805,0.0367974881163381,-0.03237574430165674
0.017079889495039767,0.009886819892436869,-0.05728380035083953
0.10687661998859598,0.030231800485068554,0.0586220255294589
0.014483761351197064,-0.10697014594751365,0.049258895223862696
-0.01832235377490679,0.03984070576204386,-0.06646244620624789
0.006256186676788188,-0.05293847902494417,0.011868346179991787
0.09404651137438587,0.05358125390000194,-0.05709544831648086
-0.037129739234186915,-0.0513598654254848,0.06120293069302464
0.039014830041523466,0.07482055147916206,0.041618520248293864
0.029176662537260672,-0.0453261740155082,0.1264213796799385
0.06031852985525327,-0.014975447191768087,0.05526931193814136
0.07238843838734646,-0.04353552810102122,-0.07296443937958859
0.013789838280212945,0.045230147857797845,0.018497807765119195
0.03912243975465693,0.024450814354377907,0.14538382664290755
0.09049190887847544,0.02190404181276032,0.02742531935395314
0.1328359291048179,0.02025914903220678,0.0194923986417442
-0.02880945175066355,0.011265102430193295,0.016815757438312484
0.016157246567905702,-0.0029598144531822364,-0.07826537114031726
-0.0146806343753276,0.012265894668411194,-0.0030683467797581326
0.021763791896663207,-0.012335462257347087,-0.006290738493755877
0.013089209387063521,0.04389717250255167,0.03332234559629232
0.018313043571538526,0.029694910176736682,0.04015785473490781
0.023706348108253544,0.030917760027248248,-0.03834533470487622
0.048160728457384644,0.031243406040340933,0.10550087950909282
0.01291653188232042,0.0127657868464379,-0.030560027816729354
-0.03357451174688056,0.021296364846171874,0.05695219955837048
-0.03348701765065425,0.07563410748574277,0.03195912752487473
0.0740522432999164,0.08392978504355898,-0.0031256515520822915
0.0028083867021111656,0.11590161868445166,0.10460933680199394
0.05857546622338741,0.007523812777957516,0.061976684632606194
0.005280307000731267,0.02493790437067747,0.018470703407452577
0.006865655190864225,-0.04987822828735029,0.06467876159736122
-0.00957127868215945,-0.02020260522111136,0.009007641715291378
-0.016885748090020435,0.0894187892953617,-0.03587652910731495
0.08028941192454138,-0.015276201496326598,0.001589689355416193
0.033928481038444,-0.04924370525624448,0.10184654670628851
-0.005036778450739028,0.054087912535012314,-0.010070843092176807
0.07021064087039296,-0.05569708743952453,-0.059865129447358646
-0.0838474301696826,0.055808534675904665,0.13966054988537896
-0.03754674088102973,0.018956304139901285,-0.11145044947256724
0.015725090186010728,0.011970948228033918,0.04764990486345262
0.012141860549709444,0.0062371987933864895,-0.01928169233461949
0.044871819669878237,0.08094226120651855,0.013474176246960373
0.034644953152753476,0.05149737953787712,0.03313601316290905
-0.06214255144409567,0.08190360617116213,-0.052416589815818426
0.028455657248834514,0.028071076905188782,0.07299543425052088
0.02624974587394671,0.03482344881777686,0.017788562714978248
-0.01782405823362486,0.019430632102995532,-0.042136838306433014
0.008286630107057259,-0.007882657540693342,0.002277372540103263
0.08329446868771845,0.023068435677879022,0.09050077978968787
-0.008279635980572426,-0.05245497476694193,0.032861996494250686
-0.06446071218366636,-0.04608344065756068,0.11997908974438634
-0.012332980757094538,0.02571197238532065,0.03200039056747772
0.006627120919805074,-0.006934634659833889,0.10447118095132238
0.07719701364387631,0.04961207189694749,0.09017299065447922
-0.021512606803644814,-0.003976913644170488,0.00523177877722877
0.02242890025399841,0.00659595589308229,0.012750757998138336
0.037593735478215234,-0.0043182408889374715,0.03733730514407941
0.01067501989878923,0.01213501339457225,-0.06319804049502971
-0.036278361382141494,0.0613647598669063,0.045778976146157196
-0.05970359154184301,-0.02081525359053152,-0.029120438527630934
0.037466568839006315,-0.06729069818491053,-0.0384905080664534
0.0546886592439851,0.01648110751543525,-0.04915996052100001
0.022771680146091648,-0.07054677135814591,0.036465303587907255
-0.016612824318964273,0.02241633673445935,0.022044207526866737
-0.028679654535899175,0.01911122791261043,-0.07803350654437435
-0.05501336503348466,0.07705869822976445,-0.042736494122449474
0.038703739672150954,-0.034582485129544406,-0.0005969671379496225
-0.0002173242831959906,-0.12983066591345288,0.039749147844870956
0.025188642369293177,-0.05561243380786329,0.04587249921059697
-0.01718781655430907,0.0019095746075677548,-0.008116564400588722
0.011265264205249492,-0.01954439980361246,-0.02990463898105549
-0.053293329300453,0.008982050823541792,0.01954980729337633
-0.007584570752477976,0.010593417125807799,-0.0003763815667930507
-0.01868133868205126,0.019139282103090797,0.060307982152926855
0.0003586296185233845,-0.01848328219313423,0.038485075330384276
-0.04826563115012079,0.004270665765266156,-0.04300544190820172
0.0446322005982347,-0.020809116006688628,0.013203446825549784
-0.0407489015349927,-0.06700090729215444,0.0009818446225953413
0.007793963464477515,0.017340373743187993,0.018281996082502094
-0.0809909492372157,0.04443054191528836,0.035850343212900114
0.018576554897063877,0.05172798693708361,0.04263370540243993
-0.00148327762094757,-0.03888915192450177,0.02395740009680917
-0.039272055695055735,0.03441713421198957,0.04498830386579012
0.048511602123577434,-0.028857679627071715,-0.0901736617569221
-0.031831399122332606,0.021640839540335195,-0.008067208456725667
-0.047772350282423555,-0.07722074507653251,-0.02942309112269849
-0.044538208047268005,-0.008336665732765052,-0.043118851051153304
-0.02961677778523865,-0.01643380016583173,-0.045854906579556605
0.0647012349518002,-0.07003647489731635,-0.02472946205334218
-0.019320956915949768,2.938230419025946e-05,-0.069145494508062
0.09218065506807492,0.01570774512678766,-0.028613668368029855
0.026963561384916592,0.0038246857483901784,-0.041549497765068374
0.02375186027307475,0.06409874712672452,-0.043014672614489526
-0.05990570977166173,-0.08220254140507874,0.09630754067314894
-0.10779553177200196,-0.07757796482618509,-0.0494066824494624
-0.05339322223848598,0.06623622150514524,0.03806019849093062
0.025580745713782632,-0.03327258317303097,-0.03316807492683229
-0.012632871726048519,0.08441737714631084,-0.0736647665680899
-0.002554246933387564,-0.005692043963404919,-0.004595131152625914
0.020218279083575773,-0.039468328290423293,0.05353182886687332
0.004767140612928615,-0.03950258173994052,-0.029736104528029814
0.03968898023326925,-0.09554007996019237,0.00565957595700668
-0.06774999909136631,-0.019260961221738065,-0.03154660791638071
0.04110071160303554,-0.003724950477809943,-0.002784398213235695
0.08830088837996353,-0.04566759048939738,0.04919639828615255
-0.058146148449194524,-0.043465400546570596,0.02364933439095915
-0.03275009296275779,0.0024579120409285813,0.02732460159647481
-0.0014543299324492349,-0.027512111986057505,-0.002348866440529349
-0.01762856879442601,0.05527695129133714,0.09691744602234903
0.008867556153248905,-0.060305758071931205,-0.048888320090554556
-0.030503807294709966,-0.05761001731600337,-0.021617290274564098
-0.01082594162094409,0.05371052240040529,0.03285842429427577
-0.0498955519577863,-0.010218742913303954,-0.012948860952843044
-0.014844242031693568,0.015387753691734892,0.007542762081440019
0.0013655704895361997,0.00023558095380291424,0.01900652429765
-0.04611795084598195,-0.048205409874322216,0.059834612894312605
-0.0008111967058070917,0.08130662766187914,0.004697871716893393
-0.04509169967405851,-0.025917399430334963,0.002885121071385891
0.08951459303761604,-0.02086779977131748,-0.07238929777646506
-0.020647655071430626,-0.018912693702310992,0.0014615292464332293
-0.030419838294535758,0.03172346241776349,-0.05536958882636262
-0.05538972066512675,0.043309166256630754,0.0839397285214356
0.02383601519177441,-0.04496204774653867,-0.06464018887088255
-0.06948707894370007,-0.09182959227916736,0.022712448607929387
-0.07486992076160288,-0.08577670345356353,0.027403541112513245
0.02534417143109939,0.029113209378447198,-0.018151358375111254
0.0777642440725468,-0.003328697142669748,-0.006026449115881597
-0.01320804372827242,-0.1118128334316527,-0.0349883232225994
-0.04440979060246871,-0.14229791451165846,0.05737813477610189
0.018796115367280118,-0.047816827272267465,-4.986309427561925e-07
-3.0059606096597205e-05,-0.02530307479448652,0.0648799458154673
0.0036598435730237494,-0.031115149003837626,-0.03087737612842552
-0.05879895738492768,-0.08631240525893577,0.009810707298813082
-0.05226458355105791,0.03923187452814653,0.05518944978130313
0.00703932687972438,-0.032031070720277235,-0.14003659622380998
-0.02173784512860623,-0.01687922866398588,0.009763889031811687
-0.04723353533142544,-0.08781081359821731,-0.0030533511966557743
-0.011468850037921335,0.03208231600775112,0.04594108251325509
0.03456641315338119,-0.0024212764777795364,0.054802631271438286
0.08064661884078843,0.0275082230397696,-0.007407105998995829
-0.010961919673079686,0.01872090010474464,0.04491019320091702
-0.04541320378185819,-0.1252258386306716,-0.06811397505609129
0.06269092122576356,-0.03280325021570381,0.05992709471386687
0.05679140536739897,0.09083511755181128,-0.05474979343695157
0.014766531737267854,-0.02259453440257002,-0.05991869683641046
-0.012574337771639646,-0.01822383334106932,-0.05772756653322726
-0.07325829852391634,0.015001087497782572,0.059675826489781564
-0.017850791429655278,-0.1084259439650267,-0.11421813504811365
0.025388935426695063,-0.07213424384087325,0.03415451232279711
-0.11589027794454737,-0.07031967237939711,-0.03085324733029006
-0.028742973721513673,-0.07526480511904601,0.019112222559599032
-0.040206659890924125,-0.0429314823996316,0.03175898682341094
0.020380887507493645,-0.09677283714864877,0.011649287131121275
-0.07596462076306983,-0.08510235034183039,-0.014063366003191094
-0.013732104426366392,-0.021952822022071074,0.053786126032833656
0.0020499177184170186,-0.04143584618703223,-0.08085655381652143
-0.004102456766084214,0.013058850502772456,-0.02943793511633264
-0.07409497031316023,0.06356365024676142,-0.022741097701870806
-0.0686223800149497,0.009285783962219716,-0.05911518608950682
0.00518780570912274,-0.025277297456869952,0.02807107073986972
-0.09292169215043566,-0.08380882301016632,-0.10993031539895451
0.038900586620818564,0.039453882703884724,0.016057989056712112
-0.14448356688023717,0.018621945308959158,-0.07259419149671936
-0.10141063159949885,-0.03524511747720869,-0.008192055436370946
-0.041824831564953285,0.04357227475433795,0.054868418748183004
-0.10099773016298018,-0.06741262329170813,0.08075954423725624
-0.044808700133242056,-0.021956586559445945,0.027799119419560377
-0.07005078836629426,-0.08489353149726923,-0.14186250111852974
-0.06002507077513433,0.06518596997217217,-0.14497557438075173
0.025726115120308413,-0.01883072845827863,-0.04247485692111197
-0.01890070017862492,0.0071830227266091,0.01848477866801762
-0.08316693976113892,-0.08098751256373075,0.0022908255196668267
0.009700498136472117,-0.009483404806839003,0.02495507276533481
0.02335363182396455,-0.04204681296195402,-0.08665822053857898
0.015012654271442272,-0.0007243117835280845,-0.03077696212238898
-0.08877105695357657,-0.10192218538835321,-0.05771489025121039
0.06613184703044236,-0.09114251873397453,-0.05775359535979631
-0.019542037025660448,0.06848551507180488,0.030608374632889426
-0.02622985787702399,-0.03269643542495778,-0.03692403953145402
0.11995364541797146,0.03567355201459704,-0.05452122641850099
-0.11398533244412017,-0.1753557398086067,-0.07419919151935887
0.028322985239662903,0.058041662954918714,-0.05279743260456774
-0.03312777458534488,0.008264213420920246,-0.05787082975043818
-0.032192725301464165,-0.05981453273871535,-0.05253598559187471
0.01913636530363315,-0.05363797050010102,0.0005221784688378417
0.042339734375918744,-0.12254971885293806,-0.10167036939947192
0.049146264621160736,0.05798236988051369,0.0384346460665072
0.037528784887540995,-0.07712247606734726,-0.0016626485979791272
-0.07620344634039214,-0.042153530470775046,-0.031710531241242464
-0.07015006130672735,0.012687284642990918,0.056744771678937066
-0.013175516255555466,0.009598990211390265,-0.00983886869833266
-0.005863199904949778,0.022810516092964417,-0.10834259511223045
0.002248693114263057,-0.009466279233574376,-0.05774567976622848
-0.10433423235642045,-0.09933084962663691,-0.03605361696749314
-0.10239586403479346,-0.04144218290884824,0.00214299552463822
0.004157113268787753,-0.02740819248003453,0.026658128241565892
-0.02641486615791036,0.03468535609477599,0.001282800570641937
0.034623824958300825,0.07056760855250593,0.01310689375023524
-0.06496305085882474,-0.012330442976575817,-0.0004802792269476275
0.018209105807495345,-0.06145156395251674,0.02860729780386418
0.026147992055937742,0.028195503465599264,-0.11685794322393445
-0.10838126091217648,0.009416699141811667,0.005139755160149188
0.027660007393638008,-0.1458933003018636,-0.00027017465920121594
-0.03184153459819099,-0.09657842850359202,-0.06550257397122883
-0.04379461270537624,0.011732864346448445,-0.013091876512071804
-0.008114230676302504,-0.010329053414179277,-0.060422248877101944
-0.017203293265766795,0.004413210569141991,-0.013999379344649612
0.10403202849465758,-0.052179715165811685,-0.0012265651991816388
-0.08584787854727044,-0.050819360133777185,-0.05503434722014303
0.02635948723627032,-0.033963774087264365,-0.15352505440205466
0.0836722326101855,-0.0607746104111274,-0.032929503937982565
-0.02255998974332133,0.06661974172606908,0.02438424883203605
-0.10662595218839835,0.03802880051244632,-0.034435550704777274
0.005641576362259804,0.04246857179256038,-0.008180818244062912
-0.08876809974394105,-0.077184702608143,0.02804567939185747
0.015122469652929543,-0.007418768647300896,-0.02078139045060868
-0.04179476387662438,0.051371234360410564,-0.027374261008369063
-0.012410863730501185,-0.029264001981307092,-0.0378889624271441
-0.058374181068555214,-0.0677213963149728,0.05052912074761219
-0.03432296376581602,-0.0523998947897048,-0.09356329085738252
-0.03824381268750184,0.03238410000255969,-0.03475816668162569
-0.0012261911105506673,0.0317203921885667,-0.03747027991359092
0.013544685864262745,-0.00319481371763862,-0.026539188190985594
0.01640268493591169,-0.04297445439764163,0.027829009918579763
-0.08838012818111639,0.01772137578620759,-0.03164457232483299
-0.051109296033721906,-0.04287089706132989,0.020167882843291733
0.021447433565306866,0.05076950075744087,0.04336004875550617
-0.02514796253306348,-0.13674308634483814,0.019072663977856535
-0.025563937433046063,-0.02599373413180127,0.04424868232750078
-0.029310745876185245,-0.026427957112944767,-0.07582148309598621
-0.06544892977018493,0.04013779318864873,-0.00947625557973875
0.07737065369149351,0.11600520506713174,-0.03997964110285123
0.1627497990119151,-0.06155954302634519,-0.04093865817396829
0.04121657241014369,0.06968178033418455,-0.09655615730534048
0.042863617150513095,-0.03183686021502895,-0.026493661581998233
0.032386344660435704,-0.03159448421059632,0.04529092695817604
0.05596534008577705,0.03726099590577587,-0.048371763357999524
-0.05313337302166997,-0.05494489213749783,0.01926835753275184
0.020452065908064372,-0.061912887048120924,0.006187905488233378
-0.011683520698750212,-0.05700237383641456,-0.04277575690154634
-0.06722498448910727,-0.07070993796315134,0.040725046302571066
-0.02742752904037716,0.05748544018689058,0.013727409173971373
-0.025163503208823993,0.06565447045953679,0.0387671309603572
0.0011388190034947558,-0.009556705647119983,0.006266852950098805
-0.02375854309672662,-0.05858740003240266,-0.0361006873129274
-0.1193511565695087,-0.08015075640724698,-0.05963281236348562
-0.00897467992818414,0.01789854597380973,0.002647527758850932
-0.049723009050485906,0.005607066245691314,-0.03719428539761789
0.0412442767876738,-0.05725174160351558,-0.0035328547207687964
-0.011870577763267314,-0.05672353371236748,-0.06813940535920252
-0.06661837880026285,-0.08127360996163849,0.03563062835660928
-0.02763380204649886,0.06746706230952104,-0.03285007967534913
-0.022884163508493965,-0.04187544020235216,-0.08445181544661089
-0.078605220078582,0.08986846569924956,-0.0074452060464639935
-0.041248626455711736,0.07252621847619511,-0.07568364328255005
0.045870337787193766,-0.0880020511320837,-0.06463178616445399
0.024669818511527393,-0.010841390938183103,-0.009840465270677959
0.02842828585615282,-0.04827781682991003,0.05323035977899627
-0.024466675641992685,-0.03336764285287905,0.030465881520654166
0.009255035178828966,-0.008933441053567115,0.03239335154470178
-0.017794619022472268,-0.09450175857443839,0.008281479315350948
0.03342293853968891,0.0011274606870992233,-0.05144185061854329
0.011565309546635118,0.013079376768305447,0.020349632818027524
0.020973152541191226,-0.012182735583540362,-0.04134611696355975
-0.004898994712664239,0.013442526365688868,0.02546497444946555
-0.008183016538106321,-0.030836813878388943,-0.03315246073593242
0.008224813632204831,-0.005712801375627816,-0.030642427448373734
-0.0828527100766459,0.03257815728956487,-0.09962237774318432
0.022469583594841,-0.0076242836345251355,-0.008427148660267328
0.004631773435884386,-0.09826815222164319,-0.10635467840162834
-0.041160688477656054,0.015860640616442545,-0.01678158247060362
-0.03905350073549796,0.04049164705840846,-0.06673164762032256
-0.017862067365854634,-0.010916371227743363,-0.02747530755193519
-0.05877820796501019,0.027438923778331688,-0.10381895244046663
-0.0016966506369733014,-0.1018287497246025,0.056147235149849664
0.006042560305901111,0.003349841392712425,0.0076505324129757125
-0.09429410990029544,-0.0349470459122701,0.05788378051103217
0.0755238815005118,-0.013063891945068967,0.05952045362856414
-0.058907180966074286,0.008414163168906983,0.06053962155342368
0.07174146467909398,-0.020163885470903642,-0.06063452614305212
0.010495142232333598,-0.10944177665262418,0.041953114021102064
0.014175309728144401,0.01672250917761836,-0.004504118180455897
-0.022086373271084637,-0.010344436403570096,0.09547296221347332
0.018512787408850817,-0.006042782893278744,0.06015602997181701
0.08070272744347662,0.022981662253434162,-0.029400833505430032
0.024178243234827198,-0.12469724184260236,-0.012888185181458164
-0.054851339046314986,0.0030519198826214474,0.05187334675745408
0.04045276779311958,-0.03475989274590262,0.04309300425504184
0.04808083631071884,-0.011035481389413569,-0.06514678946715355
0.05543747071436536,0.022798686396255437,-0.01858780250930897
-0.030808867923527338,0.032309648520398644,0.015059994669826689
0.04607855830272924,-0.021580023403043727,-0.06052782239766492
-0.11580848578694876,-0.023570684066033666,0.0016248867685234474
-0.00495152100536257,0.007854485144317571,-0.03354087685103152
-0.04550343284785706,-0.03239312135808396,-0.045370640087339376
0.02837232400996757,-0.0020673762166188853,-0.002196177252287956
0.043293694724078846,-0.04556851033629413,-0.006024922033851486
0.060920995024502836,0.0031164392677739574,-0.0359410078508607
-0.00993549551642523,0.04718185737726985,0.009510429914217165
0.02531584752255596,-0.013909000066145946,0.031731969535297284
-0.02600397185719695,-0.005672923397713004,-0.06477197248589857
-0.03994498098422572,-0.03386246629892068,-0.00918028220578993
0.07185612357586013,-0.05428672086624372,0.025936078378267006
0.06342647136115424,0.06176367065080392,0.029582495450439002
-0.01907884098654753,-0.005851147675525652,0.023396588034121132
-0.025143371752122376,-0.046036091434665916,-0.025920146994773047
-0.061987212811494476,0.05662126068006381,0.03820163655360326
0.039172844664987994,-0.08914151247456883,-0.0051577939504060585
-0.09529061090003828,0.007056898989070412,0.06115534856430475
0.09718631628438129,0.037167014438977804,0.04331582107282979
0.03470289904461733,0.030795688489042676,0.03232123440792425
-0.004594370362375252,-0.048901334028788004,0.0029867980707432027
0.07146787302625796,-0.030763080507112715,0.10885625758600505
0.12243640619579241,0.03213711339094061,0.08482275444103508
0.03554589266175953,0.0025972392364974183,0.08215235952566016
-0.05820515695163651,0.06358124898554066,0.04413374571500024
0.010325183418685364,-0.0826887454572714,-0.046336233975313376
-0.04184735153776658,-0.001384060745987058,0.05436757689125255
0.027407569685491993,0.004114156460667503,0.0359222127048464
0.05285500999027501,0.07929071792888726,-0.09264597613241714
-0.03374045828267773,-0.03047352192300822,-0.07514561689193612
0.06367435484709613,0.08158779034503481,0.0004868050986789711
0.002006315180744426,0.010148665285190208,0.05774982535122453
0.09399930784680985,0.03856361157584237,-0.06885723635346071
0.06725606280776446,-0.01751775554562405,-0.03061117901776436
-0.0557966442746928,0.060524824845431285,-0.05494605669329311
-0.0643839419011247,-0.12041740930316619,-0.10852172158311535
0.021544138209669897,0.008472346596038367,-0.11740432693400854
0.04366216983425998,-0.08530529259242844,-0.01798527618450868
-0.015694196121893225,0.0794039884597853,0.04372965260898215
0.015232662895513673,-0.026032932313310976,-0.008883964741336127
0.025671748725679427,0.011807716571869634,0.07832983210734747
-0.0678028641830265,0.12031141993550201,-0.006071929371937386
0.059937905353221146,0.0849253455760714,0.022825552785882393
0.05310319474490707,0.08789192242765008,-0.05672091351216246
-0.014549313189805844,0.06183248893204241,0.014487664386693957
-0.03508941631475941,-0.01254926210483716,0.00882010992422057
0.0004831179391579475,0.06753662543207023,-0.09553028722840795
0.01984684655091503,0.06766566957189775,-0.10339064267824861
0.016544232319959676,0.08791963293377193,0.08360053261075201
0.07112351163019552,0.07199143021014387,-0.03878931657424601
-0.023524155089051303,0.03841086309375563,0.03310877235385368
0.012169191488706882,0.03575182397881117,0.023405321721075376
0.07763477082914827,-0.028999319529744053,0.06535820826102598
0.01078956079398468,0.10147851556771997,-0.0089818360261695
-0.03760050474189176,0.03925138199629635,-0.006752077009061396
-0.012598412996365101,0.04933240685949376,-0.0863958311534111
0.07901265305944105,0.00621705150038486,-0.006051559922824648
-0.020680758611503564,0.08301624334350569,-0.008419230254148001
-0.07058630608709948,0.03219182487094047,0.04988979369347854
0.0598811106595603,0.0067606919539581235,0.08750889817766427
0.05791515396394829,0.01486322385955112,0.016475270711997017
0.006772840126241721,-0.02242345709083099,0.06518446576656221
-0.05375237854990948,-0.006233440860418452,0.01697220728788866
0.037503038291550536,0.027758492972816018,0.03216152679727805
0.0008734290589023641,0.03335253697096849,0.041134601160264433
-0.032078889718798465,0.06389018064664921,0.06158688209738851
0.015383156164855024,0.015678768602949297,0.09159444003804956
0.10030070428691384,0.11618539499838876,0.04163610219271348
0.040508506534916375,-0.00018026167190674305,-0.017489796109428312
0.0191297093499848,0.040984901175109265,0.13005580699973013
-0.0328037035788136,0.03795512665198618,0.021510413560679113
0.07160845545477926,0.03947389411561333,-0.019970080245006724
0.03999969533339935,0.022594421951814957,-0.046625764112722776
-0.0125355134680483,0.026731872451100515,0.06089481569656388
0.0694823162146116,-0.003546352868075312,-0.02637642709780672
-0.06254232982633914,0.0904165646362819,-0.0038374415986057765
0.051146048054668894,0.05426066171094436,-0.0674922626254631
-0.0012774861682483263,-0.01755565393985688,0.08772635912083597
0.03221334674434785,-0.06842797356451856,0.08294977034871909
-0.016054007758348306,0.05126205687741332,0.03848661548938598
0.08876793680452377,-0.050769772665465666,-0.08086297034460985
0.08781204628099118,0.0033769340534107253,0.02266943710896564
-0.004004237543436744,0.022938814575791,-0.012818834738466622
-0.010786994092366182,0.10954965453859503,0.0098133944944094
0.06618527988662787,0.013169296545368397,0.015178020020662163
0.0010560746099635178,0.004113639710062032,0.02633015259901353
0.017224256940284746,0.016852799829232594,0.06024656131819518
-0.07822672327255392,0.04530922055195041,0.04996453279026636
0.09496968237986736,0.07405064924217601,0.019886993339817617
-0.06483330750113142,-0.04295967914872914,0.08293991254660403
0.027246916231627578,0.06129924474087735,0.015423920648396136
-0.005767372806351478,-0.031473721766155316,0.0060287148348406976
0.006399964305626872,0.07479202372783941,0.03338311901711545
0.009098298990169796,0.021885274968118734,0.03415701150828214
0.020645756193466,0.02132859420066088,0.058596202716311344
0.05965444438747083,-0.014606009550911195,0.033095821358318955
0.07290810932447557,0.05102973745145452,0.011985505318880886
0.01033574275597822,0.07951755587506362,0.008360007341406517
-0.041853959578199776,0.03073536949331881,0.03209475296928696
0.03578034590869077,0.019623298552740445,0.048528084062889415
-0.09508080546669342,-0.0004760714070889613,0.013843941261179559
0.009596023267068791,0.02247743034892231,0.0405166322557065
0.1363607354974812,-0.027363001596766866,-0.021640764465625937
0.024058994145485887,0.03484620396698325,-0.05684277331626281
0.03772942126372453,0.0737594024082446,-0.014601038497416334
0.04991691618495442,0.05480247585849028,0.028207480815225665
-0.011736587810730694,0.07045414186359622,-0.11581860654770942
-0.10710483558499374,0.008314266552621468,0.03951633534636261
0.0725847056795784,-0.0018604419759207444,-0.029234331023893646
0.09842957684258488,0.007626965313782081,-0.055529478043566456
-0.0013983893682482235,0.1291248431025519,0.053048396583000756
-0.013902313689595953,-0.02932535341427449,0.030736352470281038
0.08044576568418055,0.05816447210757254,0.04275848240605015
-0.025670003804340855,0.02275400417418281,0.03279198205934081
0.059006348054807575,0.04860716060961705,-0.08409769890803019
-0.023791674216156293,-0.07003013053512783,0.028201046863602443
0.042721458915796276,0.05127405181954734,0.019157409086274266
0.05717230114201298,0.05715993526961277,0.015332058132020487
0.07826946057660242,-0.045854021666311924,0.03532041669111745
0.059650359556875115,0.08284454395532156,0.04600436559491884
-0.07352069595155225,-0.003488108824656045,0.10174995318007438
-0.020366838280489626,0.07776306479018626,0.003687890969723639
-0.003701319644087972,0.024660779228769907,0.05933759496288815
0.09447338485580817,0.08023780326425717,0.08496608344023274
-0.003255341335263739,0.025591996372316725,-0.028310128849384972
-0.02412874331660798,-0.02483270696507459,-0.0039109959577638825
-0.01016866892037242,0.08146170681618813,-0.031346325202395234
0.029692006964801357,0.03113823525368337,0.0775960208532232
0.007142376251114729,-0.03883860139132543,0.03451811069507896
0.001041882503508812,0.038390548191497335,-0.016531130205555744
-0.04405586984642722,0.016340299350685032,0.06864052220018277
-0.03807097864759393,-0.042045674252974674,0.025100365380942128
0.005805790432556818,0.07549640590011508,-0.1364986775937481
0.03270020518552441,-0.02163453970279999,0.031723714739118454
0.025093371697103496,0.049914397363247376,-0.004658391586808053
0.01935355730046595,-0.006742013350041711,0.16567131432267423
-0.018040067875835647,0.061657138553372265,-0.0048775879958801345
0.06055160676582246,0.09652812308971065,0.02597039928562523
-0.022400317441583675,-0.042489735264892366,0.19052954559848265
-0.009105510723087396,-0.0272448054631226,-0.027508955973783993
-0.005244554072220383,-0.03543457142375204,0.07077779731675786
0.010549462972136268,-0.012634827332460954,0.08327910226352488
-0.004178853349472048,-0.007744545465032809,0.02479423636321167
0.06890015972371182,0.04712340210218439,-0.02670885483113232
0.03345592780865273,0.05732269072573629,-0.0741362112720146
0.04890710129401163,0.01533546855936744,0.02864602207908922
0.019764831841942884,0.05052202725712916,0.04817305705388836
0.09392189648069146,-0.0017430171452654589,0.0911993647559647
0.043974471110480334,0.07361778015383623,-0.07062289674676536
0.07888052725255336,-0.06545140807844957,0.02606523011435087
-0.025971450057051065,0.06764943777844412,-0.06092318840109862
0.06113412171840467,-0.010465316039568306,-0.020160287941898305
-0.06810970454777703,-0.023563681609591304,0.053299869464315155
0.045886307878730714,-0.04910217027661948,-0.029022452204805614
-0.05613166888892686,0.0058447594736737085,-0.007063702768458949
0.054146570780089,0.04018759863377955,-0.03951179011532058
0.01647092643023442,0.04037877084804142,0.07288498805772023
0.019314887960579986,-0.006705673910954486,0.09659593556180314
0.04557296253456235,-0.022757950200940995,-0.05553435858783723
-0.05866259871744521,0.04176302216948603,-0.06251445343396408
0.020889929058722986,-0.03413429136566504,0.06615024460242888
-0.04257049647545137,-0.023376933510127155,0.05566654873206642
-0.04889293797477631,-0.0016505789061322176,-0.07404322219548262
-0.09763552417396185,-0.0044174006168616105,0.026504201367233644
-0.012606881889993413,-0.012762705325729533,0.06729674519081934
-0.03742680721129101,0.06151196668737395,0.05998471612250904
-2.0932570489056584e-05,-0.018354668592960657,0.04015817688322319
0.11304915276024316,0.01214410054780548,0.062226623321330866
0.019989295147325187,0.07943467267083308,-0.03461277830606681
-0.007067722832764606,-0.03354221439638256,0.08481441332356807
0.0823985377893142,-0.003977738529009665,-0.010076486728485823
0.04346114815960096,0.030565017810467797,-0.05956857326692611
0.08537708686648768,-0.03713837146926404,-0.02088097842996095
0.0514014729739512,-0.027096899139008947,-0.08017221617092939
0.056884837814150824,-0.0031877596601352235,-0.038460721222687254
0.10504391338049926,-0.03656840970604343,0.013638324378487863
-0.0741635203435375,-0.03357301477457625,-0.018392513917817405
-0.00804149599065852,-0.03453947311379191,0.05844542097673553
-0.016308967691825965,-0.044087256289823934,0.040145172576524654
0.0021882609429329557,-0.02976895768616468,0.10765528676145505
-0.10019227823111151,0.06412781523525099,-0.02046760142536455
0.06408241298845668,0.03960068962852773,-0.08635406145830185
0.02805581853842033,0.05506526813995466,0.03204407022297359
0.035768599164394316,-0.05457767977425993,0.11548720432746706
0.039875541780191294,0.011068601717965273,-0.025634147122367907
0.061297176444639404,0.002427531508367154,-0.043090953635009685
-0.052084323678016124,0.007982797375424676,0.002028840675825051
0.02791233693775378,0.11839570787156665,0.022781941305582382
0.0918599451264353,0.036562937298720136,0.04728462197310812
-0.06475518791857462,-0.0848980060915007,0.03650451168472573
0.031000602834024796,0.037703225631217085,0.08736345392788716
0.05787770972141025,0.05526665100990677,-0.00034163054451762586
0.021833543553762363,0.09210764467748507,-0.06283260044755049
-0.04865919731687877,0.07063507788810552,0.028734230205514653
0.006176716546067574,0.01363113191913995,-0.05832148128933185
0.05207046493285937,-0.07389082044378074,0.009624013160166952
0.04083237991394247,-0.05413644391077473,0.09155301948164052
0.06348839310112879,0.045100967269899386,0.012915101137792661
0.027228842657205495,0.052004836713203856,0.020105845835583128
0.07396435824841283,-0.025607799970923873,0.08066488538831873
-0.04667867804764454,0.062433885113709425,0.0128840573022806
-0.08140938475649882,0.006879869230699811,0.06978235604289026
-0.038785425222464295,-0.04052378935650662,0.006655526569167462
-0.08473928095449314,-0.04905547392731313,-0.06259838419680022
0.03148264856533096,0.06558445674672199,0.08316621149869464
0.00482093708577327,-0.01721295933564468,0.025947073401231657
0.010797100933866896,0.049908355688462656,0.01959086679558683
-0.02925105497850034,0.038956790750656244,-0.010532733825687573
0.0980851119791658,0.0041813211394196165,0.002860758446902317
-0.04573344680383239,0.049332528789339164,-0.04983243313203675
-0.04249192888651032,0.034894943591214755,-0.03340026137178319
-0.09252066658274047,0.03308840242819058,0.013676469973814614
-0.07827886563146638,0.00041429407834216083,-0.025539633988278073
-0.045443291488421717,0.1076415650098501,-0.045261678885817
-0.0908220131598649,-0.05880588832558233,0.034898189457527054
0.002012219478184066,-0.013864828605223353,-0.0475817113286143
-0.04382118321789516,-0.01642775661620504,-0.07773548736410879
-0.0725420748995174,0.06116259059099856,-0.021973505044228545
0.05054066375394603,-0.014824283172891587,-0.041511493082602796
-0.09357436753439258,0.03459026026837484,-0.0159181699987746
-0.027493667902703068,0.02955912148316049,-0.04457359088701656
-0.06744801185656778,-0.03192365655594134,0.09878042236964395
-0.05778328734769843,0.042272381549901664,0.042261637326129045
0.022060009825871103,0.014301176788379319,0.09141305013603218
-0.0017443562885206716,-0.04000308150751572,0.002646632610685368
-0.0833869019814488,-0.046614662188823035,0.011984668268875516
-0.0558759290029948,0.013842440481065999,-0.04505780246963343
0.03650102943239184,-0.03440618487117174,-0.04778353570580216
0.012187565053139933,-0.047800896599021696,-0.06045970459705672
-0.006348942342116379,0.07188373363860533,-0.0806885498531641
-0.011495491580687358,0.03601085257008037,-0.023278868830586434
-0.011644780762553165,-0.04917286137719218,0.0006117163093956653
0.07911401657523527,0.0011461418704311194,-0.1214387297617932
-0.03528886113718659,-0.018119584635617313,0.01888873002492136
-0.056252958861096346,0.09599452072387171,-0.11524271708041364
-0.05974888736710584,-0.10127061508190724,0.01684056401965342
-0.08332159012323011,-0.09084902058170394,-0.08944651413586922
0.02747385871919343,0.03695890495746614,-0.006992107592631886
0.002934787491802468,-0.06588278172858097,-0.1615499421322443
-0.0009324800390169124,-0.010778769093364268,-0.012026279052777923
0.016681416352838034,-0.05129827568219252,-0.005307402214614652
-0.10109850256800394,-0.0006443560611553018,-0.018581379672987716
-0.01826455664220898,0.09142570575215722,0.04713899862275468
-0.01507723964617708,0.02882769744198284,-0.03590094089483308
-0.0064480585103253545,-0.060862471881845626,0.030622773833628544
0.0006900035396044737,0.047817434316327484,0.026448273549348634
0.04970294622511748,0.003724666335554497,-0.03236318904062671
-0.026315311667090828,-0.06887066796547375,0.002583675614708795
-0.03225649662353641,-0.10180650318749122,-0.021522549995735267
-0.04157100113529723,-0.03192000517976294,-0.052550899603169096
0.013252453401203592,0.009371238753315716,-0.07726814276143727
-0.0020746791678190636,-0.12443486804718558,-0.011742459613466425
-0.05064893686453954,-0.05119363130193119,0.03680033637038131
0.07919310946563571,-0.027995356124664125,-0.05236327075161731
-0.009155484431653456,-0.016465418691975927,-0.09405317958430766
-0.09391537066424654,-0.021166266916521802,-0.06376216339537305
-0.03060483655013922,0.10382710862660577,0.042588894939416214
-0.027466137867287594,0.006520561022241779,-0.014462300909808056
-0.012933807051208432,-0.016713795290559247,-0.02360061947890984
-0.06836856802834894,-0.009592422003075718,-0.02357659610357645
0.023041202047688957,-0.018132838745537234,0.020038388995658237
-0.06859429106159307,0.010906203262849547,0.06263344603431514
-0.001409842653457078,-0.0032975010486283804,0.004290404252206649
0.062295196503991866,-0.09244930843686516,-0.027097600443455896
-0.03431267440238861,-0.07654596844492131,-0.08013437824782337
0.05071682208674291,-0.12587198648309034,-0.01693778442048534
-0.024255215780287723,-0.05258112378711298,-0.051352555328230985
-0.012338792933834334,0.028808828814670753,-0.005032215866036117
0.024840030847104674,-0.015994522271259134,-0.056372958405498275
-0.047680426727019005,-0.06103212418206976,0.04939725508945514
0.026782664224607653,-0.012570018490827308,-0.026823194451934207
0.015242385621192928,-0.0637196180013897,-0.05197694308115967
-0.014392319121415732,0.06666569669648673,-0.01781779906446164
-0.0429624696575779,0.07438612033256514,-0.07537496365787306
-0.004557094389923159,-0.048597166144453946,-0.04576307237270609
0.058429821744624466,0.05506391155863008,0.01554363546932035
-0.05987077337443049,0.0006828880183790652,-0.0010328501175135944
-0.031015633253819626,-0.028661790047541692,-0.09407284219969683
-0.045970073708162765,0.04330610326948506,-0.032946091793963454
-0.01897455676892359,-0.047351893025695105,0.03702380682779628
-0.06161725619303535,0.04286175479888441,-0.014623988597243773
0.06122345518708599,-0.1078898278066768,-0.023221309763547717
0.01419043143184636,0.008122884617833677,-0.036411370235370125
-0.14549791397342066,-0.02439609030394376,-0.006939073405286891
0.03509794455854885,-0.07236998835644075,-0.02617084434048766
0.09341571230636528,0.035013270103788234,0.05372135467688932
-0.012125372786718755,-0.011983988163037711,0.02560608823757296
-0.035086700197252366,-0.08092987663110593,-0.045567089243176415
-0.07733066593260149,-0.011666780336905247,-0.07165607432653631
0.0385302128266924,-0.06163003544526584,-0.01228171484824428
-0.011386300144226185,0.04180322029801868,0.0074243961827234715
-0.0726219637942982,-0.011516608811748546,0.04975416571852115
-0.05979182151581584,-0.07955007319550327,-0.1756590332788428
0.06286431950013573,-0.026342150798147026,-0.025590279260201392
0.07971641592114356,-0.064914904044469,-0.14423875262290284
-0.03484671472781546,0.03561176606767561,-0.014892712022206725
0.036851083855268016,-0.035843287484580474,0.04140391041794096
0.001941016599682887,-0.0309098986939913,-0.07337078871358846
-0.038205932503681025,0.013905467531455936,-0.06803301300428767
-0.06673729286529866,-0.01867404159791149,0.053316022583833056
0.017967812359675192,-0.006772327426107047,0.0058565948505323075
-0.027134497726840196,0.036435555938426185,-0.03138265405897425
-0.13045185096313122,0.03853870911179005,0.0022126989547444735
-0.059274050567775544,-0.02070392652365315,-0.005288331901840054
0.03973013864657503,0.04747129563870377,-0.04172935605225973
0.018765421020360183,-0.009234526756383886,-0.016754956520132553
-0.07987394143022147,0.009619644142821834,0.06229714968870976
0.027980726026489128,0.06054287192722045,0.032164401595933076
-0.04283116975547287,0.060986143230449374,0.02794276116101439
-0.013479479529838401,-0.07303313954767554,0.04393393715655562
-0.009247777274390464,-0.13417020033925942,-0.060898044543431104
0.027610937502035023,-0.09302163121138728,-0.013953190558226365
-0.0236299036444645,0.00526438019723989,0.004262479087063901
-0.10077702586522277,-0.11240525359915501,0.057257713055535696
-0.06828380049216588,-0.06074580131063959,0.03279412997269783
-0.03676234705101859,0.02280635800478889,-0.02320110911532395
-0.04105316194619983,-0.06371598155350497,-0.06907822482251548
-0.04712931105685765,0.028059445553796986,-0.016801533940217207
-0.061912212137719955,-0.07530372291581189,-0.05952650303002225
-0.019950552708902478,-0.019712307311438214,-0.02427088589824443
0.018197453744374977,-0.004319713100686743,-0.017301297642348265
0.029928238935822006,-0.04492110692071635,0.05813974853197674
-0.05936973040431462,-0.03665166308863187,-0.04954651615849792
0.00958060250423054,0.023081034188628925,-0.055689050228225734
-0.045830196522152554,-0.07259484016152071,0.005299597886893062
0.04401844608989154,0.012427486937705914,-0.05976886455995887
-0.016706189218130406,-0.09173447254588782,0.002842710771781807
-0.023564578133031547,0.040954271291611874,0.025607192583205336
0.02608558719750085,-0.015446179082222084,0.04254736143872101
-0.03597326794316068,-0.03147621801986228,-0.03491241127433427
0.007910114370154021,-0.016996255331124935,0.015153875044484733
-0.133678864939796,-0.03672433026698168,0.027461951171496794
-0.09925901177910165,0.010704464846417783,-0.010571676524687056
0.05656958988131435,0.07047741392068119,0.0672162136875385
0.09773138551370905,-0.02751180447112192,-0.04359053841448221
0.11565228022945939,0.055487002103539546,-0.04573765455502264
-0.045256991891254025,0.0010452687529561543,-0.018459907358188917
-0.0345093090666333,0.04088413145260417,-0.021152290547201323
0.02543253741802297,0.028221543529732482,-0.06476079824728893
-0.034655074672462066,0.029992251835486854,0.0046043469270235365
-0.04422264974140453,-0.07500703252395853,-0.09226446094756628
-0.029273762727619227,0.0350528428553117,-0.0566078964258057
-0.025143923865279378,-0.029665686316199473,0.0071534353374061495
-0.03972172195171315,0.04346403347769868,0.0019673489004368716
-0.04991657749983466,-0.0012684735991453176,-0.01701333979270092
-0.01060794350249372,0.07719318551920934,-0.0016005187050867932
0.00977546745763802,-0.04162508572749346,-0.08429809102969725
-0.0719360814574932,0.08613930392282398,0.05902042170035847
-0.08150435206409619,-0.051185155994033324,-0.04826006528913139
-0.06872196802674066,0.030013941413568015,0.028352210074265707
-0.09659169226284739,-0.031451913738552384,-0.02161802034238667
-0.10364653771092285,-0.11459802643545147,-0.03639899514974906
-0.006416933805999761,0.0629897398470711,0.012782013756372309
-0.0207825400391682,-0.01895325062312909,-0.014080072976784486
0.006802372046387541,-0.0885851890273494,-0.06172003874139634
-0.0027390020591288797,0.07087946822759038,-0.02111289400278575
0.017980026206268936,0.011519744398749917,-0.06718936924559984
-0.05695985995357794,0.055705202606377235,-0.06307349188986852
0.08409346301876407,-0.036949116478912844,-0.038708042495789935
-0.010905340509117172,-0.04948579192187459,-0.09404578209275177
-0.0412317671091219,-0.01864189290299228,0.027676032515771526
-0.053011650649003414,-0.013489784166286673,0.022388279631889982
0.010622392553281956,0.0703936209081435,-0.014947345530644866
0.044023514472180766,0.031853426336692546,-0.00691699258608878
-0.06513332441366691,-0.05996854260986796,0.016518217026225152
-0.13286576502092362,-0.05569529744282527,0.009323205037352799
0.04487288519978375,0.09209301939246439,-0.03527843531084392
-0.01957813416523946,-0.025984107369963934,0.004280508226248803
-0.04530411227424815,0.05139330020717722,0.026809385003666968
-0.0010426583893007896,-0.10235433338698498,-0.037477780851074616
0.04997215580635238,0.029464612456655225,0.03635936766823833
-0.013556252469358508,-0.048222296065613436,-0.025615269292025542
0.061376803757549996,0.07359132345257996,-0.00997499848164615
-0.016597117607855757,0.1055327917882377,-0.11511520109142223
-0.05637102433672602,0.035015166018388215,-0.07927981829960648
-0.017548660674777408,0.08055100016126193,-0.003120797840649948
0.0519097800032051,0.056814427394256725,-0.05349488707026926
-0.03339169972792356,-0.061877618018346375,-0.03412142086760186
0.05367223547626814,-0.05062342022281736,-0.002432538705345448
0.01543006500799802,-0.046355609120610375,0.08430168310324296
0.11580538284229208,-0.006186549001325135,0.03478596226289616
-0.07634069643208387,-0.010698592690095203,0.06628018554931482
0.11176537730694674,0.03292249822296239,-0.03816035385478306
0.03294798365624148,-0.11612351024591583,0.010510601031853584
0.0016493285646067576,-0.03884522158601368,0.05741376231591771
-0.030479935203489752,-0.002395988032994313,0.04303732983280791
0.05897669185513603,-0.07106893599885117,0.025601302622520486
-0.04714825271115973,-0.051346591281141565,-0.05718525361947885
0.00525464708756926,-0.02267700491441325,-0.016243992780312338
-0.005696748321710454,-0.03800351105319613,-0.05548041999612726
-0.08884065013871471,0.011283833034756455,0.006772428201950714
-0.04919134691767195,-0.07936857434212018,-0.022598368278684118
0.08452128959915527,-0.01936631451670296,0.03537810755464615
0.061997875811196014,-0.009003763099499323,0.007866840859531212
0.039237144409892004,-0.002317039145137554,0.046715978263087564
0.00017147525361539229,0.041919486314177454,0.015458618607342859
0.006684909408999306,-0.055041606079115554,0.0682524760175672
0.02056345298515051,0.0257078014951784,0.029349436758726238
0.04839914939230896,0.06802198599041649,0.03472868179971814
-0.021320684655637287,0.005732483709249961,0.11311346674969797
0.004452777050891064,0.009456972226103618,0.007458436201919031
-0.001656768437365939,-0.00552307266662698,-0.02937438141754
-0.01944826127256719,0.025019051965513506,-0.007109628179067162
0.015059775619726162,0.05198438121167028,-0.04496111099787834
0.09738467819005094,-0.07798789731780816,0.05258945137293595
0.0016804659442157602,0.1399253212539011,-0.06842412735367195
-0.0715780910744042,-0.05840905250296427,0.023280921583683688
-0.02428144717847956,0.007825541228139919,0.048534239853941105
0.027734274036768845,0.05388927898509824,0.02833380949208558
-0.0048724502202903966,0.05864749351987619,0.05849799311436643
-0.037569216892824144,0.023009537767146898,-0.037427891474495226
-0.02007848464865219,-0.041559027884808614,-0.0014088683054119594
-0.039514153203363066,-0.05698584272299268,0.08215314775112917
0.0605193561508419,0.033878431714592136,-0.05350188554636573
0.07677551898856966,0.022234429599480774,-0.07386079573676643
-0.005197462427412102,0.006792547993410422,0.016414182121852097
0.023974768937794357,-0.03897399193411387,-0.006194967818643645
0.10425631348739403,0.057694289376361944,-0.0014809904348555766
0.062487077035940544,0.03236331453802666,-0.011095498994110326
0.0409840884368675,0.05313914259643825,0.004755145834909759
-0.0060648664458175915,-0.009729598627500209,0.02286036426047976
0.004652610793831152,0.019170681018291967,-0.05441909097965639
-0.103813937311174,0.001389506166908236,0.033547857546860196
-0.06527626853607124,0.0077076095414784496,0.00033393096919588985
0.02415042526376698,-0.04936497953116867,-0.03531059394060167
-0.009823236948535466,-0.07022255523213673,0.07765245795431873
-0.03304072019211343,-0.002150097956637391,0.042584158214505854
0.012537916196371556,0.061689056728058925,-0.0023658956978390155
0.04539249934266168,0.038529643635876146,0.011774957963923015
0.022283901258967037,0.013974423846439168,0.021764585215040023
-0.03549274737500893,0.017441184392595552,0.00481397174653031
0.010288363366979572,0.046070725850929334,0.005637439437242456
0.05519666616299232,-0.005268361273821418,-0.026170077038627247
-0.0357537796794033,0.08348629138337452,0.010629110875514687
-0.03154343216027786,-0.009392786099529177,-0.03401333234288297
0.17882649837065234,-0.0650789700928103,-0.01760089692591458
-0.13826420936197648,0.017076997788072576,0.022533306202362338
0.050212715630154794,0.06690121221744527,0.05938576848013909
0.046888344530726905,0.013321448175369491,0.07522688906720679
0.008427227646567392,0.004695052497745773,-0.002968211054315238
0.027296833266328636,0.08605638252405906,0.026730281927502673
0.03905553673721606,0.04014416962683496,-0.037821426631948284
0.05356169181070159,-0.06445573502710211,-0.03720837513465442
0.02280538764124479,-0.022681242172614115,0.01730212727453201
0.04004809086356894,-0.1067551422262424,-0.021428072425387055
-0.04771924821547883,0.020226311873476795,0.02460614871681125
0.0864781038711355,0.007303040908813946,0.027580511226869
-0.014306466435041978,0.06740351757046349,-0.06903294547943539
-0.020215325832759593,-0.06909421672806972,-0.053523260797711
0.06945744567754444,0.036732577481767344,0.03137645038991154
-0.02874261872791883,0.02093672568184851,0.005548944664381189
0.05707729553123932,-0.08204166291991107,-0.0076628597311752394
0.08870324714709034,0.03564381975175835,0.05960824548044831
0.05284993742092897,0.04484153486758227,0.0349643514225525
0.08961228410361707,0.034185399258501906,0.02069065570534012
-0.010788680193238673,-0.019832322531218336,0.09612571108355789
0.07004088747232168,0.04644261275517846,-0.02604217314439348
0.005827253424207604,0.0255683805493856,-0.028614895991682383
0.00297387770868395,0.04356847186747019,0.002698197765800471
0.023335788433222572,-0.04084703125839445,-0.06000430213366331
0.0009118092414067414,0.021044012971349706,0.05524794236015462
0.0697277107579261,-0.022631965289092015,-0.0007638832291312313
-0.015084514287349388,0.005799320126948476,0.002527845871715565
0.04443685506623502,-0.04300901330236551,0.0788416344655668
-0.04883264354225015,0.09512650243964099,-0.11102793126618532
0.08855847784019842,-0.08085830302245044,-0.048858696238824856
-0.09432263802037895,0.1072153443458174,0.06768780696949568
0.007379034688935677,0.018918447969981215,0.10330145767429869
-0.03493134389960301,0.0700525163460114,0.038376693384298756
0.048536102933777234,0.06238322586233516,-0.007538053891928628
-0.02977781255828852,-0.009342017160968608,-0.03293477830245657
0.03533314116924595,-0.0016739557958555182,-0.05993978298457757
0.049948166602925996,0.08240238897228391,-0.0380939465949352
0.10039310189226741,0.12206578100657046,-0.08037710225203867
0.026615374687041202,0.08723975694468343,0.10436448151653685
-0.007786379315785987,0.09031126860548004,0.09921261578848667
-0.02209642131306481,0.032603405373787676,0.037350782867961174
-0.05660573211871267,0.03393493949757915,0.05885719678857719
0.12759316574095997,0.01112842625665482,-0.03869004732845706
0.051741998812497574,0.07259926160066243,-0.0035145958364293517
0.02612149920637729,-0.04853713478769002,0.035657665398995786
-0.07358136331917697,0.10818241538504253,0.031163236160627307
0.056633133449173007,-0.00046087499493971396,0.018110266935800128
-0.00498929395802122,0.008432082221782973,0.08097036810485805
-0.010054183030292662,0.13543988623868408,-0.023152092536166305
0.0551908636886617,-0.003363639027373102,0.006732670867644258
-0.012177237867467387,-0.03971401773841009,0.045158980242464127
0.07977279907806861,-0.018218050138487568,0.033148672040548235
0.02623618905358622,-0.02935109573646636,0.034138823771718396
0.037285278573791304,0.032503780456235594,0.0037491585709523156
-0.11802889415931778,-0.010502641811250747,0.08451091500505856
-0.04798072511038258,-0.04406162985851496,0.025543042818808835
0.06734430695662269,0.0787678717069045,-0.017498018636436363
0.0009608312725201337,0.05676350027662184,0.01817297028084753
-0.010373215552249744,-0.05925895121818188,-0.014051849421081942
-0.01022010865730142,0.07128959073580829,0.011852319462596933
-0.019684760477826118,-0.022076254221273708,0.037767066840133826
-0.04812865632309176,0.0512431472195858,-0.14376045086172806
-0.0024427579906574244,-0.030408023732657986,-0.005331451047586519
0.005728651197241662,0.04633585642318808,-0.018218155772551474
0.04140341973390273,-0.02510904495386576,0.06009061863805526
0.05233778091164207,-0.0013587078979912445,-0.025560375501039942
-0.013244567467821156,0.0377075686332535,-0.027994421514750324
0.02537396938090028,-0.010522219012323347,-0.007925440344365393
0.06556913315469892,-0.016093474806982942,-0.03792849046411753
-0.041238684344964735,0.0520183676370446,0.03831517565763008
0.0068327448447946994,-0.06754708107538848,0.016880080028568275
0.10256354344025286,0.01025054528660407,0.0056999561152250855
-0.0023068052376464913,0.043805557207896584,-0.015226245571462224
-0.027052477465217734,0.08721651933446103,0.025034092663882346
-0.0355579971478288,0.011977113034633512,0.03135501506749681
-0.044169223871249115,0.005472115966341527,-0.019122038492085797
0.10335170621995288,0.014179293806584971,0.07532964072654175
0.0037597945478246176,0.04110789788279996,-0.013944567279880079
-0.07872558832660899,-0.0041348941023401226,0.00895326815647176
-0.003608807636336052,0.019052658378261127,0.041861470446127105
0.13317017358529123,0.030613146774781518,0.025263233088137195
0.004731208319840016,0.027148351562313454,0.0663658547986389
-0.006601311591782337,0.07264206423110509,0.03559809310577065
-0.0023179474609691768,0.08922270743007596,-0.038447084419246214
0.0011229052397475799,-0.005773744832155554,-0.043092518225763016
-0.09975802395371858,0.0038319357606772103,0.05997401775972184
-0.02456258476527337,0.03405411507209792,0.074403835901408
0.006985572361323586,-0.05602127265266894,0.02337310869798131
-0.08217887417668174,0.0633741592298559,0.002504264755165027
-0.010149451618902537,-0.06955148022971033,0.024545643404831938
0.047615651776496376,0.03235429983545593,-0.011789815469882548
0.07658933157283421,0.02896936848179036,0.01653729307428975
-0.029544746688616487,0.09370673109945266,0.13109012265922446
0.12240329433235206,-0.03197547769451896,-0.012098248193011255
-0.03312405424079307,0.01693691658259547,-0.008360878160298051
-0.006484963723929045,-0.0012382375765089167,0.0492469982111658
0.02743654106166979,0.0753143522213427,0.020026513226631775
0.06998255176083534,0.1334087738336642,-0.0212558050631865
0.016102667174945576,0.07008138988304706,0.02654638608957728
0.035930366819041264,-0.08841641500224974,0.06602410834084321
0.01093124807593009,-0.07375928965978688,-0.025884106423268764
0.02732100218557017,-0.07530007272129932,0.003016522377399588
0.0076945366092274975,-0.011744623115644436,-0.009386227266595227
0.06527650389552618,0.04232195392328334,0.043795065267211775
-0.04228051383499086,0.00415966115715578,-0.0333698152667687
-0.041114423833840945,0.08148398451271567,0.021348460973787835
0.043456155281877955,-0.011188205995756127,-0.011581128733558117
-0.004506020223101138,0.08233155066221172,0.03091155483724163
0.06757589849287234,0.02786990494328356,0.04230359045814798
-0.015525965019521016,-0.05982631577752466,-0.0071477075878276855
0.030806777501800036,-0.031549751831112575,-0.004283844323366336
0.03303096152128335,0.026021055473985123,0.09024336132674485
-0.004415783365630184,0.11490320597995661,0.06196422840260732
0.03221630376640572,0.03834932342844851,-0.03146323337694055
0.020461424722898386,0.0019279247367524413,-0.04731971736470468
0.012728806208471465,-0.05045248955434952,0.025870763278400273
0.021529931822042686,0.012566984838494527,-0.003037206455664682
0.03703372384108109,0.05727744173079166,-0.07010869026469278
0.002077516819023016,0.03334509566504299,-0.01962706962736064
-0.04036663684256492,-0.04306871302460007,0.004897639666640703
0.006331506738787239,0.013034140525771554,0.009921784218183311
-0.03051207768881329,0.10460335501202594,-0.04415744908497097
-0.016477862550310533,0.022154701279176667,-0.03902121118808534
-0.06185049431060403,-0.011873597049395081,-0.024244408121407317
-0.02949580541033892,-0.056569045264954626,-0.031112381761431464
0.08034346649143931,-0.0047213665211630895,0.0052986964984530534
0.06276441623566062,-0.005762260260777072,0.0220290517987132
-0.06314127578065958,-0.04334278219530256,-0.051658332774297884
0.017810639098202935,-0.07781309671940322,0.04784062099391807
-0.15524780209874858,0.020562041385334715,0.003179704117319968
-0.11350241656215271,0.05020122680698949,-0.10494185403050635
-0.0097409978062676,0.007899319673524603,-0.03967959482710818
-0.07434266978748308,0.0721279064598864,0.012514296654194092
-0.06622497827764302,-0.0063541065969929264,0.03342022372702015
0.030233978767703458,-0.02188695918661392,0.008523407743649344
0.04482657696120261,0.06355988853439726,-0.0629379449352258
0.010140986142066818,0.06394344652434661,-0.023754388468094
-0.006541638301873054,-0.00976202021355882,-0.06208232980500489
-0.04777717622627876,-0.03714982017088272,0.037794964192232015
-0.02923416643316323,0.04707032766862379,-0.03285545721148062
0.06581050694010603,0.003955043427879055,-0.11316584321208012
-0.0671685340429499,-0.011103144556896986,-0.05011356028628714
0.04217820360787062,-0.06399781612421859,-0.04564299819232309
0.0697108207202559,0.08887106970403137,0.10266541604589718
-0.026581221740138116,-0.05572585903167104,-0.05304082197663987
0.12109009757900642,0.07837312883686286,-0.03822024554694159
0.0017417789340803723,-0.04899924504335924,0.010008835893085703
0.020565850576187414,-0.05600553431423026,-0.02262139750673583
0.10345709098849237,0.06968363792883311,0.04415235922167518
0.010112743401077848,-0.033775464304559605,0.03456183385128518
0.03444711276214346,0.022884624885523633,-0.04557101583152328
-0.02755324334386323,-0.03312112490206779,-0.0010677681329792495
0.04770963986062217,0.007313318455065717,0.040106307014668496
0.03471543265498222,-0.054140692187044905,-0.02785180996712672
0.010373254702137392,-0.05830051664353422,0.0177236087451272
0.008554696731036468,-0.04333905055555092,0.07913086997357589
-0.01728324636784758,-0.02129960696601857,-0.03831251585878631
0.006949621522798858,0.06729332200318128,-0.10178692885804705
0.054112255429299025,-0.009191472304475505,0.01498005617629925
-0.0685724417289143,0.020104577913445342,-0.019651203876328866
0.034734051159950916,-0.026988075407318728,0.0285298203455138
0.026262850240267917,-0.042017426834785564,-0.021955633714691263
0.014652064568563623,-0.023057582589319493,0.10790401675845207
0.052121044795041364,-0.021713130067045568,-0.09399029955993088
0.04688699001651947,0.04130052474652528,0.03136858228710108
0.017614109065782656,-0.007710888920798357,0.02300336665423425
0.02734956579821067,0.001087516385508731,-0.002738111402457749
-0.001177036017036791,0.04449380748315652,0.03039798288696098
0.04730322045359816,0.015751242214114152,-0.0063857492641450535
-0.046596320757436416,0.017647687586272,0.03647658664278543
-0.01588234103158753,-0.028585780253210426,-0.05826653832525458
-0.09986809188216834,0.02868977464623619,-0.01743631152407151
-0.067214954366009,-0.044941763298480035,0.05050675662297452
-0.017734136590389367,-0.003481460088710234,0.05915804102365578
0.02584679990976632,-0.11081517333284444,0.005530216170045955
-0.011453769233446142,0.003866642803134263,0.015094783501151909
-0.04493326342006204,-0.042429601339644844,-0.03217359391107682
-0.034191360960961766,-0.04266225472003076,0.054762683597835954
-0.02643318070360465,0.03734909481303527,0.04797867809551268
-0.020466057012258343,0.015140819849357862,0.03919495082580883
-0.02714464864370698,-0.051793630829515686,-0.04552731005297901
0.05589705251998221,0.011304878735853133,0.0037079963237140155
0.002091451446032174,0.010396310753498509,-0.07166528290701812
-0.06823462571754553,-0.010349530374385239,0.03336358184744203
0.01639195790693506,-0.051066804774927754,0.0073148925180996395
0.010765862588116905,-0.059393636134761466,0.013060915120238275
-0.004513856593174827,-0.006992353641090236,0.020469298524140464
0.007787185161374494,-0.09878441020416806,0.0963157858164308
0.006549186290271307,0.022304889359081308,-0.0481821062443963
-0.005040207985991683,0.06890802565862687,-0.024587413257389994
-0.04228316350685513,-0.08072217236024302,0.06547622607561066
0.04663641195811695,-0.10500655157038251,0.010880668798174908
0.055952597868093805,-0.021474239321235766,-0.024102517007318806
0.05501356781390623,-0.04186350433220509,-0.08734741775722663
0.06081766426942641,0.13551545174644847,-0.025782327549728
-0.040469105361570695,0.009432339488275359,-0.05739366917256382
0.015899239651526197,0.02432212709206015,0.014276839167741731
-0.008804443926792863,-0.07423908586646318,0.006689517446704816
-0.07068970237332699,-0.09635459156464701,-0.014264454031440497
-0.07674063613582813,-0.038321261178554666,0.0002066295388529881
-0.043681137228948376,-0.08018612519322794,-0.0687411370405202
-0.09529403469270246,0.0194760323881593,-0.014234170211141985
-0.07626015497857841,0.006044475104283643,0.053880064975697785
0.00934587052336936,-0.06891988421051366,-0.008633329152130999
0.0022393945295338495,-0.030020784978286974,-0.004699802631738229
-0.011067005477779555,0.014211998488227339,-0.0520591680067746
0.03159288361933496,-0.002915475501570586,-0.04197236613211497
-0.054478640352939804,-0.09326851988022002,-0.047685772561569285
-0.04796291313093528,0.023128582900352843,-0.046437455320577484
0.035901807681952475,0.046669865924543204,-0.015098774374520894
-0.1531943411691118,-0.0164418100402718,0.03491718792342258
-0.03703472222942253,-0.013394032477303676,-0.002004655494970078
-0.0037407265713445496,-0.038142262196034726,-0.03439014978952702
0.024840125088213056,0.054985637453362074,-0.036017593706934505
-0.05660901109631917,-0.028156400700207227,-0.004078068692284973
0.03370254262356914,-0.05585699134557503,-0.043055097916921636
-0.05569939632613341,-0.04576716834236924,-0.05447300388538688
0.03584801004760202,-0.10552372274394724,0.02298089933620394
-0.03718180148790086,-0.07633262915601341,-0.11891918011834147
-0.010907412857126762,0.005836956573400106,-0.0387769040916048
0.1038545100625192,-0.04548796132401694,-0.027920678067500655
-0.002418480234916528,0.08283410901884154,0.04179627034976137
-0.04349274951047926,-0.06522348715030216,-0.04305200215714516
-0.0303358112302509,-0.06958205498569006,-0.05117730240319745
-0.04685647979732235,-0.04536070510637444,-0.011042166685857871
0.06577395052280631,-0.00810006388311846,-0.029631313350299
-0.006723090727251489,-0.027015842167120944,0.008641926067652624
-0.0494855838266921,-0.050860720091644995,-0.024418408785197594
0.03783259954558971,-0.0826510329110535,-0.024934188676450926
-0.015047194374455525,-0.003917526792896921,-0.08048148328547079
0.04897323410253199,0.018529600139845993,-0.03754725970236489
0.0895260274553355,-0.00817001984126698,-0.14060096749268597
-0.03511426936413349,0.013502172099600186,-0.02485010383645797
-0.021483852557515785,-0.014372067223336386,0.016744233548385206
0.041484831800871494,-0.06937664042971717,-0.0021578450723427865
0.020057465416406073,-0.0855568492997562,-0.04515338218944698
-0.06867510640518483,-0.030540662029192974,-0.007041651427125678
-0.061700979345322315,-0.09948366158159616,0.005878970183497385
0.036238502486038715,0.061296578234980525,-0.03489023943713762
-0.024400675108643764,-0.013265020963123857,-0.05950905138482049
0.14127067579231664,0.07727445364420162,-0.02557111581880286
0.009039587003795157,0.022951563377489496,-0.04126478858352456
-0.04617626163562234,-0.01362894538419757,-0.04385885679732328
0.03760370187954684,0.001083012612898688,0.02417683638727668
0.005904747244807003,-0.037261006744019415,0.008948093700255684
0.011441880247458246,-0.07669645811375017,0.02645263154253483
0.05242385357597336,0.003888689135023375,-0.012393405626430334
-0.0820509343682936,0.03833799367093882,-0.06108037101933784
-0.059005347860624585,-0.008913564133532077,-0.013584946489018335
-0.0910822411548742,-0.10935655595546655,-0.03797228975008092
-0.025537403216058952,-0.0077850612415104065,0.010500650264314883
-0.0521409685667199,0.02501591775080601,-0.03757453620301424
-0.003008459116166779,0.024372654517901084,-0.0669004196468896
0.04315744022947014,-0.03670091685509232,-0.03942416306633764
-0.10040386739910287,-0.062352444947231404,0.05391685221684105
-0.09928117714363556,-0.011499429762897733,-0.08682147758750562
-0.07932733012554723,-0.03094401237209501,-0.03510872610299458
0.04679069522000752,-0.0338452511195796,0.04107594237364976
-0.044493743823728414,0.07728113190912654,0.032323427450764254
-0.01298698265260961,-0.11695140922719328,0.033849641362422994
0.0139836902186752,-0.041117288414047146,-0.044754040220015306
-0.05243966293717568,-0.10528890328945631,0.0003336656291798544
-0.041750272691607304,-0.033780792233420495,-0.04095556883683434
-0.06809242495377353,-0.050501383812603384,-0.05569704550536453
-0.07754199275651398,0.04016378298566736,-0.060832511557511
-0.006941792352382974,0.053260886977282304,-0.006381692131972689
0.006114057678782172,-0.08865397259810007,-0.06942995076264907
0.024991848987807933,-0.08607408216670706,-0.039150690046942674
0.018158046529064997,-0.03693136192880078,-0.04075935435161016
-0.048383065098287145,-0.0169650012164447,-0.019371714085363978
-0.08931514554668922,-0.009065086189121845,0.016888560765718184
-0.15533346538622544,0.013955595200656572,-0.06406089662952655
-0.0807837792726158,-9.676039706959377e-05,0.028708280187724908
-0.02390472487494831,0.014244330575180025,-0.10119938856364902
-0.08587917594914456,-0.047791960430893454,-0.013299312694223884
-0.007171945917326401,0.014515811824529344,-0.049375642651228596
-0.002065503382720626,0.0028273216739662654,-0.09434780317962702
-0.01560645990710351,-0.0844004646917373,0.10650301116449515
-0.028267299364210345,0.034315137964603545,0.02115009741488426
0.017571125044982514,-0.11507889231231587,0.07270335416314946
-0.048785690595084225,-0.00930992277536774,-0.032531831624140584
-0.05422920256906912,-0.06402910062986936,0.03438159109600597
-0.03632844100633223,0.006083043947591262,0.006534551325902915
-0.038728431543090636,0.029921089953789413,-0.009948540320611854
0.059551341948539636,-0.03918881085037765,0.012754263383703297
-0.007892015287423875,0.0049020013527678145,0.038105897006557185
-0.010621213021380364,-0.1016253354275756,0.06554771580458175
0.021328156140949194,-0.028646498417017593,0.03947191203644862
0.06254201674516689,-0.043101325992545056,-0.04507574442694877
-0.011448472140751448,-0.002016049158644775,-0.08756359987297566
0.003677759616663445,-0.03456603329701323,-0.021097209757408288
-0.04975799960853268,-0.008572472941153899,-0.03548191875811038
-0.08468636062040713,-0.08200826548145967,-0.025879250385391496
-0.02498912363146492,-1.0174274254169668e-06,0.04406791243975458
0.024088291506735974,0.040661817863332325,0.00988264202074831
-0.13158617881841075,-0.0184340239053194,0.026546372005579192
0.038644519253904705,-0.013488181311303159,0.015148094866504319
0.00750397531296175,0.013897647854093906,-0.04579107118762238
0.009921397718632577,-0.0433582262053656,-0.04075134977061982
-0.07963220822207133,-0.009821044503987119,-0.021151996670164725
-0.061109219911118826,-0.052884120779099486,-0.04465559034124889
0.03147545247833523,0.047774755899776936,-0.029337716653099734
-0.038084217590305225,-0.02581523970367883,0.04095498718016494
0.03303650322767206,-0.0014064439213461958,-0.030382884673091977
-0.06083425423419634,-0.01147299086200836,-0.01645467215347999
-0.12180460103115565,-0.0022154607866042963,-0.012391907423414249
-0.048379810175720774,-0.08977231374904945,-0.06267943170890272
-0.03544971898354975,-0.06952869349128363,-0.04530830351991468
-0.03997573033734983,0.008677217982573718,0.08056691250518176
-0.14729358151735764,-0.008531973609198315,0.045344916924609305
0.04245315864751391,0.026471993298376056,0.0002885690020517466
-0.03414445567102852,0.07760960546419146,-0.0683570906192949
0.03423518836325883,-0.029674453050893376,-0.027703665404454625
0.0509661034241194,0.08907924369349689,-0.043834772922564935
-0.07911384158226714,0.019647504691603875,-0.05636189670525121
-0.04953929717393773,0.055416876666726796,-0.11132892090521924
0.0032494398179741917,-0.023669117961439175,-0.008942922021153505
-0.04889788043996025,-0.03170495502609487,-0.014290248270187211
0.014985998555796442,0.050185970204982534,0.034378187373862786
-0.005016900853903778,-0.037536635379240985,-0.027720885699207047
0.017190807041089405,-0.05236883789469926,-0.074242821174227
0.046692355487703396,-0.03858783435827313,0.0004089005358835045
-0.014659176522455863,0.014400511334770397,-0.018623442779407005
-0.008670173442858843,-0.001142230179552256,0.06556452255277721
-0.02432959810664936,-0.08886280390152082,0.06366168541448965
-0.04162683060169907,-0.10032780758937876,0.02572594022202234
-0.015189357574368172,-0.010423664478456907,-0.021883925622803863
0.004062465616735889,-0.07637150189246752,0.006694337972023694
-0.029576183973156228,0.028274423355234432,0.013054913150417607
0.016070436002136625,0.007313712856030343,0.08017275614978592
0.061410940649775966,0.012387573904533423,-0.007135110419108424
-0.05152103961268964,0.07826160508317254,0.006797079214088563
0.0005117622252780842,-0.00753797551106037,-0.026905609603177547
-0.0050268844157114025,-0.024562774520524716,-0.03160967987461889
0.06129999616320125,0.002727654773685949,-0.0016547317649357272
0.0014853213286422787,0.02916494557502531,-0.03066887464452667
-0.034641554929252846,-0.006370818614540342,-0.01084292456876122
-0.11951154811051096,0.056676347270519525,-0.008346845906323579
-0.03176887398031502,-0.056606988928407584,0.02538591819302826
0.07202531017248183,-0.04029488404555555,-0.053342787570836915
-0.03377017115828752,0.035648521628966826,0.04744209890947897
-0.009048264889345813,-0.03747909325038227,-0.055507292213963506
0.05681645300065617,0.032981745579458537,0.021566880618519534
-0.06551059347226046,-0.07528817822719734,-0.03954198837799932
-0.026898626754594677,-0.03300452734671166,-0.060120240773711225
0.10951807890688407,-0.11443370457386406,-0.00949430120748132
0.013831105144036505,0.0695020066020938,-0.02156489607038924
-0.11322954110420289,0.026921863209880534,0.02300050862522218
0.045273016699011875,-0.091322656016553,0.05393815246761688
0.01868855379902818,0.0695958954875842,-0.04062545707313533
0.08270050905530221,-0.035650966134231195,0.028872645032208072
-0.10016947068023997,0.07328704659234006,0.004538271440927109
0.0040219671964237275,0.019035359480724236,-0.05248051153440101
0.001419045494482003,0.06549584646125096,0.026504096198646392
0.0378412207739224,-0.0437649599249631,0.07496850382519576
-0.05960937107504907,-0.013145928625327086,0.030826837512033897
-0.057018990689110635,0.0318463283417287,-0.05288857239680755
0.024028819076738844,-0.10063560454229088,-0.04244218238741299
-0.004687698805952824,-0.043731003070290195,-0.025183768488006263
0.047153800636441194,0.05634454780050115,-0.06271888073388406
0.006442528681409727,0.005676725069400825,-0.026860613582733506
0.0355401984591817,-0.0027045540683125332,-0.03696475290654465
-0.09439809885903061,0.04743919560407367,0.004948751371588343
-0.03558965013709384,0.01733112207368499,-0.019336511793914303
-0.0063719453176230584,-0.05954938199565367,-0.03213003128833182
0.008959138988822692,0.0022611284858397194,0.009544607327408507
-0.018795391568142084,-0.047728580115779844,-0.001550165817854116
-0.023362703465586998,-0.05223102518961039,-0.043698659942636504
-0.06650328997968799,0.019872498468140307,-0.014174570563979246
0.03370181756878355,-0.020534071652320254,0.08293801263826786
-0.059351479245621695,-0.014641407571920553,0.023024963301578265
0.020294283746341804,0.05889080539017619,0.037126380842456605
-0.0024729647377707597,0.016545049255141178,-0.07804190739953838
0.004599551862223483,0.0269685262708498,-0.07605974473914992
0.029541992623431435,0.046154172444696176,-0.0008166825570355687
0.02304439733726224,-0.04509778687888428,0.061441265637855444
-0.038334566091088255,-0.09639184967632548,-0.04019329746466182
-0.05683042840438234,-0.11394078870253006,-0.036137347945685565
0.011576255111577952,0.05575713203024808,-0.04955885563013614
-0.0011578254678835977,0.09033976077644268,0.011464581400695032
0.03460462475687555,0.07008344934495933,0.0730473996736297
0.028698908049816556,0.01449296643320733,-0.0034240610601940346
-0.028450515207058068,-0.022863741294617754,0.03065469184517862
0.08971094854621647,0.03752997445916344,0.032447308502304206
0.06689138412625233,0.014392500278977505,-0.02541178887886891
0.04373842706420526,-0.0016600627481085633,-0.010318580957907822
0.06498425260936609,-0.02250918857317281,-0.032493119293786885
-0.029842383804582588,-0.0464854023020014,-0.022455848363824568
-0.0010178744106259883,0.028231809396584005,0.027759384343325266
0.01933579621062153,0.0525979582594983,0.07058803961263842
0.058725736384734606,-0.007175498336382159,-0.04128277003661584
0.019943907244719818,0.02316418108085521,-0.05992555827657997
0.049300203686956014,0.06579282344964747,-0.10287141908844566
-0.04759275646896091,0.02076762417272656,0.03235366944044397
0.020309397373192616,0.02524699039464144,-0.053631199751313995
-0.012445648054111988,0.010122710387502813,0.021095430324412662
0.05870897365856938,-0.04529243175787267,-0.028680037561576874
0.0932135150685857,-0.023664359452522352,0.06732248234644998
0.022564607522950066,-0.04277587564575648,0.007382849224667607
-0.013696055854264188,-0.021704960541055134,4.99523034271452e-05
0.00491633782824207,-0.01032220911685886,-0.007699576771712969
0.004142313292103383,0.024224554049003956,-0.03585374079561138
0.021156776450669337,0.11347015476153674,0.07265853042399559
0.033726231556789055,-0.03200795805268543,0.028825263755146446
0.023527038794695934,0.027708950677861742,0.0874004785413698
0.04476465410063432,-0.055771805415642056,0.025770295757487616
0.012863330102103918,0.03187297141838088,0.030077390980451722
0.0016472528427124104,0.03801780166992129,0.016885899055298255
-0.050798836174817466,0.039124781218600746,0.015512721944848328
0.021770832828744813,0.06427973549033959,0.16723554922689585
0.045646629048136225,0.02258189934768727,-0.06661450483567807
-0.06469755558106416,0.04598720499284491,-0.02926156787994565
-0.0009686246658026504,0.07367347864335103,0.041373707665697534
-0.07907041878426617,-0.05848433248112435,0.04267129830584153
0.0172016525701318,0.028417555021160543,0.002580109580772436
0.012505666970687702,-0.0820543182055746,0.07051278167101167
0.057508534639404245,-0.03518138708047309,-0.05584017057030877
0.02186564140616362,0.07457095419081515,-0.05394292892013376
0.09416507792560698,0.008945143382176375,0.03827092997820667
-0.028347905654086403,0.13315318128410467,-0.05564352395219704
0.04766404533094941,0.03142448846738628,0.02050152033064358
0.005490361065921687,0.053905161951182376,-0.0008377448027678674
-0.03132589629197853,0.03835117855478002,0.04087752339691429
0.02300655685166175,0.022114089313944003,-0.018351358069051023
0.019637419478129463,0.060992483517796015,0.0012363228984292214
0.004713266616481103,-0.08748546348682161,0.09029970005351476
0.020651296024114172,0.04439898911942686,0.006351153408064627
0.03154983117232702,-0.023227385777404734,-0.039202625113605255
0.03915629744629526,0.022569041644085828,0.049112826255100536
0.012054667034844223,-0.08122573452563074,0.09018761106827033
0.09115793386415202,0.0797236314561059,-0.036524017397650835
0.02442848944528637,0.020284835716653248,0.04393240324522371
-0.03927854694712997,0.05155141125205484,-0.09608806469570436
0.04520525069694459,0.04337727352878075,0.029872783133516448
0.010488700488462377,-0.048076665968842296,0.0854184379230854
-0.007875842422682792,-0.027976369007171667,0.00583482488718904
0.08200542703317795,-0.039262910143832555,0.1113782922818219
0.004343204698690033,-0.008322269466600325,-0.0004993915627060433
-0.00580855365213263,-0.05584786733691621,0.09295241994571557
-0.020156205415254053,0.041816612258085833,0.004862839679869222
0.0020490925454027253,0.036909049422656035,0.04465725066804743
0.03918200309937964,-0.004096808485065887,0.01043445644635208
0.07411429843118132,-0.03043869378202491,0.08574633111562971
0.0037026943004959886,0.07043917528692199,-0.011226444591319697
0.07927702621337165,0.025456431445822103,-0.03834837779712963
0.07055536068135389,-0.030296951401131773,0.12273907965480368
-0.012823951496597895,0.01979275715962199,0.06147746482043809
-0.02607236111024324,0.009047658426733779,0.07283866854581714
0.11687030970780822,-0.011596545727887184,0.01061498383522116
0.007340592528382374,0.050570538752449275,0.03321224914222207
-0.06470929626319383,0.05496640248729974,-0.011612076879399396
0.05811960495334954,0.16444223649668,0.05068546868873408
-0.013493421313393733,-0.03576705753365874,-0.009121469829266295
0.04756164849905065,-0.0016540698262685373,0.026291500339289498
0.02768945396680833,-0.019903885167180002,-0.007862964894537607
-0.026459323002395552,0.04063020497209743,-0.00654754701125616
0.0069506339671518685,0.01219301199225769,-0.06743149895768584
-0.04113263985252029,0.08167207173609134,-0.03451089584017436
-0.009598661715549336,0.010891107926291117,0.02457616657657423
0.003047806790307018,0.059455304595624744,0.08868143875250598
0.06363845495250492,-0.010299219470216735,-0.023140986574844393
0.008597489084488453,0.07946419753672296,-0.047490087224854184
-0.0030163853337225877,0.0034362800069530526,-0.04144182717283966
-0.03701469422414631,0.017389797202900677,0.027733364501439692
0.07543389676622905,0.09273846002163327,0.012934579784383268
0.043839483139966176,0.040285050537277725,0.1482528002233947
-0.022057923090860174,0.010750601927101302,0.009371448908727043
0.04922272568376674,0.031340163603005046,-0.028985919516441205
0.024676599067799367,0.02779575954686976,-0.05160826476249426
0.04071337084891524,-0.06884437441592282,0.06854220038571308
0.09150012324098063,0.044110501651389994,0.05852221672143741
0.19352492072909336,0.0882977887799234,-0.004777295801164223
0.03871785602003597,0.09991676678170346,-0.0024348361388482342
0.08431176429915713,0.03119310054547016,0.015182912168275497
-0.008961203503011706,0.01981872578809583,-0.0047251620187427935
0.05693309400603676,0.01442861733920778,0.10876663235333905
0.01743849024552058,-0.03169704117887219,-0.08304715648346259
0.006328372338818623,0.046968496279102656,0.042494460615741914
0.07643166105790443,-0.009710691334435088,-0.014051154314545095
0.04879966717189642,-0.09326695018152041,0.10260097808532852
-0.005205930459745517,0.04533352008188389,0.009923821438599269
0.018400492648938907,0.10786524908038603,0.07285412000433361
0.05401089549794967,0.03266841902948668,-0.004434585260352161
0.016493580032759587,0.012060475384245126,-0.01809017378583541
-0.033424191689942,0.024821180302930193,0.013059325830893347
0.09529306619223113,0.03471655184615143,0.008820620119809086
0.016452227398869573,-0.012066511629957956,-0.03947154102808405
0.0319406905929835,0.04543531614029161,0.10169418836575388
0.04824578251434399,0.032687955586772593,0.05494084232948035
-0.004591672925937939,0.026539622111191864,0.06307976155364681
-0.033616833556994644,0.07116706444950212,-0.02866514345236999
-0.01720291008321089,0.020476887446241647,0.04019823998190766
0.021754942965121926,0.0072257936082851994,-0.08352115040028983
0.06368536412817602,0.04547057214660038,-0.0062920482108705135
0.03461541036395877,0.05893132916186998,-0.1421807079230207
0.052776557553837485,0.03377550306232871,-0.03141874586148166
-0.03901191706731923,0.0023039604697304844,-0.007654895470845923
0.03916024792806218,-0.024426813539927414,-0.09079611511392933
0.06321286826055882,0.00831555375809396,-0.03301585419969663
-0.03451399557841299,0.1442777061205002,-0.03154965932674942
-0.022364040293584145,-0.029065442910137712,-0.09697506993036048
-0.029061841724281022,-0.005074479497976448,-0.09115195862340171
0.06434059116029728,0.007012576512629034,0.025087982163187757
-0.0073755812882942105,0.1274354334792728,0.014587479490634561
0.08855222798651112,0.02339255791289053,0.06735018874247475
0.07014866881893758,0.04674649926645882,0.06813765083178461
-0.017300297109845875,0.0063712156663271275,0.05613793972360778
-0.05109989826951135,-0.01727819320955301,-0.05001781131274412
0.0015865125776326709,-0.01979839359691043,0.05283612361779463
-0.032117091868175004,-0.003979612611876619,0.04162195842637381
-0.05570047093136162,-0.0429033181402893,0.0006743171986508638
0.004792267155230169,0.0688018912246675,0.09753760345095408
0.05467685511357531,0.05478259844091189,-0.06400492758610853
-0.014949010704269185,-0.06920111988757129,-0.0036512015109005803
0.0570667638483902,0.06603501068906398,-0.04516590446290273
0.03492565129367143,0.018518750491766652,0.018480585150587835
-0.047965295970638006,0.014062332393694987,-0.07285876314748548
-0.008750292764608177,0.0696070183636094,-0.03129172756989508
-0.03621169113690362,0.01040045048903206,0.036803577126921574
-0.0006334074830159457,-0.04859464528280566,0.013313148855096112
-0.0015080104196801176,-0.03639596893172431,-0.04471131823765506
0.027904668024673368,-0.011096408652918595,0.04078295458478913
0.06025327518924012,0.03341378822389431,0.10753552031905822
0.0587132067888852,0.06564085449119463,-0.01820950536406846
-0.005196207256753765,0.08215343470067372,0.010058311168599898
-0.0015681123619700754,0.11543728201476344,-0.0037064800835053084
0.051083893739704844,-0.033564787129951104,-0.035576352161710206
0.01853913535458654,0.0985810013033653,0.013884256892344949
0.03730105100124267,0.01415850846275635,0.05164242275750435
-0.03757976448922622,-0.027388173431302842,-0.022799610052375206
0.03169672185278534,-0.008930453181970114,0.05123955808397117
-0.10443614448329624,0.0745383850312361,0.12095978207694318
-0.12462004262917382,0.05182875563396318,0.02041717790209752
0.08355142325842374,-0.02338391142065843,0.0018711771167806875
-0.02762059356420633,-0.051027891771634706,-0.03476587262391412
0.0690183160336271,0.03450359976271845,-0.040071789256431574
-0.01919708221714632,-0.00981650365972081,-0.07250627271920741
-0.005903454038726133,-0.008079269761924954,0.029396645503561063
0.014549189541228979,-0.005088432445325555,0.11237238472726149
0.011090936424413039,0.03509094819767174,-0.013175817322854028
-0.018977737054073907,-0.05079915363616658,0.0541638587210852
0.009812302888221363,-0.009794513709971402,-0.07974102289252605
-0.0333635158961911,-0.001991893023427657,-0.08313781345522209
-0.04234883233662369,0.00037561149711160587,0.027061615580953102
-0.10007433176593991,-0.0007532054373101337,-0.009700369712080771
0.03513634661956395,0.05708081929840979,0.030964629465812285
0.08601012001693081,0.004256821731615063,-0.006327704629841845
-0.04188197324545055,-0.0495543663067038,0.024916596721284056
-0.03538095198541093,0.005809278424781754,-0.020484646067778015
0.0241330967637965,-0.018286604916572254,-0.010297109014180038
-0.014865828433824004,0.07178536937046479,-0.005542198457369416
-0.04664116998440623,-0.06274444388519188,-0.0018326950376634165
0.008598788004261749,0.033242853666794824,0.007647482028902268
-0.01458313921120513,0.010414370997483047,-0.03126841798012139
0.03327357556221762,0.0220450379855264,-0.0504691590655728
0.012485909422748707,-0.050143687518021306,-0.0029039008452866884
0.03046667209135985,0.034587345706049724,0.07480985755575162
0.014543538589103362,-0.08675894670800542,0.02751642341433815
0.022173228583080323,-0.059062454046129254,-0.08085756903160897
-0.025012982985187962,-0.049291377810923256,0.022811017229972256
0.03612879774475718,-0.021808921484035994,-0.04590551348805068
0.035705050635919305,-0.043198236716435766,0.021956980878520275
0.009082149427286362,-0.07331841359973727,-0.027375868599882093
0.03550858568948708,-0.01680830669708364,0.006010359288004017
-0.019671214817595938,0.008263256732523835,-0.08254369658187781
0.019105923564450667,-0.04245347056578076,0.007564666868979088
-0.0330499445152753,0.012746532743354615,-0.044135802876149446
-0.09640269581146052,0.026477717075732245,-0.03782747799505061
-0.07923808396866888,-0.019658525887019683,-0.022374969593648222
-0.03928473767345488,0.019690697907049793,0.027973211901553822
0.06856875924104701,-0.008311312481370594,0.052142683371480314
0.03165964897639381,0.01450218690090008,0.018595119187693944
0.01793644002572483,0.053261660891011524,0.06803310111331838
-0.09542392472447822,-0.0079805758485031,0.09304894416776081
0.058019103567405486,-0.027295708814282282,0.016670860567733384
0.022145807700717494,0.01858074157452412,-0.01448524784533511
0.05339719498876288,-0.016883608909623635,-0.1289254701697737
-0.01327215898952892,-0.05894453415288123,-0.01656844575797515
-0.05775452287516122,-0.05893090700016361,-0.04433554220358893
0.038510270630897944,-0.003909080493829824,-0.05785201432191596
-0.014871508100222355,-0.04168399265884486,-0.019954918316708647
0.06864737436907598,0.029631650504056438,-0.0441821221018267
0.0140697072123395,0.08299883172676187,-0.006591531937971495
0.009148826154918643,0.0005596073652473638,-0.02018467750582199
0.030994159928761398,-0.015112705150388636,-0.0395756029122188
-0.012528629599478026,-0.09518878297352118,0.04771976274415073
0.06660941382119638,-0.04770931647270698,-0.04518070968353249
-0.047274317382681896,0.08252260069809968,0.00025499619628469895
0.035998776733869295,0.0060557763949317354,0.09162839687514146
0.07567686254063923,-0.0162631564842936,-0.048263397378903596
0.09789165299638236,0.05315572579581761,0.027546475733966097
0.03932958216094285,0.07853104359711778,-0.005692443509364749
-0.018452415905154906,0.09064322694169219,-0.04946790563772936
0.041130321478601316,-0.06499478435304677,-0.0031640007524909638
0.03401707840394858,0.0158471434557483,-0.027896438025717236
0.04790042917537829,-0.024366812193942603,0.05523989712138837
-0.14397729956781577,-0.026655088633428345,0.014862814003078801
0.031279715099031664,0.010598505944830049,-0.018289809583611157
-0.06513640391350324,-0.01555308648005398,-0.050597456816540605
-0.06773279413847169,-0.039094850276220644,0.034594613396683335
-0.02020189638054661,-0.03235351329747013,-0.05175412872152936
-0.06253667646508997,0.016319783203624507,-0.014845692525943572
0.018036823326069183,-0.04543081833088203,-0.034298158658669614
0.027946278901800087,0.0624503846068904,-0.004208269950870985
0.005597460218906792,0.06561721065445376,-0.07388132811307187
-0.049378983566880995,-0.11031821857780158,-0.12425733635244178
0.0163270829329229,-0.08368596318796509,-0.042307272683180096
0.009021628851285152,-0.06303253056121022,0.11255748990052615
-0.028291654895934555,0.017069092247398672,-0.03141095670794329
-0.016993464754854887,-0.07749414773161782,0.0203808402127808
-0.058760092978795676,0.007463561156111376,-0.039972387693607773
0.02944848699421209,0.04428207000909385,-0.0228114920974266
-0.05657791517501086,-0.1003876549139754,-0.025961321284590257
-0.006657047792187943,-0.020419227989967127,0.08430284705976993
0.041693753832959216,-0.06467270879640176,-0.01583448107382783
0.0010498647240348713,0.1073001876075125,0.07309818621260032
0.04602388065380651,0.11064146630490626,0.043185871567043246
0.08995197637363461,0.0051486290267013304,-0.04169429683113844
-0.02965073806778077,-0.08281652660188175,0.026213444164547267
0.014676972579033856,-0.0821911101925879,0.027812154844920275
-0.019098647519178856,0.03891996952739639,-0.00028846269428159377
-0.047966171890036324,-0.08960066691145441,-0.06721175916637175
-0.05533313874517312,-0.0949609318095992,-0.032627596505705514
-0.06224284695836758,-0.032465369416252846,-0.03871393079771715
0.02269954184976722,-0.02123871055904595,0.0008566679780872485
0.012434989601850618,-0.03993465921635696,-0.03712066274391883
-0.036961795176740225,-0.006636627508651833,-0.010128662727938553
-0.09503683463295896,0.019536254272720262,-0.027302277494221976
-0.05180392766369603,-0.00886403936487734,-0.06742988944314239
0.02580020648330096,-0.035203751840506566,-0.037546450666886624
0.03948319666071666,-0.001473834737541188,-0.003391217429615784
0.032158069886379315,-0.02218190411024042,0.051001351520332944
0.03462865141389665,0.02222773041438712,-0.040119442471501246
-0.027091849278215202,-0.05732917743636723,0.08925413912800875
-0.03040420704236576,-0.08757968467452856,-0.0838511943745906
-0.0247841481140484,0.030450241438231204,0.03234009969956678
-0.03177174088328656,-0.07808063336596505,0.008814520783151342
0.06836873313043175,-0.023323086240456353,-0.02273594237238987
-0.04949038114641284,-0.010963641585036453,-0.08206110013187307
-0.045862819125636514,-0.08076976201216879,-0.015245521474268955
-0.044132165623305006,-0.04576699981399775,-0.11653672711158083
-0.11568864254197428,0.0006020580110503819,-0.05471777718926883
-0.07316202395058162,0.010291709906602643,-0.061744869682681294
-0.03693681081402963,-0.04784943910783182,-0.05003686457178268
-0.06556671416310497,-0.05612126758961225,0.03517528607089515
-0.06407885476894895,-0.009718812175933192,0.04084375534695728
-0.09342168966613773,-0.12292731721615562,0.011152821614723304
0.038871723966293015,-0.01801632049857589,-0.06226166164450279
-0.06308681485254812,-0.040119934624562335,-0.0475890503647966
-0.02160137567478017,0.027708515261425773,-0.008887705606947932
0.0123337420041175,-0.07020762906138893,0.04173658523957303
-0.07288408436270796,-0.04243232294969151,-0.04397904715698487
0.08390462444015301,-0.03446545468667733,-0.00031207820980792486
-0.04652879759393476,-0.060774484843023266,-0.13982086485012216
-0.013691713226460372,-0.0065957082549190395,0.00032320211411098615
-0.06292148448875229,-0.04086243885029803,0.04706383150164417
0.01673372581846602,0.012561376674259401,-0.03410931132318683
0.02285031789645419,0.01122003441480941,0.029157341756097736
0.0009096937215223345,-0.014506857965526018,0.071220038989294
-0.010815076734433125,0.0855331453782938,0.008169348554746103
-0.027724577065270362,0.004755266233694797,0.000783743190818819
-0.0039545579842707144,-0.07959943327848028,0.01385512481250787
-0.006283876980042546,-0.04653144836838295,-0.0024587079308575725
0.019863373957496183,-0.03916828875868522,0.033761093855251514
-0.056382517880685906,0.043275098292599054,0.009521773999665705
-0.026213764317980105,0.026518228816833415,-0.010610388287645768
-0.04092603556731249,-0.017118453539910157,-0.015636417991190782
-0.053106457762281865,-0.051328425126385656,0.029358804204508614
0.03599996298099553,-0.04695929528054005,0.0024632502341857335
-0.043229055511583625,-0.014311949580973447,0.02668999494083053
0.012575126776458698,0.0823016360533686,-0.016970976630097126
0.019112095319964547,0.05419446506663307,0.1413301979004605
0.0003975951450958387,-0.010722816145538445,0.0504254793182214
-0.03306228122719041,-0.06409250459867698,-0.004992739837074205
0.01938053443005198,0.028161737504593377,0.10337765178680328
-0.016950814144663755,-0.015131144582310817,-0.04051520544936163
-0.017256220737022352,-0.02320338367522675,0.0013357321322781217
-0.0348532909886426,-0.04548700849760881,-0.013437847749038542
-0.05818780471890651,-0.0266887560773536,-0.08422208179610201
0.024385957833444962,-0.04505507482488913,-0.026840918850970473
-0.05940577674408033,-0.0846794883770691,-0.030469109105255042
0.060939126887959646,-0.000254221838338068,-0.10141238597486649
-0.06091049936822058,-0.07310394378277438,-0.01666469808240043
0.0047749741720158195,0.10594273529678792,-0.05512430913828123
-0.15715686628329525,0.005201530308388162,0.012203904493614772
-0.049499081028342384,-0.07413707723786302,-0.06915001297836124
-0.007581942926082837,-0.015652142922697385,-0.06644704286800888
0.017189669421720292,0.06640911872423985,-0.008775863338997552
0.055344506979382126,-0.051975337126023174,-0.061266291588151015
0.02614382416866641,0.021493178750022615,-0.05646435389437787
-0.08401962582509928,-0.024310768851525773,0.02229195892814438
-0.02985504872345744,0.007510098871391112,-0.12695521726494438
0.046372579939603614,-0.05847960714406676,0.007888345705539278
0.0869075893830694,0.00970082225181508,-0.05181453621817748
-0.025671166411447243,-0.00547882185473122,0.06908223168197722
-0.056498169647542826,-0.09072646066029824,-0.020941804990175988
-0.00702748272230589,-0.01998349782447415,-0.05546571128281037
0.06068051551046515,-0.06932638524307799,0.051627136255842046
0.006159735646226997,-0.00580266196186725,-0.08649250272847087
-0.02409745560966662,-0.10806128745940358,0.049706151578992296
-0.038703831639269354,-0.04926488243320266,-0.03217469965019533
-0.028771752782824983,0.036488008441096786,-0.11280658232873296
-0.030729999862236252,0.08434164451475173,0.06697087770284779
-0.052693780954709675,-0.021766888833093523,-0.07864395492588482
0.03983801410378661,0.06330629529801919,-0.0018080914294778868
-0.00013116867651400375,-0.15006730502690896,0.010122181140913317
-0.05374068100378972,-0.05111548636275173,-0.06372994850355712
0.03656952267891331,-0.05107897186614371,-0.06026947575569523
0.10887752178499258,-0.009141925982813553,-0.05508964052388756
-0.09736910324519257,0.05599135148523454,-0.07508483815282135
-0.008241090058511043,-0.042912057190482626,-0.03660104483845727
-0.016598851707371624,-0.022288507329827775,-0.01839954028587099
-0.022953481687906042,-0.10282819442662745,-0.0759853364048533
-0.016071200900293948,0.04267992711291142,-0.05742907559056647
-0.09176156859542295,-0.07693651506458563,-0.0035385181887557134
-0.053941354032899,0.048522924189225325,0.02789819466282819
-0.0535994998010961,-0.051493437670721856,-0.03330350788745111
-0.00023456603399633381,-0.09620152563016988,0.08981716619650258
-0.05180640280973472,-0.023630275710116777,-0.1027127548641292
0.020736730010065,-0.12215511987690622,0.07413327225424218
-0.014103698972362112,-0.08943685575113355,-0.06750678544390167
-0.07194068983916407,-0.11291739378703743,-0.08116115852846717
-0.01578149055439451,-0.016054363208014354,0.024850086001783372
-0.05588387372392915,0.03317371859327877,-0.05967156266372254
0.008951068485158304,-0.11186488454788174,-0.10376530063963862
-0.01105626887374458,-0.0945937587952559,-0.05487690907246566
-0.10509598313560119,-0.050503383743542934,0.006420952489784908
-0.05868329038240089,-0.028669209958241425,0.02014910094350999
0.05708419868680407,-0.04468015079776641,-6.122132543238609e-05
0.04568260701703346,0.06843920173994457,0.004694903657575153
0.030797285003483256,0.0009338335218110564,-0.053825347903239645
0.0461405764981546,-0.03190084586754203,-0.06622780922527863
-0.032534311166128066,-0.030369644694420838,-0.04767316716473055
-0.053581357877955794,-0.05953932861968076,0.015729661825216658
-0.07179436541154575,0.09136566189064695,-0.058681187700509854
-0.00200889266366337,0.05193324945271621,0.0204524070678844
-0.022073439796876086,-0.017442690066144885,0.036575677464055906
0.019974179136628217,0.04559898818619238,-0.054866424745857935
-0.020950381424242413,-0.004194537900938903,-0.0784825039937368
-0.0017919516194244384,0.020599315152654982,0.03164634499047752
0.03856143331105239,-0.01617786072265646,-0.03580351912875693
0.08422913905000232,0.06612180321353632,0.029555503796842283
-0.003387969323476394,-0.020282335745183795,-0.030347072209689924
0.050742405123747066,0.028687536944881253,0.033494588399828724
0.11905081244151239,-0.005015310940186327,0.01932374037227722
-0.00955328054277208,-0.027701624299648606,0.13474440965505616
-0.0668247118009205,-0.0264422471278095,0.04909529846318464
0.010338789433868824,0.024304624667917756,-0.046194137493214465
0.10473722089319967,0.04489516327340835,0.06648355222618788
0.011204676918738821,-0.10706500595740809,-0.0014444183958405906
-0.011387852307202542,0.004497287332751155,0.04309376076732793
-0.045339094457608586,-0.023530814229930655,-0.04109329064203683
0.015411942647301552,0.025603349914218015,-0.06330423629622976
0.033732256234548764,-0.037844088978614215,0.04044285161675608
0.013773299769498345,-0.07620713688374367,0.0855039655022865
-0.022111193901973407,-0.029263218599531564,-0.1066199482358081
0.06204588141691188,0.02177770721237064,-0.01591309430674054
0.025542120175101435,0.09048417797886575,0.036116437495032634
0.06629817973446642,0.03767711954215729,-0.04240235710144376
-0.054674531554382254,-0.035174343052794176,-0.011985773241561307
0.03627015215327914,-0.03953129832367189,0.10104797554874681
0.024153096308387682,0.02674268805084664,0.028325182101167606
-0.02611999071332495,0.07767756000916602,-0.006427907971091197
-0.053776581520990185,-0.0376353491386643,0.07955604275051287
-0.039236357292030885,0.037370063034190035,-0.03679501466544307
-0.020877364358035645,0.07431103287319235,0.038857643633364004
-0.02316721823003024,0.049787259863757115,0.04073718195207341
0.05283576182728654,-0.04242849984090724,-0.03997328078081056
-0.05378052366565114,0.06767380108646187,-0.07119728141339923
0.0023097254602567232,-0.15055064858731554,-0.03588549290486151
-0.06177136107943214,0.015926043101861447,0.053284800021620574
-0.013946801536029245,0.12361721893102033,0.0949362006122588
0.0032321963466081013,-0.05943565333803798,-0.03691586920685509
-0.052705648006845865,-0.05027826820122373,-0.011952675074182493
0.05238797224334745,0.04452857164731204,-0.008069926947799884
-0.013938580188611221,-0.07391164007453485,0.015477787620427117
0.020141211460443096,0.07359078128348617,0.07293389847899441
0.05321674589062395,-0.07156875838332384,0.10424212346873214
-0.07319013432894698,0.061981379776279814,0.0048029896263821065
-0.034754422980403446,0.02597043641872708,-0.06946193878112392
0.021809227600389138,-0.08213127851823554,0.05575722187369195
0.0806200151469506,-0.025002492495872556,-0.008933559789860823
0.057218354626923706,-0.03058211481621825,0.09414178323577957
-0.04220678088003929,-0.006522142520589833,-0.035053228164363535
-0.008670443574643426,-0.006117857495987287,-0.001445679812986378
-0.03163958315546833,-0.0829449527369525,0.02760415698635122
0.0315815449710324,0.05628964627601837,0.08860707929119405
0.021372898287606863,0.07620803713180714,0.02369522285180469
0.024861089959052046,-0.0038018725018917777,-0.0008777038696025797
0.17612570128600344,0.06079380111911945,-0.00697189775706617
0.053929693144116775,-0.047529049236516165,0.08475035346805884
0.042377414055725246,0.04159891651053825,0.04670942193382946
-0.004452775926246393,0.07435387376277779,0.046173578928512406
0.08727270155372838,0.002410740258651456,-0.01776705428479942
0.04041901399563409,-0.04484929272717468,0.04891140896012182
-0.04168814737124404,-0.003876799702342908,0.01163671214627208
0.04995066537355617,0.032909652576049636,-0.04477981530190823
0.07465571211798855,-0.045047823601622065,0.061453144217571
-0.05798672661369905,0.026551552257943374,0.07745947600546735
0.0073437913673839806,-0.049137925382266384,0.07725136152759222
-0.0640090735267682,0.020923475073953406,0.05647247737023056
-0.0021290018533030707,-0.01982333666373195,-0.028692344605674033
-0.061465638988400226,0.050993495478386865,0.057459737141835936
0.06019304352697618,0.015482934885470498,0.031229986524347237
-0.04378678364659182,0.05317669735102358,-0.07317744733866531
-0.04920485540481072,-0.05918466658685874,0.037673035934917984
0.004545445083680698,-0.00010775968238275341,0.18221180275863683
0.04456052717320054,0.061684005545497904,0.009770742005534313
0.0007432964482691953,0.05170430862345948,0.06273499722676605
0.061371653697629,-0.07978237745758829,0.012114544129239251
0.010506661216266141,-0.0821575205344861,0.039527084731139486
0.04651060215582459,-0.01065650481123388,0.05297589172256223
0.030905204782420783,-0.06287250057013972,0.012938694055416736
0.01124961509016627,-0.0046687762444795715,0.13138945494587592
-0.07644263648229606,0.05531277057611571,0.0225798659398936
0.06138553645287656,-0.008370067281319258,-0.025669390967004883
0.06688217264654507,-0.017953848737531145,0.03844638384375966
-0.021374839926125443,0.055721100232157664,0.0006275124726728906
0.07427009757540881,-0.00778615758057399,-0.02221587162000014
0.03608454346782275,-0.035495088842112,0.033074114117047776
-0.01414812751131169,0.000892380794510813,0.03464335876569022
0.013643385451397257,0.06111745140532353,0.06333184921769294
0.040181457739374565,0.005398986561794487,-0.05773456797755173
0.017327717133169912,-0.04204540411939721,0.03032117671097006
0.023275776887116146,-0.04427179227859731,-0.05954092982635165
0.07775136478273162,0.007481145603437324,-0.07110884707320185
0.04588593732727074,-0.002745042655480222,0.020900173297081152
0.014801690352251005,-0.0032939140670588084,-0.004945364047565067
-0.01992412052740708,0.05487454685764444,0.05800094481844086
-0.001142850577950747,0.09152180052198582,0.051182750105465066
-0.004556940222264803,0.004689027518566445,0.018730076718349253
0.039993217125675704,0.0075502099955788785,0.004558037857347012
0.037845197393969784,-0.10785902461777833,0.03953417296959977
0.07428321407804236,0.060932665183946653,0.02035734055574039
0.016325400319358557,0.002183710317221421,-0.025216217579787256
0.05702319481775166,0.003826317144813983,0.14126626733161438
-0.006828693489388169,-0.0344744183864928,0.04039076695961566
0.007043214982479498,0.043396368359992464,0.015349387064681981
0.07765306315449115,0.03783087250522911,-0.0388509470416209
0.040626130193396476,0.023873637520665594,-0.034431867808209886
-0.07468545290624315,-0.013653385114991597,-0.05380202246257408
-0.010912852154865978,-0.027917938645049666,-0.059773415398753055
0.0003242245648227664,0.12471576784290526,-0.024465204689985576
-0.06455872339110938,0.03965920154120257,-0.046375100356999384
0.021507895466539674,-0.031257464110129515,-0.008599445861713524
0.010021728104252156,0.04417874599169826,0.020384803831023517
0.03971503978573027,0.048329006597591054,-0.016282350007489996
0.07841914119882548,0.005392709212659578,0.02135231609782331
0.035892333687589775,-0.018804865351499157,-0.045999416756115824
0.017118209171167596,0.04166433053316548,0.01122974097195199
0.058759606956263845,0.10150564558132186,0.09670262401511681
0.10639435890072431,-0.055709251686787586,0.08081732243163187
0.10734001283132066,0.0520269636111815,-0.005293496190242115
0.006975160419079678,-0.04607030353625889,-0.002411947477033251
0.005465046624512191,0.028274076727145263,0.10659891428166884
-0.011812135826435408,0.033467115794327505,-0.0036273348103140306
-0.03979830448412619,0.061591781445677715,0.027234627683969767
-0.03835984247571546,0.04951349869545063,0.0581636558005697
0.1058313833587884,0.007215372821742757,0.06364799297271878
0.09157672902748129,-0.020592774493409544,0.10433867354804723
-0.03299365127072832,0.05784797565206133,6.47643841220763e-06
0.05673828422467777,0.01234937933577408,0.0021043522268822425
0.08222974921322786,0.0417755513233492,0.08033567080964886
0.008071569225455084,-0.025915726912567934,-0.02538088413596695
0.042155397196141066,0.0305609481623083,0.04284295661855197
-0.029603476190735955,-0.028160072126347305,-0.013953527745776236
0.041538663456674806,0.027823893027934983,0.02117539372663261
0.008726641729955645,-0.028417457231912198,0.029166757159972002
-4.429877587436987e-05,0.10585328780326973,0.045313435376807445
0.01250446804790031,0.09335458647694223,-0.010167895214115132
0.03104638083572926,0.04053638304694232,0.014757462560740151
0.21807716173574873,-0.047329030381238556,0.026457367428161647
-0.029346047444190202,0.025204448780229385,-0.04290653622247498
0.0853246474093804,-0.03967177318877216,0.028272748689086476
0.026804804108462386,0.06310236933185497,0.09710389726506803
-0.04264599773824282,0.0023120807302164197,-0.03213720866181538
0.03500305981326017,0.0039537419942246976,0.05291760527395996
-0.03587071807849468,-0.02416191558658853,-0.014662367066815434
0.020890618982820366,-0.022467574056329143,-0.029147595666353183
0.04587303095830866,-0.0760073222980391,0.04860410028880638
0.006600293632682951,-0.03624987991697916,-0.0009503274907714417
0.02163206703463734,0.03387934616783522,0.006164272660331156
0.04582929851641328,0.01519205628253116,0.10282278211986916
0.05440974817486448,0.07920667365378706,0.05806869568877229
0.09137006830279741,0.03890578661197583,-0.0028636716259932173
0.04925576167938974,0.036291006051907396,0.046150160816216174
-0.043067442944023177,-0.061215602074125894,-0.034073884066105564
0.02777600631161769,0.06658971802079353,0.12544615219557767
0.03873299472384302,-0.0024552214249171055,0.04956785067701043
-0.046161193756501274,0.00783836563981575,0.02144863054778663
0.08787810564961848,0.10015563556910083,-0.0015725094472606137
0.03365743387799244,-0.027491487566939463,0.026199485636621916
-0.028099109444648718,0.035325857092208104,0.012431333950825152
-0.011643170645120368,0.08309804017366258,-0.02208496984981192
-0.030523332154658696,-0.016711272712822613,-0.02344275638377971
-0.07796199652654423,0.016803657349343908,0.1516298050320714
0.09699183776290675,-0.0944170470528052,0.06272918651207321
-0.06673313840518014,-0.012740468478605606,-0.007490787296587817
0.05638819897826758,-0.02095245614994146,-0.033700502185469466
0.04645338702037339,-0.01718775317105562,0.0848228751265557
0.0017032605618544968,0.05432761480271921,0.07057518130424423
0.044964209036469256,0.062286970070726456,0.006245729520997683
-0.06961658552847269,0.023158495995231246,-0.024839830183038328
0.10144753480078346,-0.06521723131160825,0.007933637472183543
-0.04869928920854204,0.06020709339138458,0.023460990559018936
-0.04166033954312145,-0.0026364145296306502,-0.03184702852997808
0.05142316414523507,0.022870302156870338,0.06656484363123184
0.04327436131808424,0.10271866166067366,0.004713960728970472
0.03285134338249105,-0.021515164188869375,0.00975706070434166
-0.0014639834113117332,0.0011425218459940895,0.048076745252738626
-0.012407930758489437,-0.009314290405598,-0.009383243003505017
0.024892638718170698,0.00360007923904806,-0.001717819813803527
-0.007643342441341568,-0.017222746065582502,0.08668301902117018
0.11286271989971464,-0.027239224781002443,-0.03396448454223695
0.07131395362904669,-0.027591808047995207,0.020121737299888323
-0.03622843019911655,0.026876114284936994,-0.0186144801524156
-0.03305253225264928,-0.10375817476291138,-0.07350677649267462
0.10555443155812738,0.06971322125053545,0.030344816722527035
0.05920361282345773,0.08280930391647269,0.03921701666589303
0.030379162710831888,-0.02879817610470691,-0.0296808205992016
-0.014130053396560054,0.00417235721487987,0.032989436350908286
-0.07670608524614891,0.01628635842848386,0.029913233239853416
-0.0005036704429883295,0.013613893906247655,0.037340701751381856
-0.031232460469671958,-0.0481858931172761,-0.047798290637916394
0.004417166963715954,-0.09984835564664771,0.01679872462645842
0.009797848479246208,0.035899908060054,0.0026069686643958416
0.05067962539562992,-0.04980445243984293,-0.009607124452720188
0.04612612430186133,0.11952465022452738,0.015127186106927397
-0.05356005484784324,0.0027033454743374532,-0.01621486212782162
-1.6987508895590156e-05,-0.01630774921219008,-0.018705882423058276
0.0020691926011605077,0.052854279194719564,0.047008603869883564
0.10432886170400658,0.08235378036407386,-0.00039736141543309476
-0.028048252409996238,-0.05666104929666742,0.07221564831420517
-0.053001450461784144,-0.12181209346350774,-0.01353178297981402
-0.012169844635765157,0.09518048896663284,-0.013414908781698468
-0.0072506608995300086,-0.01178989920553198,0.0006397422880708914
0.009804164539963703,-0.14783163576223382,-0.014736884416591108
-0.02951480599456566,-0.005043362598348422,0.011271740577950986
0.0411200236843559,0.0019066269858776025,0.045618323016485295
-7.918499725368365e-05,-0.10441892998088668,-0.049933359727486956
-0.020308662641447615,0.05852927500073429,-0.0026579582451359968
0.025750110912861567,0.042054269377856675,0.02153707066063381
-0.12091113115673395,0.053102068721783795,0.025666622392573637
-0.04266288889736632,0.10274083623208728,-0.04109511900820467
0.03975769952853689,-0.040122788644373686,0.06384846538328341
0.0540732881059962,0.06799301965654947,-0.032138478759951294
0.03754319236518442,-0.06155898772844917,-0.031645968835354095
0.01534372979464501,0.0075116713655787575,-0.027742892279216096
0.01574780884300643,-0.002347500096977188,0.1085645344475212
0.0037682242456464556,-0.110812427184996,-0.02115532170630186
0.0424478370280205,-0.019169665171453566,0.05127308275206
-0.00881148357025197,0.018457818105285153,0.05613478577350209
0.04491591743564666,-0.04216163829806292,0.031081949586627338
0.04362017546265176,-0.007902875939515898,0.04713292662327043
0.05140661889597722,0.029098370030394765,0.07980243175746139
0.07134308256329863,0.04896021985410214,-0.03533966302431753
0.03819192092197641,-0.06453563357442355,0.04609869050512295
0.04008602953347812,0.012726160753283755,-0.017913062548780136
0.06461861642109064,-0.040994945708788415,-0.048952987593128106
0.02401323265725662,0.002054174116961646,0.0733161079088383
-0.11498153451256503,-0.07997720367213114,0.05493985393622357
-0.03748074550802582,-0.09153080483734866,-0.03330777359907791
0.07831715487001185,-0.013208526310406445,-0.04872286603564162
0.07168003272271657,-0.04253730022603612,-0.038459775807200294
-0.037840245997710485,0.03236490518001016,0.026637141697090312
-0.09613646864564923,-0.07591850318315586,0.03726117677762343
-0.06256627460659389,-0.04324868681721941,0.02231410894888012
-0.06523184845310678,-0.016609591269924662,-0.0005875480100691406
-0.029009793074465724,-0.01571204472159094,0.04847240078770247
-0.013391190553558923,0.007070184913096255,0.035685083472099074
0.025289142432228264,-0.07595098939546929,-0.047604111354838975
0.014140246491506435,-0.09642460633623459,0.04239710258170558
-0.06535561451187921,-0.031804450949516276,-0.008674307204738947
-0.014308965847394625,0.017176421584758107,0.03918370823152193
-0.03533864740612349,0.05108109866307638,0.017889934635103084
0.02974564554421752,0.08128018121043698,0.010210846038707023
-0.024926391560871817,0.02521891641061586,-0.07711359778552973
0.014826335447701382,0.03013661449688965,-0.04220873300450527
0.0010249221605641281,-0.06157010087392794,-0.003813762523097667
-0.032717952734861666,-0.050410818049425994,0.09243462254488245
-0.08887693224945645,0.019432261638269555,-0.06767525729903069
-0.019532963479194053,-0.03946276893985308,-0.06247318430125404
0.009808885484401947,-0.08051260945342459,-0.03004776969366031
-0.008736468715037252,-0.048752548148547195,-0.003099311382439726
-0.042242811430509036,0.0032994862032065184,0.00886102905521483
-0.05503425214110087,-0.027942197859620446,-0.03894728635183757
0.04885973513498962,0.015583029629720524,0.023230951439413876
-0.028942179726521963,-0.029557756553082213,-0.11539266041942303
-0.05930035407517052,-0.02510936477508531,0.08143455144736346
0.019610019529373156,0.042448322907071685,-0.07574533605823061
-0.029973481926828506,-0.03793266993471427,-0.002897165738843289
0.0015462930668311264,-0.0031667175216412557,0.040739346583728575
-0.039891538946994445,0.0291524833441706,-0.01816772194277548
0.08353680805250197,-0.10587394602435068,-0.006064755446424571
-0.033405907669110724,0.10563108281584767,-0.012635566619924824
-0.06652703996488893,-0.018003737157209643,-0.002537992104615045
-0.09354664189337393,0.03761661398697094,-0.04941335932845055
-0.02421511323901024,-0.11015338647414283,-0.06604246801416884
-0.03511996928681473,0.028830729413719117,0.08896222853074663
0.08016990315091485,-0.028251280551318037,0.01798645719411069
0.03214475362308171,-0.06007937213896446,-0.03661992801742639
0.026911495784782496,-0.06198167029296963,0.014473645816170885
0.005374773240499,0.005821368024775403,0.05573856385798046
-0.0726062327832618,0.008695674462146695,-0.021681900451403096
-0.006942756659700964,-0.007864601459637828,0.014115384809711844
0.0848829028995011,-0.03675450736364597,-0.06026857181705234
-0.018906657393096896,0.01584453764411877,0.05418656967032333
0.010989932395559749,0.02818624439143293,0.029512143478751442
0.07621214040658224,0.043033264809636325,-0.02106490112803778
-0.013448237891770631,-0.01252872338184531,0.02963807641942975
-0.04432185963195555,-0.013352129277212669,-0.08779207996555236
-0.029823072890799336,0.025673254973746854,0.04847348268244086
-0.09829656158433463,0.007444584595028343,-0.04199999354700949
-0.036295964598407636,-0.006154140066979619,-0.08743663870848517
0.037842838953422636,-0.10018016036152809,-0.039930409411509035
-0.09991393512705865,-0.05645349964651957,0.004728017992286917
-0.0034227258479242965,-0.1181588620952069,-0.005931971240877744
-0.069219826426903,-0.023240150717133555,-0.07170017790520031
-0.008259805627398635,-0.0470616858460929,-0.05974880115867847
0.018630857417338522,-0.012949451020940327,0.0557691993096391
-0.06741347088996948,0.0013006222720152796,0.03003753228156004
-0.07584680345488931,-0.03893905021573177,-0.04893075450898823
-0.02787174262701579,0.011833130106739476,0.019911624627235894
-0.131554658682914,-0.049366316635689245,-0.011561921118721445
-0.11564247446636111,-0.05182928138244816,-0.06457347583264478
-0.05873374455419046,0.04617428962540822,0.02870804519054601
-0.032862778341881144,0.02584417175188423,-0.08496879135672153
-0.04023203241918654,0.06344679993216694,-0.08541746120557507
-0.02719659446798592,-0.027407338812021696,-0.1038582878350967
0.09005539601363297,0.007960605904332816,0.046529739328488626
-0.004240471010577691,-0.017236665952648375,-0.044840281253533384
-0.06414417049107154,0.059040253187178655,-0.0682823231854639
0.03997377234208482,0.0027453117247126513,-0.024820546514140306
-0.025566740099047806,-0.06254476316392313,-0.009567237652334207
0.00629603433957349,-0.02001868199792177,-0.061230560125368705
-0.02108211697592578,0.017513704641567672,0.047284485406035526
0.08824124047766482,0.008783253510593968,0.00961224041069034
0.06942775598612919,-0.08628248043119689,0.023690107080089017
-0.11136470547188398,0.01349121917595747,-0.1112701839709748
-0.04536920112901384,0.04973869325022456,-0.030498958385572567
0.08681545987354244,-0.004664713247453777,0.03961045487910293
0.024496214562987922,0.03708046052466717,-0.013753441296784562
-0.0827978979835794,-0.10456556700779396,0.028040120153461294
-0.019387633038352038,-0.0248694956119552,-0.0423462203909014
-0.029775504102853612,-0.06335524699195065,0.03442034717160386
-0.05348289001165166,-0.13284948317044734,-0.040977229529470444
-0.115824265031703,-0.08561447835242265,0.02628951056610744
-0.03183264747721123,0.047978751162383065,0.013008493256617362
-0.0023947814202055565,0.0386007498680537,-0.053602013202895565
-0.06069406311262772,-0.08199265362832188,-0.055801655388669366
-0.03837857888374553,-0.031880445059272434,0.0384533574066086
-0.020122221938753702,-0.0823845563012009,-0.013095533157545901
-0.10799722652864813,0.03856496234657951,0.04003313649079908
-0.011570406648590886,-0.10174842479432401,0.10003957930473335
0.03323232977272674,-0.035973022385330115,-0.08932002548078283
-0.03852308972987657,-0.04659465476348175,-0.007590172637698714
-0.10084662128433307,-0.024505441255381274,-0.003399466744208157
-0.013321767958379492,-0.018044610171429644,0.07942807186439038
-0.01084505186492456,-0.0011430867629364065,0.030875472947887728
-0.00471390759182118,0.036990127508337564,-0.036155473354073424
-0.03170379725272483,0.02679741255577942,-0.043981082841554074
0.07584746758859351,-0.02740670352398667,-0.07409155634160616
-0.08370533587387768,0.03243650465505106,-0.07551944440439123
0.02178707980145075,-0.0033060082814882694,-0.03978792334454949
0.0031410441427209244,-0.029317440032755018,-0.06315896821166263
-0.07768237525299133,-0.030875681294265395,-0.080811533007186
0.01293134092211597,-0.04527963063315385,0.07492832094515148
0.0361903331364469,-0.06696572378429386,0.0004996845167749911
-0.024080122075970153,-0.05440681515827384,-0.062109084458683836
0.025214323318805142,0.02896648115552603,-0.03210598899070198
-0.014153350403246154,-0.12106631855183562,0.06727438950637997
0.006443164437367997,0.04719575297458794,0.07103503211499276
-0.03789802517818271,0.006832331017229749,0.002955207957741568
-0.03560413071985205,0.020475872625776083,-0.12308484241964576
0.022800141970703652,-0.051843802445201176,0.0011772396167665095
0.037383611012372114,-0.06786382384703411,0.07207684486016412
-0.10842181541249656,-0.11434589339628057,-0.047234109622304815
-0.05515255506911081,-0.1251380112973506,-0.04214766540436602
0.0007450412814945032,-0.10413685109523454,0.06644804365525742
-0.006534463902078076,-0.004958997866869803,-0.0019119573184910171
-0.03009857107800615,-0.03414671535509653,-0.050642664856447805
-0.05521463934001417,-0.03186631324419069,0.015136031606240517
0.023892053940516647,-0.020029149905844673,-0.008600402030309151
0.022099462409392864,-0.07465383000889243,-0.04567877196132021
-0.0024436520496609014,0.003568501495309403,-0.01589696207685537
-0.03486264848176929,-0.019913158699916042,0.03335702597162647
-0.03688332778485234,0.01226443901353768,0.022415522777570356
0.03592079149942798,0.07032216031992873,-0.08754216057757479
-0.07610501930708342,-0.03835661651880833,0.006682004124891259
-0.053946441883146685,-0.007764153208868807,-0.007627476948598439
0.06720711064995907,-0.06775302301380613,0.054881979811069806
-0.011541507459100781,-0.06827298226173387,-0.08493009742565738
0.015051255123845392,-0.07250259623918505,-0.04823772171844422
-0.010760383114485433,-0.06275309493462444,0.09130937034741973
-0.02707996162361477,-0.07825934897918554,0.0016427481325944557
0.06741688544408411,-0.10647253034323995,0.010347864379970102
-0.09751858459551908,-0.09742921686465243,-0.09752195284169832
0.0023508760889580406,-0.06083531083411824,0.029367317165594563
-0.028347364564428698,0.08236708162364156,0.018518018030483405
-0.00399519112596654,-0.03292250279350307,0.03206686984255141
-0.02062364160000965,0.018010740316589807,-0.04290972357575469
0.04495519683249663,-0.007901200283021045,0.0190225116878604
-0.012417762018494812,-0.08057830342678853,0.015781983607873057
-0.04781440814387036,0.07601924861754115,0.03799464631680026
-0.003975604531889746,-0.03827960006860947,0.05677422381450054
0.05923645152630436,0.05849035589960955,-0.024451506573099288
-0.0878794033522767,-0.018464951017373072,-0.0025836650827421297
0.007282355546810785,0.0034012937496531205,-0.051680852438456576
-0.055147565032137795,-0.10292624389891561,0.021983927658424385
0.032866617315445906,-0.013359464940938101,-0.035434580990958885
-0.012368875973633384,0.01670734897164106,-0.02373729469802168
0.057522683025668625,-0.05089623677761034,0.03357021403772078
0.0019359384947922574,0.01037357258129271,-0.05066302394537833
0.005812099738351133,-0.05515821237323585,0.03716579112756479
-0.0894318174035969,0.014481384778710145,0.003663147075635949
-0.032700793541852666,-0.09630281411645099,-0.020433944791573098
-0.0030000341955924888,-0.0026984240363715183,-0.045176407668598935
-0.011962648722818964,0.03772441701746777,0.0573177079850876
-0.06531754147907298,0.06838786988198733,-0.056706841367875585
0.008443942809998987,-0.0639715016021728,0.050439950826873796
0.02392558139204586,-0.06578268787399899,-0.058985836727469154
0.0035292148295949875,-0.046327705763993386,-0.01506916227467797
-0.05895852401628314,-0.017166327902550113,0.04002850809971113
0.04315333273196967,0.11470469298107593,-0.0023925711222115877
0.051574609911257584,-0.020480152256729632,-0.028424674273415083
0.007779561537017065,-0.11477544331378434,0.01604600027769862
0.10396737881396644,-0.018025644732806552,0.04257145765666617
-0.01800052856972085,0.005497991265686149,-0.08064874550613797
-0.017475547340534362,0.01091353852187106,-0.02373815494925737
0.004041531431453967,-0.057408226936152176,-0.027125542103371803
-0.09125569804535369,-0.06553951758941172,-0.08437745109536761
0.06940256276668245,-0.145844085463052,0.010938233337934488
-0.004090045888230883,0.014381059357279985,-0.022532240306031435
0.008014891771881867,0.0976894107260444,-0.059525364323436074
-0.09506470228752155,0.06433398585175565,0.045451650793897826
-0.035186122510262784,-0.02623997258598096,-0.13317830904029201
-0.0073377316893747276,0.018078517318007317,0.015743981537299737
0.08829216349300105,-0.058172015423204285,0.049574093769456595
0.06947497771917822,-0.047072539098257773,-0.07371389195922867
0.023720561163121587,0.11260851854124866,0.019289263676246015
0.034666958402485584,-0.004955293934694505,0.008939231420507255
-0.006744767311741302,0.04062799863310392,-0.05022061295888559
0.03528766646248244,0.024350335569318097,0.00873577855743271
-0.1015371401686078,-0.05687459408129937,0.10054532638176124
0.05444318607869046,0.05634579328770763,0.008718405715599647
-0.011366400743996273,0.019902101955239122,0.015254148894285717
0.011741831620597337,-0.07463666318181693,-0.06097599307379138
-0.04545176772267149,-0.08953892230586859,0.014174055241987392
-0.014175707946483325,-0.03585885181771992,-0.05432308311416377
0.05919427017913437,0.020958826374156244,0.02856042206079327
-0.016482435298591745,0.06766760529049998,-0.00435580912294229
-0.004607497468109114,0.04571918746291976,0.023386868880055187
0.024546003455893268,-0.1035359084461653,0.05240137730801539
-0.14784687693641155,0.010108736843646922,0.08702428894065505
0.038192676231809844,0.020706920194915428,-0.08116390537973485
-0.06320117552199603,0.01039137999645474,0.022486090384538207
0.03342078115715032,0.015871446371721422,-0.040715062956546234
0.07266393626106513,-0.032212459020851666,0.09451065212699293
-0.045110446369875386,0.02339256979785012,0.079978465516622
0.11983133695575547,-0.05436250954752063,0.03350033059496342
0.0026410471299957066,-0.005724556661848649,0.030022180062115152
-0.016539128309311864,0.005465197422182662,0.009705263993797062
0.017492978422451382,0.012840591643925292,0.06362414763029428
-0.06374203266748261,0.05153701915439789,0.007986461589569392
0.003342456979179428,0.03257734690301674,-0.03367824768478865
-0.08664863332892057,-0.04780592739886484,0.023368567377293915
0.01901363987442965,-0.018928874149272256,0.016553056670929836
0.027222241615840685,0.05088266686641398,-0.07197005490912607
-0.037929448179025216,-0.003465129873640552,-0.01889107423698298
-0.047000434757416935,0.04336848403622317,-0.011108349357446246
0.05069678259311353,0.0981402024667753,-0.02702529413346005
-0.06840566455790813,-0.0573723590485902,0.024357057824809337
0.0005375823538456776,-0.0006461402766720333,-0.011940268549774733
-0.02386582032680435,-0.032961385511698894,-0.022709237629517993
-0.008524390242802559,0.009762719489217291,-0.05759647811308675
0.045966052396340336,-0.09268671920331333,0.06072204428171677
-0.04082372614801647,-0.1046129007221054,-0.016269306228151183
0.11971945695354526,0.03357398844341463,-0.02435390425188478
0.006088425733290245,-0.017782165986337646,-0.07196551192261338
0.03796511804340964,0.002595438290012176,0.003852612511983893
0.035270374117664025,-0.06473608157999444,-0.03779690469329598
-0.04817555484216056,-0.018080145370367756,0.000503303103404901
0.043245195387005844,-0.012245715050548443,-0.019876661354571258
0.02249053677877945,0.09649746600004261,-0.0062113610583832395
-0.09781162628705106,0.021937226640218153,0.07322971771914202
0.0007083353152683297,0.03789866829510417,0.06890079293554735
-0.0062959033530184515,-0.03739090581621449,-0.0663469311864055
0.08905553780654611,-0.06500840188186514,-0.0436852676201805
0.06272223857006828,0.005639026435048016,-0.02398881228251035
0.034790821648562946,0.010766782304850668,0.00844789583494567
0.04040834686590712,0.011783610191487841,0.0026588209402132034
0.049844230748139595,0.03318071090335913,0.01363336512798115
0.03460956250794636,0.034369329017879466,-0.004616459771831796
0.059612768344848806,0.036051508047155324,0.009042715023420978
0.07087213677971956,0.09671122902002248,0.03241317289596602
0.00473626602333841,-0.0357913464527516,-0.023912319964799086
-0.0021058844359499347,0.02909809599929554,0.017554150662313722
-0.06552941677087813,-0.00922457947199554,-0.02732248129795192
0.08060389351149513,-0.05461271786591292,-0.0441563642362773
0.04493367625182433,0.01581191470325291,0.0939800854168569
-0.01611596975353111,0.06509160618439667,-0.010418225495929318
-0.040290193796235205,-0.029800222815272708,-0.0354301025663047
0.08055123213404136,0.05699668688776189,0.03657334544062873
0.07606881897289076,0.026272315385748472,0.03776737047591354
0.05309081128490323,0.1185849835266305,-0.009205453873443055
0.014884549652573825,-0.04094684614567035,0.03862231254618252
-0.057174299528244,-0.10909398093503112,0.03467610048412954
0.030748509379348792,0.15822069780134493,0.001575233660827697
-0.012955257736427311,-0.046113256807296506,0.002479161225815667
-0.04272713376246821,0.05546751542487648,-0.037165183320652745
-0.01947761787118464,0.04898574019279042,0.013158613705383742
0.06268454163977127,0.0023386166413312953,0.006275370711952034
0.053677709260984086,0.10703993976487981,-0.021067013441461196
-0.008064541021342138,0.021766289067044375,0.07950020493664349
-0.011683900222419816,0.03356269191239862,-0.01131975545024276
-0.043699170688225174,0.011367526888930418,0.02131981377828256
-0.04573223622752777,0.04519117181613885,0.020505700159574064
-0.029512121585875337,-0.05119933600640723,0.047945485248556186
0.02395489033410822,0.022577159988815806,0.057931519883197266
0.021204278013249957,0.03677297490942524,0.07976114425361619
0.02699648344796454,-0.02535410391952995,-0.041903398017844165
0.006922109507586233,-0.06288079413317292,0.041269321729039576
0.009897892067719656,-0.022846420727849915,0.021739758380011177
-0.08529315968109695,-0.03612737096949456,-0.08695520372905632
0.013211462817160721,-0.0009070833451446797,-0.07827204117777711
-0.008383308006063076,-0.06982693671578954,0.025836029635531728
0.014709667654680212,0.07131876159212017,0.01727564518184045
-0.010446095314283945,0.010850339804401575,-0.09370848375225184
0.07358762076532618,0.059765762766013586,-0.01750430383464343
0.12376693839215369,0.009448402983150951,-2.9078752795352186e-05
-0.020302341344635138,-0.010933968715819593,-0.011800859106245624
0.11880101279008197,0.01930706748573689,0.028296390816336697
0.04787801067974373,-0.08523639717277355,0.011836400889563442
0.02890788920855978,-0.0276034334626981,-0.0182815178125163
0.04951684297019582,0.09079182375432446,-0.024975948227721808
0.035978406181270906,0.10247711260738429,-0.027390054752198793
-0.041366118203782665,0.03322688785096482,0.029339647980490886
0.02566717238419219,0.06735393700418012,0.011502423199287572
0.05235634460903771,0.0333165432894261,-0.02598266193038828
0.032640920042796756,-0.029551627114003314,0.0031055226189331056
0.05851462353106472,0.026117629905135765,-0.014910405856853416
0.027417669281018214,0.023452091379107337,-0.029037648040208627
0.08084015720055697,0.11819841478243777,-0.040837064311757085
-0.11788029792931282,0.011794053865982333,0.011896535386508934
0.05133058453721223,-0.03967737206073155,-0.04539072891531998
0.04405241771541865,-0.053223062411086625,0.018102892434480503
0.08640650163023386,0.04987907991248612,0.045801091168217165
0.07821882189480521,0.0449079383514267,-0.025604380387199352
0.0961711764279329,-0.02112272595729155,-0.02527720398674724
0.08609191918372297,0.006387538191165436,0.021375304916672947
0.08367406159127419,0.0123055800040219,0.011407227115271774
-0.05277233328028119,0.020347772428810355,0.11674536588298481
0.044358486385344204,0.08294914855717209,0.02348119763299944
0.0041960355484630014,-0.04518335308810917,0.07700009299357365
0.005907577513925025,0.02849242297893697,0.005099517037882743
0.06102593045119824,-0.007728455613994177,-0.014613739225676093
-0.0256649660978843,0.02915609106575375,0.009035955447459564
-0.0017139202243350374,0.003682609875888518,-0.01242475948744591
0.1279124495344893,-0.053163103250162276,0.0007387525337169236
0.07452591498406076,0.045866565955677285,0.0640609818456821
-0.06348426836165236,0.038307701652192674,0.043672978684303185
0.02449227718222398,0.06808857199938327,-0.011145904359486133
-0.010834598631780538,0.03658754641550522,-0.06439516653044602
-0.0016731786449533104,-0.005237449010320631,0.07609346485537433
0.08781109430957944,0.06806179129614597,0.016149577252774067
0.10965718224754654,-0.0002131560270301619,0.0807262532679676
0.08385609743241094,-0.060283893246508596,-0.003694552213551451
0.06737259075274975,-0.033990622956956346,-0.12722271651550066
0.13121947464812575,0.08039391445528059,0.03923152076188016
-0.008883683503391221,-0.012877564347205734,0.1357190900714304
0.07485636602856989,0.059375255999327636,-0.010360397732261828
-0.09930699955724223,-0.06294772065588053,-0.0625339314653926
0.04535167119528965,0.11013292337655765,-0.006413318253945869
0.031127577132490918,0.02057642946092783,0.10058963672035806
-0.1009416881560676,0.05550245897247085,0.03063749580644843
-0.015837921159225485,-0.022681297017525075,0.027291994703501743
-0.0038034778736694107,-0.011135994239112382,0.07001284694562855
-0.03515537623408907,0.09694002058985847,0.08463720555070574
0.024303985814343794,-0.09021854729802264,0.058222856866294775
-0.06853672060363972,-0.0030834318756522254,0.01437396811865111
0.0019057203721037606,0.02396995887811958,0.10739998140443668
-0.14794268904107505,-0.03989356624678991,-0.08288388949606762
-0.03612985265251013,0.011067849634873332,0.030699799706501774
-0.027311355727970773,-0.05675878443933713,-0.026151008352927333
-0.02547729701838651,0.02724640570167445,0.00962404094894322
-0.027088217590364918,-0.03057487687962541,0.012284230103259464
-0.005649658340963357,-0.05409814153452452,-0.04308316944520219
-0.070048199499702,-0.030851426878095774,-0.04589510389937444
0.059014192615942054,0.11730228805892562,-0.01755616529833888
0.0029904684487896994,-0.02435818534865906,0.0023951851268468015
-0.0332342313362774,-0.06383803192485629,0.04949331499933611
0.08244087795146532,0.05312031556865969,0.012261471621399442
0.03725359615169708,0.03213017472293448,-0.024414960698662596
-0.03644358986725567,-0.03148091485117816,-0.026202204429642932
-0.016261141965249477,-0.025278027553672144,-0.009255583303634803
0.07759204911943045,0.014707648418152941,-0.03458182735609447
0.012013934929175536,0.035434335991836007,0.11882027195359761
-0.003694797706909253,-0.013591994717555796,0.034730485446576496
-0.008570279559276722,0.07121964033465367,0.019045603920830715
0.0028024071399111207,0.0005835534708077909,0.04570967155001185
-0.004579708547361295,0.012581280616309707,0.07150430883312804
0.047020647884923085,0.09458877252769556,0.04734037453320341
-0.015051152379500632,-0.037109843613343706,0.053344519784042234
0.003952507006721558,0.10588504344427324,0.040954072953090025
0.061432790443362154,0.029457805291526345,0.06918403761921178
0.05314885997060794,0.007331762980563457,-0.02613140563382111
0.000576227059589542,0.04451034711402649,-0.016575473418809585
0.04388391016021826,0.05074093350487694,0.03222694034226619
0.060383988749267516,0.04735400507836151,0.15191337952664596
0.015740624838846987,0.02618312424996063,0.02511116594813579
0.010388824510417347,0.03352527264411193,0.0178179193625763
0.06992176976057914,0.0020366846595446762,0.051114965301449655
-0.09120484171922381,-0.06808483737181606,0.026834371138607933
0.006044789637686777,0.0483577576700772,0.01515636197074738
0.04815394676978945,-0.033723293289789937,0.08155926544910255
0.013079595248529027,-0.023221384178827107,-0.004479372031929739
-0.013776146201485264,0.09529600623371667,-0.00808601791862981
-0.09432733433710187,-0.0320737947110948,-0.03376260256084253
0.026453338836754943,0.05896883768551514,0.09204717170727593
0.06085658674076782,0.05762325220057437,0.06423132199578008
-0.09500687570738539,0.1104271213230594,-0.09776482428176406
0.09225892926761267,0.028705171681132877,-0.10955501881159253
0.02810777837860618,0.0662417746552064,0.05695132350230614
0.029272835241751678,-0.14392959446223688,0.032830334561383394
-0.0057240712419136565,-0.03390007207610122,-0.00012427590689669324
0.05003439809106752,-0.01993046092863156,-0.025018167800503446
0.0995382504767121,0.04390752228894269,-0.07294938308068515
-0.05104131523485403,0.01609193748447465,0.08854074893091836
0.06779327845286433,-0.06348132753908967,0.02089404795198014
-0.019000610182074773,0.0963327978942741,0.06291946036889197
-0.033058078571265276,-0.010511358674959673,0.018986133164471126
-0.017635626468146526,0.06393866230109348,0.023506594429165303
0.0069345302082130765,-0.004666841756152041,-0.03287484461076565
-0.03409630287465158,-0.038819308594955075,0.10345293863071689
-0.046505103712056614,0.05471539905049156,0.08885291443983544
0.013963715686339983,0.024963840373413856,-0.008810633280459335
-0.03130208518469346,0.03282930888724427,-0.025916006160529928
-0.0433284899868525,0.020733939364171824,-0.043892542497953525
0.06844616461297014,0.018163593713845537,0.03882360984472513
0.06818225571140736,0.021304690508277623,-0.006590230538285869
0.11854330240726728,0.07535808960560078,0.025254079171119215
0.042565993685165934,-0.011430887357065229,0.06368058938825404
-0.03723379270507499,0.03696937343458119,-0.07401334103712594
-0.007426080574009911,-0.03161546948088523,-0.05861760854489606
0.018107122538016916,-0.09214709215793727,-0.015702197131017205
0.04534125009021871,0.033650875739818675,0.08052675893695722
-0.013584500338280833,0.04501860181408095,-0.07274827800274963
0.03826703676691009,-0.07845052608655168,-0.027802861633017765
0.02279302943601938,-0.019122885159904866,-0.019613530689042827
-0.0044553712309077596,0.018271826639710102,-0.09180073830620003
-0.03285491942441376,0.003150366522262858,-0.06522026893868942
0.02622836111958546,-0.12274419228469027,0.015328538393328761
0.07005738216591917,0.03127278424671963,-0.03805453244409879
0.09315710534854756,-0.03453291093518142,0.013096341169638355
0.056137738917624906,0.05821188038429738,0.03865599595619377
-0.0007605382158581004,0.02811253724859214,-0.00850231027431613
0.001141512079857751,0.08058296466841747,-0.015209387128553447
0.06859964928336239,0.018566201222695145,0.059891218826921756
-0.09530329604104734,-0.007912976780115202,0.028193354935730695
0.030029166839139823,0.05736539292829731,0.08091715996707216
0.008374528160571356,-0.027554116057093084,0.04770814233820983
-0.03158517310439965,0.0307432848027811,0.03395099798884937
0.05464966009132942,-0.09520770507951339,0.02515960487939407
-0.02106107135295998,0.02230826824128552,-0.01811099819213019
-0.02422617113475868,-0.03169014690275535,0.04090968550185719
0.07150214582620604,0.07225207626601977,0.028639873063554023
0.037013620506810806,0.01352028738977749,-0.0009935359481653434
-0.0554482586361296,-0.0754291632947296,0.04206060405044172
0.0029141188662842616,0.010997645821512575,0.0005727197012004859
0.0062120106316444846,-0.03127379316965559,-0.040160151460820345
0.005795917408571497,-0.04182978900513316,0.022738188058221236
0.008601787871887749,0.02889941451097261,0.0031644678472971107
-0.013709995298395485,0.012112704738571917,-0.08207813558149646
-0.03769011860636352,-0.0105131598808385,-0.017102537598030015
0.03823342044558463,-0.032091592658450095,-0.02539157298969595
0.04787924346272171,-0.010744485392594684,0.032374685340369566
-0.09622241312734538,0.0011475872481969546,0.03590676232298296
-0.08790671778541169,0.03914459092375465,-0.016569339671714013
-0.012732880956362665,0.028928754445581233,-0.06986421461120818
-0.03303882272853458,0.05160792086011178,0.04748230548259568
-0.000927092233606726,-0.02997896441821811,-0.022128853120549224
0.01108805369985224,0.05632034099005325,0.015574244195212618
-0.018546922418147763,-0.07566583964668415,-0.008557469550956083
0.0026428971081567353,0.09506700271355442,0.012964437216705177
-0.1033862601469385,-0.06859854812893887,0.0006648694452258876
-0.002356814226210668,0.02268494031788322,0.047377311641186796
0.011089324752629613,-0.04071665706178101,-0.047283438604295895
-0.002922247013984608,0.07821107695228784,0.03400357065488144
-0.04705163812335191,-0.023933809007547855,-0.019228412343545435
0.022916090491306256,0.0368671422265265,0.006261243298788008
0.04141044279119906,0.01947428147999689,-0.012452571810114959
0.06507712517625162,0.006763403216278588,-0.023131722018936134
-0.018159913402047183,-0.006779695077430549,0.00841034987747399
-0.0565929004552792,-0.0027901646744437434,-0.0559295645904659
-0.011833508239390111,0.0044321799163103,0.058573169273454365
-0.10709511996322305,-0.001317811905383444,-0.09027275638463597
0.02777428388709665,0.03659711875724702,-0.10038565787251465
-0.006907311879637881,0.004158389393525105,0.03598639292887862
0.09124287862415054,0.000955514237119013,-0.011750492491705766
-0.029358420276121164,-0.013832691276738552,-0.02427470787633336
0.0020279439956365497,-0.05710214564842668,-0.06872668643265645
-0.0986230224205688,0.01733559036083992,-0.05366161347618293
0.004882773641891049,-0.09292374627698584,0.014899340983627834
0.11661098415711822,0.045022539522570966,-0.0026712133752314904
-0.03415180113918581,-0.06097670639855135,0.02355396725640549
-0.08779011618356483,-0.08614142734711627,-0.042708098136502184
0.030135369524851366,-0.01050174043980524,-0.11279320290921285
0.04407770999746648,-0.01632766409070896,-0.05499042935724177
0.042387904102620194,-0.01321822115428044,-0.029456123169154882
-0.026252728756389336,-0.13809286750902225,0.010474455742410892
-0.024655235528707083,0.011791341374014002,0.002898740199965789
-0.026066785314608737,0.016116838584511232,0.006756581652076366
-0.033610944162632946,0.07122700981042292,-0.08776743931987625
-0.017583164604181068,0.01699012914652583,-0.06544241618358423
0.04723746962020588,-0.09286747865859192,-0.011089629082142938
0.014521359482559889,-0.05114722951849822,-0.05223850869686654
-0.01784038038260929,0.01840633710580365,0.13324856057529777
-0.09249479376029052,-0.012066223999946335,-0.060614264251451916
-0.05757044736439854,-0.039955866102503276,-0.0651473709600443
-0.047179133350135495,-0.12341140843026491,-0.030018804167983255
0.027264719554678216,-0.006849771561434331,-0.12907586028658025
-0.03470811523881834,0.04739182424206038,0.004223944155153592
0.019186387028821087,0.05616639137750373,-0.03531818582027914
-0.010896293515850076,0.04032635374572618,-0.0339360523836901
-0.10174414583131278,-0.03383437712815274,0.001680925063730094
-0.04868747375338693,-0.0919057974523198,0.004900574257748508
-0.04595898440510271,-0.027523234568184965,0.04123008909273112
-0.0044413211744962315,-0.0391171258003819,-0.02673338599240038
-0.03209150009926706,-0.19248135558518134,-0.06425319587380457
-0.09800490800336734,-0.022742385931726103,0.05192824652225248
0.07078375682927485,-0.06682897623032374,-0.01745902139991483
0.02007799005535681,-0.028601323133570274,-0.03001500581171546
-0.05043233370828153,-0.10179179015906159,-0.07983255327966429
-0.01628591658915604,0.018576863453994664,0.02065726374353592
-0.03457810366949282,-0.04683205213740168,-0.03792844329797236
-0.07538273377072759,0.013539244943383419,-0.11181144259512188
-0.036132194389651824,-0.14065065916101382,-0.0036587915596337055
-0.023406709654322073,-0.13013766718319883,-0.07846887774708211
0.0032477802386173885,-0.03420494554314067,-0.002267312319800284
0.012659824149468198,0.017485237115403642,-0.043419579511232376
-0.011447432859029877,-0.056335524574029266,-0.05725684100565759
-0.07996877028239094,-0.05852685524324756,-0.05660586608682274
-0.06632090405464186,0.0017605228604006644,-0.02284187765725746
-0.10359984988984888,-0.023119334806535892,-0.0799075619592609
-0.0036202524790653473,0.038966831657828174,-0.020226835755566688
-0.05679512454961539,-0.0537347407494702,0.04782325952883401
-0.06544283397304332,-0.048520508942880014,-0.0715719321743758
0.017550113660411665,-0.044644977223090576,-0.08813482492502493
0.010265998305558296,-0.008151698160809174,-0.03633973912931189
-0.09372224263829625,-0.09963435951497475,-0.0321540637328076
0.04420394836302903,-0.03323194690632011,0.04366280404228222
-0.10876395155096219,-0.11714040779243647,0.0038724600981268897
0.009371460493428012,-0.13689223645067916,-0.05860832250907466
-0.011546872784712413,-0.040473871826043624,-0.05806041644488369
-0.014243158628911522,-0.09831229357318017,0.04584846487276056
-0.07078372117702054,-0.04787997378678921,-0.07675493124055097
0.012262911826815891,-0.017668246681591827,0.026214197400178992
-0.05748092837530093,0.07380100164948633,-0.03208692954656052
0.00033559689922306457,-0.04352889466666299,-0.11147406962616947
-0.06521085317107134,-0.04865335239035701,-0.016149653573764786
-0.038951300229916525,0.020205614912428928,-0.02132605425500835
-0.07634710722092306,-0.029137626302150513,-0.109691849228155
-0.030591753784507084,-0.01394720286959686,-0.03082625968950327
-0.02336999159336164,-0.08271877934765018,-0.02257678749338509
-0.036276634550817935,-0.0715049178307376,-0.06137558571061223
0.019767968469383636,-0.0071513945004171645,-0.033734074010483464
-0.006625600148614807,0.051156401128654425,0.011990765769440023
-0.01868849830768919,-0.028283595327520925,0.06116908071151672
-0.00867107249973078,-0.15546385164602516,-0.029589065303124176
-0.0410635324260462,0.12521676724778386,-0.09458071647129379
0.05413477263761812,-0.04600936293337385,-0.05842415073749209
0.023524303394744508,-0.03226058939224313,-0.0010803825633688077
-0.0351585690627456,-0.1384394801614176,0.02232792866415599
-0.014914092590838493,-0.083667372062102,-0.02362483764829274
-0.0252779266515065,-0.010152916820202612,-0.004170708825699889
0.005488626371041534,-0.06229996679906451,-0.052828804254079355
0.045260706450834756,-0.03207176495872732,-0.06356124359082978
0.006536096748860468,-0.07446263192329575,-0.08878014802639958
-0.07022930606770003,0.045973388317890156,0.02236485508959446
-0.05216328705297859,-0.11708283664248456,-0.0008738184010802334
-0.07118136145988598,0.03400751967400788,-0.038690074184044895
0.055385504217119956,0.0742021348364427,-0.1042980880197113
-0.016983243794114224,0.030141003049748216,-0.023367282545062627
-0.06342534855620915,-0.04158473312912597,0.04090469089686201
-0.15920676878576417,0.051142918888843425,-0.011051831647051834
-0.01732356574553911,-0.0434629123039388,-0.03669353236639732
-0.059796116931702184,0.025087950855386603,-0.0269433521560933
-0.01902218668068114,-0.07620379705819189,-0.015475177347084373
0.014531080658468407,-0.0059312706732915135,-0.001209098897838646
-0.014353941484298052,-0.11165858928381744,0.07497015183894246
-0.0071758419881916835,0.03578591654813207,0.0036066073385946085
-0.0443684991372634,-0.07520354525204218,0.04266209410560784
0.03860841527726391,0.0013485028687440677,-0.043559250967182384
0.0018531755478278684,0.021830431340076464,0.015770397240627322
-0.08626015541751757,-0.010456772671831621,-0.03166683524995985
0.018990145366104823,0.027750906545256946,0.028651168482507535
-0.1489131367556939,0.023300420824656304,-7.390824055286509e-05
-0.05843545027576747,0.06516875077655365,-0.009535098416849833
0.0653588756511461,-0.06851050692805763,0.006061777196301682
0.06276332278835807,-0.0751525914357795,-0.05263983271484629
0.009601919214312341,-0.04619678125496464,-0.011163846325516542
0.03908629483445167,-0.06537769963339961,0.08299423754334664
-0.01356806444100365,0.019571174568806297,0.10470926548171589
-0.003922985627449476,0.04147555279153187,0.012971573696931677
0.07069419520073657,-0.04681422859620026,-0.0625666321070756
-0.07851244339744844,0.04239951045893743,0.0034000076484582645
-0.06639293192939812,-0.06071292449093285,0.04306984509639447
-0.0376597964654923,-0.03039120284955301,-0.05084748939061776
-0.044457923795536466,-0.030436823834627508,-0.008635894580343854
-0.05219109195817704,-0.06490874369058518,0.012554262416277209
0.024755330490157497,-0.014253442133314143,0.001066462319577811
-0.007478437994174963,0.005026805392287177,0.05335718411034149
0.03086795700214845,-0.1255748083152265,0.014989272664051215
-0.07401167810706402,-0.03551287052108378,0.03959768315632909
0.02858448440927845,-0.010801711491384402,0.03443359600423778
-0.019746621553032237,0.0435772381496276,0.0009085793343796035
-0.03411360716109732,0.03231072426957369,-0.02936949108904692
-0.05282991564994219,-0.016866148892926862,0.002607839103397871
0.009257259677127256,0.05704947278815976,0.06228250647854048
-0.01256938616192576,-0.04593696018155502,-0.023262373905875666
-0.013970108529567152,0.006306829533551158,0.07335499317850377
-0.011722030158669638,-0.02287002059806586,-0.09597309883876204
0.05296358522092294,0.08938159679769149,-0.030194680927201588
-0.1029931976035454,-0.08361510265218004,0.020192805790050374
0.011990071489622625,-0.027004496064405442,0.03416713045479684
0.0302770044203253,-0.05013228146428707,0.020016217953201437
-0.008719926934751371,-0.06207461196888329,0.08191575239649157
-0.08849947589010466,-0.013855939570053504,0.009660145542626147
0.011274517675060925,-0.0455392112967927,-0.015173681622191515
0.007667922820584604,-0.01004776136896489,0.06207663801785569
0.008866566160405157,-0.04532625882647026,0.031282677246483925
-0.12002066089615505,-0.0014030869620041252,0.06051833601260013
0.06549037896004507,0.0188561912583826,-0.0043203540464892415
0.08639472066329468,0.10025933370039872,-0.03151097807309836
0.021139265698250028,0.036459620254223696,-0.012952972549001619
0.08250358339446712,-0.09316384117250293,-0.05211758578154232
-0.053018973945619795,0.011957474654786613,0.017298980798617032
-0.08148055666449877,0.10025878419565562,-0.062181275067075444
0.08197509782961147,0.0025381951857887967,-0.0047668778039666555
-0.06734642889771143,-0.057005172846415174,0.0018314353128817623
0.008307038313747041,0.051110811670969605,-0.02235627250693342
-0.07174283721998216,-0.1173146154517377,0.04096617217064879
0.08052572360839945,0.085991141390521,0.04709710323865685
-0.009550595204897294,-0.0218270665472125,-0.004749062246682985
0.023703537862011,-0.06805295569069868,0.02450914559103582
-0.002434405374588718,-0.10914612346460814,-0.025082395298240207
-0.027006756930491902,-0.0046810085154303915,0.02542805796964558
0.007715665350414048,0.06802818032896264,0.02558902959714409
-0.03538938550229104,-0.03135377466071303,-0.060596140335871844
-0.03699033894303787,-0.096723474377531,0.025379184228071203
-0.046729045609050064,-0.05387894916927615,-0.03547429248933677
-0.010675405587060408,0.008040723197262652,0.11085025213655537
0.006447921455821499,0.011777072062504577,-0.003145502274101645
-0.05693859313986896,0.021042210519380225,0.055751257378803765
0.005904158831002649,-0.0007908741017637105,0.0637356146310215
0.0984399280709033,-0.03487573544311885,-0.011316317394856786
0.06871020685384618,-0.04618095632183471,0.030313279167352304
-0.06856058135352575,0.0026698170632375668,-0.0025128860962347808
0.11201780083908046,0.07406305502313688,-0.010658675490254569
-0.060162279951431225,-0.001381414162887225,0.043134252124667344
-0.05910995788758407,-0.0016604439727863794,0.02167833043759034
0.0018038864968607598,0.006734540590790613,-0.003433211756282152
0.07057201757730774,-0.00032111171950115636,0.05634561448663037
0.018354767794591605,-0.004278930463331756,-0.03986341342974679
0.017709332377601084,-0.08261422916437582,0.05294836111944672
-0.05460914184342452,-0.07333671732617317,0.03650803613611916
0.08948483217106017,0.006455846507601752,0.0395728769471047
-0.0358251005673602,-0.04436044576278762,0.0030885766241127
0.024387059318186535,-0.01565087109095903,0.011038018624543953
0.015285013938555334,-0.08147168631666354,-0.003309547609312684
-0.035052930258764846,-0.024189038523249856,-0.04187723974598507
0.021622109833289747,0.06758039691363397,0.067278762148482
0.06851422834296356,0.04720815621141962,0.00024300458018724873
0.023500382435219513,-0.030476445585506988,-0.023609070848826748
0.05187955687624549,0.11086233675030295,-0.028708693911701284
0.05835951356659967,-0.14473344744320166,-0.06306640894069498
-0.025338477100026246,0.007491806405603997,0.001985685973533476
0.10506314669515526,0.057880235332074176,-0.021603791888040298
0.017770514009557134,0.0522603625128182,0.09543960175676343
0.0722500165514008,-0.078285561301462,-0.03322079289274846
-0.035709330723358024,-0.00036929686708128684,0.042225970326638856
0.11063464853504212,0.021531927729172125,-0.09580749146268236
-0.025766207782224576,-0.007159154980762474,-0.054971595093708685
0.00023465613464268738,-0.031740084077558045,-0.0015076633618379028
0.04252755012663659,0.0025781787505583997,0.13357244628606274
-0.009745778912519026,0.12981278616617106,-0.0038714162994183295
-0.015280779832201953,0.035080565223680346,-0.0496479505310773
0.06418138508990592,0.012027312661819299,0.12386182161850362
0.050302393267639266,0.013135452069564776,-0.022694235360816203
0.10327554339127114,-0.011818400745694003,0.02641514371157759
-0.03160878994179194,-0.03142977454694725,-0.02710494075775817
-0.07427148194100905,-0.0042983669520193,-0.008454131261924305
0.03201424240552412,-0.0019259989335165175,0.09783194671707846
0.03867218522941637,0.025909243370756965,0.0030705553631175646
0.08292854495487732,-0.0247378830811102,-0.0335208629463893
-0.009585911689145228,0.048426472500018726,-0.02948380602658819
0.055967085319616,-0.02081530497297462,0.016083869477751513
0.008890082754521144,0.07397668969036718,0.03437484682280384
0.007200010481114002,0.026003745827133898,0.045627696233473444
0.08280458028188906,0.08502080268371454,0.05486666415982563
0.07235506532243088,-0.033409496757473046,0.09894048721514297
0.013313881448650327,0.03008727152498518,0.06994607480296593
-0.010010721995640444,0.024067008054141296,0.05573961003864521
0.02239646619264022,-0.0721454370833892,-0.003779297710023598
0.046887226733144154,-0.05197313323529815,0.04583808835541785
0.048161451225455204,0.032772692242390856,-0.0031509611696184936
0.06216586171477996,0.008755112341709347,-0.039437786636122685
0.026229635040156057,0.047946892146637894,0.045883071103189434
-0.033673669588082454,-0.07066462826355946,-0.03084905937738161
-0.07364429397047244,0.1519985772937858,0.024374748143023116
0.05504767853802696,0.03610010218109683,0.12107732933990852
0.10563217663007127,0.06485157707352229,-0.04547352513914898
0.06522147147263749,-0.040596033067094264,-0.005308928243779997
0.04947537084655129,0.06320383971246812,0.07542892140045074
0.0263914723113971,-0.004884180878955625,-0.039040149647582734
-0.0056270386875445395,-0.0037707089510606827,0.06269194490223323
-0.029449563238887644,-0.0057994942835507095,0.034446047713512826
0.11135671982152891,0.0006140716841319394,0.11208902246131482
0.06261303070270872,-0.020982781923738928,-0.06065350252364772
0.0641810068828971,0.07625797291149132,-0.02093978151015861
0.010831665609222989,0.09676442499764935,0.05944461294472837
0.01719641428811613,-0.03172383986126606,0.0007764864860648792
0.020076053094125367,-0.0746144310807869,-0.04320760463494515
0.020881431974279708,0.022247615817783145,0.1304950549908937
0.01056008830374373,0.08148374399008818,0.05581079143250638
-0.012780635751155109,0.05767254717118407,-0.018517895679929595
0.03525476281051325,0.02695615766167135,0.12236474834602619
0.08097807700350909,0.004475495576356788,0.11411667883513618
0.09422106530792654,0.06424858547495998,0.056167574728331005
0.01219773767132016,-0.020397038482127927,0.061471025871699045
0.03161786462307997,-0.05406821238551689,-0.03030747173203271
0.08938258875524976,0.04779942108378037,-0.001138122136229252
0.029795425606954702,-0.010287418339852215,0.04645229564950076
0.050266639737811855,-0.049185356683352444,0.09705424436839594
0.05273819913566075,-0.011353082386493386,-0.012513517773839813
0.0922430776117111,0.0216312447630456,0.07434156349940398
0.04014124376787262,0.039798258594978445,-0.011089413524988791
0.06490970182312493,0.0037765349331425595,-0.002918518827198874
0.07061019490569545,-0.021180885073344632,-0.02901713144788596
0.012769983303510396,-0.01590538676388969,-0.021057252074236716
0.07793185144648933,-0.04075066144395656,-0.017652130393541382
0.12351099288059175,0.07391565144451197,-0.008127038772878906
-0.05129361803238409,0.04390604871448285,0.008353317441505217
0.12782756138639031,-0.03597282546012964,0.0837557486948006
0.07108514455963685,0.030514000736659823,0.01851378679204854
-0.0014993335258630842,0.025710344606180276,-0.028107206368246585
0.046034495814995094,-0.020143135932719457,0.015570032316613632
0.0710631654126264,0.04183235414525267,-0.02156825221145538
0.006003382568753919,0.038933300265540066,0.035068880732829356
0.037273613608429124,0.04033555529539166,0.09777662629449999
0.08234962990102415,0.05491547144047243,0.06645691049291688
0.02998458561531548,-0.026656415064447495,0.039041287738828555
0.07587330744215003,-0.08029282871145105,0.04185167909481741
0.04293774249588908,0.0033674197943647545,0.0628124752522182
0.049288297122479105,0.0132018948289644,-0.008273886963842705
0.017429397034451413,-0.044947158337120666,0.13353228108592902
0.06590703421779881,0.07021931890860099,-0.02024282501671182
-0.02195948166491992,0.10124389706820447,0.03005000999808643
0.03295336980646595,0.004018933718485551,-0.0374295493710493
-0.021436852172578607,-0.11308789174364638,0.08307860864117891
0.02944483792399418,0.047201993583372626,0.02766540265235188
0.03202998451791769,0.03357027537186477,0.023749931899525904
-0.017145381235831147,-0.010562687228183303,0.06733194621660749
0.05046026059911316,-0.03480003318169907,-0.003172836600006255
0.09992620201528271,0.08142186907274182,0.08327958022547842
0.03048543017051683,-0.0569997025189716,-0.04922298300934251
0.022921001807837942,-0.02224933072679579,0.00780293087343307
0.11199387243627495,-0.05336942315726105,0.013178648669545403
0.001372186881752245,-0.016780043563344067,0.0012659422540789236
0.10054951336714396,-0.04881574661423785,-0.08273800717087652
0.08751318851390527,0.08573548149439139,-0.016817857298225485
0.10571256403302415,0.08174522233323558,0.12996375279273298
-0.03460899155687699,0.11276304971115128,0.034204933102038725
0.01597928304798804,0.04847960093958106,0.04272385450836805
0.04968762521030586,-0.09605828573664432,0.0869841176091779
0.029305387618816424,0.07733924114307485,0.00907463131785024
0.01823854452278798,-0.017307357021306636,0.010047066849731069
0.026274163984098292,0.036139834005302976,-0.04123824814477005
-0.00950989932131123,0.08382265960315571,0.05240502597695673
-0.09005025802572394,0.032654128204812505,0.12810774768013355
0.018074399344414925,0.04169744007125413,-0.010015278202941548
0.0957317247775,0.01648054294393236,-0.023970626423146055
-0.04532189379733323,-0.008576497292326155,0.059809380013797556
-0.059222518463773355,0.16909463239758574,0.017381315963077168
0.04198477662043168,0.1535753344075715,0.01496064456648808
-0.044849786540064024,0.04473549407452884,-0.027697637483854714
0.09113054438806842,-0.07313629253432423,0.04000965259312482
-0.004038695531457852,0.000461460105452758,0.027269752177420108
-0.060722320135606134,0.03264575225827729,-0.042747546018173516
-0.010350928416848107,0.06709921967596154,0.007618501940700809
0.037306442231462594,0.07408791191712782,0.01762356125154149
-0.007983433859867647,0.0826571841634519,0.005183309345491289
-0.006217768784591012,0.07838453175597018,0.04096184986991358
-0.05989434420569516,0.061367008646390914,0.025486495405413964
0.021298536655359298,0.034374043390183934,0.03587830639445126
0.03489841089419227,-0.05878216760385305,0.07054221628502089
0.09672239324123677,-0.002518878396386367,0.06176429766372735
-0.07667106756710361,0.06377599614651598,0.08912451228668172
0.01862701403200382,0.035533649152392856,-0.04859795872917769
0.11027262403241622,-0.029871240064883765,0.03308112742462516
0.05772964264564694,0.009331966788560546,0.09025447105673944
0.027783958797247488,0.07814026880851843,-0.026223144935365972
0.031231454841359824,0.055854505055989115,-0.0004883244153588845
0.0024898717316209993,0.011525404700090693,-0.09559985972951415
-0.034308205420395,-0.005633466385847568,0.002302380376415612
0.00027988615725669207,-0.009622263493258962,-0.027744952496927933
0.046590239262212826,0.036047591116191754,0.007659850843155749
-0.08634446343354364,-0.048063484650506846,0.056649668309799686
0.05922862537476145,0.06636081070829443,0.0303210703275608
-0.006753711186665859,-0.0022935024141744233,0.12353217324667179
0.004124160326085797,-0.053872609323810064,0.09721247224759362
0.05617052507307237,-0.013717725597031875,-0.04409804242270078
0.06354436118264209,-0.03472166250368646,-0.031230291693147116
-0.0008888136751714695,0.04452416406262066,0.08368795832614079
0.05857782697339916,0.055606470747811824,-0.0442280038107145
0.010251302456409312,-0.014945428736373558,-0.002335657246409476
0.05376507047048967,0.05004689240958351,-0.022772393502142677
-0.00474335699167827,-0.08099210016555466,0.010033015045541197
0.032955913741393957,0.04512181205505422,0.019814728549173658
0.018504963589701127,-0.03876558475272975,0.047777236329202444
0.008676930233795626,-0.010502952029499335,-0.051529384201349844
0.01767742970943075,-0.022202729805154107,0.016163622663375767
0.02874048849539367,0.033724544265701095,0.0338407655601191
-0.029809220624231986,0.021643322875026832,0.06500503020596637
0.05989743911023741,0.06238062369969054,-0.039806158589681014
0.03208096267629544,0.015493968578589966,0.0038681855538907663
-0.03440593873112887,-0.04216544836579295,-0.007546467970658834
-0.007683739313285398,-0.10925142576161335,0.01740128235847826
-0.03150908577519612,-0.019150923744350516,0.028229684062972944
0.009914109927184524,-0.013141022599081113,0.018078058402271648
-0.13014431305066637,0.010075535250796682,0.01965108264232617
0.012372517591853947,-0.04989723517452831,0.0032875790155673253
0.062052776457120415,0.07491951111426345,9.827152486583876e-05
0.004356665008132716,-0.07498771668739962,-0.012252226784941495
0.0867860181908725,-0.0993238637146561,0.05145790933212541
-0.013925674218930886,0.06041644843299316,-0.04476100118190167
-0.008105942047275497,0.08983669891688259,-0.03229453779300911
-0.12756085488138005,-0.021945338511136395,-0.09220063483036667
-0.0053725458525052,-0.011411865702612968,0.05179350659322647
0.0032628419348203867,-0.07941888846580253,0.01709825844961616
0.010372725270998823,0.02715270141267687,-0.03353879254230847
0.07654894421866332,-0.003267154368162284,0.08762047149391794
0.012244638890288526,0.06705360826983181,0.05652873082865069
0.09159843803092974,0.03911268049909252,0.016017634640381893
-0.005444210404334862,-0.02159715962866977,0.07185454089325913
0.06110251130708285,-0.027222030424424934,-0.05796238064238397
-0.0019085853369351126,-0.05048160731015981,0.019443978298596107
0.038276851071052796,-0.04566220245207022,-0.007591666741029429
0.01893874465216587,0.0651634530311797,-0.015375241828285015
-0.02479326844798835,-0.03401497912488354,-0.04981248918375518
0.06239342640717794,0.0627753839900751,-0.015369598756945869
-0.07151837321560221,-0.004631198284939053,-0.05706642594894681
-0.01145978727584457,0.024320526535474108,0.03238145989177387
-0.08956841333617399,-0.024675859755368814,0.004374204774485757
-0.06008923131716701,-0.005664753820247512,0.04440115975058445
-0.06020406829049182,0.08614907315142639,-0.0009813574661458678
0.10064575184313558,0.1140969963319947,0.027982140281455826
0.07447704843586318,-0.023939789119100087,0.025387170280673034
-0.05139871669709417,0.06141121154251743,-0.04980428300168143
-0.025270870693471392,-0.009789327532123188,0.041269966745107724
0.010946565185131991,0.06777813942440805,0.04771483380264602
-0.024044927062017628,-0.08624269142141748,-0.11174155457603353
0.039284670050440236,0.008215453762808326,0.06334128562495765
-0.030592286544858713,-0.02743040167258989,-0.0162374315144004
0.06939784621330042,0.005590863903276627,-0.014904832313694908
-0.04524966656520425,0.016269426081639293,0.0672279454492333
0.025036064990546655,-0.0017669256389192967,0.016892218846950597
-0.026382611701093423,0.09827331826281324,-0.003971117661394492
-0.012768869931679156,0.053262457021397036,0.050320846482412904
-0.043783907021166725,-0.05059761419886566,0.03525249407245365
-0.0177890244872273,-0.011620827292491046,-0.013497282609021374
-0.04654499182890988,-0.06166531767741137,0.00077257405720812
-0.07885147290962491,-0.0699830946345964,-0.05139740867505037
-0.10371258772210243,-0.07849073713759638,0.10038308206741928
0.09221030078516837,0.022451323943980264,-0.04795829667328292
-0.09523857175643499,-0.05881431651205155,0.06412589435760997
-0.051146339208065966,-0.021649462952894032,0.0015714154703731801
0.12017928462180918,0.04086314334821016,0.06365121332931087
-0.0071518842552135515,-0.06027661479451601,0.03854647536151572
0.008188275660035235,-0.06593244706689086,-0.03907978204493127
0.016270263335073226,-0.03478358546745888,-0.07507178493891259
-0.029871871675452105,-0.02655596033350232,-0.03548222585199601
0.01375942661656524,-0.0033743378172773836,0.02787770042193631
0.06335706188385254,-0.011729829118110017,-0.05846896797407726
-0.003302737118459482,-0.05748817652967336,0.017096992735376137
-0.02814510152807042,-0.11101964664394326,0.010047485625662505
-0.01831787663907261,-0.015319903554617464,-0.017680915152339362
0.01590566881980382,-0.023881396193417122,-0.007636861740344499
-0.045214481741384295,-0.010381084107764248,0.05756606786066805
0.024505186425232278,-0.008891984028436663,-0.03280153268440252
-0.06429989785184827,0.049562856182901995,-0.06532101448331154
0.04819502537709014,-0.022964647109933782,-0.06636807957804967
-0.046981344027999715,0.019137901738768955,0.08166292948652301
0.013801138525521308,-0.044279660240096684,0.0647531748379713
-0.03385233515651074,0.126794915954545,-0.0012900602505530583
-0.01787290948985463,0.02862321584353192,-0.10187527055525061
0.01790929639394468,0.03666679152735221,-0.03413324217144585
-0.08456011882602625,0.007084895319363061,-0.06725349483921328
-0.02494726205591849,0.03485900994505505,0.0912237568227586
-0.00956750745386506,0.07954754444689761,0.021768363746806366
0.01822854040166108,-0.0023849801851033494,0.003126136109653439
-0.04407370113522572,-0.02837956771768286,-0.002878404052840268
0.04931529066309771,-0.0637424397546676,-0.057055821468046
-0.010460142816726883,0.07179686972181483,-0.10392937781534821
-0.023871953831197217,-0.0134190394218663,-0.04972795198674909
0.10504930119022006,-0.12932210292706278,-0.024061731878500532
-0.013068127985197206,-0.003340536705971347,-0.10128279860759551
0.029760224236285524,-0.04306211314399068,-0.0016497009526971716
-0.08245980547575019,-0.05840151672483992,0.03518789052720227
0.051952441719378635,0.06258650774149603,-0.07988907847286887
-0.03491311874322206,-0.09600335669568472,0.0029434860192190625
-0.10023731632048127,0.02106933973272672,-0.0017093815547615798
0.03429965605837362,-0.0026891078423093347,-0.07601295706910957
-0.0702661611638046,-0.00723652447624209,0.014890875635800705
0.0035341507738572316,-0.03847610175392348,0.03393821355162434
0.077762065975129,0.0507416708737634,-0.05513072487923014
-0.1373227701447019,0.029891958839498446,-0.09041375945147526
-0.052416149517233765,0.029476813199054038,-0.041125786385803074
0.024430442340060577,0.052471198441306016,-0.03335924659928729
-0.025583953100361653,-0.03929774493411227,-0.04126387776562376
-0.07133077616464152,-0.04117398370852052,0.014024190701508142
0.16863507855158724,0.02765081502417246,-0.03146315359715825
-0.05468584164676908,-0.030976142590005945,0.00504916181971311
-0.09354678234074341,-0.047033568574301396,-0.010936663059870117
-0.09185266676484996,-0.07808876248123447,0.04872628434215106
-0.026984254116603025,0.012839936556061835,0.048090827671274525
-0.036260637209656166,0.026198621858307073,-0.029680798892974918
-0.02829918062184454,-0.02893582388567923,-0.019001714866809002
-0.025150963470755704,0.03219933952384424,-0.1375783163816702
-0.024354829278554316,-0.13013966160761972,-0.05624986772454879
-0.06956967190253045,0.041784910406840126,0.012705614565610614
-0.011012205167070119,-0.08834372105891236,0.005019731361084957
0.02988113241549537,-0.07731375386009799,-0.045526498532405514
-0.01819372489999908,-0.03628341902268929,-0.0037694239933770465
-0.02083488226128421,-0.028570828524215254,0.010172452725499468
-0.05388876436519635,0.03470398226117391,0.005369262585029035
-0.02492461349963314,-0.049324550964496776,-0.005319168271266175
-0.03526516102748277,-0.05981101193815698,0.02775707504736646
0.07030961933412538,0.0611076051586462,-0.04567726123991703
-0.05726104556021787,0.02298988079700635,-0.12034009077603652
-0.026114014130534605,-0.019663312146012635,-0.009928340638159752
-0.07281152417645381,-0.004590368535129546,-0.02981717458204359
0.025279397169679283,-0.038763953809957855,0.035373173085192555
0.005824214237768469,-0.023021190389301824,-0.11236768552781337
-0.035910147511397636,0.06705937701588262,-0.0018662641967599237
0.02294614296820722,0.008232641462712922,-0.029672944423897958
-0.02075371960192983,-0.025410203439032213,-0.0023877100192759813
-0.03596590930567778,0.011690378685904241,-0.13318199152334456
0.053201303616324636,-0.09010280602627252,-0.02538380044362753
-0.04035557964551846,0.05124823987447531,-0.06410483233245637
-0.0014235788088496036,-0.04851037076595868,-0.023308442122326585
-0.0854922995907914,-0.08619257138935092,-0.01275361078917598
-0.04925704342241068,-0.034446530044422316,0.0037545241875076817
0.004510232213858514,-0.023445961675832017,-0.07948663524511813
-0.06182741201433227,-0.08111512570306288,-0.007489650130124651
-0.09774763803843146,0.043801854266032,0.043745643383447094
-0.001411265255708359,-0.019654247225507227,0.04883500032093138
-0.02078750583060163,0.010209754182186288,-0.038955885309854485
0.015208359759979504,-0.006929785478749654,-0.09537355721563644
-0.019670781462660648,0.04336357515753454,-0.015007003225158421
0.0034534939067063924,-0.1197771990372809,-0.025336677968860064
-0.10468132402735783,0.018732919156639636,-0.099772197387816
0.02577883967032139,-0.09628282004359202,0.06602302992306235
0.03456910791723779,0.012823461224454099,-0.1043898069928639
0.050365118789749655,-0.045853081256039804,0.03648635897852717
-0.023273155440012655,-0.055295741381412036,0.0011289293687630972
-0.022185894495072904,-0.041938793746129535,-0.05044695440666694
-0.02709055948379875,-0.06539565653065188,0.07754314150631164
0.01156917765375249,0.03617565480598152,-0.05915838841619772
-0.024217519006232348,-0.039473229104538446,-0.0002684728164651408
-0.06737522350560811,0.07005293436477761,-0.07516273114783513
0.02014391380292005,0.031124899324596327,-0.0033386385488878324
-0.07905511676312209,-0.020027817699206182,0.025581853088246127
0.027606196465996123,-0.04993003603216174,-0.02465148301894609
-0.030980297922823655,-0.0008760189916421947,0.01352489760168214
-0.016253741113131163,-0.08181388487247053,-0.05763436659394407
0.00578858052440508,0.1377592227058414,0.049510752424638205
0.07217101874829851,-0.06204319124170421,-0.1273819525876328
0.0041384858139021305,-0.006989167843011502,-0.016171622268768178
0.021228275963743073,-0.006342558401758427,0.04624327122724574
-0.021044539946804806,-0.051383846502787586,0.04625288798989244
0.07281627937548053,-0.05864643232939791,0.018450962201352384
-0.04149297998137087,0.020389745179651978,-0.06910988620936616
-0.02679133966086541,-0.02019475305638837,-0.03189033074878083
-0.04838611686270393,0.017350218550033474,0.07454797614005416
-0.04835001983703989,-0.017112831788033463,0.041727845612691855
-0.08658199253382767,-0.03602392678228589,-0.0262167250492188
-0.04309465710566506,-0.001857030825299373,-0.062343149702406515
-0.02282990559743336,-0.008483281149273247,-0.021667364793649634
-0.05144278632396068,-0.0016632521028193265,-0.054735241510951035
-0.026458431613540903,-0.05021124956152298,0.03138194752875087
-0.018013005167372982,-0.04290735158877158,-0.04496780562536981
0.0639522274768482,0.006202305149973334,0.031248939215973104
0.03244909959169122,-0.01173588732001958,-0.13144021885297896
0.050815540655538054,0.003537714045651709,0.013876688650627186
-0.033911548935558485,-0.047501862499611254,-7.1417835317205e-05
-0.016682165726131126,-0.038762721193076013,0.03422992671784859
-0.013042138966082485,-0.044949518581929325,0.015995613912024358
-0.04284338727827454,-0.13460549253751028,0.026943165606784496
0.02867355540935405,-0.04783090796200487,-0.027315208895172718
0.005767324449032718,-0.04428292514335413,-0.0124462986489588
0.045961909979403436,-0.0035709978957847305,-0.003953402160405531
0.004841796616463943,0.01911215802301202,-0.019983837659356622
0.0030127886702030014,0.04306407776242558,-0.0756159777975386
0.05928342436686162,0.05452475610566793,0.06698610788599979
0.0150077822334935,-0.01831058952855465,0.0204756769864109
0.055510961394630465,-0.01205215573367996,-0.057888950847776746
-0.02905925406375223,0.055713050619043886,-0.0023205854135600855
-0.05475062235969174,0.02647910309162007,-0.022385526728891433
0.05305934844881281,-0.048465109780551095,-0.03186993177905706
-0.04683169658397222,-0.011330896911034399,-0.09115575289375355
0.040021739250780224,-0.02294122174775906,-0.040311712317351346
-0.0152625250572905,0.024113753851385603,-0.05906062274987129
0.051213641243579765,-0.019821978029963747,-0.013539763553499685
-0.03647857362789993,0.005414747135155646,0.046670066696685455
-0.042435523744297404,-0.07768652989439936,0.040180108426556976
-0.06080195536604928,-0.004881349600886856,0.004370783017192065
-0.06819683384254888,0.021235021953073793,0.025218817996693323
0.04716425611424796,0.018041745384751964,-0.00928263411693045
0.02245233986148734,-0.03275156706012506,-0.011550947720043333
-0.03487299328902796,-0.07004836109830899,-0.05720484572898601
-0.04217384818080379,-0.010127781856951807,-0.0945655812274983
0.020451265691335162,0.031510253710737374,0.00575650426377527
0.016360710329671645,-0.055937860319402906,0.11484887980033238
-0.07113622962490034,-0.040547007037380706,-0.05548609012953091
-0.061882655930580475,-0.04673151087235945,0.0045495547734383385
-0.043951651309390445,-0.06863176901927787,0.025351066282826386
0.09547665015527755,-0.04020082916293952,0.012171963736194256
-0.08283239411719863,0.046420719132225306,0.10180029466055411
0.0353348502593752,0.036511236258624735,-0.05473754240358758
0.07414453145571684,-0.0028661544853621577,-0.040869953712023684
0.010626835652059007,0.04571376525936837,-0.031878823607376476
0.0021182204594474762,0.020633636919055724,-0.026873803927336074
-0.05840188458977272,0.05410489867857097,-0.024904311868893487
0.07403271095964407,-0.0778840830532577,0.051910195270152656
-0.06464568306670855,-0.06309054159922904,-0.011551642888755324
-0.07027204398955877,-0.027385712863582795,-0.025583896169575283
-0.09508034414873323,-0.055190305499166356,-0.004831787437027539
0.060910787448954694,0.020719783809327305,0.04786411640635865
0.05989809626709136,-0.006613649505771261,0.002911643107294101
-0.03010634010195603,0.007333410516344003,-0.011074487439995452
0.031042098338644616,-0.05241470768255642,0.008483706129841735
-0.0671348570728317,-0.04252928655282607,-0.03291899963118906
-0.09644526588450619,-0.08571042717060987,0.00954476007350838
-0.06216809878424987,-0.013544202308741714,-0.015096225017918527
0.019171454155078548,-0.003927179287342758,0.06729113729293426
-0.0292630487084359,-0.0031519661611976307,-0.022774169043627546
-0.006682121478506265,0.06003123624533446,0.12491719734866655
0.0007351912478394324,0.07241495451649242,0.03338277976450922
-0.003985222574907077,-0.03579011936049445,0.024640943556813056
-0.05951436936091905,0.06094240203761651,-0.023500613022578623
-0.05415112587709638,-0.006731768884511927,0.01068596283827242
-0.005345243232058287,0.057678505899955095,0.013803076166618557
-0.033943708043527344,-0.0376239738953852,0.08416033181504916
-0.01859351672667734,-0.09327572368933057,0.06238095536882928
-0.012607304430438677,0.025586938983588874,-0.03274011009869287
0.018482777725168275,-0.04027662996259067,-0.0017364756600985764
0.07121645375771109,-0.07144713877729518,0.0897594115370421
0.09900109746557073,0.017326436757987895,0.03496112231285222
0.03863200013753668,0.06425992917969676,0.0016377675662572785
0.028580352471274776,0.01849539066740551,-0.04656007808182822
0.007130284409064329,-0.04082333446776783,-0.015728626931998998
-0.004066164001886766,0.05545488144499805,-0.007876665526054887
-0.03823811057895144,0.08900468049674416,0.044482913949968485
0.04672903681037509,-0.029045121679151402,-0.027151410959134308
0.09253092977592962,0.025624392187334814,0.051051265266891
-0.0377918321270308,0.05053834676511167,0.03420602249868683
-0.014449231675412962,0.01896581931839609,-0.07623818420984677
-0.06432587188048207,-0.018929430983629758,-0.11375646574805555
-0.06607383890229476,0.06358734725401673,0.04425002362344069
-0.018671873580597145,0.09488938184967942,0.01903389473216513
-0.02931124072611046,0.010474402506865184,0.08077831741184924
-0.05733187893823867,-0.011938501576973078,0.017710128075116474
-0.07004557911119849,-0.014925633395877647,0.024875845441559432
-0.02017931900414976,-0.04010551928625211,0.03289830175037131
0.007513519534684493,-0.09769948621295627,-0.018129791485201795
-0.006477477734325113,0.021926287668682914,-0.01594053768775334
0.01720671624218559,0.042008219710700054,-0.013492919443982834
-0.020045200637482625,0.014872587868127077,-0.008642797157517826
0.005751056893449165,0.10023893843756625,-0.015012390662788656
0.042294827611650036,0.06580997198886769,-0.04391715781147676
-0.006387258963535395,0.026677677559072674,0.08272011768281308
0.057687442973107975,-0.033910440523403376,0.007167782019608728
0.12595340406862746,0.040120245656135166,0.1446435331300431
0.008046742982109651,0.03930165850324163,0.042311217188221395
-0.017452414511926834,-0.022324445873042872,0.042944544481502256
-0.05646944642931593,0.004460895090518891,-0.011312920078697502
-0.03576534998804186,-0.028952913684690565,1.4178290190102957e-05
0.12960449907972715,-0.11098964635230822,-0.03949698009480077
-0.08152678708435357,-0.010995952498919994,-0.04571496709537
0.03485536336410603,0.07570529106555272,-0.08038848419260107
-0.05233967862594917,-0.11350210719745604,0.07528060719110811
-0.02057359635030527,0.057755591043783,-0.01937046826167356
0.06743744287258933,0.09378563553454504,-0.006212840386768613
0.011479404825551353,0.022008537215260193,-0.06804069407616557
-0.031812809598347175,0.023639587803994576,0.020907154115034608
-0.01925455338165257,0.014620681984298847,-0.017070669888844016
-0.008710836579393725,0.04858572372200724,0.028329262625615782
0.01965292991696209,0.004870763249710185,0.04235619016565363
0.04540504901480505,-0.054814643860382456,0.0088104230333368
0.02556852994978387,-0.05225023157751048,0.05091230587242204
-0.005198505508926379,0.056704052095939574,-0.029238343097030953
-0.07947533211221951,0.03638050872484891,0.039402091558092246
0.002813202008906137,-0.0015026468585675155,-0.015581205519843752
-0.014214234018631708,-0.020453705945472724,0.09110859723888483
0.07266556175913245,0.04838780354561567,0.04703074903524652
0.04303154555200716,0.025949732887514586,-0.11241322107299143
0.041879303212194983,0.06461256440851226,0.000654701901938854
0.07228847052428669,0.0004558906107798386,0.07571181374389797
0.06115338926724512,-0.016049598067390883,-0.04656362059732392
-0.03294715482912165,0.011005881102915973,0.0007784548693234011
-0.09016351674859714,-0.025000541157101673,0.09048488594143524
0.020367128350215678,0.07861928327831263,0.07600836969841313
-0.08171324238551024,0.06826836153258503,-0.017657350233652103
-0.023089911619004318,0.016988339189130244,-0.0007250997525753526
0.023316384573455997,0.04653151065991156,-0.06924860320718597
0.017666545962687415,0.018317557670890345,0.028466881116723068
-0.0205595573291456,0.04959174822704341,-0.001958083648188093
0.1329049132750096,0.06537647125545192,-0.027222963644186148
0.041526780883275424,0.073805487464077,0.05333937610833236
0.09763469347904546,0.004539553342954987,-0.0474428090883456
0.046681064128604274,0.044339089795441974,0.10689694937060157
-0.01008575967427354,-0.022853433392527392,0.04680122310294095
0.043377335721579924,0.029546161225399797,0.023432926946248742
-0.052173488663674536,-0.030021938091718294,-0.0461071911225277
0.0667197117917418,0.029097085557684477,0.03796228370903369
-0.08111375590492854,0.08056046156576561,0.1508734782599393
0.013459099398525493,0.037262054259555685,0.005948005746857176
0.004361231001895095,0.042462858998598,-0.05788736773573053
0.05751203284442859,-0.014630250448701438,0.036511914523146206
0.021290019884509234,0.04044738303962046,-0.003437619959167113
0.029292663140398877,-0.009532583644258588,0.0725517052478516
0.018458180881430364,-0.02126645074379017,0.06788158910567829
0.03191447651322645,-0.026575073047343183,0.02743538441142526
0.08394612612267356,0.006840654070940158,-0.010921441369912192
0.042232218894418194,0.030626126268399376,-0.03100828863263082
0.020800551417100174,0.08303239535904638,0.12101219589426288
-0.032197838608457714,0.022111540134876075,-0.029634526995147188
0.12245632445812785,-0.04129645684662275,0.053088835281918975
0.03346973085872308,-0.09765363342897793,0.066670226745945
-0.011408174831817455,0.0815043676934775,0.1133807033512755
-0.021133627090233753,0.02967231930630275,0.013418260207438047
0.01278534562855444,-0.09322888056723619,-0.035069810380517805
-0.03489579774703349,0.023886003206209684,0.013971456614361975
-0.008230063914391763,0.10094140991567346,0.009921427583670836
0.08321930421872961,0.14660092080794782,-0.01968932012876256
0.024386368616992157,0.03320784402332463,-0.005830266232811725
0.010276448718455608,0.06138420182229773,-0.062448464776138704
0.03307110432659102,-0.017144787013479528,-0.010126752318585553
-0.0206207999486164,-0.004908097333835945,0.011359719504374614
0.024273522868426343,-0.00446693366248355,-0.0005859785211178997
0.023493081229161408,-0.023999757818785942,0.030232621095391616
-0.0048219537324707615,-0.041449909961371136,0.11943741413870881
0.03308747624825005,-0.0020232228017853723,0.0050457529490608045
0.056359190444744335,-0.004417655979413373,-0.0743116398189771
0.0038744449485826164,-0.0026356615884525897,0.031201858364180397
0.023044442931310125,0.011671533217392446,-0.05244675307767221
0.061562974793216,0.009186983456406832,0.064622965800386
0.044116620131077644,0.024658448318305187,0.004798400148049085
0.04442852060778096,0.061539117362062995,0.05796640630716292
-0.07679157857093287,0.07344608849602881,0.033568073698818354
0.005805757237280749,0.06619129182887912,0.0013172543924113538
0.020510689355541487,-0.02288724141529383,-0.0011741488749437666
0.08098560602400535,0.029615302083722927,0.027928821681879958
0.10130932217331479,0.014269103598257372,-0.04344486263765037
0.08315547465816496,0.07340087971797216,-0.01814894112975223
0.05416175918980215,-0.0033763485661508948,0.05349572073566815
-0.1051058498929405,-0.03821403916189743,0.048583493165168065
0.006172926820733124,-0.012719800459706998,-0.05756503956653266
0.08923398734799731,0.017931618445550933,0.09082200257098616
-0.05219179356881913,-0.04240349484739342,0.07261881783138625
0.028182653716371527,0.09319830251583551,0.033732610518399465
-0.07551899044165444,0.01242545827739503,0.013704131237638376
0.057548364855746756,0.08821702387225926,-0.015744359302682625
-0.05084057429846128,-0.0008966925753915167,0.00019873632671382757
0.07709636492203598,-0.04024283656248479,0.008301305836507252
0.004964949227087751,0.07483287309526883,0.05314124912221818
-0.036723420569165666,-0.052343979114393396,0.05869542237548994
0.037522330545783335,-0.03158368034230463,0.012371016673285093
0.010071554580592028,0.0490980069107977,0.08209170285396965
0.05214611841432591,0.09825929775455579,0.05050215323828297
0.007286518747034346,0.011443737302347635,-0.032697184173053784
0.06121922160519415,-0.0036391313596148833,-0.04602481067207975
-0.05644641689106663,-0.02544616743514426,0.004919478110689086
-0.007991007508379031,0.12384305526058044,0.06185921679109131
0.006525107330260196,0.05398239381458336,0.035692578544921194
-0.0300793344475567,0.02326769544166755,0.01264571374873431
0.04994390070605517,-0.0003051841775760962,0.04919198780344276
-0.04518577386189877,-0.015117833936683617,-0.024213080552597313
0.020117125755790416,-0.08625172540755832,0.03777046477412137
-0.06679157685147118,0.11343922742826716,0.08166388049755856
0.1081442065302635,0.032911375671968,-0.06138273127927335
0.06086608011621376,0.019697603004725825,0.025888259729082617
0.0698647380770064,-0.021613577862038692,0.11138376143869563
0.04435205768402826,0.04511841641004353,0.0015273713062062006
0.001265333404809556,0.0336705428538943,0.13283209654306444
0.10654815481990397,-0.08799411600730818,0.008657925150243061
0.03095683966766275,-0.026574774841108956,0.0010775672180153087
-0.01924446043088191,0.03339818476048458,-0.0332201080688091
0.06685108497475765,-0.03249001545527172,0.08765905021604492
-0.06804285067010203,0.04614158772052845,0.09239972052416237
0.08263225876060248,-0.008439283032578522,0.01122835297206714
0.0815216828536083,-0.08376884918823661,0.01095211297876822
0.024456290773214692,0.04284381687525302,0.04714118752692842
0.05493673700034197,0.004197589352303284,0.06555353006509892
0.07354055595129569,0.011838160765711933,0.07328381292353965
-0.04134717463697891,0.05811631528232101,0.012978653196633022
0.04452472899082126,-0.025883431641544323,0.010198894942468258
0.06316963593317418,0.08784667555024232,0.025304677134067387
0.0061801625245149795,-0.01701737574261633,0.05806734711351688
0.015451707136287154,0.06280874277804514,0.0036982115134422677
-0.014478060264291288,-0.015240923984069444,0.07723761130313218
-0.01818724279354022,-0.03355749655826389,0.03994890956370325
0.020902564469633077,0.04935333281125763,0.029684997047255614
0.0810180887731855,0.0898810213938417,0.00688255032391491
-0.0668123785766711,0.07024614142650656,0.10861377612421957
0.017593281614505615,0.020647974331603935,0.11574427678707493
-0.033597860273353417,0.03306563833072938,0.06321124505458695
-0.009456159122420118,0.04812724164766845,-0.07655664656228774
0.07705105363345376,0.04023511213287033,-0.030481785983778653
0.0550122972743409,0.015291715706851847,0.07554312874205221
-0.025040238011069117,-0.07203241360702714,0.05708056872982674
0.019526816321201963,0.0008672066242704345,0.03425921919995719
-0.07542462334735603,-0.09104293927875014,0.10872610756306303
-0.03638757871703456,0.032033190693750206,0.06943211475419798
-0.02334326530952409,0.09235212630885736,0.052030843240475855
-0.04537644454507119,-0.020990930645734214,0.018708761597148214
-0.011752843790080295,-0.05071848417067026,0.03493933297663303
-0.03586730671820327,0.04428842696259328,0.036270850319581625
0.052592570501168626,0.011825651967604295,0.0011332153829227073
-0.014780146422417066,-0.00672691637775449,-0.07264761514234985
-0.07201791675053018,-0.026273111399600813,0.029095707487114913
0.0204276813849567,0.02857268945777217,0.010718155071293634
0.010634459439214495,-0.02608957419687409,0.01758527797241574
0.054106370575392256,0.052153955125560585,0.07343399515570444
0.021285365063325415,0.11172592184568575,-0.05932384988378837
0.00534986174514897,-0.004253028503439032,0.028653417799452102
-0.025070949748548572,0.03075942846677667,0.06337403231008569
0.056775732884113396,0.04701049235778491,-0.04776060867099673
-0.030629809750038373,0.0203959613093092,0.021811892037104787
-0.024857299859687824,-0.03238179499536149,-0.007753926551713142
0.05313247854994158,-0.10675290345194992,0.03435164591235212
-0.01161636715994563,0.04576632729477269,-0.012215314982305258
-0.15483480114818288,0.07085707553162977,0.024279228806416708
-0.05887643093870838,0.01538311882179107,0.013098616431175505
0.03833106219333626,-0.012270516625699963,-0.1201816411518735
0.11640735735331982,-0.006914310119590239,0.06655494190670357
0.017770129009902075,0.05500275008304168,0.027982406947670905
0.04018526270287963,-0.14387437342237844,0.04052797111964048
0.05472869321816359,0.07808840636591251,0.058515005331563494
0.11924608972611031,0.03353002840259684,-0.04251203720373342
0.011595946892081316,-0.01004663780366013,-0.04871320268380979
-0.0024162065231672167,0.008456807992483868,0.029014398408279025
0.030428966912550225,0.0025435359222393487,-0.012584090168349453
-0.039872264498588036,-0.043605541647175616,-0.021360769211056188
0.04964124593790568,-0.01931367361644287,-0.023574012873884515
-0.05300967108314575,-0.08740906154196144,0.05337055981338156
0.01054440504276002,0.04462801527061297,0.016039055251942314
-0.03255207082474425,-0.011839428186885352,0.04354193820874934
-0.013101319729138965,0.04238142196738379,-0.016911237552695836
-0.022715332351571187,0.05364168098135725,-0.0003063819426572165
-0.018376600040334947,0.01952623145783833,-0.0926954257357885
-0.06224210612074879,-0.015744490126335574,0.02611659999264317
-0.03904625575717474,0.08133856899237503,0.06152947188520628
0.02215299388577656,0.1083475482531828,-0.05212399734162265
0.02423217031699125,0.10587030584838109,-0.038941451215269506
-0.01934463840182811,0.08464315731940576,0.027458130043566474
0.04820440504316559,-0.03875403939879303,0.05824586978853799
-0.04493870291411356,-0.08958235419992534,0.02011460468611026
0.02829188802777788,0.006391157552661663,-0.05309641335890653
-0.020711124274484304,0.021976243419946355,-0.004371037773106186
0.038526123859942106,0.025765447800353464,-0.04219618074999645
0.016395891172798424,0.04979174278278233,-0.053063366772635616
-0.025827609738458625,-0.046720874824428285,-0.0462084494406537
-0.021379472993080916,0.06543835235437706,0.002114636291500556
-0.039245046339876556,-0.04486904841827178,0.05419690758609509
0.03922768313012149,-0.09340460901319446,-0.08423385665729177
-0.047468897906088464,-0.037865372972065374,-0.03901463180972006
-0.0922995395714644,0.010032251549011443,0.01759043634272666
-0.04567748505988196,0.003447703036035676,-0.01467914456958834
-0.0592868126755835,-0.12087393985037075,-0.0627359539188154
-0.04783222284795677,-0.0026390288255574244,0.03328132155206402
0.0459919010462128,-0.0026814090751092054,0.0064716933241744535
-0.0714114023888879,-0.09063902754474099,-0.030893837255325116
-0.07102982624232872,0.023646232316333657,-0.06706675898707357
-0.013840521203457946,-0.12325232806522907,-0.0022047828774920068
-0.05832524098528934,0.021990341920001502,-0.0180438614966533
-0.054070623694432635,-0.04196013184152274,-0.062037512119393276
-0.07318343953472634,-0.0027644058338346144,-0.10295885904501931
-0.10102208277106134,-0.017732827730266167,0.031966255655954685
0.02731345158251105,-0.06587500221623523,-0.04970304193986984
0.0676630489032819,0.005978685588653382,-0.016024322790551278
0.03238133745505763,-0.03794878587347537,-0.0673707570316778
-0.06250424506446199,0.03930255699566952,-0.020499015817694075
0.08094341284636915,-0.02542235347824946,-0.05280440367678782
0.03686143095406666,-0.1270438956750856,-0.0372135494974877
-0.029567421438732228,-0.1284942502766327,-0.09323985937367876
0.010584741418120807,-0.04485699063137357,-0.0061932264143200405
-0.06152751826733527,-0.01159805130381774,0.0014636301837249854
-0.025691436413566568,-0.01679568017108463,0.031409770719752164
0.05479563251247069,-0.08099437367557395,0.0027029258074285217
-0.021168366953597653,-0.017413921524490644,0.1181665000254299
-0.01614476438620918,-0.04457320770587082,-0.010307639677656903
0.037466987452545265,0.12713240954500968,0.011914234895980006
-0.03981402900291712,0.01563460326494151,-0.036283646116989844
0.03840520463612101,0.02445596844995234,0.02019640099793632
-0.08013265381001566,-0.021672152907869117,-0.011792078538109346
-0.13495086761886632,0.021994501267578945,0.0021957269771631874
-0.013249669460749935,0.002830982152065285,-0.07958792558374078
0.07417247618178724,-0.06484616653954212,0.0055240347851393135
-0.007801180818367408,0.08508541057694809,0.04495445848016409
-0.08155200299014366,0.011539141158937422,0.0031643499267384086
-0.03073566446769989,-0.05482600120619529,0.061550181102591105
-0.11294645896461919,-0.015474960632124269,-0.0370844074146454
-0.085381495818249,-0.044512331006113515,-0.04363562155534803
0.003928890307147527,0.003882956164407231,0.050536476969563815
0.042905363005331154,0.05275405027979106,-0.027907947670594124
-0.03455591067180573,0.013079996416860449,-0.0443451308173345
0.017979503038096523,0.06052323822352483,0.016101329523259485
0.0479527328415605,0.06172273749541715,0.011210462739639625
-0.0918416359241518,-0.09524625849258486,0.0283368266434408
-0.03668753349335707,0.02168706467346819,-0.012373552848236368
-0.07169909741553107,-0.07286504352727301,-0.02485578558877897
-0.06991131237879024,0.032063042792084565,-0.07666297221561823
0.0010660449336011325,0.036366982788848576,0.022761026428373538
-0.026543225293135485,0.013695835046949673,-0.07247858177558833
0.014016458457984802,0.02490293963776934,-0.10923912413926867
-0.026181407265592163,-0.06727440807710605,0.026656196472728
0.08842284107850654,0.020804576314440163,-0.01694827850647723
-0.02265799632689859,-0.018448839252597053,-0.0022560500222961813
0.04526944051559391,0.07115745488595651,-0.10585894719350322
0.006607657694117596,0.10799070004178092,-0.08253589191519983
0.019146126065697263,-0.02813799975855915,-0.04076564141754203
-0.025271012449096117,-0.02579982743882565,-0.04935512308468715
0.016148200442240912,-0.006181558234352864,-0.04848879379031736
0.012394270990019707,0.049874715347166074,-0.05102285388020382
-0.10102736359335754,-0.057747930855479274,-0.07514315365424176
-0.12135799025992366,-0.027096493601198698,0.010296669039960082
0.00028585879796217545,-0.03810075480603066,0.020777214346722483
-0.06169838159602506,0.023714306728814905,-0.033968292027275235
-0.031569146830226574,0.054993450426932294,-0.06700912614317295
-0.020000377645325897,0.04672852095433579,-0.036029484895469914
0.012691073898616501,0.07154520580820697,-0.0029790404610896583
-0.08485784950629495,0.034877506472639305,-0.0351094553456633
0.0027664294866741983,0.011784553905794765,0.008347580946264341
-0.06230197406239937,-0.010614630054542757,-0.047503894889260365
-0.0040150707407479586,0.00523885952278412,-0.014333390898757375
-0.11920210057090881,0.01602340128432445,0.06849915522971453
-0.06373609472893522,0.011867344213507196,-0.10260488733373077
0.007996220073788678,-0.10246038570786711,-0.0737267778722187
-0.03373668715444464,0.029526034473230888,-0.009544333995172181
0.014104045541522697,0.024318530883909117,-0.03381922393033115
0.018297200277796632,-0.017935881547628207,0.033530371051888906
-0.0017617560376621856,0.008390012962040706,0.03182593127164188
0.010475443983546714,-0.01820016663593011,0.019527610379619934
0.021678760487258607,-0.0704284957686927,-0.10171223664779051
0.0014559645430912219,0.0051872261588518515,-0.07117829403970588
0.029563567109387158,-0.08592854868223045,-0.028472079490342264
-0.020566132437602566,0.015554359024497585,-0.03100137012652974
-0.05157202660650924,-0.07042808591255618,0.0014178345039788792
-0.039748373460517794,-0.04664501918136124,-0.0912834064194514
-0.03856791266413505,0.0075058367349484165,-0.015250983311741852
-0.005535165057163859,-0.037795980314192366,0.012085276233490306
0.049923461819203326,0.041717017550544196,0.009426672491660244
-0.03593892772550071,-0.09002896708069003,0.03009538579316918
0.032843243605629804,-0.03933003178051568,-0.02507332967135661
-0.0012220827735811152,-0.028794455311006203,0.009918920935588892
0.03550492706391892,-0.07651595222331636,-0.006726159184805505
-0.039939033305665436,0.004428110891219236,0.0525574740545187
0.06061323579207169,-0.032300831306958724,-0.017807280817959736
0.0012986999648040252,0.007556838892942144,0.06689286355852456
-0.0038716917642385544,-0.005423098477125085,-0.10878822352855991
-0.006446412930861241,-0.05874133785801809,-0.019644889731612134
-0.062299770139446056,-0.009128328701567576,0.04719192969240735
0.011633130893007871,-0.027064185770743626,-0.14825873609073742
0.044364975447888644,-0.058486925766738446,0.0015460658206700485
0.0670568853965564,-0.08620649740468476,-0.12488369877191625
0.0012946890851021457,-0.02692943804346919,-0.03342526155917698
0.025703596277258326,-0.04725146253009035,-0.0701044613119525
0.04778862492428715,-0.046426582768939725,-0.028454562763745674
-0.04974184467240628,0.0930909156838848,0.060057870863661364
-0.035881342701137436,-0.04872177809560454,0.06943976295813087
-0.06485130787951775,0.02549936437176506,0.030510760705364744
-0.0410523752965209,-0.04573665583282388,-0.0014834762444321317
-0.0997851539997017,-0.08060944228909597,0.05452437106609873
0.01255279345849833,-0.07418848512397565,-0.04690312232858203
0.024368063081122722,-0.0015378877752797032,-0.029939624935433617
-0.012322417725348407,0.032150027134798476,-0.030112854866864772
-0.016029904874949763,-0.07387176202603418,-0.0978412869646581
0.01942544415000941,-0.07719315980568704,-0.009267171003878711
-0.13396563850854198,-0.037524653821202236,-0.01555006857745358
0.03914342173096631,-0.04527041164051441,-0.03348666770743635
-0.014186687072961831,-0.02000668490260182,-0.06368083269786244
-0.01148049793661416,-0.03375411593634063,-0.023817788024548436
-0.05674671793998161,-0.046341536947118095,-0.025343147703444056
-0.054366842807817034,-0.00860388173658963,-0.0036667658659513148
-0.08734242361035692,-0.05605051034206446,-0.056898283180095835
0.007177326167051697,-0.025127540691249364,-0.015967813258390803
0.03047064226182268,-0.06702141097988056,-0.08618580005011771
-0.057515749034731375,-0.03187580259812475,-0.0064691601617663085
-0.03461045509249211,0.05810758003481556,-0.054910286267462374
0.12830704764721704,0.017027490743965486,-0.0017280388453305082
0.01445022960606044,-0.003082194281632474,0.02484832347563034
0.010721279839226975,0.006812508530384233,-0.046168350807803654
-0.0388146882028806,-0.025688664171618608,0.018212886612855708
-0.07768818550914189,-0.048772425465390304,-0.007725244003718296
-0.045655961746957616,-0.0569833926936106,-0.07894728467597625
-0.033675690767168996,0.015238819889053705,-0.028524631407855536
-0.053514816181380834,-0.00560799989563332,0.07037483933914943
0.04606531603355009,-0.027563373424385997,0.027773444581951048
-0.020395403852955026,0.13889441262132488,-0.06723992188983828
-0.00449657381599319,0.016606784742978536,-0.03962312620329962
-0.06106258541197801,0.052356467402042535,0.021050929208449295
-0.00014480228760671218,-0.07465917280008297,-0.03795960812380149
-0.07606876738913025,-0.06487821197310346,-0.08540163730224279
-0.08822081170984472,-0.03853881762890245,-0.15012812232467393
-0.03568848415981919,-0.0171935904267499,-0.027436980028273286
-0.12775279010088475,0.03855679879835962,-0.04593435128490511
-0.02392331105924611,-0.011299490269951107,-0.013854534537438732
-0.013695913085280446,0.11506439357013712,-0.09316722433975681
0.06923292788968693,0.0031501507754455507,0.0016649655284986676
-0.08316074142262611,-0.022048504624322465,-0.00321510347475072
-0.014308302526966294,0.07453955918585899,0.025262755832329554
-0.10895307836913996,-0.08555888757383955,-0.01814376816190061
0.014928226915131624,-0.0034843723939030633,-0.09375620571874603
-0.027605352569560114,-0.03976346616077655,-0.07623232066706756
-0.04680727784481498,-0.00018802490514130583,-0.009332180026326554
0.028891070052031724,0.04984674580508798,-0.03902135899770434
-0.042569845517424626,-0.03512657215999696,0.11282242003666705
0.07182087075052297,-0.04157877271037584,0.022480627310549627
0.03563137787051183,0.016890284901646613,-0.06950728562144608
0.015756821843326163,0.010732872352417763,-0.016944577099407578
0.03273393922173061,-0.034946380222421164,-0.005740245217427845
-8.670021869325827e-05,-0.05829772645549396,-0.12062739707137074
0.026990116278835363,-0.018317959417764974,0.049004018848339936
-0.08251860645360834,0.0035632390359977874,-0.04796721871096416
0.020273571234211883,-0.0576985926375337,-0.08002715034848004
-0.09963362804228937,0.04932194251994275,0.012627266061014181
-0.02180452108246422,-0.020657398353893876,-0.017016834432857633
0.055661946438953565,-0.08763905756740858,0.05646688355665694
0.01596755792824719,0.05083390593444179,0.05722719692065882
-0.023228860903633193,-0.012295288562888536,-0.02131266703947308
0.05404972332437502,-0.005567251328933027,0.015592445541624245
0.163955858141605,-0.04940763218552312,-0.0269352758204676
-5.0129001851753445e-05,0.028621802964617582,0.006430763840116765
-0.0036931921560819747,0.01881588465703342,0.04271999124859429
-0.0684391080981966,-0.03190129279522429,0.03493168094722618
0.023398660325651015,-0.11129215483763069,-0.05359674994923147
0.003970151615088379,0.07782137406708292,-0.10796847101311761
-0.017780492692118385,-0.040412649626863306,-0.011621244376178001
0.036963514233171645,-0.010988447549254748,0.04743217622247234
-0.020661775907515684,0.06383223377945202,-0.0073130570103853935
-0.09513136110319152,-0.008234657090222822,-0.0040309578726903045
-0.01393994474132567,-0.11758504776365863,-0.020231100689710315
-0.009920492243322589,-0.08304875055380773,-0.05491849261550594
-0.006952578167220964,0.014624516067068409,-0.0033279556489443558
0.012626395353417606,-0.034448655153200315,0.02759489717610038
-0.029306652450800365,-0.01762670552031023,-0.029801125657175378
0.050472288598732,-0.004728254268021511,-0.004659053210215709
0.019666708732578735,0.03204432201959384,0.06883096525530236
0.018053270768134726,0.05498614058364573,-0.05980653615093179
-0.009780114275856403,0.058705020509043755,0.0961794533189918
-0.08688921771300713,-0.03262323228207516,0.00952406778623376
0.061298807498970716,-0.035312248208425684,0.11958985469598706
-0.02458067857503623,-0.009597303954056184,0.07699895352188259
-0.08258799372429487,-0.05339273018808064,-0.0018334644331388771
0.030032262678474343,0.045914893761025095,0.004240033106358321
0.056715009952921905,-0.06057024402788435,0.08800971135824721
-0.024761366542554123,0.04308901143323343,-0.025305941143010987
0.033383703110553054,-0.006642815956171019,0.09182338271374554
-0.00954162935094183,-0.09471406273171086,-0.007933927194035385
0.08153199211212209,0.010552094915844287,-0.036730142813735836
-0.01346498257272171,0.051613877321974255,-0.014787779168251254
-0.06915564023096372,-0.03646135623412214,0.011455218821143937
-0.008641071282938437,0.01537685009331547,-0.005988702520759162
-0.026509343996180695,-0.05666569546571845,-0.07864383979587096
0.020035873878495182,0.07200495475607291,0.016431503031035615
-0.03565634901676219,-0.02584665665461559,0.030267122746918514
0.028904388397533433,0.00042080919502274564,0.015755494056287046
0.028027198897594627,0.01481473283029263,-0.0008118214883736166
0.06651432670579471,0.015244567305689603,0.0053557139824958935
0.02917059402252142,0.04918903961361679,-0.016618702706491725
-0.06316360087610144,0.13072464998096847,-0.03244431326792163
-0.015952466147156532,0.04474643074974807,0.049846136753493114
0.031939151654085354,-0.10007510371861378,0.14883729021902298
-0.05722779592873541,-0.04207537030382837,0.0248164775188936
0.02981645758764941,0.040406724225910975,-0.023126636323588464
0.06171801374846249,0.05401403106200049,-0.024065162891976126
0.023000030526269165,0.0400460785353196,0.06156610963842096
-0.06308066718053665,-0.05670646947847024,-0.03994727683033595
0.013837791722298065,0.008726577773464222,-0.00115356297250112
0.02863447782678498,-0.07109476419194374,0.011948516722433649
-0.01573275264874664,0.0061377055452025995,-0.017944108795914685
0.17914373560004876,0.10976216220887375,0.003742310082633895
0.007975318616715105,-0.03880790315271079,-0.005331274843533395
0.09658016266168623,0.03608353763035879,0.001879593388711298
-0.021473460603356396,-0.004471603824792333,-0.03848427697816281
0.06498985063573431,-0.0446774618070388,0.03678531166171976
0.0034200087119921167,-0.04859722836677907,0.004585625178249475
0.033031009513349564,0.09693663341257061,-0.0971069091734983
0.09892220173897824,0.0503363775160985,-0.00965205947368097
0.012655467318700491,0.003966909397069401,-0.016528735074648367
0.03035576946734668,-0.0924309186247671,-0.007347300862986116
0.03942056597769478,-0.0030143851492049015,-0.045864680479089925
0.0009562518412148287,0.07804426590001129,0.06366555768684856
0.003331081475895425,-0.031134360525964095,0.024194990368272964
0.019290644335185812,0.10807454570091882,0.07085100067251776
0.027949422690768277,-0.03881386621656479,-0.008877941497065731
-0.03075253683316844,0.09087217851549316,0.049807081248775316
-0.009214903535409122,0.009975739551031438,-0.003132385593583408
0.0016138139681640528,-0.0873529532759684,-0.029819783074595083
0.12523434631466107,0.019148667336141234,0.008135411394308619
0.017276394385875783,-0.0666063697969271,-0.05944687282273033
0.10305835484140663,-0.0659779515833207,-0.01895466972285926
0.09777972013879199,-0.028599202041602878,0.08917745105046021
0.04054058023288206,0.032577288368876314,0.06026611667477448
0.11707042703439664,0.005993385442469757,-0.01832382018716438
0.030030095544440465,-0.010826547420618216,0.02822199587089145
0.021328205523990305,-0.04220467238224618,-0.024210130233963182
-0.09094053602951159,0.05424718489113564,0.015767607341236795
-0.04263627082588568,-0.013395776551334369,0.031027339888160803
-0.012306274507370422,0.03153140751356235,0.09013988640752366
0.03675866500628533,0.0026063756743767465,-0.08142242208285783
0.05339874868619414,0.03999652103148764,0.0032395914127759315
0.10380166111150602,0.06757049608747079,-0.009294378099773258
-0.07476031102802522,-0.017511404750522028,-0.00789730625583284
0.064915850207152,0.00299766411299451,-0.012065276081092959
0.03649412361339252,0.08046330156339097,0.0049349627595559435
0.054768898764161925,0.13123030365820862,0.05972453666996962
-0.05036359946104424,0.10197238386982979,0.04711204601928663
0.01910073972530619,-0.033183119562664676,-0.009688020482338269
0.013217282685985024,-0.019767303661034314,0.019581555064751333
-0.00028729084835981897,0.03377843340109629,0.03675596364679451
0.016514819812436504,-0.08380973187891119,-0.0740892032950178
0.07431020695743926,-0.0070581315421477005,0.0544362423254858
-0.04689083325068325,-0.0063118466731826375,0.027286774181647502
0.049786991652228205,0.016216804839859125,0.06873560950036892
0.09193471240756235,0.10487003756638699,0.03721752053482985
0.05443014169878439,0.12860327523409434,0.04354667373918906
-0.0455652116656424,0.023167368839079275,-0.06243519909728534
0.09421579894248897,0.0103260180652248,-0.019705003459708232
0.07112835205409444,-0.014723331337189977,0.019655297244564728
0.05900266526229291,-0.05966469250992168,0.0020396727268161413
-0.011811716444968576,0.09394884499916883,-0.04678854047104217
-0.017446180293547178,-0.036308288316476874,0.047445880491943176
-0.027943033701206266,0.05650965652066246,0.03752592763473165
-0.018421912606192938,-0.0070292533728745395,-0.0029376171895923835
-0.026175352655435368,-0.0005894035417945385,0.07587297958004378
0.05978644555958825,-0.011167952575306176,-0.06596011402359889
-0.023557203548856268,0.08819785254027665,0.028186287634846555
-0.014029454436679571,-0.06682244125203374,-0.027874962213025614
-0.04846545743175386,-0.010577894170967522,0.0770291933241277
0.10363240539818025,-0.023609130729948552,-0.003133101943657998
0.02889338110094601,0.05422484013106113,0.09977350974475079
-0.027727361848794846,0.056288808132426836,0.027877666016003128
0.018968871324133593,0.0274998300739062,0.0021462648793357346
0.06180220542375966,0.046199596264266056,0.003955943416582775
0.034496549450239375,0.013497829580323584,0.03226303033845699
0.03722429410624548,-0.05709301976459667,-0.007616759004822178
0.05534104993862381,0.05126702356693956,0.06390517509064277
-0.020619348116761936,0.05490511810902376,0.004172036259910902
0.02190330010788792,0.04778443225216651,-0.03056335356978083
0.1005502468236255,0.02972045949579297,-0.042961530649979804
-0.0404347957645125,0.1004272470251854,-0.007348828854666985
0.08150588621073268,0.06261310947287572,0.059686043856210146
0.02687983301374945,0.030946789367647422,-0.015652275395854537
0.05930750057035235,0.06178819270375046,0.0021189059077289275
0.014409255021485757,-0.0004937083133456643,-0.02702628335167591
-0.013543229983339723,0.14091004427977816,0.048448979745249296
0.07203989500710624,0.0015219467786899907,-0.04445772429530039
0.03618346980499819,0.09868026322081246,0.08817533723658982
0.09554699117396011,0.042388023293761345,0.005706404320913495
0.12218840189210259,-0.0029352101652501163,0.14557255139417882
-0.01262439583415478,0.13504103660081723,0.012257383968006564
0.07156212179660246,-0.04476205529234263,0.04104158772943722
0.04090060792164895,-0.018293797089107618,0.048147323952084695
0.0448350707132517,-0.007943883888070023,0.06967093287755588
0.02679106458131731,0.04839152835863168,-0.02717935747714514
-0.045497076229795916,0.07432016922712023,-0.028665652434533968
0.07323031238432816,-0.03157049104333418,-0.09448606470081475
-0.03319331708914316,-0.046920445275359074,-0.003674673347569518
0.02049961037508153,0.03008293645163846,-0.10193326254866969
-0.04063435064981234,0.03879066048491524,0.020935674170320318
0.05292436588201279,-0.06847406856039336,0.08639339836583881
0.04803022336168347,0.059449876954904245,-0.06269486641918391
0.11557950905703356,-0.007569544004033538,0.06561214096688747
0.0713566771285536,0.0021687678199725675,0.03333397773788544
0.03334996066887919,-0.03026322121844772,-0.048180285741879325
-0.029248150836879035,-0.00012442331588635377,0.008486978040933062
-0.014582739792250051,0.019383313865215804,-0.032320683708462875
0.025433654322767334,-0.03503390615964271,0.07470828253650269
0.14725316159841018,-0.021732647834500136,-0.010112945007429985
0.005531733708150334,0.02377573003008154,-0.012497961045675625
0.01644257733478518,0.0066472230686849005,0.1063188535633912
0.04529216886368789,-0.03855565469270822,0.008590733507581407
0.07852616509404853,-0.002400216860304085,0.07833067370733296
0.06531831729636561,0.03402072908590023,0.048518284524118396
0.02049532087378262,-0.015719765318431805,-0.0257945129732879
-0.004362394526553919,0.03611669609139284,-0.006191509597541016
0.021494888279224154,0.027894370617888013,0.05080743301461011
-0.0501808520208568,0.01915428225858478,-0.014940133752021738
0.05983039345293621,0.035932960699180644,-0.05808828821001186
0.019534006003322578,-0.0033676137019623548,-0.07895837343719063
0.027903386897590872,0.026843874786831246,0.03026174714396076
0.045380871775857944,-0.02804114649498088,0.07519662332260499
-0.03147639349843449,-0.017474596511798925,0.06021435479543868
0.07954748441090712,-0.05507907745252267,0.10092253925414565
-0.010103840749920781,0.04786436436770779,-0.007262244302741045
-0.08491503219966044,0.08569379536203127,0.015741609256499436
0.04220872990537538,0.04744886609014119,0.03761806841825461
0.01690612108608147,-0.036867888780827404,-0.03750305564888744
0.03837357446192387,-0.04357393159400769,-0.055067733595466656
0.0837501300852935,-0.07485863433964665,0.051863479166540896
0.12022108499729078,0.0155651886156735,0.056040351230446914
0.1393749616202833,0.02864220861363655,-0.029295124472675724
0.03648344430632133,0.048267582601543096,0.07789409539696611
0.04019401734688515,-0.03324144779729808,0.044244398464849816
0.061508437469281564,-0.06195479989365327,0.03125656088655515
-0.0381630031583317,0.023104523927760218,0.06836698611013792
-0.04173936546975818,-0.049855950827550996,0.004078984904373999
0.04427061126632379,-0.011845821325466266,-0.08971616842418786
-0.04156534048859098,0.04868023630668819,0.01770477641292436
0.009918247685199806,0.07137355313401186,0.04621393677111821
0.00016748686044293533,-0.0249171507546419,-0.09669563087225073
-0.052731974666617755,-0.03411338703093948,0.049446559090114285
0.013744531900656056,-0.01869517313480546,-0.012453445672508298
-0.019214397959930102,0.011971266170484295,0.015134281876351482
0.07190410867384048,0.038948833856420326,0.007694102160628742
0.08272697443460346,-0.05542651466743474,-0.04162546097986218
-0.023102597416246075,-0.005058601112827801,-0.05961095806644759
0.06467376221625908,-0.032671963643217256,-0.019097491362406478
-0.03710172019826073,0.0671957183003656,-0.00663858818342955
0.014668053157470051,0.03524454282628312,0.011954843136120412
0.04670305492303336,-0.055254802426718756,0.056192115766978454
-0.027139687888902496,-0.05848430194965191,0.04026758469632394
0.08456156147972752,-0.009165639476308614,0.006166989485300165
0.014956421734501376,-0.004917469235491323,-0.009962076106227367
0.13343463032202846,-0.01343065918860015,0.03425931552824285
-0.01257889679512476,0.04924041721965055,0.003048506318735923
-0.03310556187658911,-0.09117594561660174,-0.10897225540554215
-0.0551240690081562,-0.011251524016711483,0.02338772324910536
0.09623669396830206,0.04230195789660625,0.028848858740720098
0.03499197757884518,0.00879300530840008,-0.061481892216815937
0.12241586294408834,-0.06825692209342898,-0.04802726586504498
-0.0515095506818188,0.02869231995951791,0.0118646176405539
0.05202521377758306,0.010891720052987842,-0.08488147269790217
-0.020422314609957425,-0.01677578494581387,0.07359561764806385
-0.05422054613450819,-0.025988987507458813,0.012072244066527087
0.03587832539335462,-0.008392714215663146,-0.005669156999371939
0.016123567708845613,0.06778771146008365,-0.05580056454927468
0.027889183204952848,0.002535282442682435,-0.02135057218987976
-0.011491059136176825,-0.021575297512261424,0.10259011439039326
-0.014204060105846338,0.02146045474713237,0.015161931170182897
0.013044463883955375,0.023575172907136278,0.027019637967549116
0.1338396337150955,0.02506172844400957,-0.052103350435665156
-0.04073707827567767,-0.069624586337432,-0.02500832336803512
-0.02444311028523878,-0.09963640806708665,-0.07882651503615835
0.09323196923456634,-0.049500216757879266,0.053152479941863034
0.0947100427465728,-0.04032610257197113,-0.08578112339326059
-0.022278180988446708,0.003116165989127148,-0.05127107431371669
0.015356554221049522,0.031805976445414594,0.035347923339526244
0.07396856094947069,0.05904210069824479,-0.06858104023411361
-0.006556066991071275,-0.015481931857447808,0.010194677782784833
-0.004907859656825736,-0.060470923047251476,-0.014898909226675722
7.205642273208504e-05,0.010176373252631198,0.11874718279729601
-0.02201905893235144,0.023883104870172287,0.03814846583630955
-0.022202724966483966,0.05064965970334339,0.020855242669734216
-0.09476420477835415,0.03570828014782227,0.07019176489258225
-0.04201374277971239,-0.03644094394989448,0.024563444396019266
-0.07093586992217996,0.03219025921557164,-0.04293791203043324
-0.04854865495846667,-0.008062218950520932,0.03883249285814857
0.06290114096305045,-0.0480966027957879,0.02165278476857004
-0.03866081884237954,-0.07141514684396265,-0.01426391073269639
-0.04434924085462657,-0.03967903389170748,-0.02116584934373293
-0.009997737873340726,-0.08242743111410951,-0.040699341004110594
-0.05342822309136374,0.04185962662081986,0.0033392222402313437
-0.0003026240871725795,-0.10388608938095281,-0.003090642414468636
0.014085114141297,-0.05322264830139395,-0.008535787647874087
-0.012528761260034197,0.01048751810176304,0.0873601878256835
-0.0026940630629431897,-0.06865117050914478,-0.03431680128741198
0.046655807280612555,-0.033360563195105976,0.0025430959584279936
0.06550826329223855,-0.041354121310055114,-0.04494705743937594
-0.05825326220957132,-0.11453622520953972,-0.035615145194210954
0.04714147406142493,0.006054961658992341,-0.01894467700006569
0.03030378131743372,-0.0760192983156194,0.054877035920482355
-0.07029027563434367,-0.048284863280542226,-0.08377177969338864
-0.09799618741305663,-0.08039642609563932,0.0025722820032123127
0.12977845460069184,0.05927987780341125,0.03681426605008145
0.03237688875131321,0.03293649401721048,0.0031935473495441936
-0.030489541558698798,-0.059053671415709705,0.09533269409462214
-0.037360523024249366,-0.10825403178495131,-0.06605409823827763
0.013983701285432746,0.03860080709029189,-0.00212008484543544
-0.04040572753470359,-0.023524457984628516,0.038516518590867986
0.03255907805413581,0.021300021499663625,0.01662196935674641
-0.05622857747154269,0.00711760641222939,-0.06463592967505132
-0.05354776607184182,-0.10157160232699872,0.06076745762855959
-0.04257256353047523,-0.048585691693851366,-0.0055346412692336725
-0.0403713180613266,-0.059649999510493004,0.016619334859269135
-0.012443491169775752,0.008665617194177622,0.08853354159847607
-0.048898403473937375,-0.07480532393463973,0.04265096016359662
-0.058384225058767836,0.014271423871115763,-0.01537139186297065
0.01981711723576205,0.052956440959457174,0.05391207452172743
-0.05757888227497342,0.05742846633829862,-0.07200400572057788
0.005660484251905981,-0.10878654751826186,-0.10792770137980348
0.06933667166853726,-0.03001941534531972,0.02275408988339104
-0.07658822125222077,0.0014357960680808583,-0.008807814817611353
-0.03567754191521468,-0.05817196224260688,-0.030676738342537577
-0.02894284335155322,-0.0015649706952220854,-0.036703454975989244
0.012097031008836308,-0.016804065854306386,-0.0067598858897972534
0.017867627421264957,-0.004507506543868726,0.015816955582025338
-0.058356434024485426,-0.00432201188172476,0.06467875567585481
0.027835328955486367,0.0710607887429776,0.01743673328843536
-0.08357032812950033,-0.06124766795478598,-0.03796200850659148
-0.08126572894474485,-0.06822172863475684,0.021539289681642253
-0.06281778756199369,-0.08334470261536263,0.08076700707937648
-0.03853339772922744,0.04368075554482181,0.028816155341540785
0.030084805911742164,-0.04564012770098087,-0.10631173038541224
0.01922139584642807,-0.02694644830096478,-0.05085075222045974
-0.032641781622108686,-0.030255855784682144,-0.029052881597096125
0.007675410580230125,-0.07099961388115292,-0.03789037380740483
0.001557708125896843,-0.008750255486198797,0.015317289868772375
-0.0962763080592994,-0.010700543496477845,0.02523995224094832
0.025645824430081635,0.10912258570177229,0.007737084050578689
0.040518173746192696,0.05376815092599521,0.0530581796294432
0.003486167565762456,0.022232157918124416,0.02882552871087492
-0.024911831770978853,0.0018034985954826985,0.032501514360834614
-0.1629551035609828,-0.06271948021670981,-0.0832140148456019
-0.006158705208254943,-0.026750787153007813,0.03756623076117121
-0.009426194520600123,-0.002076086704419517,-0.10435716311836274
-0.04158759570063047,0.09165223116901697,-0.06621739499112107
-0.036042586175162455,0.030182990294950585,-0.0008122741070155058
0.0007821032064094131,0.021857905039058337,-0.033562809855884196
-0.0011814127049522075,-0.10346199659345394,-0.07783972092068506
0.004383297941667651,-0.06911453422485131,-0.06124356776548896
-0.03235032775224564,-0.01305028341890515,-0.043931518185408976
0.0028575182515032972,-0.08054814862376639,0.03751247293121025
-0.012538014092094683,0.015298140389120474,0.011764340776197386
0.036704917775040535,-0.06482872840167414,-0.07280842987166705
-0.05805321027706692,0.033892736850895444,-0.07666831586734767
0.005540751594358462,-0.0029518730217255457,0.024002732983164278
0.02420810844828514,0.05342628208569945,-0.005389591361809639
0.032356249372136825,0.037429386868057815,0.026702705067741136
0.017318661531946996,0.02381761853837384,-0.0053439924827112205
0.0564133356389144,0.05624523362280501,0.015164864831436937
-0.02405455893755016,-0.04735315878654478,0.046431664747824355
0.07865690303766232,-0.08881680991814282,-0.036648651993789264
-0.037859225583870317,0.05187595989048045,0.00798300109214247
-0.04727509650199604,-0.01673932703809551,0.003907779757226681
0.0551361152420195,-0.06419586550776556,-0.11895551708463922
-0.02446367849863761,-0.03864230347888138,0.03935366107199421
-0.06422524406657121,-0.012898284331121258,0.04732632359356165
-0.08817517533997024,-0.09759400349815905,-0.039062841371010355
-0.03630761960935215,-0.022829191251252254,-0.017327144034298594
-0.013870863572997714,0.02378272948281045,0.018813728116733864
-0.025757124625193518,0.007969188731494294,-0.04883301471141553
0.006340706976652333,-0.0589066904250445,0.022912572371778465
0.01910106325314802,-0.06571971877821657,-0.060194210087770414
-0.022467942434847985,-0.05114459570864706,-0.02611726278377108
0.01474534967455195,-0.04530198862252177,-0.02115597328415273
0.017004408928706905,0.01385537640485528,0.014702145471223078
0.06200257003180355,0.037153243565166555,0.008052351113486629
0.00366715359403565,0.016128067950502076,0.04510350629259552
0.039404785591557884,-0.008177200770280458,-0.008839178799983137
0.09191664420869061,0.02097818178152113,-0.009582856919628447
-0.007618965658230562,-0.04847028984439096,0.07726871663729155
0.05291665605444465,-0.02393061738971095,0.06646885204701584
0.03564444548456712,-0.1314292747219298,-0.04998639264544482
0.056133762361917236,-0.0010154749450640432,0.018446248560285646
0.05878766627940324,-0.017140373311975668,-0.032510547271088784
-0.1188869184523391,0.08361686933777303,-0.07592614156089658
-0.03363537470953683,-0.06625116886965056,-0.04071690570272564
0.00908878829973114,-0.09914190436210582,-0.0070060408901242155
-0.016296515987140162,-0.05058648026825201,0.02119095789178103
-0.05654982748598167,0.06542235751007533,-0.1176679193326798
0.013884468814083867,0.004705303769227641,-0.07280601827747543
0.05406291575368467,0.12029134861888095,-0.021430654250054262
-0.09168049543829693,0.04020860679026561,-0.028846323138585685
-0.056642293701531364,-0.019219263775490103,-0.020667153759550968
-0.03773712738501185,-0.006612484524174929,-0.029390463122649067
0.0017316539289524147,-0.044455449970138686,-0.022554173820828007
-0.057015442356174714,-0.09047969182687118,-0.044813566442562236
0.022166996322263474,-0.04459319942950372,0.040666693760370826
-0.07358237610352578,-0.040965636023178265,-0.07269533079193262
0.06521140422568558,-0.07893017387240817,-0.08900260039067617
0.04573585677339202,0.0351805985500013,-0.06744305606146947
0.010487013936980101,-0.004666628657518192,0.023320169558067046
0.061520997428556795,-0.008070782935472615,0.00860077926831021
-0.04057781937537579,0.027315038859809,-0.02051174538246092
0.004208852368924938,0.01355806843588488,-0.02341655263106593
-0.08048523955844156,-0.03658088682821725,-0.05394128437386698
-0.07599296351389581,-0.08233670232611372,-0.004455979964978525
-0.006507942135243829,-0.0076574048526755235,-0.08194642620115786
0.07808822567433603,0.04445720971777607,-0.08706312601205973
-0.07448192398527897,-0.035724284043958665,-0.08875614557512619
0.011452860564499515,0.02241508688681477,-0.01943131681429653
-0.0038171495783720245,0.021121445298652584,-0.04773361189842959
-0.029792577870426454,-0.02492723922410458,-0.02569291543293776
-0.08387868252122904,-0.0816252611826612,-0.08328988754500308
-0.08804213893506939,-0.004621754205291748,0.02024690316553443
-0.011356302648308463,-0.01906286089881823,-0.021148978805846888
-0.028860697825996977,0.042900255233690586,0.04908835868582969
-0.062410832649863156,0.03895270260462309,-0.04879960945614445
-0.007770752469109275,-0.04091458447577699,-0.06570172251938451
-0.007499753189005382,0.06157684690034773,0.015603521476440833
-0.06989093463794797,-0.026733116141862898,-0.00499784894355901
-0.0167361944335611,-0.08477147681133096,-0.05978598098407297
0.019088675088274675,-0.02539219587805797,0.004040841421629724
-0.023720739054371158,0.010795413659151121,-0.0019386610011819239
-0.0605180167191189,-0.041939978769168516,-0.056204110562746525
-0.0925232197894051,0.013801487674698092,0.01340756875321907
0.012325562941497172,-0.025184574497317765,0.027910615825230474
0.0321949779632672,-0.04182333467394786,0.013217212595172875
-0.08501452757485368,0.020450756404713676,0.06822409813267777
-0.005802584188881509,-0.08593183962399568,0.017448748611782874
0.06025531995604807,0.01196827575066214,-0.02132575152337253
0.0968703861081,0.03032689836656277,-0.04832073753116017
0.09789336195775451,-0.04460073833702388,0.01566795409977037
0.02797350625517413,-0.031882862195949546,-0.08260120950883486
-0.015372220888943576,0.012609050497306094,-0.09020812036265408
0.0005892235597351053,-0.025153867517931538,-0.016733799046675935
-0.009246773435028798,-0.08665065471467212,-0.10675175550694915
0.03618990347340236,-0.05585526146907704,-0.06833637363977388
0.09413105187902063,0.03616165802603696,-0.0626423390700882
-0.09020659045560266,0.06329154542467505,-0.0356385636767162
-0.06611727831270431,-0.023659269929732614,-0.0093838305170825
-0.04823156117146417,-0.08446920453602988,-0.03479261642182265
0.010827448337966847,-0.019738085521875413,-0.05084147316370354
0.06818392503945249,-0.01826332204832138,-0.03628691090333728
0.012293582361504383,-0.032904161736639535,0.025765807637760096
-0.04035156396243446,0.032637180949480385,0.055374385092239777
-0.004204887184356628,0.007647691200378592,0.05792599834368563
0.013745754274580916,0.027362202134110104,-0.011851560471808223
0.05041273366844389,0.04128134403567303,-0.05266741542518528
-0.021683887051113883,-0.002850166714439457,-0.006737590811409634
0.07642665095494328,0.037190880877042885,0.06574429371215793
0.027518337659810408,-0.040108024650666756,0.027872689891205334
-0.00025289658444682585,-0.05135602681101648,-0.015609259005228684
-0.003122602507342785,-0.002888879849951551,0.02213667155076347
-0.0013531987263482158,0.052274963061017934,-0.035829928519155584
-0.04087669099953017,-0.0024079142143274275,-0.04369718541148344
-0.03226203840781393,-0.006300751140539436,0.04736895489726717
0.012365454541174825,-0.06880643040600744,-0.06523586433807138
-0.001795050124820183,0.04136971455482583,0.049229906142067285
0.07183686632403022,-0.026967726321770483,-0.04849929806402345
0.010562244371275183,-0.031632706707346116,0.03304450026822676
0.006289661094396883,0.023351233939166247,0.01372760427796648
0.025476433053944456,0.09666921539677717,-0.0014025036352480098
-0.04035328983482204,-0.008903162405193501,-0.03836457817559308
0.029782756823678803,0.04759374989700296,-0.03933166584535541
0.037627768179977414,-0.06033786069843243,0.022739387294676606
0.007882779260107907,0.09334282104435257,0.02946637389954197
-0.024931807448318754,0.010362111215441174,0.07204777619112153
-0.04764623910675893,0.0308469212173139,-0.013471453452013843
-0.013093212927972137,-0.1397627624083592,0.07159205475083893
-0.019254455471908138,-0.10768677901219877,-0.0968158924380666
-0.014241825427957142,-0.04124834031981331,-0.06953266761424957
-0.049738955060120126,-0.03187931366275892,-0.038326221581022384
0.07980957112991585,-0.026933126003403317,0.022509643389690987
0.004940465850325907,0.05215494401447468,-0.053427429222920396
0.029872787791467098,0.024010029377128424,-0.012173004635861238
0.032570290896430036,0.05723043127304182,0.048406870559017434
0.014201646463181321,0.02369540340413588,0.004976695951244439
-0.03336152097724149,0.02259728742886978,0.04910103178021097
0.033599719229604384,-0.13135237040915418,0.001505313392943121
0.026023376737197543,-0.033671853240675516,-0.028735577519426295
-0.13008280446832995,-0.06958004677908268,0.07329813685436232
0.0013476355781217955,0.02784282156841774,-0.02067188805435108
-0.03072794320432937,-0.03657784062906289,0.029558602293785912
-0.008166848237455223,4.935657474293073e-06,0.03793399456230144
0.07294601232928784,0.02711821356972524,0.0038136407185311114
-0.027895220349858484,0.07574448898817081,-0.05391240404000312
-0.011987549096312885,0.06079586203021564,0.009309616314118585
-0.05052560672052129,-0.00453253465301861,-0.05282544876281459
-0.037912201764575576,-0.013713578910849856,0.020972675560147046
-0.07381110701306068,0.06312458038452784,0.004256654290732159
-0.08629121788473997,0.05536041479481552,-0.02988903854068395
-0.006428654383110878,-0.010210472798921191,-0.037038856579579296
0.05880689403177914,-0.004284408034604932,-0.027739439804196526
0.05750754061403461,-0.003211782181768102,0.05558286812700036
0.03120940797872604,-0.02408839987191975,0.028942050223991666
0.018925965061292134,0.0753037660542913,0.023681991903015637
0.047164834541959924,-0.04586116212244504,0.0366976386240769
0.06730553733683085,-0.04224680263043334,-0.018574413274556105
-0.020551375166531063,-0.12267029970039542,0.03226361019633335
-0.031072325459168118,-0.0014188673549803445,-0.048991951791480984
-0.09269969128696921,0.023409806683743786,-0.013428591889128382
0.009622521550506417,-0.0006949434153466928,0.007751175840110863
-0.0029982073355633593,-0.0632419574469455,0.029471213992784497
0.002436679295200894,-0.04146974178854912,0.019763428081986167
0.04590748583135419,-0.014368426937749857,-0.06840847147068675
-0.05955459566371342,0.010235056388261459,0.05088259326180253
0.002105681976939706,0.051705916984822256,-0.02825408067495754
-0.02249209862954936,-0.08001242670952241,0.024088933406007543
0.044103491301876505,0.06166074872872125,0.010967743841500732
-0.06937179863326294,0.02761768916636762,-0.12587890700142754
-0.018988123300274735,0.0428295547992676,0.08377662635411283
0.00764570196499217,0.03387919765256043,-0.026377786254866732
0.10521612333079054,0.0061493962167603,-0.022927772501727013
-0.059961986435565544,0.024626543613556488,0.04965744855126447
-0.04033262190774426,-0.07223279871860364,0.025550384440804444
-0.014574324870204559,-0.02145967462839205,0.019098819631939382
0.07303971636544955,0.0762682726813066,0.13033308850988223
-0.038980591612211644,0.08264950120097064,0.005235317479850477
0.05462983042960225,-0.027332951740386222,-0.012520136659966645
0.04084891518012344,-0.03276994224584821,0.05618154734692625
0.004819069776524071,-0.05842643062385082,0.01375456770817381
0.08706696006144736,0.01952654190639109,0.048373318993701536
0.04334761274089264,-0.0043932393968691245,0.040690692659688846
0.017973545512980225,-0.08323669905945097,0.09469703741552551
-0.023672414156576144,0.028064027377022058,0.038829337518127775
0.03463122207496251,-0.02238209417707159,0.026587969113374937
0.045092451078307505,0.02034624651083172,0.03606792183566028
-0.023260631156764574,0.04957676509569138,-0.01575089011896207
-0.02058579029942455,-0.01285631940407794,0.04628880499643628
0.03515557517240418,-0.0010123637723556123,0.10842515042573915
0.06292193943071131,-0.05481574304327496,0.08858134020022637
0.01892593689396186,0.0082603373091565,0.008009679430474122
0.0330242410789637,-0.07565719041099436,0.04299920247764749
0.003912106518073442,0.047170165264475934,0.02248937956816585
0.07449756295275231,0.03922059274911882,0.03519971938189261
-0.02430016490664359,0.1265130218918068,0.022317255995094487
0.07650080644506428,-0.008195051706415143,-0.04673289962257053
0.027316220438160774,-0.06320834142851944,0.002248308292743393
0.030698211684780145,-0.020461200587482846,0.06976542450912561
-0.01857845026565661,0.03543510638332615,0.008209968996397213
0.04396663569060173,-0.030158185187148828,-0.04494228805688954
0.03480751153955619,0.09433175039282632,0.026309643031932478
0.05088280366317945,0.008560711406123602,0.052336141403767245
-0.07963405836638993,0.020718148358146567,0.010735987950076045
-0.05023924423335181,-0.045752528339004464,-0.07761527535025939
-0.03374405902160384,0.014562707740548436,-0.014019366916221822
0.08663599396585939,-0.0010965729524191961,-0.03779354852757192
0.043849929378303246,0.01957085725983225,0.0715436885341551
-0.03956738645337689,0.03974759586979924,0.09091886057876988
0.023951492735812797,0.03768969769530517,-0.031364249923953105
-0.024723117990947865,-0.018411376735235654,0.03006007164242111
0.021719226823374974,-0.010578336597452248,0.07545960646068814
0.025453414037812407,0.03636570397032862,0.028725129341086342
0.037578561646834874,-0.02856463949281601,-0.023481611316711722
-0.013046682447499298,0.0011369185978547976,-0.010066337654267857
-0.01266835747476364,0.02994041121637998,0.03300535061979885
-0.07577968273494418,0.08167287203462696,0.052067590154494955
-0.031914445478101516,0.00013281342639917884,0.0009475595995424753
0.026349099654894542,-0.02067856406210164,0.11278028531921216
0.07870637078972385,0.021550777459961843,0.09018563419724185
0.012877941741135261,-0.013125175990838626,-0.034217748499457135
-0.01899636279613509,-0.006177227252354929,-0.05138220434767645
0.053337145074568035,0.020452557909871907,0.005261975209495149
-0.000871475325996799,-0.020098135762622114,0.020072138088526884
0.015283956363242455,-0.04189003440406915,-0.0006634149708317841
0.07952384251540537,-0.006315255209093838,-0.0023456921210058476
-0.05723837157998388,0.011431807851201082,0.005539615767196245
0.051210357800437194,0.01555206382999278,0.07616936493661047
0.04921936105394839,-0.0415315097493147,0.04330024768587419
0.05458562706118481,-0.04337796333456229,0.03708128531258243
-0.006022780413190768,0.008167827360203678,0.022994452429435867
-0.07437811733945365,0.06318495043354486,-0.017827254512131956
0.09429454116260763,0.01102477416142695,0.02090134022142279
0.01397023539920127,-0.10178155786608382,0.04488916067264581
0.0029025300756034163,0.005437271213046671,0.012425410318236747
-0.016812032173329473,0.028614181389246575,0.0015945681189466626
-0.05667598148837972,0.05538102148841126,-0.0026807838467655595
0.026032634368383083,0.07048881439076671,0.0494882979356477
0.030448145556898558,0.061182557996472466,0.03489796884456591
0.012657548850174437,-0.02510816524301091,-0.03072877514550264
-0.07294116578312018,0.02753790442722174,0.018320192227921972
0.08449950068137091,-0.014024795428473999,-0.027602809461695035
0.06531277638768357,-0.026511130733498374,-0.03630263159085451
0.08990444320702926,0.08309658274035844,0.0789821125726391
-0.06021120416328021,0.0003738233833666671,0.11441077785078144
-0.008817625026960273,0.04840150581175375,-0.03124210361293692
0.08567982378528306,-0.08037049370906066,0.04480975744985369
0.008945688138147173,-0.05464918123983804,0.03997590640892461
0.01554607573098697,-0.06940411104194688,0.05189600551024499
0.08508156752284372,0.08455396937682319,0.04755589665831948
-0.021537367013448896,-0.007068788912393802,-0.03998315939800032
-0.005062335224637903,0.024316457808061534,0.09613950685615051
-0.04747756486654618,0.07500071225607291,0.018460589235099946
0.03193079484901316,0.04674242200565423,0.09813860771644353
-0.02953450817145854,-0.06831046633577428,0.08891856844606019
0.10665905371082733,-0.10035671754720617,-0.049555194493069915
0.06343405670760514,0.03013891921934772,-0.03236677168608676
0.029026615208171066,-0.05301354313475732,0.12764279673236192
0.052603143451490336,0.0223965526499432,-0.06224783819179222
0.07479216976612404,-0.09470933748464586,0.09677994292017213
0.01521869365239256,0.0829265537141826,0.07479327668408339
0.029588243527797924,0.001223243305970935,0.022053324424249114
-0.017602961656697946,-0.0828814066655604,0.07321385680938486
0.02913689589944208,0.09869995517399649,0.034612187450481044
-0.024379259620155448,0.01710022109071889,0.016031698567811198
0.04811080798076771,0.00021248662754124598,0.057990323071542726
-0.07960341042132765,0.0529690350337203,0.002336382944487077
0.011680494222232628,0.0018472427353390629,-0.06638454393635254
0.007842680047919449,0.08252323816167163,0.01709691744665986
0.002935496255249012,0.020680639508024498,0.029222701983345603
-0.009732681228165237,-0.04969451931452678,-0.03885431620267238
-0.02232514944740229,-0.012722581518538929,0.020479362135640968
-0.020747647459206098,0.028237400482953312,0.04645899476699817
0.013224959499654167,0.018958823016973454,-0.016069863627904968
0.008497093651447327,0.014099958966753727,0.05778617191888469
-0.03659228518925163,0.04598784986267656,0.11045095230876817
0.003996857206320139,0.03723408536567825,-0.03646080174943227
-0.0634678686444579,-0.09878856716691468,-0.04108256807401066
0.024439938472924957,-0.0007039244853376085,-0.04037342388510888
0.013694491632320307,-0.022834462774642426,-0.029933172496723753
-0.0558050063019504,0.017789592729970917,-0.04592944476783392
-0.0016992609754059723,-0.043759875356384016,-0.00035755742563042293
0.02075987327585914,0.06911625378890685,-0.05190004099442291
-0.049475375285319846,0.008373037748379532,0.1298190028303551
0.18883909429526616,-0.04823825479679515,-0.005518880175592742
0.1033895371212214,0.029227461598722367,-0.0265705403187178
0.09687495993073883,-0.0605648494603698,0.021250117082529434
0.02826854108480437,-0.0016206218485769024,-0.056667955266863496
0.15134862969701046,0.021633981144296446,0.01822927581580637
-0.0020600604723613122,0.04023740312019883,0.02988420210644744
0.00022375023450400128,0.0321502366622602,0.045409516128789525
-0.03167293090255692,0.07718407667077325,-0.08674133907934752
0.005522472421775358,-0.0037980814310025184,0.11018011300467201
-0.0604561305086095,0.13209715923276832,0.03654453687822211
-0.030001760412093126,-0.043436371866478585,0.007633523441192591
0.056400657025122425,-0.05687245727271316,0.039126331705365364
0.06841972766920401,0.014474369130151652,0.04373733701178835
0.04188446309589128,0.09124701172349049,0.022684544361509292
0.0023240028173315387,-0.03127185457310966,0.07841950823599916
0.02002165519503742,0.04898537931571954,0.032457115591302516
0.02341313168963888,-0.070655940807711,0.08868312332199313
-0.008933239576680317,0.07882363845096917,-0.0015442605618595819
-0.09204739620098337,-0.021607029850732137,0.01013548647014384
0.04500397203335507,-0.03769012537257417,0.007683228012904717
0.052891679938298075,-0.005128080083862199,-0.06992076785255358
-0.029801686060284875,0.028156257719426786,0.04895934429084209
-0.06889247701197532,-0.03967956773609099,-0.03526629345130484
0.09582844073137092,0.0416593150899249,0.09721008651024735
0.016654676999994147,-0.0824074745995222,-0.02114136814223287
0.03615644259300774,0.04997838070843618,-0.06548518345580402
0.017996405656592263,0.0025991445208809476,0.04979130802001028
-0.04775845858200626,0.017370047081755546,0.011005507167205459
0.01611300044973831,-0.11126138693998475,0.04038305304151416
-0.0016571193814792651,0.12297320145802863,-0.009426821819478758
0.16648497440638452,0.0030653529524335204,-0.012607152940311868
-0.019354464242041937,0.0004290296175760667,-0.01660971597937445
-0.004478494824157324,-0.0572300009887528,0.010994635436258247
0.0751844162283448,0.02799347239712846,0.06749383009842666
0.07595563011128688,-0.00928725728987537,0.01951135626125546
-0.07071737353198626,-0.0028463268367050526,0.00042281231870429543
0.036350143319920605,-0.06864131849678273,0.005320252309641192
0.0638539668891259,-0.0543139965154672,0.017612160715945457
-0.03750104179147909,0.05175752676480557,-0.0884666766638035
0.031038706355905617,0.007730217187829071,-0.02759586778825603
0.0814004672054735,0.06516533210166071,-0.02097700845957809
0.04848575165704402,-0.01407268531715987,0.03733368704541014
-0.024631525235506005,-0.012099453179239718,-0.04190110995648705
0.10728417109271648,-0.04310342758823092,0.009258550320759227
0.013764336427942208,0.03903541267756098,-0.010376960222952553
-0.03428167977973928,-0.06411836614753137,0.049808803924827526
-0.020917786544382037,0.09096063155897645,-0.06646800605977048
0.07080126270071398,-0.015254013459173767,-0.03324355145720545
0.004544147560568165,0.09900315163425283,0.012186658150368965
-0.0265166618189795,-0.0037900840938447167,0.033114363802543
-0.05930308120073193,-0.014243436397814268,0.013405012480497113
0.0011057395567305745,0.02577853212679511,-0.0036176303061571844
-0.006315905189917889,-0.017579744838655806,-0.06086059727960155
-0.015586833145253108,0.03040722635934468,-0.056296553572164586
0.07941004123818703,-0.10915378685470997,-0.07241545116050047
0.07906491103943337,0.02454814592360982,0.014233281223801686
0.02753540984206749,0.03927597802171518,0.03419002168547242
-0.009865721528263344,0.007667575085378816,0.02236318946648501
-0.013688573366757072,-0.0014705340810327147,-0.034742986016257915
0.07067348423786883,0.03764439256328782,-0.009201736443213166
0.019969118727979324,-0.033361707998260694,-0.09456291009693597
0.016493208949622883,-0.06698697457143116,-0.07874388796156187
0.032927549541405365,0.0248831551773099,-0.06537742603940004
0.056557501986300475,0.009140287082581671,-0.03143731867291546
0.009068089386193984,-0.07808340351753972,-0.02661397360041603
-0.07069983265179909,-0.06212805587555008,0.01670678979137155
-0.0887242127135502,0.019807051958206267,-0.05307930544267504
-0.005287288582028116,-0.0018168312076286258,-0.09775415767038102
0.03519555602260997,0.0063861450279420464,-0.013294551874283172
-0.05444098778207897,0.03801120153150072,-0.043484717120115216
-0.0937726123438219,0.013848071234221779,-0.006908053225628833
0.006971143021496904,0.05116414001106683,-0.005236422024644153
0.04177769336301801,-0.0469450974147519,0.03094111244511659
0.018429063886119146,0.026401356481640104,0.027733914417809827
-0.04192847397286993,-0.08688716962096292,0.047967105780115996
-0.040629208309269596,-0.04731490104442723,0.011645544231245954
0.1083710261088755,0.039691680249907386,0.03478615278020765
0.06614629283391343,-0.012265111185574822,-0.12510754265728682
0.022362762671581438,-0.017064601392141925,-0.04515706593582258
-0.017060009644365555,-0.03954383207053647,-0.014216050707596703
-0.05263672542072751,-0.010679266798887244,0.05853353261591585
0.00607164620552092,0.03301096898636964,0.01851226562876083
-0.17356876135973637,-0.06489779348711172,-0.035705201334312
-0.010862111239194687,-0.08315513437792309,-0.04646590393742123
0.0054860851733391815,-0.06624250791868964,-0.015026147175009422
0.05067467971846782,-0.05355384141079424,0.0034639162922342533
0.022058602294321113,-0.1493727730262122,-0.039813695481059695
0.02330235662116965,0.043114345905457555,-0.08221334842931155
-0.029046445983846394,-0.022603369731733332,-0.006003330958440583
0.01882184346054897,-0.024333152730939382,-0.06373578518068508
-0.038230460025118734,-0.021656785906985145,0.06999539388340484
-0.05002065390808079,-0.03821633379085921,0.015069563345986086
0.06064565832991957,0.02039464805850549,-0.021953090177154678
0.06169313281569411,0.022464960409505748,-0.03339865537085447
-0.002171256937380477,0.04698317147638387,0.03407106690381626
0.03400572828120754,-0.05207262537837762,-0.06596345645079232
0.013733533643999811,-0.06519204883708601,0.03657342375926905
-0.06169292137030931,0.016637141338089613,-0.028906404326125488
-0.08113201846709066,0.05761743714367016,-0.0023576211569821363
-0.06055683869884691,-0.09721366519013244,-0.011528737179018346
0.04816021052159451,-0.030901010079363876,0.013799413369415474
-0.01977057511922582,-0.06592861395226401,-0.07575667246480826
-0.09656607752706056,-0.031071959398552916,-0.03785746219604505
-0.0331392635019761,-0.029975857451400887,-0.04474155781172856
-0.042743223271859844,-0.03901654835697912,0.052995502720529795
-0.059488063879855495,0.07669966537698769,0.03081802700876926
-0.1004997067832317,-0.020506453660514547,0.13511164440226325
-0.03195061923834189,0.07673576791776429,-0.009042927693065396
0.011390921124917183,-0.025883327009400527,0.012893559592355379
-0.06404622890268405,-0.03711770504712823,0.028777450924864726
-0.0687199230706694,0.04932004433242355,-0.03671275668024801
-0.029344431892582186,-0.03421857501000938,-0.04244284817875117
-0.04049218280892973,-0.08332581559451858,0.002592062152906749
-0.03431464295863965,0.009985064839391294,0.036806426093135974
-0.0464337700771235,-0.10153011527411211,-0.08951973073952885
-0.0025203951202854707,-0.09820757281554958,-0.06484593688286472
-0.04081812043117884,0.0286747814736175,-0.007052885037140331
-0.07695931983641155,-0.07831300806821548,0.07021277104365227
-0.11221822430080627,0.004756248307326703,-0.02302620644072758
-0.053032183057084764,-0.022129310181966476,-0.039882350158150934
-0.05534097542971279,-0.062014907709804,-0.04676503567908084
0.025296749694734118,-0.014280903362710373,-0.032007043881369185
-0.058547879788865026,-0.0023647375665060977,0.03875435942827213
-0.022077951379995388,-0.01953978240633986,-0.07501930368917732
-0.03658273212253277,-0.11194240344779707,-0.10342543494005711
-0.025466627323613225,0.0058515262875446054,-0.009776580461418709
-0.012308487906393266,0.03609789522908269,-0.05671645663943263
0.07858002832139074,-0.08856693516518507,0.05788112312294035
-0.03796197562240515,-0.008499384939642175,-0.045150150618769286
-0.026892967684434204,-0.10428408867541117,-0.0553647968554263
-0.01950057967828345,-0.1445186369302848,-0.08577842449455518
-0.0621299024467384,-0.03176953280509806,0.03276916446624817
0.02092353019215595,0.0474845309855796,-0.07957091388788265
-0.009944675208324667,-0.05342269627043221,-0.09991418777327796
-0.03566200866281114,-0.05908128896215335,-0.013463868164496254
-0.02349816456743956,-0.016310072224602904,-0.006602945084716099
-0.09953805013717672,0.026573676976861076,-0.0398327576130036
-0.004361983642730893,0.02253841001410811,-0.08018189442357254
-0.057462393812715395,-0.05401197935065352,-0.13288172766405443
-0.13707890904555153,0.0321771715203677,-0.04995780802490678
0.05679887026058218,-0.12314015158644968,-0.06951682076306483
-0.029940660135541267,0.02139890416416038,0.043494045058837943
0.010385997657280422,0.016961432904623163,-0.01410926244769518
-0.030270292048108334,0.007795265750410448,-0.007003664661559633
-0.10960243787768688,-0.08750004158371458,-0.027906926979160016
-0.046961290050431474,-0.011214281620238931,-0.03882736872663235
-0.11523988307896241,-0.08136212406553497,-0.05184731232134674
-0.038344980676694056,0.02560291277815364,-0.06131077350457008
0.011828760850126317,0.03335787136285935,-0.006214595156827022
-0.0004503951844815231,-0.04532943690507267,-0.031161148217704278
-0.028282404689809793,-0.06761971508201006,-0.014103857117529655
0.0506993983372246,-0.09575386415051233,-0.02942703730403417
-0.003945536599780964,-0.04493624517233581,0.007104407711577717
0.005090219316237449,-0.022800630972711077,-0.03463795293093248
-0.026190617930907784,-0.0015859328683072924,-0.009869091665602006
-0.053261225253542814,-0.00011007777704637525,-0.0566987229487956
-0.03770973669578685,-0.03660703550545235,0.0748728148994936
-0.014521733022883948,0.034613750966942504,0.037353965508159
-0.034683041336282514,-0.003948088662007234,-0.06748040834862981
-0.08527410776780533,-0.04177890681950783,0.06360724803343559
-0.020956117747470016,-0.07411945174126174,-0.13607399529702208
-0.04394711691466528,0.024036657864193497,0.002704997619444611
0.00781841300363317,-0.039051668518145136,-0.009133482989880561
0.0380747658015331,-0.004609661357767582,-0.07726139475764952
0.014779164291666185,-0.019018510184395494,-0.13071651053586822
0.05157606629771863,7.500596424945064e-05,-0.09167474213657982
-0.04137029101053378,-0.014381668695651205,0.033281942592801775
-0.030939437515507866,-0.011174632292952102,-0.0686640584331576
0.050878567316848894,-0.028641272545291023,-0.03584884846362232
-0.05282985804732923,-0.007189245510163238,-0.03655603333901988
0.013001747397626648,-0.033250474009130414,-0.03464290033313477
-0.044596263865355326,-0.06466372696624736,-0.0957522717731121
-0.0009635941297451052,-0.03384902806189265,-0.01010505628488007
-0.04684018205053496,-0.005817816752973321,-0.009533469383994133
-0.13374359524621898,-0.03180252174399278,0.09807483885607021
0.013061216417162673,-0.008565814911559702,-0.050273513396563496
0.06759471582804322,-0.024737089243334925,0.06639089100326553
-0.0002735496782815816,-0.03556222145007417,-0.08965807794212383
0.061339220993313,-0.11376879255350611,-0.03779865555586344
0.028135918022061505,0.04697581024374013,0.05207359662389087
-0.0977862940778101,-0.029604856391523438,0.0771965043989319
0.013767337755721601,-0.03879512292612893,0.03147227551428082
-0.04471794408807707,-0.08291711560845968,0.012388424793279482
-0.08551806912026232,-0.0012805680526495385,0.009664537803768858
-0.028123793653606042,-0.09961426165289697,-0.006283402263514419
0.04296539329989357,-0.11964574078825922,-0.048935948825884534
0.05331414064420776,-0.01434022289535964,-0.01769750476435883
-0.08537650898977804,-0.04738196363618322,-0.019827195469217376
-0.06338872625039968,-0.00782552443578463,-0.08083522212484456
0.002645814640766554,0.03200145516222948,-0.027505238739171135
-0.057757183757109275,-0.003275165410954359,-0.0033279388400959155
0.013991543534975564,-0.12206838042458742,-0.03865833329725273
-0.010231618252182557,0.08408938461041462,0.020563025459150806
-0.053197221346257206,0.0023806023216210673,-0.10120440779880487
-0.0051147168204630465,-0.037478810422289614,-0.05583233942520364
-0.008701737246491734,0.044449230304216325,0.09259599074216004
-0.10090725677384686,-0.023501425324314106,0.045823495605369115
0.04983850638730764,-0.03825454657264594,-0.035380050913505524
0.05379604250080334,-0.03106563002488837,-0.057567638385944066
0.013188902680368682,-0.008923022738700945,-0.03462270333369835
-0.0006032247160483936,0.04129522149741927,0.029475599010878692
-0.006978716600192805,0.05300534321968357,-0.007337034805021021
-0.044953220100571456,-0.09159020219891653,-0.04922932986443671
-0.08728697458982085,-0.04763186767384417,0.052677767179940355
0.013292601928628531,0.030321233034540103,0.015539950370761857
-0.019025136212881013,0.009480982832227005,0.010520129570587865
-0.05233430859192718,0.0624501615835144,0.04077185357269421
-0.04973385836373162,0.040184030316978064,-0.04833535199869736
-0.02007552640881507,-0.04267367546672793,0.010055991977460908
0.009804873227370321,-0.07332515705548237,0.09710982965716805
0.06801500516475725,0.07619411921465913,0.031128082784116086
-0.015786110804072478,-0.014513988473370487,-0.040147947869613135
-0.13695355530163653,-0.004943321197310782,-0.03429602906480768
-0.11024274515056535,-0.04289864246307583,-0.053265608335284716
-0.003488893720712454,0.023976477993781536,0.014588161969274673
-0.0279922469909748,0.02582098169011647,0.00491712232391151
0.10570453121621717,-0.11063974573559804,0.03341753996900548
0.0016880980171270453,-0.0640882934316008,0.02879322114764085
0.02156755334526703,-0.04725358838309531,0.11495447125219162
0.0003314586934565211,-0.1120268187412255,-0.07358253180492562
-0.016041571207386213,-0.07022945812351766,0.07260576230157294
0.05936316427589471,-0.009981386158825668,0.010434133053930091
-0.021336871068081013,0.0020275861402690347,-0.028341485629876602
-0.019684353752219025,0.022494315488637128,-0.05770262650512952
-0.05146768431790323,-0.007251228227888257,0.02060986751697829
0.05369523360584562,0.07082722657437412,0.030046800516160724
-0.06798760404008582,0.00855606255242067,0.015460240807194605
-0.029345685715403573,-0.01325914249410495,0.05506949688013544
0.004731597384625762,-0.0675491010205487,-0.028681879532730818
-0.06376834746366758,0.06147956296997447,0.004669361101346001
0.015185801533925718,0.04248169784387912,-0.09458907709986195
0.036414764884681185,0.05956730078525114,0.07389547104229187
0.06687720085362556,0.10035366701732372,0.06956181004363476
-0.028865317747451918,-0.004231188083176742,-0.016569777781695744
0.03271260363120295,0.03685733154856698,-0.06962789795408553
0.06855214295180144,0.0066480382718492395,-0.04679774343766189
-0.06926628421239142,-0.0014747891264544428,-0.017575056557349623
0.03773842488154288,-0.07783934518725083,0.05005318950663262
0.0211102256319926,0.04078662581717389,-0.027408709242628723
-0.0025476621385724625,-0.003915707515550971,-0.007306339927083615
-0.030064001168534152,-0.10397044917026983,0.04839356676010982
-0.08596736908794912,0.03717891938375702,-0.048007489415435936
-0.05329640143638693,-0.03795420844733449,-0.040631776142463924
-0.03492765325147795,0.015452873184614122,0.014407059039004704
-0.06194174393951296,-0.06300281396879062,-0.045008908097796584
-0.04828640792990891,-0.03573690902374756,0.021601978870318655
0.09696181689404416,-0.019785071158779723,-0.02315683249084105
-0.04899847415994525,0.004318273225170258,0.06609225195866192
0.07051339181873015,0.0006498085774802745,-0.0659529862965172
-0.02374320917377318,-0.08554786549032498,0.05631137410906023
0.023759523686401354,-0.07395710468777142,-0.03228186339998228
-0.042026342247476194,-0.08696202595850193,0.05572537378396178
-0.017259204102341715,-0.0304351793125042,0.007147989716134221
-0.014939548251104703,0.012050957288636685,-0.03775134298241879
-0.04462317259909499,-0.0144447719687381,-0.07377404194883991
0.05834185482006137,0.10419322775116004,-0.03462874685611446
0.00018962071757761467,0.013107146615897486,-0.029902763828524328
-0.03838120207389123,-0.0029575340988462068,-0.07939243193017817
-0.013424659216378863,-0.00113237781937469,6.0892818448572694e-05
-0.020667988388936295,-0.025159554376407153,-0.028751182633677604
-0.05922103970781725,0.03524707040882772,-0.05978941171501037
0.008865227060066297,-0.028940013819277265,0.013478095453380495
0.07079205095396876,0.07164770926491208,0.007353466556581204
-0.0007934746995769864,0.07856595698463222,0.023694559891586822
-0.03033624815932393,-0.014752456015054045,0.03829017307033987
0.06800996011745403,0.09182081991303676,-0.10602836387998474
0.025348105426842467,-0.10293743511584,0.015779025020710116
0.06195789955160941,0.03312743513546204,-0.024057688790749827
-0.05162996372502558,-0.08221250348276633,-0.011169462917957578
-0.07658439523853845,-0.020262521985933975,-0.011444450990410214
0.07033353057248011,-0.00796593694949453,0.13441863887195968
0.016914450690757192,0.12583028497906587,-0.13288888434479187
0.027248723405384485,0.08305672002052877,0.05817092093757067
0.06414379353139646,0.09389815417720929,0.010522233697210327
-0.01824346212132764,0.009395411894360729,0.10950697924849248
0.07087497674060883,-0.008467697234714371,0.022407813164224973
0.07310133797409266,-0.0790377510659728,0.02906291973155919
-0.08100185235246218,0.07490080130132415,-0.02330312806365662
-0.031252910375622715,-0.027482169484495778,0.06607529464052343
-0.00893890156035325,-0.02291815317923735,0.029041511097693366
-0.03700024287840249,0.05244807298688217,0.10404443769366191
0.09523606716259217,0.09038391801106446,0.09016801583365366
0.04902032439969737,0.004351251243180844,-0.0054551435303891276
0.05023566090412674,-0.03146739821255128,-0.013208454261772003
-0.08220942654592046,0.05339638270911059,0.02460840827876222
0.08117238399197467,-0.032736631351502295,0.045872153193877184
0.014881324838898476,-0.0970510741723573,-0.07290230374508451
-0.023569795018558097,-0.04085493586623034,-0.022476804699195232
-0.04926383714151812,0.0392049411808395,0.06361038411276751
0.015615210728667027,0.001693197582383817,0.006223767322853809
0.05843963377365033,-0.10404962651626064,0.03668836728068502
0.010808129140312593,0.009716119344959853,-0.007276129001773515
-0.1201677856145277,-0.0028790939155862224,0.04114960507140601
-0.1548344828295474,0.06589788790215714,-0.05568115223862119
0.043304917234253816,0.00630898929703127,0.029716830956393953
0.035972978020533786,0.021242857796259104,0.12421595191095425
0.011761187122574353,0.01741947218887816,0.019866752699348306
-0.015264166136365642,0.0013153996422042707,0.06509638303008132
0.05585085688588588,0.016073160312765792,0.12757081098065828
0.0952448966630012,0.05393105434384561,-0.036225989988818506
-0.00766314397984783,0.05576908347437183,0.02574806569116856
0.004498716536839507,0.07601137206180114,0.00019126642253410216
-0.02448639105608453,0.06947912312996588,0.034481896534259794
0.07230319114405771,0.028336705679898475,0.03627880922326196
-0.0209773285217266,0.07776487058241671,0.03304187266193025
0.015609623912932313,-0.09790905863405748,0.00603963250637693
0.021561267632757942,0.0752626116358372,0.027219099578188587
-0.0581213860238978,-0.0989070542398072,0.019794587434481294
0.10690997102350641,0.08507989293328727,0.08437632335713655
0.0180250247287866,0.018229442319805958,0.07420433317829743
-0.01699870726512716,0.058386287477972226,0.02409445377467754
0.10345501294166715,0.06462305344328365,-0.07845443727245985
-0.024512494793662853,0.04299623615064663,0.032270490586568924
0.06079004416250448,0.051685532972901,0.026175317793475324
-0.002731513664989405,-0.039584621445620576,0.027016035326095884
0.0032674047519836626,0.02480654119038203,-0.02962433504084856
-0.021216174061475745,-0.08463999175822505,0.04974842256446961
-0.03279760876714237,0.05073847513840646,0.04491834722291989
-0.01038510437128248,0.06360192247789484,0.01686096395866863
0.09711639650110904,0.1635410579716053,0.058535198541485325
0.14739308047777988,0.07761418714697091,-0.04823536851128139
-0.013853552314462086,0.006526670931716785,-0.0223778976670266
0.04562724018742395,0.02401327006776414,0.016430379955754866
0.01372841947133452,0.011168882582011371,0.06013757073284513
0.010315588024142888,0.030024208576021682,-0.005439183482763517
0.0804463484820154,0.020580052592082197,-0.0026622219382724
0.05080470658551692,0.026202557022210773,-0.10095388057175866
0.019215541448819415,0.07513034429342809,0.029074070802326372
0.09732532774403274,0.04440100191441582,0.06553255580180212
0.0053968228971797184,0.036814012756509445,-0.011746628795854221
0.08336618182576258,0.0514004647949616,0.03376055231854229
0.0096238154025941,-0.003535027271611202,0.051274025180941235
0.07503929057221416,0.07971672701171156,0.07126478169847811
-0.01652194618009175,-0.03824232598915673,-0.0008188813701517639
-0.023535059750285522,0.11160681126658223,0.06770047523986164
0.10798318497167943,0.03605778355506841,0.0402258496817748
0.06222981598672924,0.004409963376109575,-0.08101083744914392
0.048563094490542316,0.006625583357629411,-0.03888151832441761
0.019896844542354682,0.048318936482872867,0.07361400471574772
-0.012214369473125767,-0.023563263895367195,-0.0740970108259936
0.015231478857731844,0.03500455326302139,0.05470516648454758
0.02567071628494874,0.08755259307264592,0.050854036814326986
-0.04030963072741242,0.003991087071451172,-0.023039729048101917
0.034198103027071554,0.028548793942220426,-0.0043729323263341155
-0.02100704347138632,0.06888080089181985,-0.020694449692525697
0.06676988874287801,0.03513552288697804,0.004890950649673112
-0.08430655894783917,0.08858325740239142,-0.007609761013452208
0.03936687845972971,-0.005870983509066636,-0.06310905183529847
0.04948083641378057,0.03450476110793403,-0.06451814588248975
-0.01574332773543195,0.044028374365992794,0.03241201631977795
0.055378276098199765,0.09325763100676203,-0.01788129549931737
0.031080816267676246,0.0404014667378088,0.01639561089949128
0.11410728155883187,0.10117334338728146,-0.051306141831828925
0.013739174113417445,0.024152701636022796,0.022846168375552513
-0.043848677810431134,0.07332218036494555,0.04463555043159572
-0.04281840457299681,0.013902126651278057,0.13490886645200534
-0.03502033383323851,0.06003482829454601,0.0014653560843009596
0.07042991931664826,0.019285307377362813,0.10193184904820138
0.016948839655940143,-0.005924223397485103,-0.033896020305201786
0.02587186989789018,0.07025998501613132,-0.08334711354243048
-0.03419387919652845,0.02304549684744061,0.007800397533704309
0.07482764021844808,9.393227276028107e-05,0.05618098796839141
-0.015304010966156547,0.010114269614091434,0.026824680478858953
0.011093298319868364,0.04944513035577227,0.019951939902900354
-0.003791562107239299,0.04962649965759622,0.072408232705985
0.008841657512107725,0.035029902687047386,0.041107483366438456
0.04724922595135739,0.040189832508627114,-0.000865226895080326
-0.0008180751869642511,0.02132325897459847,0.0753925187282571
0.03498707609165412,0.052744926773202715,0.04925131866656535
0.07583043888397885,-0.06368344337370214,-0.026113712347497126
-0.016714777003704575,0.0747268614172226,0.06694982574432985
0.06488246982623967,-0.04569879322467221,0.11091468706873757
0.04692046906801511,-0.062424091343392066,0.04990008695430168
0.008712943011903956,0.04552086874760945,0.08359669150857806
-0.05874597599055805,0.028868357046175765,-0.04239722266394434
0.05044456474050657,0.05210422452435447,0.025893281794440844
0.029067332932523254,0.02538465743300051,0.036688124738780206
-0.014835855799315456,-0.008624429667581375,0.028722337203272108
0.05541917006822533,0.05651593499761323,0.06351632918593583
0.03193112113170601,0.034899207532683864,-0.007473340597953817
0.09599114429713684,0.09585701332007311,0.04318100871482593
0.10544516339340453,0.006787225287502625,0.0415630632512069
0.018553115250716675,-0.04845370906782225,0.002402948163468994
-0.0068747829936596505,0.023684443821959347,0.026596837356296917
0.0015471631497549609,0.06723361810112659,0.02142912167179425
0.07770817042629054,0.02403709480097456,-0.05303012851177738
-0.0198743335710857,0.015749525931863195,-0.018683708370066422
0.023484184327288743,0.07578730089030537,-0.027251651721010333
0.03263895612381287,0.03133500486269056,-0.0484573081917151
-0.0009746517511952848,0.028225728446525496,0.01940379672563136
-0.00017410663575341372,0.10847516300885815,0.014678420562405349
0.03492619968804351,0.09728701623427226,0.013569914341919072
-0.00830504093926097,0.03627924751073103,0.03986370236187231
0.10081529153748747,-0.014338384181917121,0.07761715989546086
0.007411710451057678,0.015103957176690101,0.0656661950466084
-0.06890960220076196,-0.03047231947022415,-0.06628782825373765
0.10761830775614559,-0.007044398131418529,-0.013642249641733939
0.010032325787570098,0.03198345558709202,-0.03336391772810516
0.04651562594171661,0.1402356388672013,0.025471980226939597
-0.009832277413880873,-0.08743111380001439,0.08172014940813306
0.005264987281321449,-0.0040844041274287965,-0.0399403283482916
-0.031317369028637604,-0.020854930509564537,0.02509455724904977
-0.040230431401296826,0.09322457618137252,-0.013277426285254596
0.05313521020260972,0.016869367495312867,0.03972299196889907
0.02626642446923344,-0.04657649630190908,-0.012019878419392241
-0.06373045493635508,-0.004984356974169804,0.034060690457025304
0.050639200697881345,0.0011708762307972957,0.029380544045760442
-0.06522510864530047,0.0022841230107967427,-0.0349621419456052
0.011942687023516528,0.023113355957087668,-0.09267894541741875
0.06375437979757372,0.05060299883543502,-0.036124264403810585
-0.02702950324979217,-0.02771800453744791,-0.08100330075728553
-0.04741748583749404,-0.03082209155425509,0.023561664160299034
0.04317811895658074,0.091329781885326,0.036792760617008
0.005966885753316057,0.06320340140116631,-0.007304138812430028
-0.08744186436270265,-0.05630106772842672,-0.057792037838441196
-0.008974664189477649,-0.01779432514901078,-0.04142688096616791
0.056718741147008984,0.010685515287633222,-0.01276622762770293
-0.05166142343500527,0.00459435286767034,0.08366665057748213
-0.060035032122483054,-0.02248354301392716,0.00920264995140609
-0.0035113576964346978,-0.049164748595165966,-0.027467501369638974
-0.06118080031941654,0.051970545616959275,0.01294563833727887
0.01742814115782757,0.060103382174002615,-0.018670059920612478
-0.07759027538156721,-0.008383898841199961,-0.056673590078807144
0.006993099506617129,-0.08160399468445906,0.08958169121891313
-0.012181424348295541,0.024512744176058438,-0.1011601397618247
-0.05948710486418981,-0.016402834369605893,0.04607932561690633
-0.04222246992217526,0.04851435434839908,-0.13314162600171378
-0.023302922057104183,-0.0562690834464338,-0.06884232092562739
0.0736758633834744,0.027212901561360373,0.06081263979752313
0.04743515639862774,-0.002897002194935559,-0.0074729849225187075
-0.04569166180607226,0.054094665901392745,0.08932248421216525
-0.0016374831625362227,0.08834734340864356,0.03770462453532689
0.10800911147769847,-0.09143874847829281,0.05827607075748565
0.025531933240843723,-0.04522059095881306,0.06198048651221223
0.09067473359675768,-0.00016890758842201493,0.05404321259588527
-0.07099947324947195,0.0403528386597575,0.029707764169812592
-0.04249363901300046,0.003417615621388765,-0.0005053364403821213
0.06718068390248888,0.11000992303387559,0.0035753110254524417
0.030020759130843913,-0.01255783277004026,0.015407495977189179
-0.005851841341457111,0.05373199726621929,-0.04730379097047994
-0.017394769401411627,0.026633408733548903,0.05840205855072102
0.03660926461067357,-0.00784793409931532,-0.091640853266376
-0.063028720131147,0.04615297645444064,0.09460160060303685
0.0010099573025189475,-0.02887127611103028,0.03252949916848923
0.06799822523790387,-0.011758816922789449,0.02093377156020643
0.045235364274035614,0.03809755218385974,-0.02425387761781772
0.06071320364650142,0.04261748623150565,0.06205111749328764
0.022664413160542244,-0.044118862608567476,0.12540552935221208
-0.025251833404931628,0.04333660644853244,0.024458633804717182
-0.07671630783074186,0.07511010703396509,-0.03746125151481569
-0.014279257566376456,0.011676550640048912,-0.02677444230509004
-0.06523230791691997,0.00034973431410963455,0.0614659534017306
-0.034229365328946396,0.02756255738073965,0.021962526920442482
-0.07217012231186916,-0.06706330425033469,0.1045668166683847
-0.06440591420500491,-0.040893671649035124,-0.0936716010333695
-0.015369136790357493,0.020481953311139795,-0.06225891377715888
-0.024511314827709792,0.017301201503314583,-0.06573950288424595
0.031229563696958496,-0.04919928221387245,0.06528833989520996
-0.10261964992781622,-0.05515588310407522,-0.053718158989481776
-0.047353519590591434,-0.02398683863201736,-0.04541177272053388
0.030405020878252004,0.03679107577158227,-0.044758583735163636
-0.027431333087819157,0.030726084397263265,0.05820658175732674
0.016212764423337744,0.043316916249011746,-0.0018697045168012626
-0.05190521742745364,-0.08677360576298886,-0.016075567707851773
0.02363254992046054,-0.024702562438111857,-0.09046981042001447
-0.0015636290256142143,0.0015955892895595037,0.048682942224188404
0.09859953545584457,-0.0025568356258701937,0.034125750989058984
0.04380099741301,-0.050444223948362954,-0.03558706290356302
0.01906571269465921,0.04617790932895642,-0.005992601946455869
-0.05381785567530406,-0.004671573728770461,-0.02940009275068175
0.06778937666650649,-0.05723345580616443,-0.042625997500776086
0.014386909964240158,-0.005655520329645766,-0.03645769428511527
-0.00971550619924462,0.0209426097281257,0.025313060144272606
-0.07248991511731989,0.023684480075474634,-0.024398651911068724
-0.0021664254872193747,0.0362955816642462,-0.02515237789083171
-0.001984013656287983,-0.041361429484698994,0.006013973902543431
-0.03424986682519391,-0.03854745781198974,-0.06515143799017888
-0.058769118246725593,0.05157566847353494,-0.0966091555616032
0.018634938154790205,-0.008019120932038876,0.04955003592788147
-0.010218356560416666,0.009248223012781212,-0.001666962020082716
-0.0023586514082137838,-0.026403050243576327,0.01666871932883111
0.030534383572941283,0.032683717299776864,0.051453675222620766
0.03185027837292557,0.01708936982992687,-0.008239661711020906
-0.033690479542212326,-0.03474493219171164,0.03761727609021458
-0.05892720468210628,-0.06751809957719232,-0.02617929214127726
0.03715015194965075,-0.051201657627569966,-0.061078209713808354
0.06380025778959318,-0.02874213851539389,-0.014650691485518248
-0.001213068714534478,0.041148213657737145,0.05243817006974944
0.007697103913181052,-0.019961715210076943,-0.03160522207379789
0.07083844626055495,-0.0765566228657998,-0.038243196690980814
0.016516742452247973,-0.06897844341838359,0.02172621829520367
0.01681901497477172,0.014562722559555194,-0.018248011649367946
-0.13488624208627545,0.010364847236443412,0.019546617562469573
0.04114443034076943,0.021081323447713032,-0.13825411911777538
0.045020581332836235,-0.027409840613085663,-0.041119272521837835
-0.13464576429393865,-0.02573998981306454,0.04516052953701615
-0.07510222470846718,-0.005403584871185764,0.037113483461642685
0.0309258822746923,-0.06729006540059367,-0.0324946590039339
-0.05640100258181081,-0.0004587406018285792,-0.014134833316430702
0.01648629824765717,0.02460665830673353,0.007357160419132893
-0.0170575393034013,-0.0851945910758907,0.03911396311011754
-0.07435248855795895,-0.02870822871874097,0.008261894755157219
-0.09801621471648589,0.011748709457131707,-0.008783879094891815
-0.022346206833904245,-0.03498278736189739,0.13269048315927962
-0.025888015888769038,-0.021119764213225534,-0.011792459671804187
0.03407260596107875,-0.13640029052533678,-0.014222062970093829
0.06450190500447966,-0.024846307428585554,-0.022928564259227117
-0.0160723221080604,-0.031334410397128934,-0.029685573532863233
-0.07854140261101061,0.05228906230821985,-0.05398057902068219
-0.05333814571488341,0.012480506725082705,-0.02509344388593065
-0.026176785688433568,0.02162014909900924,-0.07183200362813492
-0.02191614612470241,0.011426435300804644,-0.09737568528372109
-0.0428668628862094,-0.053307921667730795,-0.001556828385013028
-0.015114674198409799,-0.002493190766796575,-0.023539969196417952
-0.052439275392868814,-0.09132392633814475,-0.04753360085575837
-0.09899175600494088,-0.007070170455869091,-0.0890943208465965
-0.09352471028349381,-0.049060756368760644,0.016699392681038944
-0.06595200918066157,-0.0017739931041503114,-0.10146290747764483
0.0700670529645859,-0.09327463820630366,0.031112046683479375
-0.011944000534644481,-0.004258129657544105,-0.05677923449125939
-0.02384080813205411,0.033907613195348886,0.058230865769021256
-0.02941136169488203,-0.009589684033436092,0.010145719789724932
-0.10138126225523358,-0.05359742624326548,0.015586307373416892
-0.07020929380611496,-0.011076719644434895,0.04107920525525114
-0.029385390439792505,0.03335760120352513,-0.014169959114543048
0.011585157157780548,-0.09304920703229669,0.0006136874126932111
-0.04883209375327535,0.029368160309699555,-0.10141990301531448
-0.008667776163488447,-0.07440521842648837,-0.02020189105808928
-0.004976598991883168,-0.03087838724679115,-0.11485747436174487
-0.03737665077707057,-0.005458494728329103,0.029668395610216045
-0.0003155165178918007,-0.10569554847147737,-0.060006929733786074
0.019913132010102034,-0.12745913681377682,0.011175707358400476
0.046171475741765916,-0.04548998801104201,-0.041882347936114214
0.028832854311697506,0.011555765850630305,-0.005088102331788509
-0.1145168685409186,-0.0899803754977328,-0.06463687989735362
-0.022875457784117093,-0.005342463447030783,-0.0663965087063988
0.04039761395170546,0.01793277315340265,-0.010173660148322987
-0.014260467783529707,0.005895048366830108,-0.02233678303977385
0.06542400665703642,-0.08181083671264212,-0.050261685701413386
0.013918129342901243,-0.013641526920003024,-0.10766672665879774
-0.0959764490751498,-0.019664912823497416,-0.0954094102541845
0.030166957658563424,-0.009065963379931874,0.015904435207644906
-0.03810258610071437,0.030179864455220574,-0.020022096810440985
0.007877776166668734,-0.019991479601905168,0.05406487576475943
0.006519317381926983,-0.08817230620386683,-0.10497056527020814
0.001888964634388382,0.005203789725223836,-0.06241304411738077
-0.009607065204988573,-0.055631769261088156,-0.04498430596994196
-0.01247697402769092,-0.02456995730789479,0.027299387285604253
-0.03472284279099692,-0.05904336213129413,-0.03220477907210435
0.02496553024965993,0.012913808347640401,0.025532949567230165
-0.010618492868311439,-0.08406494005206258,0.020801966117175823
0.029062610469752656,0.05254777651545481,-0.02674922810570314
0.013170742990437821,0.03163992398028201,-0.05632985509527953
-0.054312205923276076,0.037247269182723745,-0.039219414701053654
0.01755671769489596,0.023679391487396173,-0.03975189320389545
0.019967751263637413,0.02596224180669231,-0.019054322991522817
-0.030067628601696986,0.02401502870474231,-0.03041665564650981
-0.12367511517332375,-0.11274137723809194,-0.007850168239686381
0.05573711619305491,-0.0008887491731044972,-0.03285690754754528
-0.008312185004959555,0.059443344068668615,-0.04269121189847168
0.06670965122044643,-0.05197335651347552,-0.030879069181074144
0.059983702320581644,-0.12295318066162841,0.019095660171938297
0.019457180348773893,-0.04536679171136516,0.0164306281247636
-0.008855503809901594,-0.09180628572839326,-0.01364902418592715
0.009633651108789783,-0.020906343047994932,-0.03912015840048726
0.001191294299207956,0.016138660941083495,0.03308250463297997
-0.01182508524096197,-0.08202583152938561,0.05319473849111341
-0.05953237146405297,0.01753028850943506,-0.20065382278914728
0.013703104070406934,-0.03067832208729181,0.07435731221830337
0.03130980162394172,0.0321965364068985,-0.03828472653455674
-0.04570022169812242,-0.08526015586983163,-0.020558543254535943
0.014583358461648155,-0.02240807499206444,0.05109994456029005
0.004026068819966897,-0.09967112575978913,-0.055819272985002014
-0.07888606964069095,-0.0653341734646091,-0.03866908124667981
0.050711423141374085,0.016684383918352478,0.022760106041598883
0.028496614174040064,-0.10089088231569956,-0.013260802223710327
0.027512093796309554,-0.049939623090279536,-0.04095932963981449
0.01732120733938706,-0.07319334423986185,0.01013055067358943
0.002886404960709795,0.05091021706942858,0.01563629595300906
-0.024802023971545073,-0.03178778652150133,-0.06507804666174596
0.0869704729948601,-0.057014314900299685,0.06134323234331256
0.01902891235005116,-0.0511634079477498,-0.03284564712741593
-0.028214883550286653,-0.03667433791650606,-0.05439475042030645
0.13393699384511853,-0.019260338397739288,-0.00821646429744081
-0.013598783522108781,-0.012641669215102836,-0.03277029358008899
0.019141025502442226,0.07237115768259642,-0.09537688745365216
-0.06730854437664877,-0.043909472311634966,0.004387529883850234
0.02379712799455561,0.05462384215667726,0.0404610660192533
0.01966689353516079,0.01553277777285684,0.01727220596536945
0.00327993627544443,0.008446178771068564,-0.12780539990137424
0.03379661111708178,-0.022872545503611688,0.0018599283033014294
-0.018494800653675036,0.05876312350822212,-0.05166220814851198
0.003840922133564873,0.00276329121099436,-0.03250597456938065
-0.07796233975890646,-0.07823321160212464,-0.10576212396389269
-0.07277672025949228,0.0018850849583183834,0.003216611590844262
-0.03808695940653031,-0.09651711788403403,-0.045796152194272174
-0.05715386620799097,-0.00949684405339322,0.009069246741838706
0.0049403006672124,0.09113027291928266,0.004596098837299228
0.033738790519864476,-0.08298632593199873,-0.09319140975585904
0.05561039187395583,0.05019186291557273,0.036794776706200794
-0.0519866363649934,-0.010274685771276245,0.023627831687658196
0.0709449883363085,0.02449831447778012,-0.0405381304912975
-0.03141823430355413,-0.1239119385737704,0.07726008333511589
0.005841131407865192,0.019978844008588913,-0.016571064912598178
0.028086020724696403,-0.04192540298490239,0.03936645876656635
-0.07537189248807212,-0.03237821646879236,-0.06338481608098073
0.03670985920417773,-0.033973648647472654,0.00413660958965794
-0.04471168000886411,0.014967233385402417,-0.06328032657142196
-0.07844931963632232,-0.002842827949535172,-0.05093206887525019
-0.1366244133105134,-0.0451681641237871,-0.03827301140636608
0.08565511018814978,0.10050586140648139,0.05162356153445298
0.006288044917996985,-0.04876937640012307,0.01722718293003589
0.015417496329582007,0.011674573072137064,-0.039780270276694195
0.05174800818280152,-0.024394277099717553,0.06735441055243324
-0.05007325619942299,-0.006175531481172622,-0.029320191655742574
-0.039147646142039604,-0.031052440231593918,0.03428771448125191
0.05349293523863707,0.07531347937594879,0.025534004257265305
-0.0734377665189908,0.012605025077199631,-0.14067187971292971
0.02744953149282996,-0.002163279501382037,-0.09725831862637101
0.017651245376307488,0.03983884896450534,0.031687833329501286
0.0581050005634892,0.01457386944382202,0.07107837052126331
0.03945250250657205,0.04235202376934722,0.0772020154538459
-0.11184056594058538,-0.0616368345037579,0.03766479098925843
-0.03475534294308352,-0.06116271340724976,0.012168211071102681
0.03214181631616893,0.033962753729798914,-0.020191958528003484
0.0017705218535121851,-0.007947624863916956,-0.028245632306374977
-0.004102518768434865,-0.0021930167100041773,0.07388326657020586
0.06862467066421112,0.03883568244174415,-0.002977526142251
0.005112816441992202,-0.11322566510891852,-0.034366042826440596
-0.03382578054060387,-0.00011376269626520424,0.03461917540644812
0.0028270981866766187,0.05651024016918138,-0.008300493721339192
-0.01802299355236978,-0.020638883937011958,-0.008516269475492663
-0.005630721336945178,0.0024174976371823605,0.12316394541438637
0.006340412048951258,-0.08415050577697936,-0.038685314227561024
-0.04906553263238393,-0.028837351359344798,-0.025193134370096345
-0.04318055632124852,0.061800256043909096,-0.02771534737501209
0.015436202101930198,0.01262157139429716,-0.014004474507341847
0.003906828699304803,-0.007347919944372498,0.08709615326870623
0.07138864943987051,-0.04329350978939419,-0.07135354741148742
-0.07706589743914517,0.0337572213852048,-0.07224293649234209
-0.005387983120469513,0.04376213534911367,0.02488293886738524
-0.007161552607743841,0.04759107785318295,-0.01444351318491553
0.017050392221075357,-0.05699730653371496,0.141643459884485
-0.04336311150569441,0.03570600172751758,0.041882067460223396
0.0209264233756365,0.023987884878550966,0.02816718549471429
0.04931712035523495,0.01253851521311171,0.03985387963081627
0.04195647440973278,0.09949129731915657,-0.08994578644001527
-0.03310761058196625,-0.0823796040706796,-0.023052145896539797
0.07476953403872895,0.01695617221146772,-0.0983901242011044
-0.039805037037666934,-0.03129311017696368,-0.015303216995033833
0.021456137175412227,0.062314962192696666,0.04405458779887896
-0.04225626399412596,-0.012068297578055751,-0.0026810083566097386
0.006349545709155548,0.006331222112334722,-0.0985141603910134
-0.049359403442121794,0.003923668777592064,0.009053245674923265
-0.054916807754133226,-0.025649218263386786,0.053708449942024054
0.0913885962256397,-0.02745011345940525,0.016769034450798307
0.06329195124739902,0.029710399836901262,0.018586868518887672
-0.0001348078994564579,-0.021874307684951032,-0.014828876698752071
-0.021580328790236837,0.07963774975724194,0.06400216887925031
0.07812129441464755,0.029253864793555028,-0.03186161395400958
0.00874273464425739,-0.002679161244003442,-0.07443363502241103
-0.027052746409792185,0.12058008945523471,-0.052701290724644516
0.038466514078674144,-0.03676560407102934,-0.061021762187483314
-0.020525944599081154,0.052933283729447195,0.015127773454396684
-0.05203770529518923,0.0295102096389789,0.020187107987625248
0.03980543927625366,0.06793132152085601,0.0726721408478789
0.015945471138626672,0.016668566898552208,0.11253029992098784
0.04407962204369293,-0.0232257866754856,-0.04638488269275363
0.05288930009027023,0.05232965362780979,-0.002372866561804474
0.07237999360538042,0.03124220935076564,0.006244642706806192
-0.0239375630408434,0.10937860321926629,-0.05822693893406522
-0.018890134481922644,0.010549899975026852,-0.01110176141329909
0.02069622901252518,-0.0689396531829537,-0.08454747518183996
-0.02874055588073816,0.035595255927753255,0.06864684084211846
0.012616579830584451,-0.023093072287510525,-0.015037376795525397
0.024127669801449866,-0.04953631938636495,-0.04033642787070704
-0.028482540036344175,0.005577236384151149,0.04864745055166776
-0.004665922048253267,-0.01236802650930485,0.08510725464354553
-0.0847493893444929,0.045196898025111974,0.10551266654863593
0.09112530320348024,-0.00966342529081891,0.08764013234711818
0.04089838408260252,0.04469265068473321,-0.02312291578021359
-0.08941168287801382,-0.04107274481658207,0.057251570881397866
-0.08864903081461167,-0.03402428932673927,-0.020278078417474095
-0.013438470450173275,-0.09414366480972725,0.07485376316346408
0.01783983300080226,0.034670013876582535,0.047491898997767054
0.012248400203138688,0.02302545434150499,0.009472719038668965
-0.02654832906310277,0.009541355623102085,0.03263415915633418
-0.051719679349022614,0.07952816766057953,-0.013386041048216177
-0.0182002850392093,0.06996216986997486,0.023936034997726424
-0.028747699647621777,0.06584277547138113,0.046949093258669396
-0.07556903663329093,0.07483728062020228,0.05016890766205948
0.042805221289270425,0.12027246433764446,0.04599734267680025
0.0579425969415068,-0.03410647995060833,0.016282462140203888
-0.08003285871286267,0.08815174502697665,-0.08091315251914186
-0.03322779288169783,-0.02955739822113277,0.09335834985650823
0.03397113358843478,0.16867165314975968,0.020507337571368144
0.04186729542783766,0.07333808451055202,0.015106099930170607
0.0054892556406774574,0.06673347584794917,0.02904527185039803
0.019899809041356305,-0.01952934416430528,-0.025272766639389026
-0.00768067708406801,0.032427255238484526,0.004325424098808671
0.057869394124359916,0.0010835883623672177,0.06687637220481048
0.0298900536391979,-0.057389941258451385,0.12364666498186455
0.06629639809649326,0.012886651810359081,-0.024534963973199438
-0.010199418527143917,-0.07816039404744746,0.014107641059162634
0.04486588944569224,0.016485264166949676,0.02436899472868871
0.0818791502266607,0.06949983929963893,0.03765096806473041
-0.03820749055583965,0.030651810889543347,0.09833395386099018
0.0485906065267,0.04093584362656222,-0.032899589227239234
0.011911940030207728,-0.05041843680430021,-0.08763203540521179
-0.006076853284458117,0.044381075944090236,-0.026000492527613973
-0.05828351318234726,0.0019725122969268,0.13542608827160574
0.014386539614112816,0.009237943568588262,-0.028046719067511817
0.01229418352486877,0.041650859699079765,-0.01458249222839422
-0.016125099285845882,0.04849986556883645,0.06527658064708898
-0.05564163312818088,0.017889014181293635,-0.013505250996265435
0.027603456142220185,0.07785576593679311,-0.06154545232382149
0.024619994781495378,0.059243269440335825,-0.0918497065474197
-0.057634762694953046,0.03632492477227911,0.033345198643518564
0.09095164497873066,-0.033731062591456,0.040979209031605845
-0.07598404253764725,0.027117099440755084,0.0933064166256988
-0.0526625307587327,0.060723807372616255,0.076008107063938
0.014060563768707304,0.06997898478617348,0.1032518832088464
-0.00781235234887857,0.015867513677718,0.011008713760505658
0.02661899303550607,-0.07013592575555042,0.023476023064066223
0.033104061563829806,0.029824745776213277,0.015318164624263676
-0.08570573247798792,0.08054388881402148,-0.027225999919909257
0.016673762581123977,0.02738987422712477,-0.0379680064899314
0.05781610617957754,-0.05829060725307118,0.01973993819588621
0.016476729413405423,0.04588026424359243,-0.014680550396541904
0.056402368450666165,-0.061381754206597285,0.002311068672263654
0.06717860972876348,-0.002991779511682318,0.023236165237744497
0.02210496995986836,0.0018591829370660541,-0.03637421308001002
0.08015585017629938,-0.006987971357698495,-0.004106488066341816
-0.0026163474683283637,0.01860278253661572,0.07699391435640028
0.046441490417752876,0.02154072846192484,0.04224382296108915
0.042693480517896225,-0.0021034925567349413,0.08484056241425696
0.07248853285353446,-0.022151446836247743,0.052776716463462964
-0.022165111617030633,0.016192464238202368,0.004281888043540702
0.05508443687400942,-0.01797100221393305,0.042386754540645936
0.04613582996126599,0.004417417655352347,0.027303462785442267
0.14390441885004332,-0.0037485970017335606,-0.007998890743028814
0.06894245890716559,0.019403787913689574,0.043326258562166
0.008700480084405809,-0.012933831994405901,0.019236530526504095
0.0031537628881873163,0.0619851794232184,0.023458379488258567
0.0673454092328451,-0.02494121253532824,-0.008736592382829974
0.004820009313671455,-0.026089746277461367,0.06498072417734448
-0.08749689237512347,-0.01508725364151901,0.013887286818006977
-0.046772339124613066,0.044502343357086346,-0.026391210930625845
0.009029393084763184,0.06974459906928875,-0.021176996504693336
0.007125135156484065,-0.021862506749707755,-0.02377036983552905
0.07109256333397884,0.04411703395104988,0.02241929803022684
-0.031149323453066362,0.02516621496703017,0.005342871483633641
0.02230220947548735,-0.04662071578634555,-0.008198313047606265
-0.011107049158335089,-0.06157092967637727,-0.002935262802283952
0.05200204085650427,0.0246920225336015,0.007335350438676513
0.022506623385987082,-0.0060600686730275,0.022066681725476607
0.020766025164746443,-0.06361455437621212,0.01616705996100471
0.004359494600607862,-0.0018876378266813078,-0.11475197725303078
-0.06292836537066684,0.047296719362832515,-0.0013424716628451412
-0.07541603426825542,0.07487011219525505,0.042417293714143114
0.022170681626385635,-0.06904404436912112,-0.019746993088528318
0.059864676385960186,0.06518704740284913,-0.027956182492999564
0.05001598477426174,-0.02361037907419735,-0.008995983077806028
-0.036427927517506564,-0.07187534611030039,0.03832741618230966
0.011964144666005365,0.024188033747787517,0.025146360647098423
0.08500339723494263,0.04507409212791112,-0.006848527332802053
-0.05469243661958621,0.05192882579920201,0.08216736767802016
0.08092447833816477,0.11291007089908939,-0.022245582219732656
0.01336969563469944,0.04554601216411826,0.06529567166776276
0.004989097761148489,0.05632071683194874,0.06849628137068732
0.04835245612086107,0.07789235827409809,0.06430336570964838
-0.022887314360397013,0.058255587117438126,-0.011432407683783074
0.05673711934531555,0.06593861521055609,0.0699359694106658
0.08590988177187513,-0.006720370798183484,0.10393034131878172
0.025814149623302564,-0.016357163023681953,0.03731246293404996
-0.06182024277913185,-0.022790160580478162,-0.044005335926759724
-0.058278780396811045,-0.04233389771822468,0.011512311160765128
0.0341549118872571,0.056886971528009006,0.04526640250091021
-0.04844964864157392,0.03490215358649523,0.03180197222740383
-0.020458985319930748,0.03294469682767404,0.02451727841210249
0.031591084990733195,-0.03689240540081222,-0.006506211948847658
-0.059556659865808055,-0.016934885863278064,0.07360754976998099
-0.03856846775874627,0.0032789692418504334,0.030412473014887365
0.004403611707405511,0.04863352586793324,0.05038959063257192
0.052963203126929446,0.03235353302449018,0.03371394135182735
-0.06112004926640258,-0.023831904010940867,-0.08419554512773456
-0.0526261902897924,-0.03755283935029825,0.0011529171657279104
0.010668648312646722,-0.01251447755402407,0.0074703754608255995
0.058213551829573745,0.09097598352397131,0.002536289179677041
0.023190043402956256,0.0057545253594746115,0.011840365756070932
0.05809057713985916,0.06865320749121084,0.052602923941349404
0.03802374018114226,0.026023554274510065,0.018253504439681108
0.014427292336430305,0.02675017779596183,0.03180766713452588
0.05098167275972729,-0.05793584340411741,0.12011186103854232
-0.0056234504496376365,0.014951086968312521,-0.02149143315509114
-0.04101869815507429,0.01399220392611812,0.09810145681703278
-0.04556893068881637,-0.10899272674183876,0.08400875066276577
0.04931483638848784,0.03562063270512414,0.05069182889912863
-0.010753506638401326,-0.009484791528438672,0.04101717874207941
0.08357742761544111,-0.004616576435401242,0.04249844920047275
0.0490398174798799,0.012597214273264842,-0.12206844946218241
0.023030786496540282,0.013994375020041305,-0.04407713435326988
-0.037515799836315124,-0.010039885224396453,-0.001362891730811647
0.01894708566993389,0.028742747472142022,0.0006603284468861999
0.0346318516214582,-0.03041619164902739,-0.02860169799007528
-0.014328202416352168,0.0413734546925878,0.08556005279360614
-0.0032219379037128886,-0.03365158811502241,-0.04512877752576009
0.07895927125777574,0.009624354369503459,-0.09357705301001486
-0.008940058602168387,0.0043237092379537125,0.03376289142345021
-0.04204644190903174,0.0923284461389587,-0.06908796632531702
0.02570912313041538,0.007058863652541427,-0.022670223057548542
-0.029962139407317605,-0.012993788378832371,-0.008615188574292484
0.01139150141316616,-0.06362827069294423,0.06448334311948696
-0.03174577281015266,0.04814936168402217,-0.05892295146803715
-0.04073290635139698,0.07385190618364516,0.02064009482726528
0.05250986033097257,-0.018199491230397546,-0.0311658994437699
0.10405122072989674,0.08408375634366873,-0.005952200254702956
-0.010999761114681251,-0.11695969553591647,0.013160208041570462
-0.017487772312733504,0.009523871018772554,-0.012295824617932622
-0.056207151783669355,0.010317335633280758,0.08125089646734793
-0.04639647310901008,0.07052038323101191,0.07346441317062301
-0.04472271076286902,-0.01366338574420423,-0.06959407392771406
0.06675493003276775,0.09192155997567497,0.05946747357061763
0.0026482913910656366,0.04577510971087097,0.007748612251296721
-0.02206786884611872,0.014412821766151787,0.012361615013511257
-0.043519509931918735,0.04429854437850752,-0.003411962111692591
-0.02870505650939562,0.07755092880200347,-0.03933175322359806
-0.05452588412562767,0.005705136586203838,0.03175446963365371
-0.13426437509830286,-0.051993872364058155,0.06432362716436751
0.04722068815583176,-0.001918805243676866,-0.06983001303601871
-0.021236106411496158,0.0025717300313490518,-0.06589919900495371
0.04943461473955052,0.03336849306219808,0.014609481708569015
0.005834949954497256,0.03979417805363333,-0.08555970107933457
-0.06396155859517852,0.10056477377843553,-0.09303276063690792
-0.005189357032346623,-0.0169445250949998,0.04909386414865733
0.021536070456266224,-0.0037157780344849165,0.12496857932448578
0.07626992965089,-0.05170560873959469,-0.021843940095035715
-0.007217841904597349,0.03295365466383176,0.009453521310901993
-0.02792918888928688,0.06294029173970206,0.0516055329893637
-0.10092534576866798,-0.05290767501441765,-0.09000748848658556
0.06531431215021041,-0.0002923838685807737,0.061942627542866474
0.004932587936666939,-0.11646033683487052,0.04839828282764172
0.004252045049014217,0.03621424308685804,0.03825442072069405
0.024733709738254155,-0.008429786429384849,-0.09706127222415344
-0.0011384845803285733,0.08508945420738524,0.0053733304745510945
-0.04357570657299532,0.02467678361498594,-0.018203152077664254
0.046256310887344144,0.028623932145081698,-0.0157081486617358
0.10271916101672811,-0.009279699709394918,0.0017331275470704832
-0.017386039338027043,0.05179359082460887,0.04805175972372796
-0.021172535699320903,0.12809117449493576,-0.0237436319468978
0.05426167018195023,0.010561060978971458,0.046119398154266605
-0.02038335599868873,0.008216484628433229,-0.04572367348080508
-0.06151976172403471,0.07959706772145264,-0.05572029034427631
0.09169389396277962,0.020352905595412512,-0.07377818326258079
-0.011141548812781957,-0.024658818454109204,-0.04359906967793639
-0.06777434368381627,-0.04299338981192903,0.0105873071886186
0.015127186565839699,-0.01458661747555244,0.02872703461040101
0.019299352571137213,-0.1140744054062755,-0.02965249751474955
-0.03425850986043916,-0.06391522406490059,-0.020931070194379654
0.014078805582389206,0.03449031542103436,-0.010616544603285254
-0.04441244192302922,0.019869355698077816,0.012007768212634547
-0.09279019501354631,0.07642899111889036,-0.055065935367789066
0.06558877242468801,0.06918336355497846,0.06351987775210635
-0.025869704100178675,-0.07236124649594403,0.009979242730224259
0.04043292886670043,-0.06104116603872311,-0.06774241332705729
-0.009616163396296963,-0.009649640052868853,-0.0432391640703317
0.04546142759972227,0.010744872925691106,-0.007569261996284583
0.02118605246195763,-0.023953058849321012,0.004265240419356499
-0.06939881348971313,-0.04285136079619387,-0.05114822757716132
-0.07244122699145719,-0.04677828535002117,-0.014237660532028545
-0.0650972118898496,0.05275318292078732,0.01627815965411915
0.06546130040014916,-0.08480275822988109,-0.05274268101612149
-0.043749559036965355,0.09103043213384851,0.032374356243430095
0.04054983443938999,0.05165680129381024,-0.07787479364625083
0.006008473124738045,-0.03828779495295947,-0.09290466815176393
-0.08746963834815322,0.06854092447534782,0.01285386277743014
-0.03363691939126712,0.029205105459571903,-0.029229058728209002
-0.016660008889340223,0.02679246244808222,0.0725752061460956
-0.002681198695122772,0.07357809001644257,-0.04454601759969656
-0.04551806629574351,0.027542130492719148,-0.029798924057564798
-0.01743017209321014,0.025006380016765917,0.017151264561412527
-0.050042060596455176,-0.08779611784507063,-0.12536984908355708
-0.05132038402538867,0.020636615176258435,-0.07812995451825415
-0.06943361123536901,0.11372344030023443,0.020094974558829408
-0.08851885330642634,-0.07110391080334824,-0.025273350432446086
0.026205302623908123,-0.0047807074292437945,-0.11886873941146288
-0.01828473144856711,0.00734543077958991,0.008291541144338749
-0.08515786697186711,-0.053843461296809905,0.015640668676870455
-0.04797574395962906,-0.06655419400519338,-0.0573809602388894
-0.06469427315888177,0.023151355175800345,-0.05126481002803857
-0.04052471628423617,0.004853106232561664,0.030107707745828025
-0.0730208896326822,-0.035776654731651446,-0.06791381376217896
-0.130612220365065,0.021177277177675844,-0.06256191800066041
0.006899947618239487,-0.02590392582899642,0.008319027575201459
0.03076717752137697,-0.007624816403608294,0.02630553469841028
-0.05182836068322423,-0.003052711960433682,0.035046269495811036
-0.02201253387883369,0.008107593094883594,0.024711501048541945
-0.07103417368485855,0.02007438153204117,0.008734934337105885
0.030288961271389372,-0.06790698795029289,0.017006541848435613
-0.05367149009319648,-0.07972182438106352,0.030805484577437994
0.027762340133421853,0.03217652307679439,-0.06540531965939064
0.0646143031850016,-0.13858915872020525,-0.05636344053594723
-0.027789926707192117,-0.05094300157286123,-0.05672665478253597
-0.06844168727935493,-0.07170438922156512,-0.012860163003181855
-0.0289608886309314,-0.03741921300144395,0.002903230481575078
-0.0024935435722687697,-0.054228905647150084,0.029364974229883163
-0.017091893989779127,-0.02644142439567514,-0.008387254962306957
-0.01265819225949584,-0.030440286628060642,0.0124103494592178
0.05004091938772173,0.02462842515720557,-0.016801620215143385
0.003600106928814323,-0.007975440705360153,-0.0429064329904439
-0.04310690035457453,-0.016896646864423593,0.037889608168667405
0.018443586704578938,0.01432748374633645,-0.028811462063869885
0.013569094571172034,0.01569855599200547,-0.020540998944061122
0.01189115437416401,-0.05389392965319909,-0.0407265148693258
0.05818176954502392,0.029240747642116077,-0.05203330661137494
-0.07956188235817359,0.03065272441027225,0.05218896088203864
0.02927529932223397,-0.03276487164653062,0.0496033099141126
0.008004911660208374,0.024062091546837885,-0.0649088087533638
-0.08336724516258542,-0.0010856166841281718,-0.0581780928154407
0.014424416037701226,-0.017141468288341268,0.050378701193244266
-0.041793312006184816,-0.00021921071638685008,0.00574862436930566
0.026253378846292568,-0.10542219891599326,-0.01498051133940064
-0.01997599904519792,0.06425085956165347,-0.022267093256097204
-0.03136826210832447,-0.048398812325119375,-0.057398737671667664
-0.07959639578331648,0.024367776742890052,0.09686378172522345
0.0299926633342065,-0.026165303611966107,0.05844546357976724
0.03129610569269818,-0.03769549852648184,-0.0476243421775656
-0.0460574030682957,-0.09098362610405572,-0.04091542011632876
-0.09135209519902736,-0.09794090163131224,-0.04242376218330349
0.03431810935895846,0.0018705990843054417,-0.06025467082628434
-0.02957138608781503,-0.01951018737853842,-0.023428665843663505
-0.061673299002495886,0.0646429454051482,-0.07253827807889607
-0.056870746839433065,-0.05811875460691651,-0.06760889736961889
-0.03399972439355871,-0.12222788823941243,0.03563613405773526
0.0011251304570768332,-0.024595859170414264,-0.020837425407176632
-0.15229036717587302,0.02516036397068533,-0.042552933637341486
-0.04156578013421623,-0.06403364980342612,-0.047822265805280706
0.04943519763817142,-0.057449905561836725,-0.09467384076157956
-0.014558366316084,-0.06770266777353298,-0.03701000300298814
0.011167254454945368,-0.10616784601816871,0.009116620454554646
0.004015442922119177,-0.11088503689772837,-0.029587740218278542
0.013313479030241684,-0.0939236675640214,0.02097811350603437
0.011555930831638632,-0.07809179610315105,0.02735913364625317
-0.059125298426912345,-0.024783910024805778,0.06038433785269644
0.016210197772833643,-0.05969043003687842,-0.029585636211659317
0.0345137912518407,-0.03196565432934363,0.06963486836006198
-0.11610100312877636,0.006440078545056075,0.01916517375622447
0.053738010891462906,-0.06411144869948673,-0.10161013008472233
-0.07037323446146584,-0.0324856235923859,-0.048360353458704264
0.014611308165800873,-0.04284648008265732,0.021396500878894182
0.016295573618614702,0.011092089867056433,-0.1069654305400384
0.006754604817461946,0.09033172739077823,0.024876322472128697
0.06087119173660787,-0.06488994070207943,-0.10335784833525755
-0.026423115077698428,0.06632860167584163,0.010512688203085974
-0.0760873471358786,0.043262606222327686,-0.05601290926908847
-0.06642753951185719,-0.04732892529367591,-0.03230005767021951
-0.003056864181710906,-0.13034057378941516,0.025574619743472218
0.055850725333183915,-0.06569636396645309,0.02320533408540104
-0.052081863442454385,-0.002431764878993263,-0.008724349031192135
-0.05250433833576463,-0.03982492697619455,-0.08368507758006015
-0.024233676493878427,-0.025302201019492876,-0.021023733467817513
0.008910355000652705,-0.022024590227455627,-0.010058506695203142
-0.06623164135441746,-0.001303540334295531,-0.08277679948803242
-0.009691264461655934,-0.04124746898505621,0.0262351681298066
0.005531580002879993,-0.01796510585861803,0.03654265206897789
-0.04529466399209753,0.025936304330658255,0.002138253615762427
-0.07416510605706808,0.039042894302213214,0.07846824403543481
-0.04453317052706143,-0.039269786944695954,0.07543738173869527
-0.06853806546355291,-0.1155032731753863,-0.016803832096229106
0.08249969302976508,0.016604280985720327,0.0378657176806117
0.04803617349795657,0.018168668578624023,-0.04529734636580261
0.015784644273970964,0.0397757399803617,0.02682402796403966
-0.0033067194125376946,0.023088415733935722,-0.008518585106738944
-0.0719269346438207,0.029432781887786492,-0.003081187417580556
0.04007112589060223,-0.06273087869084455,-0.015277050219942091
0.040774160810980856,-0.05077095239357528,-0.09569202769626593
-0.07644152725034979,0.04943875696423432,0.06693363259508398
-0.011293177741946433,-0.002859804727166567,-0.037254960418526495
-0.12553246258203138,0.07348296318006622,0.0736779255063689
0.030182121743091615,-0.00937614983834338,0.026117295202859242
0.0064042297059792,0.05226263998080065,0.06921971895306259
-0.06575658158823725,0.004907470657621548,0.04521870883690002
-0.04660955234242331,-0.00783959966019896,-0.04583528907523389
-0.04924345948058702,0.023754903409387164,0.0551365326427874
0.08155091688021195,-0.05473352226477342,-0.06540772883666161
0.0005616136996926188,-0.02970540469613784,-0.03228129436677617
-0.04072836372419465,-0.020246181052530902,0.003752899108693329
-0.034996610413409374,-0.022384538510047895,0.04109608340223092
-0.06280292400747864,-0.019973127633414044,-0.06203340826606027
-0.04037000554119735,0.01571888298708276,0.005702231773533104
0.04556992252571404,-0.02082564553191424,-0.014133739673143186
-0.0016565912465124587,0.08471803656335826,-0.11185454590898634
0.021330833545184884,0.07133190971620244,-0.010731076532458387
-0.02114092486278716,0.00851013789324185,0.0258444635029803
0.027784491520686558,0.02566858622812975,-0.03827131392343941
0.0078758808170823,0.0246228652352774,-0.031074470013122357
0.006201246255945363,-0.07233992166054026,-0.05165748651673045
0.12496547555339738,0.02648388652418969,0.02271607222484872
0.002057753717515513,-0.01723251837524573,-0.01675784555419601
-0.0019630999505927758,0.022502797920989092,-0.10889612317390097
0.02697167605378082,-0.029324250123910142,0.0200267631326555
-0.10708019650941185,0.024457385251158363,0.03221596100594663
-0.02779817418017997,-0.04631472550612636,0.025161368606633518
0.05219598616641594,0.030058010903197423,-0.027927974329968915
0.09517002491659582,-0.05365511220085548,-0.05217193661203151
-0.06855220350159014,-0.04127354878915593,-0.027537330062978278
0.058339443434125234,0.035555750828391866,0.044827231794097956
-0.09360569644984472,0.03681639173782892,-0.028599319629625232
-0.04419811869779475,0.020620273160751424,0.06473441097987044
0.018037137762750115,0.022984839392217606,0.024559719152706
-0.08628562796680107,0.010484495119644438,0.02708542296283735
-0.05276376710076291,0.058389622985305055,0.04345798494902296
0.000987678303122597,0.0011240397445880183,0.024081445967723852
0.05596973151884941,0.09560570563901977,-0.02272630692273358
0.015167271726362204,-0.004168211968849951,0.05723771302424158
-0.04522777587065751,-0.0030654805097374152,0.006282216290793275
0.06529387937157807,0.05214320130084257,-0.05288811044792254
-0.02637341492724031,0.014388829306202297,-0.1063733325310107
-0.06838634144102913,0.015893898856482878,-0.08543787854857504
0.030812614821414293,-0.03349888045161091,0.01509611067092271
-0.01804434043211763,0.012420037813362993,0.09069456452737759
0.08497977088995771,-0.042110278952079486,0.022629403347189905
0.028936563377674834,0.01064420974397959,-0.042384166476485796
-0.017715570348117268,-0.06257652546089021,0.015834554919292348
-0.003349198614055706,0.011401043679029417,-0.09177056818391484
-0.015542803168171308,-0.05534703173731742,-0.03680376713433881
0.03973236444737524,0.042295479324190026,0.023840452178812383
0.015724777047272397,0.01757456360142029,-0.0499681830111697
-0.034268152726571986,0.022344173084221954,0.06231188364520921
0.007351883724548498,0.04979303401412572,-0.00641604791123372
-0.0383274518674052,-0.11594839806168884,-0.019802064512417894
0.09734114153714322,-0.10150443982069839,0.07664984286719331
-0.04960808800667402,-0.00630942860342696,0.046332709691298574
0.019206481798178108,-0.09422083552649113,-0.04530342349283329
-0.0051247681227678515,-0.052790231703863655,0.02797644014757244
0.012267241283509625,-0.0033693036303969423,-0.04223906436098856
-0.04259158331507971,-0.031979912846306816,-0.04283762562283605
-0.0152836551125962,0.03379716991539678,0.0012782758126936833
-0.0558821814236338,-0.041509780191482056,-0.03380069428889567
-0.05340354101218698,0.08656656755182503,0.017525491955289834
0.03900040184946931,-0.005956901546617354,0.015261129671992215
0.09462094716571931,0.025213997881824515,0.07081087010456338
-0.12987871837702358,-0.03319090896514371,0.035326183404424075
0.007101407889951535,0.07198006682947665,-0.01071027191103266
-0.02329420133877221,-0.03558880167812869,-0.015139888430233634
0.0640185203674753,-0.017450767030670375,0.018515755407475833
0.0024812109040505473,0.04282514617251601,-0.009801121363990698
-0.0731950142293894,0.006825782943851155,-0.039511987929688894
-0.12828754880651044,-0.01043152429629432,0.05636773407375211
-0.007440023122813886,-0.07527713589088124,0.02932685490561668
0.011439535373702209,0.039144523195590475,-0.049147375335952856
-0.09741271612970288,0.01627650948433402,-0.061650370656780924
0.008300973145972373,-0.029280796405758067,0.03239157392346564
-0.057171970461940266,-0.05545431241415867,0.0009868888948242058
0.0011735512850850251,0.06932269990186332,-0.034153946700267404
0.007169830325462668,-0.026343878625399123,-0.03333400965190024
0.13294575278858323,0.03785264451457833,0.035936417650767376
0.05206627814360209,-0.011944313587236643,0.05446427104485754
0.03801697273840081,0.028799616665398504,-0.016898195533622516
-0.010119951822189254,0.029187541193588684,-0.03637341694953909
-0.017444175552883932,-0.04472420053297031,-0.04265187551483624
0.010270143528889789,0.05520937221965395,0.052732895117908136
-0.060142711189663814,0.006262450414399795,0.0230178939528867
0.04329907253485704,0.07202618482183686,0.032192586231955034
0.009972536670476966,-0.06859428675204256,-0.017359122347380077
0.014983246389564001,0.05634350241550654,0.09505464160199424
0.006034747161877324,0.009419840394308772,0.0021312672763273933
-0.09768951083581304,0.07838226725411006,0.004562559030878521
-0.010384588434312378,0.02856945899294934,0.017358903179644718
0.07244697531672566,0.04897403994135112,0.012654169379900403
0.04532181811344414,-0.033865170873923885,-0.006267258530620259
0.021794395932925287,-0.04787369505071355,0.06033750443561184
0.08989170831818885,-0.042344464129301845,-0.016019616091689975
0.01773775009675907,0.09709073557999337,-0.04595570587430543
0.00363280914232144,0.01782758546100824,0.07396228767314059
-0.0006729783091395172,-0.04462135387371683,-0.008248331117828408
0.06866888908332949,-0.07548497983853154,-0.10760973540041628
0.006902893717811956,0.023478451689414672,-0.005817314328855209
-0.019634395316905338,0.024562309058960462,0.046826940791964214
-0.01865493330156649,0.058701207326052426,0.0145188372234073
0.03206238879934799,0.018393664681345054,0.08962166351233355
-0.05652808177383045,0.06423498384184884,0.03516846560913518
0.027420543823647493,0.06260055496245759,0.07893224513171576
0.02693119563570319,-0.01444712633266003,0.007833074727609633
0.10022440956461975,-0.001152613161125915,0.07178913997497571
0.08117101784702786,0.00033470113409948647,0.017270066619094696
0.028653047683189586,-0.0029567694032317376,-0.019150437268208108
0.007176117182643176,0.016193927488215118,-0.02563670447919872
0.0338316119876922,-0.0071599049036979775,0.047419175036739446
0.0348185090007666,-0.09152200313165283,-0.02837157196065585
-0.05283163642032687,-0.007478033595571089,0.04156600506673963
-0.013830523913864304,-0.09767626107084272,0.015868996566566575
-0.024510933328242262,0.01321349947296417,-0.013664385974286843
0.11210184590252863,0.06922681805053943,-0.08399896756279082
0.048377247817216966,0.031591356863961334,0.045224055866691405
0.012812068307727327,0.026204938585552905,0.07977304976818565
0.07555062621780559,0.04429236757668832,0.09919538381691344
-0.06352691470919715,-0.0014259500686452983,-0.07763427745115299
0.0033279053061093227,-0.05150111842758728,0.08234233037710038
0.01627729497139634,0.0619843978644863,0.056268179353776086
-0.013241101432367454,-0.059361408323559295,0.014651720316833301
0.013828595878775848,0.019127470130549388,-0.04537571228804254
-0.021897251077506227,-0.047221370742159735,-0.040891604344748575
0.11478125429939284,0.005293436229671107,0.0523579805231874
0.0277937016706348,-0.01261831343145341,-0.04256388633614308
-0.011322555072601506,0.032311059531636425,0.09477240584723297
0.046176445159799226,0.04369950073212091,0.08735442537826883
0.016021020436421906,0.03806015137465597,0.0577916277778191
0.05816474608883128,-0.03365708748292025,-0.034277394197939307
-0.017369201285682333,0.10924790694105917,0.008103647596935739
0.013877376945061238,0.016953753012209034,-0.09214985955868502
0.07146098806011743,0.04426755383645406,0.03921988750363305
-0.015778882280265184,0.046193234653972334,0.13357339124356346
0.05500365619553612,0.004018697893078387,0.051550585858579835
0.03201328366211668,0.03140153309043536,0.048588209551767195
0.005767052146179915,0.02665230322142635,0.14132494907697363
0.035828716929178786,0.0012091718597794648,-0.033139573643285306
0.005731604492872128,-0.06837228933971903,0.005775146349945394
0.004197701712268234,0.0429316139392351,0.07309741164079762
0.1259965650515003,0.07400558992184564,0.0102188998367754
0.06680178436225594,0.0434706231313207,0.03127412244247883
0.030787194854989278,-0.04749548343959835,0.0509931707624296
-0.037507666547624954,-0.035784732950375625,-0.086765999929897
-0.05744862252725921,0.027227346163862957,0.03303524714807031
0.02738889504905703,0.05008797688295692,0.0778595121326527
-0.10908276809106768,0.01687666931402138,0.10284870529974754
0.05535096865979524,0.05135035242271359,-0.0010536553117312802
0.025273422894192536,-0.03149514313315635,-0.004604869626451916
0.01581579752473173,0.010305808894862357,0.13252290611360246
-0.06202748900438931,0.03840770888806175,-0.04734377922744032
0.06347002574853326,0.01791470930702524,0.03676111379180176
0.12236895297858225,-0.0026755823750090127,0.014474986070300445
0.06003935139882239,0.037843464575881475,0.041443877541994245
0.041489676763920486,-0.0198122028358,-0.07515103605250031
0.11430535855469147,-0.019413077057414064,-0.06584950569171741
0.019520210403799986,0.06250204349290281,0.0540324953670204
0.05705860326632091,0.1188287627354831,0.053233299236381613
-0.06492464431542133,-0.013793613006094864,0.061744325152932815
0.0009641779817608394,-0.01300837099921267,0.03280668571699914
0.01687874207677999,0.04602602864872443,0.15296989933370675
0.038435745595592014,0.029557127188783804,0.01745849235324884
0.05726951649797442,-0.029859246039226964,-0.048292079047889264
0.03876621100163696,0.0667488539295672,-0.003704304075906436
0.051794091866949006,0.03419311401166871,0.04642482392263043
-0.009160597884667606,-0.020468224043245112,-0.00012448162688707964
-0.02514452154323466,0.040186956767970454,0.04250799827749845
-0.1276579205590998,0.09620604613184264,0.026165323159716168
0.08132735495673538,0.05299374646383944,-0.018727225457656795
-0.04893172573983292,-0.02178588125798562,0.07818796215515023
0.016725826345731314,0.02195001735640124,0.027982793921791652
-0.010333566804267821,-0.014966318355574743,0.09621952499053357
0.042513891924883675,0.010805548936771426,0.010724751372146802
-0.03761025557803367,0.06357980418982251,-0.044271705588701235
0.025162337300225303,0.04786663318683987,-0.06133052706988824
0.004290377613755529,0.007677991745119593,0.028077105635644816
-0.009343200420681586,-0.0033641856675999046,0.021787404543827917
0.010098881997939353,0.06514293479973213,0.10409894380017354
-0.016638201839438826,0.04779106259540953,0.00889496099557818
-0.032117542861871386,-0.04321246402364496,-0.0025094363845591452
-0.025394700502698014,0.007651975818959458,0.049473156381574394
0.04594728606144233,0.016184235314796968,0.08408586957139944
-0.015812144139726845,-0.02485438493753828,0.002244471270403718
0.021271233794652452,0.06215820964842153,-0.045967249486627434
0.1146181851864991,0.005231269439260337,-0.07406213373547094
-0.004185214674010472,-4.0191040810669265e-05,-0.02340284534454313
-0.023033210465496588,-0.014548119344485338,-0.03175735520668807
0.062912477087085,0.02750522853530452,0.02919789060008148
0.012049043610513434,-0.058130915517932744,-0.01670401928662147
0.047562017142891544,0.00789805344412349,0.06101766022417006
-0.07427244497317728,-0.02988901820210157,0.009882085936895218
0.013287349645400192,0.02985836187025877,-0.0029664332238013916
0.1222218393386385,0.027224397449076957,-0.02446185711186438
-0.056188924496098636,0.04972655947696558,0.011494322813010828
-0.04772142618560068,-0.051952256673406964,0.06490180326073176
-0.07401160407657374,0.03571374430045593,-0.07078339112420073
-0.03349137358964826,0.011747106938004064,-0.05443017746866937
-0.01536701585689517,-0.018877601695064958,-0.033568526687275786
-0.029564304849390082,-0.0018744812445072416,0.016189523621663773
-0.023625632423451084,-0.022326203185828394,-0.006196055840235203
0.0440022558600312,-0.015289703064669442,0.008696841940360609
-0.044758893739155356,-0.003961130931177191,0.04768029042763186
-0.015597547186825392,0.018759864242207106,0.05333258183533926
0.02075969725872131,0.0615998509958256,0.028848014936472714
0.001152286135245038,0.07342803634744238,0.024793129509101036
-0.05191587570399002,0.049524303487612525,0.10847020907263895
0.0568751262529713,-0.003489298691860144,0.02357981903771342
-0.018150412517117773,0.08211823084823275,-0.047511739611951556
0.029081023778637152,-0.017764132811192306,0.09810967640394938
-0.08257054252760115,0.022412592470413946,-0.1291766450862682
0.06274410557756342,0.014282404908627094,-0.04351218533233297
0.0789621353077807,-0.020093518771206763,0.0025018041193640064
0.029385011943322527,-0.038887337116295335,-0.015978127261722187
0.015456702938814664,0.0740696679712431,-0.013009427458558934
0.00491273331529447,0.07632726837866856,0.012092143041063402
0.07606036197259025,-0.03441060474206218,-0.013788314679497262
0.018248104271571117,-0.042690017212595244,-0.09924461688388198
0.03816948627052405,0.043728041088480926,-0.05190156611232555
-0.04083161768817783,0.009796064081549323,0.03604544001167058
-0.021748167938774224,0.01319069171273678,0.018936755341705087
-0.06494346786575814,0.0012732898005674703,-0.036951620044529836
-0.023625709180399607,-0.009867403857398446,0.08095670421113657
-0.005788575447131265,0.008961679432420867,0.01981146524266513
-0.022119797736229678,0.15287756145480635,0.009227182816160338
-0.039016588246097716,0.015126596030881076,0.11172248577512994
-0.004338347843114649,-0.017004010738808452,0.06591058984136537
0.07581280278268457,-0.010180617631170393,0.07611841185803205
0.03274551144643758,0.017346342493736427,0.00934306555646843
-0.011004146300514623,0.029978064426698862,-0.00945592492257493
-0.010218248232362335,0.02511159527680091,-0.03163205109394653
-0.006152093163334772,-0.07802763418031848,0.10257720237093897
0.06367380851408945,0.04825933059687502,0.01131464301706165
0.07118809396034965,0.05376052100688145,-0.03315474335440245
0.02823453509618107,-0.004112713358985512,-0.005488512692619463
-0.01622876412573654,-0.019349881176759995,-0.009702163648103139
0.02659960204128319,0.008830360594854886,-0.08005660276571297
0.07063414315856208,0.04372385085170838,-0.0047678435587194135
-0.055964362713232046,0.0349612392312707,-0.052678267724435734
0.02073501979368905,0.015405332324301425,-0.06250579418962586
-0.03226210248195706,0.019484315255338672,-0.024771052338901343
0.0005845250938874731,0.018833436963788402,0.07047435071158627
-0.06162926195284399,-0.038942337036947106,-0.08316900058097845
0.011588730365710405,-0.004125813679545277,-0.04389831485203324
0.03869563323307973,-0.012341231230808498,0.08082140932094466
0.01042192269842886,-0.015174478317668123,-0.09016272357305655
0.04840033274922477,0.04810133358661515,0.0739190270145168
0.03993795763888427,0.06344595307066646,0.014206466880819885
-0.03861251326022068,-0.03204987203712029,0.04560999936760717
-0.023109874283577844,0.01268103659909027,0.02695340021443185
0.017972286511955003,-0.0034003000761555933,-0.03478701014600042
-0.04481746386202817,-0.08232270252126343,-0.03691041893346083
-0.024017658491160283,0.00728244664750906,-0.020704070985794666
0.04600989221343618,0.014950782258808795,0.09066600515309063
-0.05566124057483005,0.03320993805860913,0.06771606931402713
0.005017907398520783,-0.0032665122930895523,-0.03411057400355834
-0.010681329708426383,0.02355158290641943,0.030465217674842827
-0.010396617663307576,0.04884746807693202,0.11186469117764929
-0.009273639968760988,-0.01866428683164482,-0.04853850379008108
-0.028772261432149848,0.11551139495144516,0.028008055960920274
-0.04578106825623039,-0.009148250599102029,0.002504618277129571
-0.020262761496529186,-0.06729815645443878,0.038102457889486255
0.03714449543915869,0.01765821076029666,-0.06282653713020657
0.049586974446678624,-0.08126892542162124,0.0020950998872083047
0.06295174884201506,-0.01951234566322735,-0.044258206840033794
-0.04301494537485512,0.028155562618231208,-0.034102328861527274
0.045768497192519235,0.08767678605562608,-0.012564838262474346
-0.06543022011961518,-0.0035260825621689935,-0.03948331111930852
0.03555992524536087,0.05499262086387883,-0.029656199635326952
0.04244654982584128,0.05466619158657368,-0.05984907551118134
-0.046038404144658554,-0.027692194007012526,-0.06913085360252354
-0.08095468533161254,0.02481247146189971,0.044813928021310484
0.01742198052043503,-0.03989216349396696,-0.04407750813043856
-0.01618490356611319,-0.04604439016128082,0.053178904821980164
0.019395532607705535,0.001576323088537767,0.08737856081275411
0.012412049969018152,-0.08973383510560363,-0.06554952337526455
0.050266812776073956,0.038268350522564346,0.048870998093451475
-0.08050832437453155,-0.09735865242013143,-0.006357288331341823
0.028186981399823285,0.016984494116366093,-0.06130395610994247
-0.1093620541476696,-0.040197730438246086,0.006162076338161533
-0.010927806763335955,-0.0344435367182085,-0.07725647295468521
-0.004745616350340103,-0.008795441215422133,-0.09703040866304813
0.07672561145834984,0.10076999052740855,-0.00816974046663128
-0.04578971175963554,0.027111923247120244,-0.03898218693931634
0.002260984856344541,0.018811676048904637,-0.021890645452833986
-0.016679171524313995,0.03247679406037286,-0.01594887389064946
-0.07173903643900717,-0.07042234440567188,-0.0028702782545081073
-0.03071039032471171,0.0769338903822287,0.02068443881287764
0.07644666490104605,-0.0266565026872426,0.024572869267715403
-0.014018013309450513,0.008415790815268422,-0.07717926605829262
-0.0021524776001210057,0.04030369950913299,-0.021731979743097526
0.007058611069536352,-0.0031445892423006896,-0.008626866043364314
0.01927838209191903,0.11129759856254733,0.032852613752919604
0.05701530688531659,0.07581290569188484,-0.0014555800170259047
0.035510558712537575,-0.005267613388461439,-0.020890368353149644
0.008730972470729409,-0.04011259789593573,-0.04884161022980831
0.0713223892960759,0.07268954790546443,0.05838115479205691
0.016404752221443705,-0.027781487165435763,-0.07234819032885678
0.010967414875115974,0.021978232618720086,0.05324814562030297
0.0912081090113773,0.12997394784317667,-0.026395514465822334
-0.10633348378786067,-0.044111499053786335,-0.05452902667234788
-0.08924826100852007,0.09976562331377911,-0.045736738130238985
0.03772536286870325,0.07524168141290286,0.0028861559218742085
0.029958648725314105,-0.028156695952911114,0.042531772500384285
-0.09706066171344654,-0.021572915145491908,0.007002329000417182
-0.0350446948104213,-0.06638549209594712,-0.01976427236132401
-0.04480752543617883,-0.009574609495129737,0.01954408581910998
-0.0020080774755308495,0.03178017129832701,0.03898441787910878
-0.005349493663295275,-0.03663962950739409,-0.017929591477308552
0.007809598614993377,0.11273619102722546,0.001581410505151341
-0.02523900658194956,0.03219887775873995,0.04192376035664699
-0.02212880395115379,0.03831639606686581,-0.027628605558467252
-0.07083306708432748,-0.023051427666471225,0.0191683077479674
0.004543765025618332,-0.09177086730584025,-0.008971016610728536
0.08327524699926837,-0.06954279041922706,-0.033380541062230554
-0.03768422299873133,-0.05928152080513694,-0.05291984700479778
-0.05034180295985752,0.0128378384953894,-0.09810491937836863
-0.011930135507376784,-0.08263376484987629,-0.056576639067140645
0.03967004330178278,-0.013430633867421967,0.04273923779827267
-0.0440469067768878,-0.03193212197047975,-0.0441611398734135
0.06245256031508545,0.04104839543936139,-0.08486616736640966
-0.07186613788526927,-0.08003977785569547,-0.08955552597766217
-0.05953733348048462,0.021382250417477502,-0.022110196394249097
0.04020673914337978,-0.0725975896692378,0.01720232586373488
-0.042747278530008224,0.0013708992784965401,-0.05191805103594138
-0.005018695481459024,-0.02025076667659765,-0.01549808471370621
0.039736863989937005,0.052677469947384994,0.034682085705731946
-0.010479322744095718,-0.09004187033183941,0.021753529528345854
0.010993654829890398,0.026166906832071013,-0.09351846529448118
-0.0497815552142158,0.0384718629711636,0.023153164974398958
-0.0056874781804743535,0.021496592953362936,-0.058553121053885854
-0.001840761835819717,-0.08928021394723108,-0.01903565807506148
0.040081569773776235,-0.08349024107871097,0.04048044117341307
-0.08689065865503666,-0.0669017803313926,0.06064188702908689
-0.019784934045631024,-0.06015629059494791,0.00020162243063007526
-0.004043510471285136,-0.019267970528847902,-0.0626501384853433
-0.07510634516921534,-0.04643173449374648,-0.09447581246725312
-0.016746624347600762,-0.07589346573888536,-0.04461514174939444
0.06637132568613718,-0.04012569798745467,-0.0007284718932819012
-0.05856432922681862,-0.03968377753235927,0.054617916651357595
-0.005504017498954366,-0.011187593466046522,-0.07044903865194088
-0.07876585778349765,0.021715541407256858,-0.05330822348673881
0.011903443197103621,-0.024802820206521872,-0.12123916088929107
-0.025543718556556703,-0.0435417573059904,-0.0031541767442526576
-0.09598374912197348,-0.0021165293044896998,-0.00025070486078615506
-0.03440312366089685,-0.10486056809190689,0.03900297829016018
-0.05522106748901423,-0.02768031265821273,-0.05302397030693566
-0.041509698752279396,0.015298958869252748,-0.06190513096559485
-0.016911958167125155,-0.0028150859916444317,-0.06482641638080576
-0.09165457498851634,-0.11181984950788346,-0.026071646809809328
-0.07833154197686597,0.044502860408442105,-0.12406435575823775
-0.07562492749436478,-0.06579187096305328,-0.0021572172172587938
-0.020121730273639744,0.004897297491850177,-0.015206032999553733
0.024904398168495177,-0.0777015689168184,-0.05239303541358526
-0.04036172032030515,0.03268594153861602,0.0020649460318191253
-0.03275875825622325,-0.030838499406338014,-0.009301605006059558
0.02175221767815351,0.017803445012357443,-0.0423909927910876
0.041186172267066654,-0.056697357589883826,-0.07961400532240129
-0.020612421171502034,0.07373186319274244,-0.04500553864656656
0.014766994284838627,-0.07060047226980672,0.10664318271445294
-0.030946746622810307,-0.01533507136935627,-0.01515000710186221
-0.0592741098046002,0.0058086448458704865,-0.03225806538668214
0.0450104474189884,-0.007525285803934221,0.015417949071059277
-0.011512213951504154,0.010291160508937268,-0.06178060079295841
-0.04739663603861183,0.0762827104532159,-0.012773135260266816
-0.05902902771600206,0.0047522307475355505,-0.031361126003083876
0.078720497487633,-0.010594073036704761,-0.014173463965057614
-0.00836041752529336,0.03376652042403213,-0.0679471190702433
0.08496797167162817,-0.1114541569460979,0.0037189906108149283
0.023551602337223188,0.017488990616807792,-0.10472281930033753
0.00461824779758381,0.005354145726582708,-0.1170241771221319
-0.05478320382686427,0.01971699086945005,-0.037271387801969605
0.048349456804640846,-0.06467395845139129,-0.0044128632631378565
0.06101204091925315,0.04405792814276101,-0.05611095260719695
-0.00023852809417841334,0.062278593129554555,0.013866387202601905
0.008494131835865736,-0.05901127022644024,-0.024649872355947088
-0.10137255909616859,-0.017974838817330786,0.0004540698318049041
0.010384195501672553,-0.05617785563421149,-0.04242693812370808
-0.017027710658226083,-0.04880845395245099,-0.10410656257817943
-0.00446989109561991,-0.0755496236581781,-0.056532557193292116
-0.10359321518657609,-0.03157139715551824,-0.05835585738517486
-0.0013236331924919228,-0.05314104355784227,-0.058937835653126824
-0.09287738776327266,0.009332627667241439,0.008646226394213998
-0.008026500856683752,0.021384828190175124,-0.12420341809850546
-0.06822908923182153,0.03232190839885306,-0.10575921693561431
-0.08476180506574932,-0.04926203070219233,-0.014432840538314229
0.0784312751138075,0.010113130880182078,-0.038180742794306256
-0.09222822450585283,0.03006101465847001,0.11277600263174153
-0.0725379779942692,-0.06265557831069996,-0.0168091852384894
0.04254980452062013,0.05977002976825419,0.04555489992610754
-0.0432106749003283,0.021140869802586296,-0.01918249304434436
-0.022160804678349976,0.039438179406986455,0.03913081371968822
-0.030903202883362003,-0.0384097158891538,-0.023130674948226466
-0.06735842822135896,-0.02309639485594736,-0.05569293333440946
0.09884969873922575,-0.00222182525824393,-0.11604992757827137
0.021386691482802252,-0.0365891259231505,-0.04984337827080644
0.058520880669478116,0.030636931428518845,-0.0836521411981069
-0.0006761285756837071,-0.033691522270248256,0.0021091446782255004
0.037466580278198984,-0.03862108801713508,0.0004708785650815797
-0.09831862845260345,-0.059436865467560294,-0.032528004332207754
0.0010042355858499337,-0.03159865212425914,-0.024747656352951283
-0.12344614138656296,-0.06146728029135709,0.011251920276989354
-0.06666714993987063,-0.02712356927573619,-0.05807377160850054
-0.02597089748320707,-0.026803389292167464,0.02910835996427052
-0.009402314333883978,-0.044285622541414264,-0.07199976672910954
0.01660137774807668,0.037959997314942026,0.0004559390556186649
0.0015586977038271783,-0.043911211757595756,0.01498457325849643
-0.022325946575755137,0.026582388493709447,-0.04160155751229877
-0.03452924142021452,-0.028671306668428116,-0.04582642599333085
0.018690508575894632,-0.023145633066499822,-0.006010925652862544
0.06872120797976487,-0.1276570631892154,-0.032789782851166974
0.017859470906754875,-0.04340145677430266,0.04076878722042721
0.08610864327435151,0.019308056694001995,-0.06065961226493262
-0.01006708672427107,-0.05541996448820741,0.08440222941827752
0.0023615025237149877,-0.01255276915548835,-0.05418407424333407
-0.002153720986288344,-0.0502033512296551,-0.06936510744435471
-0.008547573971725972,-0.018976371375757115,-0.02714696227979915
0.037547690350480695,-0.057313055670310795,0.04028551218520715
-0.06297565833215456,-0.02022755562532671,-0.012637638383126752
0.0006806589664388619,-0.04661107044712835,-0.03937882462633313
-0.015287464828449646,0.023027067784988836,-0.09299790038996962
-0.044738677534919946,0.08731241265445408,0.02201578495924775
0.023713187703255333,-0.004647828822429425,-0.023568408682037606
-0.1263637888956783,-0.06389451464337326,-0.05216025267227238
0.000725504658947225,0.021887952412371826,-0.09906275871239108
0.09073988072349093,-0.027238994412687265,-0.033717907509868625
-0.09577588324487624,0.05425105950157036,0.0437454799925772
-0.06662145291964346,-0.06965023397706976,0.04695855446862645
-0.059915280616070474,0.012813979212776067,0.006831493332598464
-0.09348670307292807,-0.001163690494659345,-0.005573391663056441
-0.017954249740427055,-0.03480400670765018,0.03184336038353863
0.017910899943362403,-0.03947616408854188,0.020797779487650762
0.11543231095300471,-0.05891692064559388,-0.026673450943862573
0.04608253169224385,-0.03270741798686322,-0.01216330113466008
-0.015033280503699604,0.011245491035975679,-0.11166346341397991
0.07799546174903992,-0.04812875846583199,0.008565115993669603
0.033357402744439456,-0.018993591996671652,0.0666424531446462
-0.013760929890525582,-0.005204774457061323,-0.06487276871437585
0.02184656780783539,0.0044925851743026456,-0.006698040933708218
-0.014763753814448725,-0.055008726610839304,0.00706442760604724
0.006631886269999223,0.01381828415482817,-0.07388596938332426
0.05150609999020242,0.01180633939659487,-0.013499818618439366
0.008267374595216228,0.019257512306253707,0.0425613578855452
0.042341114594954675,-0.01560286317805629,-0.030664473917894557
-0.0530219601326592,-0.06062215955643915,-0.00650007915688694
-0.03966495782637897,-0.010185132489107237,0.044319773788108446
-0.0551659602574552,-0.023517221039946235,-0.05478692849962033
-0.10614217777577943,-0.014449622202003767,-0.0087068659471465
0.05338352752081343,-0.0627443964100886,0.016899250425490446
0.006674003773364115,-0.005999677912249115,-0.010242369753479101
-0.053284466373793526,0.002005826135413136,-0.03940444588159722
-0.06644273929722724,0.023483260455856532,0.008893139908364281
0.03903975298088014,0.031043229649968928,0.027325236993071402
0.006414369999370584,0.020373572356904582,-0.012189037402643025
-0.01818769834422091,0.014942095520305813,0.06914654443712791
0.041763001570241036,0.02579952978105862,-0.0011696726403721612
-0.022990151470721403,0.02654296614445883,0.026518836757405653
0.006401588507180269,0.024264936475172316,-0.03424039698759147
0.07263045771296996,-0.025413374470685125,0.03619206371840219
0.0420534296393265,-0.011378754440578379,0.016450700074177566
0.004830966395531421,-0.0106479656173005,0.08066957153428608
0.03783514215362287,0.04557380898368629,-0.018692816886676095
0.0215991516264755,0.02884630017572084,0.0290112814364155
0.02413791914289866,-0.09481554653343847,-0.006420110445698773
-0.022598776209873467,0.03505837222791916,-0.01921936678301096
0.10663144139189364,0.026720925506497725,0.0890380162633222
0.08928585970286486,0.07023242196659878,-0.009448739344874032
-0.045378446181662,0.07051248718115352,0.08726416663573708
-0.017718519586390515,-0.02373617686707361,0.006483447597249509
0.05309918907881304,0.05115274634530087,-0.1002583062765521
0.017304885407976166,0.02605788608904637,-0.006638341457768421
-0.0014466652929559446,0.06520471774022207,-0.06346101640528493
0.026260926205440866,0.014027228151434305,0.10968928215944304
0.03670754526410348,-0.011294162109278033,-0.032438502532029394
-0.005761236068466846,-0.020187422703435966,-0.015734502425592944
0.021685609547679903,0.012030045690482554,0.006637333254898289
-0.032090232929954096,0.046336205933848656,0.024652675090240574
0.02272408198126665,0.03189261987679985,-0.02892347356659411
-0.0021784992141240527,-0.02989205802636963,0.05000029062865166
0.07678777671454848,0.05275042434185026,0.032897205928415656
0.0013987275313080607,-0.0017777420580410326,-0.02443935914687191
-0.017706361802158996,-0.02023535793221478,0.04387587498214471
0.02436431276258401,-0.02620233093834607,0.004150274842202206
0.14561181359792577,0.08614439374262726,0.05216793813610274
0.029416625147111415,0.0676268330180575,-0.08081663247786268
-0.0056032684791275855,-0.006462415092864671,-0.011236447636866972
0.04648259458512169,0.08312913009575065,-0.006440897026510892
-0.0221478633186432,0.010382784476290971,-0.02649654449294121
0.07697922121993903,0.02503392265074381,0.008503181769635042
-0.07672317005870688,0.08106548265540152,-0.023578332789171777
0.014848287716257888,0.00684242551223365,-0.049263851148540934
-0.02494486479415937,0.03633121881696668,-0.0036802672603747843
-0.019154537709281536,-0.009105727791869949,-0.07300414527651411
-0.014507356298747966,0.0043775394875304255,-0.06172222218069619
-0.004952350776163562,0.027876722081040944,0.03553713120599916
0.08620685242838776,-0.01104240643850758,-0.007446675880008568
0.0414039639382354,-0.02714177215553936,0.10675454436900102
-0.013885470703705303,0.02079991982636437,0.03245654760473839
0.034968364883521626,-0.08670539938631075,-0.08371719820951981
0.036784604154793676,0.06845951516412746,0.06268903317326606
-0.03196673110138569,-0.0046142578340375336,0.08131688632312772
0.13440537179209744,0.009361576781975382,-0.035369912793974057
0.04984478333091379,-0.0289146606076515,-0.0075660295780853905
-0.08892618429711571,0.006882351698376137,0.02613724450505258
0.05308359789163539,0.04078188426914803,0.027180966029625712
-0.029646546778295507,0.012810523220963344,-0.029219049419326043
-0.00215414762406182,-0.015398798921475262,0.11007738297710488
0.0007116875965527021,0.005694927024525122,0.024693440639485795
-0.006936441093131244,-0.06946135821976272,0.005967274779290576
0.09266821852542874,0.016541586585174572,0.004722901966156501
0.03932391347692754,-0.03690059409706341,0.014023377910397084
-0.016919020506474515,0.06294589218450115,0.0008712685509441546
0.009136533172842017,0.08374277647770273,0.017485739148982153
-0.07377771598552416,-0.038382787584248956,0.056999141880860894
0.08785080656984573,-0.0354290766342149,0.0696444566523545
-0.02409506587703155,-0.04161328638709966,-0.08849878084276264
0.02013246520102721,-0.06181212677887754,-0.07508831069373378
-0.10916616290128708,-0.029775746064682092,0.06764259396777378
-0.04647540531460097,0.00012237009425456954,0.04714191812209049
0.015993039173450838,-0.02811649781848203,0.0002701914868330369
0.020917488048191796,0.058471010537079184,-0.0004930283448718927
0.09185536649487293,-0.004236571435993201,0.04043411954207489
0.026818838677218418,0.04615957584688357,0.015046903446812889
-0.011433816908258686,0.054521324544126774,0.02818511999193949
-0.03812578398385623,0.07522583833290993,-0.0031287462400034563
-0.05570156832574146,0.035457932645467656,-0.07834909060059597
-0.0024100013860467867,0.043355120223869975,-0.021012268045160647
0.013739864831959641,0.07127951343213258,0.02702027306078164
0.01452129375265875,0.05323741908035177,0.033383410481641146
0.10678909042120824,0.04773874138192552,0.07819740927174812
-0.0019727500409200023,-0.017633368861918523,0.027190540720561016
-0.07910755039983175,-0.007557437059345723,0.0667604863097857
0.004242381898010289,-0.04777103388021397,0.10006817067601168
-0.059791810801285344,-0.0382267067904357,-0.005734074834985548
0.011088520599919268,-0.01826272933393483,0.004143507374796341
0.05931260084573015,0.04236517125231288,-0.008451607176591817
0.03325145512415625,0.01215034588880989,0.012046210922617175
-0.009025408758034262,0.03222639833152107,-0.026031904401996726
-0.0038458584030297872,-0.003674990960109391,0.09849052450114909
0.04149738803766356,-0.037524257166713204,-0.017410334679758627
0.0043883077182325664,-0.019515537231744862,-0.06781859532675935
0.05195117610667784,0.026541018829139743,0.04465734898131521
-0.03294871570055355,-0.06812075600055396,-0.001168354495841309
0.03637848107538765,-0.05677924335806321,0.01499117443845854
0.038635193861841714,0.046034132705477925,0.026053160139692944
0.014658982832957516,0.060337502302524354,-0.012244209924161767
-0.004143841319321117,0.0034145655169208703,0.010867483657986452
0.04725568889439273,0.05950293050038269,-0.030195270227448456
0.04991948663411179,-0.03932020747742086,-0.08928030454524102
0.04337745550326691,0.021109711972869028,-0.0033336166389943238
0.010417781954569634,0.11185852743129243,-0.026953739259145817
0.041932191099453,0.03462746496438283,-0.005413099049836022
0.044402359292968235,0.03892695448486394,0.032390694481088514
-0.06740894997767105,0.03587037767192808,0.004760235844183136
0.06830506477898415,0.07579671519244983,-0.007347417291539433
-0.06809405077140816,0.04647544578721621,-0.0065023499025175235
-0.03301448108194947,-0.05930311206572898,0.06435380747466198
0.13247123334377367,0.09133689575249941,0.03132800000089829
0.16344904368974802,0.05166361752827171,0.023267928074707893
-0.0206449663370618,0.05903763229100366,0.03758403156409652
0.0633800053764831,0.010289976611504579,0.014325261581820712
0.009279141838316157,0.0590296879535219,-0.055520262405770834
-0.04472044311789564,-0.03194300569736488,-0.013689375089275847
0.054762419248732014,0.02785964821203804,0.02466589843988509
-0.001035847703140226,0.03127148745654329,0.03277721239229336
0.029740038980539278,0.028070049588055382,-0.02637569855914338
-0.02820839424401075,0.02396969974057584,-0.004686993554523136
0.041593748201013823,-0.05221123045315246,0.01128648882062034
0.12744119088263778,-0.033398364648985726,0.09421144395494688
0.014895389983368727,0.061917503809459914,-0.022876219391709737
-0.011797697419280346,0.07878861551276611,0.028771315891984
0.013402170066569854,0.05318455450047234,-0.03635058220896541
-0.03539500300665008,-0.03494094750978445,0.10920821557826317
0.06313048331567603,-0.014523194362588508,0.030597206816857868
0.03180912858736826,0.0471397600708231,0.08356470391622317
0.10562709246984693,0.08755832979242073,0.15649057685028142
0.05355924770879278,-0.007657566150518224,-0.039046057717615906
-0.037973117830082545,0.0637140359238202,-0.010232463259858413
0.060955358462040164,0.0470378741612413,0.029359970789615976
0.08187934668655727,-0.01817337388544511,0.005406851930479146
-0.02131761855350843,-0.015221143200645264,0.01080971882748278
0.07511038220587282,0.003082048948032122,0.017834855055930302
-0.015584523878028382,0.0029005898761787566,-0.02994694202677678
-0.00401297052768541,-0.0022784857806708476,-0.033909889992849294
0.03491494897351181,-0.022248428632695657,0.004936836252890488
-0.022394719953179768,0.11120031444575779,0.010868218639757994
0.049260066918077605,-0.0007721498728540423,0.13017705005564073
-0.035706308505722165,-0.010206290480339646,0.038171022857813736
-0.030438541770065608,-0.008104004912970184,-0.012957469741954705
0.027763135962492462,0.025735442313218098,0.05314607217585818
0.05024961769418118,0.05547131636009742,0.002279505629364329
0.062198200891781096,0.028445598048471528,-0.035657704675323997
0.056574685938640276,0.002829858292004602,0.11707794389425882
-0.021467285207379342,0.07364553711883,0.021746098432930475
-0.04488626916203023,-0.004213992252837164,0.10528562002132832
0.032514039107158985,0.08942824287180726,0.004594520660656064
0.010319242677356297,-0.03016413689267355,0.040242450959794465
0.09079475255493617,0.010921131108612151,-0.0460460549554621
0.051451491951347614,-0.01963968676960977,0.03370267516693819
0.07829301824451665,0.033912514908711694,-0.036221753736661394
0.03949476067789231,0.05347908507831557,-0.029472228511692268
0.01758606309546704,0.04209070413982455,0.03545393127886796
0.02936467566107287,0.06555979344400359,-0.012447590094873819
0.04978335042477656,0.01597042329162294,-0.07598798917600255
-0.13780007395091032,0.0432998394040052,-0.012384694345539241
0.014964073671230607,0.034289665521231694,0.024744696105453982
0.03198630060311047,0.048247282800106046,0.037274482262029195
0.037294886469863994,-0.004322803372895166,0.008867405641894194
-0.02779237653691435,0.015329053695876834,0.10205031253327762
0.04827503820532836,0.10523812861593249,0.08155594489647239
-0.012429725750685452,0.020723650279709772,0.07781444380687998
-0.007689787058859518,-0.004783062581108909,0.039305812923089205
0.033696013029092226,0.08006763318018784,0.028754228709887746
-0.007406886991373958,-0.012194988965434672,-0.03209507799018972
-0.02528858600688564,0.01406432361388886,-0.01159752365075772
-0.030318178220882588,0.048744891666002,0.014133292021252977
0.05671667841573136,-0.0568890704344136,0.03993764067702166
-0.025585523192627375,-0.05212226110278344,-0.017196608795538734
-0.02362243607930546,0.03664425548583707,0.045979508390410935
0.08944266017114867,-0.04981133623744921,0.023715386853777713
-0.022668914231085767,0.043406403638250116,-0.014917164841727263
0.10307678566903125,-0.04549399515613375,-0.08388327033447435
-0.05651141868186825,0.04045097416787308,-0.05707159080235834
-0.012395341468387269,0.052050997647751375,0.009196349979472851
0.045997276045185574,0.050098067898188464,0.04393570400381474
0.01081386197236664,0.20185234127020396,0.025814189934490077
-0.044414917219624525,-0.027101407024287004,-0.045529532318195565
0.08012268629914562,0.0537024158393224,-0.02010848474244411
0.06764308296756127,0.0049616664812501795,0.09416569408385998
-0.0024481909050716472,0.04150982589763845,0.09769305925324162
-0.015504804342025382,-0.04643352337751117,-0.012157854400236647
0.09143488916483261,-0.027225976666301353,0.040291161478318745
0.05499149997503011,-0.060176405301663294,-0.047791059680706835
0.031980921449560426,0.08371576214946787,-0.01884384996230818
-0.05048231677228287,-0.030352406887804398,-0.011555029594367909
-0.04489744210011114,0.03712835189470705,0.04087342773864051
0.02767126619411415,-0.07300951401911933,-0.0005591709463643232
0.0015021349837114973,-0.055039227770744076,0.042003978441510305
0.03241739903568157,-0.038308847801691304,0.05785214147337958
-0.10415537650829394,-0.06868026688116079,-0.0446679253502406
0.06276224030636357,0.11448190832748126,-0.020751837982909225
0.015757890720162863,0.026651524167091406,-0.029639275183952287
-0.06368394496592049,-0.017904657220704466,-0.05051259713611413
-0.10564565090150639,0.01650028638227921,-0.012447925081156316
-0.024770553953821547,0.009630307623588574,-0.00742998945070492
0.029774566458468057,0.01753685531574199,0.018998702999221344
-0.04134831412415698,0.07123874302721143,0.09848646624685324
-0.01795209791022317,-0.011852485648981777,0.017769037944448108
0.06912666134193082,0.030553921822350436,-0.007160269407912003
-0.017941468434954512,-0.006079356671465167,-0.0014246524171025142
0.09164884139777661,-0.056377021606305935,0.040393668614609586
0.051884935541757424,-0.16547372312308073,-0.009758010549508964
-0.03101028503543391,-0.04009499085673522,0.016415694607848287
-0.06721786701750941,-0.009264053048742518,-0.09860859985729234
0.08684141370568636,0.030165902172768634,-0.09628144477519673
-0.06038307617815297,0.12260369341072719,-0.010820296139767057
0.024150624381735986,0.011438777738349781,-0.0014083182176209724
0.0006854198211752338,0.030632595298379157,-0.005202897157368693
0.0023482359582095093,0.09295099488788294,-0.007333945251569185
-0.02956093947968545,0.06458507477255165,0.08603130070702153
0.018858136796341088,0.07561685616178865,-0.09036769747696342
-0.03385170542959402,-0.011558405603063301,-0.08212604245051745
-0.007296236964548183,-0.0006221883007141856,0.05064851282496287
0.06944612322368314,-0.03580655829678404,0.10940519192305943
0.026106367623323672,-0.03351902928914912,-0.003498397721663429
-0.04249080058567565,-0.17311390943200353,-0.01384833288536994
-0.06420890451288373,-0.04236502712778489,0.03403212033156532
-0.047736619101366264,0.04970629759515439,0.025768289699206894
0.004840559715694757,0.023824772934227377,0.03172030886314936
0.08301224429320261,0.013948863640375878,0.009296634806069907
-0.02038429974135275,0.06587588623862273,-0.043298493241575524
0.03718139473218424,0.014126843687090542,-0.010834720005597466
0.0055203424262352686,-0.04073634878083797,-0.04576263418930123
-0.07939606238429367,-0.017689176325288675,-0.07929697935521896
0.03145598996352104,0.027833634700599536,-0.08426600593037063
0.035225823544767276,0.0006807190391241768,-0.09544159306666802
-0.026938149377707225,-0.07272349294414084,0.04171782748192499
0.056331212553151315,0.004371529184154566,0.13503726714663708
-0.02578556814410975,-0.04439949774243372,-0.04519523453809992
-0.05804417333611944,-0.06153000818085033,0.029834920017593542
0.08984634585089565,-0.033251848396243115,0.0021427623311345446
0.012745350907909974,0.05113442609455095,-0.05668221586035541
0.07378747930047985,0.03230714301283752,0.0240919603639463
-0.006958433914852794,0.0009045683252485118,0.057726931100045745
-0.0876529910561484,-0.02061134130745903,0.07612323736104606
0.039231497056459785,-0.006619745469424038,-0.0007319490170699392
0.03087603375925451,0.06779687883028025,-0.006976616804179497
-0.08934206147793602,0.08172303866860127,0.02555152206323333
0.08741014471516262,0.0767905519349172,0.07329146631553378
-0.05311204630989054,0.07426252509455047,0.03181190592597684
-0.049058595488445156,0.09183589398960186,0.058185622441655635
-0.023587473243114172,-0.033946032205351764,0.009856220948675802
-0.04514240332760975,-0.011770509418741946,0.01316598212812554
-0.02348653607600349,0.017789325721705176,-0.030420709459419402
0.02820305186127374,-0.06570073914686544,0.0838232457480274
-0.0515451974877295,0.016359849650944475,0.007977556938047543
-0.008312818925855914,-0.0016069375633613152,-0.023904639396967423
-0.061233191100079305,-0.002738387468955483,-0.001313199939105088
0.02864765289229816,-0.027880640645497473,0.04994369689599195
-0.07944754447431107,-0.027044907698773917,-0.005061300338631882
-0.08830833562107766,0.04851388356129921,-0.04238595369252682
-0.028581070779010145,0.011354441286868126,-0.08971506136739639
0.04279863488064002,0.02002405896629304,0.051917144688166925
0.043694121593257876,-0.03198348500000295,-0.09059014989066702
-0.01992680009741775,-0.04524837724339317,-0.05180815554823917
-0.0258758434368914,0.14274079524677635,-0.01038358042237399
0.06462832006741046,-0.06349581030220645,-0.001666964346740912
-0.017283996730052643,0.012989853129682356,0.04596917750408335
-0.016106469912814773,0.07447066937410493,-0.001149509493169847
-0.07627389984716144,-0.07003303061231422,-0.04893911647025503
-0.04114338923557402,0.018930303902188507,0.004475825047481679
0.10560969362691286,0.028787118012065856,-0.04647214114124554
0.0036329121039896228,0.021901897227185947,0.023544627481317026
-0.07975409266085771,-0.06145033809441285,0.017192570206769946
-0.013695805165417116,0.01694560468783897,0.023718927990710608
0.03779755135639497,0.031947734067007,-0.051899109909535106
-0.002164442484772485,-0.05755430040172882,0.030526612252091127
-0.12554949935419144,0.0013706331654919218,0.018319727015803474
-0.04738337273965529,-0.04473499459231513,-0.043118897014603995
-0.001598891237690185,-0.004812830078951176,0.009270404862604435
0.0421814723386448,-0.01649939124816779,0.06360439864494885
0.01205152844098914,-0.0156405875701097,-0.04731688538901132
-0.08287305998853833,-0.049001363372633826,-0.10913465202516892
-0.08353127033452133,-0.04292052597299424,0.036094374468772075
-0.10268051603232936,0.0063633883310394365,-0.05052965741079092
0.00473509054937931,-0.051309281420884256,0.01691384104846089
0.028792332041247037,0.0458534519217682,-0.07424426760046988
0.00582099113697037,-0.04595472945314272,0.002405202527889269
0.028057907732607003,0.001622985319364903,-0.07691517262204384
0.045927679767132024,-0.04085089730923988,0.017870983322044943
0.007030788989540647,0.06707647770426037,-0.08211822731075413
-0.04875162973202719,-0.05816578023690825,-0.060737668747759134
-0.03548886510198619,0.0016614401715432763,0.021761747133290245
-0.011745917726696923,-0.008269263233945136,-0.023585829408522132
-0.05382746305972875,-0.0011734844926859396,-0.03527817198649841
-0.12430500673869396,-0.01221926257066036,-0.038072122406540336
-0.03851581971930974,-0.03791765592626077,-0.050029202937282746
0.014518603958692294,-0.0865066463048052,0.08294230338455663
-0.04224851359293305,-0.021295773835289564,-0.03236501225666912
-0.059393505627859,0.023975158041377648,0.011936817259661926
-0.022024515736012315,-0.052295976237024616,-0.07702672372046891
-0.015091253110100792,0.017840325150953403,0.02588459576933406
-0.03169296035044215,-0.053850444028013686,-0.046679418507203876
-0.038556919319215566,-0.03623105893145225,-0.0652963317101695
-0.083328454233196,-0.041767954801244095,0.01814788753002593
-0.07274778141747802,-0.02719926342167693,0.007207117571855336
0.005641273562496222,0.0066469065762076035,-0.04519364826795385
-0.022254999574625418,0.020839018010473526,-0.021740506606430742
-0.014769558831223942,-0.04090470714195816,-0.08033323391290487
-0.04525685516501185,-0.03536590348147954,-0.051080501634613744
0.032570967035069794,-0.03350622833401415,0.039227273618437225
-0.16903568895525525,0.029894502893118197,-0.003227162774685384
-0.07466562889886386,-0.07801054982928235,-0.06794315501571882
-0.027065397764789438,-0.0070240713590831935,-0.05711246482991094
-0.08166473138650093,-0.023966341721480284,0.08473450975368875
-0.034904585981215396,0.08138210123070677,-0.05558528921574909
0.006943139314389713,-0.009506721167078245,0.022492826196686876
0.014751209219757339,0.007282170273177683,-0.03170651559964673
0.013324226940722796,-0.08551394509809286,-0.05624371380500974
0.038441028297567306,0.039990485108395105,0.027224884963939894
-0.08012749127423328,0.030163550088043577,0.016553539141371823
0.00393789109784087,-0.0903686439160601,-0.03679133910591467
-0.031795050417792695,-0.04266808787031193,0.034083036877797346
-0.040265445597882366,-0.023205404221515527,0.007977170761640853
-0.03684834416551429,-0.08689089334634434,0.019735848202437095
0.030209592652710567,-0.05228280904190456,-0.042567293154340574
-0.04620257037484236,-0.08987784551339226,-0.02643706174900322
-0.026696074024622932,-0.010912429515598886,-0.11899915573646683
0.0624727756973618,0.03873845251727501,0.01844068095126836
-0.04988108078320401,0.04584415299231942,-0.06648381275462299
0.09097832545141285,0.0220113563266741,-0.009455133706005607
-0.04131302191021993,-0.04411434708478236,-0.04333378871302328
-0.019111934144058235,-0.0033371292370138993,-0.013652565634969905
0.013042898401910814,-0.011915109489394895,0.007992595318770036
-0.06403743506397058,-0.05163827515724892,-0.0034143142535697987
-0.059010908105175244,0.03215835560235124,0.02673184217661894
-0.05236934676422711,-0.016708508640329175,0.05035824199000779
-0.08887142728244049,0.011606025131300872,-0.06580341432657658
0.028620893420082973,-0.027062682193765127,-0.017955987037914005
-0.08715384434722463,0.007559467864393973,0.0035516743795354876
-0.03863084685307397,0.04168973191127666,0.05305358250566124
-0.04512814391014926,-0.05105889122143509,-0.03913019358280033
-0.041176256730934196,-0.07282551085628323,-0.030260699327408776
-0.06929071322995584,-0.0024376181712624755,0.01313753745748411
-0.10592714262869643,0.037686574366285426,-0.03022512733751702
-0.02322189764847861,-0.029397125996257687,-0.028647725849987905
-0.0719564635934891,0.033088235289709125,0.013944105901719923
0.018186644096788968,-0.022420705908223378,0.024174597494101037
-0.03094714201189387,-0.023100021817142047,-0.03214109877833013
-0.023610575063440657,0.03837271524808229,0.04894935808028464
-0.04260797851877738,-0.04329046967574603,-0.06733981373295964
-0.06435493467719519,-0.022507838548715783,0.005457486192741022
-0.053101065568361625,-0.053597097074363526,-0.021633935833870424
0.009125080986473109,0.06160693327704276,0.014986390496826929
-0.019016856948148666,-0.08750810009466235,0.04699687463071814
-0.1009577387545043,-0.03428364546969703,-0.02884703249210534
0.02064100561604381,-0.04240441829496008,-0.04543099956560928
-0.0833005209520559,-0.0036751318093655016,0.03180277147633995
-0.03854987710203339,-0.04144262777319037,-0.08269716547131817
0.017853703906478953,-0.0028171678172793924,0.054379120800138785
0.035757320514405215,0.01713718897204914,0.03225054745824924
0.09490232611767868,0.041372445151592455,-0.019416844805777173
-0.07202070646980824,-0.036106614992799636,-0.05526789840858667
-0.03069962285531362,-8.297845676468601e-05,-0.021644034915054143
-0.027168446868771103,-0.018486759127807437,-0.04191080028590802
0.043338810711597314,-0.007018297891891907,0.005820440055326233
0.00969236331385694,0.048298805953491425,-0.0360903729466685
-0.11372051954832604,-0.0013428032209891628,-0.05851629093144142
-0.033101592044834954,0.015858657872366573,-0.01948648105579763
0.09573321714870257,-0.0773574753873734,-0.043382058280294525
-0.044476612882906386,0.00579313634459484,0.0707950665731886
0.08480681665134598,-0.06617592214924795,-0.059061497846974356
0.01723707065997482,-0.060063589354083624,-0.02633970900987056
0.02275619887135729,-0.06403351188157347,-0.09128723331775004
0.03157898962143609,0.0430795546888332,-0.028068586634586702
0.010664281729067346,0.07933745367374959,0.033475805089731046
0.009229523767332978,0.060601606135790076,-0.0165361157249497
0.06922970686272359,-0.011492330430286905,0.045252610639180915
0.02594341110860393,0.050233537320364285,-0.0606975562596534
-0.06542951337947367,-0.12672175330737262,-0.028031274378304785
-0.027403888210560723,-0.0014820475999867463,-0.018236326171485448
-0.025564189353203377,0.025379025129586393,0.022094133722076238
0.03442696860562641,-0.0694199914303805,-0.03345457433204389
-0.052122001207855165,-0.042803656426890685,-0.004434483327973259
0.016986568412752895,0.06211857519922048,-0.00960730717120373
-0.006541697176722631,-0.02147535325464373,0.09427859194462074
0.015921152564204268,0.012062752931513663,-0.0353182222317564
-0.06218923637014959,-0.05799189722241837,-0.0657533896549287
-0.013108421370546925,-0.02179153202599127,0.06906490767125792
-0.07559918269624864,-0.054018911098660145,-0.027695897659289835
0.06595447897573736,0.08241134427306465,-0.044012455903868423
-0.12049732789242165,-0.07240736256662504,-0.030159226422077086
-0.009496987990468183,-0.045029931354458,-0.11234647862798076
0.02314256116443436,0.035611698165653356,-0.08787113941220287
-0.0499187778248571,-0.08104838834660988,-0.056237821232038125
-0.02921120223308974,-0.03934361304747118,-0.014527528643389583
-0.016103051812070508,-0.020806723015828248,0.04786144934832126
0.017774426398137227,-0.004619263425075653,0.008483291977958116
-0.07464419891274696,0.04947614147102329,-0.01144531550937912
0.07020543700275482,0.06395574897934446,0.030886111215233387
0.004057799361134035,-0.07174130943299037,-0.007364285625674402
-0.0355151592182445,-0.03158302961124303,0.08449975855028258
0.08351481854026568,0.017384609414667147,0.009504492188425875
-0.019525832551812707,-0.03882904568464581,-0.10184425149525145
0.051781531023721954,0.046441511796911375,-0.037413284951701764
-0.07159795891339321,0.011146126344861122,-0.010379445406588434
-0.04307423459543096,0.040403266237967916,-0.01764035538812049
0.026026367988927886,0.01812052389727579,-0.05672656382543855
-0.09404514332052998,-0.06682212665095945,-0.015520306164528125
-0.005516739220601465,0.12927668613299068,0.00862352097057997
9.318452699195491e-05,0.022183554986601836,0.01758165037174529
-0.09507547184517791,0.07772508912795446,0.026562046853509914
-0.03928363973165311,0.0302579099803913,-0.018993746470541636
0.03168220648205085,-0.007902279690809892,0.020644893018613084
-0.02941043044532933,0.015116371799234814,0.0367126321125263
-0.06310273090741254,-0.0005263272937256046,0.037756338653387955
0.04052762878185284,0.06639254317201176,0.003854020159707849
-0.06812906395756152,-0.10352067957451845,-0.027597103841480945
-0.040803005323893866,-0.09039859103359225,-0.00670554853064835
-0.008791022969592664,0.007375911867661679,0.021097160652597192
0.010050391012573108,-0.02194428026705343,0.07073647804368807
-0.00037937756270094505,-0.01595243680025602,-0.11991965454847071
-0.04284099474585878,-0.017309021222454066,0.05270654195718979
0.04393244756209236,0.003561867071052643,-0.03444464143985928
0.05514538560831563,0.01945880805473051,0.12476782667516484
0.05699998717753709,0.0820978680689889,0.03714880973206693
-0.07227474780894066,-0.0011874216341911255,0.004850227600710731
-0.03958584080070743,0.04053332267420002,0.018461968276639467
0.07867446080568354,-0.027926216815654853,-0.05174008803319338
0.021714018064877574,0.017574479858904517,-0.0709308717689216
-0.025325864835303455,-0.07390833071353112,-0.02861221742767967
-0.03662163511674308,-0.040977066262453024,-0.03568456762748704
0.021142831304304423,-0.01415588677720206,-0.0344475972865224
0.07432727635544785,0.08434018579525497,-0.007344303481701906
0.0286040627218798,-0.013686698909204972,-0.027421319593653622
0.06548506973657685,-0.06183491946516959,-0.02094540495468359
0.008985105220361072,0.022350211586252892,0.050884889990445596
-0.019392287156491547,0.07470306317565699,-0.12888204188971727
0.02398462447082812,0.02628891903902526,-0.03752648470115855
0.031026620825295313,0.02111965510788606,0.006980382398942841
-0.006928535025045618,0.012363234174507133,0.08378445798238465
0.013723639931692944,0.04841370798449994,0.024856530093042267
-0.024538426359055544,0.0006080362765549614,-0.020941732637578363
-0.013948699914648349,-0.07043804349705726,-0.043656330519799634
0.01013560941806516,-0.004095622178751069,0.07318012691585941
0.021132696379539427,0.004934691626662735,-0.017329895447089377
-0.018190379611095174,0.10809877602620918,0.008108160696510035
0.04551675713577383,-0.005935401185866549,0.05061025378535665
0.001597603705609036,0.031664320264257986,0.025281568660529594
0.04746589589136767,0.0470276290689937,0.02068659639296213
0.13568500002173253,-0.010374082313697311,0.0128073197228677
-0.02643076426980747,0.1513289974926998,0.09839192927852058
-0.003387338471493598,-0.06416645730924074,0.06478994302407762
0.04872775337448125,0.0009411916307726625,0.048934531165497584
0.0008602139647972623,0.00867492370405993,-0.048811034283378525
0.05305637067015361,-0.006986614126978374,0.08907916114059315
0.010523408751948633,-0.029124024547438458,-0.015255032901970039
-0.09162056391698456,0.0717733842087882,-0.0017314870026995059
0.05428753460181307,-0.01951093221107292,0.0010328950227131341
0.03237446309309574,0.021400641033564462,0.046799511228320004
0.07399063084581511,0.11824411173366134,0.04442852924813816
0.04630771406050553,0.047918386215471384,-0.06494336947232397
-0.0011518137635823378,-0.026268075243998552,0.08430999062305093
0.10393642180751167,-0.029779437829217548,0.020434658692083267
-0.011230162649401734,-0.05337768711941858,-0.04750250830979185
-0.0803640111905209,0.016215092403853208,0.03537539814130397
0.0021713576518988375,-0.026292199282707526,-0.004428674208505479
0.029705049465035847,-0.07166989005689638,0.01207360687999432
0.08563229288158714,0.03564723736737164,-0.03816484846728405
-0.015248214187442547,0.014095743101180384,-0.004930466325036822
0.02562098530500647,0.02442356957301341,0.03918694781158015
-0.026433385181971747,0.007311155102400286,0.04934193227962668
0.045985180032079374,-0.000724550319373957,0.02868594023084521
-0.031178952837742965,0.024926974386398043,0.12136297521111207
0.024909589682148937,-0.03857304670713171,0.01029167151850764
0.015670941264500457,0.021322124518679042,0.0007953290165837318
0.05704065236489358,-0.06823536195919197,-0.02073036083280036
-0.009863458729748099,0.057781802524484276,0.06315562453712638
0.07469219381152226,-0.015485949633696077,0.050125533008388276
-0.023799861546374687,-0.033008897244213534,-0.016262425455109676
0.024592137849885898,0.1016384120314326,0.04032692247227315
0.018973138828420687,0.058715640906662175,-0.038661195212211605
0.04844928493727262,0.051883450929077056,0.082953440273521
0.02439012655367227,0.07714088843553142,-0.0428397531542632
-0.13070740257264662,0.02755163291038551,-0.029650812472274832
0.021581818791931075,0.06908139461062317,-0.06397521530698917
0.0025340421570524737,0.06863251102204489,0.02954590276347591
0.037971640954315364,-0.023480800050816986,-0.014442929946452871
-0.02454422376404122,0.046956208399161245,0.11296341338479873
-0.03731288133400053,0.051989655818619196,0.029293780572222858
0.1087943352029404,0.03920042863716264,-0.06438135714822958
-0.044851167053405375,0.030671819562923024,-0.013011470380532658
0.073700649932149,-0.011036420437995915,0.016310972564733156
-0.007924883492496013,0.02081029121007351,-0.0578488323894652
0.008746831112190467,0.025480984736669487,-0.018398847241879936
-0.005859303006805806,0.01335538254182536,-0.033312184007668666
0.06471923935936927,0.08252978155048592,-0.09160925464420888
-0.00439313869461453,0.04001699487282949,-0.03232677722281944
-0.05113960544822893,0.0036053871189660053,0.0642390552415826
0.01633100761458586,0.0149831591657029,0.0726223628500646
0.06966307544222744,-0.04555650083104566,-0.027957911482139528
0.12570570480620746,0.03820087988936714,0.049904737683563134
0.05036569599439117,0.05352703123160481,-0.027986385804782323
0.05781227404199706,0.05865925432322453,-0.03542830238204296
-0.04736656347162793,-0.013055571170903509,0.029775876589087685
0.02726380043130324,-0.056895197004357675,-0.06036691840973582
0.008186298667614363,0.015158578029467113,-0.019272128371428766
-0.056340917691737054,0.012677036316863078,0.040610638254853525
0.018844510077775375,0.004088070786232401,0.06976797975782992
0.03685942345376764,0.09233686906052982,0.022825925039842716
-0.03706668314617356,-0.05229450898965723,-0.05668921175796788
0.09294888141766616,0.05183132764613392,-0.011211943760618098
-0.05456649886714771,0.04832993094258167,-0.06746949112472783
0.005233266185500176,0.06066271961437493,0.025948301175349377
-0.040249931207650906,-0.042088010906117336,0.010907990587011423
0.037118856766806665,-0.0703834227490398,-0.013827991151480926
-0.07433900971322435,0.04477865203966987,-0.00017490067457587993
0.1140943370638711,0.020945242792988837,-0.04749917742465505
0.06231446987450051,0.09012461143808438,0.03770779048135703
0.09627200404416397,-0.030189685475081815,-0.08293526733291653
0.08140862623353556,-0.012603337462703042,0.036335190901833694
-0.020086532688428,0.0040652615360752715,-0.03603203622271051
0.023111952691194742,0.017494829554900657,0.016725714290432205
-0.004734982480050304,-0.04387957279840224,-0.0045012334729399965
0.020545056400905946,0.08940845930452865,0.06918896227582158
-0.014639347312713685,0.05399055835891414,0.0013988938925231613
0.009109992233350492,0.07490488232873495,0.013782238678749288
0.01795558210249177,0.08214123225072859,-0.03011205776174039
-0.01500350049984744,-0.02991757357873694,0.030855844418496717
0.04871198412637173,0.07911166870554881,-0.00043039781918581543
0.049159365445781256,0.06278669147889324,0.05017439931966794
0.013624089848680694,0.03307101312682313,0.09487201386205107
0.1367634541866914,0.0034534618209280353,-0.013726461317627892
-0.008633350722639963,0.08556147170783533,-0.011410802515557258
-0.007399213955026695,0.036521239092419354,-0.005210363540511163
0.026960264220638484,0.029886251093437316,0.0902625905201576
-0.015473785610265668,0.03546868066141525,0.017175218039466845
0.0396881876571462,0.027132790158507343,0.026942866891640167
0.04084952152091891,0.017338627040072198,-0.05342399391042798
0.09585564972410934,-0.0028433322076541513,0.07508196980897319
0.026004140900046418,-0.051612616917079454,0.07040031216464895
-0.03449924375093472,0.024858745871330912,-0.0469344924363604
-0.03368843911040651,0.04438883414470483,-0.010670978360341178
0.0049022445753645096,0.06783809522046279,0.05172787826340697
0.008586184401837582,-0.014858089820150824,-0.06529703582513631
-0.01771812309681012,-0.0152990676869648,-0.009553308845090838
-0.003252196109188331,0.028163707999783995,0.013278319946017858
0.006161636801179161,-0.05010004120941994,0.015251099902073422
-0.016473382759835193,0.07962628115844718,-0.02211232856540792
0.008649607061101546,0.029016838775353965,0.09779309513059255
0.036045521199624175,0.019829961080051188,0.013345577792861453
0.05805386399885802,-0.06251243256447447,-0.0028617761646089375
0.041121445329169865,-0.006519894371317149,-0.014908885013263411
0.08808986592322937,-0.08294075454689424,0.005050574751196815
0.04431092047594025,-0.007163324849747445,-0.031132369205138774
0.013375543241203158,0.10951227380334262,0.03701970705330525
-0.05692654576560387,-0.012052300662150635,0.026626905328727454
0.07470241561298362,-0.061829196289818894,0.05375584356776246
0.047423131145415354,-0.026473786511281888,0.03913742557102097
0.015735658890805724,0.08558139121598095,0.024570020219064202
0.030911202795515853,0.029273979674546487,0.03201980914242389
0.05711256475202904,-0.11466036835621651,-0.03108988182928119
0.02697794055602229,0.0043816323036130495,-0.06410202659809497
0.018959787623599185,0.030450351938113088,-0.04553086755878936
0.026498033420925386,-0.00043763639977767096,0.005811489361121972
0.0567132003520018,-0.0006690265362621801,0.05415868773017812
0.10424836042449745,0.04650335680653539,0.05374587803768424
0.01314902560186626,-0.006730658798273569,0.01695735688328642
-0.060870440029471465,0.013463254998934523,0.025885550565482338
0.006149023389188817,0.12959856844750828,0.028938687025247097
-0.031523057012139775,0.012862499442450267,0.03363651263238199
-0.0198023426499856,-0.0552963904013562,-0.04302491354836369
-0.011892565320583701,0.07563308875690707,0.02693779190130891
0.06521429713891905,-0.0647493505278461,0.03758053793577537
-0.0014551147114544062,-0.014810138909110183,-0.05454245018688959
-0.07257163403956929,0.029875709711194402,0.03158278923576882
-0.014953670121543071,0.029124853313333837,0.05875864712260314
-0.09078161367536576,0.048848659977685144,0.11294574859781535
-0.0562062797006456,0.05406741461552134,-0.017120103471868778
0.034473734161705474,-0.00017815602380023138,0.04529793618432647
-0.021978254911971067,-0.021595529805874304,-0.03099024872884208
0.05266042916809932,-0.027151079742894067,-0.03602362338377681
-0.08185897512610484,0.04593196595815535,-0.0220966198039992
0.02417209173062646,-0.06373425680376821,-0.009213929026950451
0.09064974889110827,-0.06393923604098878,0.1025434872460654
-0.0062688916689128005,-0.03970322596625685,0.0996897159476377
0.019536768440000973,0.0666229457891083,0.0015428356896754584
0.07664811659016868,-0.01010667401141118,-0.054282941308915235
-0.0648986274868716,-0.053675153665645,0.12696815521044408
-0.030710216950569767,0.04352310786520132,-0.005213159251433603
-0.011063841755057747,-0.005371694711652417,0.024396456630824133
0.03465790498144937,-0.036440230628103684,-0.044483234980782084
0.016740551915235283,-0.028813786964147138,0.030752364588738534
-0.03458834541683224,0.04542691475741044,0.02202152843196088
-0.032269097783914305,0.007300642606693695,-0.0038406160169033657
-0.03847466072163723,-0.04558636520647151,0.02968189071658134
0.006606752499074229,0.04539303479792293,0.016589871162536216
0.019303104340452487,-0.0335670125978255,-0.026067535016699277
-0.10188076663207964,0.00946707067955984,0.06144592299950276
-0.02778914652746575,0.03826296461885807,0.013898054052948975
-0.0988375105597982,-0.005683253175175715,0.005878375630909932
0.04371067318237675,-0.03859141723550224,0.04075818444799746
-0.03410195579427953,-0.007720476634010883,-0.056286899306548906
-0.07188640360612591,-0.06607416861986025,-0.0018582174078052424
0.045479404113119,0.04270218401116191,-0.060301347723643595
-0.0058489109068617815,0.0031378595568156012,0.08162890012132239
-0.015606878888338503,-0.025995054612239013,0.004979229262195403
0.08081179462887414,0.014873123367289489,-0.05042816318067607
0.02513246775598961,-0.021771428340999776,-0.054553456830583005
0.04671456832496956,-0.01080154377905096,-0.009240187497276403
0.07609424688536064,0.05277239853813544,-0.012650353475016838
0.05486483198859554,-0.04164436176726241,-0.07909631358853673
-0.013696427205732158,0.016775147658056527,0.03174731886631126
0.005892476809101926,0.03934819888981982,-0.018614075950304686
0.047883911361582605,0.00468319956254998,0.03098961933298516
0.06300742486072491,0.03128996049918582,0.05907942960978992
-0.09476679517186329,0.02277633165250126,-0.023914412012843556
-0.027582867995659503,-0.054402388157415965,0.1215603317132883
-0.05594945305014514,-0.016904167351579617,-0.07952931036474137
0.011821038401654545,0.07635088398856804,-0.10068850960644722
0.07003435837873159,0.04722680352203844,0.019119408798164664
-0.06436616052692937,-0.03624773099548598,0.016590128316186593
0.06542767391670948,0.01680672286651492,0.012107523711508573
0.14968786707451281,-0.0073247089638420445,-0.01027867256481485
-0.033450107355825785,0.05151554294027806,0.03174857052403232
0.06394886189294346,0.017148084622281377,0.052315903895765584
0.05581283642867927,-0.02064869216429541,0.03766199896543347
0.009174505633855658,0.01631888417352621,0.05732490008121138
0.052309009897025506,-0.0013816091970912197,-0.010241734050943373
0.04717640854655901,-0.033133337791498525,0.015084923305893661
0.056346680018071575,-0.02398275201691718,0.005203930599242148
0.07205834292481761,0.006807873026862087,0.024849998161434333
-0.025298493319422542,0.08098994079099969,0.002778350253942393
-0.049710196126817756,0.05895472469679393,0.04675603771087296
0.07396993801280638,0.0376209156825227,0.05247324319634616
0.04534968946219082,0.0162288111436376,-0.020177352426265012
-0.0055145311675594295,0.0020994134426655566,-0.03290535752269326
0.0798735776808224,0.10431786445576376,-0.05951008323471274
0.032836672565762365,-0.036098451899966924,-0.04497922697774605
-0.05668807504547177,-0.04575349140503029,-0.08985857491033894
-0.07374612656164863,0.06538981338541322,0.0483756088753549
0.05497142485128615,-0.09458187835162617,-0.010323480963099357
0.042268468431737385,0.03073596278053688,0.06348846749343273
-0.0041798744710198,0.024169169144373493,0.011340330860958855
-0.12109339140674479,0.016526180392694628,-0.022537822825757763
0.12365761332934853,0.057440167966800335,0.02951890297327479
0.02766398103624959,-0.08099086857693631,0.05356479515494696
0.011687483325371843,-0.026199139619648093,0.004906757172911784
0.045556603759786485,0.05966098987355681,0.018258341383499424
-0.022255034020084944,-0.0872451002644783,-0.00029646386035338344
0.031539059639430655,0.004287405319075162,-0.022398488281886744
0.042636447656781186,0.003577462335387962,0.05607847952588618
-0.026455959152324737,-0.08052664912608765,-0.05540464688061571
-0.002743340446521348,-0.00828126693688595,0.05945372429263865
0.046820952702301286,0.034672949866550465,0.011949941316660176
-0.0006552791609647241,-0.02376787501167936,-0.10830357756976658
0.03458865196426323,0.05522666300598994,0.02719279771078619
0.011323269661710064,0.02711593344558831,0.022933403406722203
0.0399893881948131,0.015348323533226672,0.012067529712972785
-0.018897567896057253,-0.015891734853078245,-0.058254100836768595
-0.0005878179998906174,0.06462665907314244,0.07107126675869407
0.07081168165297441,-0.030519911866392593,0.07876927044777274
-0.05787326305393095,0.041498224380449714,-0.10519855633649017
-0.09066255324773233,-0.06706500555155162,-0.07346856280672062
0.037804636953886285,-0.10761685605612908,-0.025864732379996647
-0.0011992340999616349,-0.08344459955558928,0.010817136630266707
0.017785843197292615,-0.008949425664870891,0.07527481076489696
-0.039162234434483745,-0.032882137773680244,-0.02184284363399551
-0.05898805733632483,-0.014988214928951473,-0.0004387154495392124
0.04004040579407646,-0.03559290769124336,0.00808496514009575
-0.07959674207126882,-0.14256506814932352,-0.010494421870484787
-0.04207679752088467,-0.10390474357511117,-0.047491157829251084
-0.0009791934413063905,0.03943972415778379,0.03498549761562392
-0.030596313414509677,0.05810066973937103,0.06142809039175463
-0.0015522483863284735,-0.10113354849276215,0.06515590686227865
0.03255100263289512,0.02303537102236591,-0.06463664498849696
0.016327165581058206,-0.06681843871025417,-0.02421545129124269
0.0012408823252088048,-0.019623646281844702,-0.04114385675040156
-0.11019727133630938,-0.15593089602545288,-0.030742597935252663
-0.05431991328245525,-0.06348168492896308,-0.14885510496778623
0.029950435454163274,0.06598261089935689,0.040299086325523654
-0.09443096417279616,0.0673779722320738,-0.05465909531721838
0.07393056606439347,-0.10124241407692845,-0.15032303126503724
0.07961164584944418,-0.0033727116816521206,-0.06451493663961044
0.02042590198908417,0.03746753025973311,-0.0974609212111539
-0.03597996428745401,-0.06809328598888702,-0.02314351011629796
-0.05057503435147456,-0.0993234589432328,0.008990128480052255
-0.050674742811743174,-0.046525816499352834,-0.043110952411748275
0.0873047728434169,0.014590372956013647,-0.04759808695376985
-0.08135151959043357,-0.04171443466024896,-0.07193522957397316
-0.08342289388935106,-0.07387687984547744,-0.10618525830079657
-0.014630832561800061,0.022497597482149728,-0.010270727276807182
0.07851465344886127,0.008431142780069196,0.025268863770983023
-0.08606106087949507,-0.09335793251137621,-0.023516642476699327
-0.023299934294956293,0.0824775681499377,-0.008443206307833398
-0.07601893536006868,-0.008652198004357885,-0.044929833172330444
-0.0003716592267607975,-0.012733156425357875,-0.04565499989137156
-0.01781316965018666,-0.024654539319007806,-0.02562845202163626
-0.0022808826838610075,-0.054430261769860405,0.04837059811653542
-0.018353006404069536,-0.07718677402065088,-0.04054964107502111
0.011133286489092713,-0.0006602577718209102,0.056241348384558604
-0.07213981687775833,-0.059560943429102536,-0.010014754246550146
-0.10969167581621976,-0.017929100940705822,0.03244461502541572
0.03045618694429913,-0.05299004055792901,8.223946269567822e-05
0.025435742481053073,-0.01764314074873136,-0.10081173125304671
-0.03095714645694299,-0.020298522333092775,-0.03652038516470117
-0.015797336342772358,-0.09200619557624322,-0.0660977738083757
-0.025624876935402344,-0.013554130779393,-0.010137332496235916
-0.018404859961441953,0.022371122905351995,-0.00797676762910983
-0.05402737919864754,-0.036106737193993654,0.02173543599323906
-0.0063918209187007555,-0.07411375766359726,-0.07688071069739943
-0.06409547499416018,-0.05840781649946939,-0.012514989086103434
-0.030037345608692378,0.003626351431602358,-0.012119323417335744
0.06420941355878503,0.0033845037252869525,0.041995560473859564
-0.018449389264463288,0.07583987895029251,-0.1108800039250753
0.01575554232870865,-0.039300344894884244,-0.03142267261033702
0.04716433685786678,-0.009624261445778833,0.06112237580214938
-0.03701323363707203,-0.03915791808251982,-0.06969314545663452
-0.0544587813085738,-0.04721264451781327,0.031754429431975165
-0.12025036951062627,0.01677376827124896,-0.04551414644345857
0.03379934794231264,-0.015421732018953131,0.046729900351059395
-0.13134273917629258,-0.01879536576259766,0.09538488948149827
-0.06869895499337789,0.028144111789831318,0.03964305428613685
0.023232093983648026,-0.01967103567211393,0.0035462352011289694
0.02330383669713373,0.015349119004622002,-0.021769025146137596
-0.09836363656902619,-0.024822508622186844,0.06407881599758167
0.022320985240645973,-0.012524064143260741,-0.03241347775039881
0.05751003239178998,-0.014311352348837804,-0.050223089895059886
0.03940833271052606,-0.08363232073196873,0.059394891996715576
-0.07681179264345056,0.05111601268325122,-0.020551156010072107
-0.03230871233482849,-0.026208867527144165,-0.08197892579158711
-0.16609283333869548,-0.08709052170352694,-0.11270111131620572
-0.03568644274968692,0.05719674841817852,-0.006343860745801389
-0.1338222521182175,-0.020439836954916135,0.012366278301935926
0.04558066229612512,0.061801607134141526,-0.05074944529894499
-0.06047581906098129,-0.015497946478198674,-0.03375602360981986
-0.0935245253627559,-0.042925395090289364,0.020910408528083346
-0.05637251198406748,-0.005585081957521431,0.07841267346216547
-0.008965382674568735,0.016690731184345046,-0.02819965284589747
0.03177358891103334,-0.04239560449688318,-0.015489944704890672
0.008359374530988995,-0.011501083101867236,0.10758319681711487
0.04612876959824061,-0.06880632965261158,0.07131139928969539
-0.04675074189047916,0.08251139087770684,-0.05676996420326688
-0.034362364130114204,-0.02838748219551388,-0.0007476435650914902
0.03579691485887332,-0.024636666895381104,-0.04014532854325717
-0.030744639748488185,-0.06365737938166342,0.06144658338867369
-0.07925474105547028,-0.00767330035809103,-0.060698247743051256
-0.034130821300833274,-0.018552939451177478,0.03702777792200495
0.03641203851271206,-0.038711207869456934,0.0029114676508197324
-0.03846618960119748,0.030222552747697105,-0.044689414270214264
-0.04060587770632425,0.03364936664613548,-0.10423235899514037
-0.04930261491609668,0.006529339052937563,-0.10881421595774736
-0.16274054825310422,0.015293717355545213,-0.029769538052888005
-0.13033296614782303,-0.09964278813787794,-0.06847719441712319
-0.041155054031238196,-0.03422852034995591,-0.038545765856193986
-0.058577850755048795,0.061222202177523534,-0.03272607896911138
-0.012589439958399647,-0.0502733252159592,0.03019816963536616
-0.04117093482462865,0.08046817109229501,0.029817484375075934
0.05237649371345364,-0.053736134141256414,-0.04553909539855773
0.025090605404063607,0.011078745762364707,-0.07014826929719688
-0.045725687546009836,0.055433465098432194,-0.11608001825877072
0.021683293147173485,-0.03812389706604675,-0.06051690399380544
0.00585663268130265,-0.040262095659828606,-0.06202845663083206
0.007987023414549998,0.021419066791593836,-0.008295305696696273
-0.019066196963208264,0.014211946082251136,0.031200226791789156
-0.06388764850600871,-0.014796461996643232,-0.05697022396598096
-0.03344818501614713,-0.06554767408789504,0.024400368360509937
-0.10417707816090485,0.014331019041969172,0.04499340084650733
-0.053678594187758874,-0.07207440546600961,0.085610258005352
-0.0018828580321197594,-0.022962325248117713,-0.06438324054307401
-0.01621007054522768,-0.013950839305887069,-0.06362141481584029
-0.028014270053847982,-0.0452277497555838,-0.012878524473034243
-0.05408565718541038,0.046199766886971354,-0.07854021145832348
-0.005119123145223552,0.07246540854637472,0.018926687482120737
0.0412513956205337,0.1269181984844053,-0.03915437207885139
-0.0229836321346603,-0.031717573700365764,-0.04880799980456254
-0.053456921933072735,-0.0032854256953067876,0.005616664684002062
-0.039146268923040836,-0.08224650771858945,-0.035560947478577076
-0.11765904573376369,-0.05674532960965621,-0.005453352896176855
-0.07164875205443663,-0.09421226092749355,-0.056775081884147906
-0.09522461919965661,-0.007539047048521036,-0.01811305344483377
0.0033226861682258014,0.01621841546566659,0.007672262421344731
-0.07618255620045299,-0.024310996300867846,-0.06669091232230713
-0.023122557421001666,-0.02644137499775628,-0.05775805699264681
-0.07322574140040522,-0.001826919033512408,-0.0421618698375303
-0.0003837927373778541,-0.09677991616299292,-0.04317261156529704
0.006341437900190278,-0.022651278830745164,0.00955070066582224
-0.09849963127502895,-0.02172227271311681,-0.014224398592808614
-0.061111745926230324,0.09455860619189761,-0.07012902946188038
-0.0068580092828061795,0.043241077767521424,-0.029463522966939194
-0.0005464906201086712,0.03307615792820099,-0.03245590771358024
-0.06808939922504001,-0.1459301040912637,0.03191811088940727
0.013893458063600468,-0.04803530255087349,-0.007843176354877657
-0.006609517474797251,-0.09518641677827165,0.006926660676826367
0.02977646999125616,0.00623013398341884,0.050643565256789216
0.05057585080891471,-0.017860341736099974,0.0014702180985441266
-0.033578208826655645,-0.11880095264636363,0.03314169199863782
-0.0005903840671806423,-0.035506622731947365,0.014712085853863677
0.015125390590069248,-0.01136666128747221,-0.01124083093443679
-0.007352897403769208,-0.049512368726392954,-0.04469318483981336
-0.0017547428608856398,-0.04637078195300875,0.01294073038494775
0.004269359659553954,0.07114750622734577,0.04199545499509444
-0.09579647818313136,0.022147221606922774,0.05276791952884925
-0.04343571043103932,0.03987545814377155,-0.024525756365319912
0.007519568108023905,0.007507500182980353,0.009428073281053509
0.027581580542281544,0.17173086346431415,-0.031281263308278164
0.026837328197779415,0.03935323395212462,-0.11038784010112954
0.025484316843324674,-0.11641097115816729,-0.015951855668906
-0.021013710800163073,-0.008591167512793908,0.02604633953097013
0.050362621760267276,-0.05006671719918936,-0.01390740153976745
0.015902156681921964,-0.002362935260512508,-0.09840537625840598
-0.00021331387745779796,0.03194755705117374,-0.038755977227774914
0.051136010421307075,0.12615735651265886,-0.003948893337844332
0.007889510124558487,0.004023571149953571,0.03161906175567295
0.022478513188873065,-0.03998965143802667,-0.03857811461651005
0.0041629358634629725,0.05579117562653874,-0.06143130485449115
-0.09493619170486169,0.10641671373244514,0.031883683173882585
-0.011141450550977473,0.00944145100811432,0.010969534553041657
-0.012830263946328803,-0.006615139989151652,-0.0131214311385024
-0.0269412962926998,-0.044467955586819256,-0.04344575774614278
0.024649836615462148,-0.046425962139153246,-0.02064865932517173
-0.041927405043782555,0.07921982493905325,0.03790711606603197
0.05871963254704778,-0.07671953997806077,0.040728786048517936
0.08295172619795332,-0.04098416658657652,0.0319010590558585
-0.06850761592706295,-0.02619176255233442,0.0009666719594266526
-0.015551466707225696,0.045917308747237866,-0.0647298017193647
-0.03757319447728794,-0.02022307198310079,-0.03871031272018508
0.11090998913100884,-0.009188632596564654,-0.027966505974006583
-0.08283359123972302,0.023388828083617474,0.05937144968909813
-0.11479209610245622,-0.0011276113541734117,0.00984889207300264
0.013183943563708458,-0.05851901549283494,-0.04361132449937707
0.02534462522541018,0.019823125981388842,-0.0012057554746701684
-0.04655160606474864,0.07410208476110845,0.019393934431806
0.059014964125318245,-0.036407978071072884,-0.05230146881078822
0.009173319770433975,0.05546149298870065,-0.0777711642843514
0.060260032344391964,0.02337940886540026,0.03384894912056247
-0.016218970057039556,-0.06524786370648082,0.0027485613076578576
0.04912408052496274,0.04525162697129696,-0.024096609696965858
-0.07932405732966369,-0.019220519723111056,-0.051815462338172316
0.061622528234594354,0.03454833405983819,0.05483159236005726
0.005396492975531433,-0.009057947285367808,0.015371329982933436
0.06368744670435929,-0.01912310582790282,0.014277150910429453
0.06049935948712237,0.03658260939581229,0.071522326556315
-0.004403047984705511,-0.09867629525314064,0.027676604737529493
0.001168663338037377,-0.004161487988832428,0.020117497864284264
0.19318778722993632,0.007421415925830836,0.06320646919517872
0.009644459603708714,0.04935145925719226,-0.03212675092201317
-0.00852054134093621,0.0956133861398202,0.07314765447837691
-0.022553108886876796,-0.010161934515026515,0.015638395696051553
0.014089574770831061,0.13538124007864297,-0.006283549935774655
0.023685333157214064,0.051263892165103284,0.0004418999150742186
0.005561745966453455,-0.03551316079456249,-0.014885706190304332
-0.008380745839737063,0.05324989036652765,0.043725658241655294
-0.03018526890051733,0.029141859434975964,0.0005244416165919854
0.06648060292483057,-0.07379302783606699,0.033199524309174056
-0.020632319245603686,-0.0013844166533787273,0.007094257908973448
-0.03187504614755438,0.0018289242487600343,-0.01204977662253788
-0.04414785236992105,-0.008556711523404616,-0.00810624883299979
-0.0676941320465472,0.04037862502834225,-0.04460291521574788
-0.013300616859409071,-0.0009029175345654557,0.06194420366999497
0.040084529417301326,0.06583395360896355,0.02924234756246435
0.0036560986086296016,0.07564873292747466,-0.012317356261059348
0.014993533135289991,-0.02850455655358075,-0.06944905949827453
-0.019100739698948342,-0.008470733495090777,0.044533202940771496
-0.05516967314565743,-0.00992055213780011,0.01857169369416268
0.0544216074081472,0.01808650111321712,0.09007330647808395
-0.005132003716468733,0.008086635132450544,0.11734718971422473
0.04952787932478554,0.12503807015578938,0.06844576186398543
0.04843751794701714,0.03211107104685425,0.09202190275397834
0.05517164720328087,0.005814505856168115,0.10748716950990929
0.097582931450341,-0.0432165064741645,-0.003666526928234111
0.041623222291087975,-0.00011308196908128496,-0.00543135725639864
-0.03538044108234979,0.03674758067903527,-0.0236539691460408
0.06295589142304778,0.09594922747195139,0.07383973912414044
0.0014803108629421764,0.07804818982557336,0.13375683709458538
-0.04707061213634474,0.052357542268863896,0.053580505116704494
-0.04311477328968619,-0.05030300772235525,-0.021558933060883113
0.11151349861571506,0.058829265925738936,0.10318766181817755
-0.09422965632514702,-0.01316376377152783,0.027577936708464888
0.006347068427445915,0.05909975934048918,0.031840068836512705
0.048192528135985124,-0.01241246972073565,0.006963136946110719
0.03881426220404496,-0.005958135780903921,0.01428721158005122
0.023830358553433198,0.015656538502439924,-0.09860098737160926
-0.017594937319762593,-0.020179059477007658,-0.0793582808919301
0.06054010942024893,-0.08048772983298365,-0.009801157253511026
0.02672684300418035,0.009932021562893845,0.07603057986997123
0.01836768853049662,0.04229831688774628,-0.10741653656235117
-0.05329419147099666,0.07090993863263775,-0.015612405899770525
-0.0010000686612841002,-0.11033015181558545,0.04347056447249664
0.07097149858807447,0.05737658103115347,-0.04943544616745374
-0.05727244944459809,0.03033788060847493,0.15446938455071776
-0.007364010068095769,0.02749716697989503,0.0871721957288912
0.075545396537395,0.012756693279083128,-0.016945973065982674
0.015846870072553837,0.05505962426931996,-0.004222720834524619
0.028320870372643442,-0.003352858031908646,0.0187358931067211
-0.06556982033369599,-0.018829255997402424,0.12491531150762557
-0.004466253677830566,0.05994759171710168,0.047519512233471776
0.022169592975171043,0.03391834836067131,0.06275418512017375
-0.08518323587171366,-0.01804022575737435,-0.005529236194089515
-0.04039214648518612,0.16844301997250016,0.03518698195315936
-0.06325544195638126,0.06278213420182115,0.015010788759577134
0.06424997195514331,0.04138840279490728,0.010704577193495836
-0.004965471659031422,0.01665646438665878,0.034988655457506165
-0.07598895008258312,0.02947078461190958,0.14911093611394127
-0.030080906251858497,0.006890175075995313,0.019418743701920392
-0.06939721038263034,-0.0013106350332259126,-0.02717143347640364
0.03674182689219103,0.07048806921051307,0.02816064394099122
-0.020231585911008536,0.14134170104302318,0.08777475095236245
0.11672701329789184,0.007357760578428046,0.014631676509787809
0.06845059725575446,0.024986934039314578,0.008454235358876102
0.0009815790520788722,-0.01584591386680075,0.0003104610241873619
0.024864662981486447,0.03547329567835544,0.08995905787712735
-0.03941860315406365,0.024119591372119144,0.0995053375249021
0.04703606893040432,0.09458063893777205,0.010359675768908951
0.06942548098037246,0.039157292017561504,0.009648114778179302
0.06557827431126233,-0.009727427657963712,0.07436264009287541
0.015388378384452044,-0.08962504172728601,0.007772818995053294
-0.01492786638375079,0.0011520213999417703,0.05829565973771153
0.059805125729519786,-0.0954740353261727,-0.05804108988839199
0.1159435840685978,0.02987956882375726,-0.00010617714819714796
0.03654096231595369,-0.02323181306134762,-0.014184645528116817
0.017734254798994663,0.014873983946530497,-0.12507475318096542
-0.030653423848974255,-0.005536429524017998,-0.002196120050594483
0.15670639183433613,0.03237689670609969,-0.01889485288704434
-0.002422619395917692,0.014968625641941178,0.020646733351654137
0.02360655041575374,-0.001828751650988468,0.043801906238363136
-0.038985934244891995,0.12150332053426151,0.07932606579792138
-0.04188358240450574,-0.0840055880426599,0.0801590565621058
-0.025461993262069216,0.05380179202034283,0.039074110422219754
0.008796416850839782,0.010183722728454598,0.05364132860360788
0.004561772540642661,0.025100324722318913,-0.058884681418396985
0.0753039899031988,0.02927293796827983,-0.030652226018257723
0.015035909141881063,-0.010108236384688177,-0.08956324908537963
0.015300424670301332,-0.05579836376908299,0.07774799484285982
0.016214779358745483,0.03780123195194805,0.05285815719623184
0.04169035534861246,0.0838486339952163,0.09006377583424846
0.06477962433563733,0.07793407154813242,0.07498481761210288
-0.05384257518377855,0.054769333895723644,-0.07497031518009228
-0.06412173724936437,0.00885903728486081,-0.0013740310976491643
-0.026975358751907007,-0.08736297129952991,0.02952723908887852
0.027177099507464046,-0.016135850582350255,-0.02185205052084885
0.033253888200157,0.03964900308908102,0.05908788330693744
-0.051722322932551634,0.000436792303181454,-0.09445420522034191
-0.08374118433478606,-0.013939881426025223,0.012562121440339882
-0.035675626946472146,0.12659021241518292,-0.005751091754756778
-0.020389423005287868,0.03841142550473357,0.021973983937772217
0.030029906591072804,0.0055053756037258626,0.0032765946486810887
0.04460166615848432,-0.006788266588705471,-0.0760737894669924
0.06418281485916406,0.024465206823324308,0.1152572987873672
-0.0384801670179903,0.07914017121081086,0.08531883518882948
0.010963559787049193,0.0022714535479127634,0.04546855578287574
0.052800682519030424,-0.0002978457028658191,0.03221522075676789
0.05142732813174724,0.015838434029312145,-0.011464816077340474
0.00366044093703094,0.04737748335024276,0.08554321063002127
-0.10226365161157466,0.014222831671932683,-0.0037493691407327577
-0.03876987076055324,-0.02132335287547978,0.10115686732884252
-0.05428238645531139,0.07079106407742934,0.03818931651902564
-0.007442031813654756,0.01750240603997179,-0.010652570520153969
-0.04437956681023616,-0.03776825637017812,-0.005035990229056944
0.024208409800316254,0.08118169707602022,-0.006503643049103582
0.01747385610637131,0.04850767777455718,0.022604967663406805
0.016080845588022228,-0.040747093401043794,0.003225924091192947
-0.02047101629069986,0.03128385484228101,0.04789912486307314
0.014782443837748153,0.07527681447820114,0.052415622783115096
0.07283239225730348,-0.09104400132584495,0.013607655977921764
0.06865953547959676,0.04648694897582323,0.016040205031587616
0.048200005153915294,-0.08414483222259675,0.07547740344050435
0.014776282335970382,0.0012675077709271183,-0.0331887683537459
-0.07125084860737634,0.033298875275934725,0.051390471869154936
0.04775986336418475,0.030824507605988788,0.06564663537181326
0.07189485867310037,0.0376153601322389,0.01171739563875935
0.09566757556301003,0.010174640013365412,-0.006190102838396263
-0.03549894215498991,-0.007624658413397711,0.064470711868266
0.061503980048132866,0.05010437177557644,-0.08855788269937384
-0.01676058453720787,0.06790840265147786,0.0659644306021184
-0.00926125255821576,0.06282635009964452,-0.03359997925920766
-0.022008999431136336,-0.018783192752163225,-0.05066933967740709
0.03589647975506161,0.08733602568613882,-0.0635906043855118
0.04683293442609579,0.011300651014175125,0.00921313931697573
0.0202345181818152,-0.07795063281176307,0.055093856462934035
-0.029761432893497954,-0.00916190505578668,0.06980847091567895
-0.035964272211042946,-0.05772833222136472,0.10785964596186809
-0.02118363817974627,-6.726311741356988e-07,-0.08068910645926272
-0.04394217665055962,-0.007385106296083141,0.06167284943247194
0.0913059715945258,-0.03162258815982611,0.057579110976514566
-0.010551433920838712,0.018645626651681277,0.1250534430737458
0.057764871403568535,-0.0133322657720835,0.10406944361977186
-0.00046265884619060144,-0.002400078558305088,0.019556353746573954
0.058998765346273026,-0.008582497827220847,-0.01886836405206689
0.009661242788458688,-0.019771703172980652,0.06802645858365737
-0.009349925303881599,-0.028876297491616736,-0.0295315643151741
-0.07112489648948217,0.06158482324964925,-0.0251130159262141
0.05962085073352248,0.01269889065473852,-0.05438746480753989
-0.08745577087711781,0.08665149214160217,-0.014313876163355114
0.15493865964160314,0.026013711660101684,-0.0068496587044382835
0.03675093731332852,0.07620055243301799,-0.05404049686698591
0.015624187022344839,-0.03720922535274885,-0.0003820617202349285
0.07515500259733668,0.10888986320966114,-0.06793642391379062
-0.03765712824678556,-0.06758916828017719,0.011651049101946
-0.03186671761339572,0.020962472741568774,0.07018259533499413
-0.0011201306242232395,-0.0007081371181710538,-0.07086401899798234
-0.0332833824203665,-0.018820769685233406,-0.001823880130303981
0.058613520216275944,0.022064491663322618,0.015420503589631528
0.1090566211541362,0.04982409039711289,-0.01748922288839566
-0.0667035220859581,0.008310023722736296,-0.04435811849221496
0.012723367685323561,0.014041463390312613,0.011575788258441994
0.026188987483201608,-0.09273277019632788,-0.03965874442614243
-0.07500602185160571,-0.01786464424977066,-0.007959283799730748
-0.02876449895817781,-0.0454397432930178,-0.010066818355853803
0.04062754567874244,0.02036708605795359,0.047961488003268396
0.014237052583646229,0.040700240059126855,-0.0207214800724947
-0.05193874509831629,0.07113818059933916,0.07860253113517007
-0.017279587931997967,-0.057326734269241314,0.0221420703843909
0.005941915877695856,0.015760707378361025,0.029822148574546587
0.08074518574960798,-0.02959314614343997,-0.02677672582383856
-0.0012443222233674582,0.050458495594558256,-0.0013538015022185974
-0.0023233284405074694,0.11104332821722092,-0.0035982774902649315
-0.10082633261098534,0.029633933879269696,0.0327683547053791
0.011674119882678177,0.008500316994519235,0.030335259824402862
0.022078510519361015,-0.012913228871868965,0.00025757254711068897
-0.021928468863644808,-0.012772824532123538,-0.00891324297246459
0.04958264290880929,-0.00928544009128708,-0.029391648096270796
-0.020963208649778638,-0.09497821914439272,0.0024173581758154964
-0.019358925439527334,0.05168648630064782,-0.0016912368929663563
0.013738305369790621,0.009844055009393528,-0.015287543740724708
0.0639156777291123,0.04851444605923349,-0.030411772977066955
0.0461894626947599,-0.006134468541718585,0.051992870794068675
0.027635674063663854,-0.1051746006395077,-0.035071107021455085
-0.039840309135841946,-0.01833915068701683,0.044186758842832935
-0.016775739406263847,0.08131995266485867,-0.04058805366196202
0.017990996101552994,0.007183602292174985,0.056015280186983624
0.001333248107526504,-0.08546245610185586,-0.0570943468842713
-0.025626731646663743,-0.0984190059477263,0.012230630745477027
-0.06799331381356157,0.029672441814818724,-0.05565684120387771
-0.06844688084658768,0.05772513458919657,0.03133769805502712
0.05680748081445953,-0.04056631884365889,0.011697814876592171
-0.10635070273071835,-0.01661998362521061,0.00152690390950171
0.07579682769009635,-0.00027841479333140127,0.009677202210436555
-0.0612250417660108,-0.03008612334868689,-0.005623086326064283
-0.0510312836198102,-0.03374087880182843,0.07086750722907749
-0.0940345372832328,-0.017270609428399378,-0.021905770564187584
-0.015461088045759625,0.045584532344205224,-0.044432803242115716
-0.028341584912248138,-0.01812072563403209,0.01622606082020427
0.0170977337154165,-0.011699196875077932,-0.027882392264979045
0.003934403751134598,0.06272140353046501,0.039708525303103495
-0.01911228135679804,0.007105726779043245,-0.0030394800214445543
-0.01286744676791063,-0.017008801259410535,0.026059685699229358
-0.029142520245524425,0.10014115745723697,0.044939107988111945
0.014363077666516302,0.00035270158753042576,0.009921874474292637
-0.006060840605132786,-0.014807321026590724,-0.03486667042471944
0.026751099642989662,0.07355109296526548,-0.033326560909033236
0.046041649608949006,0.04193651545141268,-0.0035296011201289687
-0.07576251519362127,0.0002806501903852513,0.002631118054943902
-0.04803124826276422,-0.0087452383016845,0.04957884700711267
-0.05877297040607432,0.029034639273268676,-0.03741662401938904
0.002470491198461983,-0.014797725950952433,-0.04877074196337951
-0.030479252618145804,0.040651753258610986,-0.04378137959564431
0.002244415090825274,0.0803152097304356,0.07715616297257115
-0.010738585162108186,0.06036540747194559,-0.06445888400495053
-0.0024587845392577048,0.10160530891360221,0.017309792664890557
-0.06478328569986747,0.0006899938106446294,0.04783400285592851
0.025868184277907016,0.051630178925025375,-0.001226709577555874
-0.12203496469797409,0.03886643593420387,0.04686379869342278
0.06104608788734258,-0.05586819523563018,-0.05528643162283734
-0.04714873040344062,-0.04558292172971607,0.09742767035753487
-0.00025297219580404026,0.0838734162290848,-0.034636927610084633
0.126495632492511,-0.08511295358484336,0.004863191404494092
-0.0029608448836008234,0.03853668939419837,0.008241068561852692
0.010351229912228132,-0.03290986051272859,-0.11486316088321673
-0.05064532343883933,-0.023075867832662137,-0.09011375333386994
-0.025388113066914575,-0.004004525345711966,0.07118642405495672
-0.02461652841470787,-0.09153354846477293,0.011752333075994784
-0.09663869277493443,0.013905584803483194,-0.0004587667395125304
-0.08574856302619431,0.004901659839162973,-0.012025618999473815
-0.115873542304051,0.07874719288209361,0.08767972231622351
-0.015515979973003706,0.027029884770512543,0.01234002169402272
-0.027073027721952865,0.022626925263832386,-0.08280791315051797
-0.030570926533657772,-0.029923018525047047,0.005259310359839946
-0.06314604838284008,0.06319141607483911,0.02025515724161394
-0.06409055079529424,0.0015914253861532938,-0.04144147135692812
-0.038296944249475946,0.015662976592877714,-0.05038823677832331
-0.038141251022699274,0.012693806962911147,-0.0028044333869960223
0.008529482529195163,0.052348447655303804,-0.06447572597495697
-0.002044059028197069,-0.003844240084892557,-0.07433556114999082
-0.07210329459285374,-0.03509548167364872,-0.055963634544199614
0.11448835962993828,-0.08610114160170063,-0.024626004034688037
-0.057097836898127835,0.03570269799120751,0.0483402389990822
-0.024499043295577998,-0.07500763660273337,0.07394127374376396
-0.02158658885937633,0.015609321464921052,-0.022067928674585884
0.00788055029326358,-0.013858511415084545,-0.022891506743295965
-0.05782701463244401,-0.07603154337393052,0.008938175596435567
-0.041878937911829936,-0.030500119544957533,0.030060667303410425
0.007481415059158315,-0.017023277054452363,-0.046226009478358164
-0.061036798135169025,-0.09994202126899876,0.012635236072290109
0.023096583815915128,-0.028845915304436337,0.028628495854522266
0.07193770704875316,-0.06976532125187751,-0.02593358496782249
-0.08490569880301346,0.03575956045261935,0.03003205689466891
-0.09381412148485008,0.000390417094523178,-0.046700146106139734
-0.01900310462772206,-0.05050914699502954,0.014579839930115975
0.0712089506918632,-0.14083678028353133,-0.054599973435882035
-0.018283999311138225,-0.08541285376362986,-0.046867107198491506
0.0148796903472314,0.04347192349022791,0.0018400832912463354
-0.024678527457882484,-0.047243590096790855,-0.09126835396013795
-0.016687022821162745,-0.03440874847702009,0.05036408846956794
0.013799322984883539,-0.09894445701975384,0.02587710636728574
0.07625655346468996,-0.019751775863277313,-0.01133694881527963
0.04054932047240025,-0.011701063017793117,-0.06025283450613353
-0.04365363027226819,0.06121175279858404,-0.08828240242506148
0.015464359258573281,0.11913798317936995,0.012258647050258035
-0.08263648252817163,0.012938505134967783,0.05516074853163051
-0.01362029255351133,-0.08975412954115129,-0.06186242561915435
-0.025776758966022165,-0.046217383743463805,-0.03012751704518503
-0.03602178962505401,-0.026527318118735394,0.03642271395617912
-0.05217289509850574,0.05941922976738168,-0.011805732911673108
-0.047608828500709036,-0.015094037903010376,-0.12037938292036923
-0.04053017196709806,0.005311934187294112,0.030588939719597603
-0.04371314994485791,0.02288024366775371,-0.037722673909519715
-0.028754147856112296,-0.010639565262991054,0.016261279187858312
0.014895448338960483,-0.0072463851350949016,-0.004371100435746067
-0.05668555364080334,-0.011356172221128598,0.01947971698695981
-0.015306413622288705,-0.07875073210131178,-0.037686932904647155
0.059892167562506204,0.026546055665046954,0.014783163341430365
-0.04651232694943195,0.06416910921062863,-0.022238044888810687
0.011447641173671454,0.026984773045054686,-0.1267025936872567
-0.0932375690249757,-0.10033030688548986,-0.022937222308264373
-0.11907684806672769,-0.07530643396515521,0.061988997996383154
-0.07054872683230232,-0.011241853891470095,-0.11402070788753793
0.0665643206083727,0.0422240736816022,-0.026497803380464837
-0.0075302696428974115,-0.01149676239606555,-0.020658746579456294
0.014733185604649503,0.011857888963308128,-0.06304364236574035
-0.05999907150325061,-0.01537502380789996,-0.030029611091488224
0.05378402419172093,-0.017438829212364577,-0.08310431669108659
0.01969447568763256,-0.1157147725947367,-0.008573363221702128
-0.04550868396589812,0.015833452358216007,0.006867047764115269
0.019157722027488153,-0.08053933173886989,0.005442041472303719
-0.037714231874430626,0.08520549941411752,-0.03028980189894037
0.046445193538829574,0.03437188707118584,0.01795081217157934
-0.04523909731073067,-0.10623802286273545,0.023707978863902242
0.0804916568540357,-0.019356096149865918,0.016655508668518233
0.021475954714752214,0.02053015612867759,0.0319515703634334
-0.10787402524997503,0.028028570706411057,-0.07912907908330158
-0.06841901506940154,-0.040315687714153184,-0.06516370949986504
-0.0028478543888246464,-0.06861377644482619,-0.1157701716680947
0.005503632855374859,0.018158549225864042,0.00611459653906625
-0.07693141794240202,-0.04651785447766947,-0.031071817959170876
0.039033563823205386,-0.016851790039686138,-0.03863238338913991
-0.003513552552886162,-0.0020989046030088325,0.03974198119539809
-0.09010613209588723,-0.002853201373394544,-0.006606961976548354
0.0001481306503225907,0.0013761728017959753,-0.03589103893897818
-0.04518944870063962,-0.021627245549800313,0.008991566951535957
-0.029989245746496904,-0.04832248367959251,-0.07034272262630183
0.0101912442564117,0.0593691861878993,-0.030911512858460492
-0.05279331450308622,-0.025297527185122088,-0.002393588804407508
-0.05662505803277078,0.004160640442069555,-0.03380417299838621
-0.12560175596256629,0.03919841323279122,-0.04003429055303316
-0.05506546723515787,-0.012805854813760622,0.04884448301607082
-0.006387738937367479,0.018123474044099724,0.058505601942228876
-0.026883999702591945,0.0071343801244010616,0.03860381867380797
0.07182425368679468,-0.07040426880675693,-0.21071169419619704
0.01006651851889236,-0.0671420581295335,0.036592391033771016
-0.03411822487570408,-0.0274144394554175,0.08217645462230141
0.02180719215790373,-0.060861839498291645,-0.05501938209699457
-0.031221791562882607,-0.024371882515518733,-0.06877382201782975
-0.040751746978845434,-0.012123471268622676,0.0023361805324939727
0.01995309135605998,-0.12897254008938977,0.028768023675075888
-0.02574179781600583,-0.06312977984152326,-0.0545842484872589
-0.026898292261432553,-0.021672430402340237,0.06406970450391167
-0.07065587635135193,-0.017173553251675522,-0.0032427049402798565
-0.03332456945623495,-0.024358364545510876,-0.0836783290929182
0.0006064136460591264,-0.03280486930837044,-0.10444610506653416
0.010305986841605297,0.07114696070622084,0.001734385254312026
-0.06225617675925572,-0.027948639115803003,0.023398521440547257
-0.058782903707587784,0.016013936183915153,0.01284044557764918
-0.08601611604965397,0.03768718975249387,-0.028770480143644733
-0.00851014201421111,-0.01731773582813431,-0.06253270428532491
-0.056477140020714064,0.061539005865010515,-0.06104657805830657
-0.03125044623879207,0.02024973242295261,-0.03580723247087928
0.019424449070064975,-0.05828799651146328,-0.08143319483949416
0.010279583331093323,0.03431306617189742,0.04558955102662932
-0.05685794775476975,-0.03654920307734652,0.020424442828449484
-0.001508566652874476,0.0010056092978953986,0.008609412179484181
-0.020921230572333235,0.04161456238688931,-0.0290720700710244
0.05417216216178653,0.031223065678405652,0.004094412341994581
-0.03298403093320866,0.004119683484899467,-0.0034350833112531415
0.017516266913451206,-0.0892897524513463,0.007324826950122369
-0.09324780168005031,0.028000484758148612,-0.008795672102274693
-0.11106444154839883,-0.09272284400933334,-0.006814575387567641
0.04232089168435501,0.07917576811589908,-0.01306932786419253
-0.08706838485246746,-0.0001772141352923834,-0.013696485117659508
-0.011106736283943666,-0.0304925242876328,0.07341839401061763
-0.020528650187205812,-0.014653178193116208,-0.03222725689810091
-0.03786265886664848,-0.021498267570249235,0.0014502070694153105
-0.007843686781034833,-0.05066335088842656,0.0007379439427040082
-0.09514587883903441,0.02950415431969489,-0.015260321931567053
-0.06806907577431123,-0.09391550684879285,-0.0016201107911441338
0.015782688099767867,0.04576560624580853,-0.14203303194203493
0.021119682016521805,0.1213173410480536,-0.09977714977633462
-0.02163107683509412,-0.05221168240204989,-0.06958970098412146
-0.034046703738654156,-0.09505230329304198,-0.07531315978514531
-0.06361685987000598,-0.013774900752958591,0.0035518801267083594
-0.1386477227208111,-0.03361684744109198,-0.006418644490353367
-0.03506684183164814,-0.003110068050667763,-0.045882797446431145
-0.011671624878398037,0.022864023231961357,-0.008233594923623206
0.03179323000041677,-0.013795263161979023,-0.003917829794143018
0.004782956592029729,0.04614322674484202,0.0484887259563682
-0.008813568249737764,-0.0527271423613566,0.03638631292744659
0.04891433656831562,-0.05833194288717573,0.03004849492535291
0.04541755513587028,0.032687774797967334,0.03347739524553337
0.07191726298075332,-0.06937186608380712,-0.051689854997047445
-0.08397947722732757,-0.024323620448340882,-0.0034235170042288586
-0.030305938584276375,-0.002894609366829019,-0.059713512629338786
-0.058125004954235594,0.013681593259021421,-0.07104089498541927
0.0052262594580349785,-0.020997883418326917,0.01621779153096075
-0.08531465947160295,-0.050697748872239136,0.008789918423285895
0.021655617254572126,-0.11655089940460653,0.03936578784112151
0.030635391263225353,-0.03772147231427158,-0.009860808489970025
-0.010295415487303634,0.00724319640458375,0.01642638869414838
-0.06097714165807837,0.006632531433968454,-0.05715744476763884
-0.019332880090319443,0.02326433690563977,-0.010893991345565747
-0.0428860098593202,0.12352794212315871,0.10722152003026363
0.016715666448597517,-0.03469324905829652,0.051472443041081825
0.04094578617570598,0.09912617791839355,0.007546177430174771
-0.04044906255453531,0.06797960940612632,0.11575674033070171
-0.03138924315045831,0.07781958858003074,0.0460626619718522
-0.007559449162964893,0.03292343608575379,-0.03296020212624442
0.015180862451632306,0.020449249521306202,-0.05935849263212233
-0.05041772653772617,-0.00608888952623433,-0.0030845645445542126
0.07678594797259103,0.17448441992581243,-0.013218864220190816
0.003242326713976138,-0.12475702544068519,0.03629483858986634
0.06579918472521201,0.023395016763388597,0.03353283002720043
-0.007061301856691523,-0.006584138008755684,-0.0462246020782212
0.00028134614687433564,0.06918333594537504,0.005784061030406637
0.040958317006570134,-0.02524804213148587,-0.0593916105173912
-0.0197785285121741,-0.026380953697460612,-0.0274157887346456
-0.05999723676292295,-0.03245187190111605,0.05015263955314623
0.009283963330564663,0.028753475478555238,0.042293249007521294
0.014072598830374207,0.0727627689884512,0.07744917161598908
0.040589676169582804,0.004792067051822109,0.012798971041952023
-0.07098057547526808,0.05651273619798844,0.04587987133325766
-0.050985269603897564,-0.04992662321071554,-0.08598738194103502
0.02786772125781581,-0.009793788877981106,-0.06292300438540231
-0.022375018885094543,-0.016920133065572742,-0.042106678472149967
-0.06919155474102505,0.05358126836881459,-0.06001622294403214
-0.05847559790787507,0.06592433105106113,-0.033262963545502434
0.0036331108078578593,0.004811950071071125,-0.048881682516629346
0.03433458031470051,0.001200684184413616,0.036934698263097
0.03672503961610597,-0.09627609235348303,0.10086913712073622
0.027550284327643573,0.08643795668693524,-0.062197560654491495
0.004739896830220691,-0.031362984274786156,-0.04689065883693559
-0.0037056419347014542,-0.013298193978611083,0.1185936113324262
-0.02115932863439844,-0.023587688858953806,0.08937038953123663
-0.0038404336327102174,-0.0006643423287359769,-0.05624303543900132
-0.01875620523058394,0.016006878134163016,0.027161554545985896
0.06870255284353932,0.04882628155898336,-0.04154065041368401
0.008169036618746987,0.0027052104502010245,-0.01357660244786774
0.06723917707092308,-0.009374050954314057,-0.05364595159893151
-0.07694665970678359,0.03243866714099161,-0.003602432492419025
-0.036546353809884,0.01957455153664933,-0.0020013269463637524
0.028931686362582157,0.04640690576363832,0.022772068727611377
0.036915035270196,-0.10725885263115185,-0.04215922989836147
0.005855061901724566,-0.03411369385234618,-0.02763451974985119
-0.028892198033207396,0.08684186028320282,-0.06996169556546274
-0.0019137158290717347,-0.04336973697528736,0.049137140824606754
0.0933632182786346,-0.05017071471299057,-0.012712220804850535
-0.06717173009975451,0.06359702096844053,-0.014879957019632113
0.024498657667280807,0.08784956877365063,0.009010251920409048
0.0028241410576723518,-0.01938686014550322,-0.01577129827595211
0.0814843026035941,0.054158815898045186,-0.06266926434815491
-0.0321470054269361,-0.05440567039395366,0.08801996755039218
-0.021381022595198057,0.023273310279561338,0.039304131854941596
-0.02875028569919378,0.044141571528262216,0.14959308123954368
-0.04850867603446109,-0.035953533289921125,0.0712745564320054
0.005220019675307679,0.03852255609393897,0.08002825568170592
-0.021325378549455355,0.023560716371043282,0.05466898457747184
0.005026951918603653,0.051729792579829355,0.062136123727694996
-0.07269635745634227,0.08595715921794085,-0.009181171298184715
0.05749288224549022,-0.007817052488570083,0.0401185358000449
-0.010913616291130341,0.08692862010781427,0.01865399372003882
0.0086114155654039,0.07924737343067265,0.01894896288568569
-0.017822930784061813,0.06177575690449662,-0.05266232504535846
-0.007501461984172723,-0.005140725107835007,0.005203585746646571
0.008603110093073952,-0.022671532814261097,0.06131830873363431
0.07207481820091823,-0.0115147854630123,0.05575583766706259
0.007347176064038636,0.02019777048757418,-0.009584038340871029
0.09147702897606974,-0.010369691034718017,0.019131341413425946
0.02752402868141755,-0.07388214481542672,0.018000693177579845
-0.04114610443080223,0.10741591105215828,0.02063441042409922
0.044801956684216104,-0.029454829059291348,-0.02880560870973015
0.004793592265494733,0.0311911582331557,0.03475334103045727
-0.02454949784566231,0.002950025600825962,0.06314405762947659
-0.005785729538979257,0.002785334326537013,0.03206598907632733
0.05786722736820753,0.0036545061675033914,0.03602865500920328
0.05319507046854695,0.004891949945911033,0.08716605559370783
0.0064913266309757755,0.008349351302042255,0.05635249875662793
0.04551375585667736,-0.01125784933640549,0.012371721950770801
-0.021224834300483,-0.001472801107037982,0.0455628522471069
0.0666113572357153,0.030937274968388676,0.08808251715203352
0.008370634541231664,-0.011493598108153393,-0.026082863250566416
-0.05015736445548322,-0.06678828341769044,0.057709246483270235
0.09019458892383336,0.034404439123318434,-0.030191413374122514
0.0027756818342182035,0.09664680509142642,0.006538481732124134
0.0733723481446449,-0.014753615227276966,0.12636561558467108
0.0579318336278519,0.04838058235271713,-0.1264649685184278
0.15440026349370414,0.03837817837649676,0.11184242283153906
-0.024454656368762494,-0.018547505138053946,0.026168519754208364
0.047415430380480614,0.013020016490063024,0.06529792314637357
-0.009144710698918937,0.041301788177966176,0.02951281997824173
0.02686148282294182,0.03216380133793785,0.14311100421023848
-0.037170717124987596,-0.006431855992811788,-0.04283502631224724
0.12491919280524376,0.07823351060150105,0.013432791232285659
0.021427345470803168,-0.055398267049219255,-0.049456349880495354
0.013377394669448261,0.0414027354423171,-0.04697583700833048
0.027766821325155892,0.054712676005544934,0.02674550672219255
-0.05569353649049169,0.017865095629493486,-0.022322803280981764
0.07525327579919878,0.04203865176437759,-0.06327892881256171
0.0150871724189065,0.01467397061458272,-0.008359324994212918
-0.017382093366130925,-0.05722277460818519,0.010673466411205198
0.01105677449514217,-0.0389689969566226,0.009874954844024317
0.03030469608634012,0.03369804495455908,0.03782178757824359
0.03361801414318712,-0.05311676808406096,0.06544878736926397
-0.06494270893736193,0.007793572384343127,-0.034564634017460794
-0.04265429350432775,-0.012491474678676548,0.0010261263457191534
-0.09206910452067947,0.06199538689008188,0.01613975899551066
-0.040138715276332795,-0.012980552439832014,0.02750793342647556
0.08605359091799922,0.029065930332833494,0.050733067919931346
0.05692163918557393,-0.03289159476583199,-0.09145237726776932
0.05419399062670169,-0.02765690252899383,-0.05753405352445341
0.03869821896734668,0.07720523569210795,-0.026523067888573643
0.10085160751053682,0.08566163387577495,0.011266360920378266
0.05026321743774009,0.04455607607195346,-0.006814311946783887
-0.08371984487660417,0.018302393244143927,0.08660901919935118
-0.04091599084729943,-0.03178748672736646,0.05315616320688058
0.05723111305616669,0.031235674717311757,0.03453668682090044
0.04998885091848319,0.046361082719879015,0.03874028175831286
0.04021242710939438,0.04285157897101026,-0.022719420901022788
0.01352498002435691,-0.03243665521203876,0.02406796600656036
-0.06655272669865635,0.013792912856439429,-0.025602469925184626
0.038268198118292435,0.020828018249507422,0.08370511525978727
0.07604665210709831,-0.025961778716373132,0.02184194662648155
-0.0041304525233949695,-0.0031042669653787228,0.08239933807054411
0.022043379581515834,0.041550051662601735,-0.048039759875760646
-0.03438768873542822,-0.00747294905373453,0.04180126703290936
0.023387956950311307,0.06366824763563346,0.0033639482110945605
0.046329688715936526,0.033184599603908765,0.09023867944549295
0.010465637420078866,0.03847094254643783,0.06626024879893387
-0.0032345224192549746,0.006959582843015302,0.03960709400275787
0.07847997898904857,-0.04443480050891694,-0.002048256029512658
0.003683654549331457,-0.04829637637707636,0.12025323980811385
-0.021689296290575057,-0.02968246197985162,0.02838850751457892
-0.031182612648125822,-0.037368476704402194,0.020116595594479297
0.08563419134723382,-0.02414857445069183,0.01038565301377808
0.061326434883341094,-0.034650115490244604,0.039160294722256586
-0.0006198814599463302,-0.04678224246587451,0.03823326585215495
0.11564397625600357,0.03630137374639107,0.009888352264367448
0.07541653429340646,0.10809789222068758,-0.00016910265493789642
0.017441059290036136,-0.0017063177642012324,0.04669319657505985
0.022131494164646905,0.015761056749705318,0.014459106213332937
0.05991640197669618,0.04962893589518206,0.12579585575759775
0.021358802109369454,0.054001354166997875,-0.08170753701203932
0.024556742332373607,0.0873353227445957,-0.05201313844239633
0.023759132017765697,-0.0006018018845567567,0.027742206095819025
-0.06367948929066192,0.04205692457430525,-0.00869670853946012
-0.11179052794521405,0.0296333239388217,0.1487236913937277
0.04316156918053565,-0.022040208208382723,0.032883499300900544
0.11141515018208023,0.12499168497768356,0.01102165876116738
-0.02031109279486381,-0.021750741625844325,0.07088326733932163
0.017423825094769897,-0.013129410554710744,0.06301751068067994
-0.010441211097864268,-0.0441629927073666,0.0824289099010018
0.06197906812672188,0.12433683444260331,0.008223357640343862
0.020768680358427025,-0.01217313642254472,0.08003663772718758
-0.03191142335287959,-0.029303304174334174,-0.017060907657117645
-0.043898664791319056,0.01861378339329875,-0.026111375840192352
0.08267402021275697,0.10388584858007655,-0.015466315844912608
0.034112795239063,0.05581571307760564,-0.04899608366429719
-0.035356897880546564,-0.005858533405709994,-0.04912222485974838
0.09686952254367169,-0.09568493863783348,-0.0029448132735058873
-0.015582762733890355,0.00041022675056821487,-0.055288203389714255
0.020971557900270034,0.024075488733638798,0.03901573429888815
-0.10839250172414523,-0.04517242121373296,0.10365516958549435
0.06683278774611032,-0.058089102756114945,-0.034528030721197235
0.006631591545936071,0.10903266947661616,-0.0062452373353720034
-0.06559039141038506,0.02129610775154586,0.06737555257538932
-0.101623688606968,0.06795167358746279,-0.022508741390328588
-0.04610053832596436,0.16908997209991158,0.03998351897710331
0.033196503935420785,-0.029161460333617654,-0.03980630210468897
0.05986616738131463,0.14006130950034337,-0.0026351944861040533
-0.07132500081750945,0.06276525502647111,0.05114848018972501
0.006104528925806969,-0.02871839162990316,0.012852341550674865
0.054124759543409506,0.05155698500760063,0.014298370278980881
-0.025081749908617453,-0.02618807278035385,0.060790601134626907
-0.05007059761906348,0.046720969049430475,-0.08260257630294646
0.0639462406444818,-0.11526498875587382,-0.06874263578297041
-0.10385144630619705,0.17743163967471406,-0.007957947131909863
0.07891207657083703,0.0699182474964006,0.06397995609768528
-0.0697727114626836,0.10572382245141901,0.03856054921732429
-0.02555612135055611,-0.04321556580718108,0.04658083743262578
0.07872777635854777,-0.023072234093684602,0.04509673544999371
0.0712267254178789,-0.035465008035085926,0.09400566379885042
0.07491956685503,0.034962023414817064,0.04750937592791902
0.05287151932013138,-0.05980542239250689,0.013340748932996124
-0.06023758600698853,-0.03296530208665242,-0.034494797519184356
0.07085527140592292,0.027117780887084567,-0.01223844794874776
0.03381473662752313,0.022513761753953507,0.04111587140179757
-0.04333576740334078,-0.01740880014364097,-0.04702353731162307
-0.0009245877672085711,-0.03148839492287433,-0.025680268410093274
0.05102492362400946,-0.037064304364615816,0.02869271938837636
-0.023205676194165636,0.03832692494615762,0.023891546098258592
-0.020511893293128802,0.07552582616778256,-0.07827922696264014
0.0799553811136458,0.05998190425351136,-0.01643522565726501
0.08902841573757442,0.01930609663868764,-0.07888608526385858
0.011936305486909653,-0.018916416627861508,-0.03893684638209288
-0.03390091389920661,0.027840509999632206,0.04190413069896131
0.10159520131782251,-0.09925932355970454,-0.030451304353460593
-0.024269318239387362,0.0032832013421718715,0.0279232786262706
-0.05978963371334716,0.11259243009849447,0.0246923374223603
-0.10003143784697732,0.06901932472013661,-0.014138799173227454
0.04757072522199209,0.032392980907173886,0.07834240641891482
-0.022588190418249766,0.038705944693678725,-0.01844192241276835
-0.01621925922477014,-0.03287947284464337,-0.01986890051133745
-0.03569212073218922,0.034732871704776326,0.09051542675635424
-0.04206418593873972,-0.05842521350617899,0.04019004820195696
0.03519414871465835,0.07549333247039001,0.0037843862963970847
0.07885526719705645,0.0486178902163062,0.0635332967942085
-0.05826939019734044,0.009965633946703441,0.0298063637133812
0.040314855830536955,-0.07509357365055587,0.028373362467944068
-0.02193297516010724,-0.03258402760944131,-0.04242800900043226
-0.05539521837028469,-0.039805711063213,-0.06223957874942044
-0.04148418107720206,-0.018918318397252814,-0.041029392346830666
0.005419774219191806,-0.048505971502247426,0.07122666968828194
-0.0030141824034229546,0.01970399851405352,-0.006773782345374334
-0.07805409735265896,-0.03170450553639629,-0.03295629330706467
-0.02165023203795973,-0.01165357625557551,-0.009084742281119615
0.040460371158973815,0.03568374539274682,0.029166355497040868
-0.026057694921433037,-0.012352326231353654,0.05642390024357263
-0.03590192392717712,0.042682374832962756,0.09489155811913051
0.008699468521511471,0.0032089205938060166,-0.09670506719081726
-0.049153363203756406,0.030640442519664433,0.10606970373523669
-0.08902751359855446,-0.01656126904801087,-0.05672319126809314
0.051546473443039,-0.021359478220498388,-0.0479731362928006
0.058640163951220944,0.13140281290917452,-0.02922466308775252
-0.024162752940951958,0.030223559972531393,0.0193768130587353
-0.052086742005812404,0.023688829844530725,-0.06489975445837341
0.04723643889936677,-0.06720367065253557,0.014093984713948425
0.07433914138874577,-0.09605904295650067,-0.043771944019583314
0.0004567198757998471,-0.05468417770199132,0.015717481086800742
0.07523618624430782,-0.0445413298064119,-0.006040223168059132
-0.05843723264275963,0.11508069843184023,-0.08820275012732323
0.009870281013013533,-0.03316040826192381,0.043697294261120935
-0.06603220590490172,-0.052746858586945014,-0.021552239265896934
-0.01962990730333631,-0.01904115871064055,-0.013366269831365237
0.027132276447999187,-0.07421580757238208,-0.046262773620044016
-0.05663872093020578,-0.05508219557718056,-0.05852331688771668
-0.017273424374378985,-0.024502907816140937,-0.05843046751385089
-0.08309257014285015,-0.04800218132129613,0.04290580929501284
0.044534981756590666,-0.07468900170762098,-0.03136019150213289
-0.026024914031319617,0.08272069400998586,0.033926207170324
0.043672863868738546,0.043465232011811586,-0.006311994640939405
-0.06250153469917374,-0.04851204890570804,0.0158105932548099
-0.07378254584723479,-0.0748534388755534,0.039292768972448565
-0.0788806650523442,-0.026072302308225794,-0.020556316464807732
-0.057087257758471635,-0.042194888461576124,0.04414504976111764
-0.00838476524700256,-0.01221787113703609,-0.028562344919199213
0.009366328996168948,0.023766964990057482,-0.10700895606665921
0.042957823154656044,0.012075272937594892,0.06058644915806344
0.029674984490956874,0.057614438230398114,0.0874740706878749
0.07395134898210182,0.01767877492390638,0.03691460662397825
0.10870317214124162,-0.00958899383574664,0.0656631107744729
-0.026427783078049404,0.032647142446802266,-0.028319042465920718
0.04589786571203951,0.05159219406006353,0.01766810924489964
0.04149003549063625,-0.05606455888115498,0.05868949512249562
-0.03703672405656179,-0.013202426441520688,0.0008792345002583586
-0.014904847590947741,0.020044555791508323,0.0189434600629384
0.0032888974854240974,-0.04159410673473378,0.000709217756430347
-0.03167080116091154,-0.001213742052783965,-0.016901206224976036
0.011187319557514987,0.055951984267191335,-0.022544592056220353
-0.03390094126891961,-0.0373495901106901,-0.04671249129661749
0.17072106686449046,0.05342526450213338,-0.021622603403730567
0.09244046037998464,-0.0030059241287825073,0.04831075557285769
-0.034295679244261607,0.04075379876111991,-0.032865135001600584
-0.07035310582121357,-0.03442989020106314,0.019050391796168825
0.012889984846331992,-0.04203180896726237,-0.10686125859330053
-0.018518187165756178,0.02344968016791557,-0.037928226286436856
-0.05136951113084331,-0.00869569252003891,-0.047222467928124956
0.015245088204492978,-0.00545671849607968,-0.020795217683992225
-0.03323287410095308,0.07437857895828875,-0.05788268225725875
0.04170568613402293,-0.09114760684800884,-0.047285360820669815
-0.04904258156189191,-0.03134039407296831,-0.08990329393454959
0.03339934776618783,0.07860468403160147,0.029102629953271186
-0.0331612798236549,0.030110532716125096,-0.02978558315789157
-0.027637751951113183,-0.04868423391413623,-0.030287202649036574
-0.01596526704472406,-0.040464856946878056,-0.02614438591489013
-0.006434487155444412,0.017330106923045232,-0.07343865736631841
-0.025158214578894163,-0.0036281345392803095,-0.07570748472571805
0.004704474689332317,-0.030139665416773882,-0.012640803779899524
-0.0739686589388929,-0.050265798758454855,-0.035183619944539016
-0.08004090749711693,-0.08006816076981507,0.008332378306381855
-0.014034228295715807,-0.02320044825250018,0.012721509132103296
0.009449731471039197,-0.0004366986669276131,-0.07136037469858546
-0.0017753087262943647,-0.051409213624086084,-0.002415240279036949
0.03749016227056359,-0.06267018415492945,0.01590460259148387
0.015639837726982776,-0.023480748092827256,-0.03403457985021573
-0.07474673418184617,0.013275163947578043,-0.003475079760486244
-0.010502139277589988,-0.025414780956627775,-0.021140278536783214
-0.07041314445275015,-0.09074238348557205,-0.0008177014819895807
-0.04264099331584619,-0.036520918823327905,-0.07822152239194224
-0.08285742904643675,0.0714207393587833,0.12954997153955156
-0.015735189143420293,0.00197365191836359,-0.07202878135986768
0.027411996351590452,-0.005737525950225714,0.012898790569811011
-0.11704080607111442,-0.0027958852993936432,-0.02721974053449157
0.03118761304544362,-0.0003376677472401064,-0.03889770353887367
0.025381602789587707,-0.09929949303646206,-0.03193068651363592
0.08802970474123113,-0.02742431897720371,0.056896475117893794
0.009086321121561138,0.023704679296021706,-0.07730363556532369
-0.027615396872933864,0.08177933537403932,-0.0006065702750010053
-0.10329679141656475,-0.02696467895276103,-0.03346477721812541
-0.027368143478841846,0.04687387087599818,-0.08027802138502702
-0.05647574292528988,-0.012017414888675543,-0.031081606810876107
-0.13261734156867175,-0.09377087137050817,-0.038732058856559
-0.07155169848556582,-0.003279410120874727,-0.02906980124478576
0.011123458138069302,0.09331062388616243,-0.07662420144191084
-0.13368581734358292,0.010196343080318221,-0.008422850621125084
0.005145084440323529,-0.11709042599351717,-0.020023122716089362
-0.0019731032214257253,-0.07335549137882902,-0.006238271216451964
-0.06326930661952748,-0.0710529963054845,-0.054099148005254574
0.07982422962799984,-0.13020654890256428,-0.10305536789213562
-0.05960398304282362,-0.09609815098443815,0.024787145053347125
-0.030800626792444462,-0.05131323543557095,-0.07824792199549133
0.05490235191085396,0.05906623943024664,-0.03353438424806594
-0.09027841020448615,-0.025755554050191726,-0.00032998375177408987
0.0027879301837951363,-0.05836586839301733,0.09659443539957925
-0.04869786575834076,0.0289540626803679,-0.08850275685771242
0.030429603243024093,0.056093211097587116,-0.03767327950607736
0.04180516793852397,0.03804643352970377,-0.026382388908767766
0.01328597785790675,0.12867168289518388,0.03139787069617406
0.025500620880203856,-0.041943761447263056,0.06123598132896792
-0.0037260478791896166,-0.00036485510092035267,0.06096923047396431
-0.040341258849348166,0.09488505954935483,-0.037320321130544135
0.05731529067942578,-0.027668238763474337,-0.0835735263125546
-0.053291375474581154,0.004294621886941127,0.013935071633143718
-0.0042956972226624625,-0.038785056729018844,-0.022274923990131267
-0.052171501556118174,-0.07194003087645014,-0.03964330688512385
0.0034519831399135344,-0.10930958319377236,-0.008015775917187187
-0.022920751433780657,-0.020691429262215517,0.020649501458600145
0.004175029552025911,0.038885785432342015,0.0680791832473386
0.032828750121413154,0.05408035135079502,-0.023351069021010674
-0.05315955952075222,-0.009260712491309763,0.014016556236311206
-0.07451688613090257,-0.03353920600545793,0.0375919581875045
-0.049710548625098244,-0.0775893205088941,-0.05550631871183681
0.019857590550058746,-0.07521604555605398,-0.0029098961657920593
-0.06158950625477075,-0.029904789615175974,-0.030933262799976297
0.048452532868515474,0.10161691449208979,-0.030763085874610796
-0.020239718173091854,-0.047537653422075554,0.02086232159088787
-0.06998125489598643,-0.08258396327082194,-0.04296003561823852
0.01640838355652287,-0.04741751316960412,0.007704444945234593
0.03901389331319084,-0.03925098089530661,0.11530632118974898
0.02669480144331023,0.0027232516065532515,-0.02233044759161112
0.06455927673183712,-0.027315856358987402,-0.06599583013843993
0.021078827612261087,0.016804169303132836,-0.037141652595408026
-0.013848260048987744,0.04790097505479411,0.00592453319017994
-0.17120939083131048,0.018782589934430834,-0.008968244707585421
0.03189677467186316,-0.07839113042168985,-0.048059183997996226
-0.04824359038216702,-0.008410191089617578,0.011892491122030887
-0.0022147295433214594,-0.00016778737423099252,0.010652525853504069
-0.04078618623611835,0.03167222141682727,0.027218196789569913
-0.11407514524573015,-0.04706803781847496,0.052614983510709826
-0.012012257793431354,-0.09045043882554482,-0.08415242209543872
-0.0760444393649562,-0.011722226876602265,0.06918242262994925
0.011597937118073352,0.06469303306034282,0.03077269852037702
-0.15361780170281492,-0.00842290955534072,-0.048678898165348275
0.011268647206330688,0.019329680711478905,-0.016569770606987545
-0.07088058485951029,-0.017992659145506767,0.007170865729575192
0.05116941759671909,0.039839633947675375,-0.03441986797942867
-0.03631372712845648,0.030209865694999824,-0.0028745648797758056
0.008484942095654284,-0.030250608610057145,0.01598676962685655
0.01280341220597618,-0.021177519521708314,0.017298531169632
-0.06092202121921042,-0.034326328657399006,-0.05881468173748693
0.015083915682829803,0.069673789399855,0.051076695889864826
-0.011240415844067337,-0.03422933866874622,0.06115724430966617
-0.015055621112752281,-0.04252210602148964,-0.005917645870733476
0.0919882973793512,0.0118397549158804,-0.10313664625242
0.00987426828470269,0.008193022608927535,-0.09464231025712241
-0.007197925517185606,0.006754605183986328,0.009437583589505182
-0.021786920421700745,0.07156127612433798,0.04518392227471512
-0.07916329644111228,-0.011631410110438261,0.036957329352723785
-0.08691021608027308,-0.015872224023171087,-0.007317043129092054
-0.02038559854884953,0.023854770783011528,-0.05143972535494056
-0.040392421190399486,0.023031800727833448,0.012938677530414128
-0.11603765454525605,0.024108372154383377,0.01849220134452812
-0.031499395725159154,0.044225891960716496,-0.020461142710846005
-0.010813512606358251,0.04741162259550995,0.00567410633614294
-0.05420997657414842,-0.06277627471786049,-0.0007893664795755647
-0.00387818843219792,-0.005894414605122079,0.005234710752401478
-0.03618844845281036,0.02227433052658225,-0.01753557938027554
0.09162796503615311,-0.025537611956812888,0.0823259274684375
0.023497999641672887,0.04571052336311678,0.032009622913072334
-0.04257516103911725,0.021830365752487826,-0.03245432323724939
-0.01665338940272716,0.05147286521850893,-0.07520186506141757
-0.06139376318957554,0.036176267131269105,-0.017704888666539187
-0.040156632196189986,-0.08163106093313821,-0.08845374976722645
-0.0325605792352822,0.04584540569821024,0.027869586449269103
0.08171772457392486,-0.03425712868412876,-0.00779779502141556
-0.08057813290659353,-0.078071029806051,-0.03257349895824828
0.10469053929723517,-0.03595184433878237,0.04470997447589158
0.09288977638261177,0.020676343815848215,-0.030772916892837912
-0.08720706900813766,0.0008505672331256412,-0.00856795755834906
-0.05748786592575929,-0.011502794497380137,-0.05309506142782967
0.0038163286261085018,-0.005989069414357163,0.056973955771133955
-0.012686300338830711,0.04134761930501188,-0.1204711681063272
-0.015273769737619174,-0.043222578990535,0.04097708211085785
-0.014520090245309016,0.0037773383703245773,-0.04166144235726286
-0.015263900960953578,-0.05814743070719318,0.04101624425685122
-0.019997820876919932,-0.06596417512496873,-0.06720212666815481
0.0344318007026362,-0.043244058146370334,0.08753464454787077
0.004030118266392266,0.015923356443798463,0.005128607159847572
0.02032599002434441,0.007448082742909442,-0.040178445319810775
-0.007921963437940643,0.04987669459789979,0.020398738780626452
0.022838033438776235,0.02797949409028629,-0.014424056255702037
0.020316258322549702,-0.007644689375731595,0.03169047567128303
0.0060303636478577,0.06280002932282205,-0.1298407083755236
-0.01152253153549949,0.0789589314699133,-0.07831937974061863
0.008959642462674158,-0.006556016079127416,0.023718034720510688
0.04638334188639821,0.0013677952291660167,0.08043073985348975
0.04139056159554569,-0.0017175343281873939,-0.07801300604125294
0.05836090889788329,0.02378872738316554,-0.10550572076573984
-0.0575256173534886,-0.05000693206966637,0.02050277260254486
0.030657860806391577,0.09823712731340256,0.057244506244263305
-0.015124205479443653,0.04590232010631513,0.013641625670584604
0.07559511228226456,0.10140545821244858,0.04886438484518818
0.02267394008136005,0.039716996857550355,0.021609018011986055
-0.019646417075166525,0.012725727397983451,0.013606428895103976
-0.0030001978108435906,-0.014198709780420008,-0.02852261986585287
0.013127901235551647,0.042648392382724734,-0.1068898785252262
0.0013200286589673729,-0.08003848439428612,0.05578039120867161
-0.0132955552683896,0.0957211392750484,0.044656011934012356
-0.045892318267034084,0.018745101718932494,-0.039339270087012816
0.06206962360536858,0.05430676614671795,-0.06695850441868184
-0.06286644778750687,0.018372489439053574,-0.005689231911414355
0.022819179521281003,0.0573833287952879,-0.019687074686442218
-0.03743467905124515,-0.03968689853741334,-0.002439796370817069
-0.036153703935834634,0.04276561699227132,-0.0500035240872743
-0.022000441747810066,-0.07078197995773362,0.07364911086712496
-0.012430120652501677,-0.03963240049616773,0.024935094607372456
0.02248619944396876,0.058961478628423596,0.023910982688271413
0.1335122525782164,-0.04470555206710752,-0.042673465148595977
0.02288674322451122,0.03225491593514777,0.0821889260809279
0.1029468929140593,0.049242706995438326,-0.1164240661444713
0.04177240885095275,0.013611572644987118,0.021569112131211876
-0.04870144635960001,0.03432523951105756,-0.02535649809161768
0.032718157882510396,0.02562245385302183,0.003302874529022088
0.004581403793599116,0.07259007046308076,0.09605063424553796
-0.06335989919636095,-0.02188698971192802,0.007593795982318834
0.01826896277692256,-0.012464060171337752,-0.002604722181880198
0.0216003440050727,-0.02928779832999426,0.06460505107009384
-0.03892951198913909,-0.003941708102079165,0.06372292839024833
-0.034860016831920436,0.012082649250674763,-0.021413115360039633
0.032874761695639285,-0.04484682613707135,0.043975017322959546
0.028708084289055802,-0.0022275963825023285,-0.04568120071295001
0.016713093719856815,0.03997098915862208,-0.006712898205595615
0.027326834631222867,0.022444324732293006,-0.008250776437225575
0.06886418544193049,-0.015105733380043226,0.007710290199719024
-0.02577015835192898,-0.012456808808062962,0.07777019167026726
0.03803732039719666,0.04392168395464228,0.05862989279808934
0.034039908314742386,-0.034442621982518656,-0.006390786578210031
-0.030856109421945416,0.01933914404676608,-0.0151816647546989
0.019045889033070484,-0.052635730246518915,-0.06355825750701057
0.02475500646204118,0.11897683747858225,0.05136290284609607
0.05389851913423081,0.1212585108538505,0.06995014872609345
-0.029562485297872955,-0.032633618602325346,-0.10961637567712473
-0.02780995967719229,-0.06739038846523183,0.022931462914515144
0.06203911293843815,-0.048713739950833355,0.09238356348309819
-0.15630736292634392,-0.02354946936513301,-0.03465060776548583
0.060474534203788566,0.02828391890063138,0.037317239854965586
-0.052276926342247045,0.05184953880620087,-0.07098610826161268
-0.0068439668752932285,-0.056565140160254004,-0.0009068306475517509
-0.014580718008018113,-0.050993891268044815,0.037685561839305215
0.05341063511098494,-0.056457925413228624,-0.027903073924174678
-0.06717132050289058,0.10396587621660455,0.035542499974985604
-0.012874234121488203,0.06632043469709631,0.03572194637179145
-0.005525910650759349,0.0029684528523160596,0.02601572692342314
0.022999786044760433,0.08911954522984111,-0.14214535939598644
0.10246057347785346,0.08623294917880532,-0.015857286650488
-0.07428150858522711,0.023858963696573907,-0.0044866977668439195
0.011159338600164036,0.034024456451380275,0.05122163017945827
-0.07168304296556831,0.11124208204490506,0.044647536929265486
0.02480676531515335,0.006267106151727533,0.04960066083754122
0.007153836848551275,0.029840297291023023,0.07085379737946862
0.06597888904639165,-0.0032688011582650105,0.0697559478879258
0.11111079915362357,0.005826916018674119,0.0940675667247532
-0.051977236069878564,-0.018276578177249037,0.031767254797549466
0.008602762263395146,0.025345713738293797,-0.03584648443270895
-0.061863600450702425,-8.238428882909044e-06,-0.06303369744862641
-0.001960167735649828,0.03372521517007705,0.10665461120184017
-0.020462643991569933,-0.011650712803414169,0.0020156575110126754
0.057336108291508425,-0.06421653739219511,0.04317357550374831
0.07450766353079273,0.09478393158486843,0.03571555688734915
-0.0009486192284568762,-0.0017958265595687355,0.04598771952350965
0.03164613028174153,0.14951110494417522,-0.04318794947518034
-0.03578764024715172,0.00487167215066385,0.046754860177240655
0.06121217328340503,0.07594311619645423,-5.9829585135898894e-05
0.0788801405253321,0.08691210113894188,0.08439748222813545
0.10370463095708266,0.06866641566275727,-0.09740883528970426
0.046725068958013094,0.05249586871242447,0.0583582528774291
0.0643870196994583,0.06324767678593586,-0.07242477761528096
-0.010871263811129163,0.0573093185469927,0.05892392797347089
0.12388004748019135,0.06499765881771982,0.013585113816592921
0.04927907620000957,0.04145405998431976,0.018843411745072616
0.0513454740640269,0.04707005735394752,-0.04508379879742132
0.05756632694770156,-0.005477947872946004,-0.04201272820617054
0.15673379855139666,0.05916787594130723,-0.05741124220643843
-0.0032662355715781487,-0.0032369512141543905,0.12492016028273793
0.028915792151375033,0.04772771502045268,-0.008241095445827695
-0.009978918557822576,-0.0046729817837093575,0.04248689798366942
0.11182080912299001,-0.027433637883170475,0.021420568372471076
0.013061972109881807,0.0280202742826815,-0.0023516716618986813
0.15483430868708906,0.07280667642052552,-0.06511118195911396
0.02494578748579442,0.060382784047397484,-0.025561143301351213
-0.12688468556778432,-0.05937453856821345,0.010239226019610886
-0.09521703046776964,-0.03214178059266529,0.00020963668362994348
0.03981954222053993,-0.008874219742589978,0.012291139550268698
-0.011815334961708474,-0.04781021210302598,0.02804697021437533
0.046657910009122054,-0.014903073351252877,0.08926045348663392
-0.0073200057658457385,0.004989334570685872,0.010438610907329327
0.08655054989808683,0.016695889844962376,-0.08094891817412814
0.002216958932031162,0.024423998800539574,0.030523030301293566
0.13056505220358852,0.061444145224232194,-0.05728335436724376
0.0032238237945484936,-0.014411843042379472,-0.0402773907998165
-0.02658670705197692,0.008602856594960996,0.05463348625221319
0.08358138255755132,0.049645611777778306,-0.04859826856976096
0.023704722770711128,0.07360385100722036,0.011773044952404423
0.0833325981890897,0.06745104881614404,0.008941087211410017
-0.11099433972906299,0.024473974074085116,0.07609293334687398
0.009445335860819557,-0.03615354157875428,0.020170234535133096
-0.040107888066330644,-0.10367565359170533,0.08599571483633235
0.11874511215646677,0.07398922089479508,0.09978808088083631
-0.06782908312193368,0.006646634201878981,0.05773136927752405
0.10023007720210168,-0.0378896369166085,0.016974708024388337
-0.021973969084975956,0.13523545199791046,-0.02885005544083327
-0.04111177279661547,0.026510225942104407,0.057295103864714536
0.012961574939404405,0.15185058739493637,0.10919221263403886
0.0658321915228527,0.026175973442947743,0.030954928695056713
0.05203259582562968,0.011588656300169897,-0.00894452444759946
0.09247295469858115,0.006913539903375674,0.03199765251412676
0.04823328139918087,-0.03471714486135158,0.005695171426324964
-0.030528003883752645,0.07565710311667563,0.09939623752435242
0.04695422139094231,-0.006640762647004323,-0.03148261619711454
0.01764211500394685,0.058537145397927454,-0.05117096661303594
0.03842316956198241,0.03314420699220933,0.012969259712154017
0.060926760704717024,0.06971378625957175,0.06620925211770312
0.02869262763170933,0.027549317802282015,0.09108259954930192
-0.03817335372816772,-0.005100593431130094,-0.023899592712673882
-0.014756815197471542,0.05783408791712309,0.009966902055719611
-0.06072476468341219,0.01911786945314212,-0.011904732729941497
0.009718325271974082,0.08446300580840956,0.01430529624423833
0.021063794648946248,0.02991663646281283,0.004628768799496873
0.005733269208092478,0.033202893896372085,-0.08844796873199255
0.040058066505086073,0.12463246571932425,0.05698079339853526
0.10452810206856235,0.04079639789289493,-0.04259334394684096
0.04210665433981603,0.009001250044103702,0.07386977676195257
0.02453421588252063,0.005420922927689399,0.05650428643489355
0.12592383720778294,-0.09284334837477203,0.06065954979817777
0.03301082158656281,0.08601423158050911,-0.04133458601818377
-0.06084692128564815,-0.02896672611204043,-0.0719531795541902
0.0317630983960697,0.12264936213864834,0.014197919820757693
-0.01824000077220207,0.0058483747376439806,0.1319739452677788
0.023422583568424662,-0.02229680016718287,0.01919980303890518
-0.01903846320771707,0.05219413695179777,-0.077616846490247
0.037930110767406655,-0.01194989434721647,0.11424087977831185
0.08377846952621032,-0.004566220299224596,0.020993636447714747
0.0061023570098018565,-0.06273570102639495,-0.016069107412002293
0.025631644175569512,-0.08631052046458207,-0.021397676612713572
-0.03667797906114823,-0.027720915245982226,0.019394082921798374
-0.009771599884978716,-0.043449147357605404,-0.02766734855995044
0.027039914068261294,0.019511223240522277,0.10717607794559908
0.023622405029016472,0.0004990945773642799,0.007832851067171596
0.0240265232468087,0.016208141718496112,-0.015135072439851165
-0.05366336854805101,-0.022441288429570955,-0.021364893332327734
0.027621388535495388,0.10457041523991957,0.039056928171411424
0.05349775827000176,-0.04285644795873732,0.12103412595197291
0.06509324624649601,-0.0014134671839628205,0.007617787813755997
0.1654689914679006,0.05748183381890769,-0.03188078456808872
0.004337119238411059,0.06563860533001419,0.026444244849354922
-0.019296004123195258,0.00013995416484108812,0.1249740077640307
0.03724257020195127,0.014411305821783836,0.04430074496217266
0.10590967724626642,-0.0028622883435093453,-0.04587055790286587
0.010548930124295319,0.08571926319095993,0.05052490628578211
-0.012161418709110132,0.03674684881222495,-0.0018062665512782149
0.047020250398450925,-0.06827293509910871,-0.089931017875534
-0.060185174781451016,-0.006995455267681644,0.04144192983610984
-0.03299380842723671,0.07833813058147357,0.035476256449826445
-0.05634830309529886,-0.0773948255012655,0.07606084992566836
0.014080732077843721,0.02667764266919838,-0.057785638563428575
-0.018920603549374103,-0.046009995711843804,-0.04530641887708329
0.0453980153558346,-0.06054382418415771,0.14447324910284257
0.01723859623335445,-0.024324927200686623,0.08201942505109747
0.01579600844528177,0.009632426566456702,-0.023201396750976835
0.014772784965830291,0.0006939150517877492,-0.02725109174129182
0.051551093841504546,0.04144903000929436,0.00260993866684351
-0.0312813554311943,-0.029412920694678348,0.027663383598337744
0.0020015175711201047,-0.05511660004036312,-0.017449190100283018
-0.040567838022257365,0.040368807562729855,0.02862341035416134
0.08531747438743958,-0.015482314637936298,0.05741216764831379
-0.027105507848265258,-0.07396917111008619,-0.07095804898758427
0.03295153659362661,0.02153649521452243,-0.02067518678525688
-0.0613629015356867,0.05209515563066881,-0.01951227248093919
0.01134657670515166,-0.014724706534565337,0.007364728204466521
0.05395624818740251,-0.005961309757703486,0.027871221302026242
0.017627274305317027,8.400003681898784e-05,0.032825272282865955
0.04086787735521307,0.008013838121153957,-0.003987459005500391
0.0020524745843035113,0.08264283826786162,-0.015355697188363755
0.05020188546822175,-0.013508273403407857,0.0961010434311167
-0.03384772824413209,0.01646398412058163,-0.06968057616745618
-0.021739323217651565,0.060380099967605134,0.03846202576779155
0.03235087587814955,-0.014791454849265131,0.03018075648341914
0.038418825808622714,-0.01579840900633448,0.014849569098175048
-0.1222132349236877,0.08815625350332353,0.05432445551743967
0.00691541448282078,-0.043642500741135494,-0.0003367672928746017
-0.07369271973709647,-0.009704700491050983,0.02929118554712902
-0.0022336442486118762,0.056977339846073054,-0.08207152261460335
0.08003704471205249,-0.034409678990032264,-0.031498889141159885
-0.05689873445025174,-0.047275228459434056,0.0027340062363431076
-0.056542614972682335,-0.04948140522014186,0.022657018789560963
0.025844879286900383,-0.0080677464044668,0.011162397942109097
-0.1158909420551853,-0.04335788439743383,-0.07898669570490141
0.019587327435770074,-0.015113820072154694,0.06672606112271975
0.06684204316649649,0.010227324897485,0.06982085841484602
-0.0714474046819625,-0.008876688778020404,0.013998538785765756
0.03139827989260084,-0.0011639715980644198,-0.0010361184530817348
-0.056532041310734894,0.006900159008685058,0.03715889575189283
-0.010439347844512835,-0.07829488911225642,0.04898692858427087
0.021892611273593026,0.03280045649798492,0.02866083667566936
-0.0023097867298389075,0.0009479875127194422,-0.02705419305481303
-0.11933764735905673,0.034364401348582894,0.033284213801080015
0.01298981939154921,-0.036024858811525305,-0.03306646631856367
-0.011970798839235358,0.04461103243834339,0.04545908670799562
0.07374428192517053,-0.011755406695623189,0.03232356702083701
0.021342023632044956,-0.02022300089132151,0.037881405098343514
-0.058274589250969504,-0.03494147168905824,0.058727824283232116
0.04409737396841716,-0.042809762704417,-0.05972215089219036
0.05555299066535035,-0.048020305326424595,0.031803515304444724
-0.009545952791830433,0.013406588692006605,0.09947372902848982
0.005287975729718917,-0.0430549623709746,-0.06332458150273648
0.030928604534028035,0.11154096841316663,0.026096938800771602
-0.05367536915549805,-0.05576978540555633,-0.043035638800718576
-0.14059559225165844,-0.005490184603597041,-0.02786016133141474
-0.05289111159216831,0.059938913439893174,-0.042946321487016326
0.004161935071982572,-0.01412416893473856,-0.002005751333958067
-0.05583482581009927,-0.006904124521545733,-0.00809147992507343
0.03749985175574644,1.5456280797824726e-05,-0.014000429534088126
0.05424240476143503,-0.04912047830379667,-0.04683317657329723
-0.010671675683115554,-0.03980745008139036,0.07377849641057467
0.014972695106570191,0.07320922432708918,0.010531863685147497
-0.0297409455991263,0.05488493186092013,-0.048121402244566396
-0.008116247563223518,-0.0012598845620149157,0.06510052197934606
0.041848466000980536,0.046278459386365454,-0.08282905489263565
0.13745739298589132,-0.036123793128552156,0.009620582015124066
-0.024156158169398437,-0.017425724951292517,0.06795166304749554
-0.027222769982900408,0.038579629241070015,-0.06453865735304362
0.001766138166399072,-0.04307577453660413,0.029148838515150002
-0.07664581937368248,0.024780348741376086,-0.04205531904379167
-0.03262916627939032,-0.07387448992641976,0.016064041762103458
-0.007628066529685939,0.024225558268400466,0.0026577975555301028
-0.01752233222410502,0.03950109267198429,0.06887074511495807
0.023529997784960878,0.05104308496320892,0.0551213489879699
0.0323807796235701,-0.08445193968020813,0.002191686341083599
-0.023062524864424297,-0.04657897196452226,0.01790924442648735
0.018997224901377716,-0.08190075473340477,-0.019674877145994252
-0.0051515719480877695,-0.09070693046288456,-0.024256648820563116
-0.07615080884589265,0.06430696788639521,-0.10995372729246784
-0.029289493341575507,0.05024666185826085,0.09872281182772423
-0.02973277012410321,-0.09111233867364166,-0.1405302450114003
-0.012453817553071749,-0.03181925735389744,-0.002843096382544834
-0.05548410027038691,-0.03071849169717291,0.011342544033626516
-0.037543912914048905,0.011480198490262527,-0.10338666105885086
0.005972275159396127,0.02865927662985194,0.0014228381841474898
-0.07914464112830301,-0.006661087320488114,-0.046750270234645196
0.03650158410295348,-0.017115721974057328,0.008961218497487756
-0.001645062206134515,-0.034212194593698814,0.019326200822182213
-0.08818031314193064,0.06709502031472124,0.0578692566054905
-0.07706058708272047,0.07626424650920807,-0.06518017347443551
0.08748450148998523,-0.03325240299902843,-0.10255866267367364
-0.08318547444045929,-0.01689434387476786,-0.008815693207329597
0.008934444731167428,0.028548506245741477,-0.01781884282836608
0.013924041017790536,-0.029501536871454737,0.016161915540538488
-0.018746378872477543,-0.09155777061038643,-0.002321044844321848
-0.04539921141756853,0.034935026519811535,-0.005725645539908576
-0.006970728907165855,-0.037923966461466174,-0.06658768538260061
-0.01760315154481686,-0.011278518343520606,-0.026891247028164367
-0.00892835437487675,-0.04293594226367672,-0.07186172455527143
-0.022962618570708266,0.024500129367680045,0.05426618605346302
0.02728582554944836,-0.0754396619655468,-0.09979036044368433
0.050442181151686874,-0.027567540355994603,-0.08373413024395329
-0.05557284850613062,0.018466116991315566,-0.04880980395572772
0.0759709647413034,-0.05709436905101643,-0.0574871335514445
0.008590754364554296,-0.019461568878702935,0.03709455158484537
-0.08916448885754015,-0.11408001330401334,-0.01381875358889649
-0.036392191427566264,-0.10036537553457461,-0.012162642499884573
0.02213129003967456,0.002712278351730154,-0.03934144595333723
0.02379146008908296,-0.048563496814376404,-0.06479157460846122
-0.05094056217572045,0.0032497039667289604,-0.07361914813170836
0.0064604688691696985,0.000870088072719797,-4.993412033540631e-05
-0.0007366483456416432,0.040263099824508965,-0.02789335730294278
0.027036407028553807,0.007005027858477574,-0.06339167527171884
-0.06225702013634774,-0.0501528581884302,-0.025299764441563205
-0.05829731765177153,-0.015742483135301695,0.08529206800124525
-0.08863585154638846,-0.0489684166389566,-0.04439359340969869
0.053693954037725394,0.014584657655555038,0.041951577062182624
0.006751854341631912,-0.011568808061363817,0.019141187388439493
0.053132172571308416,-0.08727391291388475,0.02242964848021526
-0.07300148646830733,0.02915928323467402,-0.03383873024599281
-0.01718026889856937,0.04943436557683528,0.03875028306175021
-0.020409335768996624,-0.05362170563318709,0.01805332395278551
-0.053887639930129974,-0.04510127619755491,-0.016308759464297003
-0.02256803802618653,-0.022454075228180298,0.042823389351669044
0.05017115830661206,0.0555240190467204,-0.030263347310392735
-0.04645892343895283,-0.09793440368737542,-0.021116167387570776
-0.004693949542472891,-0.023489869769921456,-0.07157297728515032
-0.07380645686982445,-0.014930702508830536,-0.03304337267947141
-0.023516738825006895,0.06964517397746836,0.0028504444077037568
0.035391698386216086,0.06693688672698633,0.0288553006949098
-0.01572276862675544,-0.011949958960652513,-0.024954786656884154
0.02200217299684837,-0.052734181279196796,0.020466878976752863
0.02117361151235578,-0.03850099209679138,-0.050813230283403565
-0.022503404134076234,-0.014942163842004265,-0.09428855621859468
-0.022480649827013394,-0.041920647379355885,-0.04626274612617849
-0.09320205620440901,0.02338486355867152,-0.08932747967295228
-0.003281472312343374,-0.1076081849415712,-0.033975797920650114
-0.10067877696742296,0.07580543684776857,0.03331503649756894
0.010333730235387438,-0.06387532571514654,0.00669073050744828
-0.0638745494672616,-0.041270846709644635,-0.025243277235879186
-0.0006948392320899159,0.043073951448590095,-0.147422304508337
0.08072664051891007,-0.0359828199253866,-0.06053647191615367
-0.03716014813047286,-0.09348918502262418,0.017098610333826814
-0.03581760196680485,-0.04951889241247029,-0.041490163411171746
-0.006777431983520191,-0.05849058115409389,-0.03657844729817489
0.008367525243214321,-0.021717971430020532,0.05312216111662521
-0.055161087452734486,-0.03537810640578455,-0.006676316652007849
0.08558081522911172,-0.13104581266204293,0.07181636706376984
0.012191960800226592,-0.012437652957252032,0.03239081373241723
-0.09172423951442982,-0.014286539344319074,-0.0218745861110593
0.054715448630049755,-0.029712411949762985,-0.08239298742613185
-0.03062265716021249,0.024353544085578455,0.03269647362004932
0.003180888737460197,-0.009111484003675991,-0.03908355562231564
-0.0035502463005423097,0.06102060723806603,0.02725626444418343
0.001721325351825849,0.03261383836702229,0.044873374630435336
-0.004242330473468683,0.00839717565673925,-0.006786651534472117
0.053729897678289965,0.014717267663402655,-0.028004709558425427
0.003543844836783834,-0.15231141469068823,0.03357753665197522
-0.02946801709561149,0.13503245295226388,-0.017519633969597055
-0.11645310555837404,-0.018384659993000943,-0.0717985487623921
-0.03333356612145597,-0.011675537124977601,-0.012668977523715815
-0.043664493001226296,-0.02086171942996085,-0.058868139508330086
-0.04956584606244459,-0.1629697422301012,0.019035247785843132
-0.013734184357764571,-0.046352287021001956,0.039561732765441684
0.015573963541803144,0.01278095590050413,-0.029791746222825106
0.01566801333889686,-0.006375633701839634,-0.07151572425593816
-0.002738770168772102,-0.024965995043964295,0.026578995194643816
0.054849890766797305,-0.05471812837471108,-0.0968922274997988
-0.03078949024341156,-0.019326494974399533,0.01643472243637586
0.02249424189428618,-0.006150624845906489,-0.02193740839135793
-0.00043116131013707856,0.015384516451789367,0.05170479540183813
-0.05661007289071565,-0.028360630703908023,-0.028628217120932956
-0.04521972590666286,-0.06892696189950452,0.012845612815018902
0.05604158523393486,-0.11481130151727373,-0.07464034443084218
0.01254277299397727,0.0010415201638040994,-0.03527122908075152
-0.04624777168782608,-0.029801876235801494,-0.041752935520306296
-0.10260038449611605,0.07763881877138479,-0.053876539736296
-0.007626633168134361,0.03666641875730469,0.07211087858400075
0.007887364186162461,-0.018661133246628867,-0.058224968143671924
-0.10078586998876249,-0.02588947749415834,-0.09985149706989574
0.005235405574544223,-0.02045481266519735,0.05776144274321655
0.06235384242296243,-0.010072192187237542,-0.06472302650666356
-0.009947265338344932,0.015459947526428649,-0.016746489419599796
-0.05791537076099206,-0.04563238279959926,-0.025964309288593654
0.021440702451692162,0.00045087466751987486,-0.05684271938487057
-0.01353966934371778,-0.03600345799263144,-0.004810781133901855
-0.03241280177912009,-0.11646605302153583,-0.028818675227715054
0.002893277459540898,-0.031466813295335266,-0.04355686233576564
-0.02256938139708622,-0.019306084182967906,-0.060690612259165076
-0.07295884925662693,0.02579762200532633,0.05906035958123891
-0.034435661831656895,-0.04089391323646266,-0.03743749262464468
-0.013798703697364077,-0.053752544038022904,-0.02044902870516463
0.0010204768528590258,-0.05453842243731398,-0.012889458098389515
-0.0707990268223481,-0.016064375309271704,0.0240106562169606
-0.005932932716167566,-0.026499314052005854,0.00021930603336777106
-0.08637292745381879,0.0313165796918517,-0.0016262273529207942
0.02348624546021903,-0.04333651544402238,0.09137459668079595
0.06827928736815121,-0.02483458798560457,0.0234596396761029
-0.0733829195378305,-0.016258344757756397,-0.033642449810362324
-0.00020547621795871836,-0.09021244810441387,-0.0706851281078761
0.06910182959141821,-0.07537114478305225,-0.06411929728973091
0.018675160837628255,-0.03773391192485088,0.03718571930636955
-0.051604140022387016,-0.025357287410138336,-0.08401033272081919
-0.062348196724696714,-0.027619275096011073,0.09538734270868117
-0.047035031949620026,0.009039066823581084,-0.015304356255215756
0.038728458392373113,0.043458539163181084,0.09039395087083478
0.011114634162210537,0.06509021154936857,0.0167321612653892
-0.05662590917035751,-0.008332085996845222,-0.0006160617367717697
0.06809708646296354,0.009157062698901965,-0.05047086894534984
-0.04079018730838888,-0.012080658593496526,0.03290703867937281
-0.024663560493126506,6.403890557413194e-05,0.01945578960657022
-0.002962637825400823,0.05884286174514124,0.08657961250127763
0.024022951188794064,-0.03747415778116581,0.03534813827895702
0.009953464454799402,-0.0630526749027547,-0.0007353649017106815
-0.03085412665396369,0.05424763886512969,-0.11655082479660751
0.0053168118624275906,0.04193826539015056,0.03271210879039738
-0.08578771444532733,0.02247693845749598,0.006837795433560252
0.004413680340110967,-0.033284798286400116,-0.031546823594626294
-0.032002987106091695,-0.04676036355205739,0.048846774064905445
-0.0016962390621452035,0.003961804018547048,0.009736023545569232
0.04890818731658581,0.060361788917405367,0.03846825118809357
0.03651501196503383,-0.0033566323983168344,0.0008053304382253015
0.06211275127319768,0.07114999998724697,-0.052518220865656676
0.020949467656618384,-0.017414307610536785,-0.01912814685500212
-0.058926479359788564,-0.0030114913668428146,-0.00822256009947837
0.004883011806474099,-0.007985109286841909,-0.055962406097217546
-0.09460801752472354,-0.05626748024766925,-0.023771917437533936
-0.026500644850764983,-0.0466203377051521,-0.14475259640680962
-0.03162195289966918,-0.01916576624983981,0.0380893403425272
0.09336232720989644,0.009200379273170946,0.04903317322664373
0.06578376799675459,-0.09486379536449505,0.02224979798713972
-0.012389115372783588,0.0397632025633154,0.006765475126986018
-0.00394528882448289,-0.0006335840696125762,0.010891753485446291
-0.03646693304401154,0.01585602253151955,0.028673772955414654
0.022475431233271816,-0.03995048789004111,0.0258829476104922
0.043560745154693166,0.02037970954041123,-0.02068859615349646
0.025717905878824946,-0.031742481788507575,-0.06859643187872146
0.08348316982207611,-0.07778978346508725,0.004524982746590142
-0.04590327973953839,-0.046327113514384705,-0.020574080434712698
0.04138046928497506,-0.06935145205735489,0.038171236594890585
-0.030043577438074193,-0.13539721654812067,-0.02537382717571379
-0.037550726260258786,-0.025567437757130485,0.045536584385561046
0.023021106701665062,0.008762221931982108,0.012562898323785578
-0.060708148488668054,-0.01292102822972412,-0.0844683663754812
-0.005442905016019007,0.08074562002709038,0.08425870076529048
0.016171408564471367,0.03574058257530468,-0.02444623175564633
0.06150663071466398,-0.02186038212221392,0.009251693322252261
-0.05678412733147918,0.03786108112625489,-0.018439867555506088
-0.0665195462009107,0.11453742996128367,-0.010239958058105176
0.017196769180213005,-0.07734780570675964,-0.035446308507527995
-0.0012033491034660919,-0.007267531837112552,-0.05011582929029715
-0.005280911640737939,0.04569129872967176,-0.002839272613959035
-0.043214277175133556,0.023696086056045607,0.09636821733843126
0.008342834447448358,0.07438776749842252,-0.06411765457836492
-0.028352621455619953,0.05515395504562812,0.06841079020530394
0.014678603161412163,-0.11407690219833763,0.04278619832737384
-0.07156111890171138,0.04999417628379293,-0.0417658861287677
0.028482657399947934,0.061449185172371995,0.007447541467726192
-0.053449752650057865,0.008915863074763906,-0.007724832042877427
0.025076275529458132,0.031759031495762216,-0.0033749355291869797
0.08168281596545822,0.024757005747348668,-0.09199873762883855
-0.04388312782219733,-0.02700849071218432,-0.01095185896177486
0.014723083607435721,-0.03404059605479418,0.02620336238755662
0.051528471982927884,0.1679004038719763,0.05265533629222997
-0.052862748191129856,-0.10979549471018815,0.011197853275476951
-0.05823191345007482,0.03383106932280375,0.051405146814984044
0.00659232331015794,0.059070284484376234,0.004395358997921053
0.019429406404455306,-0.045519903435266185,-0.054682878065862646
0.049719643325140485,-0.0077839920549888034,-0.0472113062135457
0.006923541411823676,0.12735976623449774,0.09078857626162162
0.06461270486166638,0.00233630130592189,0.1356136729389072
0.04286857695647902,0.04170157086174467,0.08644621462355309
0.07492505963215872,-0.07146318050410233,-0.07878353392476029
0.0644142065095333,0.07137827048627926,0.05827788253646484
-0.01161779587259909,-0.09605468089412739,-0.0262601880901445
0.01812120131855296,0.005833969594612416,0.08348415835474052
0.055731614493077564,0.06273881763050328,-0.02338609298150572
0.07032817191449237,0.022197965950564023,0.07793246575917852
0.004174890124455438,-0.09044374602471163,0.02689782552405056
0.10080606582376754,-0.006794026414081358,-0.04380932973874961
0.014169847171170761,0.042151062450639036,0.10689420628742324
-0.0013268839775109897,0.05368975298928366,-0.07810596562838186
0.009975688873060645,-0.07268028511653414,0.08093764470644435
-0.0024088416744131157,-0.007424846474392026,0.018287325789995902
0.08452857891030795,0.004386526178230366,0.0928249299364624
0.070497447075134,0.026699452531983463,-0.025277586031813133
-0.021820445781677984,0.06847418526267249,-0.005112525746752607
-0.002595672736060312,0.07106531875482291,0.08717095371609171
-0.028652885637854626,0.049492656445982865,-0.07045104258711157
-0.004275262869439371,-0.033002188995307685,0.04255116002414516
0.052903218941441885,0.0041360127940110875,0.03292289895420185
0.00043065501973739775,0.003711517040580495,0.07276119351311615
0.01028942077151492,-0.028050080281730665,0.014869902365879241
-0.0022030039336181206,0.07343653903684308,0.009360895866225882
-0.008567838242783258,0.0026012877036129013,0.09430584415219678
-0.044188779296064934,0.05103462305106353,-0.023878336936948432
-0.003463223131802126,0.03203749471323344,0.009869037233432125
0.08822662907082271,-0.004196929392311789,0.05526869754940548
0.05027590902587587,0.02605624339982978,0.05464011751243676
0.06599311125842486,0.06128794491756574,0.012168279596498582
0.007964260497340685,0.06579814167343935,0.05294887170309037
0.04847084386364077,0.010533247626769824,-0.025074312831432764
0.11013107200356832,0.09500210066162873,-0.021935438125468974
-0.018149053394523305,0.11705161878698803,-0.01911577618330126
-0.023388716012896563,0.12591444483433134,0.03288385804018009
-0.004119678098080257,0.07207940655883426,0.03951666871669339
-0.010695456140324591,0.08845750702703647,0.01383347080842256
0.06286730817325802,0.026725368849035612,-0.04264772853649683
0.09967934975472488,0.0610971007930414,0.06523433096540779
-0.019123570399853195,0.06655621772709243,-0.004343444314796569
0.039222168532605545,0.16764694244832162,0.03199396857573605
0.13927215507323804,-0.026495325372657315,0.1036866807900306
-0.021545405355302832,-0.03157830418596455,-0.007113176459290889
-0.013143900832933705,-0.01579781221599792,-0.06105777472763431
-0.0975340026165518,0.09690243063761338,0.08547112163381503
-0.022201784965393795,-0.054696278343121595,-0.07935146505925736
-0.037283132488494346,0.12615623396202602,0.04147825973628542
0.0032440202512958073,0.04662947352403475,0.03348781412027647
0.015617121624968033,0.04798005090500798,0.02392955361173955
0.029545431734755743,0.0103257003607603,0.012917305857786042
0.06478445232467892,0.0331690504760359,0.05128034903881382
-0.03128095881844818,-0.024015467364883865,-0.02341349455305535
0.00794392650803842,-0.032693466867920365,0.040128966019344
-0.09319769447329777,-0.050443616204242814,-0.025724006309507757
-0.005234173500732599,-0.06245084836763795,0.020798928803201756
0.003188181653678252,-0.021572017989058247,0.05735418361780115
0.02547276738209512,0.05845218647114986,0.02606059315060543
0.050561369888568145,-0.04475247421917196,0.10323100641134655
0.004770298250125213,0.07379734592040316,-0.021423461019077356
0.027218945300490165,-0.04137662483729849,0.047977575064781335
0.06423944930354653,-0.07409016553675819,-0.027212820627567975
0.07266589492345285,0.11550031926163007,0.01906894227359624
0.025078715024633137,0.07772811984825342,0.007027470950890463
-0.001023309840939908,0.08698229489680824,0.10753108536246435
-0.03353310943398867,0.03462011529185886,-0.004573303569659147
-0.02252591189402306,-0.016887962760731942,0.0018943127374277495
0.04635599030619868,-0.04565700713707132,0.03320954767779661
0.010958639730537014,0.05091131179737883,0.017498927055945964
-0.09028994925857156,0.025343221908164962,0.040654539280714705
-0.049549990330412755,-0.03586789191946024,-0.004005339743896656
0.0203765875760541,-0.13447784957184203,0.025096210090011027
0.023952673895162722,0.02083103102819805,0.04244868195484629
0.017400710240705622,-0.047031655268608946,0.05312991768995665
0.01693862096643583,0.07935719199908237,0.068864580112717
-0.03812407408242617,-0.03048860223947013,-0.0035962719954059814
0.04195238631519758,0.055039198272099014,0.006155965689170657
0.007106770044011031,0.028399213406953283,0.007231929004286137
0.06731468731319479,0.002136146655576314,0.08936223280332725
-0.078628178110557,0.020810050908364235,0.12389570948676142
-0.049058192518601815,0.0759554713510863,0.023476098383334622
-0.005551326636737328,0.016525806863800268,-0.02376091982346328
-0.03377517468055723,-0.0051206859832136735,0.019541591461781516
0.07110589701505524,-0.01377131505031022,0.03521650985784175
0.029740013485398703,0.01724685977715533,0.028200337115713292
-0.003445085970636943,-0.02223186770091862,0.002914712718001526
0.06199216371301169,0.09188696089812935,0.07031603290670652
0.06266209054405346,-0.0424780223350429,0.06192425571420172
0.024111188891527358,0.03745105064731673,0.1638260337124886
-0.009592302182080237,0.01668890034679712,0.057055193087531805
0.018921315495412434,-0.0032244164015278187,0.015002796608335412
0.046128948972703865,0.04069223289443637,-0.039731003128895395
0.0584763502120956,0.09464536275557729,0.053357824682024456
0.0759577233942405,-0.0023105877659577827,0.07617509496076609
0.08142236965629737,0.046018409299307006,0.07935113358633276
-0.016187135666470225,0.05876058897237526,0.10449552491881989
-0.009992832219315038,0.056741974092344785,0.002385478839865278
-0.013745666801282062,-0.018445526271289644,0.016299047572460916
0.07479207916318663,0.016047910242226585,0.014206745351878592
0.020188985175050907,0.09075339059274964,0.028700421434029233
-0.02347037625209581,-0.005517445177573629,0.025050301845857676
-0.00043669345551612324,0.003957854634701665,0.04802072770191829
0.08491390456882102,0.031038551370500392,0.03853338268256263
0.062117619918205524,0.0176394778901108,0.061968087516222
0.015061672521375753,3.23205343849553e-07,-0.01683585478781738
-0.00644541138195073,0.04171459523318037,0.008992903465407417
-0.008098685393113376,0.05528027149404894,-0.007260680068935092
0.018886429736529764,-0.05029983003067373,0.001137485677169179
-0.07543312951097142,-0.08020753174360945,0.012646105229024568
0.0029964186438502516,-0.019875895187375515,-0.03528089846077455
0.04646263211596202,0.027127350095626022,0.0037404246951686145
0.0054643727835227435,-0.028000735263080168,0.0221926647055194
0.05276676261714733,-0.05489611566483136,0.07811535371685575
-0.022846290700078126,0.005861224976213756,0.004841623991838212
0.05732991890717724,-0.0009908423577004184,-0.1556737340559242
-0.07945080103196783,0.011408865291798619,-0.023518346251313157
-0.004387665731364633,-0.024665387477676354,-0.04477938776200228
-0.08495595808234915,0.014679230631567335,-0.011602082202461715
-0.026223311430702063,-0.08057269565245152,-0.06047324850643526
-0.07702030584147002,-0.01577277227914524,-0.03202919051378032
0.06757543458656731,-0.03362749937918611,-0.0034191543983746048
0.04099112641184434,-0.010813726776231526,0.12985030956825575
0.0461087651765939,0.052681336016805275,0.038930443328886594
-0.058824671168913024,0.03391780737679247,0.0679104396324654
0.03325064304969072,0.06687433914029252,-0.014017759170511217
-0.014843582963764963,0.04001103171180618,-0.07514592959291626
-0.01888688254349838,0.06313385998611186,-0.0067087732240960745
0.00022523366999512018,-0.03435281100483775,0.05566884558962508
-0.01633627489120177,-0.010548772765754314,-0.008903534097010746
0.039545591455752344,0.06719867639061591,0.09711137252022647
0.040146336633838105,0.07880441528396127,0.02092480896178212
0.028912886995192108,0.014983408455120813,0.06759677705506258
0.035429780254256964,0.007777966146804694,-0.027541813432337053
0.03309262049621562,-0.020385573576308047,-0.06305814790419316
-0.05569409278330224,0.01442030357714671,-0.03867215586740709
-0.039856072134886636,0.075534100901992,0.06688480495695315
0.043552313683678505,-0.08538034707630265,-0.00011831673140629863
0.0538552621942448,0.011055319121476923,-0.05578655123080764
0.11629071794784597,0.006178397052849371,0.05532156407556482
-0.039350204947015584,0.050045241346850594,-0.009580729015171029
-0.03162566985630798,-0.020853223227589715,-0.009817499481113422
-0.0469123260295114,-0.011406018440365531,-0.01683345646181829
0.05131509137232526,-0.08045811002807013,0.09029977530678666
0.03780295510884383,0.02515322159538292,0.04097045237846865
-0.026683308404378988,-0.02046701543018111,0.03261442759908894
0.03922268162499428,-0.05118250722807801,-0.0012474316204153912
0.07861333966767335,0.02698344186981602,-0.10521465186689447
0.065688106574415,-0.08019173251893327,0.05978275317090067
0.04844988626139585,0.021823241907656183,0.0037499828921402456
0.03777654984114345,-0.01787617394442545,0.01659126892278897
-0.0252185746417575,-0.041617691407670736,-0.04158981488807673
0.0605990284558097,-0.05522330946855572,-0.002402033041188893
-0.06300963414118199,-0.027392819975500554,0.008341162539215092
-0.08785851346457198,-0.021809991400284234,0.024497304869840288
0.03825808895167148,0.03702928872308501,-0.04956278918259487
0.02389121753306786,-0.03803478319184592,-0.013191758560320392
-0.019403845529216757,-0.09151135411419696,-0.009915997356010554
0.11488963861330856,0.05135942581405123,0.03988220911043655
0.053734649781944976,0.03694878947172214,-0.1396505185688698
0.04181272618939009,-0.025275145875078883,0.026214484206178553
-0.06344622149503673,-0.03600527553107935,0.008803199073482636
-0.04433244580172801,-0.02203915739929912,-0.05972798393488531
0.09686885498668932,0.0014673102876709586,0.05216604341848013
-0.03885323791886874,0.03982097101573868,0.007962456410151723
0.07323944054903156,-0.055757126954874905,-0.03914347796040043
-0.08215920674878677,0.001183857816217545,0.023005354995183597
-0.0048609368139282535,-0.07478971944934884,-0.005326078805262286
-0.011193057798839159,0.0020890572518656903,-0.051588452874996533
-0.04758609746367693,0.050736050924231356,-0.015039766669140963
0.04343536143571929,0.12009929801585047,0.09468127951422858
0.018226237296727517,-0.080774396368613,-0.020989367673791882
-0.02730389092449969,0.034048825947774045,-0.0017543442561707098
0.05464134038328556,0.018305781646005572,0.038673370433866705
0.10317198790698998,-0.0075506086008017975,0.04990536634967223
0.045010137491814574,0.03160454975742324,-0.021389753260130984
0.08981694291370858,-0.024333932696462085,0.036770237218840214
0.05232288482473295,-0.12998919186144683,-0.04570677348755339
-0.04313625239054862,-0.020652701706710005,0.04112460222329398
-0.005033285111026795,0.0052627885768549,0.0188182215718481
0.0011579981139887736,-0.06330709397034288,0.033618427649197445
0.055724340492784505,-0.011314329373344725,0.03583085046626961
-0.003870908885605983,0.036086660427694935,0.11364406958106099
-0.06264653518151563,0.009027411831196694,0.031249536116705702
0.07018628379367758,0.03407071673204646,-0.03817991547682774
-0.002230908919174445,0.046154668280834824,-0.015101792593263283
-0.039625058633896953,0.03998593883340238,-0.023693464657086768
-0.03370736036457759,-0.006279512676731576,-0.04239527389824208
0.05253259623209216,0.0941321962044819,-0.04227438867347215
0.01500766740496631,0.03297998343976747,-0.005666505395954615
-0.028250951482410212,-0.07382332762569513,0.005667814877837639
-0.08128111912785443,0.04554312157043931,0.0029366110140042617
0.040098950165344885,-0.06542878918479798,0.021547287655197714
0.004400314722551874,-0.05279980832138472,0.06927525134987758
-0.03727060736289667,-0.059444148132032526,0.013864245916058934
-0.04420512216886991,0.06305516802793863,0.13090643227095775
-0.0012234130177294078,0.07344363432584489,0.026890233529199427
-0.039394453701775724,0.007930219620360323,0.06191217850412493
-0.08606340088546675,0.0158811485555515,0.00021548905394348436
0.0477925218388935,0.07606635796407969,-0.009990435184676898
-0.06958083650050348,0.06337279763633522,-0.051881444999669145
0.009197171911763941,0.05719774833762739,-0.05617983535541249
-0.031698444054523066,0.043572666645076634,-0.07989340044654389
0.014800491725378036,0.026507864471396574,0.015171001498395736
-0.06561680326066283,0.02007227315521065,0.00513210768094546
0.008839542124313171,0.07197924846627503,-0.014485728389229322
-0.027498737397560723,0.04308006922139416,-0.05144008825603445
-0.01647722638649629,-0.09290710165516135,-0.004417933734741088
-0.006684053517001763,-0.03631824552669834,0.005976662927461927
0.0026567411675135783,-0.061363554323889985,0.035088148811318935
0.00915251916606892,-0.008584606947861942,0.029759453631224717
0.0794037044530264,-0.06673201342978811,0.043691876201133774
-0.016050432530388917,-0.0549401702000621,0.056442936044249443
-0.0006870485801114719,0.05819645516569533,-0.0787986818550678
-0.011681994995699926,-0.06772023745185891,0.07447530737394784
-0.0918982225049822,-0.02826239605567633,0.009811779734675657
0.03749174564736734,0.031255468251154404,-0.03879661619484304
0.08184857058913206,-0.06112558994689641,-0.07883646672780201
-0.019733169694113026,-0.08101824641816663,-0.05423093834971664
-0.00922995223025655,-0.028449655022298292,0.012058622692190076
0.010422699709681191,0.0059209829543342505,-0.057669197655375766
0.06652446959814362,-0.029788251623674614,-0.029933655455587238
-0.007057789822750533,-0.09191895424604812,-0.011850303184831885
-0.00830018465206674,-0.13869088722025819,-0.00738301588589114
0.02248170458029835,-0.09128450572574312,-0.11228930057176233
0.004698924823931713,0.015003488151838025,0.024330156943310748
0.01085075562533462,-0.01624061342005948,0.07839312864927182
0.021589449700126682,0.022323469260829128,0.05006242614691464
0.020137873418111938,-0.01238068701403575,0.012742821954867495
-0.0036685749117167186,-0.057124002229284834,0.05287427103638883
0.07402192811020988,0.038936227262778636,0.046423880768761666
-0.026373808946074627,-0.01830160940428208,-0.05621261782218647
-0.09642287788470959,-0.026706195435722654,-0.022091851622746857
-0.030420594931839063,-0.01509757084826644,-0.07125731849800285
0.044995739995573325,-0.00898868985047688,-0.11398963211870314
-0.05975858402015541,-0.03745375969161319,-0.035756734070181095
0.09261754824368107,0.07661919874387463,0.0034118442316623046
0.05679024742154033,-0.06323460032501256,-0.015631224824586867
0.02110984470256019,-0.02998181155428384,0.052879773438937766
0.02698517287288265,0.02191924616917062,0.03307592207269978
0.09247854660993683,0.04185990235681246,0.013804040101281438
-0.07628882982303195,-0.05493411107272604,0.011059305945364153
0.019536614762205015,-0.07109332308072015,-0.0875283448785103
-0.04252654268502855,-0.005981784178063252,-0.0314561918497703
-0.036926439068202394,-0.06162552105537205,-0.015592796380529133
0.0060991517543394005,-0.08204919987071294,-0.10864991596735304
-0.11549827106582172,-0.04369194741926641,0.02782713148269375
-0.10835761629639275,-0.06452551885326104,-0.03337268888842489
0.00748544050660245,0.03952187811363833,0.05346298602307434
0.030411082606232986,0.006198263255367278,-0.035237553666956134
0.025213593923441347,0.04341984165280309,-0.008270155716583355
-0.008736676669550273,-0.023662284385986773,-0.025021463111763127
0.1251653009233792,-0.03631964150633969,0.01289009128093115
-0.011377275074931479,0.047204442191489615,-0.0585005022880219
-0.06409613868011928,0.05118244909290025,-0.09711930866693867
0.08312131355187147,0.01618186157820514,-0.025524898637722296
-0.05065918305942866,-0.017642388958756337,-0.07035718533089037
-0.0023659109333590937,0.04505906865697157,0.033013544539720066
-0.010715400279000751,-0.07765601830993688,-0.03652270350041978
-0.04543386225637163,-0.03757556891246497,-0.06479707497959536
-0.03385815138042278,0.050092420964722065,-0.11510067705563873
0.06417320648888845,-0.07919908755243507,-0.08445673471498281
-0.010980593949241228,0.011618623533741816,0.05936588942033628
-0.04365757638352119,0.015353839788619476,-0.03424770381452442
-0.03498191560061389,0.004851821627319418,-0.018214869891473886
-0.02263764856868427,-0.017164636938556462,-0.059374566007646505
-0.031594900828749974,-0.0250587522310456,-0.05681056480223719
0.014608677692204853,-0.1062515967434024,-0.029984270147259035
-0.05358097633350935,-0.04493017400371421,-0.025174859944319103
-0.015684325651557304,0.012945558644305449,0.0018585809751529604
0.06574217688061182,-0.025778480977673806,-0.0524034298317156
-0.039735813110593446,-0.04759598055328071,-0.0453382178933083
0.01127792346192531,-0.015589195695032618,-0.11576413986526896
-0.06531260532004358,0.05118016595746888,-0.054108566530416805
-0.026328854580992236,0.18767374225361894,0.007093272900966948
0.023389219722389044,-0.026241247060725406,-0.10359682629224777
0.009715614772469551,-0.022443096811632944,0.03682652472394554
-0.04768071420570547,-0.01727669226650795,0.021453177554332598
0.00035466708598540925,-0.028162607232798745,-0.10214838123140114
-0.022652549783228598,-0.07552091998354497,-0.11940167258329276
-0.012193706468185675,-0.038820517066934936,0.011110778696016108
-0.10875225854023994,-0.020554360719425672,-0.1391254024604096
-0.08701781738684113,-0.04975331447924777,-0.047693522523685375
-0.1467371146638509,0.0743566102991951,0.001643214299175095
-0.015247920293334567,0.02546514423498408,-0.0325736621815856
0.002501767317403928,-0.013839110660832012,-0.07428409022692595
0.004798757022408853,-0.02682974244460087,0.004742163239936249
-0.04804926160756463,0.04089844667517445,0.0054226949072313305
-0.014173647269775602,-0.06999986305771766,-0.08070238720148598
0.022705670348630476,-0.02056381970752749,-0.07251889590890778
-0.1032563240805772,-0.07793404713507562,0.0843489712748614
-0.11818369359398606,0.025083783309140087,-0.10094480822450846
-0.09335237540885057,0.026351662055133163,-0.05608889635925837
-0.10044852827520713,-0.005462264322657185,-0.03553960318308406
-0.06502593302956731,-0.038468797476246534,-0.01749738778074194
-0.05440852292164734,0.041601831652166174,-0.016587846779465436
-0.011570029468952189,-0.04301460634172913,-0.07023667554170367
-0.059033235879124596,-0.02147050518457132,0.02365781804099485
-0.03248530022977346,0.0007794698022976707,-0.013153955986778819
-0.06772261524856546,0.04629725354379751,0.052555618013920134
-0.044428431769058765,0.018337608108084855,-0.03883913288821776
-0.09511949248938013,-0.017920038461773962,0.046463036805201405
-0.043210030192965765,-0.011762379577780261,-0.01118605151521656
0.021040104129743175,-0.07127793330496691,-0.026775811563777164
-0.02554324312370137,-0.0005325773422036467,0.07670555455204144
0.0177325011414435,-0.01661802823169547,-0.07985548005643103
-0.02711338797330856,-0.013627116848908582,-0.14752104801437207
0.09606681800894398,-0.0549055728565999,0.026044051103098768
0.0563587441452313,-0.06981627140857037,-0.08121389857053266
0.06354202949712286,0.048491027759430205,-0.08905157391095471
-0.023563969145450753,0.0018725749908695029,-0.12242514746389405
0.05567597736160638,-0.06677382013180173,-0.01315995708964645
-0.09676427191800648,-0.07190531557079682,0.014073207165008239
-0.015759517247246717,-0.040875568072962665,-0.05563465608097399
-0.07160874528870892,-0.004074932440638142,0.01386458485827261
-0.01917486549892064,0.02314197285844176,-0.02717139482195989
0.08959163550257256,-0.046742308331054326,-0.14786016783777875
-0.06088943547649585,-0.04824562218550348,-0.03430689042853727
0.08778802225116843,-0.06474972800950418,-0.09209074382003761
0.037206139433975736,0.07542308232546893,0.01860032382549555
-0.022608367078839474,-0.14720736133825826,0.04023869224409924
-0.04624349828025902,-0.03397664874762624,-0.03414188476624762
-0.022350189259744028,-0.03939122787445787,-0.009483595365308888
-0.03728436282464945,-0.004802143053168189,0.03202117048104702
-0.07333466772899642,-0.05976099559672447,0.007915946813473051
-0.011507728093011978,0.0014175253027031206,-0.027675002167609493
-0.07631074972332885,-0.0030738580274489776,-0.0799368461192165
0.019343766279116013,0.015327158407220683,-0.007234210557494361
-0.019062158472937414,-0.0002132764911380279,-0.037246514291436286
-0.006850610607206688,-0.03499540835507072,-0.02021739276968054
-0.0453253612384852,0.05090548782081156,0.04974357382622986
-0.023512036755113618,-0.03582517003032261,-0.04547312513740347
0.10309007027186026,-0.04607704799789688,0.007469809551032295
-0.013102988574132734,-0.01628121457334445,-0.017951862936871513
-0.04593337593773945,0.12729538729322765,-0.01855823662670001
-0.024683557382983487,-0.06524838598234614,0.0028953047173489403
-0.127068018698538,-0.06241653853265687,-0.026689526175224406
0.02952328630664411,0.045783456691547084,-0.001528641850178935
-0.058256821848631735,0.003419686603120845,-0.19434056524689558
-0.06571325927533275,-0.1021160424942783,-0.021731217718882492
-0.005188724750166202,0.020549064004062485,0.03732879852096574
-0.13623657573870007,-0.02085296838838764,0.0008229228721716129
0.05217723490413987,-0.06578707221557878,0.027043434808477845
0.05236469234894173,0.042669071369808395,-0.062435840152123966
-0.022542532327528588,0.017255410222164373,-0.10462899458682608
-0.09424622138530218,0.07371771393533523,-0.0364163773019968
-0.026362863528735243,-0.015233758520008904,0.07102359675415446
-0.0004989972011186479,0.02146852906399816,-0.03975426551588151
-0.05780850756923975,-0.02727581380809873,-0.05402750294832031
0.00905106045640982,0.034836520693153974,0.03577070080594929
0.03021311994221544,0.09194150695715868,-0.04769713331791039
0.13201909731953987,0.061638681881841455,0.06696798210784982
-0.022519843663696013,0.03598823581771795,-0.06424250291595136
-0.01769533962526189,-0.027956709282199864,0.038812033594929976
-0.02614671028461529,-0.09168933441004268,-0.012147793009184536
0.11947321239200909,0.020423861026242843,0.008827805692313086
0.10645537132666723,0.1071852700622205,0.04691357025732729
0.013505677422353753,0.016346538856389613,0.03613958111358252
-0.01969142662546544,-0.018963316713110037,-0.0893481399282424
0.028146613506974116,-0.03235053549793354,-0.006655103868274684
0.008759304853734653,0.018779352201002377,-0.06918565247656015
-0.03274120533784205,-0.009600220626575664,-0.018483635897524876
-0.04337097215819749,-0.023493680802163585,0.05755818210847617
0.06454036081957931,-0.10707284970785703,-0.04355918274274793
-0.03901668484688358,-0.011398994494053617,-0.03617732715207382
0.019431954464072247,-0.009747299048828081,0.0005888383497620827
-0.011320752473039725,-0.03256792989118119,0.013246130038324033
0.041779398411653075,-0.025050107412843657,0.05271090911096474
-0.0347397215285274,-0.1058730563346231,-0.04130478140101642
-0.021039002151516037,0.10599803802324416,-0.06517679012822737
-0.14055156722073922,0.011279113026271001,0.008490357061976877
-0.008295440757319477,-0.02401090320976777,-0.024315907237965083
0.0262779753102277,-0.039550755913147155,0.04964566367011162
0.027479507270665567,-0.06917720580974382,-0.06175000507134878
-0.07365540661521575,-0.012959316784479173,-0.06967040030042687
-0.039401435061369235,0.02082032368022141,0.0009090191502689705
0.04923678245646379,-0.09715429668889476,0.07187511505035771
0.0028418657248521335,-0.09799702114538994,0.0259607787365715
0.045503693451157595,-0.04871144992834149,-0.009449001615426129
-0.025629655663812763,-0.0222911928753146,0.008224863362066709
0.03636270131016188,0.009529151597144157,0.054100425004563135
-0.01979034604539264,0.08483197504163013,0.07230822612995122
0.045345899616548356,-0.0315355415952642,-0.002678719291681466
0.06047487793336183,-0.008351011814548611,-0.05030969850943812
0.01984997569720614,-0.046596138166904714,0.057667760786551794
0.04202894971519919,-0.010353736266164761,-0.05251386159201827
0.0036726373451702937,0.054271198108637037,-0.05728643355547426
-0.011216950009905137,-0.03656741072945215,-0.022509518499292246
-0.012828474712646627,0.06336931147186634,-0.012621997444167353
-0.015396721831880952,-0.02982558104434119,-0.03547222966035196
0.08502399926038162,0.033174455735610626,-0.07350516352068608
-0.006531424051418844,-0.018184615630276842,-0.04152730648446151
0.028311547382658522,0.060675841599650664,-0.03387062428784939
-0.03317039861804417,-0.00019359778911029208,-0.008900014761123204
0.05328738241077934,0.06785409219446675,0.04721838832122406
0.07152392573003342,0.00011452702971253594,0.0021104067553677445
-0.04735755179049117,-0.0014580654048457105,0.03841949340900262
0.005777195868148828,0.028658488430556257,-0.004401331184148857
0.02665078713010757,-0.0654830455549565,-0.016138116119642682
0.07386411135489156,-0.038144292901712576,-0.03604835544149518
0.017139679471895833,0.006712095739018429,0.07088019431839714
0.006075307120081972,0.060293829642394714,-0.023632142941739837
0.02010746977782259,-0.00015749078167810043,0.09588876635189218
0.04742022826102647,-0.0659562281384447,0.01737554278531454
-0.04921085577495224,0.029289859582453975,0.00816665123302325
0.0812708325932474,-0.0547854171896834,0.0029703823155569744
-0.004230375001255006,-0.027276027229261667,0.0337815518920846
-0.05436907483679819,0.02889408874899218,0.02024591217143562
0.005412932732567877,0.049482293797692325,0.04332444861884274
-0.020064499302116054,0.003407802447051562,0.016535988415499508
-0.01678593180176942,0.04801875048711927,-0.017754282301186846
0.036175785800156596,-0.0451608434774192,0.06082897322430917
0.033537180108417566,-0.06817142429307288,0.048319731585896385
0.05952701671279388,-0.03539934732456766,0.056287020759438124
-0.02730662946017861,-0.005149240124231336,0.08570680585029443
-0.11565558189039624,0.06505859533094564,-0.030477593416347315
0.00410741282543667,0.053377447184881445,0.028640816034842337
-0.03680717689719682,0.020641268384067928,0.07425334293180481
0.05357316447977053,0.031195376378961304,0.033939286123897565
0.05698368666192754,0.04624468490644017,-0.04284732486601462
-0.104811341166472,-0.032379157321670946,-0.02080684443198965
0.015133327851211275,-0.008907394168476307,0.004400156811911129
0.017273168621525066,-0.019337968098613167,0.026807009608424748
0.10062869900816059,-0.03792964396458384,0.09481977988425716
0.020546554937990968,-0.025049399722022542,0.018190398114437047
0.010742689688179416,0.053417045899958174,0.07111160516195499
0.05119165303070991,-0.005636149429840387,0.01917422620072322
-0.005373278106515431,-0.0035430602089997765,-0.014970013566851955
0.08072749472468448,0.0591009209366434,-0.05956245301716932
-0.05563643153075582,0.034451188312470224,0.07730250742279383
-0.005034247126943694,-0.0639109513381181,0.017845228377301417
-0.054373685593113584,0.0691042111714399,0.08655281946117427
-0.07108239329106539,0.01487109917359904,0.01562108573753383
0.06347510960173408,0.12005464865478505,-0.01885033675004408
0.0026332852573755904,0.00502640486348546,0.11176849216007262
-0.035995732040857445,0.1024236265981681,0.10361596288767533
0.04598455425283937,0.05560259460039062,0.025341687293991125
-0.009114105400784521,-0.05387286383087802,-0.03459816007209182
0.09012973122071005,-0.021767399182764713,0.03543798007310092
0.06007414748424367,0.0049710546532669465,0.068782371612357
-0.021145995628573323,0.04545862329695264,-0.0014660724600923311
0.03974690187260797,-0.02912726713642404,-0.048625556902080744
0.07346360884124964,0.01616025656959042,0.016859993411948573
-0.03383394744619447,-0.011743235304360625,0.030422064365419853
0.0007943326643372502,0.04037916014327722,0.0654706100761693
0.08465204545382503,0.02969304497640021,0.09759578347363565
-0.00687559689475432,0.057420869233668306,0.015840224202735734
-0.0028354923377218524,0.051919250584307616,0.032445212304331825
-0.014471880337359872,0.05002644000664386,0.10817906126256076
-0.002023304913367028,0.005532572224081182,0.02484730367519679
0.09872986235030073,-0.02240310015900521,-0.02354461189773938
0.041198425828840285,-0.021136503017142032,0.05840831630688327
-0.06002746339342643,0.05719014029748218,0.044542420823182244
0.05203801398487379,-0.027786463154328932,0.06620649427722479
-0.024225210086372607,0.04867619895686516,0.05896228973247506
0.046558597825407735,0.0424283623756201,-0.04261658175215093
-0.03794494213507581,0.00016755977810868627,0.1391408798186939
-0.030238552314597152,0.03686362956111636,0.01208570955880317
-0.0475530428360752,0.055957887354106006,0.04327914256028008
0.06583320222713487,0.04312732909531516,-0.09249307845634025
0.10003026675757848,-0.00152737546581741,-0.06351862133170302
0.027058709506323945,0.01240376669580312,-0.07164168807898924
0.011839685503547737,0.0033285045536060077,-0.04031178968035299
0.061972624438564335,0.026890949922010403,0.1226922627771129
-0.018597881523325362,-0.04505919135415887,0.0199541180245804
0.04903607317758135,0.031153636003038554,0.01891380092576232
-0.03742119573698606,0.07576668129323509,-0.029360471370284146
0.03342663968211662,0.0028131280905817485,0.08536083550610833
0.028787740445437526,-0.024887188912427007,-0.0033536405130801285
-0.04359256666690903,-0.0412986916648405,-0.004909588811430422
0.047794263103744,-0.029968996920276363,-0.03146248308711583
0.044534917270177485,0.05227171386444318,-0.009860490008254716
0.10092392090634895,0.011342277816271423,-0.010320265588980294
0.06196168599188666,-0.04927251197227976,-0.004091025406093737
-0.07144097305372266,0.04834629768108013,0.004669738190285041
0.012913804036373277,0.18213911397880428,0.03404756541448298
0.04271268344476371,0.0006357048537193807,0.02492497526551242
-0.03423091552214853,0.03470741743130869,-0.03954322554506476
0.03957662610573121,0.07397860771425352,0.07204734850008397
-0.07471883534616766,-0.02329379236009088,0.04510188135528938
-0.09490402340765362,-0.07259516020892878,0.02287168299490284
0.02583927936834629,-0.01587642211533596,-0.024907119015590864
0.02528855875101036,-0.0003030284956735754,0.08802036372238768
-0.010680240637465286,0.044803748706406896,-0.045742974790182314
0.04373722670468898,0.07431580713455264,0.07097465414049996
0.07971081966154495,0.08753109145879065,0.01991569086899635
0.09145392807040162,0.04135268619273903,-0.013257064732660175
-0.04724078631391522,-0.09717622532449215,-0.00041973990188212684
0.08384149490026692,-0.011654244838777108,0.012644186319199158
0.08677483700336212,0.04484157927883792,0.018064118335318742
0.07826465046191082,0.12480004867663924,0.020894135285801294
-0.05810900876815829,0.004630124931399613,0.03213083529205433
-0.028626882228867716,0.03891404130300388,0.08632574181615352
0.028408678200788597,0.007413557005605673,0.07623944957812934
0.05763519534014504,0.0022945969323007083,0.04447794952300208
0.055744006985048666,0.04478013927471296,-0.010997563450316154
0.06866851480261826,0.03748789949439091,0.021816506499866124
0.06910942250748676,-0.018097202476329677,-0.024896734520238863
-0.027346167951437357,0.011560320374764432,0.00424043740015634
-0.003197815229835241,0.019520647169641234,0.04144611603443707
0.06652108918519409,-0.0616967802573639,0.0030877359365976825
0.11766556795096877,-0.10072100283032731,-0.013684211168733855
0.03939621439601673,0.044065852135573694,0.07288922221672128
-0.05319243644462029,-0.017432730268309916,-0.0005082434777532417
0.08123558630523667,-0.017218974026603752,-0.0344520389040146
0.0012009064414189238,0.01029947463790587,0.04893514509504836
0.16955786916553894,0.01630380919520152,-0.08446343463290364
-0.002898930690215691,0.048399544336373626,0.01631822399730792
-0.07863875074123547,0.008230932902731622,0.04135012813886166
0.013461109709866182,-0.03184021921951066,-0.021219643241875356
0.09801535698589497,0.04336264870076846,-0.041039604428855035
-0.015715081971057913,0.09681244773609732,0.05489830127152865
0.012132009981640787,0.060720356988393065,-0.02921099882479931
-0.006710460825385791,0.04032763637700311,0.027760318885819577
0.08779229072278516,-0.07067401870653657,0.024886053093635736
0.022177503078284713,-0.04652099813579913,-0.04567940469114033
0.019068841359326186,-0.014814161221385558,-0.019010867141071818
0.041450199608925556,0.06127420798137638,0.024341275868575638
0.06922352911509463,0.06685394371359682,-0.04354867757168468
-0.14544650157917685,0.017528440406662592,-0.03620678198846649
0.08180214911770732,0.013472064035180056,-0.0877867103411308
0.06526240032826723,-0.008912489362295162,0.06100170058989299
-0.03660729904507185,0.07090101287805423,-0.04841433877291828
0.06599670564689193,0.06343172487130234,0.023172414061208263
-0.0645051327413782,-0.060398726200165495,0.033168933279884655
-0.09157208302051029,0.07704019372278748,0.007632686146509842
0.06502316155089585,0.009119254107471967,0.028845159057261816
0.0035543010985242852,-0.02267563769040138,0.05019798691793613
0.03920540591991867,0.06694044414977449,-0.0697884443298937
-0.022047771105726754,-0.024729758645068656,0.04119057289267256
0.06554273648070537,0.026861811878871232,0.019343055648437232
0.06947925540771654,-0.05682641974577113,0.11836327762975384
-0.041623363196259075,0.05254366786504344,0.04681704896445536
-0.03859735057429465,0.05725913648753001,0.01633012943610326
0.011347652434875897,0.0037508104370719744,0.010522949763425915
0.04424895135560902,0.04010347772404306,0.024947430759747653
0.04945502570080263,-0.0050762892872593755,0.03754583579778918
0.019433792508319725,0.033919581646855435,0.08147784838057864
0.07748532133432559,-0.003933521222182429,-0.006338987803553388
0.036663149274099915,0.07554089406452168,-0.012758626177021731
0.08419996736789262,-0.08106119029867821,-0.022341636110336377
0.05990695913025122,0.07723004490537913,0.09108152162078642
0.007555135432197072,0.05051887405058329,0.03757077846359681
-0.05597916808668619,0.023735072006418445,0.018583005114740557
0.035501870038447986,-0.0787850716150253,0.048319782817083275
0.01367622708306937,0.015919100176947438,0.03436300164654847
-0.010586653913346096,0.07554806790902818,0.007168098530012935
-0.06480777744963588,-0.0626291185871842,0.05019179173174175
0.026643405843538602,0.039011448898637266,-0.04320666603602327
0.06300813494566274,-0.08838176824759283,-0.008390176032291884
-0.044339228234614406,0.04614845127293257,-0.006333188679874392
0.05354602981802292,0.044039797212401,0.04977287909968341
0.05364398806417245,-0.05618941900266426,0.05144331561133034
0.0011310143391582797,-0.05902950038561029,0.11648531579542262
-0.05585593887811317,0.022025871310977392,-0.06643903305781682
-0.04927161608529052,0.017035771700461957,0.07041107653979259
0.001817416448035799,0.0005060658804420556,-0.07157485544370884
-0.03472569313424135,0.05038007816182532,0.0915980236355188
-0.033224123133993665,0.056239925633159354,-0.06911541300966503
0.025528635601557475,-0.02229557621488496,0.016281844941026
-0.020958603069699315,0.036364059646650744,-0.039605561124223664
-0.04451986099551078,-0.034850569335591566,-0.012827104784136846
-0.028464992075827346,0.029743969140770495,0.06472539166118517
-0.05272821602663109,0.11983044594981859,0.012669526040379506
0.09229291876099247,0.08032862553942521,-0.02821862062764383
-0.13588083120084704,0.011508352331797225,0.012092435195022518
-0.00181817253659181,-0.003934661199346633,-0.030228354748581498
-0.09507398269800821,0.029207590641193607,0.027969853562595185
0.012999663587244916,-0.024109694911211746,0.0869543657292264
0.035442579453407994,0.02902550753687671,0.07867621895525494
-0.09284223952200187,-0.05790817662647301,0.012669529259026308
-0.07122255602082529,0.03888734760900632,0.04327886656434463
0.059563271168237016,0.010416114879013649,0.03678509428231862
0.004517708698273026,-0.08087729586021876,-0.04003101474495487
0.02825124555638065,-0.10185254682915902,-0.03159852006016415
-0.060664924337499246,-0.008216769817156688,0.008526392900150833
0.04077057291684299,-0.021731159507987166,0.06708456432332639
-0.0382037219883414,0.007158138183801098,-0.021135773839858842
0.014854507297679384,-0.006059296592718654,-0.026718334876773536
0.015983820739621502,0.05064693787796504,0.001975247994643611
0.07261538997157445,0.05449910444372371,-0.028314925517741906
0.020036007496971986,-0.012329565725061553,0.02481583721541594
-0.03014597593919329,0.005513450765377711,0.08095063398157176
-0.0019650242101238477,-0.03610379417920352,-0.07731197268178554
-0.035096666088746384,-0.0110184580455168,-0.019183950487424748
-0.023045153536251826,0.03034523524250745,0.051693415614652814
0.04360211895089765,-0.01086429423634962,0.041492310411089195
0.016388300425463357,-0.09954478979882216,0.049084301044007156
0.064413513874775,-0.001442979592347648,-0.07016825423603025
0.02723318792729544,0.036906877394041186,0.04346874591000619
0.055146550231059036,-0.022654307210023584,-0.044199665599241295
-0.018341599757797353,0.008336005009741016,-0.019475446038994558
-0.06028919246289089,-0.031302927595774736,0.024318956806050424
-0.01685490558663201,-0.04577832604501186,-0.04765009765896834
0.05136710883088648,-0.03401414176499143,-0.03983860598573144
-0.03542010071403642,0.018729996479558815,0.050836702995304434
-0.03162482829193647,-0.05974815965420783,0.015649518562545817
0.0803292267075337,-0.0014544679719678362,-0.043118380194632856
0.028367884858199334,-0.09300525781031367,-0.022199090297506326
-0.07685587006012794,-0.003302851855209652,0.0043187104422371825
-0.052409002328996965,-0.0865536070189952,0.037115199811463856
-0.003940572561497534,-0.0617451331710834,0.10497548489519588
0.02304579640705849,0.02861341236119573,0.005130198831475809
0.009602099891531183,-0.048625754720336575,-0.09288705084509107
0.028674844156079887,-0.008821991479872995,-0.13642397802721296
0.005663955451796222,0.0055348077666000205,0.00556236079569288
0.0967778229470015,-0.030189077049014877,-0.1679583227113697
0.09203796076572252,0.02747104284687095,-0.02463400320163873
-0.05173902496701749,-0.0056308054518247235,-0.08947933425494292
-0.017162071073773683,0.010422787776584591,-0.05663614444216095
-0.08235550874237103,0.07239756923784378,-0.04606908365029292
-0.027507634201121633,0.004836538497307516,0.012302776828159428
-0.006309465591923254,-0.05857132668157214,-0.013110722078324895
-0.07168829292439434,-0.013014822346818932,-0.058605058218355766
-0.032502129333893334,-0.05441268141069989,0.05898637684821666
-0.027040270336453003,-0.07626885922208984,0.0354330599024782
-0.06707465188958492,-0.06673923951090843,-0.03277124284831097
-0.048531017557657166,0.03242856682956975,-0.04101598302480227
-0.10648549610061382,-0.0025060340453112503,-0.003761659709283407
0.013563258709439712,0.0009703425151780798,-0.001928961559326139
0.05029951842931281,-0.04565045567443517,-0.05912308141685686
-0.004662850818781483,-0.052986101376853945,0.06978987678576341
0.04183411958816327,-0.027879681894642246,0.08797681043907662
-0.014349540807808606,-0.08243801088280181,-0.00552479830257843
-0.040527517553872086,-0.014984963712350098,-0.03670323960294323
-0.06618739512153204,-0.04473005522576947,0.018446994978572474
-0.058255595233645416,-0.06805207767790002,0.020950276561436203
-0.015637038114155788,-0.013742556383041029,0.01634507022299255
-0.03122219278544907,0.0270006212668569,-0.021934690297072214
0.021351982816195828,-0.05515671534900453,-0.019935228483486393
-0.01786629642320447,-0.016488450606792618,0.013562695587028117
-0.019536933216989582,-0.026091346029654586,-0.030101586979085448
-0.019066004513466784,-0.0703592689359026,-0.03213376815995077
-0.018591177129969747,-0.07873090933445723,0.0891846133692489
0.05012059581882869,-0.008297706321109434,-0.01853075455148695
-0.02636134534639681,-0.07865433268064706,0.009785666749502688
-0.028815342704100376,-0.0013823831619266189,-0.06104453451756482
0.019056671391830315,0.09614368726211503,-0.07219692755733499
0.00304385831573702,0.006464369632558246,0.029677488050221208
0.004721628672408416,-0.015787028978587365,-0.010800829039885721
0.016854597735033852,0.0023861886109312926,0.06209848596319364
-0.07313680099487808,-0.009303729620159476,-0.018164381729107157
0.047245220721564965,-0.01781233499997976,0.1557724245477628
0.09291361266233782,0.03236628423461861,-0.08455101678329184
0.07807091588860367,-0.030044116844995722,-0.08258886044423133
-0.056146941634646244,0.011434921657995652,-0.05290877114701596
-0.012472628919127095,0.06045707207387607,-0.08997589846628674
-0.018915522835107525,0.04662074493804418,-0.016783973089976804
-0.008689394519730092,-0.08165918161276145,0.0064099205259534435
-0.03923899318601882,-0.04737239929068045,-0.06218281413735492
-0.06379829450896811,-0.027945422783270647,-0.004678227045788783
-0.05683099511344598,-0.027468520537251094,-0.035168713403983136
-0.0015819974212779933,0.0325126484100908,-0.0827300136368001
-0.03966373181300213,-0.04778624410096603,-0.09613926598030888
-0.027700842748618504,-0.04037093906965589,-0.04598715213310964
-0.04295789689978678,-0.08155053528987091,-0.05675514877808918
0.03480258419677391,-0.012955717790575621,0.04896891635395906
-0.14914732738194392,0.06726760101574596,-0.10458330490398535
0.01107886272835874,-0.026007972238906725,-0.0913644093185495
-0.007577359634833747,-0.025415681907810954,-0.03340660411226734
0.030227380744633017,-0.05889929375885414,-0.04932254902382523
0.01243046016210931,-0.004494959215697945,-0.04556462878402388
-0.019722807746161336,0.05431737084034107,-0.07921201769464005
-0.008189680323816546,0.057772977865195224,-0.006803848633181802
-0.011137151875046186,-0.021112949663133512,-0.10218675579728748
-0.04976346785476054,-0.09647899289090295,-0.008771704239377544
-0.025213300455550786,0.015647049001687133,0.06377699048397518
0.00950909858882798,-0.05787597018288651,0.004155089962178719
-0.013909485757856983,0.1294465708646458,0.027255960944302236
-0.0035261078435402486,-0.050618385193914164,-0.032199676671722015
-0.005001134460706033,-0.08594970943525673,0.07468579959034681
-0.03294117920834203,0.05040436284880455,-0.03998542018134993
0.001444336206440893,-0.08737587779123572,0.03433479828649699
-0.04061317430964158,-0.021937804904997537,-0.011724604780677043
-0.1039269177459291,0.018590083358964928,0.052777622643639756
0.09714468205131606,-0.034003641535054106,-0.020680417503140293
0.004265538429986639,-0.0024103777766851624,0.05951072444536084
-0.02726554998906542,-0.1040534102288866,-0.06401492131624746
-0.06201837114768105,0.009492459133594127,-0.10751579998099083
-0.07304800863290305,-0.07589975799913903,-0.04691866992260541
0.013027465650411626,-0.007926004316889676,-0.04339585152613416
0.009028965562937651,-0.047400061508222444,0.023409667418034186
0.0041787839272582825,-0.07359932719384593,-0.029109164889036622
-0.013995206966504274,-0.10616468806065296,-0.043655023177712034
-0.03936244117061038,0.059022020664460786,0.0007416688020104
0.025505985470055278,-0.021007085637820326,-0.0006760126641998619
-0.027135387775177815,0.06919747420329522,0.0979955114574079
0.04660836006357823,-0.056903279989399064,-0.0545009241414986
-0.039171082122235794,-0.022915945348386927,-0.06582390526349055
-0.08912668119595318,0.07076940592831424,0.03299529152616476
-0.0576838748851877,-0.01468988542847657,-0.008121646592432596
0.01655494816411978,0.016849011460775228,0.02172838184551886
-0.020739161441603673,-0.008148347091060012,0.03399387834623649
0.01130770835674455,-0.023425845328976364,-0.07916521836578587
-0.003561627852664893,-0.025180375538040624,0.009893403437320644
0.018692814991656457,0.037748167102605965,-0.05509219756748178
-0.04062599181484236,-0.07364020723061393,-0.05813028473443745
-0.022615768699685398,-0.06215840497508934,-0.03597357541966662
0.030477465306419996,-0.02319595912732918,-0.1024461295675405
0.07209171281707163,0.06056845684940801,-0.10713488793751193
0.0016412340190522755,0.008173509026080283,0.043677133343555476
0.06672731817708819,-0.07715353482799676,-0.04419693324439054
-0.08207242951674965,0.013905270785193193,-0.08195111109741068
-0.10593052725958527,-0.04765679786109361,-0.034680624354997205
-0.059793533635718044,-0.10761240323325019,0.04047302758009032
0.04515859466423246,-0.0023617462341844787,-0.02256533972162472
-0.10792022570957921,-0.024149099520757528,-0.04963679396157163
-0.07082494639313619,-0.06019338229067867,-0.027011919057959174
-0.0656303315953124,0.011845839006794916,-0.031321482896846935
-0.022186774906194487,-0.0501748255165399,-0.09352806594369067
-0.14019413668888023,0.003256422515465332,-0.05187112208383459
-0.011784080358441355,0.027109735724304702,-0.09862257747284392
-0.007884928395667862,-0.04841063386083224,0.03875766997483182
-0.06224858861177253,-0.039571412417605145,-0.01943217393860729
-0.06826902944172017,-0.050541125725916694,-0.07207642930023421
0.11287453403886319,-0.020579279757993583,0.043332238187880436
-0.040536078788904084,-0.020357935910554452,0.054193333577486624
-0.022036729962610087,-0.03248763340829913,-0.05648552298257148
-0.04717566963671384,0.01023143185320794,-0.0062747721239379654
-0.07744678212546896,0.034113234731261995,-0.0408534474495011
0.024854251349912343,-0.055186375527518955,-0.04535947670830262
0.004664699642503689,0.052473946531034106,-0.07549330153467929
0.02875961750595185,-0.07952021507330985,-0.09739026990259027
0.029924434904442195,0.025363430116746487,-0.012632400358238014
-0.07936088537184927,0.03838836073109435,-0.10145619431971033
-0.011773905646942426,-0.03817276333955493,0.05321079882125251
0.08017773464710912,-0.03673018467077519,0.03580091774070225
0.043830548317754,-0.017131443398620435,0.01207709089857453
0.04789221234302902,-0.03622029210385454,-0.039637318729135534
-0.048812376858805594,0.035186500665484906,-0.060395297551330426
0.13620626675444472,-0.0022402140302738537,0.07180208334874597
0.06975117544077816,-0.031062107438832587,0.0258464801308756
-0.09121013514883496,-0.0035030295020662267,0.031822142137876874
0.0038449997742201897,0.04329967236291235,-0.02030620392893856
-0.08836520760882229,-0.02458828381276327,-0.021038245233205778
0.015022301331203781,-0.0111927650396209,0.028383118731047284
-0.06562177924775936,-0.007952041687503644,0.09315771800092022
0.046820163817852756,0.062022551590178665,-0.09781824893336281
0.00770312302213059,-0.09568416604748571,-0.030842992848999155
-0.0156261996717013,-0.021229289502118553,-0.02045873781827833
-0.04287368169039189,-0.0019488862918651297,-0.020432181775109037
0.03393960886364371,-0.08139202436272937,0.09096757244619658
0.008982113511044594,-0.03246181631670469,-0.01855201873107406
-0.05075898398501143,-0.04551616334478084,0.08307170499620972
-0.010494710824912743,0.03977624156655594,-0.05956515009910715
-0.07486012496373905,-0.09543479623364175,-0.07501923953130336
-0.09560291624370229,-0.10145437414279157,-0.06808547891156096
-0.13276636695931096,0.04783520018420101,-0.005633977897602737
0.03996229353778433,-0.02102661241279433,0.10806989352135583
-0.02032198960321238,-0.01261154998598385,0.07247341214890415
0.06602346561340659,-0.06340397616065656,-0.02787326188163795
0.01571168845267607,0.0011448461504979931,0.010542545305346478
-0.005559859223038845,0.006866272908190652,0.06465724892666043
0.02211783898562586,0.022468209132831856,0.05004504179009025
-0.09475699611265201,0.025089455280362362,0.04024586744736953
0.03055683506866579,-0.041399165882289854,-0.03081489487376592
-0.10175300743503436,0.0035310443234096538,-0.07167216092447617
-0.020272443739682598,-0.08129063603745515,-0.02576711168568769
0.024303864918465222,-0.025811163663749703,-0.058290570874278046
-0.010734712091087195,-0.06791131318943618,0.008742910881079967
0.028289273718605863,-0.0673631826590328,-0.019071994595566803
0.006129362501073158,0.03730215956822419,0.0648508489767434
-0.016356233361373478,-0.0011046375785635006,-0.03580461734809825
-0.058964082763628675,-0.03658677974286566,0.02741105251152876
-0.013328776087180598,0.0005010641759465482,-0.027371564919929137
0.04814867010917058,0.029728343114498054,-0.00882249088736773
-0.04378194971380757,0.033836258002156165,0.04156675120142648
-0.0011894677846537994,0.017418093741294063,-0.003527502615145472
-0.0069948759301657,0.048737664944443565,0.0025586450572476936
-0.009982687450554648,-0.01973031392718914,-0.030319719795093982
-0.011929150660647522,-0.06224173260957974,-0.07541226833617111
-0.07701401488292842,-0.04063498836519663,-0.10299256180288632
0.020990544539538136,-0.024910447557436127,-0.04279211794261308
0.09848801324604083,-0.028420957109160604,0.04179091822780987
0.006917814019615878,0.032847130973450336,-0.0680017300914713
-0.07041748269351004,-0.01554049820696678,0.003990142675199557
0.008535536051576365,-0.018438150523703484,0.12289450388894699
-0.01851064256698083,-0.07538249165030174,-0.018050548913434824
-0.0328702286858556,0.0717719822172014,-0.08153776084313274
0.029989741854425093,0.004069363629477355,0.02289677399265968
-0.023722579591035894,-0.03502606755048871,-0.038726753158714045
0.035036192014983064,0.05905011067441278,-0.13799463336838744
-0.005123954409677373,-0.02134284226305213,-0.1244260618144326
-0.0482621037533572,0.02453813833998128,0.05260463125719591
0.10847010860581881,0.017772648104322296,-0.05038792868162061
0.029249681820609254,0.02333265369560406,0.07475675478309807
0.06224449575610038,0.0021051093261795443,-0.098280206180904
0.014993867955763112,-0.04947212064861263,-0.02986661701153961
0.029753401732188177,-0.05961347448406153,-0.0031953979416953398
-0.003212963905094837,-0.0028818061959011328,0.08113859836962156
0.008382612719030737,-0.06931919658641669,0.011013184597350345
0.03567786568025484,-0.011367514277470455,0.01105992857945706
0.029639982335181093,-0.002443627596281129,0.05261113181489392
0.03584567383474124,0.001820802278217985,0.05459393952589875
-0.06986070763802496,-0.0907637877145363,-0.15270343117954532
-0.03830281139541662,0.024209271175492333,0.01575948955420914
-0.054216171181019256,0.06400940457289153,0.09264067667317472
0.025924901233123368,-0.06629092163347604,0.08210548318819866
0.1390360851311975,0.07781186581986513,0.015682886093206196
-0.03528240912892548,0.005709908582354874,0.004193995691339949
0.10591465004319585,0.10080254406232134,0.024079349542792367
0.005228596743182697,-0.03220474683704212,0.07693743266559017
-0.009596460279919186,-0.004476419299179598,-0.015552750303412091
-0.05933693863640856,-0.019570252710476025,0.019250777733079875
0.04039560385005041,0.05771051001146019,-0.07557571656945813
0.036367968875462106,0.07464906708632958,-0.03965569137001335
-0.003393668498596897,0.07725896829100468,0.03575701851111658
0.09752752808874673,0.06352161967153136,0.030449776417288833
-0.007004799013331434,-0.04593407976949002,-0.021569009297999944
-0.012023708526080397,0.04930332065885543,0.00011123668952624059
0.06166505240084994,0.046182539639880275,0.05498724459230202
-0.01308921748324596,0.022951078868916147,0.020426553840483183
0.026329541017938163,-0.003372269447352144,-0.021628533840269706
-0.0012088323225387058,-0.00054450050650744,0.04581031173899138
0.07503659653065715,0.023017303163850363,-0.09027308666854084
0.019604613768138796,0.07119801648516692,0.004984003689745067
0.06484539273295906,0.012782086125906016,0.016051884653841948
-0.011924013141599106,0.036122796374615115,0.03478893336798903
-0.09555719885948037,-0.021200941634348214,-0.0001312169051747216
-0.10469160841986924,0.0534730231834595,0.0398158373022842
-0.0388199823808785,-0.04832894723711704,-0.048119477892068094
0.05684733959320328,0.06315855314240101,0.0012696673935063234
-0.005967736517832372,0.07545259099018764,-0.03793590286950456
0.041974623339661656,-0.11450985732469886,-0.04554141900946515
0.008202314623689123,-0.06447812771365502,0.10659238059161165
0.027582564764695734,0.04906997926077435,0.09463971435364568
0.0705873592643375,0.05016569018262983,0.025771841870081243
0.06582555555884875,-0.03417825781087307,0.023901142808903333
-0.019906681981163573,0.06462517923844208,-0.071971251167125
0.10136195886553998,-0.0016347272538205435,0.03177704315135041
0.07348094040623472,-0.015413111235041185,-0.002296886555625186
0.018631425501916838,0.028638592508936557,-0.022331820434304938
-0.01965828555867436,0.08266410378854866,0.09495247919845955
0.0798976932888068,-0.03841983621163761,0.0627164545228252
-0.004464999760856899,0.09112869279572268,0.015538407993856175
0.03948711595211721,-0.015614297832571275,0.1012255502275963
-0.010715405688938761,0.0407555300940937,0.05593280631882007
0.008521112583436949,-0.011233020734265672,0.03034493566398474
0.1050069944735928,0.03086961347980104,0.043232777891593285
-0.030844504788755903,0.08129776346038639,-0.016271300019774497
-0.004489396341516783,0.052413599023779414,0.010676661561878957
0.06802811159804703,0.026200356078113635,-0.033010432631718614
0.05026366350206874,-0.05976090897318394,-0.007284542621041799
-0.007873074894935154,0.013905273460481166,-0.004320040650839657
0.0043170409472403325,-0.08453033548270486,-0.0041171910390519935
0.05224172752359926,-0.04164429389862739,-0.023967141753144537
-0.0058987903071881405,0.06321879047837185,0.04786881909196854
0.09360222743730674,-0.030261270157991165,0.10518305727942871
0.01067651719505294,-0.04238671264979466,0.09489226862838898
0.10817523635877146,0.007912572728567999,-0.011575676139333982
0.009153199224404036,0.09293970532151377,-0.026586795205440595
0.04137967415263325,0.049645293145755345,0.04768913385832787
0.012729912300863577,0.12122229986861204,0.010460775635443032
-0.04897883161250503,-0.023805570993315334,-0.001033936676614309
-0.012698397878696133,0.06225115520327991,0.06250816533254354
0.022673628732101388,0.07936748756723125,0.06313418426743864
0.07507376830537268,0.049471267232489236,0.06732074516387185
0.0392723460012135,0.0020051106051362545,-0.002517519275035473
0.0507201985819202,0.08875284484383482,-0.0045869658141779596
0.07950500363438096,0.016464512723986774,0.047773073466311065
0.07578113784435035,0.10577961003626492,-0.002040173501901117
0.03811289237238994,-0.00375872167201426,0.03357434601348053
-0.02598424841026263,0.03140817345172758,-0.0023870156064465242
0.04730879199260449,0.034034752521391404,-0.039463675408564436
0.06910414430639522,0.14436043006253685,0.009183467544842488
-0.05660191501321718,0.0017852034260132411,0.06022708119558885
-0.03371589193077712,0.035608243851982274,0.08375416369002282
0.017129110297207407,0.054574507001981555,-0.001922008362901434
0.04649174277367532,-0.0032315819780399345,0.041415518666709075
0.0807068745434385,0.09904831999418462,-0.04069446915076824
-0.013188605607644108,0.042834394349001007,0.0057043836716319015
-0.012294516199950329,0.11535710322831236,-0.03750045778779047
-0.08486693446241027,-0.011569338237810891,0.0841936330294995
0.02961555607477778,-0.01069399970710315,-0.01973190076392591
0.05769086411054766,-0.02822050073812511,0.0640541847495542
0.04686605881395499,0.061414083457049296,0.033845972105434
0.060859706385941986,-0.04928221481280079,0.019004449666206687
-0.0190796100499362,0.05358658283736126,-0.030114238548501978
0.0014741317368863784,0.03362650210655073,0.05257384456415447
0.014193834818465995,0.025096408402160316,0.05987661625732266
0.12266649128543985,0.04026569516303623,-0.019456931048390753
-0.055219366802503694,-0.03463229415297549,0.07294406679479427
0.05039615073644757,0.08055378126157697,0.037973585797797596
0.038342687556610744,0.1052179704612195,0.0199196615621996
0.10357596467386451,-0.0320232297602668,-0.003648825559357683
0.0709418443094795,0.010148782071727895,0.03891495932442412
0.05753537468645807,-0.056516522511604814,-3.061193704538903e-05
0.08154827542434255,0.0845522387386734,0.06497222509959626
0.024037208867058197,-0.03595690752032297,0.02048682842179692
0.016329696052547187,0.017875234655544532,0.03480474675739842
0.09346944042004626,0.06745822898853207,-0.05197038269542472
-0.04714555164373365,0.04811140536976811,0.01563723775137475
-0.01092045421874547,0.04286358047322514,-0.0071685971407169785
0.007552779927079941,0.00911758980336606,0.024505875910634523
0.030965414900499574,0.05243506401146223,-0.000504809428325613
0.041405319257154384,-0.013808587071593353,-0.0870434648012704
0.004379268393741788,-0.05535594433175824,0.11638176135144149
0.06169533699695701,0.03157017871046708,0.05267095397312228
0.031539799123602476,-0.005126684261702669,0.02256784453923885
-0.11148414097468812,-0.03310013187290431,0.037119302368040716
0.017071958980534103,0.021796704617702736,0.05484978369786361
0.07887386582179595,-0.00989324230863467,0.06500441825991506
0.03188121797966348,-0.0031416986745801574,0.07915379279629998
0.07081866543278824,0.02848209675477002,0.037765232947878875
0.06485956321250297,0.04534428858704084,-0.02549156486422713
-0.018257808723507955,-0.016517957350253847,0.003417819056392584
0.12222285866886787,-0.013170964719360984,0.00014798471426330506
0.05701910902738294,-0.03125566710445368,0.0018758569037813748
0.018638766786064086,-0.01639704513077585,-0.007498162481691998
-0.05759612391669828,-0.07386573488514189,0.07307319476487113
0.03567934814441834,0.01578824499969055,0.07181883784599566
0.000722351580223721,-0.0934653652985078,0.03645282100217268
0.024318774613061776,0.038774324597305954,0.037765377027780565
0.04870667006137124,0.0464864080945769,-0.024024960135752282
-0.07750703074936563,0.037736517003683336,-0.018397298533370514
-0.062012290560695654,0.019473147329988703,-0.063577543883278
0.02974822321561059,0.07908987981123008,0.03252357956230988
0.041595166845005034,0.02123145171863656,0.0859429741727845
-0.06626390561002524,-0.0667585662159694,0.059448964591132844
0.00038714505886229024,0.017210892374852557,0.06806126990652202
0.093315287234257,0.014079853254548132,0.03188743874192185
-0.035252143432015194,-0.029436231011186517,0.016488625564099572
0.011514700676983257,0.01945676532881531,0.05348944267566584
0.017582161317588794,0.024206302271557123,-0.03714801824851355
0.03929559275407554,0.024425135696335323,0.0057677643300255614
-0.008768538728119096,0.0033864528900392817,0.014201346112884775
0.0062573355031721335,0.0006175231665470505,-0.03034126985809253
0.11633698811828608,0.05278795438059615,0.08929040055305595
0.1119641425954069,0.035640028207636995,0.04687358182776817
-0.05153959680904063,0.05236131501149141,0.03392927339865419
0.0247161197500517,0.0037049560530122306,-0.0013756562728186542
-0.0876008144391239,0.03632617667708076,0.021176188897089436
-0.005930435575586087,0.015502020046399676,-0.0029521628417603866
-0.006264726744821633,0.05940153569612486,-0.0030584204840279784
0.06346089570745944,-0.05285474192626094,0.029397384237850346
0.006057548034319884,-0.021797792383520153,0.053786506378167884
0.06005994748858614,-0.060107941178172856,-0.0004290013831341772
0.036717321421817016,0.0018661203782760778,-0.011679525909275972
-0.013822988078844235,-0.02124466078172267,-0.008139448916465085
0.012497252921361817,-0.05215395566710089,0.0037164338215155933
0.013899032487125986,0.04206247234531617,0.027214589713603538
0.02341369022403178,0.06522243989696955,0.049921219495237756
0.027722417135016525,-0.037701784413407484,0.07763903490634547
-0.0694332617180266,0.08797695708317459,-0.06310380936410986
0.017877466803966652,0.03223224666775169,0.04800747864485033
0.04196886322604209,0.05683517311335814,0.04431989533813739
0.003303896704209963,0.0035255405051305396,-0.00901958534218867
0.011838070083054089,0.09405554545356265,-0.0012145436216019594
-0.013931111214183042,0.023151199460605443,-0.04611039947633983
-0.004785028909503263,0.014542197935429164,0.0359738747351929
0.06963579120062954,-0.05618112650334682,0.019757053831700386
-0.046123285788008804,-0.009524116807678343,0.07207062805009197
0.022777775995527695,0.0981251879149956,-0.05293993107970442
-0.009255892978285427,-0.04915435791831215,-0.03435927558023115
0.0691776876631967,0.07926738789398775,0.011035964111547034
0.1457794396841686,0.011898940629276617,-0.004454060019618027
0.04282257516592196,0.03499207001262723,0.014519589121262676
-0.029949164825377707,-0.058769964680965965,0.0296016842962411
-0.013522502105908605,-0.05255216516807176,0.0058096598468138794
-0.022154216289229717,0.0317597869063357,0.026804063540377388
0.07886969899633964,-0.012710160105149533,-0.05139608851623888
0.03575223998671233,-0.0807122906874222,-0.0666352195785394
-0.0734941717153159,-0.038306103459981464,0.054505568229722856
-0.03718346424824756,0.011121866371989968,-0.019736873003946435
0.009602495198278913,0.016366770743314808,-0.040565203135307606
-0.07166086708062158,0.021141768067371013,-0.1322778830518197
0.09030469203463948,0.008891645836127988,-0.08029739470142276
-0.0500554033905226,-0.0059758622178886014,0.004718465103390621
0.03599954694610396,-0.019403322150432976,0.024042737908929804
-0.014918143035297487,-0.007568398021486518,0.07831066950897811
-0.10019915783139399,-0.08056971337179702,-0.052171696762538425
0.005657702789201615,-0.05180374793582866,0.05967635693943242
-0.0019202287129268067,0.056537876762369564,0.02755030371444369
-0.0004925933850234361,-0.015503208002903786,0.02294519534030091
-0.010591382412053587,-0.11004225877717476,-0.057597181032086685
0.033732543939297255,0.014512744911199282,-0.06111256807730845
0.10759221032969171,-0.060262254479304146,0.02873662615793894
-0.0005536684778725072,-0.013117091331357935,0.0008041531305912641
0.020969060097193497,-0.002679302744046721,0.07201506691470944
-0.07063679397000709,-0.028883036445278436,0.08013593829039999
-0.04525353441548741,-0.02523197186044309,-0.005919628437088614
0.010437876406417846,-0.03820308160981529,-0.02949015205712005
0.11043725904809354,-0.12012926874727768,-0.03509218352647732
0.08940357299325931,0.013770588482621252,-0.054556974557145185
0.020004701082968923,-0.035932343778870994,-0.03495163232639554
0.07793811188115234,0.047735550378175985,0.05485096440345521
0.004348956975386727,-0.013993399731739005,0.06897827045965735
-0.008155850335631685,0.034023485542306636,-0.04339879784392506
0.004465590680735498,0.010823355379110985,-0.01349123869763039
-0.008788357789922322,0.10010116211469687,-0.04128606647034878
0.0018879253210497713,0.00916326476375117,-0.05616554837130624
0.008338954110354981,0.03088487959233119,0.05134434791735256
0.0860530721626526,-0.02356487222131954,0.002415853484710618
-0.034248833033522226,0.07003233991507558,0.048467189611021075
-0.03798869319017864,0.01919050670974895,0.05856298306595392
-0.006875040394780672,0.07364021226434068,0.06261028715121075
-0.09842137953011873,-0.009249113262076631,0.05510781789393089
-0.07116478020935801,-0.044993114183466264,-0.04835982967117847
-0.0385455375625908,-0.017211768796181495,0.01800823638508607
0.014008485638443546,-0.08328194594645447,-0.02037619939680458
0.08493357762247916,-0.029211207128633735,-0.012318577487374135
-0.05773317161255047,-0.04361006329948977,-0.0029167726045378657
-0.014732756841527882,-0.09361105096478266,-0.026826859521888423
-0.11102140273843736,-0.03371542353925408,-0.034789228531673655
-0.053642218797855315,-0.009599357998819932,-0.004781486095484013
-0.014158294903520097,0.07459447212332043,-0.02048363420212717
-0.015756514565916247,0.00839655435539911,0.12148600949836766
-0.08816457191625979,-0.05952943919412658,-0.051713273396279194
0.03320406879505734,0.0016959660052279328,-0.1513223490821894
-0.0035336167739635615,-0.003903843144772344,0.030348585587498166
-0.05255435090487583,0.08068606139600522,0.040970896504562475
0.06946383670983772,-0.014014632451412528,0.08068630988542123
-0.05007607906341195,-0.03878459085085252,0.07888072015061415
0.0023619360909454216,0.012452065350868102,0.0559481263175047
-0.0878477435166246,0.027254566453382027,0.05868325907786233
-0.005974994177647265,0.009448476443300692,0.06117993564457935
-0.1012856966072867,-0.01809625294876599,0.008656521219307519
-0.09375978113595056,0.03102270378683087,0.01093025508074404
-0.033680879743915,-0.04577058515880962,-0.023307791671251497
-0.023275514024977274,-0.06520635260070115,-0.020746428180753795
-0.0039571529209188345,-0.04961126709273076,-0.024694895741315948
-0.047401928780653815,-0.03295088576581175,-0.05108393533918337
-0.006033204689453611,0.020872932257640905,0.04820081663399083
-0.0009831246501100094,-0.047916495827597314,-0.01890779668130997
-0.022641905062898676,0.057011895786719835,-0.03544439836528826
0.0009346188783947804,0.01436190985470409,-0.015189878928538778
0.04641655261403432,-0.04666419052419303,-0.08692836767508909
-0.02608726862617502,0.014702105185356067,-0.02826368129378418
-0.0863369239805031,-0.022857049471227363,-0.009805788543527014
0.02719854604073379,-0.029126073852566846,-0.0010195509713159627
-0.04494823482909198,-0.09576482403503203,-0.021787725894992664
-0.06581116086528899,-0.030962007516684105,-0.03825596758722383
0.08372742782780053,-0.03356997055009585,-0.032452832457446915
-0.04730364958427832,0.0250994413682853,-0.022462700146271043
-0.003467019456509157,0.04247268764240808,-0.01575589359325602
-0.014978007693268259,-0.027473562158184892,-0.020851542385500386
0.001845259224270989,0.018193673760090324,-0.020948101537371207
0.02370319216237173,-0.0879428711155499,-0.0016359019921037207
-0.05357724924216929,0.07924783420381633,0.06471375260263978
-0.08250500547810155,-0.09205217997679428,0.015038409102060064
0.01693362720055645,-0.02341647768720608,-0.028284779254795524
-0.019261002795699447,-0.036383199906571656,-0.059523616318009655
0.04568759168855219,-0.010698634745070146,-0.009167726615298797
-0.005047901712391627,-0.06562877712964553,-0.004844264829540503
-0.16376698869088127,-0.012420613568072843,0.031007621335786596
-0.004366304451869644,0.10464127983061668,-0.020067490577657165
0.006796866212269093,-0.04358946814399117,0.044937523882684335
-0.01261403280008552,-0.054837607833822806,-0.03275473054694696
0.016407668276480335,-0.01573719190385066,-0.07843114702730372
0.01791283456827069,0.0587141708072824,-0.09164328982298695
0.04691679029421063,0.01844974062951187,-0.006936693993901602
-0.08586357879290688,-0.13362642887930312,0.028298115698202075
0.015892048907130824,-0.1150432232009809,0.046082762499936106
-0.009230491528035088,-0.08292734011851297,-0.0538370697140681
-0.08664140662063063,0.04354622948148247,0.0012534709878345533
-0.0018141700807686179,-0.09423604376633829,-0.023125077309244763
-0.08868613099201526,-0.050573189974443426,-0.022843170658193482
-0.0010675833938327446,-0.022900473323757727,-0.07332454392378378
-0.0029235113163297854,0.05669240053246474,-0.04886989926732469
-0.05119892381467194,0.0032583074937783917,0.11329950995597884
0.0003354588471663339,-0.05456909435628253,-0.013839668868588523
0.03568007822360668,0.013310243768903555,0.004027046575361553
-0.16841946979442632,0.034002697028476817,0.05391683693558256
0.00914159814197988,-0.003891565661017754,0.06950057574946525
0.03813294646452906,-0.02318129984459801,0.014609579786902346
0.06176182246049436,-0.015736746588623254,-0.0004703901411522056
-0.06143276125557557,0.00612302892953202,0.03258099509195735
-0.054248395928151526,0.06270683348195719,-0.06335285790023781
0.05502313606409974,-0.027610747105652894,0.02120513237199558
0.08044319452414152,-0.02674517950458502,-0.05491825898967918
-0.07110736795524383,-0.040576709468740535,0.00885808711472881
0.0031206040024411297,-0.05825941963578611,-0.04884612354209347
-0.0060946509017695966,0.06200764264119619,0.038947733361095783
-0.00542262720744606,-0.016508409877672974,0.047566222895968666
0.03810613517692342,-0.10662594003819566,-0.0030015416616032443
-0.07451612304782419,0.02979760999940866,-0.008187208601775684
-0.03311685756463494,0.06370065305786177,-0.0264620141776928
-0.07711828733892906,-0.0011566393830528023,0.11734643466924966
-0.06724641632582337,-0.14593875610453422,-0.13839939315488248
-0.02776434145086186,-0.02091231191808885,-0.06662942894729655
-0.0006362755512451385,-0.010995515872939295,-0.031459005731305334
-0.06222809905921151,-0.004217757087469583,0.08431291657969728
0.017031241158855504,-0.01780287964849717,0.05316183996895295
-0.017791953337711098,-0.048498062348090384,-0.030594350705737735
-0.05582823420126433,0.029774624211870583,-0.020615775866300354
-0.017608809150873053,0.087142211836603,0.0030839743632472966
-0.004939587770091292,0.019242682431594854,-0.10711826532982618
-0.010725032826833248,-0.09517679412519865,-0.07134747110306106
-0.0076555078847886145,-0.08733696136170416,-0.015749596627131275
0.020339432050712394,-0.055820596014023324,-0.0853947646700003
0.03927488426003057,-0.02140973664870722,0.007516182350418694
0.0031222099267330973,-0.09073616265222613,0.013899020844191059
0.0123012969545769,-0.06794761836434551,0.05887622439955088
-0.06915963622027846,-0.0010690306104510529,0.013470375452911944
0.0007954498012747238,0.05980648698728449,-0.03540339511424767
-0.061442064301325844,0.02745017076684863,-0.09867419188831411
-0.06541427531161345,0.0007235546639375312,-0.05667437278070697
-0.020565185432758332,-0.01988192929147396,-0.012264404011585614
-0.01701552479010072,-0.035475851365329866,-0.06895200983974734
0.010045137382574405,0.03143122623313597,-0.023755987761090933
0.013161469474837852,0.031222320758192628,0.01083453128760822
-0.036499950951258714,-0.13696044650447659,0.02123157044989727
-0.021856298825182776,0.0545781977826212,-0.01967002739530388
0.009411200548409996,-0.026310189335420224,0.0650271076707484
0.014286805327593622,0.054315137554252074,-0.011870885122556078
-0.07492452730380092,0.022630813604451995,-0.08027430721815901
0.060920692936505066,-0.03096005261054065,-0.08691680540371184
0.008060964109644454,-0.07100507445003996,-0.029060437226189048
0.03512510104159998,0.08094156432072111,-0.04028829747805092
0.061696577813844175,0.037388248793326,0.03520602973198167
-0.05643396526386954,-0.008601487079608687,-0.09004413747842009
-0.032781706178063294,-0.014853831080181722,0.029462420458892948
-0.001442527266735218,-0.05073374849944699,0.012658372413030732
0.016088424655566983,0.0715360757350394,-0.08928042812525143
-0.022482031595934978,0.023733963313417542,-0.04234007151417289
0.06721020987033464,0.027210048281563336,0.0029154582891157323
-0.002335752485644736,0.06485954563652198,-0.06591097388966854
-0.06417829220721691,0.042466181981913265,-0.11352148065129121
-0.004106846029214177,-0.02410254428766958,0.036551060816912825
-0.020586141183347305,-0.100882256191764,0.012871157051881884
0.1100067021091558,0.060900248953293934,0.016705640792337037
-0.07939923346848327,0.0010741301078525684,0.0010692679821860257
-0.08206523364156247,0.03838843383252817,0.03867737565623747
0.027070928054588966,-0.0092798048331014,0.065850354643464
-0.007658530997188966,-0.01510763889366774,-0.01798058036238156
-0.05114386214042255,-0.09586038043125979,-0.07171389565113476
0.029451652006992204,-0.07538828288883119,-0.03246897390978479
-0.12661297831192245,2.3621261352588588e-05,0.02866925105069965
-0.04499826754534422,-0.019370791892219213,0.01042147801786283
-0.028960424281319765,-0.030240420294406135,0.012821934307411976
-0.03034012394200397,-0.12446379074660509,-0.06013526194221956
-0.08561892694591816,0.025579903890119174,-0.014846462350169941
0.06474266027986683,-0.07798379156038737,-0.007532789442600324
-0.03195983276871017,-0.01330832380159684,-0.03409047831893279
-0.03482601477405762,-0.051298457813884285,0.018663039844111974
0.04245542359608638,-0.004684393892521051,-0.024557973752485494
0.012818378017717609,0.06356539110255296,0.036676511162215326
0.02551128957305976,-0.045202639854203495,-0.001342997506527402
-0.025290693912602483,-0.02768048579571937,-0.0763805934052768
0.0063345062763936755,-0.02774778173526507,-0.05614625644631394
0.0010842207472418468,-0.034543304959446804,-0.0022857039823093624
-0.0687144544615117,0.053019084759151444,0.012477728591252669
0.009911553877642792,0.06620810666647346,-0.0615526052657174
0.06950089203029963,0.11128677975026902,-0.03903507550839361
0.00968928452607418,-0.0328332119217253,-0.04704058158302502
0.00013017051534448907,-0.0770024005989512,0.0522625534840562
0.056748927266542064,0.04050844382588275,0.06930680082000612
-0.08423858914727053,0.03763542497393864,-0.03327970586778678
0.04141555442776007,-0.02056637413285118,0.0647425399514948
-0.07742726497644128,-0.07283543368072659,-0.01532783298657166
0.02319749055940005,-0.047410251286215836,-0.03638508699075611
0.05787213634339631,0.00986515558664483,0.11401654406358354
0.021833977618506938,0.07955190497169427,0.01573660600536675
-0.11818249577665502,0.03978877582158275,-0.05250193363035472
-0.01243331664766405,-0.010522309459836433,-0.0179033505189356
0.04737404527031796,0.003765259847011056,-0.03227675621011617
0.019993393171775203,-0.017447525064710784,-0.001902910140177125
-0.03544552053015141,0.08144379686307687,-0.021786799905468415
-0.014407781994701784,-0.01293042357122674,0.011572379689892689
0.04489290533125738,-0.04627775995365968,-0.02594528454991244
-0.02942238041073555,0.04119669389507062,-0.02496622846593824
0.0033233492033928422,-0.07970022433159285,-0.040310577803731915
0.06907010820718776,-0.09747335088390886,0.005716911435445056
-0.08758731143602778,0.02995598901800917,0.04825630648066675
0.058726236203655684,-0.03333979799120899,-0.09936797678405897
-0.023553442332567762,-0.02190711066292922,-0.04155347187645127
0.04688940089052168,0.08002106075009212,0.021566311913260586
0.06245127069981598,0.12095698062580607,-0.02816494671928356
0.038522634414759754,0.03725496595943125,0.06460893444447456
-0.02181458160963629,-0.00570816583919947,0.04676143439475936
0.04288886524527045,-0.057824775177577656,-0.06410635140280886
-0.008603296871698645,0.031156402263292252,-0.02062880314390592
-0.037453188381818846,-0.0014260988422675914,0.010485325886223666
-0.05614635727211369,0.10591786103810934,0.06337823419897493
0.053826266966513735,0.06994300911136518,0.04076115669776391
0.06358893902813856,0.05894598550230851,-0.08883992174900654
0.028194412264270132,0.012141795064968958,0.09950643151935062
0.054198064034174376,-0.025571544475551235,0.03498703813337735
0.004950888988833514,0.046109936724630714,0.017376333588680463
0.04244780233369189,-0.01651864609350887,0.046504154112907786
0.041929787833289524,0.022772144226526483,0.017644363730454485
-0.0038039291943306507,0.07776395797448767,0.047889510737394274
0.002235888597268484,-0.061965663262839143,0.005524651407707059
0.03584402324260779,0.025437434539341334,0.024618450609998798
0.024616396351188282,0.011802920363908212,0.009446772160587858
0.007629044799874085,-0.13491965169684608,0.008332906645519254
-0.03577660898730419,0.16156733415794097,-0.028462190621960086
0.025611839166469176,-0.004465325428837345,-0.012171778749191455
0.026599660899681625,-0.015491096119975902,-0.030181674756676276
0.08796979863346144,0.018801656794961187,-0.1517036882305017
0.0035300782186367327,0.12814941466316324,0.02285983658774194
-0.04418476968707241,0.0699812582442694,-0.07512758675559117
-0.03194153743453744,-0.026871826183222997,0.05217350737803615
-0.032971080530747085,0.06965802104099539,0.09991911589350358
-0.009394154222202964,0.11771597496398187,-0.07919041816326483
0.0037396702298738167,-0.027746330823529338,-0.060285075523833706
-0.04670305802971859,-0.018264985145199267,-0.0595338797969002
0.022150699780743667,0.0022981083585157432,0.0237566910340287
0.03137589424351751,0.06104419627023365,-0.013549193097334322
-0.04977156996304263,-0.0009200259089512369,-0.02721203065644314
6.422668552485099e-05,0.025535487243965125,-0.09735680212811473
0.040819420242986605,0.009208230114739634,0.016976359320871874
-0.03098100575008933,0.00048451324179187016,0.018416350458044177
0.017948427579120532,0.1015213509403893,-0.07719115276118813
-0.01646845153858975,0.03507677765534696,0.03774335712585729
0.003837552836226863,0.04842595320819036,0.02430002453395788
-0.07463129771972182,0.03150998430882348,-0.04536586189635291
0.09354681593868165,0.12296505746096432,-0.061186146700035485
0.06265672116699443,0.0539213932701909,0.06498804030611155
0.020301255021499542,0.04620413886055197,0.09489547455711489
-0.061918006433803775,-0.06282841233720023,0.05455038497746172
0.041093914621390386,0.08303707673462708,0.062317730987798
0.037113124409590706,-0.05232458623714017,0.020770797029923325
-0.03027501085850981,0.011514116808837476,0.0391442293769331
-0.048615659268430374,0.16512354912292213,-0.017699862966780694
0.025347761455933426,0.026157671955283783,-0.03666410357698499
-0.04856393223004334,0.03089296324840824,0.019029561270906055
-0.009002648598949838,0.03762468198582958,0.021734162429313215
0.007241185751674422,-0.020291587167197804,0.07204351552692087
0.037420867201215444,0.07827514659325387,-0.041764635986391734
0.10243796944218138,0.03704212756408931,0.005079229445267045
0.05708164652200935,0.02723381651503018,0.11424953403560609
0.005496251285997464,0.027452297140905538,0.06297332229996398
0.026799788410404427,-0.011000617454960771,0.041257530442008736
0.11600683988382401,-0.04532489982671657,0.004473437664381231
-0.00572765031261715,-0.06476865203230323,-0.07707249778827976
-0.020915483832094413,-0.018498801460935896,0.09899063045333796
0.0262070943396828,0.012452872871100584,0.01711532634677006
0.029059661681009086,0.06445290990130512,0.022887720256321843
0.13242644090889957,0.039303930077712046,0.04437483558821416
-0.01292406766759355,-0.02863078553797689,0.027054500633545954
-0.02136913903029231,0.03187517533022896,0.005247276683133611
0.1859834718840837,0.0662906207492537,0.016582786467201568
-0.05038112328554468,0.033291466890512926,-0.017342843875083017
0.0318126860894435,0.028670920001695962,0.07222483638358111
-0.005943505816134648,0.04959969632749266,-0.027031226780154034
0.068240004449583,-0.05799168975234042,0.14230448164665851
0.0796170424600387,0.05956780600273634,0.01528185146902242
0.09540630515562977,0.02889036405897876,0.004764596484047468
-0.1032634179650036,0.04454311820460706,-0.014488672901021418
0.00680699128227725,-0.13983487003208328,-0.1040093785094155
-0.03512403023445253,-0.011168992192667988,0.0034293612346409773
0.04032094122339284,0.05988829499841715,0.04267676211232685
0.13400074701190084,-0.03793006743814002,0.010866945302572144
0.087762504808824,0.12220802702738023,-0.014037422432467594
-0.030110522467467416,-0.03621366999069761,0.06276014647548177
0.023018036892453235,0.09901665592600561,-0.02255247141151535
0.09484313644786821,0.0066245508736071,0.1485719911121721
0.03153555285780213,0.0005700498208723453,0.006368612792731975
0.06273828075511619,-0.07004355532287787,0.00020563714464633814
0.0741091736511774,0.000690544655215744,-0.10234294748155454
0.07292005978748974,0.02266684946090147,0.13107388061604897
0.005120604293288762,-0.02079258582150493,0.08717482181928982
0.06889535619513505,-0.0991816544054258,0.07755882706736854
0.015416940881659373,0.04262990433947976,0.047525788008337885
0.03964879728310601,0.05813397962133578,-0.000936367146870027
-0.06665105516502991,-0.09870260695710974,0.03803934980178404
0.03404150189442147,0.010915511226472333,0.030300109256203314
0.03520454893256573,-0.034196811954608455,0.007382228685220801
0.014382972161699967,0.058585142333412846,0.05334727182570909
-0.016507641813632453,0.06230743282580321,0.0052485969969479004
0.04731515505014746,0.001221335404162513,0.08291867401358226
-0.040329744612941726,0.007367983397309411,0.08968354127711455
0.09094714271953552,-0.02440901304079437,0.10028281673498349
0.014651472595855742,0.03482435925950582,-0.020613677605367
-0.02807339738614308,-0.011561389996744383,0.07042587648146345
-0.10152533632573048,0.0456230353242211,-0.005185926779605474
-0.08323481846004765,-0.009437788186259413,-0.02603535372782152
-0.014531768959810204,0.044192900664933345,0.07726958033837145
0.030739287867247642,0.08883315217216621,0.03606849537013861
0.0002987968972647456,-0.06184389857293223,0.033924933216131783
0.03168924194419949,0.0936479649169592,0.07937030271908756
0.019434410773411376,0.015916277066985722,0.12335450396266791
0.006857324046756732,0.070598929973193,0.03466848678972394
-0.037465610246535413,-0.06939026546365712,-0.004974971055824635
0.06447676632839044,0.08277287060825964,0.017788906545743575
0.05958806431919106,0.06939467977753971,0.03476939925545782
-2.0667807277829908e-05,0.03684062410177959,0.08686079625374134
0.04011211605167593,0.04439943166197538,-0.03097590562331352
0.04566683282585983,-0.12713247633192068,-0.005013564932226031
-0.02684907140755904,0.03523378233667255,0.02864043061902597
0.034007155075719664,-0.05939152774739413,0.020886998679759777
-0.0599458332688869,-0.03082165622975633,0.06973193773690281
-0.1005666981996389,0.037410584078351246,-0.007466543270377185
-0.0040919369509995855,0.05828642987215624,0.026140581645974277
-0.05341490556909615,0.019700651087585123,0.026709503611858566
0.05463028109650357,0.01950772669355717,0.04145799949371367
0.04172945806739856,-0.02810522267021337,0.032136218117178025
0.06147717204171114,-0.09684591140987522,0.03643951761645135
0.05222700438032174,0.025091044568210707,0.09024032561015768
-0.06794639171857637,0.04036349887238731,-0.02963535118616238
0.04822472664193563,0.027610418286874175,-0.09042833872319014
0.07159208615840534,0.016138125039121574,0.022300533084223393
0.08470384405969604,0.029581285765606584,-0.08179214120523216
-0.024665245165410857,-0.014880451660097587,0.010935397961725019
0.07115232423494634,0.06079187428557538,0.045909424479623775
-0.007196011032546204,0.07346754783304103,0.006120767643591917
-0.10853580392610211,0.042083307612666446,0.02776012065044792
0.028926352915312804,0.01076057325158683,0.08359472888069605
0.03476868550225344,0.05376551531569348,0.03797662899075798
-0.053229745462944275,0.07566547356039101,-0.10261826458740482
-0.08212608316172294,0.07499562491220671,0.03815943346187481
0.02164979710505611,0.07436312094617639,0.038932600634531786
0.015357125845444346,0.07278799197797872,-0.0025380052147421332
0.031318949498738334,-0.0039101752599480614,0.05330215884597887
-0.06236856204241187,0.08739293880324897,0.03922833547065656
0.022827218863842078,0.07333241177584444,0.007600393708685824
-0.016355819764320906,0.05566290653868791,0.02931269907049793
0.07085367994275395,0.0001802539944697583,-0.014452909842245832
-0.0003146369656659431,-0.03122136101076955,0.0518247739712879
0.013244769075434856,0.03583442611465158,0.03246685031408689
0.01282723563976388,-0.04387220313421992,0.049670196475348385
0.10219697409375811,0.0764630816392248,-0.0805060339710687
0.10932742596183473,-0.023023100856411245,0.07495384106123475
0.03458323198070435,-0.032414434975083846,0.014306099282985877
0.014972813900679784,-0.07971006720277474,-0.009728547428993312
0.01382390663288341,0.013232411230661656,-0.029587018425437227
0.054279393804357146,0.06619522312400433,-0.022812111454567525
-0.02624869232563213,-0.03303498819443014,0.01608320667199932
0.03494612659511341,-0.04534157998964432,0.02106474287896147
0.026673703074148084,0.02341963226846744,0.13359793958069766
-0.03968944673365309,0.028198005603163163,-0.006944438345913554
0.10807697446044359,-0.0007275282479474211,0.06068233635228329
-0.009216066372406118,0.04598843468440485,-0.046987691405387
0.04328313217604909,-0.005539039669578491,-0.007424630130147903
-0.04699839298984799,0.017677276877920894,0.04246966134887572
0.07798014577473188,0.00013272147922992715,0.00787268790779961
-0.002269151381587217,0.10610893109076837,0.012356378767589014
0.02307721408097076,0.02293055640298254,-0.015442027945745415
0.06827365375130041,0.06049524295475286,-0.015166168135706589
0.007505258721788904,-0.0354898777424724,0.049596426216080264
0.05537816524736248,0.050321559365653475,0.12206155412702083
-0.022377300721314976,-0.0069044902482088295,0.03225434928771249
0.0027133774246765018,0.016553577011842277,0.020782419090935245
0.007584243742921149,-0.014060879585912952,-0.0370672368665705
-0.01117699364044232,-0.007965446034754752,0.033944696648292666
0.037745504778263494,0.016280123674107562,0.008372721227894266
0.11664133400026946,0.05265366536133449,0.004403749997955573
-0.005667174067838392,0.10470626435065922,0.06354749359408096
0.016956458595997058,0.059193772885587775,0.024388973691841974
0.021923335547703763,0.04712292153566681,-0.056628727151290865
0.0662320459718199,-0.039457218371403965,-0.053535423580818545
0.020153464076380766,0.04161075100423515,0.03181116238594365
0.0371510348888541,0.012136819902261443,-0.073629534938335
0.05687201798662601,0.026630632610571976,0.017571541797795118
0.015071706657478564,-0.026441129071266303,0.05063823059040413
-0.010864890094535305,0.016306611201258744,0.07568146160345686
0.055275283703462255,-0.04382616457022078,6.868844235780654e-05
-0.00366868832874554,0.03685706853616877,0.042806165474138756
0.02695689181391063,0.07444536955956865,-0.032549027751688386
0.02698339316490025,0.013461423703028792,0.031540690222310735
-0.0450732546846784,-0.05543686740791069,0.004310881184514095
-0.05790167980921115,0.04982424605075738,-0.028390427908049486
-0.008323893993524694,0.003099214745715853,-0.006081434674911087
-0.008481596332419804,-0.0425213520974051,-0.012716341103744155
0.11871801978872089,-0.05882407169368083,-0.04821474208297852
0.037885171549037075,0.016790174956267938,-0.009306988849411633
0.099336849650738,0.04195961142982738,-0.01763194471112115
0.03815540528928002,-0.03595344401424435,0.03461401820839786
-0.017245399346841557,-0.058578426612525304,0.02439502286930224
-0.07258639333048805,0.0030240008919553735,0.013813819796919908
0.04378460403524052,-0.05579645554539351,0.05401270084188722
-0.06123875246966329,0.004447747118725007,-0.01634883998971569
-0.06010012793836,0.06914420645069301,0.015416889604027517
-0.0006172586384460498,0.056672138338524414,0.033563535426216734
-5.6463638999368695e-06,-0.08714845999393102,-0.018950007850458972
-0.005751755795544426,0.026732224886953867,-0.06954528197859965
-0.04570328542031137,-0.09862772629706752,0.01949803579569105
-0.06411572202010095,-0.0021519270662153523,0.03778630760090937
-0.04540936197194149,0.09927890559257939,0.03663829796009291
-0.027510241429757682,0.037583533028823474,-0.012231977413948417
0.05952735639170543,0.03238509777172641,0.015632307904824224
-0.054111670635937706,0.004987819367940232,0.005816569184588818
-0.03946340047647835,-0.08097099014163225,-0.053320582888202434
-0.039742250321416636,0.006779515280637822,-0.07748444739086027
-0.005939443633544293,0.0026219786215125685,0.0018633645523162498
-0.09175545695360815,-0.003230106897749928,0.003870489272945816
-0.05714225721215068,0.04317402382179437,-0.021820249425475547
-0.07290931506119193,0.030212403840449337,0.027184388669324513
-0.008805070166359045,-0.090626916917111,-0.033581619565851976
0.003478282696458147,-0.04055441570238178,-0.03821728874851111
-0.07042909805811545,0.0534787503670379,-0.024622034317661832
0.02005504709818695,-0.01076247409652835,-0.01787068830490833
0.0470112072330599,-0.009178480531225386,-0.1275565088077008
0.06599126955534276,0.009019929641511234,-0.02409370024588442
0.043241170976724724,0.04456075971408535,0.05163373324561352
-0.009181713707507172,-0.032219022316934944,0.035475079753081964
-0.04191108493182463,-0.029117311571657763,0.07782825005738706
-0.02190001471920388,-0.0557005659281399,0.019870616564489723
0.008700344326371953,-0.08662370064558783,0.014364651933191013
-0.07989976448790949,0.0008225717048594497,0.02811805639635086
0.061011276388380914,-0.0301295168770907,0.034831537220109364
0.07282240840796067,-0.007396093432136173,0.021018818627224326
-0.039914284513618746,-0.033139663951245575,-0.0157599813596925
0.03926436339789229,0.11580726681478153,-0.0404351916937456
-0.06263429261767436,0.02939347294916523,-0.10087191876296989
-0.0866086001134291,-0.05170997571184298,0.028072339454756682
-0.027347110683462406,-0.0718735762574199,-0.042584296732132675
-0.027420066999338178,0.06558033554981077,-0.07214819317099569
-0.0655359343602879,-0.017279411017495097,-0.09959370609016728
-0.04739843443463986,0.0010994395855196785,-0.012591278000742173
-0.09185982143639557,0.05015058943415352,0.06208166062774928
0.009663072228562664,0.015257256693473439,-0.06108112105726496
-0.17572141272354072,-0.02691367093675788,-0.010470407755801645
0.12251826511376022,-0.06187193506064123,0.042271911551467915
-0.038108916550907826,-0.07345998286816731,0.03410681890174878
-0.010900872410416837,-0.07358035087859971,-0.00366199921726019
0.058316358527827676,-0.05700587295700707,-0.13998344031017357
-0.07336668889945289,-0.02262023136919338,-0.02552781293886825
0.03902802728376379,-0.031326509216290155,-0.010122443936285738
-0.08912871918719148,-0.04971330985596436,-0.02626193645862436
0.05042182049301284,0.00524284883054728,-0.038311587604795035
0.008972948402421065,-0.043840224544374896,-0.025719975302801255
0.027616575932652807,-0.0077135310001183455,0.03521003358990576
-0.04456857155739384,-0.06692827569362947,-0.05611005469852901
-0.08040351008517516,0.016448825136117416,-0.03135556036789998
-0.0031603688788582815,-0.06384639032579724,-0.08064935744765431
0.023101644978966877,-0.030341263054943033,-0.014728505511070609
-0.09974519112781123,0.004712060276614813,-0.006879213712836532
-0.033211634504411745,-0.11268145220789492,-0.06438743417770793
0.031961711522122196,0.01864908341169736,-0.01442443268398151
0.015892490062535004,-0.03462966712523483,-0.05907585744157705
0.02456973781826796,-0.024251611397424475,0.06632409201892289
-0.04750468176449936,0.0649649328158748,-0.05944613224033606
0.0002531572887373955,-0.018540493764766446,-0.008431519577347116
-0.0009013150609821947,-0.10855037180474211,0.008296101957655917
0.017569564889009716,-0.10461574405673624,0.056834371894716545
-0.050852821471393125,-0.017477225732115045,0.051784608023627984
-0.006743692935870389,-0.025315088755194993,-0.036101225687728916
-0.10452006293756474,-0.0969592395187447,-0.04310112738933117
0.026860005196081137,-0.03700153780673857,-0.012742123920944265
0.03541685828636046,0.029198449774564185,-0.0004394101001617308
0.022164694386845783,0.016599973406949783,0.0018996950937763234
-0.05374320275680707,-0.09230876324672646,-0.0075841236360838764
-0.019512272738963728,-0.01736769498567854,-0.05624030672833426
-0.023369597895267984,-0.043323622074990485,-0.059458260278084804
0.041902834735788645,-0.015692023605763206,-0.022464964681618398
-0.061912171408863674,-0.017412129352497075,0.023684478091672456
0.04135115913306563,-0.036190102329003056,0.0751575276673303
-0.06848182800739108,0.023726048668462625,-0.07353727060065729
-0.063343432679625,-0.07013968451678715,-0.04610611605738458
-0.021910716950309456,-0.022675607712820223,-0.01737161581092069
0.02344015873417341,-0.06371345394643033,-0.007902143178767073
0.01696606956599075,-0.0176435426532306,0.041719688061007926
-0.0008704949191410127,-0.01081073858597036,-0.08411768961917969
0.11147912538858865,-0.082828081228466,0.01733369994630566
-0.04132405994999304,-0.09600944995704495,-0.01849126611198639
-0.024148336086610277,-0.005637028291557104,0.047657283284311514
-0.0012618166677038807,-0.05863766308200609,0.023089806780300634
-0.03876377374026697,-0.06152731061692665,0.016004809973026515
-0.1288981276383167,0.0037541673796179405,-0.007070577938630047
-0.06962148664998484,-0.09944224911645017,-0.04522357871252277
0.032942147280796044,-0.025531155162376043,0.04795743164556465
0.0021024705410267568,-0.06607540968647194,-0.01873423533989073
-0.08609208765455166,-0.011363121172945094,-0.019986828666569516
0.04542359486751722,-0.05028477139958548,0.0036717069922770455
0.055656048380620576,-0.061095950220277424,0.014524956030192243
0.015499369879026201,0.026976932424183513,-0.03318057478152723
-0.002531471659866804,-0.060424694100271355,-0.06013618742757746
-0.00022137149108610032,-0.04938678996805493,0.010957054117599032
0.02048696713410034,-0.003379314023177097,-0.12899211083899895
0.026801209815650522,-0.01770210782887828,-0.04035010453831454
-0.12382721968419694,0.031073627943513794,0.01797041876076047
-0.011136019915758346,-0.0004898632560021605,-0.06417819126788239
-0.0778599969589276,0.09569221536773805,-0.1201318266136121
0.06082276978361145,0.03249211769429927,-0.013739469097984857
-0.05086646683864931,0.0006525709439245235,-0.007919641458727072
-0.11017816841704954,-0.031984650564433566,-0.01817307185428675
-0.028777884184725145,-0.015982474832428876,-0.0855254115858975
0.002614474909616419,-0.045473944902739205,-0.06354338426517066
-0.02743399090788341,-0.04085336029575089,0.09423052172991253
-0.08037091254008535,0.028166943785114824,0.03205757494674298
-0.09057234264865133,0.019317803781820214,-0.024570386820475174
-0.03248121852446151,0.05936541279458575,-0.12050006287458227
-0.03810863593657435,-0.04662101157138071,-0.04855154461552513
-0.0015295227893057373,-0.05600156136542882,0.022151240588597177
0.023103402695102908,0.0350772236518645,-0.10637951883637745
0.07516370485416578,-0.017320501766518413,0.036869550604739953
-0.10538846212237998,-0.01310533595292673,-0.08603758568574119
-0.06648826503008912,-0.10042380891882287,0.09968803913598732
0.0034947316578913604,-0.00039789718632435994,-0.05990428509749005
-0.04590056574794184,-0.09787576620373947,-0.042779399859736306
0.04105827176019758,-0.027132632932033267,0.06166511054420966
-0.025932581277199863,-0.02674354704375488,-0.07829112786344997
0.012125220261343772,-0.016723847683152868,0.04151037676649336
-0.05725834853473316,0.010249370441281831,-0.04990141714792265
0.01578251713855782,-0.011411944976529703,-0.04441862980395432
-0.02271771522847267,0.05884347299679886,-0.06761753151094814
-0.09328861718818007,-0.08854342505913597,0.0069932376643375566
-0.008953068866656871,-0.07557130782987398,0.0058681136052501255
-0.06657265962095561,-0.005760234110952313,-0.03715879647498063
-0.10272683765735426,-0.07610632070610333,-0.10170406941354057
-0.10149816125127674,-0.008963869810273114,0.02027740905693186
0.004332400034036111,-0.04970655876393346,-0.0981560964710965
0.0212067746148628,-0.054087589167297515,-0.045362076563802894
-0.0026741419058869155,-0.0712763866204003,-0.08997867235339249
-0.07905932872829212,0.03969860636505673,0.07802364258651463
0.035532890192090626,-0.0015744547908141497,0.06415901242051739
0.007050942260432541,0.04030728729832654,-0.06102107451932291
0.034471572402214566,-0.029180017735611408,-0.06710689808276646
-0.011655447652036594,0.00011071444880775619,0.00410838610110938
-0.01221962251122257,-0.03358373650042504,-0.011891429454419296
-0.019990945152101446,-0.12383973830999444,0.05283106243659559
-0.017814244175227346,0.007106349354839562,-0.06043230315192966
-0.05220524304883966,0.04724448246973956,-0.022014376015377937
-0.01854372966200964,-0.002098501077519306,-0.02063426263038301
0.017814568411397357,0.04222852463233759,-0.005234877455669827
-0.06744059730391797,0.016394082821982993,-0.03072511818014025
0.00357858266026324,-0.0504745276919142,0.122126760034074
-0.08812103571673001,-0.1294689467060603,-0.07002803997588646
-0.05844281972583337,-0.02784145504291538,0.009717015858852922
-0.0020343366793019717,-0.047256971887058866,-0.07571806278387731
-0.05994158638589409,-0.03735546063762158,0.007538137690275176
-0.05545045255891425,0.003739045311457776,-0.04312665848756818
0.0055839388658831465,-0.008458019169963128,0.05533529342709004
-0.008789990498137938,0.03335990445651609,0.001774353580472678
0.005481314403815158,-0.0712472186903632,-0.103860231229999
0.01923303787614644,0.05994859860215249,-0.013269217604424939
-0.001993763339551839,-0.05371687213425302,0.0009642542185327521
-0.008690928059545903,-0.010451023876169344,0.01012098561942598
0.004472471994199227,0.009898477277741421,0.05679833449912194
-0.12401764845287239,-0.08867211504858322,-0.018011233069155523
-0.03331904864834091,-0.007779912039920166,-0.018422243899676095
0.05434234633239201,0.10097947663742765,-0.00026252368514505936
-0.014270513777456159,-0.044831141488403545,0.04595435308820674
-0.08132328105224525,0.09886536465067934,0.004008704267615895
-0.024160030844591285,0.0035457079915598554,0.02464844284770784
-0.01921978356023782,0.01891041546425947,-0.10353919652712526
0.05777481493865562,0.020171480547986204,0.007515305692050509
0.013277502929777732,-0.026970856381807507,-0.08821673026131231
0.02496096288794237,0.02886629206248212,0.022320348242396426
-0.030739679364306362,-0.048147596501358025,-0.015155149321187715
-0.04699331374611186,0.05125175591510222,-0.08973011428784734
0.031926268324750456,0.0889975871457784,0.040315920436586966
-0.05757337196278479,-0.02262935954323931,0.07267485865725183
0.019640145143805868,0.03494667921384639,-0.04242421660306546
-0.12450698390774408,-0.030869339174109202,0.01549177245845251
0.009525244650547715,-0.0964765234033554,-0.006212922206659246
0.03675460627882672,0.032229375925108585,0.005513278370641368
0.012952097213669064,-0.05351387289926626,-0.09471872392709373
-0.0839633357467591,0.036225531517216934,-0.011925383814003822
-0.0734244678766997,0.012872746164987124,-0.022313490704542662
0.05390702347690414,0.01970751827904061,0.0033525856749328526
-0.031367418259133535,-0.02482863160627713,0.07632461717300235
0.04346078082822818,-0.06764525203530265,-0.016796255320744274
0.014970230542396622,0.06958659163370703,0.014350787221163213
0.07994997937218629,-0.02613456144044309,-0.022596647731539236
-0.025409269661196356,0.026401004789299,0.036464479076578314
0.0682021027506313,-0.04185879537380096,-0.08215785236867273
-0.029481096102689733,0.05595763177268542,0.08736760831462675
-0.07629078877656614,-0.06366574809585325,0.09999849471572586
-0.0015864632663935415,0.026204314581525303,-0.0066264428950057585
0.002853230782637709,-0.07022916432202403,-0.0024468138252479277
-0.07024124054576063,-0.08078498950195942,0.0685808887433882
-0.015299285588915593,0.03174440929652962,-0.07593908742032468
0.0771066035272129,-0.018237273347513436,-0.060731374354244264
0.06574018921014257,0.04433362650464532,0.051104668335260846
-0.010205325847383127,0.011259946854556663,0.07931444267960987
-0.12461932916380417,-0.07921640171436227,-0.0014674052888262578
0.006249606036661015,-0.02999804346023266,-0.04303807923032627
-0.011948063963507706,0.09960017726607619,-0.08008317543295423
-0.024889997079623142,-0.019546161826153402,0.02544135858841241
-0.06690202380291069,-0.00288651648689868,-0.09345995482386227
-0.0037985378884989604,-0.0028764400137839185,0.015061392282762792
0.045484815355591054,-0.012263672965099299,-0.039615192749784145
0.022991524273618807,0.008370484414719475,-0.09921501113880503
-0.07823983484855615,-0.026437096140171337,0.03759276517616925
0.0242616251834224,-0.03381611065289909,-0.02816198806315642
-0.0015632264259893259,0.03723919689007906,-0.016918332936763203
0.04087324365422377,0.01731620820850297,0.010692407662226053
0.009472588354848146,0.017434431143232502,0.07122326012852613
0.05744619179366405,-0.047859878949917514,0.032252372386802855
0.044550113070988606,-0.030988123322810663,0.007388647469928082
0.029521667299511993,-0.022844697821868355,-0.010539928304783083
0.08864840165525806,-0.013633028691706035,-0.07569559370630143
0.00385557457989584,-0.034784762968914355,0.023267664891339055
-0.009899193629635875,-0.07772198326859223,0.0405791739235178
0.04616463008949627,0.027864330051005845,-0.002046248746274536
-0.03728949165959719,0.04264477726677243,0.0444536403519446
-0.04937859424452566,-0.029063108341313842,0.10732252040086941
0.04766792207903203,0.03804685137997721,-0.03569322351754593
0.002299243527186145,-0.07643980369109568,-0.03455144501502398
0.011456562045557341,-0.0030093946761868707,0.010382996639871429
-0.055259104946298654,-0.018034994151564444,0.0444525037905303
0.06747778017794223,0.058147197026612224,0.05905751404193235
-0.008582177867282513,0.01962888334828837,0.028424261236637095
-0.03853016443939073,0.10240433234531918,-0.051972524234827365
0.008393352236329333,2.792343447751821e-05,0.06972510895647525
-0.04824321034909792,0.0026466660461745848,0.1318621078037643
-0.016794058851739697,-0.0327891431608966,0.04727617957077595
0.03446054531479323,0.0046014351674244286,-0.07392917336710664
-0.028383976256690792,-0.017193260454512825,-0.09906633040543376
0.03497070632712157,-0.013854734762888333,0.09995927504885903
0.06605464708531657,0.03470096072736499,0.08157847984257632
-0.04248083212600616,0.1161189710490714,-0.003601875676526811
0.04686210391890219,0.04559164067210847,0.01698274145466829
-0.025356306363883946,-0.031292061160794464,-0.020146738312363896
-0.030574445891309622,0.050627970054860784,-0.022950484570417283
0.17101194264329853,0.03940469424643157,0.05983644529341643
0.09119927824835357,-0.06607987267861078,0.03479384379086449
-0.07196159975806479,0.04541538910348504,0.07857444689398087
0.03432633646111742,-0.030749296237649975,0.03955733154945622
-0.029841285971899632,-0.03503978767595699,-0.04438379492571255
-0.014374995208023947,-0.04385174284473407,0.07244905672076317
-0.05200285072256712,0.030305920151278812,0.017090712851399032
0.045995080130971866,-0.006097184123594546,-0.03520265979767058
-0.07073321678769288,0.07194684909007541,0.02868853565223939
0.06459353189765363,0.03849661159176972,-0.004725721983891557
-0.0393043161371689,0.03428939242994068,0.026129207607331017
-0.0019023076318351595,-0.09445093014235746,-0.039244170018309925
0.0727712582188872,-0.08257260462130281,-0.03328240587965672
-0.09238229745444025,-0.04246956633584318,0.07440930791145682
0.03644760668963313,0.05912025157062988,-0.09759494549688698
-0.0505323342986705,0.018118942003190634,0.045543464360981854
-0.05814684342156055,0.03431869939807471,0.053498972292845996
-0.0453059957994696,-0.03810044767503769,-0.0004974088787604337
0.0028540917295975764,0.03866798473929535,0.010369853655089127
0.058893022665553796,0.009843321445547327,-0.004996791113196135
0.05140960194988298,0.016155254921578946,0.022078936233182654
-0.020061014854549458,0.07704224846504677,0.016371125197359858
-0.052984361058150894,0.026424541050352884,0.07358246060557727
0.07260601614328638,0.04111871025880301,0.050672772991221575
0.014320467527637578,-0.10314839050350216,-0.11586297857869317
0.02838112940581127,0.04789901178974781,-0.06633371970627197
-0.02568223192270929,0.03569845662179296,-0.005656733587497584
-0.0396872638398024,-0.0029678277932150294,-0.05198955463751139
-0.03918879639677572,0.08460046002573479,0.10175262624902548
-0.05071296748106912,-0.006819657873149865,0.03939955570752757
0.036600669652387084,-0.00468632116563452,-0.027466619116619656
0.03984745682935974,-0.061150092503661796,-0.0162798076879512
-0.040577949739900566,-0.05472648320815538,0.009143145064562179
-0.009428201382647737,0.07833126383762898,0.06115391508409672
-0.002051901266715738,0.0902967145623024,0.0435345997074766
0.07282027841540988,-0.04921538233418454,0.018868210773940682
-4.5897569765938895e-05,0.03384798919671171,-0.1309582205709648
0.08591051541300015,0.05406525902180958,0.03694593694188888
0.014027370536077199,0.04694463246412929,0.0013801741816330017
0.07223587215205071,-0.15038343786763214,-0.06616118991544939
0.0764802659829988,0.038011280540632866,-0.0777629236487382
0.13617283681108894,-0.041703626515529196,0.08839522710507705
0.00454650016514562,0.043974572605865014,0.10250904949990217
0.08261743593434517,-0.012002852955785445,0.09284062018089453
0.026290703447699494,-0.05926094238062961,0.024240071337048984
-0.025424838086490372,-0.023362174254004903,-0.006645910390685253
-0.019266724085257526,0.027908897252702798,0.10091353664263152
-0.05329234981368641,-0.04802252243445723,0.014896794228278873
0.07659267937395263,0.06314978709068272,0.0029739083331906807
0.0025608531403794425,-0.030362891584462245,-0.003999241780740487
-0.013687655162449762,0.030945106043974976,0.03431217006458593
0.04911438563278766,-0.05887103905583201,0.0663570921774155
-0.02077207537322967,0.051717074715984294,-0.10897397899709424
-0.03837519894247993,0.017611052945018343,-0.05617827626475799
-0.004505555344756142,-0.09665699066253107,0.0440233727489142
0.06336890284465367,0.01821379773150422,0.01133593367764112
-0.029931074578180884,0.17533615422682977,0.05067365562130856
0.03843388109202056,-0.005870021229748428,0.013230383826735227
0.043157302084252856,0.13479576463636053,0.04801187183139248
-0.007392115652031347,0.025677717651913713,-0.06326676089639725
-0.028912787905796166,0.10427993302806877,0.03824212336302528
-0.007922606420987157,0.02043582094482802,0.0487745593369598
0.04772923074262201,0.07523241655999048,0.0706191512011138
0.023371425476966547,-0.00815505529462605,-0.019678401864698214
-0.01729458799383889,0.11385138784107442,-0.039361451782752827
-0.010779685696714263,0.09151230518066202,-0.03969336093856109
0.014660534762005906,0.023384483457454863,0.07334670341067964
0.04298479178294191,-0.024346325217068955,0.071441565142191
0.13455116702925113,-0.05266048116006092,0.05399631832461035
0.020255742587077477,-0.02578943860653578,-0.025132486917631012
0.03827083092113716,0.013273117399625714,-0.0059200480822872645
-0.03158161404667843,0.08065294192752749,0.017152728053959423
-0.04483277348601523,-0.007895925107052702,0.00697669732978453
0.08928567964589634,0.062039433610999783,0.031641193272790594
-0.056713216340544104,-0.05970891614113426,0.03527517924441862
0.01492738072509706,0.030081840517118263,-0.022141721969908847
-0.08888706383146089,-0.022401962646315134,0.03486360689828371
-0.10601579427597556,0.023785682290665203,0.0661732048081747
-0.045830378859790355,0.043444776097431886,0.0269121443949077
-0.09970789963240603,0.030093113351507883,0.05847412227607912
0.039414556371028864,-0.0015304523019034622,0.11903207192046075
0.05585263617890067,0.013486957352439701,-0.03704288827327954
0.04933487867789897,0.07173245695093776,-0.015450800068921671
0.09532903321518213,0.06149447052773495,0.019246653330454486
0.0008918120333890438,0.05805479604944924,-0.004045020087609402
0.010161821372877697,0.02451943395318525,-0.022680675795960285
-0.027514474530346774,0.039292946884040274,-0.015600693814326567
0.003176215804409039,0.029859047246915495,-0.03268938210487858
0.05763395930420359,0.03012675224597562,0.041586478311299566
0.09504157440019982,0.11151785869716176,0.027548635908026337
0.04743906102299879,-0.051676475390692415,0.13113326374749001
0.0012747453830782955,-0.0208113181571564,-0.009473829609066987
0.09571623365626454,0.03141050376743154,-0.025481871092454967
0.09610854102831595,-0.009411459909001413,0.018144869609628796
0.07658239644902254,-0.022682207796566902,0.006995597721495715
0.008957356375723367,0.039762592588950665,-0.02307939539923568
-0.030463820987641065,0.050031988475812625,-0.0433423287224273
0.041379663231354384,0.09159660190121004,0.07274605648302071
0.028214667408444877,0.15305354822237263,0.0636908658467901
0.0010579604389297365,-0.04396243632647755,0.02677611607879541
-0.03921805954738913,0.0677646984662506,0.0838702568605909
0.013634251586473078,0.07533840966373719,-0.027948051546123454
-0.005292996285430843,-0.01782575540450172,0.07338242893063988
-0.023173036468902123,0.03286328602806136,0.061856040502020454
-0.0024227436017266284,0.007309188074494962,-0.0682876205022474
0.0043615726832697075,-0.00781301208932533,0.10897176894131684
0.038136978151705206,-0.04340722655194012,0.007188628589441226
-0.003798369950120027,-0.004188537474464692,0.007606594624771682
0.009311717515669747,0.040572116250700396,0.008702461704796915
-0.05943108162283971,0.006394607220323938,-0.04337116848746847
0.09004946908010619,0.012790547746827126,-0.0948826835916618
-0.011461752927262505,0.05751127218010067,0.08800923404358232
0.03401556767555755,-0.020572024326110088,0.06302660127814819
0.09833297380436654,0.007908969738048008,0.038920153437866624
0.043363072059349805,0.03977178358456698,0.04388605532766198
0.010152726661346482,0.05437606676889269,-0.00997844515857259
0.02761339310466617,-0.06058873687253091,-0.007815681905147719
0.02272005159531627,-0.0029347192196032476,-0.03134116830430311
0.06484235787845155,-0.053631744146955686,0.015913222406565012
-0.013887800594009032,0.013562099431079812,0.01856477093376656
0.019360587315801814,-0.0037486458912815365,0.08401678014676678
-0.003620365461945217,0.04195955265064414,-0.016716073829134682
-0.030371457377792906,0.010337074185577175,0.050284967481158724
-0.011498891588820883,0.011852868287380443,-0.030075912248611184
-0.03431319750936901,0.07304112016133102,0.010347014896518635
0.10000986609021689,0.08577734629464638,-0.007369946086054452
-0.08255631528213402,0.05286990691857416,0.050313772559818795
-0.021678001736130374,0.022822516453996036,-0.03831586649689378
0.060711944077499136,-0.10077518102824295,0.06484015229256498
-0.006128737610856666,-0.03666800845425118,-0.006332566408504211
0.0014787690055275433,0.05008628994317885,-0.002722997137086831
-0.031554604032971924,0.04675349199508478,-0.018585388039719448
0.04491651019811476,-0.0341050629947864,-0.04171522653798253
0.011226341353077367,0.03422288779194049,0.014212279123294666
-0.05480224898270176,-0.035993016274576496,0.016316348309069566
0.018978568454684236,-0.04458775705818113,0.0032654736355508616
0.02462499936293394,0.07959684068250823,-0.0029368423369119153
0.06643697786947264,0.12895039125201935,0.0050853223394180195
-0.1290146396937154,-0.09585929285307965,-0.03403082061452914
-0.019160108314981,-0.01832310725489946,-0.04207301983583741
0.1080181371272595,-0.021491073710880795,-0.002773508841536808
0.03249547457050644,0.04532202939059393,-0.07918766969365659
-0.041595856291936004,-0.024678759413007293,0.04609306610153273
0.055239277735640115,-0.00884179107236638,0.004004305186780911
-0.007563568479533754,-0.015375156654573017,0.03667325632738277
0.028211103397510873,-0.005916951281071826,-0.08597726572251323
0.004679031412257752,0.06624735440443844,-0.007774172664949239
-0.07451722979655333,0.0387608913291887,0.10410919380783745
0.028672895510970572,0.000705639460296531,-0.084404507572654
0.03182137272689331,0.02267894721627433,-0.023544985117419256
-0.04161007141950021,0.0712073124572143,0.009097044110415502
-0.03719835910952596,0.06702840755357357,0.02197915692388558
0.02214082990104361,0.024137548456578624,-0.053530673921529714
0.06493024942152315,0.018822107441874736,-0.03671226240704719
-0.028396695476644584,-0.006052539049413615,0.01546931183048967
-0.052102016693469755,0.04948759477091767,0.04374018791010829
-0.05930964162223645,0.011734051121037474,-0.00043976287502367137
-0.005512741359057522,-0.07272485196764157,-0.04661026248436477
0.09166120787129382,0.08424908776419067,0.046320218873476426
-0.034032065708141705,0.009017519461616549,-0.009305149857753676
0.005673136131419868,-0.10980710484527668,-0.06691513677795358
-0.09361780907347492,0.018947048544505372,0.03222085606662985
0.015849577218100215,0.032641681114625856,-0.033364867304555415
0.07006672195793007,-0.09672396578483207,0.059804964036231735
0.001156417118494025,-0.07335585655906715,0.01186146779242834
-0.0024190544885108155,-0.051105423240040436,0.058186012456777486
7.347162223555006e-05,0.04882135892969183,-0.014546909791432498
-0.06326207728300977,-0.07312527804419054,0.09477189940928457
-0.04221089069459878,0.04136968276752097,0.025247817149357112
-0.08048531021701695,0.046441805404703995,0.05940850854974293
-0.012089087012611193,-0.02900841461203711,0.019362465934580263
-0.00033770460979402905,0.016638862170964837,-0.037768337468538096
-0.07347102089082996,0.07492360636674014,0.08362673954581214
0.015104154164252172,0.035348853466500976,0.0108861525539813
0.013086976375253368,-0.019523675463559535,0.03417259421361429
0.0036980659952188504,-0.0769200585145511,0.02289899289669523
-0.037213251011188636,-0.0456601672925566,-0.0027256914324010617
-0.08845502494866801,0.10483075076862756,-0.013623750418966515
-0.06465436017534536,-0.049489882405199435,0.0011435253847134992
0.02727624160815064,-0.06849849496266204,0.00017909117291337127
0.08397181017987213,-0.0866090865786642,0.0021443827110912248
0.062003007887964354,-0.013691522954269883,0.024236212406940114
-0.03753711483269977,-0.017185084812923135,-0.042728644684351315
-0.019032835431559307,-0.0007314284829837083,0.03779936325464443
0.006660184882985279,-0.0615443248018919,-0.020284660696475623
0.035230481369847105,-0.0026675794785241177,-0.02889818082691384
0.05306189382958834,-0.024988741528568562,-0.0026889703717810844
-0.008974666920931048,0.03826109010400445,-0.024983454942587087
0.003361874331572431,-0.029604530632444094,-0.016640556834628187
0.06001786577541229,0.10240561015305462,0.07808805297935206
-0.019318886886255812,-0.03759569981302128,0.036153587372269314
0.033525333614227666,-0.0035559696202486987,-0.0015150876616571796
0.017793416370191967,-0.04844891623616974,-0.03829687975914064
-0.024740104088990324,-0.013163146620804651,-0.02446384262099836
0.054825050061538136,0.019748911162107044,0.02280464086448481
-0.014725503424806378,-0.058769878339235776,-0.012276861099559486
0.01139914288190172,0.04634101127517836,-0.10961238518483438
-0.03815618323945936,-0.13555663744788488,0.015551409087195987
0.003171559447105841,0.11416857900419099,-0.03565356278764134
-0.06136660397684679,-0.057610267189497855,0.08227537863059878
-0.08334527126874762,-0.05413877635425028,-0.01686444510950967
0.06269572034045792,-0.01771031128920572,-0.031396029549182566
-0.06396265485260412,0.02824066248946421,0.06570027044371485
0.03466157601074369,0.025667125814702485,0.010050937580954203
-0.002713101057314442,-0.10807020915032375,0.005443474743733948
-0.049383235414622154,0.0003076180273758732,0.037359176176458314
0.03942542605054959,-0.04321956543954204,-0.027058251122186218
0.01347036903887889,-0.030536185354631797,-0.05921873168475776
-0.06627859428170992,-0.023660714997761734,-0.008615185781148022
-0.11595413910218455,-0.07121228505326688,-0.031116810717993687
-0.08764160352459029,-0.017343668243411447,-0.02388080009084483
-0.05868449290536448,-0.02200802847995752,0.11547054645075268
0.10059984783811261,0.00431415909483502,0.06723435130387996
-0.05392521397679822,-0.0840427145807027,-0.03758200294739401
-0.07257302500481765,0.005181774708381458,-0.07271823609424542
-0.03813089362758913,-0.01006397367320504,-0.06734407651232215
-0.026923402235573598,-0.06064961018608117,-0.025163436748823022
-0.06796503827055164,-0.06847378837254606,-0.03525963197777418
0.007669598739982738,-0.03364155275330396,0.013033814190062158
0.009185458191242496,-0.05711899423487218,0.021494172866373694
0.055886615204512394,0.004040164800447081,-0.0015622201024067407
-0.03772833291402733,-0.035289808580373325,0.04182387287511353
-0.03997582345417749,0.04963073313406917,-0.09120194420579639
0.015486457433708288,-0.014731638282274861,-0.092670883534185
-0.05839852244315497,-0.004750173885953652,-0.1234767492449361
0.09087514285209139,0.06607352186971185,0.04533940147166522
-0.04827325898776308,0.055795665756107254,-0.006026993334140588
0.011799259748820873,6.345200655589675e-05,0.007755940274207458
-0.0776212278256064,0.044979190318666956,-0.024391935288428077
-0.1340605003574648,-0.032824845842898805,-0.06354877731557997
0.022140429812819353,-0.007383598739209083,-0.09089637068224844
0.0029456269241102707,-0.0532976837296992,0.0545435003663077
-0.05105370871033327,0.0045270945028925876,-0.09527016099236259
0.046197273000062176,-0.0206422517298497,0.032094547911152946
-0.05215079731133172,-0.09861680082213056,0.03193870068302833
-0.06403401120288853,-0.057035724919157905,-0.03645845650404938
-0.007546006101546779,-0.032663596300216195,0.015255053311703511
0.06417327082331456,-0.024311103605141413,-0.06891535611280122
0.01832458049670795,-0.03870728952600056,0.04821129523219557
0.0031745511232834506,0.009351027663548457,-0.038582588042221255
0.027696974973533083,0.01678279687926144,0.04941905646141126
-0.07923306393826252,-0.03255518238685649,-0.0013216585234163275
-0.05113081090408837,0.08603833969098773,0.0008437120920739491
0.07469331031118309,0.05183003929820735,0.042285715850424836
0.07239724250198089,-0.05432800384544956,-0.10080126158117628
0.04687039761795892,-0.05165990718148076,-0.10762504919956792
-0.04834380870745501,0.006752402314604725,-0.08423890628461239
0.0010896680547421156,0.048739424046887345,-0.03531646890529627
-0.05471476354176394,0.019454737848820593,0.013919003236393546
0.047528416306170246,-0.04149465164358833,0.024575936590199247
-0.05287341344571884,-0.06919520827193815,0.09262908358753627
-0.09194630846812536,0.0797181001655426,-0.06308421149823198
-0.01633868311521486,0.107261374047504,-0.07841547700146359
-0.07969944875719961,-0.014823825791577705,-0.049137708761672075
-0.0782693453392201,0.07078886218131056,-0.013062726260157073
0.01232058735446628,-0.02444033414970408,-0.034630371480303915
0.007670016715873647,0.06835394152788751,0.020571311123380488
-0.08716758086838926,0.00011408761034137696,-0.09855123966655281
0.03390330772128193,-0.005828951145534202,-0.017034956891287232
-0.04535028069095072,-0.11127215285691198,-0.06426109123463503
0.00964841295490091,-0.05089153463002534,0.04226030167975284
-0.04872553828780854,-0.023878565679938714,-0.021855381877200812
-0.015188424443950762,0.01805771230058613,0.020524353593631257
-0.05649458205416118,-0.03439978501543231,0.04635470198216905
-0.0029777730876673625,0.055327966998080354,-0.012884381740025302
0.08856378912504144,-0.016481937416932692,-0.08195325831564795
-0.033060377494030485,0.07316162515774141,-0.010206037831229293
0.016295360874966074,-0.05617233530120972,0.027219021561266307
0.0015570751781295855,-0.025078816348043476,-0.11972280169289123
0.03896614578988804,-0.004140777846966943,-0.11338730054384466
-0.07782774038958862,-0.04291996758426352,-0.04488142177323635
-0.006781830060154077,0.07241895432347771,0.01695737178130392
-0.011096366505546778,0.013503377354600048,-0.059166531466761985
-0.008423934335707846,0.011519856746186573,-0.02019836975767011
-0.05089799744184665,0.01246507533564574,-0.026446705571263857
-0.01738087167828326,-0.023068242086810478,-0.0017236540420390231
0.02301842027286443,0.03744998748252076,0.0939788350041004
-0.01588288574335513,-0.04425699065463437,0.023193670756214636
-0.018594753468153254,-0.15109372221696138,-0.035600224814508814
-0.04054720805359756,0.00203086491547131,0.04361881932251524
-0.03380102260831259,-0.035127249692939747,0.04856506050633845
-0.002890165731397245,-0.05250659262961703,-0.0345017817211516
-0.03875741031173566,-0.09020870056805042,-0.06266291193285257
-0.041669012714678724,0.058214765684177036,-0.03297534321382936
-0.030862952186189885,-0.0967181939381549,0.006444519296428374
-0.032743165742334886,0.03440866816571621,0.06464601342981824
-0.04761482043141077,-0.05026166227497171,-0.017565931371646522
0.026895038991526427,-0.029346676258894464,-0.06603268405197898
-0.006466119646769981,0.061839643272599776,0.07709122219133424
0.017188069208713564,-0.08480849082844993,0.011650952836562003
-0.06641176850014152,-0.03714887735604433,-0.002152671781736993
-0.04054539559115429,0.04925236190311021,-0.06290497530919148
-0.048337436326573856,0.020345418988638928,-0.030696042002177376
-0.05205901444938789,-0.11957796708928953,-0.01072306644429054
0.040328315137653226,-0.09890553955444409,-0.10518735551836843
-0.15475167171552953,-0.0258086509720328,-0.03447088672588089
0.02975474299966899,-0.07540601291545064,-0.045271284008936624
-0.06543058192840298,-0.12519479108416204,-0.11152451763407079
-0.08779164252335947,0.032255089095812,0.09951965232173825
0.05310100710344109,-0.12081275884198794,-0.04974115114628553
-0.032511883053651824,0.08636026448224803,0.030073840168909207
-0.10441148968715264,-0.03932151642379249,0.02256430229840576
0.08254694203318719,0.042654130376511334,-0.012696226787601413
0.010311722374388866,0.013835784487513398,0.08473671391315335
-0.12803029964725177,-0.12071123407628871,-0.016053780621236472
-0.08287565540877045,0.024278851145093573,-0.04744794164256376
0.08940827317448187,-0.025661794624542093,-0.06490503065271792
-0.02914901199273292,-0.046932522842079105,0.07217412000325203
0.030914941030858224,-0.02816321528491122,-0.047124792681687774
-0.006430819008226592,0.08201950432338762,-0.10759912406116212
-0.016679391110440762,-0.05535305844823875,0.04280257770576233
-0.014383901966637688,-0.07527903368245825,0.028199893369467162
0.024070581229971695,-0.01953897485795423,-0.0004826344868481113
0.01095187109070465,-0.04496937240950655,-0.061727227687710634
-0.03653326185318415,-0.061896013884929185,-0.01464070660074141
0.05534837245425685,0.010656617363107987,-0.05814514600601418
-0.10230146471133776,0.05342903136000948,-0.14208595064324814
-0.12970442717471528,0.014261496675494936,-0.018537621659852198
0.008539144809160513,-0.005772985619938898,-0.0019335122053343173
0.006513136228404718,0.09314683925553911,0.04632144868353136
0.005251598092256907,-0.024327252067100336,-0.04183649256612726
-0.0991988032490096,-0.08906227818250631,0.007207409652714079
-0.028377168012361287,-0.03397954267519456,-0.11958984607782089
0.0126537663234454,0.0171054510305918,-0.018338005120781768
-0.004919956594135504,-0.03066045746214026,-0.027959146154381997
0.06194804357394869,-0.03745437155757626,0.007719861142342969
-0.00723394927217473,-0.04162760673706714,0.06105518319507079
-0.030352746402903093,-0.0422469127966151,-0.021691696204877285
0.07409047534065072,-0.08162503918976742,-0.020372840020060377
-0.022962690139044027,-0.051325948246484746,-0.08113454604745057
-0.024945135555958953,0.0007026771295895393,-0.0890575281027002
-0.037519279919174225,-0.03685009715527484,0.021972430396301965
-0.11851718643867883,-0.06677426918218525,-0.032488158459458134
-0.011425590588497049,-0.006221940386973383,-0.05304911664952641
-0.11436658724229365,-0.01641706340044546,-0.008015604041099272
-0.04937949581859975,0.01781586292998226,-0.05147495878780977
-0.05438641651667851,0.0033487965476451456,-0.04610907706978781
-0.10185782809365057,0.051468789579371566,-0.02514702258197724
-0.03985085083589074,-0.0011155015515205424,0.002906774166221841
-0.0927966715512685,0.015861498032961312,0.015580346741381989
-0.028395840395439853,0.03364550373903134,-0.0849421538974038
-0.016965191872626684,-0.04711175388438618,0.0025408730148666694
0.02413074354282238,-0.05993600357973848,0.013848727406983915
-0.022986914314359765,-0.002661610566571295,0.0037166438983462884
-0.021980971719631707,-0.004551819348913742,-0.017247214492587717
-0.05363250960312049,-0.03863815590459395,-0.0010027363308233303
-0.009752099435844503,0.056660041903945094,0.06587688423369223
0.014149545750244127,-0.04571758707317502,-0.000857323497329779
-0.04693352875444275,-0.018802494561931393,-0.047988207941632235
-0.02052118605388666,0.017307391266520124,-0.0005500825370364365
-0.04813799710250275,-0.09251807679126792,-0.10645658507554816
0.10096956219089397,0.06533629027520438,-0.02849303088001509
-0.09397478179240126,-0.03136445468615386,-0.07687475394362799
0.04452944606434189,0.06612463625783499,0.025539508408381394
0.0053713255610342465,0.04244087688212512,0.031527026314898364
0.03674423600411639,-0.07269064612594299,0.08767339922090876
0.03133047430714041,-0.078895901336315,0.052852895401389065
-0.007437504089486886,-0.016481221066356667,-0.0017905273318121334
-0.028151581848365997,-0.05317918140948229,0.04047707186886373
-0.0621703451908592,-0.12185426600505302,0.03466549588043155
-0.07775508301950869,-0.01084004039132598,0.007126069672107474
0.009958112656867555,0.0982561719755652,-0.017965026406687172
-0.02825869647358939,0.014253934949704604,0.03727900625403123
0.05340957912891264,0.0028540206489292784,-0.0036771148171738455
0.027824235735688374,-0.03497332441467349,0.0625076246413321
0.03817802588500214,-0.05738790930873707,0.05622808589825996
0.052046673894128405,-0.028991590119202666,0.07121406719756494
0.026214366612424718,-0.07151707264668429,0.03371940605449226
-0.035256158401461984,0.009045775634051696,-0.027552429181931445
0.006420950182646752,0.1288114468987964,-0.0709343620721667
0.035863207251495666,-0.0759167722125665,0.028524704971727603
0.017486598570051352,0.06421178930164073,-0.011852404954003772
0.004516317185409936,-0.0010000799022259923,0.07024042097244934
-0.08689280732145073,0.03289082929085577,-0.0988819813043036
0.011248522953857795,0.08519891451614998,-0.025962791363901644
-0.040335729431340034,0.07048805567358404,0.04707383732455303
-0.004486891450948181,0.02630889481758073,0.011834583373237667
0.02658667237351728,0.09629410464180632,0.17064804506297376
-0.025483834361755588,-0.03224270272407882,-0.11833728459499693
0.0016758593441374373,-0.008781642619858828,0.0440742107570664
-0.056881576281044254,-0.05018468444878683,0.006342320144286423
-0.07914119799334182,-0.020070471006658725,-0.04724635049366703
0.023751115355023836,0.020849085313892513,-0.05208896095266654
0.0006028495983852098,0.0008809671953909403,-0.02134742681828758
0.008130696819977424,-0.07178701377633559,0.006038784266608029
0.07870737338962865,0.09459238289154533,0.047444792350120356
-0.018827917782164524,-0.03371077473929063,-0.016424561257520478
-0.04586415667084553,0.062058237552576424,0.05754811273359658
-0.015363538375800305,0.0731823887917006,0.07190354638812807
0.07188599810143509,-0.08257762390783635,0.047731486537503344
-0.10150361323301257,-0.04862625225624956,-0.052447971763109516
-0.014516285194339314,-0.043077323991512415,0.04051768839149378
-0.04478656118279173,0.04451586169534282,0.060714678697261354
0.06069403636754444,0.09861542318903659,0.0029839006387575705
-0.12434207237739105,-0.02816533644366363,-0.05231169234650921
-0.03362125204702003,-0.008786223520448245,0.042223145768672046
-0.01473687023739086,0.04509559913844962,-0.007369713272450458
0.029040155934476085,0.011466641486087215,0.06137384873751802
-0.010635403187349285,0.00801071911266199,-0.040477992203789455
0.02157209984315904,0.018053891343565436,0.02397857197317494
-0.03301562927110639,0.05288436831504554,0.011334273954118861
0.06258924124744947,-0.0591342974926021,0.04176412166913961
-0.01122415880783812,-0.04822887889907197,0.030737878142346117
-0.027858634862667188,-0.04296071048236437,0.056816573959829676
-0.02865831345199553,0.027155527976167666,0.07797961726864863
0.05584296502308274,-0.06314130951369638,-0.016788017618767127
0.04090832276787636,0.03933481607656002,-0.027666447390487393
0.02795939587401808,0.06739332995043676,0.029713368812255104
-0.024629352529111997,-0.014784364214355139,-0.07116109688257317
-0.10534291154586353,0.05369102865579696,0.05008946825417694
-0.03894355811956556,0.0024281376536403054,-0.031114517094890673
-0.015671217654582587,-0.01302343069665238,0.06464831555044906
-0.10074507533598735,-0.01608658117486961,0.0002251525616785953
-0.024651381332507334,0.030292068163125487,0.006792264584320261
-0.04573553682989143,-0.03225134407919688,0.020512564893778305
-0.043216678656449375,0.08526632948753606,-0.05398611288337174
0.041602246080595186,-0.0630681432395788,0.1337149509950914
0.04810049431775032,0.014926016793382638,-0.08125952862680565
0.09687717018356456,0.05854751496274623,-0.020071951876846766
0.11786136183669536,0.04019608191966734,0.032002135796159195
-0.035837506199376166,-0.0035055762655185393,0.047187203899044475
0.0507476738088889,-0.0342283995706818,0.046372197000869
0.06510587833319391,0.037778758300607465,0.037912757180229656
-0.014795525645263251,0.07413361860935921,-0.07016054230000726
-0.0024171396026839327,-0.10312131088013399,0.0024184702981072687
-0.0011477412149441465,0.024154204877215264,0.051542544148399747
0.011857530055856661,0.036880306553941644,0.001549204257173144
0.005160391174573051,0.009772871569429084,0.08012414981609428
0.04148369258880844,0.007949100386846809,-0.010198099296420429
0.05106529996624852,0.010052987299026962,-0.06838174737460728
0.02803078804883611,-0.011006899217409688,0.0025528809709145974
-0.025851844693060066,-0.012608644770978991,-0.018354462984371524
0.01096314277258173,-0.011840793217371567,0.1076756456016588
0.05014151736580351,-0.012692274104751402,0.09418234499936391
0.02048563004450859,-0.08617758061821522,0.026080669544421987
0.09534771885511553,0.04030971941402666,0.11137668414900777
0.05752183551798783,0.10927225188547793,-0.0512038458541594
0.1326222774979323,0.07385505436086472,0.02823189589597032
0.0015899851746774066,0.04701003289238982,-0.023283381305353144
0.014421671881656968,0.04226727658801055,0.18434581457427127
0.0288247376260544,0.08052318405309558,0.011712827364518237
0.10030452143258865,0.03184527850962336,-0.04354429606230916
-0.0008916656485265032,0.06250789559139786,0.004525220476557663
-0.0381918006142936,0.025947089488442855,-0.0599429423501502
0.05284821480500267,0.0016792560668901675,-0.0015759960102333624
-0.009788492694767097,-0.012700570848842789,0.0008465832247392079
0.08635779334139967,0.0724935477958604,-0.04003478896726388
0.007431697590572349,0.0020861530762537953,-0.04342613403982534
0.01915793136987323,-0.0337062791052882,0.059751899382173665
0.02683746310654836,0.1331481841147849,-0.0028568984125514306
0.05560139811179031,0.01950485758551449,0.02390421144706196
-0.006717794528933445,0.031196780771715373,0.04616334312970837
0.12511058332068986,0.03511487185964828,0.027056913265402535
0.027083776499075216,-0.03840757969002634,-0.010319727209487237
0.07874149083802189,-0.017856603728558868,0.08866647935447454
0.022771516557822433,0.12049230869134823,-0.013771116207529403
0.022645535925655397,-0.018618643693827947,0.02202781121194574
0.016647701195470536,-0.06248487193762317,0.026540567692798705
-0.06115406081606416,-0.07038973350627413,-0.04162899985470522
0.029463982889887063,-0.04517392660197163,0.058774361842048886
0.007443565155660119,-0.0241123579155319,-0.033494752624009846
0.03970371562276686,0.01528919708071735,-0.01118949509333626
0.036110446904244614,-0.06069855838734511,0.015943735489411522
-0.047798209291307,0.0027593117612531755,0.020589887819892145
0.03953103750597255,-0.014094432104407664,0.018687641050791612
-0.04484655439562808,0.029997500645429238,0.058551070838307726
-0.03965965872179862,0.110808505874678,-0.05379064292761135
0.020761292507001705,0.057524406121886786,0.050708934865859395
-0.014916208832783818,-0.0029821165098693377,-0.030909563334681128
-0.009632135147498517,0.07089341943590344,-0.0022410455755549653
0.046307804902410515,0.0239123141582179,0.005607530382025737
-0.023591137406169107,0.03800640372849159,0.031512824429974814
0.030325169853586822,0.1072759340302191,-0.0014684445815328108
0.05059944534493497,0.011378780223827583,0.02284188529663082
0.04188584364943263,0.040658588830249046,0.018829546163523003
-0.02143141342320599,0.0012153523032508405,0.06789378840069622
0.05610944441448673,0.047475079032773274,-0.006307614352243623
-0.004599178187857326,0.05007225911627354,0.05642776942174936
0.03807979559825325,0.08877391835094142,0.09619246294660679
0.03652386714642988,0.0042597275189703646,0.02920401567761865
0.022442360894026993,0.014928559028739425,0.0175837787752001
0.044339519951085274,0.03397213987586922,0.0009078923058237105
-0.06047382374118276,0.08280267781644857,0.11451572132229115
0.02433632437386468,0.06987145204276074,0.04096132358169994
0.017747808007607845,-0.0404385785799528,0.0012255557052260092
0.012975633852911159,0.08332138783529072,0.11024444304126464
-0.015188147715163702,-0.06836231883803394,-0.05240288348184072
0.0026783124687991024,0.005887811601415046,0.027139879656717214
0.015596073517946011,0.03870560386220502,-0.03200332571590617
0.02953734059623464,0.047809714377715286,0.001975625857685636
0.04608196238111836,-0.03104581291492357,0.004371647816290748
0.051337084153148665,-0.04234862831937679,-0.012739839759186033
0.1089917209331677,0.07119288537585505,-0.09548268952878472
-0.0020321255040477854,0.04095448252209214,0.011308176195728364
-0.045514235595578045,-0.04692260687585008,0.06131336893541352
0.07068899908003622,0.037750349932751004,0.08361193644690706
0.06704182372178,-0.026403503233415688,0.023936346704835427
0.10379742480281838,0.0805353191717784,-0.036444667116273595
-0.007524066214470812,0.07058205298547424,0.06029687791265986
0.11791317606601365,-0.028643337245694116,0.05585099786260203
-0.02370536008190061,0.08554020251906391,-0.026742977873006914
-0.08825576728181636,-0.03184177330747506,-0.033252503026938704
0.0006347730824555926,-0.06155949253536218,0.0213167427854878
0.04629809415738295,0.05196158867215975,0.07265529598810841
0.0091881800885096,0.02450209701650947,0.11881015149308424
0.017795394592790156,-0.05990558609391213,0.15255004772542122
0.05356630219098425,0.05485805396315757,0.011982508924039448
0.009097593902690514,0.08903375290834546,-0.06633913021562875
0.041232385758036054,0.07283821287233289,0.12685971802772006
-0.003866663974811342,-0.004384612706479218,-0.05947795252202512
0.02484031403135105,0.015729064782219845,0.06082285209625936
0.015369123357903303,0.06638851079742725,0.04190361678778036
0.04532549080158038,0.06657132158862454,0.11701099388719438
0.0656021886489925,0.10918640978304917,-0.0006777109561604613
-0.03127342871945224,0.021401577887956776,-0.057074232360204875
0.0007856666771221717,0.007101933518622056,0.0622776031072171
0.12477901447732775,0.045311543425918976,-0.06967651682924698
0.06431407034805799,-0.035920215533804985,0.028543800736011156
0.03865401553636938,-0.03235198593762526,0.06068001793048083
0.046148288568748856,-0.11654693627278279,0.09693546370140582
-0.04393620138635926,0.0018586895929752247,0.020822309105867076
-0.027972830396748166,0.009692614622439179,0.0038033588462190668
0.00542739994902653,-0.007016942952088491,-0.046716398328003214
0.004748218222265536,-0.0008223304614198602,0.09121602280630581
-0.01137844679945315,0.023204046042388585,-0.05843102267390712
0.06829323536350293,0.060636027324502614,-0.06199694354676766
-0.008710301195421424,-0.09462155619251934,0.02951625272516293
-0.04928804343542078,0.05086346364577205,0.003945947707726256
-0.03607843795217244,0.05291512218973749,0.014970281522363427
-0.02903916818713658,0.0201747758953258,-0.0054373073244822785
0.02867607160935725,-0.043556473546930666,0.013076072103363291
0.0068221939483489695,0.08327713068379147,-0.03437033380440338
0.057374398130610516,0.02091983588190506,0.02603196909278453
0.004062648968992892,0.02891874596666573,-0.047926476880364347
0.007352747886317346,0.082000060299676,0.04362978304299456
0.034699380766518906,0.0491864600575633,-0.014413000734374326
-0.05071869483452085,-0.0026513247510823214,0.01113460985582346
0.018972824819098892,0.030626441808368193,0.015961273971929972
0.00939392117781889,0.040640102960945536,-0.018841446103695893
0.022945199200591633,0.005472236000369095,0.08849432947355215
-0.07387983334739295,0.02814945419181978,0.012397153245165382
-0.06997200041979657,-0.011315167034053344,0.020946016331829784
0.04719476103175177,0.1291209337608235,-0.049118041841031336
0.04177465026445802,0.05218422049624887,0.03464978455431092
0.02556253805236401,0.03076482767062056,0.004184725591279618
0.10399606192510762,0.026134757879331512,0.07072897671807296
0.05482684379762252,0.011732164837235085,-0.013757047653000544
0.011603738330104982,-0.053252800815642015,-0.02837855501475854
0.009396773292922846,-0.0029337622516119877,-0.01989358072129521
0.04416815639692384,-0.08949989049789586,0.008733895986237233
0.04370606303275517,-0.03826937362299175,0.021587919284151044
0.006798352435618005,-0.009977741891081861,0.026454544670627397
-0.06710428993040543,0.051868894641599494,-0.009502352727178372
0.007204629457868348,-0.022022265314134832,-0.03941347740744485
0.0014882398928169065,-0.04816853309575176,-0.07033002906233199
-0.04409153916002738,0.01703976414499975,0.04467968690229858
-0.03523486234795086,-0.013605670546327487,0.021987685982221797
0.04566357728628585,0.036910764121253214,0.08119735385040006
-0.02139997761491258,0.011739479498979993,-0.1003050448794983
0.009286177193437448,0.09386365489006383,0.0849930572857472
-0.03464131304911789,-0.04440622951200778,0.01713551119161619
-0.03893942511818256,0.032843941153278926,0.11145812796686547
0.019761401207318757,-0.0025077176702787596,-0.005806724810334448
0.040803294178255525,0.10050532818854324,0.005847806207353451
0.040280811815986764,0.06913253582849167,-0.018660993025035644
0.06278078081943472,-0.0027660825129573845,0.03199401610008041
0.07969830347772443,0.005298286802615777,-0.01920858457871161
0.05361661347976233,-0.043995389092972334,-0.018903961787717104
-0.02021278199485122,0.042484195739535074,0.050032973304232745
0.061055577455099354,-0.010754915522790265,0.009874344592616373
0.024218191054507402,-0.04764756218623456,-0.06305751492615205
0.033100662828852136,0.025279543636869527,0.02471695032480789
-0.02985600764294412,-0.05365280209004158,-0.02639196004142388
0.017538108356458543,-0.06406902795669407,-0.023455166632218763
-0.009955416399843611,0.011318547397873779,-0.06622847058338024
-0.009795946048178664,0.03374023692574373,0.09355670941657808
-0.02918021916248592,0.030964971479209506,-0.05917554423550006
-0.06922234340961704,0.004995486190320151,-0.0754340215955196
-0.041290015617836025,-0.02699581725907658,-0.05704569327356647
0.005459986026113877,0.05822307204608428,0.008352155716369911
-0.04655961841888818,0.0071152968280480365,0.006855333143556184
0.012220639544579444,0.06931366504845672,0.02929264776005557
0.012722008597219978,-0.040956523490238955,0.034848822454800886
-0.03660530446436425,0.02129262782560853,0.026780145974042848
-0.055785743080324024,-0.00518885665975333,-0.010451304222599118
-0.005796888971042559,-0.006438210785051173,0.015445446098418067
-0.03519938610775923,-0.043052433054696214,0.07258844904916013
0.09344084362685229,0.05626651790993388,-0.01664572231664062
-0.03014497772819024,-0.15455261439954654,0.03394314964118836
-0.015778924181486437,0.0018734653337152572,-0.03417150230628557
-0.030559296207043785,-0.021032794871581703,-0.04348849024003051
-0.020393863458178892,0.005999080908799403,0.006309121041060752
-0.09138191797935646,0.06042622354673543,0.0561671805279662
-0.04449456936428465,0.016562774973723535,0.025949822506973433
0.025326385517332742,-0.0063693014554898515,0.055333815293389335
-0.09980411825965599,-0.01867374071885719,0.041160037347554204
-0.15977651528098905,0.028177745925727273,-0.017137745570591206
0.019991444192058026,-0.043455581381354864,-0.01986213189872718
0.021669414342435408,-0.05956174811341573,0.025700627181104028
0.050453480610557266,-0.11707902940554839,0.02477450762333686
0.0471514021757159,-0.13936390856246714,-0.06252623822166281
0.03484844258368197,-0.02355258448172868,0.07451729199996224
0.003431111617308259,-0.015565788023985224,0.02646784368936561
-0.037554794982099945,-0.04289701553480857,-0.0732208841625448
-0.012020173738022404,-0.0090511986459863,0.0026900453917697176
-0.05057284785414224,0.009773131517191573,0.05604639965397809
-0.04371335236632452,0.0652153133248837,0.02381621306956426
-0.028292770180423733,-0.04435250864036633,-0.0846925363934697
-0.05667095404758141,0.00287512237748231,-0.009443348034557694
-0.026395429697790886,-0.04245477171956935,-0.03743857772629691
0.0019885383736868815,0.017333719717211274,0.08330828069354623
-0.003122448458438745,-0.00947870155944602,-0.024210613541628435
-0.06978202707767978,0.005896458984387381,-0.11538376475100794
0.07061312925046744,0.012892378204950447,-0.06121585796391823
-0.0455582241801345,0.017173757138758135,0.04418122750330568
0.010293847273204048,0.03554907104837521,0.02257646993677395
0.02474674208174833,-0.035068034027512955,0.011262114467900347
-0.04734343266578198,-0.09605716677332854,-0.1017792492798549
-0.1416875745051831,0.14658386222128222,-0.013271270550652855
-0.018973108205348147,-0.027026922943409276,-0.08572363061268974
-0.047723439103468455,-0.08565900072845836,-0.016117729221084065
-0.07647537482354679,0.008293010752505322,0.014023287371323832
-0.019976929915019315,0.14434187658940303,0.08611781683638792
-0.06900496878091451,-0.02610826156934626,-0.008194370812500263
-0.05338271827081417,-0.0004398153254999461,-0.05136522922889988
-0.0566968309130954,0.010911434229086631,-0.07232853418610706
-0.057140150095448455,0.010514582031121381,-0.04368666857499142
0.04065580733725242,0.054860317346803356,0.03761519771568375
-0.012760065815797115,0.041522600248572836,-0.09086664105079204
0.04934006390867225,0.03974498398026083,-0.0448067554859851
-0.02800837117973984,0.011534627271692313,-0.005578419716681545
-0.09595826637138413,0.024910901898261863,-0.04551516538754269
-0.01941027086455342,-0.11510420201025974,-0.0012073406181538505
0.07551966463918461,-0.046560453867117865,0.01973415443512067
-0.04205266371954201,0.010995525587319473,0.000814974376598495
-0.02266741130341097,0.02351242089521623,-0.06493012885509425
-0.06967215239385885,0.00929375726508714,-0.06042118852240835
0.020845211848700692,-0.0521598854631318,0.09289792754667492
0.08168197781775452,0.030725874762360886,-0.006130303379990442
0.040948296306519125,-0.10867794825482253,-0.07718698279463469
0.03272211423059044,0.04200910409359626,0.02650466048179928
0.03877620874035208,-0.10778578437401944,0.0043639790484353985
-0.019314391605676808,-0.01200934230938134,-0.03641586302776306
0.06362652484045869,-0.0439547080726869,0.034052375196491395
-0.02335211438359423,-0.060773934513433776,-0.004187926929482952
-0.09017348028751193,-0.09851385083459885,-0.029183575242389286
-0.0027147863892759555,0.015399782535219755,0.02023512025881263
-0.04676014009546896,-0.021985521405929652,0.08118190061431163
0.05097985526481463,-0.15083687699606593,-0.038235540160895184
0.016600202774805894,-0.06302461583465407,0.026055636082496426
0.004997427886783742,0.02463423116984378,-0.0016137665111317888
-0.0001246307441897035,-0.07097345403894936,0.022331063955176218
-0.05749835364333983,0.05264785336954794,-0.01640300454332424
0.04160774662629809,0.016652302958877624,-0.04284223253241361
-0.047372892163299915,-0.07629261258222214,0.07753618676781232
-0.0394561132913373,0.01815468753690865,0.04457138366428165
-0.057024298460393086,-0.042504880629306956,0.0751522946731652
0.06456637251525435,0.00901449828605157,0.0847558646108341
-0.03758126119399352,-0.021479143029457918,-0.005770381153691814
0.06597511129850246,0.011606854374453156,-0.027155187189097704
-0.03999218568011281,-0.041434800461209995,0.023749778721547026
-0.0014036300972015414,-0.007351100022343154,-0.05648233440685537
0.037262684059281265,-0.03403109885945637,0.04237472781126073
-0.0028228164252701166,0.021202565677136062,-0.0027680195104413698
-0.028072505052799755,-0.08963473821018587,-0.0324719949414227
-0.02363846887198508,-0.041394911071898674,-0.05131466526622283
-0.05435746190327002,-0.0925486829285053,-0.0923423926213125
0.06570041048200548,-0.03358844045132275,-0.01697260622756222
0.06519436953446917,0.0029800796893320637,-0.03358795272218433
-0.08361696156427159,0.007464372748688275,-0.06305875052447431
-0.025384131392145397,0.01654286913063973,-0.032214030414797805
-0.015726030615633508,-0.08685514674358266,0.03443440693202883
-0.06537400313092322,-0.039935973438579166,-0.011074300878778535
-0.05116123496252726,0.04176025296879217,-0.00785220713082151
0.01802675359866876,-0.03736930261692227,-0.012646209304181335
-0.05366060144438761,-0.005123826531397729,0.012866588371655337
0.03741616674832876,0.08383568471102018,-0.09489991324170795
-0.02891716960880776,0.007909881991849648,0.019104298648433892
0.01856430792165745,-0.009335012470673983,0.029357072201129684
0.050267278318523796,0.0019352857145127772,0.03163139639228412
-0.030585802801064436,0.054073415932420835,-0.08657129665325433
-0.06879493892341626,0.01741450202824941,0.028927668386072403
0.0008500466161928399,0.07988129199321563,-0.04749336490967168
-0.02381019812798317,0.03409415831714771,-0.04973875762768162
0.06789591997095304,0.049357189167429316,-0.023776361668369494
-0.029100454856999757,0.0182862922628011,0.025967533367782385
0.027087640582575928,-0.0336033888766756,0.003375103022530093
0.015672486128932586,-0.04624045074698491,-0.05365218402072452
-0.0908846789909002,-0.025360711149582396,-0.04057217572575598
0.030864170696369916,-0.062420250252583055,0.024767769826477888
0.009344256336176311,-0.09081332539743307,0.057730948195643464
0.012935575541365058,-0.08139709833391605,-0.015264942365848293
-0.07732568091086571,-0.04587052319273968,0.007391833630575228
0.027978149061764615,-0.05107288331390748,0.046678777279294766
-0.08652095456384469,0.026887709895996214,-0.14906044847006347
-0.02142060996851136,-0.029584300626790648,-0.03432877516795474
0.03417915564821522,-0.07315284429127811,-0.00856010416067704
-0.03875969029466232,0.042741440648912034,-0.06073651391690609
0.02881116375235205,-0.013886337087726922,0.04175325782503046
0.016601717215145678,-0.06353874202017369,-0.06398270937431198
-0.002670410486502923,-0.11320498625310618,-0.08326134967798737
-0.0758597513885636,0.07322243163103694,-0.03931291473938135
-0.042391774255457454,-0.07051784010935974,-0.04721473486709
-0.037798955413234865,-0.07865115763662162,-0.07146026524444797
-0.08965527070456764,0.058159209823166094,0.016854817520536077
-0.04168647645484756,-0.005798763202016902,0.039251357253317964
0.09543904551954194,-0.041483461426732565,0.011193777969873281
-0.050789891382864064,0.009349175079684687,0.05098723068304659
-0.07431165959433544,-0.07285773837422643,-0.013938656260041616
-0.0003878445952373334,-0.05581240828024794,-0.026502169835908855
-0.03689621221851856,0.05141820034520676,-0.006775477193178055
0.04179918979461701,0.020757740408045625,-0.08216277877440116
-0.022431485488327903,-0.04278173172349156,0.010509647309960228
-0.022638647382491696,0.012153654121215624,-0.12763626765058064
-0.031667242237753704,-0.06227173405068595,0.027163041749810952
-0.08186337648910644,0.0504925025273943,0.07286258430491051
0.03701803708565942,-0.05956487681185803,0.06933145474273149
0.07557733898534952,-0.04516099936500438,0.0002917906887821061
0.0020589351388333923,-0.020789292276836346,0.026718298663606067
-0.033208676475898855,0.0015462256844609081,-0.046728243201860184
-0.04420396990228101,0.09074127825691002,-0.11357685654348647
-0.06004626006900125,-0.05564367841480687,-0.023636742081726843
0.024220481423562742,-0.020068248726411345,-0.027661541439722808
0.020388865632427436,-0.01312387472115134,0.000324084899800672
0.0025447281790921296,0.01687026123015997,0.03816937859738337
0.05154540881404721,-0.0800696810927852,-0.1269879195258783
0.04467929669962497,-0.022093534845757292,-0.05075897844236042
0.07296707871189138,0.05204849544557805,-0.011388691527396452
-0.16274139893675135,-0.13214262024874845,-0.020007392979661427
0.07881675490841313,-0.011272654954476892,0.008121016065831412
-0.04203473286733835,0.028673239545468174,0.01599192408753835
-0.01976021606371242,-0.03170825592587371,0.026968742121614077
-0.042383070050235755,-0.0888734619221425,-0.09825725452079204
0.02712149609981316,-0.024479855558586144,0.06618285539193103
0.027672543815033812,-0.06882978377015019,0.005748082641747912
0.05637507812430953,-0.06383534705419502,-0.006228019413769562
-0.03608200495098226,0.017241020457069094,-0.01909960804626254
-0.0074250740235791415,-0.02986862273220281,0.02687500027445336
0.03928549147901545,0.10933632832942788,-0.04286979408439037
-0.09266839668745915,-0.018952388044803287,-0.007979717060647719
-0.04522920744243819,0.06375967556152627,0.05878756974745475
-0.04832017233177394,-0.02847033129013815,-0.0525634716645323
-0.022074274575133404,0.08098920010069056,0.03278660304874691
0.03340011328769976,-0.03630803821295102,-0.013631790582466176
-0.04863979637027883,-0.0009433353293453045,0.007569014235673828
0.019603448896553778,0.053609875718026466,0.03426154940540833
-0.03796269817039074,0.0014022329698166053,0.023809555383650233
-0.02827168553947049,0.02146461000964289,-0.013469093968719818
-0.03445830213096697,0.0424446398384817,0.0567007750450621
-0.04061823906279348,0.04390660495013623,-0.02425210091922802
-0.034887327562173664,-0.01004990932745199,0.05139762381834932
-0.06970109099164268,-0.033361874345430045,0.015219905036683287
0.029354053872958873,0.06257944408628606,-0.03522700492040645
-0.008418153702523506,-0.039453367756522445,0.055250305029880556
0.002935686154088151,-0.01046675547107398,0.023939865523060995
0.028129941676071052,0.016600474714714493,0.06611622615548518
-0.041951893064124626,0.01660269439009691,0.01924707781893432
0.04657293175209388,-0.04732780839564266,0.026923092915591605
-0.019265490545126242,-0.016896872851340762,-0.023936060503700226
-0.043801259856521,0.07312557725459615,-0.05042905945495058
-0.006929599783559979,-0.04201824974637971,0.005554582320539561
-0.005839202710888787,-0.04084631834283131,-0.008452553161675834
0.00855046776204794,0.1126568012659108,-0.07685031109205145
-0.017764059265496266,0.09269327583540522,-0.05060099822050577
-0.08483465223955154,-0.014338448175534934,-0.0900475091275777
0.13302448710484352,0.01875705996649249,0.04197056545667663
-0.05785836077123256,-0.057249541518557066,0.04340903638423794
-0.035042710093212574,-0.029441627480237854,-0.0810810761459452
0.021716994061506564,-0.08876173519763535,0.06128629717150364
-0.02033927545551227,-0.023358840406732136,-0.006377373583632843
0.07934592990878418,0.05581429996442093,-0.06991925001079229
-0.08361455249610328,0.024698135237949403,-0.0378594044082931
-0.08532996719967385,-0.006409473546708853,-0.0068762093829939815
0.046251576978491124,-0.07888678425338244,-0.023090904596364235
0.07332569040242243,0.05225212194637433,0.01796792786012721
0.07460484511937403,0.0554584095649049,0.001925392520221129
-0.07519782608417347,0.03644020771952325,-0.018049047136564883
-0.0329201747771684,0.05484151421747379,-0.06785096877214476
0.04072140999784429,-0.07724157191259569,0.0394462443029157
0.008778389575860879,-0.01894356247539267,0.022006638263591706
0.0028031300436920604,0.010647798447850312,0.021348398657167804
-0.007311216041520624,-0.03731791992548329,-0.05656406100350219
-0.06383743458478235,-0.018119879960363888,0.07495459931419698
-0.10546803136878743,-0.00862748433671245,0.052805678917260755
-0.045496034282735916,-0.10283843176813134,0.006276698129689729
-0.08577444176145789,-0.04537585388112562,-0.01856949278157026
0.13409315506121414,-0.04477923914527154,0.06054004927088561
0.029580177897552212,0.0002749836431104142,0.04507930201886486
-0.006975703929944765,0.0008420262761576281,0.07444679689660975
0.11158826358062222,-0.011551050771721761,0.049885084732326584
0.014055484642775683,-0.06321179145971989,0.016329981332640707
-0.01450419353323005,0.0047671297754802375,-0.04325837204712446
0.016658284637976414,0.039366184220873776,0.10600927451487632
-0.04398619164322125,-0.0063776484414335595,0.007854015717160817
0.04203796897792052,0.019587547629008113,0.0539421198531337
0.025637587641744345,-0.05795411935853253,0.054699875387296544
0.03016918786384648,0.05948908543544584,0.009129909013810581
-0.03280488180207909,0.01613767311751927,0.06399103408239522
-0.025569627502048754,-0.00408670023271932,0.04706864232478196
-0.07813509533668535,0.04501902049749903,-0.020798104503000063
-0.03573196160508905,0.02719283163204221,-0.018902756450392508
0.05868365141081697,-0.052421974238440625,-0.03617420321826237
0.030622909754358402,0.001868013979077588,-0.021437037022045604
-0.03815775564204461,-0.0041980849101127884,-0.01491295104670708
-0.01089742313523448,0.08380593893568704,0.06264029530716853
-0.13765341883760088,-0.01288563970968473,-0.03602778834493332
0.04649237012193406,0.03328502968109662,-0.04841099824324754
0.03229500538282522,-0.028475376002941984,-0.07153958856816904
-0.0065960872600406475,-0.010487895998700631,-0.01352736707183669
0.0003206402418394448,-0.008577692562315218,-0.04648178560339253
0.045964446250941156,0.08854236069374384,-0.022241992799518828
0.001212374371066102,-0.012703191139236335,0.12723986569727838
-0.14589420442350817,0.016910091031174055,-0.03649953106816723
-0.05504772744671846,-0.0038755990084142246,-0.04915642540100381
-0.04531444661898941,0.10964409311460263,0.06878493301443452
-0.03787287563680445,0.06724971760756443,0.10556813847973129
0.00988985090524966,0.053889283020074785,0.02013228124546533
-0.021923440073255647,0.10341751476720336,0.02089008634824361
0.026597591508598074,-0.08081471795276185,-0.08278246064096431
-0.10301293827105788,0.013408436417176789,-0.02981700989232942
0.0493508905254737,0.06624892020268143,-0.003024310268351
0.021696524872841013,0.10935127667961078,-0.024174749977983245
-0.013375967171077054,-0.021037824976133164,0.10161119847142139
0.013564394437875396,0.011457862329983734,0.12103549659250581
0.07914043368441034,0.002575739286440006,-0.07784754905836488
0.029488106037091823,0.07227052916004491,0.03611333556990527
-0.012804807547552787,0.07495660517542813,0.10587358205156139
-0.059418064066894066,-0.055446748476054145,-0.02800594480266214
0.08766848433580066,0.09454549582620524,-0.03862252818774978
0.02165904316830121,0.05332766121140362,-0.011394408154425384
0.06863993650287718,-0.04171534244076791,-0.005556949663477549
-0.09882425655744735,0.06767368796665153,-0.00906315358250609
0.11987825643012734,-0.020260177002771627,-0.0704617692365532
-0.014075738859115138,0.0642437924378349,0.04478069713220401
0.06553626028625247,0.07483731332139412,-0.0052230198831884275
-0.012227723616850258,0.06952327910948347,-0.010534827057402739
-0.02739981079776857,0.08549102549346974,-0.0367104993457053
0.01503292972188567,0.028614149332606184,-0.06104460880719919
-0.02589602674302094,0.03648912584261692,-0.029573515298245534
-0.011100039493091785,-0.11676261432406228,0.07391933721816568
-0.031006798487152133,-0.0008454411824611908,0.04162955651234278
0.014953987455544498,-0.0037157723828411676,-0.019621967021563845
0.064207837765575,0.07315075357739059,-0.09234189976860485
-0.00739703217527124,-0.0181843448007424,0.038089434613419675
0.05827328583681825,-0.002942910429206816,0.06264693759558554
0.12545797562819147,-0.0008127693850181368,-0.03290259078714743
0.04577443289944376,0.06746890593176404,-0.0073189779326945925
-0.010242442248087638,-0.010401392796939635,-0.061107043588639
0.051821905837672,-0.006115494057474396,-0.020918415455775535
-0.024377216280561418,-0.06915767172142916,0.09830374164977873
0.016902735323485085,-0.031890493213749,0.03856698803432032
0.04731578650216227,-0.04234164493552606,0.009828247203210511
-0.04468581459323531,0.01596981652430289,0.06043163475426225
0.13347045817136532,0.08896848103778852,0.048768046066711465
-0.006745280308863694,-0.04171959728608793,0.06960874476662679
0.07753015660748469,0.06826509299340533,-0.09362858046101472
-0.017247525229976725,-0.04395687730430589,-0.025804333692486484
0.02627918183244469,-0.07475882823765637,0.009671263530198499
-0.012217353388909748,-0.00044506488196714364,0.089674464287652
0.05302236286228229,0.022809654662430505,0.069297610071428
0.04944439023425604,0.0394471690492887,-0.07498959093617788
-0.02168743612635525,-0.01931148164869767,0.01869859888743103
-0.07495724454574128,-0.047150856185429066,-0.05348106905737113
0.03609889309972839,-0.025005773479950807,0.027997849045428458
0.0733308042115186,0.07048872719157244,0.006891923578732183
0.010932551042326483,0.03736756598792951,-0.06385927364225671
-0.047557824299495274,0.06639695385885484,-0.0018528809023335285
0.03344183654584967,-0.007009199632540639,0.030265354520911954
0.05516121900771696,-0.025299082273670243,0.043008745048718364
0.00819097469175565,0.05505309300882784,0.08683749662964266
0.010623350221958865,-0.1405696820676316,-0.02539375349089033
-0.06463222592167799,0.03261476535411699,0.06070858853411319
-0.005142272346065794,0.002806433034861392,0.045674079026932345
0.06302823027695108,0.04277854809832525,-0.006782428531147071
0.0072138494016087615,0.010900703880235991,0.044979867934060565
0.05853990179014838,0.025807624553039622,0.017493966784617423
0.024209530969663145,-0.02865650669250401,0.006570669441365279
0.04457699098956301,-0.025961262623546658,0.07489481623681411
0.019083645761814413,0.00043384886361505504,-0.005559841949885288
0.04894029957334564,0.02418176260872331,0.08938148112223271
-0.10191632386774054,0.038406302239288675,-0.0046948632172892114
0.07178432918630995,0.07122932038644819,0.04858194886592514
0.025936778516651698,-0.04688816022086946,0.05167671139201287
0.04280275396184882,0.04004170141001383,-0.006149271582532947
0.030290088919439677,-0.09080619886002521,-0.01779940927548745
0.10656530258509585,-4.46689214928242e-05,0.10477561883726959
0.07379286510190401,-0.008091759156954884,0.07107256122877745
0.04392193115131732,0.02878542652281893,0.03735554476704245
0.03261340226623182,0.03373181900527692,0.011145926996760992
0.05008672696241602,-0.023181502163407617,-0.008054329135738277
0.045348016407519426,0.04156096942512377,0.03583880581013319
0.07420327042295287,0.013462834021652784,0.05870355974597467
0.009962753085801036,-0.05642097262296253,-0.0648586264920549
0.0831100131127332,-0.05060058944371351,0.006130778273684672
0.012807993524867445,0.03303805523858665,0.027727370673828175
-0.030725679704558747,0.02507218203358299,0.05595948187361352
0.032867440800447595,0.003112192878951616,-0.01792423063578817
0.02859935977564983,0.03655008675898558,0.01328185256034205
-0.03731429913778271,0.034697955013124115,-0.000882542908746526
0.04061416571667564,-0.0352014582221606,0.030196753279757148
0.01740318800824959,0.005684705663088846,0.015611768568229052
-0.0008747151337412593,0.00024940942903398447,-0.018144190318901212
-0.01593902427060878,0.02670475415920835,-0.004304203381062577
0.11739226082299975,0.039084573581969415,0.11648030437907766
-0.01050481065715151,-0.002496433321305846,0.014935050237174266
0.0343362719987166,0.011629011142318367,0.048532722998609945
0.04001296791700129,-0.017918595548196914,0.0026513198040399658
-0.027193400281368654,0.06100618472141406,-0.045438269610143106
0.10681596200532223,0.019434487937525134,0.06473996124257105
0.026743635184565646,-0.05251080274655003,0.04736454735490615
0.06761351404176709,-0.0011359443896521403,-0.06289644724410344
-3.1197443182799656e-06,-0.059783766015953886,0.07037849375551161
0.06850184073457166,0.06488038315658481,0.043117064670502504
0.060492610240936134,0.017841352962794085,0.01255970756093174
0.0009904273791215487,-0.0029326843489137916,0.04790686776656996
0.02538881005309966,0.0035490404186382923,-0.10254632161769876
0.03676303982460121,0.06654062059732098,0.04423286403640781
-0.05665188901788963,-0.048819315200630695,-0.08215658336846174
-0.029650094575974246,0.0027005335502461973,0.09767223661944738
-0.06809850663130086,-0.029192643694826215,0.06427624974881838
0.07858065624064958,0.007294278809634239,-0.015059366063589874
0.032879243838530435,0.05627491585086718,0.05813552385075402
0.007037251188982285,0.03916355913844662,-0.04027650510670517
-0.03249412007862544,0.009645159034717063,0.03697026397890213
-0.019723244775390253,0.11175585397111135,0.01322198628182205
-0.12761154864658616,-0.02237479800950995,0.023653092760679527
-0.01126823633831386,0.043177198991972754,-0.04941545253068709
0.01591336422929069,0.01608021838702093,-0.11526452649662004
-0.006562232358918884,0.048113994565058237,0.05181181449393012
-0.05221797115544285,-0.04006447119680064,-0.0027065825259721243
0.020741625610277127,0.003427497375805902,0.0286756415778769
-0.0556911243627433,0.0017029905893894987,0.028490864880331288
-0.047549653364563765,0.02654957141712759,-0.03717738595159448
-0.012364242465983269,0.029398602675699076,0.05461028913602053
0.05847000006382894,-0.010298884803131266,0.08664628587398263
0.0813495332315017,0.1140211170890854,0.065624422296513
-0.05957974342687697,0.059596821803081686,-0.01590978672496693
0.1520582704882455,0.005159066535729966,-0.01766838172269326
0.03363007647192972,0.057226409237721605,0.07033532160023433
-0.01957035091185508,0.037201612856578636,-0.04462571220836438
0.015784151997094976,-0.03625238768933382,0.04301033535155914
-0.029959966579894113,0.05303759626407335,4.3779645034073764e-05
0.01919796000036048,0.01791131268761812,0.024244753612258838
-0.0504881748959081,0.023151513456875314,-0.042848813277746166
-0.06844094797916428,0.017164780445837694,0.0188833904078031
0.12313442425944024,0.0198263410620663,-0.05634831508766077
0.014157281518706027,0.04723252939621866,0.059726659778164125
0.024749948196713528,0.04813576733584356,-0.09047326717953445
-0.010386603944320755,0.02084476955824284,-0.02594421693786238
0.0029818747322375824,-0.0015206287828291032,0.07113339309597146
0.03900093452235715,-0.02765913892967384,0.050983782557422926
0.043885093978737216,-0.020731615699071223,0.03372185892355746
0.09986041104488597,0.03141398898209148,-0.022478778122271746
0.04757327539523131,-0.028798329886154293,0.022955158866962883
-0.0013348103015908205,0.10395811837840177,-0.00700864210500556
-0.011194665492418225,-0.042891065608258366,0.015587652314690196
-0.024691369274702744,-0.07614197792348001,0.040022091459290615
0.004032375514522411,0.013717179754444838,0.048590568886942326
0.001013261649137535,-0.011144755765459927,0.04691421136780728
0.001431864744559631,0.11555665785351477,0.0621191865454426
0.04559087232732979,0.06939811248360947,-0.02156357070691258
-0.04822012941066186,0.03288088142220657,-0.006464483778406963
0.028704320768749157,-0.010947375172324936,0.0014736282469779841
-0.08660025856696095,-0.034056683048011266,0.014004525822580842
0.04199906128134887,0.008485082726211084,-0.13571060454932876
0.0670254344462951,0.003335975456344095,-0.08454165854368711
-0.03108618491819987,0.003974724189911078,-0.008182506968964543
-0.010877710846239038,0.0027769081942342986,0.06429816655224488
-0.03975318697194496,0.05108470449546777,-0.041505554235975115
0.007502382910136411,-0.025389615333173028,0.03287414900070757
-0.04395849441708569,0.08807289554474498,-0.018787779894021247
-0.04997186688777217,0.10848568281487404,0.021940789277951355
0.03271342580677786,-0.021924860992237033,0.050685676403790576
-0.028797326527288728,0.08611533536329886,-0.008674280789971928
-0.00645042669040495,-0.09817195609390986,0.054433675753898826
0.089605203940991,-0.033589634771175894,0.010419892304226179
0.019553479214783235,0.03395852492332976,0.033891526669931026
-0.059343578108311694,0.041064881298165795,-0.10240577792155708
-0.025270968181006256,-0.04299138756506051,-0.07339518503404655
0.1273715281690669,-0.11388143396151047,-0.04688213726315638
-0.005759472594717585,0.04276115590438132,0.0022773492309149314
-0.04698458618941836,-0.0744499458715305,0.0760046959499975
0.02181662320523008,-0.012434102718589683,0.07096976118361734
-0.0881303335108266,-0.13225688247324738,0.010581461488206045
-0.05899246764689159,0.06836754401813724,-0.0398794900583728
0.018682119756132626,-0.04258612733505387,0.022434453594113057
0.036373788278240726,0.02491465273695812,0.03927309139420649
-0.0327156427741082,-0.03691658903899392,0.006655729082737808
0.007855661608650175,-0.08731013222588083,0.0019459988455481003
-0.015389156343622713,-0.04677277400294004,-0.021653335884249517
-0.10181325528384323,0.020028588960580032,-0.017153043660230044
0.057202420813566184,-0.09004962997981161,-0.08126078188942207
-0.022913609105858514,0.019467799000635375,0.04742554068599075
-0.02666724058179464,0.0043860058018107715,-0.10944767182489423
0.05442817804394779,-0.03875790833063582,0.05510349686619058
0.0021811267969291713,0.029584716765896146,-0.07878888089207388
0.025137804625849098,-0.04290650091309541,0.09427304257716469
-0.018932209376768632,0.02463889562386364,-0.05214001505601466
-0.011904102173519834,0.041935756871668756,-0.03892877798740979
-0.049100222203069206,0.0980930505907755,0.03970323096135404
-0.034500574093039846,-0.029926729197915912,-0.011509223744750888
0.039884964765265304,0.03027813981266113,-0.10653716341040943
0.012494052339572757,-0.08546492719381332,0.03512497505233699
0.02092834108564967,0.10391610936986444,0.018167614489502205
0.010579937375069404,-0.00026652308016360607,0.0212041052687017
0.05379262511348334,0.002864314873572091,0.03206592207364162
-0.026289394440235307,0.014601396789276746,0.015653653613214073
0.05331260004177584,-0.06640920320532132,-0.050894339825395686
-0.051687011880831316,-0.0068237370143249395,0.059254343311234546
0.03988185989021499,0.04572695536459274,0.009327153128626153
0.03511614968663804,-0.04685279377408313,-0.01495152678655845
-0.11466380984062076,0.026204645232524245,0.055894821176545054
0.04736112461986049,-0.12480855545436938,-0.10330885684673156
0.022116922404042567,0.05604378181214813,0.023837854343806975
0.02475173064013453,-0.06664883452160382,-0.013858136039092044
-0.025790175833694397,-0.008911003922174136,0.04865195805995868
0.018209360762629308,0.07279626488700916,-0.01003704204593936
-0.0582031073219815,0.04399925093689859,0.037255554371051554
-0.07426807389637917,0.06104795825964757,-0.020634404491291863
-0.01525639146205444,0.014203408967003011,-0.05060934727786505
0.06139480205266195,-0.04528156363723797,-0.013174690785189222
-0.05350900585679159,0.0431698392379116,0.03674618476244007
0.10369072116221521,-0.027320752942960873,0.016152503071175838
-0.10765806009374924,-0.016701705547865556,-0.03560973013419738
-0.06870354524775166,-0.11496057751099535,-0.06809123451026136
-0.026059065992794967,0.004030319814733693,-0.008418168530082199
0.011698184624194375,-0.018938689296829334,-0.023210022267769373
0.0014120185586447825,-0.03085569480317467,0.018964664395405763
-0.07626371244678598,-0.03200995978573001,0.015839531905869356
0.040009834997408594,-0.016882699878666432,-0.06685421202925751
-0.036945523059740054,-0.014811895280200684,-0.06452540250895306
-0.09545217949109355,0.0013733647713476786,0.05201723773097684
0.018128876917452928,-0.05079999161987861,0.0642882571963022
-0.006675546189517406,0.00023461015055228213,0.05141681659043777
0.02641384218176363,-0.05106314048908821,-0.11157642087476483
-0.026214366865515204,-0.05424887920124374,0.05926154125550648
-0.03643333503256051,0.11171839975278935,0.0006199120641176732
-0.054427860490921326,0.04350270115418331,-0.004439026837700137
-0.036294599274105124,-0.039498876511858065,0.008647874503553397
-0.062005652403483866,-0.10312968962157885,-0.07093639874747772
-0.06921084560078743,-0.010335842178254014,-0.049584545024268664
0.08896625103479083,0.015155211063051705,0.0029001953065210632
-0.04136690678356515,-0.006714902527560613,-0.014828483004703586
-0.026354086720506542,-0.09894406358861686,-0.009473987294287186
0.03185588584488059,-0.10575173445494168,-0.002834326495565257
0.038865562069027665,-0.09960122142808722,0.010158676160425116
-0.001441604571103608,0.046798887912644346,0.0042759320331290235
-0.008204997213110864,-0.06097604580240926,-0.016335543983705632
0.016367272167538752,-0.0453956430015203,-0.014713784700855199
-0.02458045931123662,-0.00797469955646038,-0.07806511124486432
0.05760193527973335,0.0030286509605499216,-0.03718748188702117
-0.058694705875502684,-0.009200692957305724,-0.038540381297510196
-0.013063429174794585,0.0675605617751148,-0.05715754436231678
-0.029354485508557307,-0.01584651545616983,-0.0159197410654837
-0.1160363836881996,-0.06958345249839676,-0.1530977306311862
0.02980926354742556,0.030890580288456704,-0.02448502930238235
-0.04455687524068479,-0.011748172288502692,-0.007763854952185218
0.07658519100453304,0.06963279222161081,-0.03256329058655346
-0.003826919700378517,-0.010865059941131286,0.004193362364910653
-0.05498233673687222,-0.03952776727185957,0.033720641715967295
-0.061310526401216106,0.0195427732708914,0.0581425330967681
-0.05685182934877582,0.06171359549424476,-0.004961577510311788
0.019841592083791836,-0.007477036864144613,0.007229246855838971
-0.04484178018343939,-0.037048462602850454,-0.060920767350666816
0.005605365560659898,-0.03758134411213838,-0.03440782183887381
-0.07924467704419125,-0.05565887915743489,0.06534372531429501
-0.0708935555710448,-0.05044820186074139,-0.018569343484898772
-0.07818483053297176,0.052451954179716875,0.0653533527543137
-0.04429524657785999,0.013478883472372433,-0.10907057243071905
-0.08904645233748229,0.05632088334528424,-0.014556257477226853
0.04267059677339545,-0.08275871200031887,-0.01693944620095019
-0.013762777943837227,-0.04674269042756973,0.0559849231999775
-0.004479428880619495,0.035570647824275214,-0.017412598270276768
-0.06589440927473841,-0.07051373655858362,0.018785497465804293
-0.025080524216732118,-0.02449764147257397,-0.061636284218623195
-0.033482833646866716,0.0025331933615293616,-0.018719946792801055
-0.09172795379711393,-0.058245035398741166,-0.08104394770694796
-0.01809473600235369,0.008243712952583502,-0.004087324865999154
-0.05499554560503733,-0.15045712942501238,-0.03331428695627392
-0.018666071638164573,-0.1006079209451695,-0.04445331647919115
0.015536001790391833,-0.0373467651664953,0.03101508370265429
0.019714213613695596,-0.00666241195861356,0.03474356915999801
-0.01735729685269496,-0.03355106669310277,-0.02281754787954321
-0.008962276145236073,0.06080667838762556,-0.027725975541200765
-0.0328770197782068,0.053994555455611284,-0.008180608206648107
-0.0326366428841206,-0.11248847383680322,-0.03703703433248344
0.1296810244955753,0.0637587371911741,0.0036289143305416535
-0.011430614149122527,-0.12251361580386384,0.09431792938166585
-0.003138396048028267,-0.05726823392231603,-0.1597675401658143
-0.012465293790011003,-0.06660261829615585,0.08392669083933654
-0.11904691938892877,0.0363317384121655,-0.01990727819163915
0.04572207369093609,-0.0770644119413594,-0.013329049710548328
0.020538232342017675,-0.02302768731321547,0.04980985511757786
0.0034304162827491526,0.0007450883202891612,-0.0005402625090684121
-0.12465441833867714,-0.14551549952028264,-0.025371031274531268
-0.078534841264322,-0.05458498344366464,-0.04419627043125649
0.06150096945552466,-0.12021221790989878,-0.03611322299605581
-0.016480688177082172,0.010046914022296776,0.02946830976530859
-0.0003650757123320261,0.001123602637753518,0.01270642940069118
0.06484822379845329,-0.0028338464430959845,-0.031066576406707243
-0.021124148687307623,0.03466334501489417,-0.0026968404732667893
0.0750797487117729,0.0617117545625763,-0.08673814350259684
0.03711338156586824,-0.03716837154592861,-0.10591756403261166
-0.06850618370070521,-0.00731870222442119,-0.01821622384542689
-0.06486529661317939,0.008531590954089768,-0.10019612708111234
0.025956411119311126,-0.061619270364537945,-0.07750442983367903
-0.032575622748335684,-0.09212128239996611,-0.04136739304875228
0.013259504808135307,0.012267460566548313,-0.016221857970449907
-0.006566192829291977,-0.028640588215723566,-0.039603051998567965
0.04869085568071627,-0.04928583118823243,-0.026451564883875654
-0.03027154964582436,-0.00683278009413898,0.023598215597935013
-0.03474344947019226,0.00020933554568440538,-0.012287484229705086
0.05601341398792613,-0.05414102188816533,0.03933303010607547
0.0614156433363091,-0.05842580013290658,-0.050490894808377436
0.009401232486011374,-0.05687941069135468,0.0013585548284535485
-0.01158653420319695,-0.033083631636232035,-0.04925590807872228
-0.05872381125667146,0.019248453645360757,0.06867998426132152
0.01877438212642009,-0.02943081154630229,-0.04848568208525784
-0.06256560104964089,-0.1330602218600168,-0.021307796217307575
-0.11000458565658988,0.006253999269158194,0.01138868951926878
0.004295253929717609,0.000758908942780372,-0.0033573951346244826
-0.07406379006427377,0.010911703201815866,-0.0614244184328638
-0.03698241516061748,-0.06442891427702388,0.0025503761728865853
-0.01410210897073139,-0.034246270415810576,0.06791280223075048
-0.01200286187513113,-0.019751951386842964,-0.11245729440043
-0.0499405918967698,-0.0865722253188088,-0.025713245145398612
-0.10858738367874723,-0.13226359562673992,0.03506785688177151
0.009452422636058963,0.012085527374137843,0.014714447132359127
0.024046757573519935,0.07008969808807414,0.05037411239778596
-0.019812535339393315,0.07697255170527255,0.03736809465016538
-0.03752488722566248,0.06749900699121025,-0.09636538104567038
-0.04736279767729898,-0.0833305151442191,0.008655480316380824
0.0518184113265634,-0.0021823192073221996,0.09741272190735986
-0.04051906127544237,-0.07760106770021206,-0.02438772937777978
0.031089639582600394,-0.08537887459807345,-0.0071673291253201155
-0.017321652984036724,-0.040274621483238085,-0.11830424787897445
-0.027357551988109338,0.026301010791120485,0.07211254414572793
-0.015961784334749044,-0.010392965239461871,-0.08917978067118759
0.05296756059344435,0.026023914809858502,-0.04243162401179458
-0.054074665038049974,0.04052897765305089,-0.004808315892078135
-0.002835540668249239,-0.0030503804390537154,0.03858183707212201
0.02508227902882227,-0.0264568456959111,0.08619727856744572
-0.02421717560567814,-0.05557368785762243,-0.03183434352363371
0.012740396739747958,-0.05009575504857223,0.10823246165403362
-0.10913509274808136,-0.10673990659427865,0.00967651795869963
-0.04390308519199565,-0.0438249676117387,0.009118816139347724
-0.036751163855455966,0.0536548364941257,0.023759837461764494
-0.02112686866545449,-0.037693294922304645,-0.030150292236432077
-0.03263927378154138,0.06735219407341957,-0.00916406061529228
0.06707986783728638,-0.09721289265952493,0.034866110207417915
0.003917479921072795,0.10508365442785501,-0.02063914457009304
0.005902090540133756,0.022262514184415067,-0.01001586245024231
-0.036539922035457036,-0.026417202845115763,-0.022146679549897054
0.02200573759137318,-0.021503772802753122,0.03834813421200898
-0.03904700810957744,-0.01657466414134129,0.04818841442468554
-0.04288015455906036,-0.08039167626717189,-0.0340675638104436
-0.0342378696696996,0.005604745684644723,-0.0006068773235849891
0.011260718496928581,-0.01786342817833549,-0.07632027913107968
0.02087365643747869,-0.006213039726466559,-0.03986290528000801
-0.07382477347521786,0.06905940281737616,-0.03779166531834142
-0.025280905076102873,0.0035895077773024577,-0.0345676936408856
0.02641329014605069,0.04636252620868076,-0.04940926461189726
-0.04906991189342633,4.1361553545406736e-05,-0.06407395611340608
0.02623956467854339,-0.051189164290869685,-0.03258118346647388
-0.021656205265341073,0.0015813839331679609,-0.012499308342990609
0.02971367275719692,0.020062178680363228,-0.05981633054353772
0.010347828175827646,0.017177729041674326,-0.008077582124334397
0.07062640478052068,0.08456426618293247,-0.030822541860642597
0.0023143562563686416,-0.026542073423056037,0.007912766523895639
-0.007250803081838383,-0.003980012636873198,-0.03404104942073757
0.06671540742828581,0.036283560074987536,-0.03563111355636251
