81026, SENSOR_ID
wire_rope, FAULT_TYPE
10000, SAMPLE_RATE_HZ
Ch1, Ch2
0.1323652996672049,-0.016790158191740505
0.028721761623162378,-0.05804038003408199
0.03605764587199807,0.008764780299095467
0.04127675962106847,0.002240802676436517
-0.021206284407424697,0.018115304820004573
0.0517617203274919,-0.04584756977871942
0.07321977229500302,-0.03743750102742794
0.0008794324432579745,0.013468044575353218
-0.03539623534061749,-0.017947507244439515
0.017023821435026718,0.0291225663699177
-0.07954634882729,0.025160105229613948
0.019636372638428982,0.022860468548206708
0.08576741168765678,0.005289601109899046
-0.07862378331928169,-0.008060780847398991
0.07391348473100309,0.05615701011000503
-0.05031369112947642,5.7776731698520184e-05
0.016667692581913418,-0.07943050359939383
0.005490329341176453,-0.03191071005352983
0.09225315807522474,0.025533876054396124
-0.047273040543812775,-0.018587661607912222
0.0059636550703378735,0.0020872737926273437
0.03000673242104559,-0.055082094142802115
-0.047588235061720156,0.014420540806257638
-0.12923115820810602,0.017693067786190213
0.057371882781642125,0.014794753154776498
-0.016696304604145062,0.022088680160591657
0.05492646527921275,-0.009164541580465979
0.07713092346968403,-0.007466228483652878
-0.014045905675749041,0.007363845520034084
-0.025756791928162277,-0.01112547657238179
0.045321056954907624,0.01696653782605138
0.06959219522059583,-0.007174845648986213
0.07079249180443824,0.040237750554086196
0.011500063134642514,0.003174945008074339
0.08737133684535775,0.052304144437768194
0.022781167028447492,0.07132892670514619
0.04642322816359687,0.004621978990742116
-0.009188073748171145,-0.04297707992366488
0.02704322888678326,0.014985605879134266
-0.0423666267484926,-0.023901974088769734
-0.0869040852489529,-0.004146859403082551
-0.012056735343908508,-0.012217841439991876
-0.0019793448666402067,0.061661557055163296
0.038104700101027913,-0.07711513256925666
-0.029088587665259513,0.011191894513113377
0.02333140334743563,0.025794565247253202
0.022646331568072595,0.01203010774712698
-0.01286927174015605,0.025269114375702673
-0.08146301177902308,-0.06487174252306005
0.06972109372303818,-0.051808875947342584
-0.019529474753301804,0.04894578947635754
3.338642151637719e-05,0.11241403735350924
-0.015999120294625822,-0.028417738396463436
-0.04345484886265522,-0.05090758505179261
-0.000224618234242243,0.002270365812502612
0.08667557227682174,0.035100187350297456
0.018294134070503048,-0.003325849268351151
0.06337677911131454,0.015371417072498087
-0.06080750224733035,0.004022064803254042
0.043903302310049325,-0.09409304164147562
0.1283847214068662,0.009380839232074759
-0.019705878456907272,-0.020215146657852637
0.06537859622012046,0.05119040686811545
-0.033427853473437436,-0.057635146264321285
-0.03055981786382748,0.11359018444457407
0.06793901110012374,0.03936024132830762
-0.0129062889969822,0.03429582837149038
0.0006274291318323459,0.030720841591274965
-0.01978386710750151,0.05305662142469082
0.025426102152044404,0.11831302814058012
-0.022252764242714558,-0.04273528670382417
0.018945698919834587,0.08708136205383069
0.03560581429468643,0.043028580874433384
0.03589817545709637,0.00779333632520726
0.08493584690117806,-0.10293367150466454
0.06629146241690598,0.0006158012322423391
0.0548292215531893,0.032503943735608
0.004080873807760852,0.049311715797226624
0.03851373874365747,0.10250594649228849
-0.036352566612409085,0.009045688845185026
0.07607269307187359,-0.0572672472819206
0.1027302087268043,0.0776004282768349
0.0031077540832569577,0.0868945071231358
-0.019263099906002393,-0.00507351177172418
0.01988882476835589,0.07365789495819657
0.04914106528623319,0.06240098220017798
0.048687571312013234,0.017259769127744094
-0.04204596976457489,0.044607407066365144
0.0335697432508794,0.03329269108870427
0.01270541756360839,0.022405717833660976
-0.07109658918923646,0.04752781752423814
0.03842432298108221,0.014562150568707764
0.07097357355337514,0.0571810969221842
0.07229205135920064,0.06977632677577311
0.0366341916216016,-0.024881183115820764
0.006655447525048078,-0.01991082623798059
0.043814086366172636,0.047397234612705674
0.10530416397527127,-0.03291152160263974
0.034618323271460756,-4.522145713964018e-05
0.11335164927063016,0.023515182240772998
-0.020255593756396403,0.03232981349747599
0.11575887661295262,-0.04023328967009136
-0.004160696586259602,0.059702140176629066
-0.009202351059581712,-0.02862888146783445
-0.012777393569817143,-0.03371260562282253
0.02671675227377371,-0.03305998791084282
0.06146754078180872,-0.016927742493754457
0.06353410395481741,0.047626107431812024
-0.06796272440402223,0.01194343930075056
0.08251873723025535,-0.019265215635951613
-0.02253408502687607,0.06390778138812171
0.05156528433365083,0.01138265106293602
0.055900174641977426,-0.07557206603528283
0.06531500750297363,0.0449536351776072
-0.034585979076171953,0.03391556691523936
-0.061284674768157715,0.03574243616365144
-0.004010103386862248,-0.0066919488518160306
-0.034907350032592294,-0.03885704210633674
0.04874212021361077,-0.06866343779415031
0.04014453016208794,-0.02534859928241281
0.018243200901060207,0.06714903904902808
-0.009891236291990863,0.05022890307660591
-0.05822359487213767,0.12232536359045768
0.026668883843265066,-0.02665587143767273
-0.011012457848355407,0.03550761016465345
-0.07204127540402469,0.03242572584696808
-0.07578093022007085,-0.02816692450441135
-0.01040053590171856,0.0897015498526963
0.012866414404978627,0.08719444534122431
0.034598434015200116,0.1357144434096857
0.010676972815418889,0.10835514155297568
-0.03873677928399731,0.0280522953064191
0.030990322958257665,0.000573811801620229
0.07273758189175686,0.007811526818424163
-0.01994302169301218,0.004314651800363984
0.04864315106319603,0.010606973985885126
0.04869986233903778,0.006847535436836288
-0.01718894492940623,-0.08206814756199467
-0.012813549750787086,-0.03883687232610914
0.049258367178635895,0.17615483695139902
-0.018960564802938725,-0.014323147172433586
0.021360673611358547,-0.007101330516956186
-0.01577285013021489,-0.03782860545933901
0.02896462878546835,0.0043921013900474724
0.060496480457008665,0.027123112750310298
0.07925374788894135,-0.03538976753478081
0.039088773107864204,0.0022570105118704057
0.0827334087566287,-0.005394047153264135
-0.03793103141230084,-0.03778992569614194
0.010107720752637783,0.031237648283553784
0.07245645391157099,0.02253260061610577
0.02403766798919331,-0.05396113014951161
0.03488571814884066,0.0048208149641740024
0.036503513932241216,0.06937091978059337
0.027174475772689884,-0.0034734200928767354
0.020079748446204762,0.047313220759323496
-0.05244969188874065,-0.024584056921528305
-0.002242982953065617,-0.0710305808942804
0.026418116020836917,0.030015257216231463
0.033507325266121525,0.01552572441612431
0.038856259770912636,0.04199064811615049
0.009156476473240012,0.012386568087172587
0.022475778959548942,-0.020399238671634477
-0.0077766110142689585,0.09528797462472281
0.044717057897391624,0.04660674435063378
-0.010997685720304158,0.05292398405838883
-0.056323524377881184,-0.005887228876561394
-0.01635597607744969,0.046299472870494046
-0.019399182193549525,0.07819358659234021
-0.06209045487392191,-0.02106877248906379
-0.09204343200286691,0.042316902328778244
0.007896634245732833,0.08357662494892923
-0.06067846753504591,0.09912525117945682
0.0005483599389800387,-0.05950129605365825
-0.016809950770902856,0.023688954245225068
0.04690544055710457,0.050096297042321346
-0.033374652201633256,-0.03227559260020573
-0.08863511571333291,0.04968834307149977
0.03497976293251058,0.0635021763215067
0.006836705278162476,-0.051429488145945945
0.04336002437386548,-0.04291872054552361
0.0393622164587369,0.008472810934744463
0.0009342672400895393,0.014851192295494172
0.0144308593099692,-0.044838409405925095
0.03205560849265099,0.03741347300013937
0.051831233113743956,0.04894906242105892
-0.0029900655232438043,0.08910320135885114
-0.019017863248764748,0.08309632543197759
0.0079738777895226,-0.0761549658145496
-0.009322024112852307,0.003548750229902676
-0.12213508461057401,0.007889328942799971
0.016513912561926747,0.022099888576111476
-0.03784964453611085,-0.014442963494305173
-0.0033946079456748427,0.044088378475579684
0.012954020537999076,-0.001753085629453235
-0.01066385395942231,-0.03476078582742426
0.010886791720654435,-0.10480676064338572
0.03578608684883554,-0.09822210141397053
0.005123341550482083,0.13284382889786803
0.024117751980402936,-0.022894939572687432
0.017495246291602304,-0.08798160025706497
0.08786687260899953,0.016245391749190995
-0.02252875547519766,0.02148324867631612
-0.08781071314008239,0.028123893342856733
-0.041695007085375234,0.052159173282539044
0.060968374269751865,-0.029738673706852004
-0.03169307491538681,0.08061627693949973
0.08362657397495105,-0.018099170894262245
-0.01640087642313808,-0.09734844096090244
-0.06124517383696176,0.05089958745385541
-0.11430852078129744,-0.11406765906654372
-0.05454510492819423,0.0038635247850948677
0.06223629376869253,0.02202578292347136
-0.06668505401919773,-0.05591500608957166
-0.03422210857889858,-0.08315243446926776
0.08167829850666605,-0.047718679851206376
-0.08157778310669213,-0.032691147755322184
0.030940978261234278,-0.04693056925913538
-0.0002700038905034787,-0.0263386094549776
-0.07620663402582621,-0.06991764678862883
0.02224943702715708,-0.08524427011418295
0.007666426851571563,-0.037007042713339676
-0.04280700991352794,-0.02686332450411025
-0.05626259655877813,0.009861445763541761
0.010990296432873182,-0.006086671852697572
0.023211279927131418,-0.06101769636656308
0.07024095675877173,-0.001207436598492392
-0.0011048312858728303,0.04076116051484451
0.00574843007523906,-0.01369065256398657
-0.060150209044549575,-0.06517207393724632
0.03518806490254403,-0.0266032070179048
0.01840476613099397,0.013638652799075562
-0.0580488107241511,-0.005721054559237346
0.00384654307033545,-0.03535952749465566
0.00797150970062571,0.02077874706761758
-0.08394548925074474,0.05666832440295805
-0.038914075066126236,0.01697896615843176
0.06280010206630954,0.020688460795423608
0.0017939876290709953,-0.10114763857900812
0.055595961568134546,-0.01347986940395437
-0.055780039477904615,0.006026395574169296
-0.0314185149069765,-0.07219446485196855
-0.0566111105329682,-0.021229079995474395
-0.0032862738971025304,-0.0920191049103459
-0.01810513418802967,-0.036056976803040125
-0.02971613029610433,0.0019409933789517747
0.09746049487810098,0.02906974871640508
-0.011895144603727842,0.006248727659790546
-0.03765044566881727,0.014788207812731073
0.07069496247221711,0.002128594689034811
0.056969197510580855,-0.0755578032303941
-0.026483929907410116,0.07042097377325673
0.07164456490749727,-0.058811948685943076
-0.07884508675550406,-0.06794392901699067
0.07572285259275206,-0.07946503289330727
-0.10045073911646685,0.037799258432084315
-0.025579311147602733,-0.05542258623728685
-0.059221015751279776,-0.060920829840264645
-0.025293624555787993,-0.01421253057672053
-0.07882466589667632,-0.036610026451990116
-0.057724081036898134,-0.01950402310586006
0.04526898816851682,-0.018101373676980788
0.03426007432232243,-0.0698799269141196
-0.12448340573610078,0.08607229079605846
-0.08041281584015562,-0.015068382805199825
0.10753541592649998,0.023443084963434543
-0.13179665995867906,-0.023271198550125997
0.0009177895052286424,0.03355931165737467
0.024207393513804083,0.04594947007463528
-0.0090256630715329,0.00874803720007692
-0.012040279290943187,-0.06901275721521874
-0.001730604541224881,-0.05023690598406233
-0.06245059079252149,-0.10045263340649253
0.008690541698975752,-0.01704784307803934
0.06343886327231292,-0.1731153674608829
-0.007459945079021681,0.012865494565216712
0.07538073361872248,0.012821372182636955
-0.06883630365044321,-0.021870346644917868
0.002391436048387416,0.10283505539855278
-0.057960921822616654,0.032331004891669346
0.06905520775308793,-0.04810737636797266
0.04656946842817192,0.03428158063196285
0.023303914432448718,0.031138991719016088
0.021938986566795052,-0.06910992690766754
-0.04432166300487531,-0.012240875660224873
-0.08720117809200123,-0.02316221794168541
-0.03171404604823379,-0.0936240248424775
0.05318009115022815,-0.02382630100239602
0.045971478680673875,0.08664161507608856
-0.06035381371898872,-0.03149988761881911
-0.07603348302874696,-0.04134610189388203
0.02164457240065925,-0.026563692311288245
-0.09558675138206582,-0.06312836686396692
-0.030097932698124483,0.07374634035694996
-0.08876656326035245,-0.07951420398482234
-0.031145464603335338,0.006985290179085623
-0.07305045360359738,-0.01531348373407184
0.01279481242231668,-0.0845966823813957
-0.04103126606876814,-0.026249457249945887
-0.03974041073290691,-0.10240295250397005
0.07212522407592659,-0.008418444013198904
-0.0016363276438835818,-0.03889135813802995
-0.015155986144831435,-0.0600266992896577
-0.032404704047802685,-0.027332318043145624
-0.043984490354820965,-0.0877327823305209
0.031452027395864154,-0.0602247604302341
-0.026933461276638315,0.004435558329732497
0.05271507302278966,-0.07596073256409236
0.0032221524889377434,-0.043915267618206785
-0.056235637108432907,-0.00966744895638449
-0.042928946164644016,0.006029674127526776
-0.09855498085309877,-0.1074165289370574
-0.0036028839039202176,-0.037434821369381886
-0.037616102223626366,0.02222374857220292
-0.05882531468007089,-0.09366978378371721
-0.04849649554859966,-0.005883810295389121
-0.06461162682490731,0.09308596079934821
0.016079333992307803,0.09762952606987316
-0.08335968178013833,-0.07713192128617863
-0.026498061966249917,0.014028032027117839
-0.050380599402013525,-0.10538051128157824
0.007333888425422888,-0.09072415013364703
-0.03680160136641693,-0.09374203381504798
-0.011908335509378667,0.01657731143500234
0.04243552047000311,0.07943429886738632
3.4238094971095895e-05,0.05702843394025768
-0.014001051131195135,-0.009105584374642605
-0.014870249324738523,-0.04525698581684423
0.024620210101874006,0.02086733035958934
-0.029187923516395074,-0.03485756406479849
0.014908986021938232,-0.08503185221444583
-0.004421221178974949,-0.0326533748581316
-0.045701047045248064,0.015618237058761576
-0.0037558316728020617,-0.05130389843034477
-0.06509328978443915,0.03269629741562598
0.012340732421575223,-0.02552219843976068
-0.04313604058416007,-0.09140995714425484
0.020269209152227623,-0.019073680073553024
-0.08222252788617636,-0.034404191535336276
-0.039023769227613164,-0.06692871681741111
0.010882191035892986,-0.028938582067084384
-0.04298522834489543,0.037601063220626146
-0.05173039080257374,-0.0756365682919285
0.01535190392283379,-0.01055294297124693
-0.11493958268902196,0.012966819052267793
-0.077707190213242,-0.03601181758080667
0.03517459216924777,-0.07187199313564231
-0.071822448855798,-0.030212484708174288
0.03050581455421148,0.07041763758815414
0.001397956660145045,-0.014886133011559655
-0.029032615826318803,0.033310049508660795
-0.09184509451655788,-0.008160640156876682
0.019522067646460695,0.011051986616276079
-0.00036923510849453875,-0.009424313500948214
0.14387807386933232,0.029626479996713927
0.00618586137854518,-0.03897595054921505
-0.0032838496671933216,0.013593331438227907
-0.05574032362694324,0.0776615400036011
-0.044985290214419625,-0.0005775042811449992
-0.009294613822424828,-0.03886044666249046
0.05055158821157465,0.0014401615358987235
0.017884966874780243,-0.11601844976713521
-0.03144715685041344,0.027880639640259178
0.004322499636476795,0.06553096759308094
-0.03207483983539569,-0.06398177174000862
0.03511981456658891,-0.00941710528043665
0.023763744578275577,0.020916659882160453
0.07140606098149758,-0.08214744520858848
0.013846468191353009,0.056901270886245525
-0.0038503023464037337,-0.062062663396415925
0.022366960192805624,-0.02955079361628126
0.1174142063816789,-0.016447841932194684
0.023989128461208455,-0.03461659855897988
0.02060457602958339,-0.06696653062826055
0.07129498163221631,0.04133003923483561
-0.022798825928411932,-0.0338564770974874
-0.01882741321363777,-0.031632144201553775
-0.026072940151370537,-0.017165054010464222
0.03281929153018031,-0.018751796351662478
0.018179868377424156,-0.0013131301443651423
-0.007824982246464503,-0.132212817555481
-0.09102534268163054,0.01305981880776428
-0.04307867122063845,0.09456909301335319
-0.02984097890275812,-0.004643153896835491
-0.10738507659596205,-0.05253134221142021
-0.02281118657113463,0.06495151311133436
-0.026524717194798632,0.0395072506313448
0.06634181691383058,0.030354685518241612
-0.04660416126295901,-0.003315597063329034
0.025788809045304714,0.008799495704837297
-0.028974062279258802,0.024356357844127832
0.02494777618697959,0.003988147534047159
0.02724268766051236,0.06857357523223341
0.039352122049519635,0.006306980909122491
-0.06375080935624813,0.08575147350107647
0.052390284670898686,-0.04655133837976177
0.05234797693243134,-0.08744681439380354
0.0054438122079696685,0.01384110260868179
0.009887987420883903,0.05376984323312463
0.05478704688503663,0.09607631140940161
0.020179254042730188,-0.0291350469748121
-0.028285916208635055,0.06959950385099001
0.0682793398533574,-0.04821150980440567
0.025977685989438108,-0.008164613702354058
-0.0048755101794244,0.0724991484118015
-0.01670775712615298,-0.0144484064743004
0.06373260134773523,-0.02519915842024983
0.03879371167531988,0.054656303428327765
0.003913156657290668,-0.01271118069422195
0.05985249480220707,0.07781628673096123
0.04126301840583465,0.027068619510911395
-0.05285875251938591,0.05001731030070885
0.039785739758463896,-0.042162408953236814
0.0013388961878680636,-0.014287291845208711
-0.019278453740350098,0.0660999198859816
0.02214955675410624,-0.011549291007968133
0.04772060626252859,0.15395832561493647
-0.007344335090085718,-0.0641351514094541
-0.01233081561449534,-0.0398231357055688
0.042722448805041,0.0172610890531303
0.03335307959373535,0.011575999500276917
0.046869360419845615,0.006821839962496608
0.024029657627642694,0.02076131015155093
0.05039319873962472,0.036982164490654765
-0.008826001137880965,0.08379739825774883
-0.0425109662737954,-0.02003318523934315
0.037252618373756194,-0.0420262286321037
-0.038209306519509975,-0.0016787510568551933
0.05711755268432221,0.08974712152937278
0.027186156200169134,-0.03955934402913672
-0.03080458252731314,0.0013160317452048272
-0.058784686344536305,0.010688489343605778
-0.02130809050571226,0.023139560323755203
0.036803339235976326,-0.13672774911445806
0.026072761661711262,-0.009743536507125597
-0.026017630622602907,0.0012602097152107881
0.008113562092120429,-0.040761965889056506
0.08109101765004723,0.0019615467650013034
-0.03170176353940617,0.09461457314970409
-0.05396383519121026,-0.01908999704477512
-0.0021832100928845157,-0.04063155356233844
0.11448640491269096,0.06143720165107107
0.0763878629836863,0.060808466900015436
0.09732844108366386,-0.000858384515982585
0.0231772488284185,-0.018740376581153642
0.04188744220965748,-0.021878591310979894
0.08883526117412774,0.06738061125712878
-0.022570061901419847,0.052698225070318475
0.07862480709936602,0.05326324132163103
0.0373872931125845,0.012419117165040941
-0.005127567986107437,0.00428643176157794
0.05971112067224636,0.020250292640884956
-0.008630782848837061,-0.03470807049284724
0.0038558713231345437,-0.004038354597208164
-0.007152366090141651,0.017023121831552888
-0.011214338206932633,0.02662001843145981
-0.025364652594425212,0.006678495146607325
-0.030348434127095647,-0.07668046680758564
0.050754021705534474,0.046571331744409014
-0.026844484149727243,-0.00023263662567189758
-0.02615467512784457,0.06302011228413665
0.04303031692800723,0.05141949455230642
-0.03645706974053853,0.025774502211491072
-0.008893407890099882,0.02676951906460156
0.04023868459518069,-0.036268908684291196
0.000622047003892616,0.003123995281097171
0.03971664898275676,0.040756316699345686
0.05778567689061561,0.00584549712695092
0.08100363028103602,-0.09145000660552927
0.08174946841545397,0.02748341227464956
0.07239457007513259,-0.0008902750029848618
0.03107433290030467,0.12249924374457657
-0.00634471824364502,0.02187151055307896
0.09022729872304203,0.06427418104669874
0.013397343576298102,0.08953514218976397
-0.060208875719025196,-0.005949173625657465
-0.012156727876449561,0.08431780531908767
0.05110765803063395,0.0018250610018194398
0.03273985421567861,0.061014306085518694
0.08899482303413539,-0.0229814798965594
-0.023127345841606094,-0.012426114326565565
0.04103196468016543,-0.023294570041060083
0.08125848641013222,0.083229141133091
0.06688947644106133,0.014732975816283377
0.08043189085174199,0.006796469435583041
-0.11247054184405525,-0.06831486274065711
0.038979193010611514,0.02725213246528304
0.044464922172969254,-0.00912044482930243
-0.035466156199805685,0.0647092076639659
-0.029523159685195522,-0.07183722631986117
0.07762449644965001,0.09262377461112041
0.058421078234498644,0.035900759475930424
-0.029683878682145573,0.0011061058188059116
0.04447626666543994,0.007360343863785892
0.11910308715492282,0.024233347055244672
0.07229923232631312,0.053409665080819485
0.03957943300183116,-0.018932975823660103
-0.0006545532184910573,-0.010222856061606146
0.03196078527791506,0.01800705466358097
-0.030332327883890405,-0.04647811701766178
0.05751114275577786,0.17110623056525903
-0.08569623175301519,-0.06047629355636162
-0.04603892821753702,0.04707846555056415
0.14433032018986258,-0.02718186559090165
-0.027711652149554025,0.08623023155148904
0.11622972303920096,0.004542345651998212
0.020488183653124173,0.08347669216631134
0.0481990353469537,-0.021443631784943778
0.058528048928938856,0.022071860815269018
-0.0060963807388436445,-0.036768298722272635
-0.03111340471732537,0.00909502844064513
0.050417424051913046,0.07408400928492616
-0.016751374086810322,-0.052394412977529024
0.04532917327357287,0.04925116615154314
0.03233600404883696,-0.023238768075169756
0.04401016570922586,0.03455201237686411
0.05934340507148968,0.02255446340491722
-0.031154059933462874,0.02726109347934396
0.03064938605275899,0.044027308977959326
0.005010408377102461,0.06809037874425435
-0.08685568211679912,-0.003919665570924342
0.05893668749814866,0.02986957650767697
-0.031617604777984185,0.04766402597858567
-0.08485224825630899,0.013915785906746643
0.07479691738894004,-0.017918319694201643
-0.010746706108119189,0.011595638465733108
0.11678336660576599,0.06964580882465701
-0.02960017736697039,-0.04683704905178733
0.008550225225442144,0.049555489785029216
-0.058206800274513686,0.022539321098137298
-0.0576303791818918,0.012333598858843817
-0.02071244915456351,0.013431504840773134
-0.009944386791739854,0.023440985950536
-0.02059624055821986,0.022954099043310253
0.033677678840470106,0.03813845346020123
0.056355274042405354,0.036939755065115515
-0.0010764410563022762,-0.05019840519944137
0.01994012039176473,-0.010714344021186217
0.06478582047902354,0.09743988620475141
0.053493143383877076,-0.09152471857053474
0.013987289487656714,-0.00788327868321714
-0.013377202059530812,0.08091111282093381
0.06676402687651244,0.051720734433855
-0.10470598900376618,-0.06619796547283792
0.07455157939846559,0.09720150209890603
-0.03794423810380301,0.048179105433875095
0.1139545212378366,-0.06192113717142822
0.054063669984649704,-0.002965718238790622
0.031165471071545305,-0.0480637377013669
0.08792441564236575,0.09721738680032363
0.001304354692026402,0.09755576418709758
0.003918619003119506,-0.06999567502202446
-0.0241901038971992,-0.03595885796279593
0.06844148903502813,-0.003566858953954904
-0.011428474445374101,0.058569858868477556
0.022479012373605133,-0.07734827090200529
-0.04194061307846628,0.006562202971970189
-0.01688130215425479,0.02365795674364114
0.010467607547096053,0.00252767871495666
-0.04039501296289445,0.04056931523998826
0.03922224549519049,-0.030601701346410215
0.0016462951416701954,-0.047365025670726146
-0.07643244789818943,-0.0458081577400061
0.05840332487936908,0.03333496488622727
0.01959944999152706,-0.03081165410568107
0.02722476962269428,0.052607221181440754
0.05066915757803089,-0.022925572488372674
0.00910480350740904,0.06178001476920399
0.016980663833688046,-0.032093939241942995
-0.012878330142754215,-0.032276765313113714
5.731407467568159e-05,0.01230251814929714
0.06875989287828371,0.021423161910862
-0.012945981418097482,0.017605667624167327
0.05440447451468,0.05181678730473549
0.12860759957678364,-0.021139311438906454
0.048157517477903186,0.06428097819719317
-0.0018667245525761352,0.0026078835653359396
-0.09188722323778674,-0.018705630209439772
-0.05652957547835131,0.05372998918813109
-0.02664479128081614,0.053808011954977406
0.1524904864493845,-0.08122228234372371
-0.08636839857313004,-0.010194964673315994
0.018081712639994415,0.0014767900896253709
-0.032857361262268424,-0.04115102997460337
-0.04703217102060828,0.052254952416895775
0.004527183943450975,0.06317588676652006
0.040739631779326095,0.004149631512899242
0.02338140584261593,-0.023628460676633316
0.001505124894161245,0.017762601620097008
0.07026880926810206,0.013059311893834726
0.0011373564755203362,0.03584617969756055
0.09097116521992668,-0.0016016794371682226
-0.01667409156873218,0.051445119938744045
-0.08365394304430192,0.0016303311057566947
0.017279999862656697,-0.07212188530071709
0.09334863643400668,-0.012177811252069874
0.0296714663886629,0.04443250106792803
0.0662307980853645,-0.09049199368512532
0.033799569106978844,-0.0580567016524945
0.12183204987134999,0.018292653318796693
-0.060198336418103564,0.02667022100318842
0.031551383929101416,-0.044120535225122944
-0.023603600060308982,-0.14682163654335714
0.026652471213023454,0.05019848625683164
-0.067221989963591,-0.11856525493513234
0.023148067535572397,0.04121939662944297
-0.1286742616517623,-0.03364550801031961
0.05095350797308775,-0.04543043391372509
0.001382918863756381,-0.03673534516334673
-0.015008191471874203,0.043834731102531915
0.011039858712102151,0.046715363705699946
0.034540981843588794,-0.031284908667484415
-0.028719891403282446,0.017047959675722608
0.014380950456265381,-0.013863187323803813
0.030704058212220966,0.03666204456228178
0.025015105623117637,0.04057132246613143
-0.03475595651001641,0.00911073205310153
0.006807127058486221,0.04609114527699677
0.019198075258647633,0.05586085355529516
0.02617939551619542,-0.06206025159890354
-0.043006559363143446,-0.02246108669479743
-0.04625476724032547,-0.05154067838600733
-0.03645432251252692,-0.02670222358659441
0.06238334542152039,0.05397140272504767
-0.06202273246176447,0.009080388886177695
0.03734683604379321,0.01647012640792997
-0.0446803726084098,-0.03428182823758901
-0.032910655555414774,0.02344167993357618
0.05703799146353926,-0.07865893207032176
0.008911966686843298,-0.006780661959811269
-0.10754111830523236,-0.07493526818000742
-0.002304618007123494,0.023864946671388408
-0.05987298696833185,0.055012609817716204
-0.040708865643949224,0.015302946235987947
-0.011462893801969345,-0.027984579987128787
-0.03587048724825283,0.028204762874626463
-0.019123804584403145,-0.05126982824578218
0.030015081469708015,-0.021816317747110195
-0.058584956582241915,0.08945720743045749
-0.009207158878472094,0.02991131851243138
-0.010267173835025727,0.058265969834152026
-0.0465924422033489,-0.00495222740754385
0.11858525081303563,0.039278234275101895
-0.01502123482376833,0.028693775336508444
0.03090868861721015,-0.03978756508492938
-0.09180473660763128,-0.05451256098144071
0.01598041481639382,0.04483773400149857
0.06623305803170688,0.0027046626636413242
-0.05570242561462917,-0.09080445534710174
-0.007886080337009297,0.0579532553292426
0.006873895289303713,0.062005523099151194
0.011020326137980626,-0.06486722383961283
-0.004524570642158825,-0.07391720364827531
-0.005749691997559052,-0.04525123991076216
0.035589283128949996,0.005028769536798447
-0.06452313727427074,0.1365523122730411
0.0073772537360934885,-0.042645506313377816
0.0353701592956947,-0.06480756756792502
0.03361443561000778,-0.03255003319970104
0.007150547370633292,0.010149040342783251
-5.484584463606029e-05,-0.1108235354253013
-0.008932439389763382,-0.015354953550347668
-0.051714877168299936,-0.020220981660299668
-0.043198855191838116,0.0702989623926303
0.10590517175545226,-0.04756314786753173
-0.02007912913098842,0.01096746537596396
-0.02428530976158546,-0.09784405707090849
-0.008613633060844896,-0.004353302008222065
-0.0340477570291345,-0.041447111537474976
-0.08664844649113768,0.11932845792234638
-0.017667840466486385,-0.017104264065067636
-0.11637011545553246,-0.06792298580462693
-0.05614050347218735,-0.09966954220297561
-0.0514025698999046,0.04055001071161531
0.08219669235681656,-0.034742441460032816
0.06234937579512408,0.07659129377941234
-0.014082028603865305,-0.02013361455538322
0.024141448192506305,-0.0724408194610523
0.0061567285016905955,0.009982954001843604
-0.07572678367762042,-0.0024120225548500754
0.03386128788715707,-0.0464363668952022
0.03915564450898312,0.010495228810133005
-0.05031528533348852,-0.04160266899791327
-0.02170853919854361,-0.022063645237696567
-0.03442465388434181,-0.00724230308781278
-0.0472207006412254,-0.04050954749732962
0.03329902842216885,-0.10373629948082858
0.059330308805703835,-0.019370539344577907
-0.13095922236054672,-0.020553792752355235
-0.009542857295118782,0.004086244174128027
-0.0674522307085781,0.014135832940298677
-0.1211126190444721,-0.01806143461066727
-0.04781785118560984,-0.06862342825924378
-0.11470436931531576,0.00466085429645147
0.009820018391370616,-0.06941149905200475
-0.0628711380446653,-0.11195554954843746
-0.01036514702520833,0.0016372430836771139
0.02551272595669645,-0.11234201656409051
0.03292281890170126,-0.014292591644014144
-0.05065541854333094,0.014142152871097963
0.048720119017419336,0.008693941379676707
0.03554845547041569,-0.05523571521100966
-0.10204867922653264,0.054802518428852726
-0.057965453346056475,-0.04142949927312619
0.042304642956278574,-0.0003045072832168448
-0.0824094890235996,0.024370408566041415
-0.03348201434823771,-0.047873102663581565
0.06005064178963666,-0.0315656412317973
-0.044086153190750446,-0.012715333758137465
-0.08063633605587107,0.022297283580022535
-0.020764845821635708,-0.12452706928022347
0.06274033095591365,0.0958044446121935
0.004293679372336837,-0.0007887459455866268
0.02025410850930378,-0.051693033877349234
-0.09761369832474023,-0.06491318662441456
-0.020508860466277947,-0.006417189736197539
0.042389951005912904,-0.08635823013160761
-0.06803227214174595,0.025061430770385397
-0.018373302210495213,0.07829662771546204
0.027426652933208163,-0.15188315846406897
-0.047073793713151534,-0.0705037492990535
-0.050790321112894596,0.09595698150247615
0.07682519917894458,0.037117618763548244
-0.04230308272475375,-0.005339935840357704
-0.05714280381539717,0.07225149330453712
0.04734183725822361,-0.07506327406980709
-0.06646848921267166,0.010365129395733252
-0.10772322885046443,0.05477118106346428
0.046183226026352664,-0.03370786745069532
-0.09355998648420955,-0.008774270792658058
-0.032752744807247665,-0.04378785760317529
0.020323525859711106,-0.05601529399010863
0.08460623357966571,0.004665255452589848
0.010468484868536992,0.09905274968591644
-0.08487018064005261,-0.12490566365738626
-0.023193052375743158,0.031419507445500934
0.04319870377206422,-0.017134750592353157
-0.028975951588593785,-0.014179256539726383
0.013847597759421373,0.012016131260508864
-0.02536316260872753,-0.041938331554337065
-0.06308929426415141,-0.053225254758671875
-0.11583182527615793,-0.02563327426700442
0.030719064603534275,-0.051907634091717954
-0.10095073620047527,-0.06506892824288657
-0.1660678868940265,-0.026789163675246606
0.006877465878653212,-0.008088984911194395
-0.0005219927956060574,-0.06132549312801397
-0.08983468305048514,0.018037474645999824
-0.03547630938224354,-0.11132069835233628
0.049168634220402414,0.07634693755033727
-0.03422533250439923,-0.059087381864244726
-0.053076569400103205,-0.012640871935713475
0.06400626453242628,0.02403236181200966
-0.05367503964221335,0.013730301300798822
-0.08616359502955512,-0.06501088105150918
-0.03740190707098535,-0.011069448815652536
-0.011762256716705066,0.002899171918906776
0.04911524692017742,-0.08879617091753811
0.04029372761057716,-0.005070564572091549
0.04502163387149373,-0.014818598132310143
0.04165059554327348,-0.051016291807251556
-0.061424983362339224,-0.02550498103876351
-0.01387962098024339,0.006536573579230263
0.09775881916370331,-0.03566413176092924
-0.007599716531237058,-0.03282353071053231
-0.010184858995999567,0.028996625391076104
-0.10666746729678671,-0.07411615152089308
0.024474060220543176,0.034932770826339374
-0.01801974865602033,-0.005826417793168311
-0.028790505123107706,-0.06681594027931281
0.0011391024231701859,8.406606294131432e-05
-0.08112681279320952,0.012754805855511982
0.004114479088606212,0.014741523382804782
0.04797557790352444,-0.10806286557939296
-0.014672883433333953,0.03784339717443479
-0.018259700213383873,-0.0930060965206095
-0.029734467508780713,0.10207010420896045
-0.04836706368953903,0.012895771636430544
-0.09086695034416131,-0.09290803218425876
-0.013420858659208845,0.004725641067321049
0.05330713794206103,-0.05400095506221388
0.03814046503549179,-0.0032741626725783725
0.057576638103357045,0.03487345556776201
0.07109795813925464,-0.0252505286645047
-0.07884130547903782,-0.036980588524216366
0.0858714830172147,0.09445812942396943
0.013810734607830995,-0.013681003784278256
0.022977545332919083,0.025138891837202228
-0.005171851812219345,-0.005030019811290486
0.012075682950986301,0.03481969680773111
-0.012986011444243524,0.016861139206515868
0.016959250677698115,-0.016685907838945687
0.07534580106292234,0.0943193870020288
0.04845950418510478,0.01762132751199613
-0.019782479641277915,0.07398288327142243
-0.03883253650408907,0.04244290453921407
-0.07724906380435752,-0.049215978915162814
0.09060078176968946,0.02367482548939385
-0.045542630702620907,0.016672677594214206
-0.0546087573494817,0.09723766409560279
-0.04180405157864972,0.019857043654178872
-0.11271296914998116,0.007554725239356557
0.05242139108405887,-0.033822813723000764
-0.03352345607243568,-0.07673378005389549
-0.03230722964817739,0.05924488055707853
-0.020889236344988883,-0.026475664444842742
-0.008189889192204204,-0.006975696322005576
0.059923234747656685,-0.009094994152966142
0.05248783915904302,-0.05109708812238582
0.012074478148822822,-0.0410184597651794
0.019548749594178395,-0.03634325417379268
-0.04563724775273269,0.03329622275244428
-0.03926804951572978,-0.04044353142233619
-0.009510106648220981,-0.016737406408611263
0.06242501132126594,-0.03495993211080573
-0.056299936949219066,0.0005550949035009007
0.03185567589735952,0.03392969711688256
0.035932021910885376,0.027907402503459168
-0.036531335708532085,-0.06344123906253843
0.08026174592130873,-0.00809178453220109
0.04240487633011119,-0.0756396459043421
-0.00927899805488134,-0.055235228455858834
0.08141309134207454,-0.03839583170882326
0.06665906839493624,-0.0021458782942500353
-0.016347894139721958,0.10568391997749794
-0.0193589059630201,-0.028742636237000112
0.0012627820626563077,-0.055184904470281994
-0.001796085832564841,0.00846416084002948
-0.02539804006581234,-0.010974709232094019
0.020271216142978277,0.019241110265753446
0.0828826332712529,-0.09904473559734164
-0.030789241082785614,-0.02282191872211871
0.004244075413356187,0.06744460751840864
0.006842995886001442,0.12433344600275162
0.013048363741339396,0.04342833686443315
-0.03725548014730404,0.036198481477298886
0.024851314275583257,-0.03374841071290977
-0.08341289670333227,0.060490562851549884
0.03855565103438273,0.011486546930414747
0.089178278305062,0.05268744527473591
0.0007199949577763667,-0.07733416733118381
0.015650766797442543,-0.024049060154640898
-0.00013381031344854126,-0.026440841389481565
0.0673114762887466,-0.013932000558580982
-0.06308708000121283,0.010919562365076647
0.04983821335369371,0.009485598066796556
-0.02797577973966843,0.054055065719403
0.04229351419073283,0.029068840555115875
-0.016904099864282117,0.06371613255578075
-0.055334387348469745,-0.005455723615646078
-0.019826470845044977,0.07380682344482704
0.030252964610422418,-0.024000678588495927
0.008920536419902678,0.026455881060377755
0.03106486954044471,0.005042649575343269
0.002193924610004989,0.016611876689144114
0.06283738232820027,-0.013799623567219189
0.07261182215277338,0.013831248647686084
-0.011342034955931701,0.042604512682698915
0.05372273092740215,0.07413064683141471
0.051740281700594914,0.05009924979874518
0.016356747099360847,0.011407547540174125
0.018474347136335216,-0.06861067385702431
-0.041075402682993645,0.04806677638240637
-0.02084773425980592,-0.031177287595487754
0.006569849280186158,0.08227842623556016
0.0679547405638199,0.07463204418455367
0.017492236926575023,0.05201441330387435
-0.025930809391877436,-0.009264513326975737
0.0239199264556157,0.023055785577676065
0.10239283128922587,0.010462012713042809
0.07975633057860473,0.06711029681466757
-0.006142456875442199,-0.04816927324564296
0.033910250227143245,0.07046059099379536
0.08884374939887671,-0.0930188861683236
-0.014896442465969599,0.0201195527166041
0.17905321613543912,0.008078321950368643
0.02816460976627025,0.0645757740019693
0.04536797101503721,0.007311961182235899
0.009971253960636804,0.1660092994748109
0.013565953691690818,0.075534073704961
0.024665569234012173,0.015620136701993201
0.007099871870312321,0.037410802478553565
0.027350159795033316,0.054086135167258576
0.01903692481217297,-0.007170771531163005
-0.0170598978549201,0.1018746856262914
-0.0720369471428283,0.07821839789303531
0.06911910396295359,-0.022128262150269185
0.014420749854451275,0.02684628537440023
0.03634651068976337,-0.061068985749481844
0.07415713744384124,-0.0009219366172534549
0.11679377413333597,-0.007488198989480936
-0.010226240557041091,0.03318043082691417
0.02441186106474124,-0.05002503920952759
0.1265011913940998,0.10796046414003654
0.07551572412579036,0.02897263634209373
0.017912093348560837,0.0763617257054678
0.10264289877484056,-0.0382472304344801
-0.04219160256233832,0.03232484576845968
-0.0006992399553989032,-0.0014038528491060048
-0.013121402864962307,0.014827775281618563
0.05488229200300944,-0.02303822457079507
-0.01688460932804945,0.06538933741464029
0.05800616770867162,0.06347755327875158
-0.012628406228437226,-0.03355720268845176
-0.09438830214800989,0.09457985605467642
-0.08854779421548496,-0.035618854886176804
-0.006099118406147207,0.024913768260405596
-0.01722903253066618,0.0010420817417343374
0.011383654294762199,-0.019806300934495688
-0.012834864382318591,0.03398826029728549
0.006655311095777928,-0.01233117616601051
0.0646833998068906,-0.02012616457668414
0.01910329499568045,-0.038788353693929224
-0.04772896394109532,0.01582668699643726
0.06353364760815006,0.011657143464853682
0.03082950263945744,0.04026753805266442
0.06515862672521644,0.0427884007650498
0.05078072845791043,0.03899055978756937
0.05523629933942706,0.02062411773268506
-0.028655230111322316,-0.02838373471674143
0.09711035817983649,-0.05865443913772225
-0.11996083232713207,0.00697986361646597
0.037319939115378065,0.00908614710265551
0.08194375485363892,0.003936302485390092
-0.0030532786690085287,0.011579786742557815
0.034054015844405,0.12749226657897683
0.005245072321021791,0.04142555570510715
0.004729479223753268,0.024570127105951668
0.1254137985063064,-0.05022480950718837
-0.06597984678147915,-0.0404975913400675
-0.0035650333049499737,0.02253069775520416
0.0028864126092362948,-0.009202072040155683
0.03546209127726059,-0.013326892551157647
0.07179761169539323,0.045743101578172296
-0.020603050325230694,-0.01108773924174205
0.10851190810435764,0.05141467229761297
0.004163686111718157,-0.011219235421422915
0.04975769177951371,0.06634556826481222
-0.07236881609257857,0.06627503437523521
0.04487990894410922,0.11779184848131558
0.09108822672092025,-0.0032641055173014653
0.03160102525600326,-0.04291310291629248
-0.002961265247020877,0.08713627356705606
0.033045212565914805,0.0299838080398237
-0.021519391731017537,0.03036534261339271
0.028680884061194747,0.05987693578542722
0.044534948831455895,-0.052218729862815054
-0.009684592149197103,0.03142963449056426
-0.08570061129193556,-0.03988125225028706
0.02413474667068327,0.0888700974892951
-0.0011532674898673944,0.02368478067897005
0.03685949291991253,-0.02244148593397219
-0.005006021865692042,0.02323192986600288
-0.05366171393000109,-0.050923442620508075
-0.07908774604754565,0.0175515337715121
-0.009418469459996377,0.04924996170413151
0.038388577302185936,0.03943938507273842
0.10152975158860045,0.05613898850287633
0.009272022605309509,-0.005972792977514395
0.003920370873494493,0.06810434178094098
-0.11253457649456633,0.0509998369407513
-0.05155650732804941,0.022847430379674974
0.054766322532045754,0.048523463642843497
0.004532838307256809,0.026123184502584502
0.06252367873900332,0.021965104211626077
0.04588512464726054,-0.06405324394537604
0.009051838754514503,-0.034270326228482445
0.01169857278792533,-0.018980150616389985
0.0044400969646710715,0.08713079510545879
-0.0519458693975949,0.010248619241804695
-0.006133370765344787,-0.016724269828527014
0.05746756679709872,-0.017029163314222374
-0.025803613358515276,0.006661998766338173
-0.050888677540992584,0.08171024034749125
0.013859113663674236,-0.010931422373814741
0.07152720496430613,-0.06124084247053069
-0.013544909573854874,0.028991555743224918
-0.017066588534172703,0.008511036704375752
-0.068964212290606,-0.03766472161733584
-0.047575851919952346,-0.06881507022646993
0.09800222281532238,-0.03973325554220392
0.030860741701958003,0.043821710028043255
0.03757952637764415,-0.07806562597360256
-0.010027241654818256,0.016939398593306548
0.004395971508285945,-0.049315970013532544
0.0009774772211562964,0.07411479391996074
-0.06975626508507402,-0.023565613551654024
0.05153857255134074,-0.061458045915769144
0.053442451515995984,-0.062307915097814144
0.07022219466923578,0.03402035142050346
0.06520307763060791,0.054040597557881036
-0.05037038434083898,-0.06000068318018981
0.04315655703736438,-0.04244753379640996
0.02370965307135063,0.0592082087055521
-0.045833459815128305,0.02741202394096582
-0.06717501000323511,0.012535134232413918
-0.027793117432758963,-0.02784529548315708
-0.09043935763839615,0.026681620368102975
0.031044466836169855,0.05012312763433918
-0.02065911510027459,-0.005121363190023484
-0.08185781214335892,-0.033943021901220435
0.01782628046332277,-0.02620634960310228
-0.10793755409624117,0.004607647671816847
0.04998815168338961,0.0010655356005824248
-0.1515873277555545,-0.08664831262443302
0.0873438778440001,-0.08911949459546023
0.08375039745782983,-0.009789765442403484
0.010586707019900717,0.09024835850393911
0.04269265834137396,-0.043199553035814575
0.1010492879854792,0.03620423864739343
0.03279123682936906,-0.07877864658153721
-0.03098107895360705,-0.07930566984375516
0.040211174826783824,-0.03729319566980991
-0.006801102334252008,-0.08048044351541846
-0.019984516094854618,0.04082189075419857
-0.13378111852061988,-0.01876666964103563
-0.019578463505843337,0.05334548929608821
-0.06967533727561664,0.013832876326168798
-0.016435705390887366,0.03219136331892038
-0.008642968923635952,-0.020917321119095854
-0.07294354063157116,-0.017770574209031283
-0.036637601758932256,-0.03125511038165763
0.028001083482417487,0.05230194348921733
-0.08856073089517483,0.04401929054733959
0.09602196865958473,-0.027960204805139985
-0.04849685372495315,0.0032357574161193644
-0.05586492358913738,0.08686327325436094
-0.05585264451446501,-0.015255999401169106
0.06826306075144394,-0.014594168826714927
0.01276458347401203,-0.061828875114157036
-0.0416538712654434,0.04551791883978386
-0.038032763387259166,0.04961826075898712
-0.09683109198664094,-0.024866414579892054
-0.10567118610230286,-0.007454905731937224
0.038767697032650164,-0.06356954802601751
-0.035187894625581376,-0.02126914168077993
0.06698033333679576,-0.03457367098603435
-0.059772091989655315,-0.04000435171647649
0.0021270661363371277,0.007608819941028244
-0.04336227426715908,-0.01975973807968065
0.052653558171079945,-0.06500899361400057
-0.0322360225799532,-0.11382236797497033
0.0021202003592275566,0.0017660173493287776
0.02867239198750607,0.07455730504059932
-0.08050947497270425,-0.01817326740509468
-0.04466981212300477,-0.07107754734741357
-0.026736601085435945,-0.003709300097380795
-0.07258031621808833,0.09504939519805843
-0.0739626424173398,0.030011619140946827
-0.03599171738310908,-0.11208810497318544
-0.05676757384479442,-0.036555392466132236
-0.06237874193993466,-0.030355318129454682
0.006204785772862131,-0.08872319454993435
0.06937184304263863,0.027183230883397563
-0.004940563460387064,-0.04590651249609115
-0.06521670562011764,0.02051797600996739
-0.04169798556300461,0.05880858594521653
0.008506068674341833,-0.01760679903422863
-0.02891056867790053,-0.013493399854090324
0.010629873528778283,0.04925894517300381
-0.0036204259456041176,-0.06505214199150873
-0.007150306640945512,-0.04424748342704374
-0.005146178004990887,-0.07101181434678822
-0.10459380541673627,-0.08983888869672646
-0.05010607786692124,0.029253829540527458
-0.011481146791368982,-0.05523114249492972
-0.0716842310005657,0.06594841112804109
-0.03158900623595563,-0.06067322906994227
-0.056659899985032895,-0.07535887709507452
-0.037718833174739064,-0.0341553592666938
-0.07934708593707605,-0.018987291417158447
-0.07115940437049716,0.11668939281528926
-0.0370696298711216,-0.07055278781624608
-0.014591704712300415,0.06452183545869539
0.004068096437876281,-0.09366052516610285
0.07209918610081203,0.0421272580488426
0.08991454010604442,-0.0752496506740346
-0.04324779258130444,-0.013718710367527826
-0.0371859776000832,0.03926207042951012
-0.07455100144683618,-0.0355839306559515
0.0062399894636817055,0.029614270408759063
-0.03632974555478796,0.03010950149337447
-0.12516618249320954,0.04592349097075396
-0.03194626649106526,-0.013085193977554282
-0.06705023989424788,-0.044637302479656416
0.06578859648005976,-0.0140526070779556
-0.06976009059168452,0.004119535598423239
-0.004151012784798777,0.008214202535368323
-0.04916866254720105,0.028756307820627058
0.025666971802844146,-0.0007268174052193176
0.028699009545804562,-0.08706891461718831
-0.00964274085388747,0.08733723894682753
-0.003075476737195368,-0.06442023721397096
-0.047949022342562375,-0.031461390775891315
-0.02539475179925023,0.029635783331116994
-0.0667488303786102,-0.05606241883027192
-0.09495364977714256,-0.076919269830662
-0.06059551833985151,-0.013848481629159328
-0.04908203622172296,-0.04220256505411815
-0.09634223070377892,-0.04181743271167589
-0.03446815108456456,-0.11476302019800698
0.024968812268647285,0.07227741432131246
-0.019279172699617833,-0.05550827636462831
-0.06154167581607872,-0.0023096592810041144
-0.062604038484925,-0.0846879635545619
-0.0463717299663222,0.06422318063300968
-0.13694150194033383,0.0006395126069695528
0.004953005197184706,-0.012748739818871474
0.029710436010675828,0.0064736090764119306
0.06180393976854617,-0.023806024671206537
0.008669991304624602,-0.06737155805774586
-0.01857449961192488,0.007016343626161447
-0.02159135929547051,-0.03918619083182161
-0.022906521107994425,-0.06060794650990291
-0.026898790479562586,-0.10735675798381988
0.033548758600577586,0.04664886803842734
-4.661726594050106e-05,-0.009086449808245065
-0.08194800579744606,-0.02609457855155712
-0.0133567563165602,0.010923152458729688
-0.050728580984508116,0.05852639030562569
-0.09049975353749341,-0.02725713016990368
-0.017926358684954943,-0.0012793731733807961
0.0017395169485690358,-0.022187094047330123
0.006664396204603337,-0.0974725854415813
-0.029944890660779377,0.03602807507034375
-0.009118343010408994,0.00035362210883749245
-0.055443819223924995,-0.0748623747226205
-0.012409900291105457,-0.06545767905681854
-0.035891476246893164,0.007708897282009165
-0.012219980296754498,0.007580315595741245
-0.021460287870393394,-0.027595738786291818
-0.01321543217334218,0.001029572135090459
0.0017556269643497317,-0.04722556133293246
-0.005997873440615592,-0.08677937574731723
-0.026741521477758955,0.0263049265952606
-0.06421818929332429,0.038256371266928
-0.02541457598104427,-0.020334291029338366
-0.02564519853581797,-0.03059044789184952
-0.09240929994623305,-0.03949142474848278
-0.05734954862299679,0.06289943927010622
0.027518446029892958,-0.053391232735301566
0.07026996685211381,0.034866475801175884
-0.012499272612988156,-0.030695565767500627
-0.10371459861407512,-0.10072822091835135
0.01844759397220922,0.005081670053040249
-0.07324974868708758,0.035189703829047875
-0.06358715171505022,-0.0024365126779163446
-0.002836560317809959,-0.04625569996416689
-0.03216897422569414,0.024734886798322676
-0.07064466000653878,-0.037170108714375524
-0.024911123520501628,-0.05666334771458284
-0.05304261169179502,-0.042386595970044294
0.027546108981569985,-0.06355882503779181
0.03112643111477815,-0.05148361606809345
0.01001455563677698,-0.007034335277730796
0.011842772016783926,-0.02784803960185543
0.016143330229407192,0.0024728921178524647
-0.022295030440886238,-0.0048819398055040715
0.054017677718469735,-0.02380577731742113
-0.04367697733564562,0.0305888690292409
-0.05429764638225574,-0.040224117351138775
-0.003799804200593818,-0.027156123543768604
0.01673364424897479,-0.007491692167953035
-0.03921001095894498,-0.04928019622913564
-0.06025159156128456,-0.05823208669149255
0.009359746074942684,-0.1053278841353392
-0.08411434274310632,-0.07110454045435152
-0.014177779471595573,-0.08154731193596913
-0.05917103331093033,-0.03400854400361055
0.040685127160327794,-0.0302741919690076
-0.0396243720147415,-0.06321501795115941
0.11409839936593265,0.0068161196240312544
-0.0030962049529250643,-0.0020581358423933434
-0.06046568465308669,-0.07861432373160006
-0.06548343259508603,-0.05740495479876617
-0.004884041664974753,0.12072793474689121
-0.11340650250014644,-0.13985698764338608
-0.009878405082388443,-0.014436296469900751
-0.012932031871294634,0.012119893663875166
0.0786617055082119,0.09134129195514512
-0.04048505963385795,0.08512349271978448
-0.021690266144027425,-0.029537226958819572
-0.00828791834446454,0.05634980281348779
-0.015124011721675514,0.028645633098060126
-0.024229837328135804,0.00921509405325788
0.01678875030283241,-0.010395568027232467
0.021053543058790647,-0.016881253641265345
0.05967358194907886,-0.06909167531413773
-0.023227466676419554,-0.01641093586251591
-0.013859283554535834,-0.014187751886736264
-0.018888259614206336,-0.000893476547937048
0.04924857156279385,-0.036625960308523685
0.03258011452916929,-0.05867356976157951
-0.06293499626565432,0.0215236695300667
0.009812520651467338,-0.02507504092736357
0.004310441168857673,0.04499071558800309
-0.008280098310229517,-0.013672053466136197
0.02110263768263126,0.03496663921411859
-0.018816382256799845,-0.04291537552594909
0.013609296811586829,-0.04899179346286235
-0.06158995953533222,0.026707719571781995
-0.08146907660892633,-0.0038176634551500216
0.031022816379389154,-0.013564165120102636
0.01783642917242416,-0.03921196094316681
0.04904181863265518,-0.024790307818507138
-0.019670069003140146,0.07116070882772198
-0.08199542086180243,0.020198589061215563
0.010692566815158379,-0.028581263962571286
-0.018004903341024264,0.10902161000003825
0.011036872067198032,0.011611850867126941
-0.038313184697881204,-0.02990689923023678
-0.048895638455558194,-0.019952147980987975
0.07306322917993538,0.020141954620579078
0.030050830667044358,0.006634731357494948
-0.021711753366977005,-0.06435546022290245
0.02587823644548832,0.04782012862675859
-0.016318623203677076,-0.007659963630464073
0.016393394341721795,-0.04928370585426529
0.026124245052380667,0.041158028337208614
-0.06283050732894885,0.06446798016321817
0.05523889810713617,0.02920047538233464
-0.0013691215902374683,0.009461480697110244
-0.09381231735719177,-0.05795185878274439
-0.08141431310352767,0.030015916167858852
0.022187181503031204,-0.022657307045287182
-0.04009083918940516,-0.07210181587795406
0.09914328061898513,-0.04570400488282193
0.07114119532173728,-0.03592576149430412
-0.027490360479316626,0.014883998424819042
-0.03140385300896712,-0.03801377664682097
-0.012352430618298032,0.051998674100004874
0.0031025819932845415,0.02212880052769934
0.03460746710139782,-0.03793415662952273
-0.028802387159831754,0.10505165342683079
-0.0007285153012826836,0.011974948354787853
0.03495473270980001,-0.013833645134734368
-0.08798588585615193,-0.051095238537879326
-0.05116712472530034,-0.020911003114256352
-0.00549497029713032,0.04148853841760128
0.021702223198426324,-0.045881480276423976
-0.06723554677932309,-0.06317837738251028
0.04332670834916522,0.008251222137696922
0.08104697467091693,-0.0444831299621234
0.02351857070583342,0.06571279159055671
0.02505131947359982,-0.00724578487387793
-0.02839759686957286,-0.08966004967845621
0.03500129335568883,0.027816227057191494
-0.014483989862390937,0.0960080865618912
0.037251909716343505,0.08632864392405046
0.025827186781870695,0.02472362935300055
0.04509767375289818,0.010997935087255974
-0.017823969474615283,0.055801710147192374
0.05785140522852694,0.08497195183865479
-0.06644658205104982,0.09810253774546966
0.026450358112759503,0.05282861478372591
0.026629563822368345,-0.050736292482260414
0.08224030488560533,0.031820032495502415
-0.012550379898437769,0.04772368714188238
-0.003994631445195285,-0.03474506022662045
-0.0655138647771179,-0.03229633081428352
0.015161413610798738,0.1013671737401287
-0.07512584119781379,0.005378876318626045
0.05883943547102671,-0.02313944977994607
0.05531949486025394,0.10449402546560681
-0.04048972896480914,-0.022075720023831364
0.05393458505197156,-0.033536995138499476
0.04629805603891678,0.006268937091801582
0.011350795876919447,0.04340807623383358
-0.07136612813844885,0.0315706571769795
0.08702101431842836,0.01603201561530998
0.056402358717922665,0.04791851480913667
0.0914374300672246,0.043522794172402644
0.06166878099595441,0.005181060728583433
0.08459805245921105,-0.008219914261435753
-0.025151426709028736,0.14625783978915893
0.0346452545660029,0.060524741438028884
-0.026866378531128807,0.061637170076094885
0.05287682253404741,0.038442264846973925
0.048708808468554673,0.10538187494515502
0.007660427082613816,-0.007745708257198836
-0.03987394182370375,0.009603486988265408
0.04632146957450732,-0.09100636563446712
-0.007857098501744736,0.1588428987623492
0.01837104112505289,0.06639723057045058
0.010432523706860184,-0.0008592628062728952
0.04454043796619422,0.0334077496962399
0.06359392951505603,0.04225492691323994
-0.023101924421199262,0.025405880260674876
0.02892053305331635,-0.020790265486622436
-0.05494900256921589,0.055316673997319515
0.03647994909755919,-0.04422478872635155
0.02156259556000483,-0.023236835773500608
0.07140165756882556,0.06105226236212724
-0.010374185572655514,-0.07979170780518086
-0.0071879512105102635,0.03260590355226953
-0.02591905127923298,0.06728105442623028
0.007230931996014624,0.05640029664639437
-0.044068156170368425,0.07356277334570595
0.05204974322000824,0.06764302162702683
-0.004934365165791078,-0.012176152793070855
0.023990080373266318,0.08885437409743299
0.01605015655452524,0.06542399208187469
-0.03607885647321733,0.02207600226811435
0.05329788527356487,-0.04315252604338292
0.03314840628367189,0.0040852652657843505
0.0481157717581876,0.06693179501257135
0.009321813422443237,0.011335892886797101
0.005011156132824086,0.04471421411513878
-0.013014064739198299,-0.024743073919310722
-0.017246953264802176,0.04817412288661995
0.13198476389182448,-0.015902240611409848
0.003810899554570365,0.010755333537553894
0.05519205869374083,0.018062254179474005
0.09254702741740731,0.056145634552640364
0.014887996475335102,0.02286475069129117
-0.022596063275976012,-0.03506827821526064
-0.03726105830381902,0.021109317275226164
-0.0034112915755330243,0.0026650471906965317
0.08955159130576375,0.054161335556742574
0.01690888845163934,0.09779964541652679
0.025883351475119703,-0.03443580003508076
-0.042698485831124386,0.04349860020597039
-0.026036235635513532,-0.023064656763964273
-0.005405550348532174,0.021316067380956195
0.05788668371401268,-0.009663374439075334
-0.055667142685559154,0.01800094430581762
-0.017350778203339173,0.03588703163004564
-0.006092410542411466,-0.02046161227453599
0.016921877401296644,0.06902362592757452
0.007203742726950171,-0.024945437355360988
0.05467802564124341,0.051815663462390735
0.027619841387692776,-0.03987817772877948
-0.08943613439325407,0.015189035858411495
0.04801974143292541,0.07450359741195352
0.02548377089807617,0.031511355040630934
0.052154323480899795,-0.0029551730949314674
0.08378017670236726,-0.0397012647244437
0.10147226608403458,-0.020648761989932905
-0.050261017005767475,0.009622059568991578
0.04750214377373382,0.06642416910811613
0.004972949603389296,0.0005457455553661422
-0.07113598154618173,0.013419714500065346
0.01687776059829146,-0.04422119851858869
0.017353642869490156,0.042306899768484306
0.03263973583512374,0.12951140921771148
0.023359285169518386,0.053676508990968236
-0.10833689947760872,0.07763782795148395
0.10495842113045259,0.1058840161640231
0.06363542630142963,0.060223559048348176
-0.017138239016691488,0.08093965341153332
0.0019163886426124578,0.03417545136301964
0.017448540347331246,0.09105654553688024
-0.05055924148705955,-0.017936528908375104
-0.031845190272009036,0.1366192128619716
-0.019997997601232085,0.08745106934609034
0.05337624157790326,-0.04409128300118631
-0.013489029063506328,0.03547873003797039
-0.007842254557395985,0.05454943360586146
-0.06645606864204606,0.0053164165907233895
-0.041554935601357645,-0.06251379988968889
-0.035240963588336525,-0.01835048377063122
0.055680684174565113,-0.02946850236957782
0.013033345727376643,0.048287205398521986
0.057691535509133106,-0.07679567959636645
0.018674218975974398,0.026038902956875273
0.05491260333127036,-0.053583732561847175
0.0642532237099475,0.043571346825949334
0.053809527531699264,0.1037911771278636
0.08214995472465948,0.06859632860002488
-0.09705672545038468,0.020619522855716374
-0.013099637203676247,-0.04266399804087373
0.035538232006190856,0.03577963221957754
0.003776859346968312,0.04951387199027972
-0.024868118311969434,-0.03196806267652948
-0.014045135939184572,0.06585749709564655
0.013156139513028868,-0.07037876440435346
-0.056774961138842214,-0.01227378361877381
0.08561596808090483,-0.07633119522457225
-0.029232615573069946,0.10954520674605632
0.047910951540228404,0.06709151554428142
-0.05554121501678095,0.04463834391825341
-0.029919719991656307,0.04530251684675658
0.1331180054478134,0.04993250783589999
0.05597430076827538,-0.020447582107245156
-0.03654884613163637,-0.0005577623401284183
-0.02763417021692093,0.030771000130329046
-0.018677106665483046,0.04311171464994656
0.0667953267598014,0.026946416852476167
0.028884287710543938,0.11840767146558204
0.009157440716760959,0.025632755931628854
0.025673538759643753,0.03707874475996693
-0.033399004835636965,0.022128504032758192
-0.0025439767081807283,0.04630161294742522
0.02727037579326102,-0.05956779591927591
0.004038162888416548,0.021613593094382096
0.0010930460401907022,0.035540459855228516
-0.043739393947738105,-0.04309718915860566
-0.010897361545838017,0.01684506964382709
-0.01507044992779322,-0.011898591066007411
-0.021258631100397288,0.051154069954654435
0.014294477413843822,-0.1360975921057791
0.007907541435688677,-0.02469145395817723
-0.04421150649250689,-0.027649193985830198
0.01742904962192354,-0.017301239347253316
0.05656890225402333,0.030846994109037146
-0.07916512993094854,-0.04549665008884956
0.02903509963817513,-0.015003835070063198
0.0688282834182554,-0.05293700123225403
0.024830107257099707,0.02060831308413854
0.016039095553079336,0.007160500778999431
-0.004259164782012303,-0.008154883323789528
0.021383651455615656,0.00491575682173292
0.003596002221586427,-0.0037482315939011118
-0.047578868841530314,-0.05951134186853663
-0.04208591276313925,-0.02133243265121393
0.023903807664646462,0.015072772206893363
0.001597006718045424,-0.002876576621099147
-0.12189672419360231,-0.0533521183239721
-0.009766673565319623,0.07261417327834224
-0.03373719573590183,-0.05760544892255916
-0.07525218207159702,-0.012441827729762954
-0.045733973832228346,-0.033702117889726824
-0.008471683356810526,-0.0469141596484318
-0.04596727829365905,-0.029471832658954276
0.03435611690823465,-0.07346042896969104
-0.015320026452871793,0.07438284801956675
-0.0515213772726668,-0.031039531543973906
-0.0026298789000019397,0.00688038446517804
0.04773677532853706,-0.07158472899373161
-0.06427267192543477,0.027230642547898115
0.03841512773139356,0.11231170974476345
0.003920105271830596,-0.001201106543178957
0.03138722206235014,-0.050827430138962834
0.012643355493678425,0.0009416223377533232
-0.0758492990540045,0.030146028711593977
-0.07195292774424399,-0.009957740906041094
0.03369401879736378,0.03499290666725936
-0.0260319048459075,-0.019127214960277847
-0.009488102914116286,0.0038038559653231236
0.030111734753064463,-0.057583056663568985
-0.04221554406340045,-0.041509392105060584
0.031835112956478236,0.04731847675401844
-0.10458792006366394,-0.07042982388891411
0.012170577221311563,-0.03393096022464357
0.05614921690443635,-0.05768736445028891
0.037118786575116386,0.06240765155874074
0.059460081548740315,-0.11073107192054599
-0.011926093028027045,0.06393704769808647
-0.09575122825538708,0.021879513647339137
0.02598971245962672,0.0030722511255169734
-0.06219569980023547,-0.048920630765459105
0.030192317098704326,0.0031922093933361376
-0.07305574588074439,0.06501643599167037
-0.041191765327869265,0.032572423957157176
-0.049460988721781396,0.0006658073786291342
0.006480738063782616,0.024079226523928604
-0.021602429434206344,-0.04523626465042058
-0.015436358247502332,-0.030634340727358628
0.0186498863484688,-0.045227841345022585
-0.004793237175517589,-0.020436246794945302
-0.051935930604577546,-0.09392917084740857
-0.06477834670292319,-0.10076935741528154
-0.06272230770320046,-0.0473050263719826
0.007164532220944209,-0.020275245604079388
-0.05760594545296538,-0.004993158285799142
-0.02953141661038055,-0.007150677100404752
0.016756679576594397,0.03616669902351745
-0.06324738432667082,-0.09334357444123381
-0.032004277209783064,-0.033809303058887824
-0.13539159376714824,-0.0654668305001041
-0.054606793017513734,-0.023023737508852837
-0.05680200405607087,-0.02817019689986413
-0.041304010338456994,-0.020024285979897298
-0.05143887824955644,-0.021610907545308172
-0.013376078446970497,0.033408052166337174
-0.06935969767934343,-0.09884835063890987
0.05186577704836327,-0.028016617021530542
-0.04205767515964979,-0.035732954524167485
-0.002026211529910525,-0.0062730861213303145
-0.07133908249564559,-0.019459871718622256
0.04978964066381528,0.028870924765810976
0.021284402238892247,0.02824367595189039
-0.01301519927494018,0.04278774133732038
-0.04536722135380385,0.07990477908692206
-0.05655451206958474,-0.036568228220883466
-0.10647056605112479,0.08584030659387781
-0.03639991134314398,0.0322282685029939
-0.005189770545464004,0.0005456058759886959
-0.07204425200789193,0.007352328564306072
0.02476468092460098,-0.04431886998541337
0.05881892631428279,-0.08647944803679558
0.032458630293689714,-0.00718733966684554
-0.008870427952051963,0.007125411888322719
-0.020001011049489606,-0.05390010300343205
0.07549057260681527,-0.018127959262537945
-0.015551955527186887,-0.09876858391905496
-0.11819207826615122,-0.04202185814649731
-0.04773748430234459,0.028585739948080315
0.0460551549597186,0.012793341429850311
0.018863797752831264,0.05031276024897847
-0.06668156516838808,-0.10031214876209181
-0.0860407923768284,0.005556290154117807
0.03629678176265114,0.01140329185163317
0.00035236538281773616,-0.0934679534410162
0.015531914874430931,-0.10764159822569047
-0.07077586094044266,-0.10653164157967118
0.029060570448962326,-0.03980509704509198
0.011706568188281596,0.059883964517744206
-0.006696717776996493,0.03233892999666584
0.014333714448664155,-0.01647268504039567
-0.08392791859763787,-0.01171717360532198
-0.008762935802060357,-0.04338854552431359
-0.051242504722120066,0.051418458760068994
-0.037782710630231225,-0.018557134498004477
0.08326171712635544,0.028190818572244897
-0.09247403468562482,-0.11618035821938012
-0.06414242969148573,0.029372391692304985
-0.013414399193706069,0.08570824524315473
-0.08305572841046557,0.017251108843993602
-0.03698677388545529,-0.09130116446025931
0.09749056555154076,0.019136367128988366
-0.005696040858311172,-0.01875546161829366
-0.032096252520712514,-0.00030460469291500314
-0.04147098062275639,0.005225620963083363
-0.005032815182733762,0.021496480578057
0.0025725682541417293,-0.030417150123872257
0.028273208783165606,0.00525846406760452
-0.024864774664492835,0.0031211817824897507
0.007297198490623144,0.023531600393719997
0.007369690745860143,-0.012768914053192998
0.031834231243630565,0.04060077740905274
-0.07762099572836091,0.0778601198096882
-0.010303701655879075,0.024024827633883895
-0.06880212975204247,-0.058100425340123794
0.008266625904846399,-0.059819586607968184
-0.07060562761255529,-0.03175574821772891
-0.05471537749411497,-0.016530529782737384
-0.02283474194838432,-0.048176837890544985
-0.03713995757942905,-0.02111628806856302
-0.019573262995998007,0.01227893813843147
-0.00780130713136294,-0.025904732717640544
-0.02905734532743348,-0.03203540333397338
0.04964541225789229,0.13468343872480443
-0.03163660844290207,0.12491425250100452
-0.05305758001637343,0.00558343650786748
-0.06108371850526856,0.03292488604331354
-0.010862523315518444,0.02842941773563159
-0.009771009262795751,-0.028511650370481145
-0.045945944696583925,0.010662245770968899
-0.0321810291768974,0.020010196451188643
-0.04654691444512576,0.0015187216956021182
0.09472230552701334,0.011415581973729223
0.04376085628123755,0.028415135810218897
-0.02450596320346085,-0.0406894670258674
-0.11778151290781597,-0.007720947544608838
-0.059607886041967595,-0.025830045743465174
-0.02401246998938685,0.09119745364428189
-0.04488094099668061,0.0033550007501234828
-0.012316669277880086,0.035573108439264804
0.01882925996295338,-0.0019650786994940776
-0.1113599177608348,-0.013646775682848673
-0.0032426298596639827,-0.08366346472848753
-0.010373684805716703,-0.11628624148023267
0.024537888987421763,0.049634565207699904
-0.021725107567095548,-0.012964349841199988
-0.12076359685103792,0.023947940607343884
-0.008694885205449716,0.022865768300683202
-0.03287183989240555,0.02305570241291452
-0.01646375928026591,0.03244178441728608
0.005354576648215613,-0.04839319100713863
-0.06407753032440044,-0.04434968091485605
-0.015509088133452304,-0.03355669437231636
-0.019640844628589966,0.06093815507185674
0.051171484427685286,0.038356730573351705
-0.06673936435641842,-0.03246322692782466
0.029228077549100666,-0.00048539812474283125
0.05038481139796947,0.03900299322966362
-0.036686975574966724,-0.013561335798413524
-0.0861241913688643,-0.02589162179696299
0.02726758158186052,-0.0571578644280072
-0.02554394424216385,-0.07642102970218553
-0.07411156553270996,0.02107372900623916
-0.033698385421402126,-0.008269395138690912
-0.07300524560427266,-0.0544815514727862
0.02980043306125635,0.00018904785926955516
0.055096723565716356,-0.07787822034893323
-0.00254922651221843,-0.04703833338455148
-0.015157665624199571,-0.006097958742180878
-0.009948115525891183,-0.03847347792618127
0.022785531247202038,0.02050528050390473
0.09291249552958335,0.049118037404970685
-0.017435418931892013,-0.02983877309672418
0.0033557284422298353,0.06307211441579388
0.03046804246837831,-0.04329626358054699
0.013375715380153905,0.05853172583220276
0.021085180548984363,0.05474217754587995
0.01850977075712007,0.09565856836528579
0.0382032916643826,0.06749237811413626
0.02513871853499336,-0.015106655706469596
0.03182949706753505,0.044974734027026196
0.045845912739225975,0.0038881256620970704
0.03699442046920949,0.059380586899860546
-0.04024445600101652,-0.0054942734129604385
0.015580883675357867,-0.025167779068350906
0.016088015661433863,-0.024699527526176168
-0.0633430879676188,0.0037198565233893324
-0.023303765831743192,-0.02562338652841136
0.012448182735596683,-0.05759084822002186
-0.011164407209163195,0.04930687049500966
-0.031029631201603562,0.05073729092100097
-0.01782200967867634,-0.05432164183029476
0.08453066844805474,-0.14252293737978333
-0.006865395252708103,0.007717865221182139
0.02338687777183415,0.08850278596837485
-0.02010368803037129,-0.05654175442043699
-0.037938297429913025,0.09839471387782
-0.03673829930019312,-0.006079527243262517
0.003958067600309154,0.07480800653005122
0.04303344628439277,-0.04888146487979149
0.03482247843477109,0.025405033274272903
-0.04611767501778611,-0.0008066428164969185
-0.0009268442215738032,0.09807325624305299
0.0693508192903061,-0.1369538617064973
-0.06893377080797236,0.005436117642949499
0.0340381296438073,0.021486997056874936
-0.015111002284485218,-0.01609670390054204
0.035219296597477044,0.004059283136384084
0.0882640342979916,0.04224984244622032
0.03864360814229019,-0.015493822104384276
-0.003890217521373463,-0.04679458835093005
-0.03374777638871829,0.025609336874748295
0.042201107322219114,0.014666085635040092
0.028369590748533395,0.14172151040274533
-0.019263961018490795,-0.04940746845657798
-0.07360756913375027,-0.01795492298103818
0.0016827361058368902,-0.10088269996077293
0.04002743163925199,0.07990820498126236
-0.034556715176199015,0.08228241428588799
0.0030699036035641697,0.06402135355970341
-0.07745764571800261,0.05384122470207336
-0.011476897216524402,0.006918156551043626
-0.037050785182849405,-0.04992906813386824
0.049451195137491244,0.013222686996447389
0.03390036087050558,0.005348089096257341
0.03319952780126505,0.11107547616334433
0.03367860842851493,0.021282520207733947
0.01162211699645253,0.009030726250322026
0.019432581053178834,0.00019783488598084167
0.03927791455078483,0.01746518520020874
-0.10010560194822454,0.002454284610775761
-0.022657927767503208,0.07666374998806838
-0.10740000961838708,0.011351002032333224
0.07688621765280583,0.06368415764332372
0.04839149735329913,0.05709840331404195
0.04376789427237314,0.01881782240462951
0.033811147403547105,-0.05112177799655307
-0.04189098438295533,0.011574047606236565
0.11901211684303858,0.08249218448509477
0.09415932047501158,0.0040736074819863795
0.03331450977946758,0.07003947497020424
0.016722211635028673,0.007719229670605289
0.009755453106767353,0.04385201465791634
-0.012689114038519026,0.03262434935401062
0.12104060210938312,0.019836817680098574
-0.08447323463851467,0.027677216948409362
-0.0008655277288137433,0.005832249350333623
0.10441057530193523,-0.0076598108968676595
-0.029082606630102717,0.031095327276683495
0.07066051831446782,-0.03420029677081976
0.04776008471563219,0.07499723923260407
0.09605305391768021,-0.02572080927845268
-0.00604695895242624,-0.05961119854063366
-0.0017969588033936168,0.07198850456473582
0.055789859010843185,0.07008201101540291
0.04100779474393701,-0.0628170647976729
0.1368508802104741,-0.02970349903425768
-0.06774302992304883,0.14112682276163147
0.011200745791271696,0.0158131120031313
-0.04395444172036279,0.0282494172792995
-0.02100925924431766,0.004649828181176379
0.014220042518303486,0.03960049740734335
0.034317212935881476,0.039794710643634726
0.02189500836560125,0.016214418934090348
0.043316265901829895,0.010418576182000478
-0.11052720554270226,0.014662304543279922
0.04280037864427046,-0.056501052009276354
0.07530139772770325,0.04603627031739896
0.054578398682733856,-0.009696592490477357
-0.07724197607187065,-0.0068914639780467
0.061182004550468974,0.05244587407893292
0.004523527610725917,0.0067681595435114626
-0.012076633957996439,-0.01155147962789425
-0.03281166717826101,-0.005332384018151434
0.016085005188799652,0.04771833391550419
0.014727606542381203,-0.014019223762601216
-0.011871507967873379,-0.04489179892451452
-0.02035300473884081,-0.0020208377497862168
-0.023931318737645778,0.03165219424733454
-0.0011905122099432758,0.06556199065923235
0.0069336778719402675,0.047221210649516336
0.0030802769819162634,-0.005853992217007515
-0.07370006845576021,0.08802890971056329
-0.045527618834516934,-0.05146656483876608
0.013400938949465323,-0.08609978831896299
0.010085061993993012,0.012932911831453855
0.019572237583894016,-0.007225920695127962
0.07618894939594847,0.056877806611821735
0.07208113043817382,0.029143360732031193
0.02047769752716621,-0.0750117771656196
-0.06888269012532178,-0.020408969118914547
-0.03348916876346819,-0.0173158274404623
0.004711174788477133,-0.029886267556569267
0.035020292355843786,-0.0075093847759560885
0.03896248835841711,0.02749606077955891
0.007742672621928263,0.0928924225585821
-0.01790643007324704,0.023065119373476793
0.11975048151088373,0.06163617759883999
-0.057443829940214824,-0.0730476481269852
-0.002983139022183362,0.007227480691756334
0.04468791717592509,0.03322544965945008
0.08372770300288272,0.047927849754716215
0.03784869939628442,0.01520307619720461
-0.041047220451761915,0.006190712531025126
0.05971325061432174,-0.007925730143086913
0.011877993385146977,0.06436991810809035
0.05426502631101582,0.04144796047710129
0.0017200661096961126,-0.027168119739117782
-0.07373783185264815,0.04507057243440354
-0.013759577668301937,0.061231485739960186
0.08951330572475819,-0.012428398609794555
-0.025714718543519022,0.01522006932145155
-0.08443881519083965,0.04684895282948705
0.08301086432279635,0.04389923130242136
0.06300660328711363,0.027946936811178318
0.022251943044765108,0.023714024389828465
0.021593626145089136,0.049642458602414605
0.013779003530742797,-0.052114558419862546
0.016221839268429034,0.0814378148704145
0.026186745848917864,0.11438061570660699
0.06380071669239273,0.06948340724038715
0.0279275677851543,-0.024497925116246776
-0.016659764443942945,0.03323339805109182
0.050689993174552216,-0.012934080754420561
-0.09438170079375863,0.07989611495987647
-0.018454058952371025,0.05892682023371763
-0.0017677551654006682,0.04839361093361434
0.06344583488428526,-0.03615513390654851
0.02083833046950932,0.007487004371529113
-0.04723115624889386,0.070624073725547
0.07938816832718781,-0.008562198962031729
-0.06669603747379726,0.07031253708505537
-0.026301433599015777,-0.04806742538036733
-0.033454918901831304,-0.002356054480537705
-0.02885875942650153,-0.050865962725658714
0.10043047772161938,-0.06622937711054219
0.0002490560233069355,-0.037377162889241866
0.03693931861264369,0.046771994014559296
0.045839142192758406,-0.06149885154837107
-0.06395755514052841,-0.013987213925563988
-0.05854637983469032,-0.02680955027863067
-0.12586818904561436,0.01575345098986352
0.06435898921155475,0.09481221533387385
0.06717147289340271,0.03049942284606938
0.0755708987428807,-0.04815272204528511
0.062199299472126365,0.08278094808078755
0.013796845956963285,0.022070885845729388
-0.1276231379058216,0.011282819340402178
0.06106367824771744,0.04008625741312406
-0.0009479762352932394,0.05327994676380802
0.001985579353464717,0.04982778034299074
0.012264270953294167,-0.04117575570662589
0.0451720805207807,-0.0522803791327421
-0.017642133629979375,-0.030363629803598143
-0.025224287424664725,-0.03755451304935625
-0.01904632331831992,0.06974499921583287
0.06284238057818069,0.06483019238232587
-0.05627621997871562,-0.0040906091928733235
-0.03595932668342612,0.04719482124463307
0.030330272826650292,0.012043527761211478
-0.006280597539738152,0.0339307773801
0.01254107804787813,0.03906400707088738
0.01829071718569403,-0.004612972149331403
0.02425133093436502,-0.013115144626974749
-0.031004264164787666,-0.030943000959621506
0.11040229474810861,0.0037732339982464672
-0.09819824836982884,-0.07360478369957453
-0.008495606863517382,-0.041976234897352444
-0.049110851263087424,0.022700531094424624
-0.032290940157332526,0.023215576741271945
0.05083497535696703,-0.06285496815801819
-0.013103538481930459,0.016620707940001596
-0.0030124215108041493,0.042627103639398534
0.005769214747717821,0.0018416443000529657
0.050839398022963556,0.025968539654421093
0.004164819903673497,0.004347878912006513
-0.0524509398642763,-0.07007252491960365
0.01575759154607246,-0.029202421365100345
0.010557240150633484,-0.07964481692732218
-0.018800893454914522,-0.09618698794690228
-0.06994797389339213,-0.017342583048273734
-0.08946440787366995,0.020566983011979442
-0.03561849065488871,-0.008935580429891166
-0.12470228966733157,0.059113390720921
0.03284717315345993,-0.01190280663268401
-0.02887580086760987,0.05653223488868386
-0.024448741133726085,0.09387595989181337
-0.004554530052290321,-0.018248327837890512
-0.0459755150191847,-0.026701342867851034
-0.05452670533393733,-0.018166051702969047
-0.022876325787819576,0.02692515071004266
-0.05065930320093874,-0.020779885368512704
-0.0012599890180567206,-0.05253276540580173
-0.07344796383760151,-0.00784656506472698
-0.013068498936973674,-0.012903917763109151
-0.017832805322083624,-0.023974213197109368
-0.02224693236132944,0.02675463686873853
0.12646729371730012,0.08831491481322787
0.04128279811355,-0.0868789737309347
0.0818693746156825,-0.049980769624786696
-0.03625740001638969,0.022171492505152744
0.02304943465732165,-0.07100048196464631
0.011602168135026404,0.028484503129882613
0.026918984978278944,-0.026395326426489073
0.022173323317945613,-0.11429153660261493
0.02046697563535761,-0.025789587605774322
0.029623136754487026,0.03857014418671217
-0.07320277616023368,-0.021306770959764663
-0.07073902048581023,-0.08222228943605245
-0.056244075520144,-0.05123841579956661
-0.05693705307468776,-0.025960509344270674
0.0031925192339286746,-0.06694455052302145
0.057909436178046274,-0.0012471200765117024
0.04400710549955324,-0.0616626717458368
0.04898688495335003,-0.02260270956603778
-0.07458145670792002,-0.03682340739775783
0.001054358624352051,0.0026222341607045063
-0.06218336061100914,0.012952423556442157
-0.04738804925516773,-0.09522239632144658
0.06103006814548231,-0.0019140828041664427
0.0020977476765756693,-0.0432642607357191
0.047270779391322564,0.01820097106989589
-0.009746225989740922,-0.02710845193447085
-0.060819063465578756,0.020845338226057622
0.09064775348542468,-0.07376993324117032
-0.008082516419958632,-0.08852530334002857
-0.07920386147158244,0.05746134985798816
0.043824182044900385,-0.048271281402433815
-0.07105699435003324,0.021318749325422156
-0.018075377300043428,-0.02251195409686199
-0.018730979471233127,-0.0401645376944517
0.09619625495395019,0.04311604099852262
-0.010458550116752625,0.04339162929135426
-0.055796263902375104,-0.07187816021943869
0.02187804312136473,-0.0897237564602187
0.010224281069319961,-0.12155790314355484
0.06747664225826498,-0.11129770145270633
-0.025243243119166446,-0.0793740294951925
-0.0509950874202018,-0.06755643000493383
0.01292382876298502,0.004231492718810979
-0.0033951202462168765,-0.059456603354062665
-0.039851942137021326,-0.024361370091526453
-0.045305342900260864,0.02213664760344833
-0.03632896002130055,-0.024191075641732857
0.018532616762696616,-0.06694887025361984
-0.03476768395527332,-0.02202898403925852
-0.02274797759589303,0.04461121843403005
0.0020335331297831397,-0.022849283202476305
-0.03319183576930981,-0.041597827353353135
-0.10312330817410742,-0.06127299571591103
-0.07731434251547309,-0.03354660186120426
-0.07469776774392575,0.07195469309760186
-0.0650076941728071,-0.034011304235031944
-0.05248812289571176,-0.00836401137048046
-0.020228329793206108,0.0454481435496239
-0.07060764290223204,0.03347121942835009
0.04771189143936726,-0.027711584718534767
-0.08723091960639334,-0.05154288220765213
-0.019611006265445718,-0.006411736759321787
-0.006679004819767111,0.03914898803642953
-0.053746646634116144,-0.02057965691657234
-0.008779841898189047,0.001332501649768763
-0.03387902700981879,-0.04439412689350266
-0.047801876384573436,0.012440347849957727
0.027339592032308624,-0.012556160094127418
-0.09118604817324832,0.025694120103543407
-0.07234231221775933,-0.011981410421874039
-0.11245877688840467,0.09759171486849341
-0.06456581613537392,0.02753600643693492
-0.07729085394610374,-0.07257791370978414
-0.05013524258588865,-0.010242655071965052
-0.027853451824515294,-0.1060471356877791
-0.009168606126541584,-0.03057676573125705
0.047833617834205935,-0.035588886119411266
-0.08455856600684282,-0.007934515447233371
0.03028173742167438,-0.10793233003061456
-0.07500430329127701,-0.008469298715174352
-0.036875284324219354,0.04605301592368326
-0.0751437615402226,0.021569402273140487
-0.05513868865324452,-0.09325729004367832
0.01422650189905355,-0.0050901468897929444
-0.042513252083651754,-0.018980456005805404
0.006418785981711771,-0.011106707882145088
0.026525414640517695,-0.04653712303055936
-0.06865363706996373,-0.07688819164129845
-0.05027728400444943,0.006335527444794049
0.01736890774861588,0.009856130130537377
-0.00038697366836096606,-0.10970409023758658
0.06639807948857435,0.022641771583917256
-0.058377692487579104,0.03129646946128821
0.027891409933882397,-0.0636921363239283
-0.0036736860158764414,-0.13014758189229822
0.05706554945132157,0.0804833702707595
0.017034187891944174,-0.06116266736094875
-0.03863320754072701,-0.049992176144763055
-0.059532771436414264,0.025202448515234028
-0.10941303321146346,-0.05203177806003515
-0.022648513238080054,-0.1049093250694549
-0.06715006322816422,-0.028349383683798836
-0.03131705024770647,-0.10911631241406236
-0.047571053504834794,0.011058221653317723
-0.010668049077605124,-0.03571231591233226
-0.02249894252098937,0.011450473084855198
-0.05351291510577849,0.01171615449942583
0.033426195093172545,-0.03601664342861727
-0.017578217220486674,-0.07857405570145878
-0.038299274425754946,0.004906289358395911
-0.030275604760972546,-0.07538169830471145
-0.05549300737191115,0.0470419667229703
-0.07094982115686352,-0.00574862477825905
0.031788075381365896,0.006983007208954877
-0.010931410254049385,0.010275070610590051
0.011063465570604895,-0.02113762770494479
0.028892039067700045,-0.07098239174431598
-0.0174930988967562,0.048320781957560836
-0.031114651523147185,-0.09565698196862468
-0.05369904807136899,-0.055125253134881695
-0.04604712574259987,-0.11322870987389944
-0.009579640882594737,-0.07995548672842412
0.06664293536515714,-0.08851251569288862
0.04137687268943233,-0.016858330413119533
-0.03467410764573331,-0.02440764385611103
-0.03223797566060213,-0.06959403142884239
0.011607079963750079,-0.010032882790313617
0.01705551384953101,-0.004598343052965604
-0.0603759795663975,-0.04133317453663574
0.06357079685093128,-0.045945851210380306
-0.0009959638897671375,-0.00044564714354063985
-0.08352380021168114,-0.01039361520452952
-0.061142324175751085,-0.080936403112712
-0.02391376320949739,0.017781342342542975
-0.02287245427277169,0.03107350558125748
0.03715536003953581,-0.05717542710085623
0.010952487712492912,0.08314243585143857
-0.02603746196958546,0.0243914433962288
0.006475319303364056,-0.013935681206948464
-0.003115925193132559,-0.014727793052850078
-0.1542124514904331,-0.04750586054410727
-0.08252567603165303,-0.0330576045440759
-0.07368766396617617,0.018501826346128854
0.006446242232668903,-0.01818762321903275
-0.08963145998900195,0.026596428830469948
0.06514658251100391,-0.04565308921077435
0.01059696863498107,0.06665124185887379
0.01911247631242563,-0.05468101829739158
-0.048482773996307814,-0.010611716170777042
-0.03020341601739567,0.05001122310365416
0.054076937862785876,-0.03387454040700092
0.02554056655531452,-0.039722940154995987
-0.002313449664897398,0.026120101243135456
0.01774044578689239,-0.084856817353578
-0.08999571784272353,-0.034125094096322986
-0.05704582675325591,-0.04966986212890432
-0.06537647793289704,-0.09968706734942019
0.027882189472061534,-0.040696565366752244
-0.05910433432238517,0.04564610336708629
-0.008679304561569179,-0.029505992913828515
-0.024877969693244465,-0.03525266815419354
-0.04801635575733363,-0.01832516388998759
0.03873848536252011,0.03544462416726739
-0.02831543055429464,-0.02254955464597035
0.0029399909888659084,-0.02764662003778858
0.0289524809373126,0.03393810768298746
-0.008103826482324269,-0.0208589970283883
0.04079756851562582,0.013718349660234786
-0.02792641680491658,0.033578740205399846
-0.061843569859797345,0.0023466369336654714
-0.0747490444039686,-0.0005816766860355475
-0.03611723370224552,-0.035344552593285956
-0.05356417414816966,-0.013231873406704023
-0.054466967872858194,0.034877244688082606
0.027174790650201536,0.06989019152624772
0.04945722479210445,-0.11063520556828578
0.0024056851634003773,-0.05040339745763544
0.018602558956094976,0.023578905969974643
0.06867090448291358,0.0017149420861850041
-0.0021254498598648314,0.017318178352896372
-0.019327202251472067,-0.001247342849189193
0.03565466149568138,0.04306177785855754
0.018566694237002006,-0.04730890620777902
-0.02847609645259631,-0.036407385813166895
0.009752226961039008,-9.506526000651436e-08
0.01684987482319652,-0.03418864183102146
0.037669318079293135,0.046286553486080906
-0.03291692729340729,0.09021458806835175
0.0659207407157627,-0.03284284541526132
0.012893971444192793,-0.06511790773953709
-0.04446810580839441,0.062321800924569314
0.02436242550014419,0.05692202729786246
0.00945141232260066,0.05237424978815588
-0.02643357545565864,-0.04055911201998905
-0.07696145416145976,0.03844973249874895
-0.07766867959348589,-0.1040863722055488
-0.07211172957361188,0.03031612627327776
0.014666160867128446,0.01904119768007011
0.03326172323591046,0.003089238735370603
0.055974245317623496,-0.009618098994622185
-0.09469028664224968,0.03796915420427639
0.04892860310209878,0.03104748811779653
-0.013377797092160075,-0.062486604973564785
-0.07326033337486908,0.059202783451377756
0.014803282043130351,-0.06324449675142425
-0.0464932468964301,0.08241305916742517
-0.033894732256811735,0.03318644826644695
-0.021180058026686384,0.0530753654105833
-0.024055068257973662,-0.0004223242950919552
0.06999994495810857,0.015829096850954207
0.07043342207379856,0.028751961987607388
-0.02844134210655128,0.05448976035291821
-0.03334777428368464,-0.0615253553287749
-0.022292553282018394,-0.05211912185483765
0.09031404489968248,-0.09210932787653259
0.00609722260241948,-0.12793408368302853
-0.01485475084696772,-0.05372818832951902
-0.03643728287573746,0.025183230049878245
-0.009004422036283913,0.05201335949986353
-0.0034333316898196124,0.0471307224509553
0.06896712363467955,-0.02659135641176033
-0.01653431140966031,-0.011032732864890782
0.021945155403399252,-0.04746310508338321
-0.011056243512531119,0.045993291425975136
0.05990822712067902,-0.020111604210124583
0.002403601683681136,0.06593921074077336
0.05423066622506946,0.06312016539378042
0.03312698326527608,0.0644162495109109
0.026241743294247052,0.06982180158978703
-0.023926252761341152,0.03333422237253223
0.06415681750362823,0.0730452690588999
-0.022157985646935083,-0.04599262973740753
-0.025152046163840102,0.03413429792903301
0.08084962263960502,0.06016791281723782
0.04592449195108306,0.013384436840687042
0.13734994800092643,0.07062614971355384
0.007660333647231022,0.03207538041640981
0.02378516858858838,-0.026617992296601785
0.02342623292689078,0.004062066622048045
0.017624363436892762,-9.277140526639353e-05
0.0011923752557680169,-0.050664082561912314
0.018574067071762273,0.03690366249598674
-0.0436853188208555,0.05026691214537
-0.1046417911843712,0.02321952228908446
-0.05350188365446634,0.03278054444671867
0.03635033571796071,-0.02248225391684891
-0.02312153325763816,-0.01323245024069845
0.04639116155019714,0.09753196106765694
0.029616087138891727,-0.018305690981354178
0.031966429399681015,0.001294317067619278
0.07878533459842,0.029642148519483897
0.09909509317930197,0.008024650798136607
-0.014354767436921032,0.007914721733070174
0.058122247827134016,-0.031470097420219084
0.05358239634307731,-0.026254879308849104
0.05472550068963474,-0.015525432542457807
0.05794042352608397,0.10536871197131148
-0.03187258212704297,0.002688613971825276
0.06204633852601263,0.07126317046429778
0.04595745791473796,0.028981993206696068
0.04106320278558914,0.002571002979176472
0.047649072985812974,0.01520262947909006
0.0914254868699498,0.03230783189647051
0.04814349458774119,-0.03488474896840578
-0.061422803789772135,-0.015344737148446537
-0.019295149160187524,-0.034564777910857755
0.06983968349354834,0.015195174377962212
-0.040471169235537924,0.07367783264777727
-0.02113346227279062,0.03133642164218926
0.04396231074582388,-0.001195973587533105
0.007787020691082884,0.051911378237095046
-0.021583559069570005,-0.04651291761518864
0.010845341492698243,0.03734610048946124
0.1282375036645351,0.0007935265757130286
0.053144419001681625,-0.04390732081893967
0.039670887062534875,-0.0332448622248898
0.10768228540443672,0.0764868653459658
0.09540427747112484,0.06336023530852042
0.017601532545405585,-0.011478429797049002
-0.051146583637662696,0.025802267036064017
0.004686093552224416,0.015186289387911552
0.025729297892333823,0.007784041045349537
0.05505360205943402,-0.03301912386180818
0.011864710199989324,0.05647801946386513
0.02331647440371742,0.050559667041188014
0.02049109494758407,-0.0366535782235663
0.04112992070782792,0.09173188394027995
0.08753987556323856,-0.03428967789534923
0.0228847845329733,0.013239973444249422
0.008996408391752114,0.022250016497913895
0.040541880210309356,-0.07733403205664792
-0.044794263374977626,0.01122979285909474
0.02533525774468295,-0.016103084275174158
-0.008646776960719648,0.013786907829867068
-0.0038785378166713708,0.016016168664897194
0.08190827776496755,0.0068551903130656625
0.061546381948455624,-0.03524899071599688
-0.023351130741047377,0.05270684007192114
-0.00200249953500543,0.04760648077266004
0.0035400184299615098,-0.030003871050394076
-0.0017391776988804168,0.09650593746572188
-0.01992235661934254,0.03939085902300171
-0.027587100715421052,-0.023829695398118182
-0.0021271738896433898,0.057243968491540495
0.058559001873706856,-0.0037817737461823056
0.08543996453330094,-0.04779642938430053
-0.01977110412487284,0.109512158667324
-0.04707854401731869,0.06111019029525931
-0.10265328356304657,0.0470924114793562
0.08664106048647002,0.01048841363397602
0.052789069162318986,-0.04223862878318136
0.04943437408782678,0.04472668430598559
-0.04896541665713733,0.05065516282166076
0.026346276317480884,-0.05207816760245729
0.024114513712540114,-0.06340081934129903
0.031705374856590744,-0.03984293096497329
-0.025982258307052978,0.007598349423596808
0.003960155859382683,-0.06297008171874077
-0.0053072307809370195,-0.027392141287773297
0.045898927878893,-0.01815060445311241
0.0002711317106320055,0.05906864866163393
0.0896623765020967,0.10449789664567562
0.0824141206120852,0.05294157608240416
-0.017687248362186003,0.01902749260135146
-0.04412524317778068,-0.0714035487154972
0.03684902229609811,0.07772488590470185
0.004987295279204468,-0.0024702712920953405
0.060395160165705356,-0.06895502844629058
0.0723186947588397,0.05991003724158308
0.014283751833548637,0.04235706816083998
0.07381889435436907,-0.05366803895397598
0.02604683942137813,0.04982961094105252
0.0780240905608219,-0.05947760931009494
0.07907137706252931,0.017266855273316558
0.1042113506015059,0.01613797732472935
0.07484565094632799,0.06165530478010267
-0.03159827279424431,0.08458863226506289
0.04910562570575552,-0.025260720440372454
0.04899006988275021,0.06632600833115736
0.0010480373724071294,-0.009127930277330545
0.07320244768701008,0.10945912705520111
0.012606054782148516,-0.08053276567103967
-0.07947984529047566,0.04299259149704192
-0.03021615052229018,0.06090703234605753
0.01986892439431842,0.04574354066982485
-0.011457972409414438,-0.10708206535647694
-0.056151674079540054,0.008014374437062426
-0.06339258591368115,0.07338709635326708
0.027798367171380997,-0.01734241044154375
-0.015614140043475404,-0.016896006950787072
-0.0032358976307773363,-0.03952904377681987
0.009519512616181747,0.10528514402224462
0.05812631521801026,-0.07752744604007064
0.12218037661955757,-0.0006366560025933346
0.1291477728011887,-0.010888356961930976
-0.07128668938360243,0.0638047808519685
0.016898183788808988,0.038691853153613606
-0.09644013136219634,0.0068713397729880275
-0.04433352275320544,-0.02339174681128529
0.02909243039814076,-0.060066211159573474
-0.009760582834776425,-0.00882448628317688
0.0024218935333224605,0.055808566061201104
-0.005732420973201401,0.013751780319019243
-0.011044186268413716,-0.012727704763835598
0.026517007045253047,-0.06547704834959531
0.004504488363678894,0.0380518018777124
-0.03541915797867005,0.029379700153319303
0.009459079160849097,0.05915685306256012
-0.009438137178295499,0.036892116393319845
-0.027406886064108398,0.08654183562139521
0.02307032782207856,0.02439017980001432
-0.041888008897876604,0.03280655461163091
0.010394388275989336,0.009875642999718931
0.08170862436308908,0.08037036305240251
-0.034021212470893215,0.08323495360869906
-0.023564812164442915,-0.08707442662089654
-0.14043489792821318,0.061467713919958665
0.02288475166389057,0.05465984394938529
0.04396657949549623,0.021543301349689792
0.08856458518217278,0.07925450084949599
0.11220878618607652,-0.08867857757887324
-0.001964859329434133,0.03138807492388344
0.07844362520830037,0.1038470382601012
-0.016311659334541477,0.009802769828725424
0.07048775303754595,0.05124576873583735
-0.01930090479846612,0.03417725009651492
0.015358387027964531,-0.020043603198415305
-0.004795581185358811,0.04942392584797866
0.037188581677256236,0.008234616581434111
0.04971653769667615,0.029111633437126493
-0.013965429791683819,-0.050699425476201314
-0.04593808078299982,0.07236335644452445
0.0019945764374421186,0.027363882161848478
0.03320026116479315,-0.011639778669215598
0.12286673687598923,-0.028205351148367384
-0.020451017571419976,0.04283249144967757
0.0021209471343367867,-0.013179620256923917
-0.032772421088365165,0.10644557921405816
-0.03768553085065721,0.029325126814415556
0.038983111175751144,-0.055854859730025345
-0.11213047837056338,-0.014529910645811897
-0.0023202139307622544,0.02724974719610431
-0.028781885634515066,-0.04204949484008738
0.006612047053726532,0.012815464354749034
-0.03492502289815051,0.06768753446595764
-0.0878313268249924,0.09129717498520634
-0.02378630451351818,0.020251112929099306
0.062261124055539394,0.04493471535462777
0.007668056134347201,0.05558612740165242
-0.07137533428017892,0.012581022517260343
-0.03181247710292518,-0.09878240958062788
-0.009416315632579882,-0.05444816787988385
0.016456639103107552,-0.03388523879393519
0.024370552828273277,-0.01237251028299357
-0.051741080725164236,0.06382797283149179
-0.05260363732024438,0.0236485299289897
0.0432599378650417,0.030218311088263936
0.02514494866503733,0.03415918355032756
-0.04784789907827948,0.0028240249426938167
0.05025614846721247,0.01837108692209622
0.030127890391603598,-0.050159082446927516
0.04804009309380135,0.056311721614222925
0.10391040970600597,-0.04671772570157969
0.009430955210137794,-0.042249700058227466
0.011650744907860142,-0.07270329134548476
-0.06769530449337825,0.0009428497449155155
-0.06882911004579353,-0.0028747891604075874
0.04344039914029209,-0.02017350250434963
0.037754293561849596,-0.016058207915859848
-0.033454855715383716,0.002831758828204611
-0.05982758545875848,-0.0532476083088652
-0.05254665217882429,-0.07126275265562919
-0.0904951590120745,-0.03141312392562911
-0.016927925613378116,0.014878985872199284
0.010052732862928928,-0.08768825393219068
0.05486095520411897,-0.03898082333506305
-0.015194991255749989,-0.06668602646775137
-0.03968777318875054,-0.04080382999673735
0.043647166409610576,0.016847220080539974
-0.0050644169605632665,-0.013824845614257062
0.004019075355158918,0.0251743590221713
-0.07950245499805617,-0.05487057106430172
-0.0836318094227356,0.0459562524394853
-0.018750504535586743,0.01711687713901799
-0.0759819383021662,0.025600705655482076
-0.05450829071560033,0.00381957999693636
-0.02709123779962986,-0.15987047219590644
0.039388755196772776,-0.024070310954244462
-0.03404848034436671,-0.021220089554029917
-0.04455023616728862,0.03610417459234267
-0.07280473784221257,-0.08439091921908927
-0.02608326532062076,-0.027746354705194962
-0.043194597870791225,-0.027336678680611078
0.06546863592149178,0.020374602099805888
-0.07692160845327856,0.05796622471071159
0.06816331834055268,-0.011826368840783301
0.00029344235310472394,-0.02939784503513431
0.03174505611805877,-0.021133590441108643
0.0031353491414998803,-0.03721975937366542
-0.13323356325327648,0.15257711572927857
0.04413564467257867,0.010182965135583439
-0.07645532419134385,0.014160471248332487
0.02166195177315584,-0.0036421134398553524
-0.07644361361096577,-0.02947107541764371
-0.029193328044818844,0.039219743347368705
-0.047177352241628584,-0.040059671379617384
0.04678871195723978,0.025846576300014044
-0.04953201042812927,-0.06515599387265883
-0.044211790565652914,-0.01644148928248909
-0.03190657866792072,-0.052546693518400744
-0.08883121644816848,-0.020958088284021726
-0.048891887914104204,-0.02427180966386674
-0.09418136963083483,-0.05632850305386584
0.014590587470037296,0.013739735557047966
0.0378723219455895,-0.10560868581442359
0.08055128189326219,-0.011184015923547426
0.028077933208707828,-0.04383039007566504
-0.035629951038547214,0.033118450478474754
0.018516228172454127,0.012306514732122808
-0.11305819796870561,-0.03104662687189186
-0.008259413473689711,-0.013309372654604966
-0.03719629053332372,0.0581519116185865
-0.04975100828235801,0.06877695411281798
0.06012507651278593,0.10862674034163955
-0.040508560747828576,-0.05721931407237704
0.07370012655473707,0.0055746201292926
0.036965622903300493,-0.035094283042960965
-0.039206668859964586,-0.03130149633932776
-0.04113579726453237,-0.052624553785408985
-0.06107574024228929,0.047273509546706144
-0.03626512147598725,-0.05151708173791092
-0.08256747819884092,-0.08538729483290805
-0.03753412409181567,0.05699153270961414
-0.0861937619931114,-0.020302458119899926
-0.0494314506028342,0.04176280128990033
0.004823276960326587,-0.00042731271402960194
-0.12865605872244754,-0.007050362120906768
0.00878577843408802,0.016367423205806943
-0.049212935595009,0.04001068576947925
-0.0520443252894706,0.005260767592815175
0.012703968175140946,0.035751478766759395
0.038566867558213536,0.028385693883530082
0.026870883011482345,-0.021003508786285853
0.0098755726312964,0.07638597960807536
0.0448463709323024,0.00807604942984106
-0.017674280139527893,-0.028408533521788737
-0.029623147118991285,-0.0450280490678686
-0.013502783369522056,-0.017431636697653297
-0.08017235928411215,0.032658110944389945
-0.05764025187732201,-0.017027753064048017
0.015752414116432703,0.0076729287601006654
-0.009645821323299336,-0.028662815863808748
0.0348121227227989,-0.039095949920229474
0.014084383016145233,-0.016419828957503962
0.10576768523476503,-0.1053459731301312
-0.08365996315322899,0.034474136086120766
0.06264535469699599,-0.03942648758292479
-0.07308759190142573,-0.016921415295122096
-0.007204385889802607,0.06856780596747401
0.020093991936823867,-0.015774609855337244
-0.020073995338201298,-0.01019089419546725
-0.03371362239564788,0.04399571364362535
-0.08625380534135449,-0.028586585775360218
-0.06133165236621152,0.007692693118374477
0.024545755405645138,0.0032904813921305204
0.10975088049119601,-0.13111709479765882
-0.08928546299394073,-0.03541856124591343
-0.023041038865666243,-0.10149284343440887
-0.04479971768956557,-0.026508719256472888
0.0026856215971287605,0.022429204168508098
-0.031139741934695687,0.1156394825850046
-0.02916129685790917,0.00046037853757682247
-0.08334798884596965,-0.04149440202045341
-0.09093231700585669,-0.12305997002604148
-0.005198573759473798,0.034383073664338036
-0.08012275404978747,-0.12368175917447798
-0.0160049067248225,-0.05014534819396041
0.1104571498287752,-0.04716728328247353
-0.051826120920410244,0.025108427910494453
0.022443364220953693,0.08474761758432241
-0.010752881678480593,-0.06384315688156386
0.005524514208966366,-0.04019844983860314
-0.10806683783962012,-0.01864004786286181
0.01555932938431544,-0.006012166925627092
0.08036267961224454,-0.03727519073054887
-0.028729124922902936,-0.02173988227678373
0.005854948052678529,0.00979425929514586
-0.07397836161343467,0.03125414337254265
-0.003733197382277717,0.02661052448977996
0.009006079209328418,-0.10608640556357461
0.09249214762632389,-0.12949942113521046
-0.03310566034730674,-0.06257570386099554
0.02400046205882502,-0.024537122849772774
0.07861799387511267,0.020217028115731166
0.08545189091813678,0.04492546162789191
-0.05137372818979981,0.018023017987415433
0.01576370905955514,-0.0666761969361428
0.11460340752717116,-0.023060462186877333
-0.02159721416181041,-0.009805410950216833
-0.026878612313137595,-0.033917752452215996
-0.03683107457517746,0.08600290633102797
-0.03817563649579251,0.051038435234926474
-0.02044589400162555,0.09153582740429649
-0.02744459841284646,0.02598104691531336
-0.054910323958410404,0.07681560285779969
0.0022052802462521337,0.06470346309533771
-0.07829520958396632,0.03294789534689119
-0.03923970870531306,0.09199864064765881
-0.04592985197456941,0.029540462081526175
-0.1016895785723444,-0.057353631653336054
0.013922868573345737,-0.03202639353309882
0.01464498362941678,-0.057810280431448584
-0.013066653385109987,0.043531312118534955
0.044207147984407995,0.05934836667171962
-0.01780581852575211,-0.00894628718857244
0.016755635913170634,0.008047633632747901
0.04157150961298843,-0.09781405780229706
-0.001844348404487683,0.0027452121009318305
0.11313589524260438,0.01791496466065116
0.09132293744563551,0.026247240841698743
-0.043707600425106116,0.06634256825517101
-0.04016627064693958,0.029732934673163174
-0.03718823363762086,-0.06065877308959451
-0.03192873130298877,-0.0768389820612945
-0.10657294769006055,-0.011142597180632577
-0.051495058236152524,0.016818776277121965
-0.03456137814279975,0.05106352871886162
0.018115983668718402,-0.014124243774511111
0.010055751450259292,0.02379732584017199
0.0009123184083744104,0.016975170415524137
-0.010450304086555689,0.09720832477299286
0.09059056107469947,-0.06123789960905927
0.0339185515615152,0.049565342893408366
0.021332524938250257,0.031018405380173832
0.06651434079203483,0.04473825572030727
-0.001043114595615509,0.050110433893669204
0.046323434487558594,0.05883809571322753
-0.013906717737329358,0.08744256665456147
0.058412994229945045,0.04151576549858774
0.07053820231774151,0.05608802875455956
-0.030729187579361203,0.016775707338135014
0.0021355316901533142,-0.05185866977276937
0.06832139335241612,-0.0024145994071897063
0.020040273987073403,0.007728745731245507
0.04237842876467117,0.011601327797620846
-0.02952590858626055,0.06527050173502254
0.02160257982998029,0.015572125484967593
0.01733547916816173,-0.01843627143973132
-0.027141069159445405,-0.0022052571654784378
0.020876306837097482,-0.000544532933499463
0.018181073760899388,0.00512717296475633
-0.061347372297012426,-0.03785337276498503
0.03808120035866177,0.15938353144766845
0.07989878488016264,0.020092419623710736
-0.08133638630659858,-0.034941807289299395
-0.05677517534573659,0.023858125381049432
-0.0635394813716858,-0.01622473957634046
0.030480060948082983,0.0803707048481738
0.02756007327666899,-0.021600465104902843
-0.006707813559793009,0.008960214563376596
0.008768380279823258,-0.0547833360549395
0.054622338824329576,0.09161070335270662
-0.07559304780128041,-0.022021233675418635
0.0030327609819264315,0.06735840804667699
0.10841484350740964,-0.014558262361316517
0.06770864482852748,-0.03576748844167732
-0.06985371562585005,0.014404883537334875
0.04071175590235225,0.06789940500802195
-0.038590702194867356,0.09022108299752638
-0.008149076665800512,0.05778825195360661
-0.05625358355354398,0.0610686588978051
0.03309860797238846,0.02814662828558554
0.07050633059429454,0.07393767114533763
-0.0018180993666966506,0.04150976790108731
-0.017744118163922816,0.06759230564244725
0.0910315101337067,-0.04628465375830929
0.007114887550281161,-0.035985067527578185
0.0030501407962252227,0.05115330640684013
0.027332961283589887,0.06770150763381348
0.008822648853122396,-0.04644487269263746
0.04456025128427535,-0.07371330470574576
0.053900575444004284,0.14219611283161146
0.01980659422807739,0.0038001803923811937
0.03367242730043833,0.03019175227299018
0.032275666072247314,0.08065285265897373
0.09114137983120646,0.06486868675347121
0.09580584539668574,0.02944699208370801
0.02062999592857833,-0.10432167808250345
-0.04926889466964807,0.11030284252637153
-0.07862278742252225,0.021301949394143913
0.04042403463374364,-0.0503944502199023
0.02659765377674682,-0.022816664462129824
-0.02246867429134428,0.07316852850306056
0.12568254580332486,0.063356725876688
0.03412311571325731,-0.031001217700832077
0.03488863650079694,0.05420299672791214
-0.04702705874442292,-0.03709651504254448
0.005938954364929383,0.04449503177251568
0.02582655231115577,-0.0727437176228166
-0.09673567799144002,0.028776831178356884
0.03899005218060085,0.06765230049514889
-0.04772780830592108,0.13120796121882192
0.015395868800296133,0.0030159686921869787
0.09103070973012597,0.00879917969824027
0.046895482735428054,-0.04541745417725471
-0.05049528593093179,0.02616602457911439
-0.09249686342770459,0.002398426928022307
0.05981856019629851,0.03559128754338223
0.032588935070040195,-0.02509623197615561
0.06065352972824215,0.02168749750581768
-0.04633900587520341,0.036286042187295114
0.012966208965677488,-0.030135010340607934
-0.012575017124363555,-0.028883921768490903
0.01887500697804557,0.017917085413409032
0.05081571385503062,0.05568068787160822
0.03665623651047743,0.054293657145213135
-0.0903915085690102,0.03767633809992325
0.02709705992486223,0.029733644559128043
0.0066717284243384845,0.01821372092756984
0.11160440981489411,0.052913733291852956
-0.010334687988918956,0.05262315363409429
-0.01301144581404879,0.03999810917256761
-0.08452763675625428,0.031036488793648016
-0.05162386679496205,0.044452348231344245
0.002878695305507311,-0.06449041330359628
-0.11830203311383686,0.01742943067405627
0.01046561094621478,-0.008347467318076372
0.04162398916826277,0.055106103818173435
-0.012279892468835964,-0.051666703289080844
0.0005653199455785858,0.0032591467961336183
-0.011702034231617569,0.06087347319142469
0.019960317590354108,0.02729844133693316
0.051009117885205846,0.014146426564321187
0.06465970779560339,0.029725790210544292
0.04874278162804558,0.008400973148168858
0.02052290678986535,0.017526416516955613
0.08465576721834402,-0.007789976781321303
-0.0763954893105409,0.05549529236369394
0.07109595589657079,-0.025619225681949312
0.0691186343956963,0.1002286811153166
-0.014746563052944524,-0.07625198352128862
0.0179677687118934,0.04367200530586299
0.014126289018247806,0.02189791752657323
0.09974482639683463,-0.02735974149830788
-0.033671897102601954,-0.011994533454464058
-0.01920969384083586,0.013403270211852805
0.055741507291438855,0.05487936201875876
0.04863564523663444,-0.020029714089005477
0.048669207262259304,0.02073675359867312
-0.0617050248232734,0.015949353550544363
0.011298492158574737,0.11726220921956428
0.03888213190373823,-0.01091444274679191
0.08583139769955966,0.04046283161614759
0.02698556377835364,0.057355934168246234
-0.11435672852671917,-0.02654679916168305
0.09056558236950771,0.04801303411790794
0.01433805978677163,0.03367057219783905
0.014055560289796532,-0.027393316387088255
0.08360237523967905,0.08110351663950034
0.08340516892354712,-0.058249000608252485
0.004129983545099801,0.0015206903562779463
0.08473308915448474,0.005167673839701055
-0.052017314699656064,0.028659468635478053
0.08421542169594409,0.08467739516588366
-0.012558752078897714,-0.05637239294574993
0.00986592200813783,0.02337071390141213
0.0038047922798049166,-0.07235141605044237
-0.059335082568695345,-0.022252959364469457
0.06298549420669088,0.09725749143956704
0.053537846487767236,0.007984996901788879
0.05519636346789832,-0.0373668276146347
0.04009672959970284,0.038871803695662906
0.04752316401312727,-0.007731452940655709
0.07317659350357818,0.010035210983364925
-0.0024693662129191152,0.007476494384501027
-0.04807388154392096,-0.03413012256882474
0.015244507311656458,-0.03563852309526791
0.004895336076072716,0.08722354938657298
-0.02390135654642298,0.01048889465263819
-0.0038269980120392566,-0.017051010453131177
0.03307815248943449,0.0793131993489329
0.0014261587285439303,-0.014296054425161835
-0.015248986965985388,0.0028912942150368156
0.1077135286827427,-0.03145788084838974
0.05225396383561702,-0.04353424565174641
0.023034096345997596,-0.0009820100293389394
0.022521790065654926,0.05539314476887032
0.006725760059903216,0.06397017194923028
-0.02422262750892424,0.0977043142761017
0.028053805690033795,0.022201018597218094
-0.08081918150791816,-0.03744275557945187
-0.014074024213652793,0.032613190328285926
0.15153560637462482,0.09120500750760878
0.0517123366070948,0.0297912099121841
0.008373135459102954,0.06977758288828456
0.0376305303845398,-0.020594623786917413
-0.01069182754722852,-0.031824431474202
-0.006736437948562985,0.10141580965921138
0.06566505705913389,0.05532450706669506
-0.03743988979041115,-0.10446928094350064
-0.0016417005630073806,0.04282374894110886
-0.007159909125045237,0.010160389648895048
-0.025041573330161538,0.03491899797450351
-0.0342700233300776,-0.002176365180361498
0.04517917559456569,0.07119415819085849
0.03860585317269523,-0.014412239060461046
0.03393409675204851,0.015177094131983038
-0.038962210789731985,-0.029139041509481663
-0.04716908924245805,-0.027420270018926704
0.12358820775900545,-0.04713863186697703
0.002885819274885555,-0.08299084958074938
-0.014631374066322943,-0.035883855392309344
0.07689783553486934,0.11688811640361288
-0.03733542474200396,0.018693537063830406
-0.01875191022292058,0.02958787239005276
-0.0952959242461888,-0.012986820369975807
0.05988482654478812,-0.06706836353750652
0.047784668881862065,0.10759670880353905
-0.008653480081557124,-0.05785656812803349
-0.04313564643765116,0.052117313631608264
0.03400939381800449,-0.04675977004676744
0.04432280932776081,-0.025667738258035394
-0.006644852067574375,0.02419358447824244
0.055455488931746955,0.009052428278893736
-0.027919234961730044,0.002481161754361301
0.0001712201602092232,0.028786362930234944
0.02123922483141201,-0.05162774883366544
0.02165381607254209,0.033525272106556474
-0.039627307625843884,0.034892301484452645
-0.0035108279506530253,-0.03772751106332045
-0.07070499741654779,-0.013653521573431077
0.05012805735002727,0.011208899924457085
0.011482432928272371,0.004019008619886525
0.04264758314707176,-0.050522659561672706
0.05731559221958117,-0.07533127945683284
0.007777575116728906,0.01599045904193212
-0.1270941396673377,0.023535367627457976
0.02128307619147055,-0.015746317081911387
-0.09045423946017789,0.03395776346475985
0.13320351225302843,-0.04178932405692483
0.07959194987666426,0.006648317495869521
-0.023749433016299473,-0.006334488227269879
-0.0012914517231553853,-0.047047009363853025
-0.030107660274971148,-0.061515557111954236
0.03471607256291922,-0.05787985908423983
0.006682101852603186,-0.006373109434575141
-0.001852757058029341,-0.06806451327207819
0.07846297691675838,-0.0378469965663008
0.000233270053341777,-0.09438942140428382
-0.01897960599210188,0.02591688447847347
0.037255015847206835,0.06982173334477569
-0.002055810288624205,0.034288922469867096
0.041497284394193645,0.022576035755819727
0.024270042522104636,-0.014158168158241504
0.019008671731235622,0.004161849634438301
-0.11369966796534708,0.026785200274429554
0.07993459125821012,-0.08045453645247018
0.04637287057661942,0.06643886212136581
-0.12475331867418503,-0.0584517045038691
0.02108486741083415,0.016652728959249467
-0.09927361944814951,0.07258938437885684
0.07656778890027528,-0.006569246782645322
0.057421521395083455,-0.07597077034172386
-0.0414478424134921,-0.027529344954497693
-0.06955696531719198,0.06585227460041644
-0.049313874042443966,-0.026927945568893476
0.030548882442178106,0.06661133700454332
-0.10993261932150913,-0.03200360955850216
-0.03378589501281745,-0.06750284518101325
-0.01987557709969374,0.058240577906384414
-0.016882206231052056,-0.012568570425744609
0.019603918871663573,0.01421709417036641
-0.030882539033139637,0.01144634073752451
-0.05531530555484024,0.07009181157884219
0.05382197417955198,-0.07094809582153781
-0.055741414706126126,-0.05478770248341552
-0.10113673031050292,0.04700338050689955
0.05978202893443857,-0.03373055308189078
0.05457740865397245,-0.06940329816907632
-0.013334567829745066,-0.06339466916032568
-0.007286686362412385,-0.08028017395641504
-0.032820389503911265,-0.06125936030004623
-0.022938584927791956,-0.010522016144233514
0.10665337496581628,0.0004166944637997924
0.028396125799213943,0.05974922207160108
-0.045720416940843375,-0.01892267312436829
-0.12820578843277408,0.014469935326351754
0.020521485413950526,0.006752197119691085
0.022926539385789164,-0.003569935308331603
-0.0022361473243687723,0.06522497696173873
-0.03651281824926428,-0.05391986215731001
0.04081717186179918,0.07131613089845501
-0.0006301616324792467,-0.09871678832123168
0.007913463802804853,-0.07347324017626072
0.020988786084210728,-0.12385903188662833
-0.00895637231651104,0.01252744094232355
0.020103792950015676,0.009752589635904044
-0.008271322801544991,0.04658136377668806
-0.013648135069331248,-0.02667297532301979
0.03048011132169923,0.02229361067381831
0.027642610605699742,-0.10608546680294892
-0.09150262450170805,0.035616263519071156
-0.0635980792972314,-0.008704721069098049
0.018329550717070462,0.009269789702901956
0.024219028002225935,-0.029322029515410374
0.006428949836519891,-0.06838791236595607
-0.0574707533310921,-0.015064420551056081
-0.0021848387777659746,-0.10543264425092581
-0.021609069365216334,-0.09161508454317878
0.07257971062801816,0.054562770077087874
-0.09092853449366967,-0.035157608243333124
-0.0400994244702752,-0.06812796171343886
0.05258810175315895,-0.14533959105580757
-0.07381191193142544,-0.08228173619323727
-0.0828281899942458,-0.05395633221973072
0.009841073524042575,-0.017947191373984667
-0.08012186011979656,-0.03065544476382282
-0.030611532227247572,-0.0008744646293130515
-0.01174106486374772,-0.0010279512526810627
0.05569090657013247,0.017072493615449668
0.013235405606203177,-0.011189664411189877
-0.02261470816558859,0.031038845847445932
-0.11842106736727931,0.01079534419584504
-0.033488883496963044,-0.055410472339961166
0.07392218517520206,-0.010142877399874349
-0.007335049379145591,-0.031429839023833936
-0.031095800319242153,-0.03554712071948299
-0.07936911570013058,-0.10841374798974676
0.017249827359971354,-0.08619154081507863
0.0104541886245372,-0.016875408937597404
0.06603502407363537,-0.02780782463692432
-0.033602004946554784,0.010590511200967951
-0.01763003464664204,-0.158071716592687
0.019128113187038633,-0.025096478907212446
0.010596968407168804,-0.05280217121299058
-0.09850115679360384,0.050392697411479295
-0.02067968700367829,-0.08730349734001999
-0.079773812778645,-0.0700214216617909
-0.0031202469719025447,-0.10702058607490186
-0.04716621098938018,-0.05355133431466734
0.06104756305725109,-0.008707603446323424
-0.138948471822766,-0.028130083902844924
-0.04986743551898663,0.04637697250239954
-0.04567307739122577,0.01071612766137621
-0.017531297063471642,0.010574252306457397
-0.018515428453799505,-0.08718643246401245
-0.027294641844467685,-0.09011783893638137
-0.08959693194884434,0.06256548392207714
-0.013413476633843017,0.005789382799848017
-0.003291509419430457,-0.011353068586506334
0.030152398081509203,-0.06353056267161426
-0.06000431523194481,0.026621624004917337
0.018410304979514163,-0.003808604062514008
0.029508670798307216,-0.12088840240544943
0.022909588832061498,-0.046668370522939796
-0.019754004720806885,-0.021443208107779926
0.08943635494115619,0.026251377071873992
0.0032906790970343366,-0.06921444426895107
0.046051408406242667,-0.006930700225371211
-0.05838423801331033,0.01148113095177302
0.02699566508392656,-0.06429300412691806
0.0593873119236724,-0.06449448034353532
0.028332539257493124,0.012088698343340063
-0.05174396387737439,-0.038319169884537825
-0.009573735037737625,0.0802850061765788
-0.017413752980358403,-0.003383032703964412
-0.08461693664187545,0.08128131807348539
0.010815463903643135,-0.008082444817850296
-0.02425047612552904,-0.11429526117533029
-0.05492145937052567,-0.06774557517206653
-0.13016993976865693,0.002296866640894589
0.07500587408020441,0.009616996809327392
0.027094159911873757,0.015644439207910824
-0.08449422711613847,-0.0656915370499821
0.039655351592947245,-0.09862451574819718
-0.024305836435426866,0.02568945836118751
-0.027172703966282637,-0.04265751775662889
0.047889747798957494,-0.0028642730625019364
-0.0680971973484343,0.039261924060670875
-0.028426150732052884,-0.010300151569317434
-0.007927778142085829,-0.07984118736342974
0.010957843474508984,0.027146084048997855
-0.060878559014024024,-0.11209793632720856
-0.09686381727012774,0.06389588443922331
-0.00012208156691299876,0.021402386611552977
-0.06139137851349575,-0.01921086634710797
-0.12215653262791906,0.02251586410907208
-0.02866733790020863,-0.0004001360912090548
0.006384005286847865,-0.04918755674626729
-0.013255842306747138,-0.04795755536917806
0.05231869545440721,0.02777062264412012
0.05604561728562525,0.060335422266061645
-0.056488709601026574,0.008311218817540121
0.04163932530816404,-0.08251457376685478
0.04984850796616998,-0.006967316792774783
0.07797652842679924,-0.04930077646223014
-0.06782169084733887,0.03519065037197934
-0.11826098416188782,0.06216996599018593
0.07727260089781515,0.10997598833269866
0.0885665953601616,-0.007739382203098521
0.034662656714687545,0.055756259889813475
-0.03958298416794115,-0.0302728780448775
-0.09022550289458467,-0.004985620169184529
-0.046403871747381524,-0.06153349693008763
-0.003392375404190813,-0.02716467384324911
-0.004286278731910974,0.019394975752087245
0.03789485955671323,0.06456089150584972
-0.0725099802079953,0.06051999191720707
0.07597180945494536,-0.05781375045220314
-0.06840323365107806,-0.016086358769288753
-0.03247202499681547,0.010774848208387557
-0.02368654595688455,-0.02961204890096205
-0.025794671625849926,0.011210250320155364
0.04124065771927008,0.049029388577442566
-0.02588475562123421,-0.036622286140059364
0.027850575860616476,-0.015550832914350192
0.05274546009802687,-0.09313960633172401
0.03661211252264925,-0.024677166560827985
-0.019738610866234498,-0.020973650089284118
-0.07660394472487111,-0.03744897032125923
-0.041646700219505256,0.021407193643043727
-0.08471815330352703,-0.02285312354205625
-0.016980832721045114,-0.0644782319961245
-0.10152517222120618,0.0019265595384603447
0.09853842107844303,-0.018360636492242934
0.015199523656165925,0.07521921812852721
-0.053987393394220616,-0.05620220599097975
0.11340215509810768,-0.05548156671667183
-0.0563392272790999,-0.05848446817020303
-0.014010959804710617,-0.01140731337456514
-0.03324492150147374,-0.03285258589194491
-0.056609086365283286,0.03652475105993655
0.02006642623542884,-0.03912074373349433
0.0520551540295759,0.0396203043927762
-0.02165396030741542,0.03335505361266704
0.015614861206562778,0.07839123315851448
-0.043872613730902614,0.023261893766541305
-0.04563878600352312,-0.0317898426418905
-0.06575521072158022,0.0012398457846245952
0.061753611509234814,0.09006664280255249
-0.01076068962317549,-0.02903612373413732
0.021364835210798648,0.005878049781620407
-0.07535153020904233,0.051020374872063796
-0.004804389491639488,-0.037375506155754384
-0.0148284733520446,0.04704054519659473
-0.054472484309533734,-0.046788957395229855
-0.019564484979685902,-0.0093706396278793
-0.03597561574656117,0.024338899981231704
0.015295348731189174,0.03533767134722685
0.0015152499467285235,0.08262894895792978
0.040017441568451446,0.023856616403173776
-0.03211129280467679,-0.041940488844953605
0.09642641146984192,0.03961181120341169
-0.05392515163356168,0.06980096402124152
0.019150125057247093,-0.018903128188933645
0.05024024396318967,0.09706880418562698
-0.007977922594935039,-0.0390773860081039
-0.027919767372968633,-0.06478221788292576
0.01141636993440347,-0.03914382141527167
0.02546399296280829,0.03292394868357751
0.037123782422838106,-0.03463691006363458
-0.041642168542367686,0.059895771751116336
0.0670516264691358,0.015739552069358762
0.059060486992317265,0.0007640050566087644
0.12887295834168877,0.026100530830216392
0.024756477435774946,-0.030402144846272426
0.023040773590365646,-0.04855955059625797
0.02002506465656232,-0.02852937903701825
0.03796779907448804,0.07611112776875599
0.024229783702300636,-0.026016629096343162
0.03278626009342896,-0.02782939233253683
-0.06844199314318558,0.06299119835803693
0.02026642389855936,-0.0002462797323898071
-0.08441894257961839,0.05337239583345244
-0.018231396039628173,-0.008066177824447879
-0.027717465274642743,0.004247212301410681
0.06507704481958046,0.0893520533729778
0.04495063911489301,-0.08082931210795756
-0.0002811297519624244,-0.05340492626616779
0.07572716797582457,0.05210534013449804
-0.03471533602648012,0.025884804693906183
-0.002653577967657696,0.059339885052134715
-0.028126402281808627,0.042944325509865856
0.024624568312589808,-0.06309650345957196
0.05422494550223339,0.006013884474802137
0.021080201572630724,-0.0073095457563018135
0.014063393683118309,0.042686987288305916
0.02353836225754126,0.011996881720754301
0.08623697630341874,0.012092231190812295
0.06861728146456424,0.033709801721899274
-0.05111713024575976,0.0818329290008156
0.06102081788787696,-0.12795839938186349
0.03814848759784243,0.11030786831855743
-0.10249629901622238,0.0785910150945644
0.010579084750236776,0.03909633938566069
0.0739704271244532,0.08840596209456812
0.014306143181852929,-0.08644038474151158
0.011601994030287416,0.10531276354792755
0.1064056535085755,0.0188449680105604
0.03265420184131052,-0.01555423935038731
0.02034606341416786,-0.008740470642092706
-0.09857885559839497,-0.062033207708861504
-0.023270373825748494,0.011162751954417106
-0.02829949602321462,0.021998229374797614
0.08353628108170974,0.01880704499608483
0.01567583136043834,-0.06808034268195076
0.048182455431606826,0.048756580625424956
0.029306294468701574,-0.003799289915457891
0.05623907278533759,-0.008746226291710665
0.009869712362576786,0.05474919112479097
-0.044478767397899875,0.00046879489783832606
0.09731888924418576,0.02550912960307829
0.041048611870866655,0.06592976811186868
-0.09627839834466731,0.06498970893503975
0.036860440959108565,0.03502614875098037
0.0007223775898652779,-0.0037809066157300855
-0.005550917372484473,0.07610747813428141
0.022646046465009374,-0.030977009352621224
-0.03188289728186941,-0.0076176389703272625
0.043429195493000214,0.03580110842441397
-0.05790765552257328,-0.07765027875042031
0.004931799213002748,0.08876153315690787
0.04699972559302301,0.01296055970870091
0.02669509210156277,0.018555542926547094
0.04741537943013471,0.005273211589929484
-0.09194564709597614,-0.03874664504760978
-0.02287639065145049,0.027447365243917353
0.0168713934546721,0.008930126834429836
0.02705186653376815,-0.009301277229240474
-0.020708807782673797,-0.010876426380625956
0.01615438818872281,-0.05128577153505523
0.007628227675168063,-0.018208778337798912
-0.019383006348597902,0.011987481785538899
-0.021482399543735257,0.04378445526641418
0.015519660409307811,0.053425832340301176
0.023329611780863433,0.016224521262707965
0.14878033857854256,0.04101682116611212
0.020437237956388868,-0.0667167680958095
0.05041024850247872,0.01649277067404919
0.0405207669574439,-0.04054686918202782
-0.03379314659826456,0.014779160977762863
-0.016770315991521113,0.07648952431129172
-0.019854260059125255,0.06151672623870176
0.01669167898975288,-0.039644389182830926
0.07425798272328041,-0.004038544173458225
-0.04637983278160543,0.028455665269945005
0.04603373080226736,0.06677950320258541
-0.03829760673727618,-0.02359261624523484
-0.018178523349531,-0.07535307656405604
-0.027313205694038643,0.05093392814716331
-0.02598805882987788,-0.014742457553333251
0.0023465305996309624,0.04224184681979955
-0.031056507150642343,0.040416628302773754
-0.04301565379513003,0.1128566363835138
0.05008672079784891,0.009301372650777174
-0.001711639982954205,0.05636480585701192
0.022519678443165443,0.05075270080415721
0.06397165849026107,0.013579089939393604
0.08566038808856236,0.06247396965331474
0.010132972113679382,0.08073474596949405
0.007974078208144667,-0.03437694720519861
-0.038637994024510736,0.007720658638800544
0.017257922618324508,0.019129299353125292
0.06670078033980206,0.0117956231601982
-0.004407482468867865,0.007571235930921965
0.12873123620242932,0.07512789777594311
0.0017595798076926288,0.05084162825669575
0.08062522986073052,-0.004937892533353168
-0.01311344051204516,0.0665706070920087
-0.03742819319216787,-0.03992654225699064
-0.042650303413617904,-0.07543111040087784
0.07147555596621116,-0.002990810484539119
-0.007457680704385492,0.01887492159234394
0.03881921831961186,-0.026727718721246532
0.0727253178361155,0.06091923806094828
-0.0847251647165895,-0.0020846151665321402
0.03567829189827572,0.07711100882447829
0.0870268549162246,0.00755894248210949
-0.060373886335984325,-0.08415149688079758
0.02379876083938106,0.14729866732356486
-0.00646399258467395,-0.017670781730133853
0.026730689259491035,-0.0718829512322798
0.10066501674814632,0.03756123011399122
0.07933955674545286,-0.04502844910952737
0.08886646468571203,0.059537313760101115
0.05352856318752679,0.009243831437464264
-0.01675644581352824,0.043169861729851176
0.07475328186744094,0.04570859066142899
-0.00022556473862791505,-0.01661630544688073
0.07931374592771631,0.030727522450019428
-0.03746724338514196,0.02367821506107578
-0.11836717111868254,0.027466413580695653
0.04983934253685427,-0.03860917657172771
0.06366924143257324,0.03141767861450424
0.09733414298373132,-0.012739571901283123
0.06318167044941254,0.03467397830466108
0.046543033176038716,0.031054339282680074
-0.03815564319967954,0.0010175799902909814
0.10894187644330858,0.03470023156130578
-0.005962750788275473,-0.0009951008337015258
-0.04536851061934689,-0.037904241913672546
-0.1207499842347951,-0.05232294519624266
0.055865423497491115,-0.0729719931856161
-0.03486026483297736,0.02817772156094032
-0.05739209501771677,-0.05031635987547107
0.002294942815241605,-0.00978338929348456
0.008370305097204588,0.01568974590601755
-0.03120927732998792,0.028164015117753103
0.04054060482215446,-0.04711277372161862
-0.05282966531253538,-0.05697811044807221
-0.03558039430627459,-0.03827885717964035
-0.036518080675204026,-0.01449328446951921
0.017525171841197708,-0.03750988319311838
0.00016727195012959835,0.06197561818920389
-0.07365902542056975,0.06819926155731539
-0.019381140406013537,-0.08475603149797227
-0.0030823711823225767,0.025132039893652265
0.03586366413314573,0.011825759635057144
0.10171429742736768,0.024384763967088614
0.015617932001243028,0.007812110235351884
-0.09630385059440125,0.007341668850098152
0.08010006989297956,-0.04304083395497958
-0.014986942499292362,0.08275613215093074
0.07652526664430707,-0.04069762849687934
0.03880045506303552,-0.009301190502505361
-0.010305782451029942,0.08377164857608861
-0.07179313484105115,-0.03626186199503843
0.008332450212548265,0.07434042982007212
0.009131802221122198,-0.019856659890988615
-0.013841355506736513,0.025011353048191118
0.031366657486456305,-0.05223060668346255
0.04490800262198917,0.034969967750993924
0.057377926109480046,0.008788786475600463
-0.060482052200895836,-0.028993924216384463
-0.09458580837261117,-0.02442225156252963
-0.10453842746837975,0.03631796425232341
-0.06354358101415065,-0.020263343295796803
-0.02431494984775752,0.02999050958625371
0.052071387909037065,-0.07019636692917619
0.0030924425590194574,0.06839395364077215
-0.08655289681978613,0.01806583943228298
-0.030145302362066303,0.056335969461739355
-0.007164806972467369,0.06862984250713237
0.033637360827019694,0.06453021071438556
-0.013436733402989117,0.0070100417467864025
0.049189772357391234,0.04519595404090038
0.009032368998682767,-0.035027157366211675
-0.048408969434881516,0.03356945241952243
-0.1094783725708824,0.00783726021253861
0.0016109324953354704,0.029441220990961917
-0.09997874107911343,-0.017362514034332387
-0.07415214526042867,-0.02045854414854796
0.0049527508424482575,-0.03616987258961508
0.0105386976650379,-0.02434984494679083
-0.022967154927189374,-0.052450937695011905
0.059486804815125305,-0.06330426068724387
-0.09550218792924979,-0.02358348850093632
-0.02503454004890228,-0.06586953697525126
-0.07685470573754288,-0.006056290516384021
0.00549228325344606,-0.036648067612124954
0.04405933134422744,0.05186037927848335
-0.0672124862217176,-0.08495384625602029
0.010137231574889721,0.03824934370880755
0.02432690273549646,-0.08830183158814775
-0.016715450110317276,-0.0032471703854140208
-0.08679948254515352,0.05938229393808382
0.017087623996845297,-0.07691328852246768
-0.03339667840865238,0.004852727623242707
-0.028264470673967035,-0.00541338974724303
0.01090064062340906,-0.0071045240319920966
-0.004742123675668911,0.05648154839188299
-0.06796997258211059,-0.012191864450461628
0.06802521678187302,0.0007114081713586948
0.06179885278134701,0.009449386579498618
-0.04576104354166485,-0.06114154200713555
0.049041683407668235,0.03089020858229622
0.03241281581814974,0.011422643317323069
-0.17113850676259135,0.05536232174623934
0.08701262402797884,-0.04091386252369329
-0.05473295585445329,0.01068163973331388
0.007719787106120373,0.007145393434931055
0.06587971814088663,0.035848770914567146
-0.014723135087725518,0.018954815499740773
-0.09035058330519505,-0.09002760511567504
0.043431569633840206,0.004531351038771433
0.012244363589102504,-0.006288345834495222
-0.06432958969990463,-0.036866690284146214
-0.054523736310901405,0.018550852923332393
-0.05025167105012117,-0.05137673505382846
0.0303188374262378,-0.09128053752419177
-0.0021540180862740527,-0.04795987332678782
-0.03696660062960387,0.02551913930709274
-0.0066660201378484565,-0.05523380633789478
-0.05453450532344625,-0.042477572441474
-0.07042096726104873,-0.05822487105269235
-0.036253206547586535,-0.032919173086828186
0.03594716773493507,0.0005760009811382923
-0.012817679744056478,-0.053772816086788994
-0.012751236207614036,-0.04011764259509097
-0.11700115324208252,-0.11724853883546975
0.00399296853903925,-0.10331710718404469
-0.10512692455130968,-0.10043393315906841
-0.06860388330429446,-0.00045393797910196765
-0.02556519983644601,-0.02529269616446584
-0.01884653475647528,-0.07365694317602534
0.05128160429253562,-0.051717928867278454
-0.001495906798291844,-0.0599666941035152
0.10316226662939265,-0.009333385101740102
0.0016978039785801,0.019024108586236155
-0.06490404592428277,0.021261224816836604
0.03978429199961572,-0.03668807767323692
-0.10703501581368852,-0.02217695299838366
-0.08700609339920477,0.011890457379660633
-0.07108533744114277,-0.0708028235014929
0.017513081357000315,0.015216691962606683
-0.043803111761366455,-0.07038050462637417
0.06857265183470217,-0.04814000218392782
-0.07256877022233053,-0.052107740725462565
0.04526117436598544,-0.08890086185367271
-0.014117532964859819,0.006725046815985954
0.018515224888435128,-0.011642268618711777
-0.1382234732727412,-0.002500672241035045
0.012879067650611926,-0.03462230978366543
-0.007803384490098609,0.022656042202515582
0.012620310103951201,0.004339431060573586
0.03682141909391757,-0.0009078545396754983
0.012252031241074095,-0.03429053265942815
-0.03207326992296986,-0.06922216607288069
0.002257701538026652,-0.03755015771473637
-0.053061731216571026,-0.03043224718625263
-0.09707061852672019,0.02392073305593449
-0.0462258539193675,0.07624990057415686
-0.041906983940534825,-0.03949593141879429
-0.03922822010848963,0.025076892856900703
-0.06719735136179573,-0.031225853482229476
0.01538309008762486,0.00728600759432594
-0.015245850263344414,-0.0015637421673990529
0.006034247411851927,-0.0461092968975929
0.04162854292500283,0.005955601096456455
-0.0640788062092026,-0.037701427702706
-0.03766333873419262,-0.11643862182587585
-0.03137358311182054,-0.08937750716836335
-0.08374979657806987,-0.04503047138671723
0.010802656227126846,0.012161036099391585
0.04051418975011031,0.09776457627208443
-0.020025541186132423,-0.0439791272125547
-0.048604137553850485,-0.040855237951615095
-0.027438683668895153,-0.050798950584490965
-0.07755978846823045,0.04188448800309788
-0.038554992956846154,0.07072117451651219
-0.022145044676540188,-0.009097854092293748
-0.010660100525275006,-0.13060476410430116
0.014624773074085443,0.02265892610163207
0.04664417052028144,-0.1171847180446406
-0.022571088476459528,0.02449163415107713
-0.0011212639415414047,0.002099634342542369
0.030421540461191346,-0.08849884931244166
-0.0003228796194776687,0.007032020507397537
-0.02237850447392882,0.031739783881913355
0.04590784575837829,-0.06759345941286804
-0.02399402205774344,-0.14584312628920856
-0.02808218986083378,-0.07778984331694694
0.06861824420840297,-0.07889237607007547
-0.040552602795515674,0.01286869484518709
-0.022458945502024374,0.07466966944296538
-0.012768572522675471,-0.03448704593727929
-0.0627748271880757,0.06407094662455737
-0.03700576038955036,0.08599118967149176
0.027478759890851082,-0.018713922319454616
-0.011529413453453048,-0.0851931909540194
0.017553235689759337,-0.06914546493710194
0.024480086577355543,-0.0452603389594189
-0.16780699767458576,-0.04491556364135719
-0.04956593890576036,-0.04086649368929803
-0.02350673297061355,-0.025358962926214125
-0.006022066544923198,-0.025100004938295686
-0.06305524028827132,0.05495087442622795
-0.037062631107061185,-0.03989921613855211
-0.01125315200879206,0.045959814361687966
0.004853339907942305,0.04296034821398914
-0.028598143837098827,-0.06954279039281927
0.013832669187687704,0.027939415633940014
-0.043656653547490806,0.08309050202368785
-0.012743349288342084,0.09782769053944322
0.04273100347689225,0.03378948436906094
0.010216520044829038,0.015188974110505652
-0.042356485762251636,0.09780848648725768
-0.05242608617204688,0.014553900418535609
0.02713459131412838,-0.01135093264349033
0.032260781402792024,-0.020404687698583397
0.027378076421382368,-0.1007854826621481
-0.02021499614107329,-0.05718755324092903
-0.004819301412826523,0.013843253522259047
-0.001723056592652635,0.06965119671331829
-0.07506164048364691,0.03984937512904617
0.015551245592105174,-0.04907535106696224
1.3625538764395692e-05,0.0669093689267113
-0.0037250541720186946,-0.09034042257277017
0.08013977742042172,-0.007784502208365779
0.015058697776561653,-0.10496188109226526
-0.05956311738933482,-0.00733083027129568
0.019718580176005425,-0.011647532598332424
-0.022140301644183232,0.014079753800486091
0.05731349997687733,0.051013050780355375
0.014249393971546913,-0.020447024941415218
0.006481633827529543,0.046302080796500424
0.028191461770062043,0.03930777482511121
-0.032665373104962946,-0.02912794401216268
-0.0384285590063949,-0.0950017188018084
0.05628251343580304,-0.0011217370417905288
0.0012270964642122637,0.0020118996837862526
0.08425487904942862,-0.058094662174130555
-0.07136910962997056,-0.08161818403655088
0.001159013840473607,-0.07900082400073104
0.026673150634240816,0.08648107779196049
0.08145972296528287,-0.07911043914719174
0.01212933173874509,0.026778740670141948
-0.024603621671433682,-0.031628457775286244
0.08514749599150173,0.08354738522561868
-0.021653446936680962,0.028612732105399524
-0.036000954998036426,0.006083442036685056
0.07836206870056124,0.00834498156563983
-0.016015411014665654,-0.06832464448169268
0.0632777131890502,0.02519992918216551
0.030167405674681166,-0.0010207088262308662
-0.01649446016374254,-0.04467613898915851
-0.011155427388497145,-0.00827427447671041
-0.05927231934631565,0.05845293472286362
0.015608920284723698,0.02851702802396159
0.05355104616547366,0.006547254379235113
0.04920721736690496,0.030654431756948843
0.0017052527404083225,-0.05677572185295421
0.05213859122473078,0.0663749809922634
-0.03477394892684956,0.0013199344447904434
0.04896541222095685,-0.04003867575331035
0.1100016410581168,0.012837467741865935
0.007625868512877939,-0.0055474238799907765
-0.007162734282683406,0.05621865125212786
-0.03248692058556861,-0.025935402726341455
0.04410906789315121,0.03688782536651947
0.0035183805204908733,-0.0041634218487248565
0.05052209000539366,0.00854707561801597
-0.029992647651073668,-0.012276229109638291
0.015314301431350038,-0.06173707759840565
0.055839654505019105,0.026930439603738077
-0.042126957816285795,-0.003982549255153029
0.06951798265710284,0.04235675961687567
-0.02531489391722077,0.06201780090491879
-0.053742397136422024,-0.03824403926082768
-0.008821159896274256,-0.0017451775351983775
-0.10052087259776075,-0.02285096143159772
0.04186900378069325,0.04203218994426848
0.011067802849351435,-0.09730870976328002
0.00456951542491547,-0.011303243611933576
0.04670661140884806,-0.030819872886474618
0.08576951969176061,0.005712789301976391
-0.023709471711300403,-0.0027156782752494803
-0.042619346363531416,-0.07010919593375885
0.04434328424625526,0.016020991602839936
0.009561782737223211,0.05669979799379626
0.03537194098708479,0.006699699092732429
0.06692677975201629,0.041915089092400215
0.036090336855270806,0.1349066740340206
-0.039615954078624685,0.007387371668154088
0.05018806426103572,-0.03180786750708012
0.014464866629665242,-0.09299883460205573
0.046947124926343835,-0.02953029579932688
0.11191257962322577,-0.0528966212112295
0.06692656396816599,0.042525036940455216
-0.0844285868591895,0.011366035440826401
0.008891651028378914,0.0660237207293234
0.02367801738414346,0.06440625990128641
0.04625800877103636,0.010462089303356948
0.02807576451222171,0.03327072429794403
-0.01467552830257786,0.025525379331951058
0.030346476987363643,-0.0989462666961661
0.04732424551842264,0.02717025799358655
0.01908051684212998,0.08453291722262644
-0.0076518315539438626,0.051027247269894334
0.0578426872270833,0.014482989257823738
0.019266884072713396,0.03356959128311799
-0.046346830062159144,0.00753434971555334
0.09857716063917167,0.006005412429715149
0.08693566151729706,-0.06921322721345871
0.02583947793129368,-0.039082205602478846
0.09275067262415446,0.048548762482696364
0.08818663350647221,0.0245339354302686
0.0904361610702396,-0.005229049348374353
0.05153811415016591,0.043055176062034135
0.04297644057430468,0.05190529933284575
0.00925810249821273,-0.04027526869876853
0.010190906717527575,-0.0038706025495481716
0.08281367423679645,0.012512361592592785
0.07558385272978646,-0.030760242311076817
-0.08261810401112701,0.060502502443324495
-0.00016436937935726884,0.07559870173096642
0.04640412293474297,0.0744842932968775
0.018866404392567388,0.10547230123884324
0.10686226605379957,-0.06378334388762653
0.08275039083401481,-0.08639325894361327
-0.007818141476506831,-0.057032989658724914
-0.02371414769362688,-0.10685441867516035
-0.04870895657391387,0.057234161163197544
0.0136191526090786,0.1087219917892264
0.03305711629356807,-0.019843654186872218
-0.0030141621660935286,0.10673208508318223
0.08668247485751693,-0.0230237286053403
-0.026760667715435588,0.025789902948587188
-0.0024077375742182112,-0.007210421554195885
0.021799472435593055,0.0558453409111678
-0.044753292868293965,-0.011038849637141475
0.06610092018406559,0.0922919642298535
-0.02157978373618928,0.025495440782890528
0.0052190463601695485,-0.03287200278225548
0.06144256869416051,0.0260366185250365
-0.012601806193721546,0.02077897641759993
0.0687380014402715,0.055407193744045326
-0.0463566921737638,0.06402264384599256
-0.041580544614508566,0.028020898189016038
0.015592351228091815,0.006891241059250999
-0.0007570908708184401,0.09308778337566474
-0.05019431220795626,0.06646782125024553
0.009431964434466419,-0.08003418039931309
0.07802192733754479,0.038263152527548194
0.03190586903235331,-0.002861473216640733
0.00733164526963187,-0.08993804976762096
-0.056433056140304194,0.02117231183896982
0.047676181733904054,0.08891726959549795
-0.03661770495295049,0.027092612818608763
0.014350171758051459,-0.002272410780229661
8.211626885231901e-05,0.049265435860773116
0.015169519644631466,0.09480431876674325
0.008452941884114657,0.01755400736762965
-0.03176276583106177,-0.0178968129885135
0.03629151473042176,-0.03791960542928429
0.05889085752089359,-0.011008275115308792
0.004620328144652469,-0.049122323659011105
0.10850627076967292,0.030855492124871563
0.017817356355482136,0.0371195117123152
-0.02375816753578611,0.09465023959062535
0.043711657803987725,0.02596867247305321
0.09793234260348473,0.024960899216850824
0.008447539110793077,-0.05330453007477824
0.05790292748278532,0.024370577307014998
-0.001201888535323773,-0.07546255653133273
0.0008247057075419402,-0.031017645389934848
0.07320335850519474,0.07570564128109927
0.030497158390764355,-0.07209090347466335
-0.030313292703143296,0.034547543180556126
0.06177284051047685,0.0009288106297442589
0.040015254907586395,0.015162385636455052
-0.022252988893974333,0.11023309610086132
-0.06975193908866856,0.048333275815394094
0.055140109985555616,0.016709384929960006
-0.09387696084939473,-0.005556215953687795
0.049815177852693765,-0.0367723895911286
0.038731243126596815,0.0940913540289361
0.03538603986016002,-0.027483943595826215
-0.00995008814781841,-0.0168279729646104
0.02422435142131439,0.052530977909500676
-0.024477640009844415,0.06774067100845758
0.06596574682954237,0.07238938141235321
0.04923203415296306,0.02162030697960491
0.0210348016393139,0.06692601587301242
-0.02245713253815497,0.038559828974712655
0.03574891541356745,-0.03843223163753853
0.026683680205780554,0.058274112281390573
0.00019546710837798145,-0.05774742337183773
-0.0047801231926288944,0.004513935990344609
0.058076333825423376,-0.0009532300654592953
0.026744035359133528,-0.007875499757913804
-0.048438588898023716,0.004920352864186173
-0.013994541681858834,0.02789886918259633
0.04792176665246344,0.02994244262638502
-0.015084602306739902,0.03283782606192101
0.000995527559611964,0.051875128656466055
-0.03206924883387362,-0.05079868339633658
-0.06639667573059956,0.1050919454227357
0.12108701824046662,0.016388667920108086
0.007383733330207427,-0.01932876486228987
-0.017166054387522688,0.03858940555200351
-0.05563496594542121,-0.033479263417277666
-0.022350458407547298,-0.010018526120607352
0.11173705825774759,0.013402715100095414
-0.045091289710172955,0.04447474867825574
0.0769951495553069,0.01899502173094282
1.2626062547054298e-05,-0.015623464685902168
-0.06473459588958151,0.024679726278289203
-0.05643017367620044,0.06680467989325356
-0.07110283059133553,0.013375436695971217
-0.04312241253004222,-0.035491795378083196
0.016761893119408657,-0.06027596370723766
0.027289931582184956,0.07897192034139157
0.049690254729817376,-0.028052410439658428
-0.016540284979379774,-0.07758899672364654
0.0011535492517043121,0.09003469390021213
-0.04184567894219834,0.025243764800007937
0.054197665216337246,0.022214099690550625
0.014037850430308446,-0.03767380271393592
-0.05861752351159924,-0.038539534340570204
0.06726171947449121,0.0060058612190353
-0.0007778425776927313,0.025937259782204597
0.054079818938940864,-0.030539725601198983
0.009861965011110977,-0.06693226848828218
0.04790766030990086,0.005997995655096445
0.05311904055275437,0.027629379226338898
0.04856153082753677,0.047552080564630325
0.09972074330491881,0.004205402334010113
0.049526503231448304,-0.017076726232059976
0.022889730448436365,0.07614855715626195
-0.006117875346286595,0.039567994385807506
-0.015192591452542677,0.09275579142410162
0.061367210438660835,0.07151137475645915
0.0070978396364748215,-0.08569039608354995
0.009454607346980599,0.1323773610970831
-0.048732658355070554,-0.02043006125736149
-0.008272309034201725,0.08427120613132162
-0.07126736097181917,0.01203269013107643
-0.0650311994844089,-0.02673489786233729
-0.010582040386101188,-0.0978926557638488
0.0865226141395415,0.058675569975378865
0.043016065953531614,0.05596665749672083
-0.08216479890366242,-0.032773672648977195
0.020591326472408113,-0.025655680977688236
-0.009068054222665094,0.1543681660269279
0.05041647823793908,0.0021293118776007152
-0.06110478501091089,-0.08234242346679387
-0.05501504781763273,0.022202703450017975
-0.014739951254468073,-0.04139175809634295
-0.04824600222398516,0.051837619814158874
0.04421439112905748,0.0030293997878900435
0.08463699351374125,-0.07496319101759187
-0.11939939765376154,-0.0030373279931838913
0.02296920054437453,0.0363337782803594
-0.0017842740153945964,0.033788212605183006
-0.015428666082237304,-0.037211510472707154
-0.03677389695374849,0.0452344411323397
-0.07275590972101492,0.059135176223063704
-0.052068636765994956,-0.07185934256135673
-0.03003371848737267,-0.04921096296480112
-0.0029788651417438756,0.02132436732301916
-0.014820738490555641,0.035734892330216705
-0.039512024261055254,0.11334070707038303
-0.00028927700496283147,0.01171624349692571
-0.04142897895984574,0.014731831564605334
-0.04013427425818535,-0.07641240460584847
0.07100901829507189,-0.007256995681632821
0.0006827400870024472,-0.1132686236357706
-0.011482596732131586,0.03911183954867242
0.08189377262903923,-0.01591109991173076
0.040529024532902455,-0.022580266466587295
0.010638794650962267,0.012937276247455849
0.06230563723729573,0.024017499191749156
-0.06601985215010146,-0.07236590786795606
-0.04453954460595691,0.051649060101494185
-0.09770810777890203,0.025704226472090107
-0.018616666130220727,0.014323422117771201
-0.08024967910644268,0.06310266471609442
-0.03499829177094786,-0.039940078349642055
-0.056270481344922976,-0.016656269806417615
-0.06935327791912133,0.0943424339279474
-0.024231026276387853,0.05147262559691531
-0.008335422211461456,-0.026088813672492092
0.07874246257763161,-0.03848081409431196
-0.024567413362047888,0.029613251242695413
0.08173981260193634,0.08500812197845103
-0.0358930706214067,-0.01975425882085577
-0.07232180556248452,-0.006740883701930813
0.09770492661460134,-0.04505180945258792
-0.06682034456474778,0.0031205627588965085
-0.0344290778267707,0.08097239503858292
0.03067462708287734,0.02343609595074901
0.01487866574464745,-0.03717235145286751
-0.014380335016070465,-0.01841181772323622
-0.046337740193116705,-0.0001837186841269975
0.024229523756324478,0.09472355468825078
0.02054787354382502,0.08509475245710417
-0.03293343653239062,-0.013922054411484955
-0.01062480673652595,-0.02005749513203395
-0.04882386925007523,-0.01860292986492587
-0.06324731594545954,0.04945678573206884
0.0008162646664710352,0.015412805421153964
0.005363542829059851,0.024860735422506
0.04057012572174269,-0.018519158417344563
0.029057302872510057,-0.056698482114306684
-0.04877951279993645,-0.03102645448888031
0.07367657871920824,-0.11799650475320039
0.031349080675033614,0.01906366780374968
-0.015755942529488608,0.016030081892811597
0.01653790096602182,-0.04858028364625218
0.025229193468311695,0.013994910115700105
-0.02331708164341846,0.01364793101952001
0.06142147455524119,-0.038285941426675116
-0.029984644043381616,-0.09244882354135124
-0.0009105121353056439,-0.009055017319452817
-0.01764989637467527,0.02963639287537795
0.0437892088112741,-0.035440070203723056
0.007148479622470678,-0.01986482277686145
-0.12534120584392067,-0.02088831981247554
0.03914151531569557,0.01815984032786591
-0.004565406705840281,0.004857363470866374
-0.02607772137888527,-0.024013505264626027
0.0681071602073394,0.09166822986607791
-0.018564197751000346,-0.11367795019201567
0.027461160477274107,0.022288153569666916
0.012159078822587648,-0.1433698189561759
0.002313368358156598,0.03753677050199893
0.030923040629133224,-0.025382933373913577
0.058683790765804766,-0.048405882067190514
0.018852404117119668,-0.13646073534012348
-0.009968639456316876,0.077026246812994
0.03319354940441807,-0.07970350259700301
0.012990831254608145,0.026531720577856428
0.05912902277092291,0.021166247089210787
0.019777205165804435,0.0747150529390122
-0.0560159441336137,-0.018838420532214333
0.0004080900506716091,-0.028225765812228326
-0.05134586731535666,0.05109543439166206
-0.10387128769026328,-0.04918795058613859
0.022563405815445654,0.046954711597800694
-0.03874193628669288,-0.006664035518761758
-0.07061058895358689,-0.0284775388223878
0.013024548096305717,-0.022571059117852083
-0.1246873529098466,-0.06205491050001892
0.04913921772883574,-0.05711234058925917
-0.010466593653915165,0.030148257866786134
0.009521941999549803,-0.06788257773886645
-0.07343589621458532,0.10923052327468451
-0.010276926724795795,0.0020125288825476005
-0.06979051819480427,-0.0697751812942305
-0.02595799676184011,-0.015573900725195516
-0.0016788601716418335,-0.07238848781554562
-0.004446583808434145,-0.086748665358615
0.04576841074140128,-0.07741316066437813
-0.037571303986790365,-0.0011531668499551
0.0680777561284829,-0.017497956997788326
-0.04028965845457104,-0.07365782743090525
0.0032080642968664204,0.021565857286541205
-0.028670719458316174,-0.09480365737845146
-0.10013679543974056,-0.043808019094642894
-0.002012300152031861,0.010805909434213733
0.030117258454585592,-0.032242040960731876
0.10226097668171757,-0.10412722734890192
0.009806618609164767,0.08421326105514892
-0.0010179637058702201,0.00022020638146263982
-0.046696964709762506,-0.01373979415615919
0.033332942615910105,0.05040987119549574
-0.0074092445002083805,0.07742607151491607
-0.07779091973469149,-0.03891650697592437
0.051103111713155513,0.01486462388491917
-0.05074614627636397,-0.07265995909247389
-0.053216787154031664,-0.03095987121191267
-0.023728521743644326,-0.015827381097685927
-0.05739110169936726,-0.04920821839069729
-0.005130549344075084,0.009715309676285897
-0.023530928851075186,-0.13667932404312078
-0.08034460555571593,-0.061199843200878505
-0.0022670783596794187,0.04863571009707569
-0.017462783646307083,0.01039644306849731
-0.006106327855553956,-0.05457749364832317
0.00010378787387655894,-0.050853458265218116
0.02301497544128565,-0.06478768876898547
0.026929871826236098,0.02533942148348121
-0.04286686155537904,0.006983871188149589
0.006527687534876089,0.013822212431593376
0.06429774604919898,-0.0178208266194877
-0.1433897897685801,-0.0016930880377380025
0.06785627819893182,0.028814073139977504
0.007155477870085993,-0.007563838144144283
0.16618690911730122,0.021779775826536528
-0.06562874113109392,-0.03342133132906049
-0.06141153791192067,-0.022623006903369804
-0.03506410737905659,-0.08717317081541817
-0.04685114784288174,-0.014981341799997138
0.010411430537233996,-0.09123410745980835
0.06622178112005489,-0.04424356810909302
-0.005931271009139786,0.04761416841597263
-0.08772342007787516,-0.021996102535941295
-0.02712222783182476,-0.0013391387058162736
-0.019999073734534027,0.033798156590008364
-0.051659776045494855,-0.0049560357134696975
-0.13713302135263422,-0.0013089503345061915
0.04964949853606426,0.02553469151070317
-0.004303489163581642,-0.016490362687058745
0.03958862445421199,-0.08848415709381911
-0.049061034288279674,-0.048060685813340956
0.019623843805920624,-0.056829902923953166
-0.01910192504887474,0.01840819933378378
-0.019159223663068194,0.04290239969111588
-0.02238844634091207,-0.013072289744907636
0.01909806012970544,-0.03298060994065547
-0.07212121612454281,0.05245012060207572
0.06982774787473067,-0.008641741947711402
0.0003893067375162554,-0.02493562558338481
-0.04668243424832829,-0.07143860368679722
0.09199229103970807,-0.08111314808228347
0.029597453944026214,0.05260029745917559
-0.02449768584700432,-0.05909739504240869
-0.09866867918202081,0.014192195170849053
0.041031059873337605,0.03950096116480365
0.03932883186678182,0.04764808324815405
0.10907371286093047,-0.03227353564088372
-0.009869775355626246,-0.02921116502178434
0.1178573499736804,0.006683383384967862
0.007612575741194811,-0.0011416614230293004
-0.0002925673880444096,-0.035268781171938504
-0.05881476816993819,-0.07226977822562276
-0.056790883320375615,0.0004179308454848353
-0.03750565782266803,0.015449173407853099
-0.00353636315237696,0.0003506943696625813
-0.07703296932156008,0.004188766549707463
0.038840003682395624,0.012201928269905703
-0.012361189540966324,-0.024502569315306984
0.05233091260923463,0.03802758703709094
0.04360446765327651,-0.046291029284330494
-0.0721324792397856,0.02266253099942417
-0.007628577061240104,-0.022830771410746045
-0.035708816992488415,-0.03451456758451345
0.00902542768925052,0.12566559492894383
0.04154045207471779,0.016479205204489127
-0.05717374314540756,-0.057649261504925005
-0.004864921518562763,-0.019203486049788915
0.03479624424237347,0.06046757430498931
0.02994397823106224,0.08475728412276998
-0.09782574045855243,-0.03010503063385288
-0.06268376862761092,0.01408050045748534
0.042427114535367905,-0.05759547570018361
0.020148496659348564,-0.027055776965209263
-0.05249816673522452,-0.005441773765930646
0.01806907136661759,0.09668118636574338
0.031931342221806686,-0.12192099536579212
0.016478475134786796,0.04012304877453
-0.03111182879651621,-0.030384207859787498
0.04650221317454474,0.011880458958772364
-0.009268120378578566,-0.06366105768145632
0.05548615909675807,-0.04386816163187442
-0.11002746951444238,0.09424119735835583
0.04835649471526142,0.06040670692466357
-0.02579053876386124,0.03579834667694612
-0.10006787728011927,0.014186090668673695
-0.03755169306907632,0.0006296187567862909
0.041136871899023944,-0.00661527659174959
0.010132560045894717,-0.00171901544961936
-0.03890390135710129,0.11623953022108378
0.043414204146205414,-0.039486006896928334
0.03321312712960062,-0.08036192683938881
-0.04910869509466931,0.050946483311002065
0.12328903059885446,-0.04036090534023286
0.04126753746158367,-0.022157915902377652
-0.013573156045860414,-0.12320340722358143
-0.004012625770620901,0.013247015634899962
0.015765788195695914,0.03964149325822397
0.010892933637607646,-0.030662953183503854
-0.046267089781124315,-0.052671723149958154
0.07935089815190584,-0.026979819649305327
0.011194569338875207,-0.05767902576525143
-0.011670658702740512,-0.023499975256731833
0.09790020571185404,0.016975900884069067
0.005704557617168675,0.06409773497005349
0.05299548242343473,-0.0453613984655131
0.07007332765218925,-0.14788077060090618
0.04068548438634295,-0.017047876453176795
0.04822832240144634,-0.029377608130267355
-0.00012078871348026807,-0.014657415056813382
0.0348830327057536,0.03494994994329663
-0.0005987866003603261,0.03307124528178024
0.0070592091035748756,0.04241896424210968
0.09765199306529218,-0.022156204065551445
0.010717343261433466,0.060120834531011136
0.03160472972635161,0.01869807508994477
0.0006077609488932354,-0.07383245195347976
0.10374968185203223,0.01909321836694538
0.04124538116413152,0.08512007328114354
-0.057781839577043685,-0.020061679883506295
-0.0715802144999646,0.02518762889646043
-0.004210949312042857,0.1675061212534916
0.05684177809855679,0.0394323521694398
-0.03636678506151907,0.02917613460089561
0.024240308497928704,0.018974267204393137
-0.026387406854520543,0.009601423189771023
0.060937989994102236,-0.011952716053126332
0.0834267167679777,-0.04819450298636643
0.10185745531717319,-0.03387717721958196
-0.013330691517140721,-0.016017869192625284
0.06003581069688051,0.02593777099029482
0.062031222644962275,0.04417139807107141
-0.0012937854552851381,0.09083916933229999
-0.061896555595551024,0.009904395173490002
0.03918595419341042,0.010522182016558718
-0.07596617338606437,0.0632500821567664
0.04839464004165943,-0.015986501605593128
-0.06495263306996144,-0.0010701070353791135
0.12268838677247146,0.01128272639281892
-0.029050098617759153,0.0203156385604305
0.04946535252529909,0.0227824067497793
0.037647799540780374,0.04652776191165058
0.012826818008326598,0.030461890578869256
-0.0021462453952103173,-0.02597759026516537
0.033899624705126696,-0.005364421061943431
0.008280178113714481,-0.015307892817981013
0.04581172132956408,0.0020296355224010236
-0.021432927033838648,-0.05926891100710399
0.029586344922005063,0.011116065483224549
0.047576178741191036,-0.0037780769749543516
0.01676040579233012,0.017383458810989384
0.001452715014304589,0.04061947099178817
0.06588544193444472,-0.05374276583503226
-0.0023017067643920225,-0.017139584030093958
-0.0334078877676168,0.03641184113441913
0.06629617173424893,0.042401702589135296
0.04201780550810741,-0.06514502498754861
0.04837519933966726,0.05708054444536145
-0.09155934028813224,0.029485388811423967
0.0796317431697625,0.0795975834616289
-0.05473316026265724,0.042318118049753925
0.07023754364142284,-0.055877819076911535
0.049123884462002824,0.02836446234751031
0.0605987303037332,0.02300776181958145
-0.056774459510163064,0.020072037835723325
-0.027611766225687638,0.08035445530375343
-0.1362316417560837,-0.004444913584222474
0.08796181821401275,0.03831710105735271
0.07915460844979898,0.006556837383572139
-0.07711683846055062,0.030553271440644222
-0.04710389618568871,-0.0028733766909647025
0.03610805116163112,-0.01678959556821579
-0.09566725422883447,0.020691270493979147
-0.13997664732894327,0.008051535425258955
0.021375571139290072,0.031013940412686937
-0.017006097557296453,0.04719664637574335
-0.00950144510310938,-0.013474336271013458
0.05831886717179278,0.060400667359169595
0.027154609557751095,-0.08433410787214654
0.14080857978199213,-0.030743375027173548
0.062103495936285495,0.06287137725601863
0.06624581952193544,0.017817963901198337
-0.010149725133702325,-0.03663783213245721
-0.016330178431173445,0.024159220642047036
-0.06352791090634652,0.01787007036422823
0.01137313091070744,0.0005601553011327851
0.0643081589991855,-0.02931352421006495
0.06451405265502586,0.062204270232911765
0.062242313922583954,0.06730557030461379
0.005317416055665422,0.01271008749933242
0.08215341649643733,0.040674192877354534
0.03633581912260414,0.06155425345886038
0.14062681911227143,-0.02909161695874065
0.05991754122512037,-0.04872577709356252
-0.0245829752547562,-0.05906177045281788
-0.000762258862867779,0.04859857881507247
-0.06501102613086848,0.01560909005298093
-0.006067205230125758,-0.025306205451236567
0.06640822296746779,0.050230267916965415
0.05043343471282462,0.11629554802495876
0.023727994900664292,0.04911544932131616
-0.009846211262662788,-0.024321243369777173
0.06635868175483751,0.02887685421765438
0.08072028557976328,0.0438721357400044
-0.04340691219859977,0.0020705414417131612
0.05105770849094531,0.032873247596551775
-0.0023317402378003962,-0.08977239029484943
0.047389801605988956,0.020721767834093283
0.05206901330354313,-0.013888859504183216
0.09065433041875552,0.03601756067617935
0.05335871329758704,-0.06787090301943995
-0.024512738471274678,0.01660891293141456
0.003976811941526753,0.00342110431078938
0.023754976525249438,-0.05428361159877966
-0.059798717982908194,-0.009926087728824508
0.03352331938223507,-0.023666398273712468
-0.03350867531484544,0.01800839339129161
0.007950986602887396,-0.02767329955023963
-0.03488117994638433,-0.01718229964141376
0.0750254175575511,0.017485009684314982
0.005333463192892669,-0.02786218107769981
0.06049665858649792,-0.03429968534336876
0.0012279725876298431,0.004253792948314138
-0.0027613142330507982,0.02766677997529205
-0.005983291817889723,-0.019404598800905164
0.03390174014065937,0.0055987910335770375
0.08393086045681977,0.033569710096676905
-0.009257783841164102,0.016263081307657284
0.004455350260075902,0.06375837333999325
-0.009346409119215485,0.005519538549063709
0.007148518246034599,-0.018631950668095247
-0.03531408534909694,-0.03431172312812343
0.03769723022791642,0.002755934161120058
0.047258959275554,0.06988421445354165
0.05590208600645376,-0.06882414197106479
-0.002860624091273847,-0.02579850770299554
0.07125729704260254,-0.013756603944218107
0.05100356584397897,-0.016948343046393966
0.14697764067625682,-0.022409701494704733
0.07216399387674079,0.007872855279785693
0.03584320810265609,0.006800035981906396
0.021893392062339763,0.013074312532613444
0.05524233322579186,-0.029643450467927532
-0.0042971294256554,0.050015726762608514
0.02267184975523969,0.06730754618271934
0.03184376415731881,0.010689139042979329
0.06457173439125283,-0.041561858041809355
0.040788059767998534,0.003903972914999665
-0.017219864661582283,0.06893260462168088
0.02312589573963362,0.08752736207154828
-0.011475280980310747,-0.0065914397480483925
0.03576895746717157,-0.04486551967620948
-0.02133747390756395,0.028198259574682333
0.038652554041383035,0.049023830653950023
-0.020501365149676952,-0.0333282500107455
0.020773603035058333,-0.07524331060781383
-0.0009204308652096833,0.023708502174635375
0.08050662917236392,0.03219444744056382
0.06290998744244367,0.017139478699116636
0.007441047847462907,-0.009214808934554106
0.025845448648910797,0.010354108296308357
0.05225196650850062,-0.01707087802920069
-0.12150942519634889,0.016896472082556718
-0.07602596626571191,-0.02389143125472778
-0.012581402257531307,-0.04145667785103782
0.05204794738125967,0.11933552312359381
-0.008683616752189031,0.021151579129698908
0.021059186152038282,0.01515453934468732
0.015907105887813668,-0.07112311472635438
-0.08121269298395827,-0.0020966185005781017
0.0669252857247853,-0.07446997739521956
-0.042137673703146625,-0.006948872624796144
0.04267408642864964,0.026675028998627566
-0.026333297512232706,0.009578329070696143
-0.061085243270237864,-0.06733686442472368
0.038232689033380805,-0.11303904155948395
-0.02872083809202181,-0.06573356033550837
-0.0494676210912936,-0.028971273494486426
0.07373740437366683,0.012480697221600792
0.006921102186799186,-0.009995542875649674
0.047975423967311796,-0.06888882111945516
0.002217434977417706,0.002528712535950338
0.04755296963494208,0.02448628307928544
0.023370331890111264,0.002695883035170138
-0.06320520761726953,-0.004135281158296444
0.05391938270304723,-0.06457033615288756
-0.031278377438548124,0.07566970985734205
-0.005235561348076865,0.07893630322902472
0.10681367042165404,-0.010211748304438962
0.02777514612649015,-0.03923181469314849
-0.08622733264345739,0.03838636170758738
-0.005313182342080418,-0.08267009747791985
0.09118351424035441,-0.045772581921277075
-0.00948144404384996,-0.046454702082576196
-0.0035628606356794524,-0.03772510569397936
0.028351859705279977,-0.030329128258840578
-0.032157871803440485,-0.05310465508736322
-0.06900287360720757,-0.04762197946407854
-0.041983695105388526,0.07441144285805561
0.04572328423217935,-0.016311936453815085
0.0073664373095756065,0.010806169709973517
-0.06201996387686824,0.00936029787745931
-0.09413202837889699,0.020124385239169505
0.01952899056764029,-0.011334589106816487
-0.00992176340599944,-0.008127846608634335
-0.037151402243265894,-0.061801924015741534
-0.029196996244351823,0.019730302196957764
-0.12271920452108191,-0.07581572500093788
0.02171941360931621,0.01764892196108544
-0.021212610428424122,0.0021687513387440623
-0.03840543060110942,0.020781573711312607
-0.003644149907515737,0.09138899378399916
-0.013401914875166383,-0.026445849198308682
-0.03214454651527063,-0.011732167767987604
0.07615767097732953,0.022685561821500125
0.012938197351098673,0.024498270155130664
-0.0018088507309055313,0.009823075252895674
-0.028896708342104692,0.07457084892864511
0.037592221248130844,0.025998451366416885
-0.030695431854271104,0.037472185697958
0.11352987996339145,-0.03682103722621348
-0.03916514896751369,-0.03731875413813177
-0.010691537058885703,-0.07520120777542114
-0.06093463452655753,-0.017262721568085733
-0.05516848454683996,-0.06554078119246035
-0.08194708085396527,-0.03332671136347138
-0.08951415388834348,-0.048612486233253024
-0.019811446671227136,-0.017039692448896873
-0.07030748201548129,-0.03394918174479003
-0.05759093630770505,0.009628383153900067
0.03025985839651768,0.031974815319112004
-0.08347876053231061,0.028697139082755257
0.06466556432750167,-0.0701989062662885
0.10305099836916477,-0.09712794293276321
0.04125836914087442,0.07535682616044295
-0.06645812925092225,-0.0009852582175821807
0.03881496292997819,0.014820459324446228
0.04083365501862184,0.0009738646559702205
-0.0317757653503124,-0.012373167804831244
-0.01756343143232782,0.05927385005985754
0.04800520780914659,0.05131748697343766
-0.07423420351477464,-0.0234895653453151
-0.022796676285258843,-0.12902883561058215
-0.14392392797879683,0.05521209552541556
0.033704781695480635,0.0091385599726077
-0.044478853198842844,0.060769451041079905
-0.047581165250611776,-0.06565311110027913
-0.004691750146528855,-0.023482380201112794
0.004309737575190771,0.0014920153114222692
-0.017159950486880664,0.024585694451004017
-0.025828143559611147,-0.03665677407181485
0.020434727845273153,0.008221917049512029
-0.055031334942611795,0.03413162418240573
-0.12110914077441196,0.033786502678870914
0.0035166050391878673,-0.018855151296200263
-0.03659453327414955,-0.047826167030005605
0.0066646427667131705,-0.11843100384986865
-0.02141379846268423,-0.046269918112897185
0.05231991761491747,0.028432110730947233
0.019223613019587946,0.013679487183609677
-0.06017104746557765,0.021387191606765808
-0.052012373465581116,-0.08003710518028222
-0.021073886061948054,0.011550842067998036
-0.0006471468950776833,-0.0902073366452106
-0.013511596148520159,0.01123088106983336
-0.01769075750624069,-0.010788467402475433
-0.0006073462119653705,0.01457295155878107
-0.02965345130414925,-0.1317252944682061
-0.04381468650737075,-0.054384685899109705
-0.006570881601845123,-0.020806475445989233
0.024688283336695666,0.00472881688501384
0.04022650499904061,-0.09753192286042756
-0.0013535738406054328,-0.06366702250422475
-0.018867263257188693,0.031765423501570106
0.01714865781576768,-0.03484503951965951
-0.055274405479831715,-0.10221652455632631
-0.07349084638876119,-0.004132630079649868
-0.03362408079100119,-0.028323360633910652
-0.039729189829117856,-0.0034249835596958586
-0.023852986429369873,-0.04336884582551969
-0.08394196644474237,0.03611707136879572
-0.06560508713505223,-0.005503718479006783
0.03880822616024052,0.04841448758087606
-0.12019487162494563,-0.012072013367756967
0.0012886917016956788,-0.06911169818059944
-0.08539167334932465,-0.12873176671390463
0.08198432606604968,-0.026443421792124246
-0.15127590982266959,-0.036484845647718575
0.07758437081500251,-0.058856207260426396
0.019161188425353696,-0.03984912015524818
-0.022488623031385505,-0.06685836549232106
0.01830163826729875,0.07682721697551237
-0.02741317248908614,-0.0450124273993843
0.022048874646400783,-0.010589938659080013
-0.04591649208655306,-0.027104654980226447
0.04456749953495971,0.10856416397095345
-0.02863316111995251,-0.053515997767318184
0.008102448770900716,0.09410584630012606
0.037685885471138755,0.009670764285912365
-0.06047866359440038,-0.06460768185984002
-0.05610231813075496,0.0016694996803132793
0.018312930674541424,-0.03807971123515852
-0.07361678887730441,-0.04850685261202975
-0.0818819740943729,-0.054410447115912905
-0.02899184204702637,0.06494060260471306
-0.08198724109839395,0.05965602708628541
0.05340801282075425,-0.037425243971659666
-0.09810199567555064,-0.04969545583205806
0.04179274435382879,0.005756587601228293
-0.01265594312448573,-0.06749245302238525
-0.055539594836034184,-0.016783606491274503
-0.08384667805799571,-0.030567870783262695
-0.04447111308135737,-0.03187061142052358
-0.046664649521215684,0.02237245523153157
0.019677757033703815,-0.024589797643773673
0.022726375220517073,0.09589534165603653
-0.002254359655731404,-0.040019977984064044
0.02002241133872179,-0.0072664373863383395
-0.028979866707633598,-0.005878027898988348
0.025021180250928268,-0.035568764602122875
0.08237971677674463,-0.021452004204659113
-0.03616130751178878,-0.0003264655698231502
-0.10164689435284915,-0.0944112360149324
0.004096103521303799,0.010097187011827932
0.02952680376097444,-0.011876909279830863
0.04904407147626878,-0.03395278905573749
-0.036125757370975425,0.06889954987122894
-0.08415021066522771,0.01913295601225222
-0.05597447809341761,0.0094928712957423
-0.031044988397558277,-0.08385842015473219
-0.02542970130177173,0.020273881821260963
-0.019878524740088194,0.00681628988034454
0.07813649924147462,0.04763443699568372
-0.0687982733278658,-0.00708479092638074
-0.043217692306262045,-0.06776329304116682
-0.06370203160458358,-0.014793910543239901
0.00988066767750092,-0.016632576488887055
-0.005192488317564404,-0.026291278738549063
-0.08456060099479261,0.07560531974809567
0.06027836447747657,0.04922155724360329
-0.036749260819459485,-0.012068031949512873
0.04918043555757051,0.11681523645858469
0.08548557433376103,0.02671542721161382
-0.06774345397124748,0.014969489941479792
-0.03431109214540021,-0.045575640432537264
-0.10269377124327408,-0.021155936864609145
0.056226417300580186,0.03520451703598665
-0.052049342294406976,0.04766668895936972
0.0362033654600042,-0.05137502093130703
0.022241151991598325,0.06000566078874054
0.020749972101618837,-0.021895376657844478
-0.009031727408768606,0.14127969948678515
0.0021264448244786216,0.010367880799133878
0.08297847619499293,-0.03959546745099204
-0.023931838567305977,-0.024433421202214416
0.017038184354739302,0.06342015045678717
-0.09824819259868738,0.008270244449868267
0.03804135084384492,0.02607790460714913
-0.012871783423095556,-0.08359376633439203
-0.03722287377800618,0.03846362037860601
0.04386779937903991,-0.0047311284020486784
0.07215080919079253,0.02287163987766774
-0.09528249764488426,-0.04615453191242613
-0.08425434479637886,-0.0032738350308585177
0.10951476693009922,-0.108560647762832
-0.01703571282175649,0.09855896786429526
-0.04217616823304377,-0.055078538744701436
0.04804265395223296,-0.005999752963225333
0.012914698397768482,0.03911689012261976
0.07451117649346134,-0.04071165460229074
-0.14290184058458819,-0.11476957766538522
-0.0744435501805873,-0.03173455312453103
-0.00020360677966836497,-0.025315479692791527
-0.10916867101912411,0.010506546899809045
-0.038279028075573096,0.020853995814917408
-0.03846447520601465,-0.08084190238887709
0.0908631460291998,-0.051503280236123376
0.0622535353902741,0.006270423135548183
-0.008042928733211214,0.06113582763830082
0.028943162157934698,-0.06984963688735113
0.029700167552530632,0.009351192361843551
-0.012746602814576744,0.08110837892512117
0.046946378584023965,0.022607924974328304
-0.04180639821801929,-0.0008935124973772791
-0.020626918200212847,0.08113125794829218
0.031139086785657237,0.016626270725531234
-0.0258970922052339,0.09871829916582986
0.002735079038588193,0.007355789829819509
-0.08397132806478673,0.048642991756830706
0.03329246810108915,-0.08276398147802722
-0.0012928176489040545,-0.12231544949858376
-0.037204905903102714,0.009448180879506187
0.007629405781953731,0.022478175834774655
-0.005174015468596157,0.05594293793026143
0.020070235065565052,-0.03727750841594233
-0.0017077958091327276,-0.040652460241584906
0.03923362358334433,0.030923504134201668
0.04199762037871607,-0.021659822441221492
-0.016926273888996826,-0.043320755963349306
0.022721035953060038,0.011672020299904289
0.0034517996678339246,-0.013568392384898802
0.0008189438289783503,0.08170964915132203
0.11801120101626772,0.02865713140326467
0.04611366629190514,0.09613432974578218
0.022429335406308086,0.049034787301650166
-0.010889556415940744,-0.016801798060012654
-0.05114295576654285,0.11689880250603236
-0.003948444005536714,0.054390774318079246
-0.046142215729599936,-0.06522929666481359
0.039722438129441096,0.01868583011113839
-0.030160859896177325,0.014711930125254381
0.11109396784345518,-0.009781556435249179
0.06798720431342087,-0.005222316529678413
-0.010034758134633724,0.007848528222305182
-0.00727303593201082,-0.028906601371514507
-0.03925666746243136,-0.0261631179791326
-0.0617396785244045,0.008438884006024293
0.011549672514714197,0.08217465055126545
0.0050568855392796805,0.03061154722118574
0.043818439168119595,0.08492868341302977
0.055451923633481726,-0.03039709204585366
-0.04119542746519185,-0.03066957725476577
-0.048947101978243396,-0.000344059076018529
0.03256060673883297,-0.015774759726230034
-0.0016346302669277193,-0.012960325176436372
0.01068219328322241,0.04603268140882155
0.049275408273115905,0.007263089036273342
0.0024820797351134596,-0.007270757594623348
0.04457736517401846,0.014769078088267185
0.03344883183467567,0.031915889927105874
0.009511193568684193,0.013085845254545899
0.0013523448351701675,-0.023202079153073214
-0.019788582821581063,-0.056395607755535135
-0.021285006092628293,-0.011881141316312353
0.06492596257017771,0.007880760577797461
-0.03290873424777366,-0.011988244568173313
-0.07649740192594028,0.02049590168400448
0.049685657763054905,0.0626042715011669
-0.011380080070554507,-0.005768328223920309
-0.013026854325968173,0.051554621720124885
0.09814775410042545,-0.03131710447916646
-0.021277897971531245,-0.005897822499245316
0.0029681269592734556,0.07059907156071846
0.042804933342494106,0.008656925658244951
0.027540159159818944,-0.02196448198485575
-0.02712928117409126,-0.02776545799838391
-0.017691311036971486,0.03628092180064114
0.014548875457766782,-0.02214395950963899
0.026293525427394597,0.06992042734857543
-0.06362797285137492,0.04965487087437006
0.03278969319536462,0.07655769915070088
0.10695830105987311,0.05768705197806755
0.08437156881744301,0.05301529074179699
0.019871704300813295,-0.1116527587312642
0.0797708735091894,0.07149349824073145
-0.061660850966842456,0.07339695213654732
-0.050947761695171935,0.02958282092122653
0.02681848467600896,0.021218442943104005
-0.004490705617574881,-0.05241665539961815
0.05751816628425871,0.012073069636255887
0.02699750564430683,-0.06199322162705889
-0.013953950297114538,0.016968313101198625
-0.05059071863512906,-0.011149759532762146
-0.002707142839291788,0.08453530341049087
0.045088828598900337,-0.11127143447921625
0.020083753042183725,0.05898307339799412
-0.03337265567230434,0.08644979908530417
0.057994188973296876,0.13339155460628446
-0.03584901126436546,0.028947628068129366
-0.03991479225086959,0.10593593889324918
-0.002220655911039166,0.08185134131392102
-0.002922464326840353,0.07211002065674814
0.017074811973569717,0.020540073266474466
0.04628688863768293,0.005302673892129571
0.06586501229103128,0.004753114937756257
-0.014617035667996565,0.006531005939603516
0.021966008769414024,0.0803705246308278
0.07793349857508913,0.024163209524435708
-0.015753944765175092,0.09141401130248532
0.02579867862710039,-0.018879773881532697
0.021241334617601578,-0.031525995037008474
0.02890853281922398,0.02089194521553154
0.06288070595922678,0.01429862504611721
0.035843449669842126,0.011146725107988361
-0.00994766767808599,0.07094172200547763
-0.016280425982689303,-0.05154708089833622
0.04883720953477891,-0.038094420797878364
0.023841953787385295,-0.02550425297821882
0.004440662099502132,0.08079064890082405
0.016863554709300312,-0.0320256870216776
0.023389363050916254,-0.03210111239101508
0.00032373543517558515,-0.042014866872560466
0.07434793776912137,0.014499758729865468
0.14915395018895336,0.012527703955524985
0.06157638393856782,0.015190420332857451
-0.008914930376665055,-0.015543221576529265
0.06536648961557684,0.060857947686014685
-0.05876623742308833,-0.04123939962114505
0.0012070255331044326,-0.035376214527514396
-0.0029107702148124873,0.08059027275457267
0.03215184880032928,0.021490535183644174
0.010799724637940652,0.08903495746739595
0.09401873622294214,0.07141964888659164
-0.0242014423003099,0.17415911013971838
0.018432366976441284,0.06876180167454402
-0.0070712960312644055,0.016384361090812267
0.038279784661287855,-0.0819760689898337
-0.056940591166624185,-0.006545560754017941
0.005036164499846131,0.040015999616751986
-0.03292186756102661,0.004746331701570919
0.026806377105724376,0.08043131879791657
0.05409608426177595,0.10403136524641417
-0.01054268547144244,0.04298849867073455
0.0025947973276660378,0.00805585043294841
-0.00314136857414927,-0.03139341854374119
-0.020226855475915684,0.051537541644422535
0.05582390028750649,0.09390560817017599
0.02911937943346686,0.059270541740875586
0.04847578192392232,-0.016876438347720898
-0.0028375387456251473,-0.033259244673103365
0.04702849555971984,0.036111555201133655
-0.06372251617973645,-0.020449943370107145
0.040213675115508614,-0.022217782383719867
-0.0030367301774213897,0.07096976947654171
0.08620235376218158,0.08220647175428153
0.03343916190243987,0.060395414372213366
0.005026261142149658,-0.07915492596480819
0.057542965564652056,-0.03180124361767713
0.02977166571006724,-0.13643712446587306
0.0007859568177637569,-0.003912203786960982
-0.0013190241903006487,-0.11767691137660752
0.056216334511313346,0.03308870100323843
0.01988001106081863,0.04897237683919524
0.03649980371452823,0.018772910235592126
0.03580170968061369,0.07305721364050906
0.042206587627861225,0.10565364347634558
0.035218346953157814,0.04307388473428773
-0.03212547394817496,0.037289567104212315
0.010533530380092106,0.08532016784835247
0.01068249601393872,-0.0131944317784498
-0.0065678813782206035,-0.06095430712266217
-0.029534400530829574,0.01502014643704741
0.01632340424157156,0.039595641000259627
0.11424637604328744,-0.09311004993878125
0.03870937084735368,-0.02845011749292766
0.02816497930647396,0.007982139847543859
-0.025808924214362518,0.022642498685317355
0.07036950295875925,-0.04845389458787477
0.0284236850709162,-0.01615785274912747
0.0006270050170769795,0.04995050253631087
0.1005639370662256,-0.01753042663665908
-0.04385261303256953,-0.010628404891259982
-0.04957347922913375,-0.02962854241464831
0.0030348998813922905,-0.10150315329156624
-0.012552917332724444,0.011086431329147368
0.04360609654987923,0.06395172178464825
-0.015409879851311023,-0.10470482252723642
0.018926519395177914,0.024935515454834217
0.003772841729775907,-0.03860420736208285
0.004004803916832765,-0.0048775687618738345
0.05768465275869463,-0.12648569033818544
0.05376265949700063,-0.11215352097949435
0.025980540660585295,-0.06404928830447186
0.05673901210027073,0.028920507882075924
0.01778961240629737,-0.027575144664205804
-0.014720779573785836,0.05137866628639594
-0.05065086709474712,-0.05460121654517215
-0.022498183547169318,-0.0077937349384942034
-0.005600526502626872,-0.07335877488665143
0.029105837878693717,-0.06499322261889454
0.07402325666498229,0.009071661916278059
0.058970409590230095,0.01005635180913825
-0.023607979095126075,0.0005462176203083285
0.09916170822345985,-0.003544588451877034
-0.07650365933495429,0.006723507895790766
0.02610243851736408,-0.023158609502389207
-0.09014514922110325,-0.0653715239693046
0.0584001908820505,-0.02923421227138084
-0.027270051025852952,-0.05095104306712958
-0.03185800136654016,0.021812281353630492
0.02937376722552149,0.018121492983785636
0.0359960059809103,-0.026862108390896682
-0.01664351497567568,-0.06883771838248147
-0.04045905369617557,0.006112543369749921
0.026033868744748785,-0.048293309133583026
-0.0394348058594859,-0.07885189700326438
0.02395973844796033,0.01974696024656622
-0.07998177850007127,-0.029759836098955106
-0.007441711397272391,-0.0609021024377164
0.021001295359709727,-0.030188159809020093
0.0785995708543239,0.029349798562392605
-0.02837205916067926,0.08954351878041374
0.021817548448855015,0.09898063785143753
-0.0016483984331262524,0.1080298818662849
-0.016512308071022688,-0.011544817146346144
0.027989064511014086,0.01805998901113421
0.002856720921680534,-0.02524047305250497
-0.10176147106719198,0.04086865544924992
0.021480478513222843,-0.054433161874573255
-0.002000218489409582,-0.04336669944114405
-0.043168427730183354,0.022153097183274087
0.03025555925416118,-0.022981450388893397
-0.006973092009158037,0.039557775424647924
0.1060617094308567,-0.006191726319170585
-0.028463151833783458,-0.03197516179310528
-0.02486284142104981,-0.07516612478012578
-0.020584711760277277,0.02192175585435586
-0.04334978072785616,-0.06598878362992801
-0.009262289829242263,-0.021669098099564188
-0.02015529433843702,-0.010287759412778685
-0.05439209712030491,-0.05363452705870679
-0.029902930376608374,-0.02618725342336488
0.0043357059835615434,-0.05571822864256621
0.03611817778698794,-0.02388228909747976
-0.10606992035903691,0.04398807501329062
-0.034798137182312894,-0.03917730054656096
-0.03797921759113951,-0.03782841182899106
-0.021342330665710944,-0.038545775719434835
0.008326347597700448,-0.030847889376747296
0.10957308580148901,0.013078577346935022
-0.08280224393248857,-0.0008104941660311057
-0.04183036863231911,-0.023874880542745988
0.044326807224027244,0.09985685985713198
-0.07897956180096305,-0.07851388072076906
0.050495183554690855,0.026904741360223375
0.03039784496784749,-0.04283587601529819
-0.0584221317085398,-0.01180963597109314
-0.022221035878306216,-0.04894398014959561
0.05924255640914166,-0.015694579540194774
-0.019818770102742727,-0.06999232070145499
-0.07675194287436603,-0.05252021796643379
0.036229524984793565,0.033207952109744907
-0.0482842307253575,-0.06337238890352279
0.028037605289731277,-0.008998319004882585
0.0586409832067227,0.0030433859229628962
-0.03954481007918374,0.024708557698366385
-0.05634833130669116,-0.01927232923495657
0.007043301179074507,-0.04626493656057357
0.016321143550127114,-0.06750699749603553
-0.024679267240665496,-0.007690588332099693
0.0112837178189472,0.054312125823068436
-0.0562929534591641,-0.05397460842531544
0.035219991746740426,-0.03127933048646635
0.04450408084798465,-0.055510761404515295
-0.07748929583611526,0.02060745327230039
-0.08371320359312953,-0.0618774692039797
-0.036026416561882844,-0.10002449254012925
-0.05667782493499836,-0.07078439279461901
0.046391974218042906,-0.0370011519728535
-0.08156630263367495,-0.03641221303431444
0.030705741361482426,0.012810512215406088
-0.015801656652941143,-0.02651140736626128
-0.03777906567976365,0.0009311190747372487
0.03975467883969437,0.005737384523875757
-0.014457525316737507,-0.053029512044217214
0.03335199861352823,-0.021705448544190105
-0.07636207171935025,0.032910256984777744
0.05078723475365585,0.023282108114697445
-0.041654053739854244,-0.06747640735603568
-0.03896662145413435,-0.10751506456064128
-0.05885281195472789,-0.030468043919869396
0.01697822073148347,-0.053255554400361726
-0.05469271390999983,-0.003096988347865693
-0.0773281528280988,-0.02222311692352273
0.030255998867680475,-0.04688736059540681
0.0003092813199602716,-0.042701319841928244
-0.1315947452649311,0.01863688121696908
0.014645081624095276,0.04592184875301761
-0.019204850563240214,-0.028401013390191972
-0.0462285167346817,8.645197190626508e-06
-0.10250288032282266,0.006016474690340796
-0.14901360003471334,0.05665854059021381
0.06134536185142193,0.020117351222069153
-0.009298291631718839,0.014002875793448565
-0.03461700452903415,-0.035565624383997775
-0.02511031593301747,-0.05429072889876556
0.012331012973070113,0.004931343119914507
-0.045017436493062446,0.01148031782513665
-0.01625611217563427,0.015742881259495092
-0.08099558838327212,-0.06875660682222218
0.02591522120567858,0.0308249089881868
-0.047119820955157043,-0.011253081001582092
-0.07417207119297532,-0.01873230021017841
0.020772555858943692,-0.08729615359195307
-0.01211381395454244,-0.01930934831254851
-0.0758623330535523,-0.029090867046229582
-0.05184031963465575,-0.048059330108653396
-0.06396732338080623,-0.05066921705404912
-0.056856827422032144,-0.006350623352450558
-0.019584226078593378,-0.025442056933965784
0.06417432290391288,0.021453109365238244
-0.019257184473218513,0.024617011338882763
-0.024161768522117936,-0.0479993583974898
-0.0699500896927534,-0.041394814046354714
-0.04057793705535431,-0.03846390890635165
-0.05754132205366474,0.01290084303041946
0.0018820175071981582,-0.006512372084089179
-0.005572169397082419,-0.014756342028131184
0.0644146719106021,0.005332894383833282
0.006052322036069136,-0.11628428858336842
-0.08713600724116174,0.02965677483339321
0.005033515819031553,-0.09462030519937618
0.019007760253536593,-0.03173893216623367
0.046045393292514836,0.03262386275946766
-0.09507319172093086,-0.1019231006897417
-0.0773561352244013,0.009453845248694786
-0.06740902520929495,0.001846112990139457
0.004686739843217207,-0.09307459925900738
-0.06803093150093108,-0.045942010416549064
-0.05109815360437972,-0.046303034184314765
-0.13296029600301792,-0.05122896930726181
0.0451933600461869,-0.0599128725501893
0.004371440721683804,-0.04401586601850995
0.06840561477227024,0.019378573366259606
-0.1351473418473955,0.04149884706034903
0.004875207505300015,0.0647206930058124
-0.0705512466651987,-0.012215675788051189
-0.005732373114071857,0.03437977056168599
-0.012248628597323038,0.04156806104705873
-0.04913458376639346,0.02626978458175626
0.01986538821335125,-0.032822588592575364
0.023271642532222154,-0.05568662086929434
0.08578503883037095,-0.012845990829759329
0.0466713625958978,0.031581799598256625
0.05179611390323802,0.006067203181646332
0.07155337592293916,-0.019232638548384973
-0.016951748389674382,-0.00643809476997478
0.01351107546919056,0.01978622108994131
-0.081087089270697,-0.07945103028695515
0.002025907247681317,-0.03845734385135211
-0.10084058119847245,-0.08889927640578281
-0.04343534984494558,-0.0006961298028355448
0.011107243694548942,0.06718105363473366
0.0189232623161815,0.12591691806736255
-0.031768130974292264,-0.05057483225712421
0.05737929759887374,-0.0822624156344676
-0.00275913669872499,-0.03610573551380535
0.008642546841755262,-0.12285740753298167
-0.056769032809728275,-0.0617499886298244
0.026159643390878985,0.0520434712945744
-0.012527411872165582,-0.06675728460221926
-0.05643087093672424,0.05165941997300928
0.001754045420619403,0.026509154612012933
-0.00910866093024203,-0.04250209687816845
0.036013704121706624,-0.04009284354560859
0.11288694134237742,0.021255902708762174
-0.008196367211016981,-0.014612534019977856
-0.025425948894111962,0.020604467503495358
0.017060135631804217,0.034544422012521794
0.004409736280542305,0.03471845269195381
0.04712265522581209,-0.0011426661574481384
0.09707735863229182,0.030053990363648687
0.005155058214661818,-0.03643567936277013
0.02371463809800839,-0.067869172636983
0.002450953738966203,0.018276276052631147
-0.009202625787190976,0.0014853708976955444
-0.014034952299046343,0.019549296075123006
0.04440219927263764,-0.05279660377635122
0.04662121309731183,-0.0212316200178021
0.050328259540903204,0.0647607647632993
0.028959761113305827,0.03086906405713768
-0.060777544876206346,0.0062828549980662625
0.006324640825306274,0.003909520415332841
0.1308759766001741,0.010311666643003889
0.016840357093032395,-0.049916801167399626
-0.008677180816692855,0.014575388285489072
0.03572196016486492,0.020280958014535617
0.04252938115143499,0.06726355968435255
-0.0269833557705243,0.0039268758136901255
0.04378462128234976,0.13478391782434532
-0.030445990693238986,0.02942381275527753
0.01593134351383188,0.027802737423441026
0.009874902534246263,0.05683320054499426
-0.02201730296350588,0.05266907906312908
-0.02802085289290549,-0.02057525758884479
0.03712573511924412,-0.03869336570010013
0.014421448177832013,0.05210046028113904
0.002179394210410858,0.02815547174110501
0.1054687539118393,-0.05570031413616394
-0.09718997957662298,-0.034444757930129355
0.016134725613020606,0.0655933876392122
-0.01211181772969043,0.04918483127988461
-0.02357326352776598,-0.0001458692116344533
0.005519315217332421,0.031910342724552274
-0.028060002083632324,-0.004507711912367169
0.0027903419176318516,0.03424729440668606
0.012112448831092068,-0.014991614499351148
-0.12466787448506508,0.0518789328516741
-0.08297122899907497,0.02022506244264509
-0.05930643075462949,-0.018921295699732776
-0.02828647915091559,-0.015855974906111063
0.043141172164111105,0.034080680014281994
0.05525963262674922,0.06786846786363585
0.020806661041863767,0.004414455868844336
0.0017703177955252555,-0.05330312039597169
0.04857166981177946,0.015820166225350978
0.07762923037257442,-0.007366026903754885
0.05626544489989248,0.08881407741479494
-0.03478995523307586,0.05632886326487861
0.04631931313229577,0.04377194626654299
-0.0536805161749246,-0.07321129296302206
-0.047981371549916635,-0.008313136064493153
0.06936262012095161,0.008674959013042494
0.02255125113952386,-0.049534231457339754
0.0137613008539165,0.05216809111996236
-0.035301261560231806,0.04170695457657066
-0.0009635727410254348,0.013929838937973641
-0.020984721381946583,0.024975311450437594
0.03290060197750443,0.004643488694596911
-0.04069103715077343,0.07536317520426232
-0.0695021295826215,-0.02680650874111308
0.008716492975888309,0.04373790657492245
0.059283975329580636,-0.08968619625818125
-0.028014484619551958,0.014365335199125927
-0.04499839021907581,0.004894112008260371
-0.03171540152885795,0.06618789878685281
-0.041724016555990125,0.07010799173241636
0.08512591845097722,0.06065407699405831
0.07317941284220122,0.021847893177502048
0.005469156447315181,0.005117004396213732
0.031071825749831562,0.03751583149165476
0.047456342956794226,0.01171489480001546
0.015514031105625086,-0.007447934560708115
0.06942852723950126,-0.0492076559840011
0.018117205768581206,0.02172323001005775
-0.024726046891745814,-0.06474816838058946
-0.02074201687762548,0.08494381886476748
0.08095931095852718,-0.048932263243089955
0.0036438869077296213,0.06025094377028302
-0.040368394464462595,-0.018998327935057704
-0.01604802856107518,-0.024878274856998686
-0.04994804649690164,-0.015954226147980876
0.03919937710385086,-0.011776090560724855
0.038478647967972596,-0.021751301254015015
0.009877151803811615,-0.10323884168417163
-0.08561912563527133,0.06378820315113246
0.0036425303291624557,-0.002089297131931657
0.018445124979397355,-0.0019738182975609746
-0.011650473572724338,0.01713577002335388
-0.04841205637340153,-0.023132693895680446
0.07516314647354648,0.006089440223335504
-0.08843820764791943,0.000659768991923413
-0.0002263074055566909,0.043560179269176505
-0.0012972723937379228,0.0223062319806437
0.05814987757886453,0.024686304929414468
-0.024297601512513096,-0.03034570367996938
0.028689248605520606,0.04398832525402076
0.07308278332759352,0.03627843087345568
-0.04195130893834747,-0.035328394221370914
0.01312173260096259,-0.03468154342573811
0.020073108052113722,-0.03119886042111974
0.011615516211722467,-0.03918232924257117
0.06621534537662116,-0.0938904836149537
-0.08875693657552076,-0.035349711109432316
-0.06964895280076945,-0.1111292919504976
-0.005747516063179546,0.03128865653548636
0.007288419535375306,0.016291788157453878
0.037085261796940674,0.04906517524499216
0.07311783087987167,0.07413871378791188
0.03012871746836684,0.07433955335198617
-0.012251758307541934,0.1337688852700635
-0.0010541256160501687,0.05893068498113721
0.0733877870912415,0.03095214952476928
0.009333446748029174,0.03333092553163208
0.0044586963861525195,0.030025518086734107
-0.006077688940292335,0.07303162875069658
0.002003687649346716,0.04369107778858154
-0.018830804027612977,0.03784215193765619
0.052140945248233705,-0.08330898994930287
-0.03125668981268224,-0.01758678339153498
-0.049075106570888996,0.041362191190050884
-0.014303049611058116,0.027592027407201656
-0.0528547033354274,0.031212653331377925
0.046776766265759245,-0.03786124709364822
-9.4229598101115e-05,-0.0028662014892041204
0.03710385242772948,0.0037542845937384023
0.11859031000899561,-0.007442412455027542
-0.09673019641213673,-0.05688754615192281
-0.02640098764458895,-0.039960382677758546
0.0106572038361304,-0.005635499918411231
-0.10999222389169917,0.03461952728852969
-0.043229349551507146,0.03015340763070125
-0.031827346087895364,-0.003253440391052128
0.10963190156240753,-0.02107247359698347
0.028382907287277777,0.05599117095483694
-0.05202261779699768,0.03596090860184529
0.027089375945818263,-0.015992030467000696
0.03229661963885135,-0.015941867020906466
0.025003437610953166,0.031141368531881736
0.0865748595456513,-0.019609412552650286
0.07692240693402932,-0.04226722361564827
0.05187292702998113,0.026934482478293748
0.037605584750191295,0.056690459536240675
-0.021953224416740996,0.03841010062412928
0.10579785838717211,-0.0400219863375348
-0.009029592425620396,-0.050871264069593566
-0.004943127198615553,-0.02627952795031786
0.014057572772627171,-0.04056434680399433
-0.044749728503305435,0.10358279249483662
0.010960414131735792,0.011733172096313617
0.0906797722712182,-0.03273990554305038
-0.055348913990288386,-0.03153329712391283
0.09343081889988353,0.013047699615071042
0.050625637949122705,0.057871508339347774
0.11386170415456777,-0.04583985163740664
0.004148712433678503,-0.016289602647601008
0.021848668365164168,-0.045359010248276405
0.017567013944176882,0.021685360941436405
-0.004534698260700774,0.0034060665198363746
0.10798063389527934,0.02377167608448416
-0.04807181179580739,0.11105969159976842
-0.06069110858091826,0.058189773695056124
0.09814477629345802,0.043642492105356284
-0.008548122994772579,0.03274761920623245
-0.05773623581198344,-0.000756470746115628
-0.0023301113673950234,0.003188240816007189
0.06174733194577863,0.05023622761061618
0.047114269600371184,0.09325882894923249
0.03908270524054673,-0.0835683430158127
0.023686806285988085,-0.0265229956606807
0.14324000996113304,0.051287335133834905
-0.03478936237490443,-0.04808553563920023
0.030523903273240123,0.027852594898625203
-0.0893283886036716,0.009786604802436202
-0.097859139373975,0.07463586907971048
0.09958622205596189,0.05302923309471752
-0.00339051627752493,0.01708540717750573
-0.03883559080162257,0.04510311203580182
0.10538243612676144,0.0114378931229751
-0.07851999238760358,0.008920236272943445
-0.04921342148890305,0.02601618323422833
0.1229161942375456,-0.05378040174879297
-0.020095072658733747,0.07725435672149002
0.01886671626801092,0.03442399897427527
-0.024364030320012213,0.01698302141455896
-0.04543811909879358,-0.023806582099615694
0.035252906678574045,-0.059499539441952604
0.03741896307553868,-0.1252879990208198
-0.063801901304964,-0.02357459570563151
0.05692689138070071,0.03197207382209304
-0.0459208371155061,0.01693705722243532
0.001131684533437002,-0.03827826809906951
-0.0018661861263183904,-0.08982464871129725
-0.009986914762914873,0.0897970695520772
-0.06147908322258683,0.0350759750254058
-0.004603330784262727,0.08194425258329069
-0.05618171686984523,-0.05615641192224857
-0.01202221861168139,0.1196827639778582
0.002978028807298818,0.05312634058806644
0.06361237430053014,-0.0194848114174632
-0.05150539468843932,-0.04236808297785586
0.0368587085218516,0.020128536043690127
-0.015942626486643498,0.01668150710798392
-0.033518519484225816,0.021006734644428954
0.042599745372557576,-0.06495873553780368
-0.028355280105659228,-0.008704818671660473
-0.05362893340234904,-0.035678383611041024
0.014913900968352687,-0.01355390245225105
-0.06368001207825251,-0.07538912506759154
-0.04908299612821583,0.09231425281377327
-0.00039851893575233114,0.05584670121548582
0.02969564260582392,0.039643147541982865
-0.04752119398057131,0.0626212178209445
-0.049463096028448936,0.04457197890715022
-0.052984023015472455,0.035091620550904895
0.021622646595696654,-0.050918175024648016
0.00537817072062519,0.009798717251998525
-0.02367374359743521,0.09443921618544603
0.06688604239041972,-0.015803376388552674
0.005135488557074454,0.025303434271191323
0.034258761824061824,0.08923234431725259
-0.028579425003053906,0.01745127415779897
0.004908840681094199,0.005520984985698919
-0.07367925627594461,0.010347590686550681
0.15317838521138355,-0.08700306704337017
-0.005317110269563422,-0.041374705196689496
-0.012275429349712663,0.050043730814010104
-0.004758644864660025,0.01743425976185486
0.030132613061301824,0.016101516805829472
-0.09504843813120564,-0.07002312735774184
-0.01793263030685545,-0.012944715541784318
-0.02655996809702006,0.0005174090260837141
0.02797963488905236,-0.04042027073702796
0.05706453618874503,0.0511047374633763
0.007314476612302782,-0.0337851741738471
-0.007337818508205739,0.03392209956013051
0.08714074765525887,0.016669415994300482
-0.0804532250458487,0.00802390023844925
0.04607303753854489,0.001058943661358845
0.0008886166996988389,-0.021638367920750936
-0.05901822810576053,0.004406506747093055
0.02130683673872891,0.06249918820779597
-0.07319191787337477,-0.07141588288835442
-0.13790953173627032,-0.02646073101018456
0.0542814516005504,0.06349095064221963
0.013558210403019653,-0.07202962990858591
0.021612882074140718,-0.0849518990149944
0.004913049835803929,0.020807191591177315
-0.011355048181802586,0.04019333982658889
-0.005156987930455914,-0.05690282090716217
0.03744645517543019,-0.051881132097184965
-0.06616724271072495,-0.03368568500705098
-0.004728367809762508,0.04268505040767781
0.042801941642223264,-0.12044448168001343
0.020258229615222806,-0.030948796692860096
0.058323823737848286,-0.02479969984644543
0.01198262168177044,0.003092266097068183
-0.05510193670001484,-0.06762473061521158
0.03440592426428309,-0.0026125530394801866
-0.039879571985635964,-0.028608228532771836
-0.017547116594312136,0.03868466697568404
0.03783649772799748,0.0012571730181901945
-0.004704245896196512,-0.06815865308421995
-0.0018383260313856366,-0.061159155168773946
0.04674665251295814,-0.04511252839012296
-0.030401187136236775,-0.03611965300324144
-0.010884856495794066,0.01758449039887644
-0.01971991944824665,0.05277007676752224
-0.08551601813379159,0.015225180162184753
-0.05151139223654411,-0.013677288700661858
-0.06899439749025083,0.021395940272854498
-0.08716667148246189,-0.00509791782116068
-0.06812413160748608,-0.058800512086026595
0.0016647327756079376,-0.08502755157857686
-0.018455257680876094,0.007011976795801116
-0.01701564300012917,-0.007200751624839826
-0.07460949040963993,0.048932179517505385
-0.03347703406042414,0.059773408869518235
-0.015766096775856046,-0.02998485896965601
0.022087076993680357,-0.04230004371226477
0.05673005265449965,0.07039394850390347
0.03868908063373108,0.080086958185445
-0.09319953690319856,0.006616904986941303
-0.03921232241126478,-0.0006686928452514854
-0.03863156266178758,-0.008140972639577306
-0.06635630478583196,-0.01099854949953645
-0.004506906895150861,-0.038931215727299295
-0.08132583796370897,-0.005674012557405239
-0.0076265681710397035,-0.06847178792367355
-0.0028318561231753595,0.05077165413626671
-0.05025296825911724,0.02011717302765566
-0.07105945262292417,-0.026501727488809773
-0.06881068075747673,0.09021757407005858
-0.0811926080245072,-0.012881881346850553
-0.03830038638435407,-0.05084010461657151
0.05975576108913025,-0.0008634655777607844
-0.0007588629080857306,-0.032986007632521006
-0.0047117103929696594,0.02884395007158756
-0.06538667068034529,-0.05192087665681439
0.10006808984951507,-0.013539885960459483
0.05040406373142718,-0.04053420272592437
-0.06344974479473851,0.006332372107598901
-0.018105304728976746,-0.012091087975207124
-0.04346497536323268,-0.08181622109009026
0.03962263027467783,0.03015790491391278
-0.046605319072333194,-0.02693638969879135
0.04671474545146741,-0.15108127382323394
0.07194459783411597,-0.09329520980125128
-0.03631675849111436,0.01803075684056662
0.0020501856677688085,0.024255071303617714
-0.01500633280801605,-0.015956473379341227
0.07641584015571361,0.0019201112162033213
-0.011132352440871783,0.05003646170972634
-0.04934737432386857,-0.032379542807193726
-0.06661831920942099,-0.06381372866907767
-0.030179767278534702,-0.06518957360117007
-0.04665665459675279,0.09923585006649195
-0.018770633415264474,0.039661560394849665
-0.08413878824959882,-0.058960438761982245
-0.01121026477902867,-0.05125524676611125
-0.02974828926650372,0.0009103125879364495
-0.06105661630056243,-0.006948035026419488
-0.012749824156710637,-0.17977328532186027
-0.08258267645732364,-0.03576739919533564
-0.029464633865179175,-0.12518460985719537
-0.041109239386427895,0.02051152339026156
-0.09231853464762729,-0.10601221422112064
-0.03543264147084915,-0.052276428553372466
-0.028383918799598104,-0.06527200530492258
0.060631297193004086,0.012188169419360677
0.06520201050592628,0.005920798219806813
0.03954435473345226,-0.033830191307610696
-0.021624226426801438,0.017181226760117876
-0.021388486531424653,-0.007600485449850007
-0.1333187399893919,-0.0012500112033036852
-0.041063363071903294,-0.0524867755164208
-0.08459712441152054,-0.06345605698821252
-0.1578316713126376,-0.006739312921157391
-0.06390840269157845,-0.0185884098543991
0.003250531059157173,0.02705729129689352
0.08702397813593132,-0.08076672072800317
-0.023263206790781966,-0.028710268581445497
-0.06786855485261459,0.07326880476714817
-0.014495499471639063,-0.04393924733483702
-0.1210994893922406,0.07369033748294553
-0.10727363020539891,0.019012950400676177
-0.007726987029743147,-0.060023567693372734
0.04202447585271226,0.0582877894594215
0.02914332843639277,0.016630575330120672
-0.04245898270286451,-0.06129847717321288
0.02722144733676469,0.006456929063772446
-0.01836122469843687,-0.04815247880978241
-0.06838255110509592,0.07954213612755157
0.01557551810611391,-0.13994815185064374
-0.041183191876205796,-0.052992506618455615
0.04013041029507203,-0.024818977282431494
0.014290492985421711,0.01398875749103657
-0.04159706410645664,-0.05496632096354104
0.028284622161590486,-0.013465907942648968
0.02063241583631019,-0.05200757433360127
-0.08087963456472619,0.0604624338806731
0.02916505307572561,0.028156231015298287
0.04577157169321763,-0.05418062347965899
0.042150145172077866,-0.09197699708729763
-0.01978363069547704,0.07295583399761511
0.051282952348071995,-0.023765834530729855
-0.13713527509013762,-0.07345921888830635
-0.04109953003631859,-0.05570278936530888
0.0025259000900610482,-0.12490038293525342
9.517960706320605e-06,0.04742187880309875
-0.05297142284122063,-0.025411591225662278
-0.003811958191814303,0.020090339658407442
-0.16344304853975652,-0.11967258173153228
0.07087405606021206,0.02110888554307308
-0.08154993402433926,0.009554778856960414
-0.02917849636089996,-0.16303446836635058
-0.056300170471633236,-0.005962129817234301
0.01834027498920511,-0.08868092987574402
0.04164652952884744,-0.07679594939710341
0.028038971183392193,-0.07592335341739873
0.026157557370809367,0.009639996052883857
-0.01620977033520795,0.015582243658609184
-0.024293229841747976,-0.008609807938366644
0.07895631923785004,-0.005183925679664995
0.028371872853035555,-0.03234115319578947
0.006353589080771466,-0.00877159770428735
-0.03530653870270678,-0.06851176033268151
-0.017545260408945686,-0.05622003758308541
-0.05226675915372744,-0.03650282147710633
-0.059074243574108794,0.01572324859299477
-0.06547168826979925,0.004971249056386448
0.01777081469082654,0.045834856138377095
0.08922287061639768,-0.04833913922606935
0.08591951573538499,0.0705609674314803
0.023507002746708316,0.012052406382526543
0.004132523498109167,-0.05390384193839236
-0.09111727776993964,0.01755384422398222
-0.10102259469695986,-0.014847891510890741
-0.02244479981111072,0.007326005922413845
-0.024914765311972065,-0.025618464857885145
0.039567633774535454,0.0689243474582542
-0.033486108542861825,-0.16471275137738384
-0.03723797275884041,-0.03371629092647377
-0.11704879552308234,-0.09692095569917102
0.029383021478054053,0.04558861657238259
0.03721683466993515,-0.0084507845094563
0.03203928701744855,-0.04261561521283514
0.007183398625246585,0.016174771088171523
-0.09701122034002493,0.01425196458339021
0.02507990312490922,-0.02318487712848512
0.018471887538190224,-0.07699582418534781
0.02377179174306787,-0.05439584641539838
-0.0078167401030991,0.024149279619176282
0.00824404643429506,-0.0164187180554162
-0.014041771102717732,0.0029421414521973986
0.0853981259863611,-0.049034868132954344
-0.03200240927672215,0.019934962892045296
0.004438425981949402,0.04042960858787587
0.04779987409211782,0.041766245812045875
0.05360728683417807,-0.06639532747775717
0.04009456679773873,0.02688940541933919
0.03782529486469568,-0.06522263241644403
-0.07383812464326338,-0.03185123907724556
-0.011643472993949796,0.03522557616259741
0.019838657146941493,0.029636971385787365
0.0626219847276185,0.029469232896216075
-0.004407717101759254,-0.0660553540521922
0.02615082503770108,0.09262257187847446
0.051626801981828674,-0.034663406808658086
0.13636648812420807,0.06783451643450161
0.027336041092619147,0.05301409470464777
-0.028822948913820298,-0.030602265151005656
-0.03704876502642136,-0.028087303283992386
0.014760782925340277,-0.07221975764968958
0.017286890369362137,-0.00588281232369951
-0.0749428640787884,-0.0006221764064926515
0.0034643051788678103,-0.0033717752485159062
-0.02385245379634,0.03654378027716171
-0.024627813915523367,-0.05080568049359293
0.000891866917910893,-0.0024823145124241996
-0.06371752460460534,0.0297981977969433
-0.01172008496545636,0.058263728953311125
-0.03168199370072859,0.13171971962929446
0.06245090339220838,-1.9752938336736053e-05
0.0047806315630779935,0.04015427579278894
0.1386319843689806,0.008412073214422144
0.09010281095658396,-0.018998885195680836
-0.037510427017979346,0.0250240803759585
0.003493087466814963,-0.10841792587457044
-0.02846922093647764,0.02983507961058604
0.050159894449138105,0.01798239109892714
-0.013768258914246566,0.0215717068887048
0.03846402226661611,-0.017913334053407608
-0.016383007766015666,0.03258183043634778
0.01425194877792252,-0.004618530295126893
0.04329100488884756,-0.054088615068881477
0.0501959758558122,0.10321926838214807
0.03287066921517916,0.03183671327620316
0.023981158894643105,0.08865766233556852
0.034609517489564715,0.0036276971343253504
-0.014528822812070512,-0.019316431494146833
0.06361858109527672,0.09715436493586328
0.0011257387879949482,0.06407390558734502
-0.046135288030851825,-0.019123939269906375
0.015426337315914578,0.03985137986427483
0.08259100412363997,0.05133786716250291
0.004368381958505477,-0.006232243879600056
0.09300122796638918,0.09379483737300176
0.022106220665605664,-0.0010312528511627842
-0.06687830652912323,0.08020413837241111
0.07391581591546864,0.04832621290391569
0.03493818638578928,-0.023959743063097047
0.08113277642010126,0.028986006416880816
-0.055663006388308504,-0.0038512523496576755
0.014889734930692799,-0.0615167803779244
0.12748588431701585,0.10927570442063819
0.03719364316362061,0.009775880600033237
0.05767010402942993,0.08896545817013271
0.007973358936732204,-0.056359859544514
0.052100154121538025,-0.006684797581038831
0.04646363334124559,0.10473748050409017
-0.014948190158863072,0.061237431432659944
-0.06383859875739276,-0.033399754534238824
0.07836091251122211,-0.0323017346031025
0.028046379925813388,-0.04591944165014655
-0.043190072852284996,-0.048648298794020245
0.030161307847755413,0.0887160181722691
0.026199580454060026,0.05543704753611345
0.03360072205212272,0.04316854935971537
0.05504026606729073,-0.007235681281274234
-0.04257972242608135,0.03287887751393485
0.016830923492332766,-0.017175786319453934
0.10021072944587293,0.01995973965467934
0.037386524604063845,0.1075763635180862
-0.008203413032803655,-0.017979348445880696
-0.008367384753285526,0.0730990008313021
0.07653365266649406,0.020617862464811062
-0.13014568248614,0.0925807075986309
0.009337763862407882,0.018189543315840655
0.05080578761039179,-0.08438652398260547
-0.08419183930100593,0.04190739723401134
-0.06652028337165164,0.012261228243152386
0.04591460747524819,0.0036483125957851546
0.005835952281125937,0.07246696492703185
-0.10818281802288363,-0.001360441791130266
0.11168128223734147,-0.020082330655221817
0.021761341292721715,0.037988836967881565
0.03640169528980061,0.0417915080765421
-0.06331571123983906,-0.016451456806194004
0.05959460890405628,0.028583242757154195
0.05666130355342794,-0.07722605505507733
0.0320330489677942,0.03622435939215596
0.004693524427400359,0.03242579884728152
0.003945771963634145,0.026675128815530465
-0.04488654498130124,0.03922305705291014
0.06641624246042058,0.007715086904226065
0.08894515579752983,-0.010647359179177918
0.03153948042657964,0.03251591885066914
0.05988372387564178,0.009746207978800901
0.016898338931197278,0.02296204524835855
0.038183202052755244,0.005719280505925529
0.11044865332954479,0.08576950655576848
-0.04394744502730002,-0.016247681772024257
0.026932779968366558,-0.02903708415796446
0.06731331011063979,-0.02359227284844618
0.003169718262238809,0.07911630825366339
0.03911891951455067,-0.0030457406434528968
-0.007509808919859213,-0.01841408242402612
0.018437388962525583,0.04155126051594803
0.04664433301450807,-0.04209964366632256
0.045186090321228035,0.006173574894087659
0.02540642868725921,0.038821424470606346
-0.06647460052586018,-0.002472902279836299
0.04276968588825779,-0.09048675944420237
-0.013542993598258703,-0.06926302509780802
-0.034113624352482726,-0.05600002021285523
-0.0579359349501843,-0.045924045115514914
-0.0036778130203249833,0.009864372706826427
0.054120505256554347,0.034822797853555326
0.007507736653943711,0.058370848917453144
0.04998858261948212,-0.053320286848680475
0.027871307890271167,0.0037135360900201995
0.053410732783090484,0.051674060747740724
0.044158291777461195,0.052168117882925025
-0.036651808951356495,0.11448820245239037
0.02530898205749383,0.09457122763693247
0.057119716935180115,0.15329599801694727
0.018121324525234676,0.04270313060404224
0.07162408813292412,0.0628479528872941
-0.03641282503160226,0.0829945081066602
-0.018951119385533666,-0.03083520947631827
0.08119535283074722,0.09387800233822366
0.03337992640010845,-0.07017071813225786
0.025081134886751982,0.05591413051660543
-0.032217865533022694,-0.04654094261082657
-0.011070443606284758,0.013848706295812141
-0.0011276486559467953,-0.010415610332071692
0.012590678112526846,-0.09697351841074578
-0.021922817070500384,-0.10289988869057513
0.10293764114464081,-0.007036764122685838
0.03685298910168626,0.027870926925093922
0.06448324291942463,-0.03031844157347869
-0.009632319460646993,-0.042201108401974455
0.15600375833644148,-0.024976535450294015
0.02671641558050703,-0.015113981654321691
-0.006060689945020811,0.002653730804026616
0.00377266324180754,-0.1020506653946799
0.07102286798998096,0.04166601006183907
-0.01634671446245344,-0.07991212601338434
-0.003580606599695788,0.07742243762658099
0.0016424143456145925,0.06064717036952412
-0.039255592051887556,0.03188872881423144
0.07306553018374387,0.033134729024831576
-0.008872064146308716,-0.0011479362901195677
0.10634496163710634,-0.09185509097329443
0.023871075422888875,0.03258894664229202
-0.012121308897967585,-0.05867558910813247
0.04996360102627807,0.054389869164488125
0.0570816965405397,-0.011332443061442949
0.09743704734188777,0.045018125515290636
-0.07357465986342802,0.015931938309711947
-0.017083333830680107,-0.006179735429297038
-0.05991174521507112,0.03614183595881745
0.07046372922111996,0.049069941380657026
-0.028518424128283128,0.02355945119361351
-0.062192146963918185,-0.039448659273411076
-0.054468446369223295,-0.04268926968086182
-0.020665192501065147,0.009872182396441645
0.07382663910007292,0.013720546245098851
0.09849432696051909,-0.02362015871380916
0.01950600089518901,0.005848073032717532
0.014168033549689695,0.04217967562812323
-0.0025305165267640595,-0.029769837073467132
0.036865920284994594,-0.032512566972190744
0.09963952938959734,-0.029950320730321053
0.0766243494236318,0.07132053018501847
0.07670832056366551,0.002057704725275583
0.016188888856293635,0.010734686619998043
0.06483800018372755,0.09592267705603522
-0.08090029249401864,-0.03406590843242989
0.08313665744032897,-0.10520070046008004
-0.028858511565426112,-0.016482744996190957
0.06330921226736248,0.09552656875971005
-0.009200183465494617,-0.06539565814231257
0.022691712064764422,0.003776405933842546
0.05545950305390464,-0.049509289458287656
0.017873110553257077,0.016483615912538024
0.006922531486659739,0.056383089385275934
-0.012513354543175384,-0.025954622497772577
-0.012868124607490415,0.04743380516624351
0.028019661094121243,-0.002626373904821394
0.0029080347070091117,0.012343102182272813
0.0769928556561545,0.03186623187318255
0.00500658569989757,-0.01610294935444445
0.011809035289180665,0.038159753035507796
0.037143005813707254,-0.008037593518342831
0.009839059525242558,0.03228534478902446
-0.009939738639549443,0.04422424451491838
-0.020752312229589197,-0.08734432851197309
-0.022098507788404137,0.06280625557365455
-0.010601586158256108,0.0009659082060630349
0.025313121293146033,-0.05078468697679689
-0.009130793994239625,0.006018013356381013
-0.031054036105398277,0.032480491157108764
0.035048673485400576,-0.00887601880148859
-0.0887632659691018,-0.050114369661308174
0.03034548682947617,-0.023992324334604565
0.008005918761669333,-0.07711074966776621
-0.05801518308625785,0.032793469424739034
0.00850345283018642,0.02301984422781915
-0.006830113607518239,-0.022386814900608985
0.02390178111502505,0.033472790590938335
-0.07435661938437206,0.05928739508356309
0.01239505553833523,0.00781258061739436
-0.04263874649825124,0.023334233415284185
-0.03591446484870722,0.010703139502876503
0.016770504332599707,-0.00916030018960776
0.02167449371609272,-0.061810314023940154
0.015374204744341135,-0.06249332631244987
0.0650467117490259,0.07094438497663515
0.03768885207736578,-0.01912848516504008
0.04672212887667156,-0.05270506395088314
-0.04408264090362808,-0.05160110536867564
0.06026021053234705,-0.019292257693348535
0.037095506803457995,-0.07652093290702654
0.08164527748910465,-0.0426481229753162
0.08689337052389928,-0.06226620701208105
0.031545138111648476,0.0723548126600812
0.08179687014391462,-0.05330859100672548
-0.06802571680288945,0.06626158132902929
-0.040866857492759034,0.1436378241305614
-0.0055298095279318615,0.01108301411347295
-0.02861729492277975,0.03158567100172971
0.03893295152026753,-0.032903675071768605
0.02926647907394747,-0.0027334873931286014
0.028062352011385232,-0.07165335597739653
0.04906518335641899,-0.018193010295181965
0.022621580246105458,0.024730634197721833
-0.004666500713514852,-0.05473949698225651
0.015315741437791757,-0.01355938488140683
0.04372540361468427,0.021430713110031915
-0.024782689357826987,-0.023271114294788613
-0.009401979184174057,-0.021820459584224954
0.05964479586221268,0.07550924532469203
0.04368354467261753,0.04011218939309344
-0.06589763271736601,0.06955645188069684
0.009178942347579945,-0.001400615261017757
-0.03709089006217615,-0.018243388488695347
-0.07467893433515506,0.02621318447190126
0.0002706127078365931,-0.09893132724140542
-0.005856073396652155,-0.030149812685342812
-0.009529653538850482,0.017821646419794335
0.02515406842441382,-0.004765884760118692
0.02349681661395657,0.0784469972775965
-0.03439312000806121,0.02090098842717049
-0.0034923092050295965,0.03328613068276578
-0.0691172402177422,0.008640102910596978
0.09316796038186861,-0.01631324033355272
0.03286923469165162,-0.040921894922683055
0.013115915246108268,0.032963840230221815
-0.03063616938302261,0.02273281756894729
-0.043405647135236265,0.03155484194567343
-0.04912560494262054,0.04798508482552588
-0.053297284176135065,-0.031299260136490516
0.09999198730591707,-0.017065698372162378
-0.10974186707489693,-0.04652287887255155
-0.08094874000816296,-0.09826182950273063
-0.08627142386078959,-0.04956336090224052
-0.049467560411619094,0.019893432360676238
-0.02398647964805257,-4.5984469721371823e-05
-0.052038021468164664,0.0047471610401949305
-0.02254083472479602,-0.018251372894427763
0.03838660802378807,-0.09189972396213214
0.049424921787713766,-0.10105423366026484
0.038245321636532124,0.07256786830083235
-0.011170361290630662,-0.10073767709823694
0.013608760920275215,0.01750321387608455
-0.0536440753145887,0.017285271009954677
-0.06237310388405115,-0.075771086457521
-0.12992177529452037,0.01734145640166934
0.030108166339230875,-0.02744444674389433
-0.09795588971672803,0.03724523189392386
0.0626498062427521,-0.04774740853629636
0.01671670186247537,0.03606061192161201
-0.05854504080360594,0.008422334061369375
-0.020325028100775293,-0.03292018675283759
0.058948584537783844,-0.016554950405012963
-0.0785269266521316,-0.01576993684182708
0.002568627853900725,-0.06911297598832558
-0.032290496791959986,-0.12047004363542145
-0.03173553761780783,0.07829701055102226
-0.026437116745031883,-0.046044085794895044
-0.015519496755826777,0.006445070889040505
0.030236450706609273,-0.03420604856529766
-0.05095985479478691,0.07194550538058772
0.007467431581251037,-0.05013484224923724
-0.04881014756051539,-0.058790510260969035
-0.0018983651419264905,-0.07043533483053303
-0.043156188616109606,-0.044995091761284745
-0.02467329611262077,-0.03807052774248618
-0.09726413291847301,-0.07656374609698136
-0.06653847164201551,0.011172054270833266
-0.12314550534356278,-0.03539549598296468
-0.04126768309672099,-0.042355727754810404
-0.04597528741879311,-0.08398660532865856
0.08148196560414704,0.005181186530995526
-0.09971983603485218,0.06101238034430769
0.010782620562070598,-0.01918048601429688
0.009392923787556202,0.08912762306975545
-0.11373439320652554,-0.04584302648753929
0.04046535650811867,0.012901967058427624
-0.026767680820002762,0.0004291055347353766
-0.0266454231236357,-0.05546481873362706
-0.09064956861464483,0.0950685929439734
-0.050694038200427616,-0.02980691049199906
-0.02194226235307048,-0.04400716345232443
-0.048372087953825256,-0.07666075466198707
0.009511741094503735,-0.022061534323809168
0.013555222497808973,-0.05733933239409296
-0.012018972257234133,-0.0007918503749432086
-0.0960062521395365,-0.03705146442124988
-0.01772350659429364,0.03616686165080612
0.002085175710981619,-0.11537418004775543
-0.017802957151142173,-0.006418507248740237
0.004649625542243782,0.024863533765520536
0.0005702118672062419,0.00392586223043756
0.06530505688691557,-0.06859182211075406
-0.004422398413328674,-0.05908304083320577
-0.07232138842049614,-0.039611471130272496
-0.002111716757538677,-0.010483197733257996
0.03325248185887559,-0.03795693781321896
-0.05446269656577367,-0.036572439869115514
0.022035028121393123,0.03001478728767277
0.05121759607724178,-0.03349572893647572
0.02371515999918517,-0.03728305370473149
-0.043584538439903286,-0.01756687196311825
0.009249270007596112,0.028240331598106048
-0.10160322532153179,-0.044396401773666154
0.005994284795689222,-0.057939437298241005
-0.11258850851320094,-0.030555247829895677
0.03611968671735931,0.003999696689147101
-0.10422824091497479,0.07935470720153318
-0.025423059490180477,0.11767927758064592
-0.08729444560228744,0.06676953700233809
-0.05715254555197539,-0.030685792826591198
-0.003347145340189258,0.050078130965633606
-0.056835150360777006,-0.0787533890866916
0.07253215104437274,0.016611793582934083
0.006570396062660076,-0.0517234888162896
-0.024394954046207933,0.06066374819955372
-0.0029744646408589627,-0.08848690800457537
0.06734922890589931,0.02799576379443817
0.03247262239171235,-0.026403722098698915
-0.027049843486624592,0.06113442990223032
-0.0683874159044976,-0.03556890541137274
0.025622659428531733,-0.06821590201585023
-0.04364864751620897,-0.022322892759780236
0.038536437674402756,0.014446595222501534
0.029766492044076623,0.020109564300075385
-0.02896065331503064,0.029245800756379853
-0.09626740287212489,-0.06742462314779588
0.048494754127417966,0.05841872711690915
-0.06338428147803508,-0.01741709265388498
-0.025038782916050523,0.002360291466449383
0.01174455998414882,-0.029059221902659433
-0.05138170960629529,0.060752560965089804
-0.0075531636847885955,0.013042010020136385
0.015463509490580092,-0.05978015000005773
-0.03064890532815765,-0.04867943134392143
-0.12402056189395946,-0.03649845710606971
0.04634442348308303,-0.01729159986159941
-0.0017767491691306238,-0.04746545347070972
0.0054324896474597945,0.00023117045387618246
0.02620757918562607,-0.009549794341404483
-0.07231668599215257,-0.03213159701586913
0.024632595846229514,-0.05881024174004862
0.016801718813141124,-0.029715736058077275
-0.04198551918300186,0.0021568872287521176
0.01102023452863087,-0.06830918974926312
-0.0043475203688905575,-0.0003026213818156072
-0.029428525610837378,0.003154607897250394
-0.07314716333800132,-0.011132835730316083
0.025256619363715073,-0.009373583621655506
-0.028658922170410425,-0.05819713766489336
-0.03419947906007359,-0.03972488429832091
0.01315750661216598,-0.055191138589799627
-0.00274732465895414,-0.010802217530218088
0.04050384762854579,-0.011785421188279067
-0.028205713948594065,-0.0925824082855271
0.046608146437532805,0.03868064883550361
-0.04371646303344904,-0.05303714040336148
-0.015020562067127981,-0.007048750026322339
-0.061010328366792245,0.018450836779638043
0.0120439731641204,-0.05707235318229051
-0.05523865604691066,0.08128089289387289
-0.008084289314442418,0.07193174105706032
0.0334825574480209,0.05077918572537576
-0.033824156288385254,-0.045016510867394104
0.03758643326447521,-0.027723721063995663
0.04697425680611034,-0.006725900905904051
-0.0264737379017548,-0.04428980466341153
-0.045535045664524376,0.039060851028574185
-0.07942661277109334,0.0822392095377406
-0.03256288812755092,-0.01792422240954473
-0.03066791998763958,0.11343924182209124
0.10819061690769276,-0.03086201703484295
0.02095407878990833,-0.04674995602001346
-0.08381884210726727,-0.03690626000730558
-0.017867138183829727,-0.008377567230970218
0.07083863680629104,0.009384683350533643
0.044012627427540085,-0.0009165876714769348
-0.008909954698983395,-0.010003341535140675
-0.050607429445644184,-0.0004118736888850346
-0.026912670538528742,-0.009097739206921805
0.08490317200327527,0.09950083013938761
-0.0029051480436295815,-0.09342635249692051
-0.04934601262409291,-0.045085246139833904
-0.04588496901385235,-0.004548198838695207
0.0436308926173729,-0.016778068272530262
-0.01999386627288604,-0.021720155053892815
0.0321579629695986,0.08141203218897734
-0.05150140194542897,0.039456816609344435
-0.08107429097362838,0.03973413557622658
-0.07608774277273841,-0.030721676872319678
0.017762355224889094,-0.02684184911544138
0.07503884948693444,-0.013768744765528789
-0.004116896534068777,0.11953994846581426
0.05729936727725848,-0.0007030249320442855
0.00845618368613923,0.0006597319328433722
0.06902421281770359,0.08384775060309456
-0.029845377142325977,0.008633445734583516
-0.03616525824167219,0.0023600066291611134
0.0492298758092047,0.06755173609716164
-0.018569992578095714,-0.05876684356424122
-0.028653721972661885,-0.021831400474544693
0.045049649508441536,0.06222290978832988
-0.031219834190060726,-0.1081566363177614
-0.07134774269808981,0.0251028022858754
0.044579677686863946,-0.024922606825782484
0.006371051603096011,0.04858814215048806
-0.03595286598373562,-0.002804425943203518
0.04434574706805217,-0.02196230582970036
-0.07449018006694247,0.05234235819065114
-0.06126014233519102,0.056584924204592726
0.0011537320403481894,0.007855166240561599
-0.07239037484392545,0.009942646442394294
0.07078378250000766,0.030072405693568963
0.00023124767258826152,0.1575546140452368
-0.0024308276285687318,0.023081807543945905
-0.07137088638300333,0.03249845677958428
-0.0463868898977461,0.0730578785564583
0.037254892298414936,0.038963868204237764
0.10564266874049698,-0.025029883761441843
0.09525043142811028,0.07225398277173162
0.050535783630901374,-0.021993774950596692
0.02705126431852204,-0.009900884599461802
-0.04829832933368555,-0.014626876504434701
-0.038091902330297446,0.01862670871023163
-0.022920242407747076,-0.008458418488108608
-0.0042651998277007455,0.024813409097684938
-0.08984137720450747,-0.009529626123530009
0.009178448127256541,-0.0627570170985783
0.04276927058820481,0.051535153303166104
-0.029161668765580927,0.0667734970570878
0.02496491548226852,0.04922239948430211
-0.05873579571673238,0.05885003386397634
0.007072898206785187,0.07837214818069826
0.023138193169927428,0.04176444328725744
0.07816657055070275,-0.0027740141551456654
0.08990433482703428,0.064203870587057
0.05378528072391727,0.029187723694718302
-0.039654721361571804,0.0018604367096861744
-0.004599085713011864,0.024903349874392387
-0.016319264689841514,0.01621630704483386
0.035617395093776434,0.07649014347204722
0.032225896800731464,0.057496528757936885
0.007664772708999278,0.02825976305692813
0.04809800617804122,-0.01768653028780761
-0.007810232774263404,0.013996585787258237
0.09159491568946253,0.03803308883969586
0.0027147791867428994,-0.021144898334306664
0.0879727636981203,-0.0036592780317708205
0.15123093887540545,-0.0887081312683708
-0.11355280522259081,0.021369916135620795
0.00011454725242750208,-0.040582808249487
0.057730899452707006,0.051840928264403105
0.08537103825940684,0.10244457553461969
0.020042960037761726,-0.004172716542651521
-0.0166022072961991,-0.06339878134735144
0.0671907439317351,0.011858228914801991
0.050948343796606,0.06674294573630488
-0.03800820248032186,0.05660457963071405
-0.05437699583795627,0.017795547093801625
0.02645845792736028,0.05047442324962177
-0.058806528697402785,-0.0408051703129895
-0.026177879986893877,0.006023276598734662
-0.030256651002286174,0.020465526253985827
0.05564708011800791,-0.0156918155027676
0.09207560800185019,0.04462429213576431
0.05424017996523561,-0.05952985395086292
0.06471122513003126,0.012832880609879723
0.0024597590531775654,0.04589571492708403
0.015651778780564656,0.02083132395961115
0.0244498121735028,-0.0003602197365658588
-0.03178307861568906,0.15471763968385352
-0.013844963597554074,0.009198978881824879
-0.020813173555145264,0.029940657311414442
-0.00367386537621623,-0.01800401125672332
0.010750189214919133,0.03770540139926297
0.06387217070597434,-0.023236236815286165
0.055231975999738794,0.020646011985852898
-0.10916850291872478,-0.021428693151164992
0.11984463471541487,0.03076059426896988
-0.03248537495194535,0.02318927639198113
0.05072906546454928,0.04264358718356724
0.07314030426364096,-0.02530387484301737
-0.010167643923211952,0.05925482592766254
-0.07950169848394145,0.011656602526445257
-0.05116376815152415,0.027816079447251736
-0.01712159003247252,0.011612724743220327
0.045925068082676754,0.00011213188017292208
0.03027485994846066,0.08586395478834197
0.014372364567590674,-0.012305672713957678
-0.05102705377566308,0.08937320092134901
0.02173981367538598,-0.054368222919504494
-0.07188672515029002,-0.007990107920370793
0.018806664249750978,-0.0010070502645670894
-0.03271647060107276,0.07041011811317797
0.04274773103687776,-0.014507490285935905
-0.03637733797239528,-0.007508693646785539
0.014775087476861477,0.05930983224056237
0.04469775828739524,0.03849932873801354
0.01266132209972243,-0.037913964053769664
0.02770988045761299,0.09161988041800537
0.007003341123452316,-0.0009469542860689635
0.0506106785451142,0.0034688345343692178
0.04470400434822876,0.02263969546339491
-0.057230272369956134,0.07575764694504013
-0.0016208340338470656,0.10109653506731027
-0.04239985592598452,0.04718405412729927
0.03772133880629996,0.010724311325182458
0.04321619433002866,0.02621426011638956
0.09486084522334423,0.09761591659723996
0.005010993175871101,0.10734039619804026
0.06970241584873277,0.0812622799940464
0.09392092455102938,0.025061482944224556
-0.0010053126096985603,-0.039807951640015014
0.05775831700888733,0.035821547152462795
0.02416982516481947,0.024365981313866483
0.058457854652061284,-0.015568838930876874
-0.0658085196488012,-0.09927372630276637
0.04569406198065684,0.027957603715627527
0.07338173106476047,0.007204651307396198
0.013981441723857934,0.04983547315808682
0.07483442596876597,-0.03715527868571993
-0.07244954707487217,-0.005229603085893365
0.005634961977247942,0.002813897673186242
0.01416233837833239,0.015413632849869642
-0.0018665875591482948,0.01624750673588756
-0.042003731644751574,0.04440378298482868
0.03525229039192199,0.06481230990910121
-0.06581792132725424,0.010964574927027846
0.006931208306390482,0.03885148765079855
-0.0048026414485139585,0.0037922249628876
0.06311876814755041,-0.01781245708379585
-0.03120877485724296,0.042854057466659275
0.0005624614845492811,0.00937324340721325
0.017447633093926013,-0.05904107751031899
0.03404006046500502,0.09128412283772835
-0.11450482618577673,0.028543215045239732
-0.026807827327809786,0.07233832333647106
0.06834485043601085,-0.005409290995401309
0.00568656718734639,0.02456432997865544
-0.041148034844700046,-0.0004730696056600026
-0.025112347152087378,0.1555883376865426
-0.07626883697946263,0.028918469303781485
0.08214213650396733,-0.07564507084228608
0.03115152582166758,0.03429555655935342
-0.09855147836005465,-0.03680210798163658
0.04852102670067326,-0.04825914768721301
0.006658901683504738,-0.09362724296941527
0.050308589769579776,-0.048914112875118106
-0.0495252386109184,0.0030387594625332494
0.06607027383674546,0.07083322904567162
-0.014404916139590735,-0.014638798970131851
-0.08906927897163656,0.030309909820909336
-0.003758161277257181,-0.016720082251213252
-0.026648954851536517,-0.02661244401839278
-0.034837292929898296,-0.013607991740980497
0.03353812299127501,0.029452952071837867
-0.01674079377673195,-0.005676930105948542
0.029955482412486006,0.07014600582336984
-0.045348823761307853,-0.0391925338749092
0.10075513070465104,-0.07630784054413986
-0.06510673420849604,0.009562956365272218
0.09338097756788862,-0.023205764464700643
-0.012919242189936831,0.010133544064180867
0.043128456304747584,-0.02503001673575017
0.08274991763409431,-0.019729630611824988
0.0527182516842612,0.030339975062530656
-0.10512818097399168,-0.103926149381929
-0.053363467514428505,0.030268249624886955
-0.03217305784910011,-0.10171579642186276
0.01054875788286675,-0.030742596780912488
-0.04056699708834666,-0.05016424496367191
0.010195417283243755,-0.020877620065871
-0.0190322940930387,-0.02349542943668201
0.08901509123310054,0.04691110920938137
-0.024605689403760175,-0.061916481890034916
0.007084640192845087,-0.014135082534664997
-0.07746768464683944,-0.03600018089126184
0.03296094283384167,0.0519826284181674
0.03236607532521771,-0.002845195863965727
-0.02899954848116049,-0.04852939616257597
0.005674081029892264,-0.029720443006243123
-0.1245535184725394,-0.03289530543766709
-0.007780495818524713,-0.0021507838383596667
0.015901618116252982,-0.056119356269629425
-0.02130864951324995,-0.0007696416711036047
0.005980453592490703,0.04294610841643732
0.016576267077260187,0.0031250301290422066
-0.031399219357328735,-0.04027399250992963
-0.02766517067487815,0.033963467811135836
-0.056627256527596585,0.034265562222683635
-0.040601915304777525,0.005673364898960745
-0.01673554981797922,-0.07910759484230774
-0.03931918340843575,0.049229917596850914
0.030352087264326158,-0.021845445557469603
-0.0012425550174974664,0.04604130583351645
-0.055729444440616456,0.00759455498213393
0.0022364600349630576,-0.07163910750174271
-0.007623507987983538,0.026235345671614806
0.010174450895408063,-0.0019653008255260613
-0.06685628354994416,-0.11060255671944651
-0.06343290920337305,-0.020586755382094833
-0.006908593544331956,-0.09366057282044699
0.0127791744057223,0.12419946487384442
-0.07708700098091172,0.01085960898027522
-0.010110885008862935,-0.0035754115417790102
0.018765350465908923,0.11043727965572747
0.07061671233315635,-0.03175508749966445
-0.02766778695109394,0.04953564376238577
-0.015478210368670186,-0.04354657546123821
-0.02478430239748531,0.018487851898564285
0.01032399333048153,-0.030316004233149278
0.030470188288055526,0.056726171511947344
-0.036281155753387855,0.041588705991068634
0.05792666556263918,-0.06655852096661838
-0.0036066226438894265,-0.010793490076049538
-0.03935281156355066,-0.009907540951517885
-0.01999499588962076,-0.04125200401125341
-0.09338007328169066,-0.03400914969990118
-0.02669876788339249,-0.04242997678636916
-0.026672331166419767,0.014662328221198916
0.056416161330584955,0.04156096283567397
-0.036905684152522225,0.01008321021731497
0.01536074578250477,0.08199594527599477
-0.10088639858416171,0.01839189860724571
-0.00032382158399455775,0.0025510452170685524
0.021856567875169975,-0.004024085976781968
-0.01677457282203215,-0.020200721119072017
-0.034304663007557974,0.01226921212523176
-0.06984543328772433,0.04572729901555259
-0.0758721385675034,0.0015799464888059979
0.09716531756676905,-0.006414836999573584
0.05086974350798454,0.037437615415242084
0.015666178760954615,0.060731915354334406
-0.04733176215130033,-0.03790539090545171
-0.03787666743502083,0.06550856973981382
0.027206936760622916,-0.039850603579438384
-0.05448750467401979,-0.08882066495882512
0.05790550961891153,-0.03646068113100347
-0.036896730216665306,-0.037699023926924716
-0.018731566366847526,0.051875503489156274
-0.09186453321706256,-0.08983725148677538
-0.006104292437860223,-0.03741942046330193
-0.01322071714950794,-0.005381559111367918
0.014755433624146271,-0.09127656342159328
-0.02758950994156391,-0.041551408718288343
0.015136615111555462,0.03909940146091334
-0.06379086664707223,0.0587091205286061
0.034003144252800065,0.06633445409080616
-0.002131671734617084,0.03022138949588392
-0.022301483127653503,0.013839940817068644
0.033003490264419316,0.011319863280329075
-0.08538894693016734,-0.08606738194262914
-0.00047477974887006474,-0.08155052013787842
-0.04903386174586799,-0.019426911765702496
-0.06406468981559499,0.07136406349926609
0.012538322392729825,-0.09943030400594488
-0.14459437504553174,-0.06155051840237246
0.05246588050868316,-0.05699743375699429
-0.09183873067385732,0.010302719038532304
-0.07703505495286607,-0.021262911742237035
-0.08943480352686356,-0.03586820738619988
-0.10999955720113944,0.012226692912917277
-0.035556005315681566,0.037834373336162366
-0.02064465891996922,0.012974788298428214
-0.025523402615026662,0.11661460016349184
-0.08143944255224793,-0.10132379215366111
-0.036139120757536926,0.03413370532542161
0.013949573745046667,-0.011193398519226298
0.1028499941031898,0.04511112213416285
-0.0022876390086743505,-0.0334943046770326
-0.03825009394048437,0.002725218461805467
-0.12398463826084768,-0.07695928942732268
0.03056868789576151,-0.021832178492018305
0.01629411362914506,-0.0073404489915741555
-0.0399252611332432,-0.05691834399242447
-0.06789858352921534,0.0008256131171489704
0.0885059783076026,-0.0020392067522743244
0.07286920132952085,-0.008995802578591144
0.01415230419671398,-0.06848944593344618
0.04729659366974799,-0.023529869093477686
-0.05137072202334331,-0.04069661030017309
-0.019256486065373432,0.04925079356815622
-0.06774436853725503,0.02210077333787704
0.12858313400908872,-0.058700892024573875
-0.0016464946415703473,-0.012592358754332641
-0.01041083433363111,0.04158281831027762
0.08144204992205464,-0.039709092488647194
0.05351018670473356,-0.012130371440731008
-4.1845134278666735e-05,-0.13235699494730846
-0.030304070953046124,-0.0736663892210956
0.033099967016394144,-0.03430954019294288
0.01013530351537966,0.08025659369539956
0.06742212826125421,0.009074871128417834
0.08472391145509375,0.01077446640585122
-0.027128903214210125,-0.037496824885295155
0.031029101334063905,-0.007586000002614418
-0.007286266782321069,-0.02952469829433922
-0.05661968088403482,-0.043015157332345705
-0.005955511205119602,-0.10561032765170557
-0.03930871614690937,0.023192441631926596
-0.05344309673950524,0.027513729059347167
-0.0029808040881215796,-0.03492426980597317
-0.030670428343462584,-0.06901697608559501
-0.032051365804318485,-0.025133806167011587
0.05947822695419144,0.017575554916697565
-0.020333837668035232,-0.1070940788122273
-0.0305373194687257,-0.03756974854820283
-0.004042570462624569,0.0878401556450728
-0.012769630263617385,-0.11043166539481783
0.022843391471646077,-0.01732526701873454
0.057001582590248887,-0.053353073021544364
0.02951498890033116,0.0008018146918806271
-0.04238925432687189,0.04520248221036775
-0.09862695601860075,-0.0597416794660153
-0.06718091224381952,0.02243848924516577
-0.03239965473934578,0.06363258445305324
-0.02973919956565306,-0.03852876272456848
-0.11061263596126032,-0.09317512018413003
0.05955031401852731,-0.009096018046775442
0.03782798264909888,-0.12719320230050338
0.0701755795312547,-0.03596736045554309
0.018131611270931734,-0.109267245165777
0.004424164523703714,0.06639051670779923
0.03437818391284518,-0.03629021277113963
0.03803249239967807,0.008169243211197098
-0.056629636635418035,-0.0009813864853243284
-0.03642467319331112,-0.09846907359199304
0.004173170493882111,-0.0010640459982748061
-0.06002460321105686,-0.04156228940801253
0.011859415958910798,0.048801172877629424
0.10095463207444554,-0.05268787711157494
0.06138463537670377,-0.07668799047483452
-0.0598005105653058,0.11211305970900468
-0.03031980013521178,0.047413491263663995
0.00022479681815337077,0.00027066919418924223
0.015196513715825784,-0.005347944488801777
-0.07053768572557176,0.03793283329433189
0.016463059740764056,-0.07972309706644186
-0.04459997223145647,0.05628806476852011
0.01298602386935129,-0.028343827516342922
-0.041344702041750336,-0.04034048196830122
0.002628320091952221,0.025115695695256887
0.013721229902627589,-0.010963421009885812
0.05638039167938409,-0.03201933577412911
-0.02913704053372352,-0.058119913492764845
-0.03038859359952569,-0.04294512763236484
-0.0008003699866184072,0.0012026958849366172
0.12613447451250093,0.040898636000518386
-0.031525889549665856,-0.01579543132745013
-0.01916731683635201,-0.06947054646790896
0.05894650177209798,0.024182204572609344
-0.009812028090294727,-0.03431919754782781
-0.0003859299244116706,-0.04364039271307519
-0.06062639949347361,-0.05854339665821903
0.020656615159315904,-0.03467285132090331
0.017457437341047783,-0.04800628792903018
-0.015783764382738683,0.020833078752049324
0.0607826594085589,-0.11808661399192795
-0.003349294158202517,0.03393073174894108
-0.04286335075638275,0.0509098844604034
-0.009265529701399048,0.014264730077900866
-0.06458051877057785,-0.039863519394758656
0.041040920749902614,-0.044625384959178914
0.06304303625327108,0.03619107247813257
0.08842425216427588,-0.06604824414777441
0.05306982012769518,-0.020255963684083795
0.0071455926312233116,0.02931754463647566
-0.036523800620880766,-0.03323117832608346
-0.009115271842271006,0.05829892464817943
0.004880550422990637,0.04617900833793954
0.03782412639438136,0.010735236029222843
-0.018809861810799338,-0.03687242221457265
0.04896294006215716,-0.074364345284452
0.0038261763845924605,-0.013632431992762517
0.013587624000459403,0.028942555992415353
-0.0035849736377678958,0.07598352874306323
-0.025347577720911372,-0.09269717918459883
-0.07086231389362307,0.025086880661974172
0.045094709183191285,-0.04542209090567866
-0.054715835907949734,-0.019954116878093474
0.03031475047855693,0.015989165245337254
-0.035124779435530266,-0.044479546386312456
-0.04912799813112418,0.02087251769891063
0.05121195346384711,-0.029806366746647453
-0.08786384372479987,-0.0665792891589231
0.053152576420952946,-0.045906353015495616
-0.030830545006647753,-0.02049920642124231
0.02131140259030198,0.09728757784594567
-0.01482332256328955,0.008986812317523511
0.043165516614947136,-0.0793833379203984
-0.09049068769813778,-0.012098968014229498
0.027674378438949113,0.0729204592634902
0.005543686306828767,0.047170274848917344
-0.05022225683164782,-0.07779890186373861
0.10225964151455479,-0.023537190654112222
0.0027376953379189186,0.049527527294611365
0.013683543907059344,0.06989509242549072
0.025489096138479647,-0.03885197041472195
-0.02334511508753419,0.01767942867877082
-0.037746971948487876,-0.04648808910112262
0.027737494896785835,0.003765873120650262
-0.08029672796813035,0.06908868324377411
0.004511648657205778,-0.01198441750480748
-0.004633307444717542,0.006811222324409331
-0.02003730016981642,0.05390081097347855
-0.01116267235852527,-0.0054112568528044275
0.019603054983363073,0.01561994466406687
-0.01434526961669418,-0.0077316921090582105
-0.008759523186828032,0.09132886277358714
0.06741368255968719,0.04812015898604484
0.08253239739667166,0.007648707812324596
-0.07936512034054133,-0.013528960484678382
-0.0036321732838808622,0.020563207424300917
0.0653253280878773,-0.01887208728634492
-0.0063859255094303145,0.04510510066511646
0.00472107124860411,-0.02037237117768723
0.10559279978953806,0.018744674553817026
-0.02953126747282611,0.03946748802792212
0.0009809612873853141,0.016657685948584446
0.0739572218798555,0.014084240682923023
0.05420136640718215,0.0711567354077407
-0.10867108525718881,0.0064427457633475585
0.02306204185741307,0.054900172742622384
0.04209531493017557,0.013051866042549624
0.020530682960480794,0.03259061967006707
0.013544644349990843,-0.009427588209613667
-0.051018304881673165,0.06671225476447011
0.0818108629676964,0.0806881916433168
0.009872005899582793,0.006969901663580316
0.00534309506452553,-0.011145032556208363
-0.045041117022543084,0.004150860932028887
-0.023599672935817103,-0.06939719675253854
0.05233572049105613,0.08731620826345025
0.03148718936430293,0.12679578032948827
0.055045730904171024,0.000642174813771261
0.053439313847901515,0.08410675743144627
-0.05637676316111652,0.0009040203128189532
0.08081895014253682,0.029740621787806037
0.045226819293994,-0.021437533840625817
0.015591326081704153,-0.0037894619914480045
0.06082638048307762,0.0354402488193478
-0.05160740936064403,0.014739784809411115
-0.0018820442401081237,-0.07856463894199288
-0.05036455663125971,0.015704127966317726
0.09782260708618443,0.10450831095582255
-0.022378298398320895,-0.05894894027724949
-0.07523012751316045,0.0651720306058425
-0.05070963830753825,0.03437438237099326
-0.05452888469060406,0.02317668808502866
-0.035219692194349936,-0.0012760662659956866
-0.03495438372187313,-0.006586345339429041
-0.040667089574661086,-0.05593734864386242
-0.025298119848039965,0.06038051556024271
0.07243597657566556,0.07361992721526323
0.03928356019446798,-0.03388156783214809
-0.04443233486406145,0.057069681213475526
-0.04371570490023535,0.045505697012953206
-0.014628657806363823,0.09933564865949329
0.0322081539167726,0.05778978068084789
-0.01674760435887971,0.03497577710651644
0.16979255826407313,0.028780295877614596
0.037038396408493116,0.02501336361148664
0.028716415466208824,0.11189070246780955
0.034322825284034866,0.026918189600109603
0.1209994693474786,0.07370256569236354
0.06720376897768066,0.1415349687643197
-0.0034106537827812596,-0.029012282654061073
0.037483282797040815,0.05896850955257278
-0.03693812283324441,-0.0611159854669065
-0.03982237162512959,0.05365392644131748
-0.01630589503657536,0.049673826307967836
-0.032553736376264096,-0.05511416790509703
0.05025874207141892,0.04374154731097725
-0.018748061706092934,0.07613565947927319
-0.056152215774611394,-0.02967633670601302
-0.004540724021346417,-0.020553478272742714
0.031255795137411266,-0.03356915012293278
0.015555676192212577,0.02135871771494953
0.05757337780240958,0.061552451224540915
-0.023963719230747856,0.03419128228497019
0.021396763040213936,-0.01075552996370388
-0.05404489766716378,-0.08736598987078177
0.00965035128064964,0.015385038583870518
0.04237989029921607,0.10161131443371664
0.04037666865421681,-0.017133620823769766
0.04206674824066928,0.009868862497997658
0.018900104321989377,0.03947158408307483
-0.05035478934132612,-0.04152572387385116
-0.017385872592222167,0.06099664625462464
0.05685865611613483,-0.03080791023518296
-0.05870528345459939,0.016399204493657036
0.017215520602298164,-0.06778370538751294
0.006089359502882431,0.033518869632148535
0.09604446059781686,0.005484305388175192
-0.015585572213155062,0.018291730451564122
-0.03635661790697786,-0.061394604460717164
0.0574697734854749,-0.01081054164285903
0.0667791177323676,0.01908302462457626
0.019396567522558472,0.08475849006315389
0.05568108843000844,0.04881128426433406
-0.032521186975625664,0.04245754608632551
0.10742636442167842,0.12616967874303822
0.04355735916524199,0.04591664581341538
0.07287626285844642,-0.008715553975463166
0.003631603038907652,0.020606765006226404
-0.027620860476856218,-0.0005092169608619766
0.013373162426425405,-0.0679584397831245
0.05137861945459225,-0.019027115807366282
0.047434867023376195,-0.02208723259857218
0.03606860839873283,0.010488866433406678
0.09606653957930814,0.05904382164576169
-0.00412778750498516,0.05170211970981671
0.03487633413773824,0.012390023566311668
0.020550731371097017,-0.033523468515405996
-0.025224712485176857,-0.023956841042053974
0.0803380262323647,0.06283323476507778
0.013943858741922825,-0.002950248914826826
0.09213814129112848,0.05603985960384961
0.017266892344259023,0.05404824552408409
-0.02548513016715848,0.04028070878278552
0.05335743165029129,-0.039989611878233314
0.06840537607906394,0.004824160348869825
0.03741086923517774,-0.005317799466217592
0.030155991670080057,0.014174441801839176
0.010399480441206714,0.01525441614885956
-0.035264039055784256,0.008412123973609572
0.03554227827459386,-0.05213797626855245
-0.02809939844894204,0.13486202119470886
0.00750139012273471,0.056678465973172075
0.043615292259060565,0.013853583942595024
0.07507802770779558,0.06803858391760442
0.059152029620722385,-0.004851618611273508
-0.0480814046089152,0.10232680990979759
-0.0054777518903638776,0.006011928080881496
-0.03999150839854458,0.050491765509204645
0.0873302176733239,0.020641362922986385
0.0340760289933409,0.10893941137188154
-0.1196931339332957,0.06701764749600184
0.1006180353752462,-0.016725410696940664
0.01993936854262718,-0.0031836986867481536
-0.020282678816959415,0.016549215666989265
0.03827993981461754,0.05169152989229554
-0.004537843432640415,0.008381790503482943
0.1433767534966721,-0.019662136915446864
0.06006650693364242,-0.009959473092678387
-0.020439631385779384,-0.0275095840519551
0.055837888126315974,-0.03160609486726883
0.16568677384585262,0.02528221400590562
-0.020959220267697084,0.05923704420469501
0.06158551692145272,-0.010559973355995074
0.04151821634753275,-0.011564986972689532
0.05796824552995479,-0.0149414672196756
0.041306963797647867,0.04831389139199776
0.03492905223935068,0.002044551653870027
0.10033011620837068,0.036379629435102756
-0.04772360864520006,-0.0624554387140264
0.02646954962915269,-0.06030421068698266
-0.03045176511000955,-0.062454532863400546
-0.06709808966203808,0.04185308824900224
0.016256624096358738,0.059683966864766465
-0.0016529742499456698,0.06452064679367553
0.09026344181686667,-0.02612558875848742
0.08704828288336991,0.029918894942381542
0.044884344985423055,0.004865742407342284
-0.0334495826129395,-0.03372583235247212
-0.02782486894172232,-0.06336145944532566
-0.013763207727266902,-0.04774787530907384
-0.018524640951902146,0.019020535435694628
-0.0009614061740636816,0.005007905393510721
0.003456727333720751,0.017743337554265444
-0.055101852670367046,0.11176210765851295
-0.028355665721706003,-0.0004835272398942701
-0.004595105505073896,0.033911813950552504
0.008012747353062701,0.058386832456262985
0.04336860862260477,0.04076874962055576
-0.03422410925241627,-0.054717690075884055
-0.019902859670557473,0.04603253015007335
0.023357943870173273,-0.016041812331756954
0.05206150255975829,-0.02426442351966698
-0.060319037306647165,-0.010034449626244415
0.011686569187244013,-0.0666635338115427
0.08421516050334496,-0.021359997333263256
0.03408782054364903,-0.03130355447658689
-0.010448442429180204,0.04459810017889499
0.016455044372074457,0.011502735451077519
0.10423952916758485,0.009904721021806367
-0.06381321728594241,-0.031929468218919864
0.040802884584875104,-0.152984959283324
-0.04403684736582547,0.02082719398308016
0.05366172843638339,0.013595776487933387
-0.016802157281497962,-0.007979497045314964
-0.0745229779025376,-0.07476163336052231
0.006882891125631875,-0.003898161674893148
0.009922577225411153,-0.06892938905426332
0.009081046035409795,-0.035382066222227594
-0.07326531624481844,0.0002086640512802048
0.02745028170311637,-0.06436778770569923
-0.0357818142202943,0.007360935573325797
-0.009218310548250183,-0.010103940870734945
-0.01578908991950339,-0.09827373265751192
0.08401747792212325,0.034619797160809616
0.047791434116087696,0.01105834856845659
0.025156822813382475,-0.09462163007864038
0.04001204732741485,0.00823528453213091
0.005891459311850729,0.03836126858138927
0.0020499673413627937,-0.052049353081378244
-0.03106779742196286,-0.021000501212248803
0.0065890745331297785,0.004279252743404164
-0.022460009893737993,-0.01706379783323618
0.03852026826703679,-0.07251366879967702
0.03337294653073919,-0.015359788287109148
-0.03825051342596114,-0.02568735181004901
-0.00417445443090283,0.03645625704931623
0.027523981830441288,-0.04563954071878571
0.016435304190309814,-0.05853656606746661
-0.049658506329529215,0.03218089417157484
-0.04229151847603822,-0.003532782531074469
-0.04329814755159085,-0.05851645040373853
-0.011846066255189878,-0.041123870037523096
0.011255590160313632,0.0009707787242781481
-0.076427318257365,0.01884094935246377
0.07409228497494119,0.01589053181809908
0.03401741950749263,-0.10684889248266707
-0.05896332977789995,0.08810028369141526
-0.09578629702905739,-0.04505949777853634
-0.019629088511925567,0.033077125240923336
-0.037809955525613524,-0.048070059262502476
-0.041481082736407465,-0.003490100209128412
-0.057595863417987656,-0.0029817303699072144
-0.05104936977700845,-0.013080559931678525
-0.00744946395751068,0.02302855267227605
-0.02290257261434415,0.05756768005607833
-0.11505295247624461,-0.05630622472516709
0.012868594647405945,0.02551486515872321
0.042081153183385345,0.020983047413504496
0.005844342022133797,-0.07577434369171525
-0.05251557385318236,-0.020118081517982205
-0.03233188703370744,0.033684274370793826
-0.06932090731170082,-0.09421777881992498
-0.010401312218284846,-0.10487655077572755
0.003293150495059502,0.002841621190806755
-0.007686568584733046,-0.10235778958696864
0.08671459910419164,-0.004135642966539142
0.03779013712299885,0.029307978960705434
-0.06617918198624251,0.006817758433358887
-0.0703831513507382,-0.1770208105399978
-0.06818319598901508,-0.035131633619673475
-0.10867524433531918,-0.026079051337459663
-0.06847604428347533,0.03423696645143149
-0.026774924471722177,-0.0187455884110028
-0.009319000736840138,0.001167561999424839
-0.07250690079996121,-0.03045102047894093
-0.0236434417179595,-0.02472541904703326
-0.07838830370543479,-0.022538381001070643
-0.010343487138735575,0.03683919829041519
0.016752433247271766,-0.050808776201355654
0.026904329516616185,-0.011930966252648957
-0.07232456861031744,-0.06018066274069752
0.026146603026546377,0.03842667762989646
0.00017036108872829636,-0.004985243510881003
-0.03805609375976596,0.030940335828722312
0.0604009168204971,-0.021051036494130138
-0.017911148415746963,0.014841637410863334
0.0501161352344208,-0.062057911307800764
-0.06296251357739452,-0.08264632952688658
-0.13728975051620798,-0.008087860377299787
0.010181757656232169,0.051971659878319976
-0.023021060391821026,-0.008607141011161366
-0.09454308555406658,-0.03776581029768756
-0.03652308081896925,-0.0678327783235488
-0.011927050157429207,0.0003486601001254398
-0.09550780708775963,-0.003263689973672254
0.0500483049563917,0.032715389009754514
-0.008809195993738684,0.012229393988322877
-0.034168539247059426,-0.05433188424138759
0.0520634635842694,0.003847534755880736
-0.05610851678046669,-0.1324927999135606
-0.013833319093659448,0.004481036378706841
-0.10190274952439934,-0.0803623821363674
-0.029808534949546682,-0.07235865280354314
0.007191186153128852,-0.004928458677311388
-0.011651021664825014,0.043803265655564486
-0.16841495669259943,-0.03742170853192853
0.07980801038595065,0.013441117257161357
-0.03222799553060663,-0.024628110870145343
-0.04015994788284605,0.030542341937677072
-0.036151796563801956,-0.11788023116096723
-0.08731045883094954,-0.0501292408467199
0.040299864482639655,-0.025220250517578913
-0.09733924718461762,-0.12273581489091823
-0.06422419771083508,-0.04472671584338259
0.00960837505135122,0.011332650961222171
-0.004580141594922631,-0.05627010889082443
0.010839934635638888,-0.03040306761070244
-0.04473528203402456,-0.08147601864368109
-0.092249937773726,0.006672034501667343
0.04142232435852377,-0.08820067626563435
-0.027547978453019373,0.008595692703205631
-0.05175033841333679,-0.014651653060042687
-0.04507826769430909,0.06250879782762944
-0.023036883693613577,-0.06157963548317872
0.006930833541937742,-0.07393120296075736
-0.07289441324404106,-0.0542931627507519
0.06357537246498307,0.025139683307071833
-0.05618199818111398,-0.02556232113083983
0.0045359325063480185,-0.14146417054739427
-0.13254468859245927,0.007085683299330611
-0.008276294349379303,-0.053878595476240965
-0.06875846435194728,-0.11478381100332218
-0.03958990856095196,-0.03151496402021821
-0.06649597347770111,-0.008910670580223998
-0.10254391810852456,0.05514714437499511
-0.02213820845782575,-0.05953155145487851
0.03594429328940351,-0.034444793317217386
0.01107375178826864,0.10733662357853292
-0.07141912940239394,-0.030038991571194003
0.0240446546841198,-0.07106410517430514
0.01791491033986105,-0.07879103312068628
0.03549421717325602,0.03451611047688256
-0.027839525649020574,-0.013579892217744105
0.009344067191569277,0.04273391577977432
0.025702486688716553,-0.06152418514046322
0.11074946902769411,-0.019201175704972387
-0.00683552282923636,-0.019079017585750264
0.013288909247418676,-0.062115732430207814
0.031856638632121514,0.01745296367633655
0.1128803996500621,-0.05942463839464253
-0.014612738714674407,0.009548171821380808
-0.029890881512431085,-0.010463659275941659
-0.059993835360111075,-0.0023910085594730443
-0.041713990769226474,0.007438959522702982
0.010453806673752387,-0.0417563285257128
-0.03517424150662553,-0.13792350704078105
-0.024173739242785507,-0.07491229796157267
0.013134060955243157,-0.04208700952813754
-0.07207397388706226,-0.07716952211984207
-0.05320624240508563,0.015759721379172857
-0.036055654536839864,-0.061851457550926595
0.05389090017238068,-0.010151486666298334
-0.05159118359684311,-0.054357048288225844
-0.008407040679235646,-0.034570019628159816
-0.05435415715151828,-0.00805288057538618
-0.06299092745743827,0.030235170413619655
-0.029102310346788764,-0.009588772325526452
-0.005977633077284088,-0.04492127877697999
-0.07406751881596381,-0.0430006804771977
0.003258400104579816,-0.01956176154245406
-0.09532048819756542,0.002915606617115067
-0.0589188827826367,-0.05638069148955312
0.02123862725107555,-0.07459107909443366
-0.09689858485270375,0.05698626088228338
-0.03200643037353361,-0.03687525735153835
-0.039219430102298336,-0.02011275769937164
-0.09884284577471596,-0.06401715153740328
-0.0398728347876834,-0.0029008691467589426
0.08742630015790644,0.02157250324353319
-0.07982387509889935,-0.0165315445586531
-0.011984555059371049,-0.008517628924176148
-0.042263085684434126,0.034065456116741756
0.014270357329442025,-0.0014934312588448676
-0.08443143770557188,-0.010403518515958145
-0.026612426911144887,-0.03635952851323267
0.024502895215508948,0.016009229493354565
0.001919229147889847,0.009116491542560268
0.03852844706565558,-0.004090663955626762
0.019762527096923565,0.006404141353077257
0.03566790406101643,-0.12683339711476696
0.12253859689576944,0.054288154720717054
-0.021732990746727212,0.011761354450166819
0.04815714616037317,0.056719033288816334
-0.021178111166596507,-0.05820428264883215
0.007280468148476958,0.06760122073884273
0.01059781413143918,0.042392751108621306
-0.06247578202851394,0.0006337151799234086
0.007994325776044094,-0.024686116935107118
0.006830110752040427,-0.0004840190990413663
0.0003963988168987423,-0.03158413731290578
-0.06553702348286979,0.0306511481870873
-0.0639529646993866,-0.03869195217654544
-0.00608565676860047,0.08013489215341144
-0.05138537215416531,0.022068329971183416
-0.07890373868746402,0.030313588767577
0.05803555921687117,0.07704862112812982
-0.04013569509063719,0.029014145623625514
-0.08237128380797294,0.11291724825578277
0.020052658542529144,0.028540803088290524
-0.019142483354292795,0.031250056509251944
-0.014682896156478394,-0.03348242458681483
0.010435309770403418,0.06731331926325
-0.031715830141445266,0.047340918768953216
0.09603200110155588,-0.005851809781117816
-0.1080673339502951,-0.01651937484653073
-0.0398891784187832,-0.0387712833273029
-0.020333326124590212,-0.04037169912034395
-0.011657506317406988,0.004745834475241564
-0.03887058273126653,-0.002722930099975089
0.030138651243310274,-0.028932139190615595
0.06950482993126636,0.03932220882979705
-0.06262801287488273,0.0283409373155195
0.04916990682856861,0.03379512475079603
0.02852408798667666,-0.02281247597753217
0.01971238530034357,0.11522378511228205
0.014360615916705111,0.07933132092877229
0.06653167114121593,0.01554870795110223
-0.013958067165716726,-0.003855991559097164
0.039038117174041445,0.039894379446922625
-0.047959915244435734,0.0921284541183791
0.06759216625533476,0.0036124704558845085
0.030898315159233334,-0.003542337203052248
0.09640941284826501,0.024706282851109432
0.055807905921341106,0.023555157862446805
-0.05776686229877738,0.10441710129038119
-0.06822290256897985,0.09309708525359191
0.03388137554529468,0.03641115349460175
-0.012780313664173452,0.09687522438766873
0.04259840954229277,-0.015202887066651547
-0.008435059151590665,-0.05143075448271405
0.04619992390152802,0.02697237145533847
0.015493096919322703,-0.059087639808217914
0.0706166838264694,-0.024858575145282506
-0.008887920433179854,0.0673845027182424
0.06859026715472022,0.020770413994197538
0.05215916459898143,0.0006881468931546376
-0.04068559682062191,0.07628398794341452
0.11014984198001751,-0.03944678672935205
0.10460431853843837,0.05830152346096872
0.09554803331388236,0.10749201310734537
-0.0343967366865052,0.00979853516336555
-0.00721190235873868,0.12979891345108333
-0.05492895664102905,-0.04620322400131727
-0.012550010244572325,0.0590004796934793
0.04450314727505367,-0.038412822425484765
-0.027513757732868904,-0.04489187475618046
0.07682947793368192,0.03944872318719636
-0.02585272882460059,0.00012116181994684116
-0.0012372024973924013,-0.02051555623376922
0.08364242486635928,-0.03346806569157852
0.016583661081312453,-0.03196662986329146
0.0658158801762885,0.04089648719051628
0.025424112084202196,-0.06132595851392476
0.015094828149020897,-0.018020926585214887
-0.014601380096120907,-0.020439230592715102
-0.026987749141753288,0.03936079763889219
0.026096647842530008,0.014761865689313805
0.03461159616228844,0.03621015835285329
0.0483800321522206,0.04771222229522379
0.06299882852733649,-0.029697546518375795
-0.061440857523662754,-0.016727723957924184
0.08974351425280004,0.08753819961131958
0.007243548117605671,0.12038845622014571
0.03921299738824187,0.03498138048229008
-0.053254692078795005,-0.04459698248587242
0.04642074025629302,0.06591257880467492
0.057806102067076405,0.017984552796194576
0.035425700184126704,0.11205912742046248
0.08742128181062907,0.03207413539361996
0.03791439158860748,0.01717348402712264
0.051085666427209714,0.005060812609334983
0.0005920731174553495,0.11702191592528474
0.031623559928288456,-0.032508722261083756
-0.014908955989510364,-0.005959137849611461
0.008370607066908656,0.02434798777758302
0.08492771454836033,-0.03192078437865192
0.033735666062470984,0.07029390753250807
0.06543273238017065,-0.06484104353225978
-0.0019500458102915431,-0.029023945858898892
0.03298134124023455,0.016626299432251607
-0.01028660709956166,-0.007245245474088637
0.01607179094060679,0.04590851064021366
0.009708705044125302,-0.056921103023551245
0.007492073940783895,0.019270566065378237
0.014898602471679175,0.04821944330429972
0.004564216200797116,-0.05612542223078215
-0.004290391354449082,0.036074042909516976
0.010734952483460136,-0.0007696628975501461
0.05227643620477353,-0.07057687323567813
0.029223271205767454,0.036466727989874936
-0.04961918775319607,-0.03149935555091708
0.12540106198344533,-0.03907789108413813
-0.006708684079367852,0.06124363731351084
-0.086499967043748,-0.004409047273811039
0.06898254123582515,0.050931737418941955
0.028039261765381115,-0.013851878886610665
0.07399214287014128,-0.015836781242717826
0.02208312376065735,0.02945216166239701
-0.01227032009363532,-0.012381453487019505
-0.0501695482534893,0.02415886807073943
-0.006863725122099051,0.023178703202145757
0.058454647817929375,-0.005492364593876385
0.016746567803258675,0.0007187070914175635
0.007575045839021405,0.06019841263269321
0.07159365591828858,0.03811638287674776
-0.008553382882511607,0.0465555235162248
-0.004776412415672841,0.03722944104717284
-0.06741354666845295,-0.00037418777627753336
0.021896998055927274,0.04830504656763736
0.011631755549221735,0.0591313110456662
-0.015525509474575632,-0.015205774685697084
0.06808031453772034,-0.0011816975297550894
0.09282699774417741,-0.015750521272946245
0.038734251379046805,0.021339232390918318
0.0016961518374243086,0.02149780498529525
-0.003917633677504702,-0.0457361945192317
-0.035933232865122976,0.09704417318622832
0.005728245869520164,0.08218993932197899
-0.026411683897320414,0.045610086897770755
0.06374944963580918,-0.0421333941659939
0.010090456515659985,0.09809032418614744
0.05345421240373727,0.03137037931017375
0.022218374397303186,0.0839512180877373
0.1388821183720979,-0.0656379256659982
0.04216310426172944,0.058786434124940626
0.021168122008099834,-0.011964076716344117
0.0471257910800706,0.15174046781690792
0.04881428375929488,0.06119657106458416
0.0319024286079612,0.05323141383983786
0.033307072003658296,-0.03344345705702263
0.061005092397675,-0.026265968096633164
0.0395058653759114,0.059320671578018694
-0.015386241546575806,-0.04135190822734549
0.003176823256621126,-0.037619063011450446
-0.03764751781928842,0.01644367737279018
-0.0007284097523487729,-0.0842521097864899
0.014621946792536363,0.05163797426481923
-0.03423728664247215,0.0336197298493915
0.0014865045076956195,0.01593406591226733
0.10016539418171377,0.029266341732282493
0.026595404858934853,0.055429471075682246
-0.0359251214263646,-0.017043039326922263
0.0007121688052016094,-0.04503058157897037
0.016330793743321213,0.04237914751894624
0.003440923355394662,0.04907794259926691
0.04119405002195494,-0.04578050119312234
-0.015610667804708545,0.024244679781422227
0.08144175477297463,-0.0025887848930854704
-0.028106983583811383,0.0678870773270719
-0.011824754190789412,0.0018385262394976093
-0.052885127935710555,-0.026434459289287497
-0.04007051395109799,-0.04386777865815385
-0.012138766519593443,0.08557265773220357
0.02663190442083748,0.044644933282050304
-0.07226551975868652,-0.042387827340323266
-0.0063154540736558625,0.0399724048876159
0.009037036804565347,0.025210067463770476
0.03642036031103088,-0.04132009144366271
-0.026497409021510786,-0.04116045807523374
-0.06580598064475779,0.07846210233195033
-0.04006191484541345,-0.06173023821175515
0.017706719773596804,-0.007116861851277721
-0.06461635170768734,0.10258546479362446
-0.030230871836122983,-0.03265958420992534
-0.041346126116294075,-0.06704530696421998
0.11627917370713178,-0.06203528352913223
-0.08639247062131654,-0.10853719109932193
0.01060910711767017,0.0007429469764158657
0.03879507527169816,-0.02931547588792701
0.011170223142801125,0.06854942274376197
-0.08869268098304346,0.007745702233925216
0.04075061890510762,0.028961931449722672
-0.0007250523411243674,0.01456796071679167
-0.14553326842809028,-0.04740647958858487
0.07654159315124362,-0.0027363311567575057
-0.01966381484651252,0.011263611924291131
0.047270810415073854,0.057179660498406934
-0.013937837449978813,-0.09734750554644539
0.05535141932394158,-0.04382919079308391
0.008219321732569193,-0.012601133787645635
0.09979203059768821,0.07616985173396279
0.07545652910838642,-0.04326942364871495
0.026366190364196525,-0.009623174279718661
0.02087336759070683,-0.08301558231519371
-0.001073239807911594,0.03346342084117388
0.0673620815577903,-0.035701532675166577
-0.01221795371562948,-0.10269920383787062
0.13787810531525116,-0.007464485715771468
0.028948573365578094,-0.053780337894434
0.019479516332822352,-0.02371225652089416
-0.060523918890182535,-0.01006775486109941
0.042438588274085316,-0.051709533121830666
0.0400807015673358,-0.01545039067518688
-0.021454754314520128,0.016307827933875696
0.0991720165423797,-0.000866030530111301
0.055575205957151444,-0.033704650027491075
0.03668536412207601,-0.05241489556385371
-0.07759246745974027,-0.017655145500442147
0.026613259539156425,-0.0660938884891271
0.01152524761061047,-0.007687903615904802
0.009527615262826784,0.04717489924949186
-0.07960893942632849,0.06778374713060205
-0.03340559587769459,-0.05923573067747695
-0.03896720597548732,0.007473038287226494
-0.048392895877239515,-0.040342408471600553
-0.042115417930642454,-0.03428299324187918
0.03355752019074133,0.014133632762692508
0.05769695314964157,0.017478744617172578
-0.016430673114974658,0.061574884123305064
0.03451639720356207,-0.015315235373982989
-0.09581322944198505,0.04244385924305659
0.048174385784608524,-0.07199732872181748
-0.03340360333914651,0.07177373761657341
0.02067120648159628,0.044299603244201353
-0.017724084050490335,-0.016062476158573445
-0.022578548849183845,-0.019625455529562044
-0.06444146225587614,-0.012259240148968962
0.06219422695674326,0.008039034016155229
-0.05661111311798042,-0.05008751202834612
0.019507736226903556,-0.02210855536505633
-0.03167426185423695,-0.02941253121465666
-0.059430570792682824,-0.08291226572586957
-0.05251178510806524,-0.08528068218895254
-0.002126036378835532,-0.02660930739977908
-0.038882417624247295,-0.12728053571100095
-0.07593010246164819,-0.01956412220586919
-0.06548675185869707,0.05210099087986991
-0.015489686334518006,0.04482949934272217
-0.03647714961495878,-0.031646799951654314
0.08593200603068551,-0.008324211299006741
-0.04013380123352811,-0.08388433194991884
0.02819094474234205,-0.07167945190059323
0.0707600623059133,0.0019172887627023488
-0.013751690501066815,-0.010363289380343855
-0.11527364698304043,-0.009525513595630494
0.03657962400406821,-0.11990363420862417
0.026959239936680215,-0.07190903517971697
-0.04496741395367744,0.0036767474410386025
0.00018739474829381278,-0.00955423099932294
-0.006295634632982551,-0.13117675959068084
-0.0029090243729769545,0.013279926645633818
-0.07975225979608648,-0.08835345673047451
0.0657829943256546,0.0509769335259021
-0.05136480466957387,0.0443120184947494
0.04725569602081715,-0.03740185739012253
-0.022580181932713692,-0.0048665293686135785
-0.09350131438794151,0.01604864079120724
-0.025533028641778255,-0.015472535598143976
-0.08613977534219568,0.05531915044834697
-0.027827908391684066,-0.06245510736922587
-0.022166283916812586,0.009554111387878195
-0.10654116105161726,-0.05167304845283978
-0.128276553706884,-0.04510973837044474
-0.058438575366131104,-0.08594761316045166
0.06849130217541337,-0.05353791725918469
-0.026994477190877664,0.10846077222311144
-0.010240340258879094,0.0566059579758694
0.04667512669416281,-0.07890248597880761
-0.024006147876362863,0.03300293752074092
-0.10554486728291007,0.09197175848189781
0.032652254761464855,-0.041549786014085724
0.018786097978157067,0.014656659165631043
-0.03222015618888506,-0.08239188588578607
-0.06780989152959478,0.021219692575696104
-0.06132385029956886,-0.10274566875113711
-0.019483454959568113,0.025458008289282616
-0.09326459818777452,-0.0821586255802752
-0.06260180394124687,-0.11323219044018591
-0.04451528046303131,-0.06015248243671595
-0.033442353149002395,-0.11023513235633
0.05745580013672601,-0.016849553802739756
0.00766966696049794,-0.05306320211075264
-0.048953430426891195,-0.0135964580723477
-0.022825074792752975,-0.062411665708872625
-0.01530242053640886,-0.0666540252911582
-0.012687476170194095,-0.03318964067639925
0.06539791166771672,-0.10973820171671682
-0.11953126795240265,-0.04218301825028453
-0.10417773434599512,-0.029917496307906896
0.03610276762491503,-0.0637098032628425
-0.09511849838413367,-0.027769942985659372
-0.0017231464557753706,-0.02269743730985191
-0.040655070194937734,-0.06096143064048333
0.00036115394197889714,-0.00040967871832390396
0.01317354754990287,0.09005532001386284
-0.053245325367516874,0.015473196179725947
-0.01073928854125664,-0.13023719924137125
-0.08576744125278819,-0.11625182738154276
-0.08612455192613412,-0.029500014315290857
0.008723302031599298,-0.016321057363943826
0.00692108667767528,0.007393705897396265
0.005402770900018811,-0.015543157570567269
0.044598145069409255,-0.02180602050523222
0.0019682242465824673,-0.0710277067690331
-0.010411384604485525,-0.009551141638638357
0.02772857496261023,-0.029022230625491367
-0.04111448597951387,-0.09126814725300872
0.020887713651524628,-0.01140924192461383
0.00450355610067172,0.09345348626813502
-0.07226022914352437,0.024479322960750755
-0.04376581546822509,-0.04903239613672633
-0.037130715665425265,0.054861293286752925
-0.06264085761519937,0.02523296040249749
0.049358222677373526,0.011116768447624804
-0.047596335080569936,-0.007124370965830077
0.07624050588084334,-0.084579198269172
-0.015510893498658463,-0.12023101297360488
0.02189664797996727,-0.031308388642998466
-0.06244698273186278,-0.008055656037882785
0.026279710523736788,0.03722314495154214
-0.022948575567325172,0.11798286200116839
0.023826538978215107,-0.036404664990259655
0.016454044303783083,-0.034291119384698684
-0.044415207873486004,0.0002903566556753667
0.026461716691805404,-0.024354951099433517
0.025004011806156492,-0.025197635991863414
-0.04253066791199528,-0.03615735511655193
0.0015322298518359138,0.08273637554614896
-0.0394287654322571,0.020001005341952916
0.10524993548833772,-0.005130705420184399
-0.016894110466858965,0.054268124417274584
-0.12801242325399056,-0.04803373509635346
0.08260326513334926,-0.060080812111981186
-0.04407659990625351,-0.03223887593187408
-0.0637579225137803,-0.04989976635618631
0.016193648860874342,-0.05188072805684379
-0.0535636525864677,-0.010013628735444284
-0.017905445475943214,-0.0803227796216461
-0.03518443374758643,0.04125710708352201
-0.005363971681404437,-0.12120159849590953
-0.04747028849992803,0.09637509539647221
-0.04049333658672855,0.04527143085467246
-0.04712206973616329,-0.023354837631385517
0.09262051144604855,-0.06216185060204115
0.01984265628233778,0.002995338473791286
-0.12554435836156796,0.007566245899405445
-0.025361821200632524,-0.04977329608566365
0.10672676913661433,-0.05443523472912837
-0.018234832223777815,-0.046271232767319655
0.04015927148265863,0.06459079118319172
0.026748892051500606,0.031957437876858986
-0.002252686594136067,-0.01650753889666411
-0.013217828434838767,0.010387772137707332
-0.0018348055758474272,-0.009092759269404702
-0.049534695400106035,-0.11265357761228166
0.015218719979388234,-0.0026911322969577992
-0.02689365553742437,0.004648911357957704
0.05457931609146131,0.055829522606154716
0.0750778817308119,0.06890078090639305
-0.04074959829758191,-0.057678447716962566
0.07052437798608975,0.05258522375626621
-0.01562626207550291,0.0030258999797971656
-0.01733455650755672,-0.030064193269130755
-0.0576594004040223,-0.06948525605304999
-0.00544190134863955,-0.0014101052981031134
0.04453739887970828,0.027085548729306408
-0.0011575245647628806,-0.026944920527138025
0.07549349669511875,0.028302865928081497
-0.07284545075872305,-0.03505143165347142
0.07051309963850133,-0.04921017944485591
0.00989208327806259,0.08566108065608637
-0.033361755019066075,-0.016133636111253045
-0.15160270427865438,-0.025531029483907258
-0.020046533903079637,-0.011742365102082281
0.009530290354928826,-0.05565343182204863
0.07648569086097039,-0.054161508217882105
0.048371943900168225,0.02097031219301721
-0.036466585673158976,-0.014132735675798352
0.05672435850611988,-0.07996531035193308
0.0017620866941819935,-0.07900125192612036
0.00774321393775537,-0.010827036398452283
0.10539828657983087,0.0010300037040069576
0.048548600663686436,0.008110796734767741
-0.0686950495077781,-0.025375215260363383
-0.00913774591312163,-0.042487336656451616
-0.14849495031974802,0.05834644531239362
-0.008152842713678577,0.016828971139515068
0.00793255100567748,0.008574609165963474
0.07277719184404756,-0.013932442170358387
0.020750650687148448,-0.027072322470926967
-0.015352766492349805,-0.02403589385423294
-0.05326869970897357,0.05882171126500405
0.05063069818313996,0.026395095235706934
-0.061822562158617964,-0.0010398566990573112
0.006396094998095186,0.04974438031065225
0.03284902417098457,0.055363448279669485
0.0781219171321994,0.03194025231659304
0.05725948569911869,0.030745821638056114
0.05601496444611054,-0.01366359117739143
0.025937411048640335,-0.0596139240438596
0.05980532884787585,0.06380610345908613
-0.1046105376700763,0.11411993807801785
-0.11108968769654311,-0.04981898347363395
0.053349077594668476,-0.06113381330709548
-0.06345853642033417,-0.025185506279605675
-0.004016788238139278,0.0981571954912187
0.023582069439475148,-0.006507170939916467
0.024003906441048068,-0.032455645641757645
-0.014550821983098613,0.02684588860885398
0.04290948287420447,-0.013966825081337102
0.07386330799340393,-0.07291440706748366
0.033188544546905153,0.0009208043197152221
0.06860062272313604,0.05606612988575455
0.005384018984371729,0.05014583556634696
-0.008030722894403666,-0.0395786419643075
0.02208152765388014,0.05223582156019804
0.08318863375230935,0.032390854684400464
0.065911292399214,-0.10919253122156741
-0.005965996241716988,0.018560799836278265
0.06012704648892084,0.11302999325601114
-0.04666094198952951,0.06859780255948664
0.0446855564330513,0.03515421560277849
0.024242579053065278,-0.06659228995319072
0.0301184303113464,-0.01935043553828704
-0.05001922298630972,0.026811534530898577
0.014257930109285452,0.01037067331108247
0.09285328991108073,0.055738045793915086
0.06810571523575894,-0.02009210572415014
0.06802709405236658,0.013967178668871729
0.012705139169727058,0.06041236018480165
0.05874714147103071,0.01565405166871931
0.05028825425992075,-0.025656254481004136
0.06832343984349476,0.004094437890071105
0.03478980037550312,-0.0035039920030155193
0.02105876687372627,0.05180898064708962
-0.08483807950100056,0.07852394256878373
-0.006272951574687142,-0.07655180867212696
0.011939722364087219,-0.04112456043072442
0.04817134178555875,0.024481512305355745
-0.05154726719081381,-0.024082675992527593
0.03854265051046425,0.06831920655151812
0.0682891062423077,-0.055315525452888724
0.04072896226191451,-0.04473601752897281
-0.05675066614050671,0.008295101252224284
0.04386121780860853,-0.050700225832512595
0.04563917414055153,-0.020375852676170668
-0.015316082286564139,-0.023297496743844195
0.046131372950874786,0.010886377179403342
0.11841910088318826,0.08036482512717831
0.013053902513441728,-0.023363598380884427
-0.01574544711530104,-0.03406065756493076
-0.04093268416206948,0.09837263070611768
-0.0004907518467930153,-0.006918671355919191
0.0438250833358832,-0.012014546286509727
-0.08785315366065842,0.0970482750312976
-0.06823542826034838,-0.03146039684065727
0.0404915784867698,0.05039904414829194
0.01602159512569893,-0.0336809425202851
0.06680237171693926,0.026507597315045622
-0.06395919531413029,0.044348937011019884
0.07145970254949965,-0.019909793014408445
0.024707848693214626,-0.07415489608164387
0.1025378336136986,0.07795030950970458
-0.006514023814792155,0.03985016034720679
0.03273479682892594,0.010154941122337204
-0.012663202001079447,0.1555687873108958
0.022743908109100583,0.018217615337397255
0.050682955918475756,0.03864774298204701
0.08337643291943153,0.014587109558820966
-0.020438939631865483,0.035050976479891686
0.07410667944417958,0.09873217838735969
0.034255339390674926,-0.04728924234901147
-0.04848707670425906,0.03602340608132669
0.0248382378599212,0.04237625388791262
-0.02999903067164816,0.024516339143354632
-0.08874190952371572,-0.003795929689781319
-0.004600558657557468,-0.0639615636358963
0.03962908279091228,0.08386416449633029
0.005249212758939676,0.020720161761596998
-0.02297876764818782,0.04284789750548261
0.0015490555431601008,-0.038931904515422514
-0.033290570734071157,0.007594496077468543
0.07096550923635125,0.12940951080007795
0.14651936710414046,0.13963183903076531
-0.001027727731798541,-0.05133014554922947
-0.0488150533388657,0.010198150832988447
-0.07285002842735609,0.04215929017209616
0.013954015566542473,-0.000371930247326277
-0.06309105829808635,-0.008747357063907751
0.048510637897062836,0.11514069482092973
0.0013012464643823059,0.008760038753174468
-0.005007095585243829,-0.041268323308013194
-0.016889994460123573,0.06352678922099139
0.04335044752203364,0.048133134960928886
0.008804446047848125,-0.026023636878667412
0.070376929279266,0.1027548074256595
0.05303114326317984,0.03353525131880466
0.029775915345323853,-0.034828592848786005
-0.014798051302656323,0.014538668326105838
0.000593833763485152,0.01738073266607622
0.07263154298759858,-0.02242523223203839
0.07023975733336577,0.013087689289242293
0.018548069545211928,0.007507188339255727
-0.006552730001142419,0.03909655129969018
-0.03804257820457334,0.02705205737581754
0.03948941009613288,0.05901149228968314
0.01519515582118602,0.02936782394299075
0.032903565680610744,0.08822813823738974
0.013408976923534145,-0.0015266260879953086
0.08861701304535652,0.023034689959779957
0.04310376383025191,-0.009700874383318694
-0.013025874078258285,0.06996583228159013
0.017774558482366764,0.003929618598349546
0.014912520759748898,-0.04174657243635965
0.05420206337464997,0.11703777568868247
0.04218716841254674,0.0008585341176546059
-0.017940678365227166,-0.01752140783357962
0.049851340236899064,-0.034953243120568675
-0.0017642904887681284,-0.05075767212522081
0.08952542733757994,0.038715673388687505
0.02891481076540743,0.002369999603415532
0.06360007702078459,0.017959542053412908
0.03832787647739297,0.10931097185873591
-0.012261119545106506,0.03776796553784907
-0.06872757734731075,0.07363934713360361
-0.08833315547206333,-0.04918434442766388
-0.026589268593492334,0.023677826820648104
-0.016093054900750872,0.06708979524137598
0.07708530736737106,0.017368763409350726
0.03569526874824483,-0.0157067592226571
0.06162790877094683,0.05231350194063652
-0.12221825745677692,0.014835098840231672
-0.0013999036566741344,0.05452236941049571
0.08462822671987343,-0.03685730112209819
-0.034108824390967275,0.007936878722781034
0.024408947376987327,0.029263099318067483
0.03334814835400598,0.07154903526488844
0.027368825332697265,-0.11575746818119659
0.0645385503299572,-0.03605003263027906
-0.03651851940969547,-0.0712756512346968
0.11177334278602569,-0.014575615437441396
0.08721486067331741,0.015320105740324929
0.02858802426604462,0.03986334487575704
-0.0013845173788481283,0.024096499953589333
-0.11609387386838543,0.07895687551758976
0.059835230415566466,0.008488116716955658
-0.0019036360171437623,-0.010468264482402127
0.02275719023032048,0.003969148719118489
-0.015751377190308412,0.06323318862232223
0.016262322898721232,0.00929781017460676
0.04411973418786186,0.03324849774786467
-0.02666154116750675,-0.04485219847533137
0.023220554567345432,0.0037072556023288452
-0.045942183350961056,0.00734384210841891
0.047365876401554215,-0.043483562765464376
0.025424799304699375,-0.017967518939617816
-0.013467583752487295,-3.1649287026772055e-05
0.01918807479838455,0.17121235615173466
-0.022710531250095246,-0.0460666358916688
0.03438585722816381,-0.020571363418140705
0.08001270057371258,-0.03912169674067939
-0.08124826828129206,-0.021019336073381183
-0.048969867922843885,0.07601617023699361
-0.0075229162344062975,0.07387011076580906
0.0010543952150311583,-0.008050092125469432
-0.027132592226944093,-0.005883185273555635
0.03780562836362529,0.04678044653722507
0.1307725999860782,0.06472320589110618
0.0482440979338589,0.06233488378431402
0.02499197602867016,-0.018949332264692437
-0.02341265629740233,-0.13092976798043038
0.009604115422826558,0.018550394756295864
-0.04801784996699524,0.054089427398306175
0.025337830681198478,-0.05993382948585427
-0.043928312350438675,-0.04799617181019744
0.02142604188832304,-0.024171499364441563
-0.023926123915749505,-0.01575153370618986
0.037818943667682396,-0.025459144174841658
0.0993949628188587,-0.025039267081226287
0.06295397407929779,0.025760051460080705
-0.04582681487231927,0.08179416841095458
0.06468465335744217,-0.06711431043540277
-0.0022830255692307764,-0.05007737237400857
-0.04533851591584332,-0.014379287637219608
0.06317113347339484,-0.02999067720287057
-0.0039756679997364226,0.003001465493467649
-0.024719013293764462,0.05222663885963867
0.04853974269624706,0.007726203535143599
-0.12612995612384945,0.02180824485015928
0.007268110618417397,0.0066126742735774305
-0.07301033885928704,-0.0057501852784466395
0.02821707447145921,-0.05486315593516239
-0.014748369557871944,-0.08251796696110567
0.031442026917697916,-0.05473188864429191
0.023460396552484695,0.06182663539991675
0.01668288970996408,-0.027526831191390037
-0.039360210113548406,-0.022178487459720727
-0.005204030587509003,0.04632876487624174
0.04931379131664339,0.09613986814381484
-0.007767599906531373,-0.027082526366844065
-0.016327887691009048,-0.02204031890006117
-0.03465693398600007,0.0015433966333873654
0.013494461921438834,0.0508073995746358
0.01561114559932778,-0.0023952319122762422
-0.037205991665854365,0.03641236731241398
0.010492114127403512,0.03254038387501064
0.04064066816590167,0.10410699130339639
-0.008026537665862536,-0.013747322738934035
-0.04485661013342586,0.03569513405018485
0.038642052804659065,-0.0008969830918960694
-0.03518792310092386,0.07980361152995308
0.016238579226237337,-0.054226981975046926
0.04833407671470727,-0.03827683518905187
-0.03761259809423814,-0.014204793946975481
0.055802511605473636,-0.01387569822819984
0.03219290044773768,-0.0027510732774697405
-0.07786453950849918,0.007784748067776957
-0.07134645764678078,-0.10605018402549557
0.00035049909614697644,-0.06588602955080032
0.012241668554561776,0.04651065202685145
0.0661072433073179,-0.037473971774891285
0.008082900559368035,0.07246025533310502
0.019562074326156118,-0.06814066685202246
-0.15458081802764453,0.06472058288307007
-0.0613421263804168,-0.00994051923933366
0.0008768615139187856,0.0019272935713684197
-0.16077298030275167,-0.035181009540194805
-0.0025293892425415875,-0.06652763273842395
-0.06609742600396704,-0.00744354472084169
-0.059349370902731596,-0.04694589682986504
0.022156669563288982,-0.038224202068062
-0.031033401849629563,-0.020383949687444773
0.013506319032599889,-0.03915924065109539
-0.07012442654054366,-0.03751673694064967
0.02135501431193658,-0.08281969908903125
-0.058792233210505515,0.02437484653648985
0.023307679149749353,-0.02298017281057796
0.05125403687497944,-0.041873908094321746
-0.08504496937988047,-0.05412874477849407
0.014873202534622881,0.03763429989029164
-0.008467150975476434,-0.08291605836213467
-0.04733260907124426,-0.016499026611569184
0.015155782765129662,-0.058972510631300316
0.024463934393492114,-0.014451247812518305
-0.029533253571947943,-0.0009641862947493297
-0.0427926457149013,-0.0342164098466386
0.01104742141588853,0.027243401531808546
0.0029049740847624655,-0.017290252208547477
-0.06850095817251006,-0.14190377813088914
-0.1046997993555296,0.03041615966044287
-0.06993114432132641,-0.06074687330517206
0.059077974359990196,-0.0055962978724099
0.00671100209686213,-0.060005938569113744
-0.04932092325083537,0.07630447426707779
0.0016190621048681048,0.029665659154764216
-0.09601091251028726,-0.03309472598521661
-0.04702659207471972,-0.053211757584854164
0.029625618615197462,-0.11594671377294002
-0.045310631552796965,-0.009798953956220798
-0.017518864444905097,-0.04444739889068357
-0.04522701746647495,-0.007740341158495673
-0.023064708246669875,0.01604582208874675
0.059220607306649437,0.03326752021268606
0.028549207294472766,0.04550253197148819
-0.0008357583741593864,-0.055716004368283924
-0.023978377926580564,-0.008380587487897719
0.021928164449057118,-0.00533840463579917
0.030831715971630647,-0.007964223149850035
-0.03603857163880132,-0.020050271462458715
-0.028236847438856974,0.03786086968971052
-0.02944357417718691,0.015270137346136976
0.09058218439324198,-0.023093303842051306
0.012197488829310477,0.07336046271991635
0.06418391329301312,0.04205461962105311
-0.010329753252897011,0.021082568910683185
0.06120549279518545,-0.039742464738860596
-0.0018259371374048892,0.006198993365826799
-0.0901384349274025,0.010063036407779117
-0.10955936663955801,0.01640876079985898
-0.04788624238870876,0.060800889195410615
-0.023930669301859452,0.03565710123268234
-0.04761569452998016,0.08851647451659038
0.06973388403799755,-0.0013713802509871253
-0.008368718787520718,-0.05705722414976091
0.03753390797947273,-0.06771647867460606
-0.14745358001471975,0.04369946769468283
-0.021049127870274055,-0.1186222438020535
-0.007453378842526498,0.06115472058596046
-0.03406565739947813,-0.0020199917380749055
0.030751151558412005,-0.07474203521900318
-0.051416691834149895,-0.03373219947885901
0.019177152259944513,0.006770250872212294
0.055840772130616195,-0.011134715642075688
-0.05819521469718879,-0.024285048870243343
-0.0022763932640931933,-0.00916124311980235
0.004063913203066212,-0.052465405783957406
0.05648366097336407,0.08414194000660649
-0.00741963121355807,-0.01634629650835466
0.022802717242966605,-0.01725495478987397
-0.047943458370067846,-0.013807819847674475
0.012706479416660851,-0.08408236154211901
-0.05722681759134385,-0.0008787639985787521
-0.0299860808484052,-0.060528612338255586
0.022850833721407924,0.007729527727564231
-0.009590292050393651,0.024335755432228087
-0.07575875256644321,0.01607187104892175
0.0006082478514650644,0.00026611689322711754
0.09345655070289892,0.011897427923399512
0.011138584111520793,-0.024522212761395948
-0.0766945969152225,-0.11660950216849195
-0.10528956684240041,-0.07501352026829083
0.05609928910254665,-0.04903811680854757
-0.0014539710002514257,0.039983359031703636
-0.0725995714212848,0.02943752768678942
-0.06272752013616929,0.01631173095005673
0.0049808995160358326,-0.019520328608913506
-0.04144237394795286,-0.04602091146835478
-0.021443731830893074,0.06221594978942673
0.020269124313611584,0.05243792957579353
-0.06112529898312371,-0.007160548780829647
-0.04878918416578946,-0.022385945458250116
-0.040560862031437064,-0.08045384889234383
-0.030420104844611662,0.014062363948185976
-0.02329609590642651,-0.02094244999839061
0.05238522219882767,-0.011074950552361391
0.032176980329914256,0.017028839981228474
0.04173150227912767,-0.032778831151817386
-0.0561982249547536,-0.026429382584931063
-0.037498323829243355,0.017978646693245625
-0.011012196590719319,0.013517098621238215
-0.05520907135123528,0.011047562965045745
-0.05218695029819902,0.04336071217455778
-0.09581720940268185,0.0013991781465031612
-0.0766112225565691,-0.04484374942422198
-0.02353957239569622,-0.009661925248103153
-0.0010339099455981791,-0.01212524946447694
-0.03613078695362609,-0.08743701925647118
0.04418703657836674,-0.0036613560536007707
-0.07928947501486842,-0.03532201511092495
-0.021448745192158357,-0.0004801393412379243
0.04412361789414958,-0.07454029992894369
0.028341853990464003,-0.04774890384121678
-0.02219851790629683,-0.037128013757907335
0.0068435798830506,0.0011848346919661051
-0.07487662552840811,-0.0838114284749761
-0.08688130489442714,0.04265753032259572
0.035025770298854286,-0.07468002669283322
-0.030645964412115898,0.013760537788034564
-0.04050619422483601,0.003584131986843816
-0.02823914665953641,-0.021532216172498526
0.07989324228758926,-0.023387121023516373
0.014741501224847985,-0.04274284160409669
-0.09135379494292223,0.010284687551390762
-0.00791463038735949,-0.012887895415045009
0.05397187633648638,0.026590933489651105
-0.0025881833053548325,0.11749118824211097
-0.007867152100220478,-0.0029078666198241463
-0.050176628221806206,0.05870256191949933
-0.06763351889126105,0.08244913374510564
0.0704859889460831,0.003722175211880816
0.03366524686423435,0.0016053488488798374
0.04805174778472199,0.007017863056190872
-0.021250746916747228,-0.019615124918146567
-0.01977734522086144,-0.011988469243663993
0.021225161367931684,0.04380646994424045
-0.03300282969892499,0.018509850466742608
-0.00721981985725558,-0.06576715251420724
-0.05853189019456683,0.049253567556061195
-0.03545518361593572,0.021107915948372042
0.009576358335222284,0.07610726742359847
0.09990380459224193,-0.08372374740174057
-0.011229679545154882,0.09680492332432925
-0.019493438041681726,0.015161590345529087
0.07092235656370062,0.013934535007170316
-0.026589623769605164,0.02982840079721697
-0.07064691273879868,0.01835470589584918
-0.046737875314595945,-0.025712520132448728
-0.08159053237758748,-0.0002223817839192327
-0.03328328390257283,0.018836744150661524
0.04189647340207644,0.0059349995232587825
-0.00817260608487671,0.020959626428721137
-0.018921425136587497,-0.001297407072392783
0.08295599060411483,-0.06222955818828886
0.03760107607197253,-0.09822077074809274
-0.040935600652813244,-0.00021061958683092543
-0.01847435359130893,-0.07915858063957784
0.029937317889674204,-0.03564532132064706
0.07422581475228315,-0.0731893952820572
0.02457011218010445,0.012762789638808432
-0.017258305624355156,0.043723117539942506
-0.047735724820584725,0.002799188306281284
-0.002648947774509344,-0.040070608185939646
0.007127926540033984,-0.016699974464297784
-0.024180901332936103,-0.022599901585093268
-0.02949392336704353,-0.030135826411742558
0.020744941539568303,0.056792034477448204
0.04872590708671569,0.0343359009041083
-0.0036135797702050564,-0.007259015778354566
0.08390963847210854,0.06462249455666405
0.05554795879092671,0.03051487420566842
-0.03801120071982088,0.012819474378915077
-0.07757034388445057,-0.09915497198100195
0.032703027756753156,0.026584896366339535
0.036574095886680744,0.05691898957231634
0.0075702861698451005,0.008455997926259623
0.1081230835471766,-0.012904538155745389
0.036622369582215354,0.016229364219608668
0.04248602276077234,0.07739938088979642
-0.04514296535760799,0.04525652447698385
-0.06022395152363508,0.04959233496930878
0.09544740019567789,-0.05386560374342876
-0.03918118072508163,-0.003755341602448144
-0.06675795920822693,0.002381577677520089
-0.01861644104718809,-0.008685314274105368
0.06781377464364138,-0.0913786675106487
-0.018543630523808245,0.11769567430059046
-0.002796977177272588,0.014716259056704073
-0.07551164901091774,-0.02112936183873069
-0.0746706884495891,-0.023405591810714402
0.08739314010368239,-0.01651902218221106
0.04988163232188119,-0.09290893647152221
0.05078598237884288,0.003584861482297479
0.0391511446740849,-0.030471319436924448
-0.05717853118042951,-0.020821735084367285
0.04387751579040201,-0.007467818102033102
0.06191655680536509,-0.01088978915074328
0.025013767212037893,-0.0010610011765253956
-0.05164610001174837,-0.052336823014495375
-0.014859193770295102,-0.0744826658753231
0.030737379449777613,-0.0017893264657746818
0.07180195855523133,-0.04518294275246365
-0.07122778011627605,-0.05142612208902125
0.1693436721119516,-0.011583375489324874
0.04980586193970901,-0.014370307575140516
0.07177715207685541,0.03819365243979889
-0.007245607052131604,0.07844520031664617
0.046872698120772244,0.010374997541992344
0.11610652215351797,0.04387724665047105
-0.030960122326044077,0.03042583201898206
-0.011302111169982972,0.09866131268697978
0.00866144798760134,0.013693240810705172
0.07830348340008851,0.1062107595038367
0.03569904007210173,-0.0187279180208186
0.01194399219170177,0.026473532914236264
0.022421547947468763,0.02495251641645242
-0.0546277303436824,-0.027679198980972448
0.006596072240244659,-0.015065525421559018
-0.043552058975661195,-0.056032883872359454
0.010586160104856628,0.06538712945954941
-0.1321072818837324,0.09682048586020982
0.005074534215919474,-0.09234194507170088
-0.007984033778397289,0.11313371402980704
-0.08409575788271238,-0.07275460478693327
0.061464632154392296,0.09900770634160878
-0.006390100178333677,-0.010777892610440883
0.06457646758096658,-0.03679536743597356
-0.002276663087798104,-0.046333708712828145
0.0587318059562789,0.012242712239901154
-0.07823087273653619,0.0369477497002048
0.013564031955067262,-0.04676378684581245
0.017487369577656838,-0.030128181819711337
0.03323728286424301,0.04925050481636756
0.02160605901665402,-0.018695386403917713
-0.03846349119338488,-0.08756435211887323
0.020651397804088267,0.03227904548032891
0.030626266422982218,0.02090353763940687
0.03469236504963903,0.07541673035138098
0.04246318800834582,0.0035811060843863457
0.03846548325261455,-0.007148490375660312
-0.0627688963386143,0.07859734191487362
0.05984482537667897,0.030322220803518846
-0.03165962738020774,0.02776165241050678
0.015719797875257298,0.03979266418801379
0.021755801603690294,0.10685714638108337
-0.04791397796078456,0.050652418336291416
0.027625453713321563,0.01960937220066507
0.015108152388020043,-0.04800161782509549
0.02875136615467011,0.006038074692800693
0.013493088896157614,0.10737083247816727
0.010092523662857936,0.04766749145074767
-0.01298823543903193,-0.03718730657382377
0.0845673529498443,-0.0021959896734794516
0.025276771213558424,0.009210714898896348
0.13694884774321947,-0.03567946729849725
-0.055262996073570575,0.07014457289063637
0.0742525755991447,-0.0012583301211493078
0.018000968985868525,0.03899414328398139
0.021735743849974502,0.036367702332017124
0.09535974710721215,-0.02751057976893648
0.009606750944344808,0.07432216252220022
0.10179731770921119,-0.07998777401126429
0.06830374800337566,-0.0328302937831188
-0.009581033646927226,0.00648598919142249
0.07020504297201369,0.06764424962315367
0.0403503340634075,-0.021862884305410415
0.12870009241026786,-0.007740017767726537
0.04522427418112729,0.08374008673732755
0.07854187712096067,-0.034088598203878176
0.04430492987379956,0.058127916784736736
0.029074110492667553,0.015218699914893493
0.092298331617544,-0.017589900489836715
0.07615532450846668,0.02816774680742115
0.022900522899114702,-0.002276385450099474
0.08702428132753888,0.03980881303069675
0.047372926241370655,0.026911345392487164
-0.03810724743172417,0.048623380252570736
0.03922630080214359,0.04415845825758749
-0.018287369344269746,-0.022917513430587958
-0.02903200033988762,-0.06722783073648025
0.04558302001570351,-0.051842541342989906
0.05492994930008158,0.049565227918852026
-0.044366094280442726,-0.07450380312858679
0.05400038173156929,0.012076453635276947
0.06292521879569275,0.01543920486285707
0.02009640071975035,-0.021983580731025437
0.03787325221201667,0.020497928517846573
0.08525842936771129,-0.03940528229736828
-0.01461182175991774,-0.03153497868449258
0.01669887117985638,0.06397789320654629
0.03603698778983069,-0.02906554076120642
-0.01830514086801116,0.08750228433112249
0.014382489096704434,0.039377728086751065
0.04021166064224295,0.031934776298363575
-0.023845430836189712,-0.07498168126200297
0.12312787826500762,-0.056584908311865224
0.019314990559429406,-0.005068448454345648
0.006992160865530108,0.07685384423317843
0.035321152651353174,0.034756423387957966
-0.05656063929637469,0.1603883503860041
0.012095932744358044,0.0004347010901895147
-0.05406797959800363,0.0338968332047747
0.0838833321919756,-0.042526062340581615
0.027630400432809992,0.004405843662137764
-0.0034795036915286365,0.08092279287689147
0.05600492780777837,-0.05367270649719536
0.04063715267899895,0.07228869738585722
-0.006211192978212408,0.05995012981581358
0.02628904086791846,0.07821010434500791
-0.03751041486528238,-0.025662204458766557
0.007369954010269423,0.03768918692724214
0.036203551026032246,0.05180917515538555
0.024400374665713338,-0.01912158923956064
0.014557828305108472,0.014787347525487325
-0.003928271309855926,5.075425643978615e-06
0.04486730837971171,0.07277460378086198
0.040142176880138554,0.04110904932344483
-0.01161246436312716,0.004342909533167285
0.0025643791089266683,-0.03241430546435052
0.07463190278474413,0.08806656666397034
0.09565232582260617,-0.0004610821125136718
0.09234509662202782,-0.03326801744464677
0.0162965021597601,-0.0039564112291654106
-0.00769367770387645,-0.05300624801766523
-0.06800557903892601,0.09653402286889633
-0.06585863007097344,-0.00020706800228202475
0.04695129593374846,0.041098959178932915
0.0419786813315163,0.026036637199977127
0.05941644987559475,0.1067542590688439
-0.06697703789193395,0.04769774035428237
-0.07460364064014464,-0.015488203364818652
0.01865242738781534,-0.06325870523647376
0.027209262898920766,-0.0906047066368442
0.07857652490615871,-0.010175740127047868
0.05551186131038954,-0.07742508538342271
0.019932806697610772,0.06722031894265412
0.05346354508193456,0.00840588385970641
0.05443530117638233,0.06309862221950212
0.12277669605364984,0.04335924320069623
0.09390417531859105,0.04332503630073965
0.011704692440638032,-0.06951061481446755
0.05252227972628181,-0.018889055226027268
-0.014920848289367608,0.028460111206499383
0.06764675633760069,0.09843135224617287
0.04937480462743543,-0.02588933927291784
0.07307812917379143,-0.03189946385017528
0.012924420181663456,-0.04413589735015768
-0.011703391026033894,0.0407499018500579
-0.003481291695202687,0.01705434880471095
0.031105111630550956,0.03701207455835507
0.05549976871174786,-0.043643313872589164
0.052992478367851405,0.018308628853375808
-0.04555144648685545,-0.05127932563499172
0.008539200361371768,0.0011253397369083862
0.07158987855694621,-0.022614368332981468
-0.010803067816787621,-0.06164197785976037
0.012384455039475812,0.09376432164204322
-0.012842189769404615,-0.06383168554651254
-0.04170356475418206,-0.02230929129771954
0.0908737367213549,0.02684466942165772
0.04801041823470885,-0.018382087055944085
-0.01554631041705341,-0.05103810027975685
-0.005354222970558133,0.10162677702916621
-0.029349857763123564,-0.00957093844565732
0.023506419216401765,0.02955271932620832
-0.03795938131499945,-0.009221820354713639
-0.0643860157580283,0.07427196977831799
-0.0697485782321321,-0.02425360393360345
0.04736699572187319,0.016718792181089404
0.004946840732772599,0.06015772940741529
0.0016050728665967448,0.050713052702048934
-0.03737541753701749,-0.005314504335869798
-0.06546899905400472,-0.021604878985726928
-0.01618123580191126,0.014985148856965655
-0.09584615654741047,0.017595208995848124
-0.011715703098175972,-0.01702872426159122
-0.02019499114467998,0.016281973050942797
-0.002156903782769084,-0.014091828346334639
-0.04102046579500899,-0.00538940653478068
0.07054727805468773,0.01913848065997612
-0.02095840984020463,-0.03646145125249416
-0.05151095192222929,0.015727973527718975
-0.020083536651560527,0.06515418782064317
-0.015980503690649444,-0.03883562847581365
0.038180281954000826,-0.09520364152338605
0.03471788127321727,-0.010307807278094829
-0.037027941366260045,0.11642627003251749
-0.003577239264919485,-0.06268770381508156
0.02568856018813403,-0.010155204001420665
-0.007539175825363367,0.0050332348985138425
-0.026960062437290246,-0.01950981275488188
-0.014438100996268025,0.04737464559875357
-0.0500723022477195,0.029523636732949367
-0.001673086578596961,-0.0018498236085633946
0.0047009986656699615,-0.06665699639199275
0.013979905704913777,0.04078836155823182
-0.040947166479441334,-0.04210815358291507
-0.05622014936604444,-0.027776916144806617
-0.06674637861177127,0.07170114830962664
-0.03870639734811412,0.04280200330630936
-0.059244360010804346,-5.330012506011943e-05
-0.028491736193858835,-0.09741815005834921
-0.07318055245539126,0.03398858713311259
-0.0004839803865770813,0.06853701637922843
0.08282955025159323,0.022639070648325443
-0.09747880539281771,-0.029397369994401693
-0.026623869129727536,-0.04309074171173881
-0.02007534591779156,0.027559120581621945
-0.028645932709687915,0.02293619320110854
-0.051131343032446444,0.027953395954617214
-0.1401168877524272,0.04617839496456576
0.08342524905080076,-0.03374767556144294
-0.024015062887766867,-0.05249853698363261
0.07933668492680712,-0.055386950977848105
-0.13702172118482928,-0.023148943445182188
-0.01888522656586256,-0.07268705814819665
-0.09729979394446141,-0.02283246613636134
-0.0038573613080424094,0.01894691769792827
0.04021408258866069,-0.02911610004610792
0.026655227796740188,0.007909598852670483
-0.07957636006892777,-0.05826510324995199
0.04630317386182128,-0.045436518256109906
0.02474157943205697,0.0661838895008318
-0.11023232093266694,-0.02814455180540627
0.01628678360734154,0.01188759373725215
0.0003790825040367318,0.018678368650159986
0.018674152034704797,0.07293271202758396
-0.0064537300068056806,-0.08654307649707357
-0.03372116596360383,0.02588218614397837
0.010732901790184247,-0.004076624007872891
0.04708899546442863,-0.0036918727341432103
0.03994360830756433,-0.03747400778118514
-0.05982328381759641,-0.10289072516335221
0.03319356807161607,-0.05316671634502207
0.05346578546818089,0.06362767387680227
0.01212804634282261,-0.059251661269575234
0.027007467080537022,-0.06662177456700306
0.003903429401694608,-0.02511608793260051
0.012929915665785868,-0.0404864677597988
-0.05824876827986987,-0.05530633448402819
0.07883401619029316,0.06275757548316512
-0.07116781216902601,-0.0734860955874531
-0.03688811328414558,-0.07087501686424129
-0.06062770208178572,-0.028542940961310187
-0.09481617825734094,-0.02380253724863295
0.07719815681839687,-0.05554815294589996
0.017925137473686164,-0.021009485228205487
-0.00150414097692134,-0.018035446185699446
-0.026248312279983324,-0.0249610217017249
0.02425037689466138,0.04115692822161858
-0.08419314348278621,0.013222745503727412
-0.07903841922430499,0.002941846516828748
-0.09441359764326368,-0.10218843239769466
0.025411774821794818,-0.025767040223136334
-0.04297541038647279,0.029160888111664344
0.0367244592758901,-0.08507095856542318
-0.01924009888315036,0.00026257479070064885
-0.005122543333702597,0.09037389771526141
-0.05345367047934296,0.04083499170377812
-0.14482271688615989,0.001741013480682941
-0.007466208471290122,-0.13628237080285666
-0.06433666432872112,-0.01136088530655512
-0.053206739722843635,0.05510397222868042
0.00912571456893077,-0.023926369766995477
-0.05505693929103785,-0.015540806399212376
-0.055391068000260044,0.0025219455695987027
-0.0842289130987512,-0.03127596160503905
-0.10260549554167586,-0.031738478232871556
0.03229177171575244,-0.05971224286412098
-0.02170446386477118,-0.028438813141798185
0.005547040643659545,-0.004579517460467638
-0.11957434911949562,-0.0934376212787777
0.022697314471849157,0.04448130934699894
0.009019643109508323,-0.0032115736863627224
0.0007599649689015962,-0.09677394531675387
0.026826320967787993,0.011938596652755474
-0.05613822207654191,0.08118899904380901
-0.002713633764655554,-0.0863193853538043
-0.018918919712945244,-0.02127971520366521
-0.0010929393379377483,-0.028722644625194523
-0.05021817794489703,-0.06608467135485631
-0.002284385383045838,-0.07329685530385988
-0.0094351723454803,-0.06301090041419713
0.011648266468325296,0.015194383051275264
-0.005188468815927674,-0.05515896388543601
-0.03387181350077535,-0.17845934015326598
-0.1098723712856685,-0.023387334961315502
-0.07055346984674801,-0.09935795168993661
-0.031654625858352714,-0.009565503739484739
0.007144743129277813,0.02654306203625867
-0.06402544763370405,0.11020199121122741
-0.046532131978058375,0.0314440024403409
-0.05375689063239762,0.010571296152419408
0.005289691811874376,0.024372563892660095
0.04998081788241637,-0.0108800096847015
-0.008290043309426504,-0.04570713691014613
0.019827791396399303,0.0132045879260797
0.08988934220663877,0.02091606116809746
0.00196998819772886,-0.07077664530258093
-0.03370047482183142,0.06726275426330983
-0.05250943357561659,-0.10770915633855262
-0.06690133975714285,0.008388178072463958
-0.13888676935999084,0.00675652533311057
-0.09539860165024353,0.02204498207102954
0.009642732841519354,-0.04385443975764693
-0.1103315018238094,0.06251881848391559
0.03494714100527557,-0.01724172256100098
0.0027706988206997896,-0.0031456077771202604
-0.01754669074760973,-0.08005613258802327
-0.04292888195743512,0.008595300219507402
-0.024759525630927315,-0.0760376382234112
-0.009561474546348266,-0.03727274986500837
0.0012423203962078511,-0.045572346978557
-0.003705847696193587,-0.04378629288312669
-0.016812538706456895,-0.08290329637088852
0.026899496352891555,0.00024343927336326586
-0.05662366082528976,-0.008565432898491081
-0.022844147693479103,-0.04293234500578068
0.03546839076956027,-0.07627674950457819
-0.04788627174666282,0.050929019797579175
0.009710790545373512,-0.07125103758800858
0.15664173737151763,-0.024727400839990574
-0.02254570399216215,-0.03190625243341813
-0.058353412418773676,0.1001924236086241
0.035370842671279976,-0.023324978991794823
-0.11045522581616403,-0.01174019681672596
0.10993204579936683,-0.021266174631605593
-0.00809243967362697,-0.16231600124238246
-0.00228768240478849,-0.022570461776229435
-0.008667082680656723,-0.12345521867737438
-0.03017728324606084,0.015835623152916495
0.08222844845933251,-0.05155230697704406
-0.011902885070121797,-0.005857791708125156
0.010381095658834142,-0.0148238187826548
0.009058794480472207,-0.005238759122065619
-0.1396499024712301,-0.04352806296911278
0.12948370297438,-0.11235146667127685
-0.028142052374701538,-0.07553432412454286
-0.02954124614931384,-0.0002750593317383653
-0.052397884946016944,-0.01023869303885596
-0.04390623469182363,0.059757673809265416
-0.057426948270933524,0.02849148929570718
0.038087838209074076,-0.050784382907757844
-0.021065758666526484,-0.0027331661067849294
0.004382768478946805,-0.060674920749415384
-0.1082669348596927,-0.015593327984593725
0.0604064880629138,0.054018956256522116
-0.009556092477558672,-0.022803576734322848
-0.02400799096467853,0.041466590480795124
0.04643310472676901,0.1282895561672035
0.04467689624233711,0.019061354398648173
0.02994148352509588,0.0021010280496892965
0.0617245584593098,0.02294385046916876
-0.019853167599763872,-0.03113781960935546
0.049095773915789315,0.0010013063193187637
-0.011384095932429679,-0.08229684065627567
-0.03599345322746553,-0.11918743890343923
-0.014314213034642835,0.08584073285250422
0.0516568197412875,-0.11171185313454098
-0.0329603602934836,-0.03455956758893479
-0.03613007493060361,0.04895121230932454
0.05148194878428456,0.021580210670433062
-0.005786367245511084,-0.038724682713691214
-0.030356619842189212,-0.005009821092566185
-0.03313033370990875,-0.10669631048381673
-0.03531575287646845,-0.004302580417339384
0.007557925072219214,-0.011182784840449444
-0.06509800814619485,0.02618531050944378
-0.025826562207263308,-0.0493883657583713
0.007619282763001938,-0.06354891555709219
0.03148196833206802,0.03954001248519091
-0.059925117381970566,0.03491137022488218
-0.04355517879260571,-0.041868590708917436
-0.12168057991934289,0.031107330552901737
0.06993233910510767,-0.043044513069898274
-0.013295915146879823,-0.007784555233396617
-0.0008646624298740578,-0.017640059452718796
0.03720608615252156,0.027679157986119474
0.01140236080213533,0.001210840683225885
-0.04688429989661602,-0.020519316790276902
-0.011763487584026393,-0.11348997101852207
0.013405248190090646,-0.010953416252964102
-0.04432718824760629,0.02291845620434592
0.06220459351452703,0.004186526294286641
0.027976561882175097,-0.028409944703774892
0.03376574561610922,0.06671779072988587
0.14104981735626737,0.012784292377828502
0.04555908045238029,-0.03856622240937498
0.017574172603493234,-0.014924846037934885
-0.06826841285967063,-0.007955660041939578
-0.04944496188694347,-0.052350466366040176
-0.05411834663725858,-0.04603598186293716
0.06117432306571937,-0.021717215074041715
0.05961342117595694,-0.06993590880996112
-0.030037208137429605,-0.05409646586861063
-0.038891708851698306,0.07865891946221538
-0.004249676325585814,0.026699541054159743
0.02368963041860144,0.05509845262236188
-0.02038022479588623,0.01368788530423268
0.03462533500688685,0.04026867947160461
-0.021564188584351912,0.0940106809537369
-0.09869439550332798,0.00760420071072723
-0.03791804808689318,-0.016367740821906843
0.016232836206777256,-0.026709274153979702
-0.02949391631560072,-0.026796277170268605
0.017470676656045694,0.024538648123677013
0.02009569460469868,0.017431708493216715
-0.05633783034322913,-0.022276044378802602
0.013470162824852652,-0.00976995161888341
0.022612722462625467,0.00838194709281749
0.01590766399299147,0.010444520353313379
-0.01156778834946587,0.14824401280938299
0.051667657699874976,-0.024112657532180344
0.028105600198776032,0.03836646077172536
-0.001911202927635849,-0.01687885855257637
-0.01200363811884565,-0.06476227046228111
0.10114081507136882,-0.06998634908082342
0.001513371384039128,0.05651474255016847
-0.04168800249982249,0.0036333800423986196
0.009096237889692622,0.13791080588809287
-0.031203525251362253,0.048700745172012935
-0.007593183461643303,0.025422615445712227
-0.015650979401949226,0.07932496180448671
-0.05635275929824826,0.016210331816878677
-0.051988524688663655,0.018942146326856833
0.11336599777607503,-0.0282374246350242
0.0652973043799012,0.0945442784594545
-0.002808923528772673,0.03635071349986144
-0.0124101516305321,0.028009010162468057
0.036971372503845315,0.07140838686856743
0.0010928923929164995,0.038276580959662174
0.007681252240861237,0.014568894219752144
0.12065831582866578,0.07114677481700783
0.028054481006777043,-0.007439680905676125
0.012997286998358571,0.0182596169927449
0.06568099291388368,0.08206322852453506
-0.03750394009639335,0.006500181148559487
-0.030728793522559122,0.09952578626398222
-0.015063289632209015,0.05804951463708757
-0.00802127672734863,0.05046312692991865
0.05164208328953042,-0.0037195774995091267
-0.02051855600239196,-0.1024874087936099
0.05414930383253558,-0.01991212483228705
-0.043802938772110916,0.02257262291247948
-0.05542505788199263,0.02689984419791616
0.020920760308109528,-0.019176676317769543
-0.10619021053019316,-0.005060433957604509
0.10107039768575896,0.0845302340015075
-0.02588274307788749,0.11508612389412398
0.0501560013244326,-0.00753511935047807
0.046230405368926905,0.01954537761227318
0.04554805788740628,-0.022380263324747678
-0.09162098877907121,0.012616114667073366
0.011635895278685785,0.09359824536102906
0.002197148850675318,0.01989935423929485
0.05518294745857186,0.08588097460815741
0.015639108944346346,0.06220095763972482
0.02065859164916074,0.057987706266485944
-0.03836842321596376,-0.03552249142057062
0.019461135731767797,0.06012911014248317
-0.0019496711299569099,0.05802715119960611
-0.04296234230127715,0.03555127059459736
0.10594130969853066,0.0702807295834592
-0.03772366457491208,-0.019927202838482847
0.02998940582432965,-0.03262577489890357
0.03791544758875247,0.056080379138165395
-0.007938918314407902,-0.002555330610422863
-0.027024306949841263,-0.01681810651592597
0.10101165588168294,-0.012196809049429942
0.046003845345934796,0.04328011927808755
-0.040372666191506264,0.008306028270442366
-0.01573014921058244,0.008148574658143816
-0.009988586317844744,-0.01708840054677169
-0.07972473603410431,0.018570711782396006
0.006363745526455201,-0.05249954485924551
-0.08013417880865653,0.07239097179656213
-0.026682460562038,0.013377913874198281
0.0070135446428184894,0.08840852083391772
-0.0012968911008028605,0.007775769147457999
0.01359830320969185,0.023476010363334937
0.04770962433242963,0.08684989809572508
0.01509510980133914,-0.011023661649147452
0.01976468178274284,0.009614043930750238
-0.0372114969191701,0.14224499241988325
0.03728236419476606,0.005632050984740664
0.10398236822473185,0.002102759307128478
0.04512990833860785,0.0592457897182318
0.029967878364103966,0.0997387111390162
0.003475041984273555,0.07603109405847025
0.01911315242426009,0.042105958268620805
0.04745105669310419,0.024512611314882932
0.031944053130230646,0.07528414243545058
0.07713567652317523,-0.006865932286039288
0.13836301023462413,-0.05899827400040068
-0.016684410632658294,-0.02951784365809044
0.049335633846752894,0.06927873381729396
0.025016354433945426,-0.01973349654888665
-0.021613508752117375,0.028990152339230083
0.04318375940812149,0.04633114706618308
-0.0817980547247972,-0.06824599999219222
-0.025673932907093754,-0.07731172149673904
0.0186530418519444,0.06846626686747628
0.050148916452532034,-0.06801184467498869
0.03940058391893801,-0.14031310486795584
-0.026113347342299677,0.005005914536085843
-0.08616978208850368,0.0001478919529250295
0.0642419471723546,-0.008936929756716764
0.02564694682498129,-0.041751584277050655
-0.002276924781799772,5.497453008113801e-06
-0.03572830728693856,-0.06914224477758685
0.008050719615717784,0.02153279224728697
0.08567593816933168,0.006817149359969752
0.005540656531660701,0.019029343402251438
-0.02263355540236766,0.07575321914871022
-0.037050181650021385,0.036913972202970616
0.08039931165726807,0.10597680639104243
0.022398657904369696,-0.04040687588208193
0.026905952310899393,-0.022703335965817098
0.05688742809870057,-0.048898922957172894
0.02205822846318035,-0.010895325543777562
0.04214617932401196,-0.0965796429947831
0.0030208378977233663,0.05168502196152844
0.04308090878048371,0.02029310634284672
-0.036909738753740505,-0.09362489403562586
-0.10323942148678655,0.0385786503501669
0.04369667289400106,-0.002569406623504687
0.07808259611179888,-0.0872863675752088
0.030144896263802772,-0.03211180575423042
0.004916634023870423,0.0010777949753901037
-0.06064190504848746,0.041945542833731315
0.03561132816323726,0.0200931555198438
0.0018772362957441436,-0.04944020304726405
-0.06952178515241013,0.013768166211807775
0.08921684129322696,0.007985571336971552
0.0751131387231742,-0.10582464718611057
0.0031660582021971915,-0.01387569613464849
0.029003065352213666,-0.03986584223360354
-0.06983036940707171,0.06766947303658474
0.12756707405217702,0.011902259053165772
-0.019010093054912438,0.01037674167755213
-0.02832081228914945,-0.04894239627357259
0.009091010126674213,-0.04356643792381017
-0.04134672695739716,0.0396932533649116
-0.05569449540657499,0.032329037156207344
0.12700894873512375,0.025701153481173404
0.004437880455849329,0.03298809299986732
-0.014683931150718938,-0.06264589208946936
-0.04917936233971902,0.018925405329306352
-0.002153344352352721,0.04276018534343086
-0.07029354160266806,0.0009941199289167195
0.102975772696499,0.008809862960039081
0.06590023238418098,0.0008142070248639455
0.03803851753762971,-0.008325162706692164
-0.00935010761824626,-0.022436919542451545
-0.08662541477031609,-0.043129819632560976
-0.060034484877925606,-0.014970755294495368
0.14239145857910834,-0.055712783542667024
0.003539043596785095,0.08048277961853528
-0.00570030171164642,0.05915756704132175
-0.09296651621478277,-0.034280937692509804
0.05257789705456602,-0.05296087666795969
-0.048032943116279224,0.014719860761281007
-0.09555048785641077,0.02276752258900926
0.04720067828581708,0.1101477569701152
0.11553314283942834,-0.011372990230172159
0.009138995367848927,-0.1253104676334291
0.03821229723532744,-0.03909771528655678
-0.02279520894857149,-0.027623587984786497
0.02452732346721656,-0.0032228462854389447
0.009553426357558625,0.028193224390892516
-0.016461513069152903,0.010032154391183939
0.01939628027446919,-0.0018134389289862286
-0.011571238293387874,-0.006311468837036023
-0.028010742489063885,-0.02657093932063318
0.06347043473190003,0.011267040658814998
-0.05305625004416102,-0.007252563401285512
-0.005992098308299133,-0.08816186027573632
-0.09993086128789566,0.08409751300392909
0.03281248797101223,-0.10937535576104891
-0.0006466843537652062,-0.1144995789624552
-0.03751489148984906,0.006602765583848827
-0.07879992402541505,-0.012725362925131864
-0.021634724688346832,-0.023529121357075307
0.002623933972407037,-0.02165436407431493
-0.053634672550911075,-0.017014363888801464
0.0007359135022467931,-0.016968368601970346
-0.0607401435426194,-0.029496139150530197
-0.09631457906079932,-0.033814665773620314
0.007907695531544206,-0.010654859433139617
-0.08363602989701684,-0.08022272437998726
0.005960463526363698,-0.1161643299496299
0.046473419401321804,0.011986827177280217
0.07715990170437063,0.03601980845184647
-0.00027173162575751426,0.028077169199216642
0.03580404513483229,0.060788614197680335
-0.06975445893154417,-0.06945597762060761
-0.0170385938967269,0.01059881226466767
7.777716595937234e-05,0.10387076324379349
0.08121000239178756,-0.012024769041118889
-0.03136530372611837,-0.14941926292632038
0.012511067072666845,-0.09252620104668802
0.02943657845496677,-0.03790114311709979
0.009092156005147645,0.07891354215738643
0.029553431723975003,-0.02761158800131775
-0.02263852406571069,0.08602032481617708
-0.022441615585961985,-0.04329920203626956
0.008345243436189604,0.01911290660480472
0.0161909385152621,-0.10532295691411593
-0.027343406317093533,0.009219669952582594
-0.07190197354536774,0.07695341749867514
-0.07405187395268811,0.013709759665598434
-0.0915081277994909,-0.016710658890245075
0.0338403256860518,-0.09769590956030369
-0.04621313737808351,-0.009250256644358476
0.014352535502274185,-0.03781645632717636
-0.0058722470213853975,0.023028225393878783
0.07021286398225038,0.02226103600110465
-0.02714708559640227,-0.016239378259339216
0.04512436283036654,0.01782680504743392
-0.05824217691433986,-0.04424681672005974
-0.03882907821078663,0.037298115001154264
-0.012240339786928463,0.005413542328846072
0.030853535112214767,0.06288059581851063
-0.02982227779255723,-0.06481599637104841
0.04711183392361308,-0.0007465588251048504
-0.057759450753934474,-0.04912259979812003
0.04753526456457487,-0.1178502252156267
-0.1578776501137845,-0.03355337696529786
0.03916352962900052,0.04187360028588143
0.07153213096334247,-0.07142024678958636
0.0048945535622485666,-0.01861187152720721
0.07190851936791673,-0.06305837424495117
0.08834097339906105,-0.04277818239899576
0.041030986039089334,0.07003065937509705
0.009537793631259141,0.10629619557819457
-0.03270541661312492,0.020713187205975286
0.006039372890989939,-0.03951718242741152
-0.04598712361064687,-0.024332286221443063
0.018663764532372683,-0.006780117198183135
-0.043808126617224406,-0.0758135619069691
-0.06590992391635446,-0.01867074347959609
0.019773372732270315,-0.06855311319684561
-0.02605603956775654,0.023171938034074472
-0.09679844060768238,-0.030532476227801447
0.027314315238293113,0.014955357295280913
-0.00797106470373898,-0.06977505185228655
-0.038786199902778457,-0.06552371149372116
-0.05769489334387547,0.12266472824996523
-0.05556715394309933,-0.006326578075037795
0.02262584201769976,-0.07462771571320756
-0.03205489259278164,-0.0062476070932002675
0.028837532216266736,-0.07568825461491556
0.07242854205915625,-0.0398391892179777
0.013633429069048311,-0.020185243256412386
-0.011978500631750485,0.0047261552222254005
-0.03609305522408586,0.011812331828201066
-0.004279029801115882,-0.09249154013372918
-0.14416687272653697,0.05596335043383419
0.007948563544528279,0.0047181228253275545
-0.03632375646778675,-0.045372389471390454
0.038722246977128894,0.006992292384617113
-0.045568721034789476,-0.0481693907299713
-0.07013216087487067,-0.012904342552912482
-0.033285110475663696,-0.019883486228895977
-0.03159650191530031,-0.037185685773625576
-0.005891600454282461,-0.07601335050916976
-0.007468936660750646,-0.07334734884995028
0.019708536587544016,0.053516486097146126
-0.07469324027625687,0.016137458055597124
-0.046499973026281546,-0.07624582130583216
-0.055915924755393115,0.006309776868329679
-0.01459392267335716,-0.11081144800452086
-0.06150966932406439,-0.006838436645519351
-0.04546848509760097,-0.04646066872526243
-0.018277765114558846,-0.053105136670019495
-0.020082287065315847,-0.05698302943711546
-0.06791315959544171,0.04545703098442195
-0.010359094648645989,-0.05410060729463083
-0.016681893599040595,-0.04078663047016565
-0.05691035317844727,-0.025247339490987397
-0.06862464580627789,-0.024166962701686136
0.010300476272880658,-0.07186678175046261
0.007970576049167743,-0.02091287277544801
-0.009524185795614783,-0.06192054618214729
-0.058464824187987596,-0.018114228983108098
-0.03287561040303198,-0.003560133644763097
0.022173260488970423,-0.007673017296644682
-0.07196720537973239,0.02506519046219877
-0.018705362709879554,-0.02256752254361974
0.025574830267776516,-0.10375581646445306
0.013478133755898375,-0.030871928168453293
-0.10653650330585109,-0.07792786628608926
-0.014651477349418959,0.006509786505844516
-0.017342590294671164,0.0633122260552183
0.046481412523324606,0.0021523761622497008
0.00040051742512708585,0.024352918233815298
0.04341980636183245,-0.020535183838970697
0.022061460900700398,-0.09029438012355546
-0.02885105177160939,0.02363091949961568
-0.01038007508123101,-0.1021733211490004
-0.0892782722137553,-0.12956467262135962
-0.07827712036943836,-0.002080503853763481
0.035068932790317704,-0.03630089480939548
-0.10462265401712248,0.03696213831297107
-0.041342483669510675,0.00726550095214889
0.07112273853367215,0.03159740099086508
-0.00926569855527466,0.05824504323684922
-0.004762481125249889,0.08664850956331122
0.04816099084860384,0.03949727012156266
-0.011559592250782335,0.07591105682593914
-0.018288868589686223,-0.04030373869362266
0.0310365149479083,0.0341315225140832
0.08155153306454033,-0.042701802778439435
-0.035992468811362116,0.020370509935315657
0.004735627662084806,-0.044318688228688854
0.01791000303545575,-0.047392547822393445
-0.08533352987297793,-0.06638698385244299
-0.0960135251555836,-0.0036994484098021845
0.006646138007754822,0.023990127584505992
0.04681407902092924,-0.051129674703783365
0.00170990138826968,-0.14136292609038514
0.03828394313775875,9.061208480257675e-05
0.11236183374241668,-0.02156527027090794
-0.04618456342721213,-0.0037324202175727716
0.05308323509059775,0.02409368757081569
-0.028476368254550043,-0.049112096451375195
0.08429698279720502,-0.010800586658576318
-0.0512985450772441,-0.07754407428303645
-0.05117296309974492,-0.07560075822812212
-0.041839069052631295,-0.022457045578207883
-0.010299697750806015,0.0879040652580073
0.01150199560215155,-0.042551085874593275
-0.013984118400187434,-0.02882675419128406
-0.04509772548276161,0.004516492138751136
-0.05331269164431024,0.0906830006865324
0.022766845796962275,-0.02872576011207307
-0.013057401218527519,0.005014855826415237
-0.09379656632800601,-0.04338652383952123
0.09235115652657466,-0.03522854240564839
-0.0484029017830735,0.008847230551651038
-0.032845088035189554,0.05536797553534926
-0.006123647710138835,-0.039126701043341906
0.017385228150281002,-0.07724734405027114
-0.045966539593765676,-0.021565820866613523
0.012627761307268134,-0.0745131271373426
-0.07650615528426045,-0.02714953610432889
0.0070720273035606625,0.022040924009566747
-0.14084431554221113,-0.03418417721720595
-0.05336469260211818,-0.004574508619118243
-0.10146378139448782,0.038119200856624666
0.029942262552414806,-0.03469732998704678
-0.0756141127891677,0.041227570944438185
-0.025567919057501807,0.010969344920967329
-0.039114150593309485,0.06474971580167044
0.02660247827183563,-0.0038739409404892474
0.05715230778877692,0.09582894011947884
-0.007137133140501644,0.04371287040487558
-0.060338982005576476,-0.01907552410903459
0.053660475064539054,-0.0031894523267781546
0.006972053645002065,0.007553290138543508
-0.07441705180152124,0.018139260076113595
0.027577997895221754,-0.06881116899604597
0.09182697010793393,0.03178561524658653
0.0029699247176915603,0.03050856564037988
0.01710926617389634,0.016872429753664774
0.07340749289940356,-0.05892722324356233
0.0023698149068758717,0.0075770808400681955
-0.05924016521635956,0.012733806899701229
-0.044712185528565415,-0.02376271913832093
0.0014436576908270831,0.02689422300008881
-0.01924937366746733,-0.06367822873374547
-0.09110734624349504,0.007268784292851467
-0.044445019315953495,0.01792872721048996
-0.0211342012643374,0.03986491890862711
0.025992574199429058,0.037702881441756236
0.040142459955769344,0.027377546203372332
0.005428877894664678,0.029697700720007946
-0.005082342145097916,0.028708007805263558
-0.015141047537024352,0.0737444065394687
-0.040263572003165285,0.07765834171392624
-0.022637329984430406,0.025602186167988882
0.048586401325176415,-0.05253222321792368
-0.12288557333370628,0.054606309920679386
0.013322457303196476,-0.01247984214017486
0.08251025429594899,-0.07833809637956417
-0.12559649937173908,-0.05206695239829217
0.031649051485564385,0.024108603947602718
0.030011718091430606,-0.004120260282216626
-0.046502894436326915,-0.06428756339318475
-0.028272922197836312,0.035781653886251326
0.021245065529035725,0.03205025343307734
-0.1018071196057937,0.023142295126301206
-0.10161635881846146,0.01211093383836216
-0.094805467255953,-0.005593604779538571
-0.07129428466325552,0.023343538677031067
0.0018816409587723761,0.03295725665930038
0.08850380237347223,-0.0026990690520580334
0.1037569548874968,-0.028688360990305556
0.0854783278283889,0.07677046734137918
0.003913451335963708,0.06505666038287947
0.015753051991744982,-0.01521621915461673
-0.004129094506416919,0.07242537892962331
0.0091175465383008,0.03705589144607011
0.03528292068362606,0.04742043829113803
0.007627499145409013,-0.05974749747494834
0.005605351359232482,0.01056466835537329
-0.03367690844415382,-0.07280902119151174
-0.03180653236183534,-0.0904863276036082
0.0829337700778524,0.04063651673301906
-0.0031259179180267074,0.050522245228990355
-0.07861595255292038,-0.006696195419954138
-0.024799596006719424,0.016628552200254682
0.03979711632343649,0.02011232457012692
0.08284582735296996,-0.0742607480340134
0.06520686666334553,0.02387688895051968
0.0694404580925166,-0.03317835013534258
-0.03235483431097562,0.020583894458760178
0.03606689466200706,0.09101423549397816
-0.0005546360044939649,0.0399297090363504
0.03810855947690923,-0.04364596910380285
0.039678048907746184,0.01053614732398876
0.06130332113263899,0.07337248138554223
0.0690280279862853,0.01704028915182122
-0.03417511342323449,-0.03379968759695765
0.13947062878193092,-0.0216732674516906
-0.10798191295356233,0.01570213832467588
0.032303370941920845,0.026417068118650737
-0.003826085022884309,0.031997907893351635
-0.03815662045600562,0.024974144622328314
-0.0022023731891609444,0.029438401807639916
-0.027061606771886123,0.034240494048226225
0.0407197729815722,0.043398664083868055
-0.014254419945189393,0.07257096950589663
-0.02262475054730046,0.12361442430860943
-0.04441099133891889,0.028064109371967245
0.033291498197408315,0.012815199243941582
-0.031852392406678726,-0.007765009857817265
0.06811537683541626,-0.047452715675231766
-0.08572598356063056,0.0022419267229138173
-0.00852312437006134,-0.04939497776913085
0.034017056796004565,0.1008771301206919
0.05539327137110871,0.016624249408031984
0.03760422916369271,-0.023377693509658036
0.06844233477520054,0.04918753982935836
0.130129374395661,0.10699551090885712
0.012435258494135518,-0.015633028233216745
0.009515535029493746,-0.06570001259431124
-0.008181672420524852,0.03515655003043538
-0.04605306981015919,0.033423846910956984
0.08109983594093924,0.08915574804030867
-0.009821718662975008,0.11295384291840885
0.05687414970407319,0.03318964478508219
0.01788158805680738,0.005147237744573097
0.004522813311978756,-0.0231290328119855
-0.044669552177713574,-0.037682136419676764
-0.016169984635493805,-0.0016596882955654362
0.01239391423359575,0.03706168937236615
-0.06493911453001736,0.07587058255174525
0.029256892088275005,0.017277172101411185
0.004405202628382197,0.035400466024769026
-0.11137289292612372,-0.015148728745156295
0.05646065917585161,0.08424131306703012
0.006402554816347208,-0.025361977310217457
-0.013016445638243255,0.02912807813685174
0.011350393904076073,-0.05603370998642222
0.06936535165390705,-0.020932099111687922
-0.03294721264528287,0.009102778377590852
0.07284918793042658,-0.07696970053339057
0.02331612453347509,0.1266031532407401
-0.006714201557414038,0.026023705553293343
-0.0075766773636494235,0.03149968811780056
-0.002393609998648863,0.047854679241013345
-0.022977291748975743,0.03323010292738331
0.07418904902954268,0.008953235980847674
0.047842032969356456,-0.029111907398449013
0.1406976088990411,0.0188059802901687
0.011740890504808994,0.03342486914264632
0.006091071953656777,0.09469437846045828
-0.03128347792719111,0.018670299323706195
0.018939299221279366,-0.08846167192189613
0.04409648107606651,0.0023698926251791326
-0.029505838485959144,-0.014924853150175745
0.05304993547914591,0.10682905343731045
0.048954158942962664,0.0031947911202196144
0.09867374638673981,-0.08887630458721728
-0.02965029795652468,0.04471078458466514
0.07621010087940128,0.07412226180232726
-0.039510117584384684,0.03581745548936964
0.10035641859715948,-0.030004408634388892
0.028818092763190813,-0.0008388412591090813
0.06137690757786288,-0.03566201054286253
0.022707088807575312,0.043243609111407975
0.002224695693156113,-0.06775044395387203
0.018990895777956117,0.09851175352663519
-0.0025373541814280517,0.06652076471104379
-0.022546634302801898,0.09728051364147564
0.04822090117694305,0.06328252714867152
0.019612984951969028,0.07490822793944214
-0.0390526793153776,-0.0761989397354742
0.013812981492581939,0.031652983837288165
0.05763247398939097,-0.0022480558425292604
0.024880177780665588,-0.05144576192902332
0.05422197260202395,-0.011935765689458179
0.036073235649515055,0.02588222020905418
-0.009483046290966064,0.16853625855168616
0.10123400926418673,0.020573267800415306
0.0474687426399803,0.033850223084189404
0.007580431415424412,0.03668304206652993
-0.02995355359109289,0.012326383399429557
0.006640670669701164,0.015316054597858323
-0.07697237797873646,-0.08000373623399616
-0.004035245141905869,0.024102122713226738
0.08369093884263078,-0.023806013142769606
0.04700071049202014,0.05646681229541384
-0.06131722794929509,0.01830718718924463
-0.01423066711423769,0.07587887709606977
-0.011394870302081951,0.05764846365034829
0.013886194936082232,0.041199818757119484
0.052838548174319676,0.07158684162300409
-0.09008585900804983,0.04899309215413766
0.04182673411575901,-0.013363989644143004
0.07161156007112986,-0.09514823293475866
0.08272086903587239,-0.00025630281557606147
0.015135336745442814,-0.0018899449348349553
-0.026860812828548422,0.03228335776665703
0.004112979870003533,0.031506573863992235
0.0014516436749418184,0.03540826405496063
-0.0005373885403993361,-0.03763910969394642
-0.04724524919379185,0.03258429962496788
0.01827352627163889,0.01404497926232124
-0.011828008880697691,0.07770785468799526
0.053546343396135,-0.056413465169387736
0.02103892399188826,0.02197353864925384
0.10486751949265685,0.11542135500222096
-0.1000344118925088,-0.048559486980884144
0.07545482801910343,0.016302579544259593
0.005369542327761762,-0.006191913065198198
0.09278626011391736,-0.05010436844890928
0.011645791283132166,-0.022255252302646786
0.004011619225002842,0.0023948263552419973
-0.12996250260274309,-0.09585289005856501
0.058973601934705994,0.013431243706659756
0.03999173064823012,-0.09494837818464533
0.06283126199966992,0.10049552297597114
0.06492781205970247,0.003352757155785922
0.08322846909118867,-0.08830606475218587
0.015820478813055566,0.017422408678706022
0.04102404084302045,0.06360559316099769
-0.03111502126827315,-0.010938912927521041
0.02849059178884085,0.10813213823208437
-0.005251483509573962,0.010230304655572326
-0.09642276846012676,0.024014582413046354
-0.09172338282639769,0.014818974372809218
-0.024216409421995162,-0.0017291456878991609
-0.0839055593926394,0.14206398768963407
-0.05688200458907173,-0.008402879947110801
0.03461826321202004,0.05247405713848074
-0.06223540892266313,0.034165302741210664
0.02299116471430359,0.017527799827742285
0.017150471668489382,-0.015748851968784474
-0.04289888264298312,0.022631496113934238
0.019484120706542037,0.004484135114152905
-0.06530937955444038,-0.10592867334715635
0.0773748988498072,0.056121131847146295
-0.004162069204127508,0.02352187702652315
-0.11047845506528794,0.035564118734238176
-0.017382356608816523,0.003743762309539634
0.06418011705852483,0.016464236598212865
0.0020328406340469497,0.010791725100072733
0.04683052246605933,0.0046237094720965365
-0.015185373238529547,-0.07023716762763413
-0.03677960332914022,-0.016684495055908178
0.11235129743999459,0.09028735729304263
0.01867205145831096,-0.03803561082943387
-0.013752456907813295,0.01260245247625203
-0.030111459602252696,0.05230260847994337
-0.00804486964398705,0.03618344119640259
0.01934688405941749,0.04644327737759241
-0.04137292346993354,-0.06358787036446022
0.029805682737755707,0.03368924755820405
-0.025432369003886193,-0.030947917997410285
-0.04730581239049999,-0.05545178345954809
0.014109229027609633,-0.10038618157514043
-0.005898212156753915,-0.032037366373798074
-0.01843606273614882,0.050104581901101564
0.03655213860642342,0.02491212294658656
-0.016934125786042916,-0.02102773270137316
0.015539189277487821,-0.015121812819661368
-0.02436475211755291,-0.11352492729474398
-0.07349945316465856,0.04427908482613556
-0.06918907762769387,0.03702912307865511
-0.049506733425373595,-0.025953923027063574
0.006293787807484975,-0.11247349244375916
-0.01050521318695098,0.003804281303478733
-0.02781365165066449,-0.11998386070891023
0.049044849108333,0.048385782295745125
-0.08245999199314975,0.061728210160007305
-0.02169771812759179,-0.03448197151485696
-0.05304609466808545,0.09025552050870121
-0.003230655030985099,-0.05404910151721051
-0.048687768712330395,-0.06034921267108025
-0.05646900044207976,-0.08994986517815805
-0.020858978759767492,-0.06481900587337089
0.033703427276755876,0.012084787945426903
0.06953571447848972,-0.05922439501147353
0.04625528950017835,-0.07192892758899552
0.03672270108452737,-0.02067951209751451
-0.11113054076122925,-0.016347718943562434
-0.09094004749787525,-0.00015016415270410408
-0.013723007614646334,0.016317188380153842
-0.029113949625248214,-0.024036057281273344
-0.06312256328026941,0.12071055402590651
-0.012927853471078105,-0.15058369188814297
0.011358903997158392,-0.09682439722727298
-0.06856964073383862,0.043855389443635914
0.038559794538058786,-0.12972366197343224
-0.14005331668876336,-0.03467579856753086
-0.010607354692918937,-0.05131271671742817
0.04687437886467685,-0.008059838670167841
-0.01597982174530703,0.0048171745806727395
0.06958725962928168,0.022940636953291866
0.0021682499703200263,0.0479965733163118
-0.06832775087923645,-0.06073159169491902
-0.043315439663695235,-0.09184308130952692
0.014935053608024468,-0.003426594868975539
-0.08138626308799565,-0.034230069076064865
0.03917683127761665,-0.021612142863414598
0.008156245631196157,0.0019340460036938456
0.05266402578022972,-0.027740299468470182
0.028276935105207197,-0.0512837751695549
-0.03403990596410982,0.0619968554342175
0.05762745984393413,-0.10425294054296486
-0.055144439682391924,0.004463792058332992
-0.016659606303790972,-0.07258465290081473
-0.02385028076466796,-0.030967699344938496
-0.030321283270492924,-0.07468845170009049
0.07119107476688286,-0.09361044576064108
-0.047105175979222945,-0.06748585012739544
0.009146902774229217,0.026299619581581855
-0.0120982236746612,-0.07125285591887803
-0.056196178079544995,-0.05434467058258444
-0.04067265528732701,-0.023470206500746778
-0.10725234073722416,-0.03720089800027861
-0.025843107922892128,-0.008231639167275661
0.008383574948030104,-0.08304303075088315
-0.013386518759008195,-0.06460509280530913
-0.013448196750895855,-6.583728890637713e-05
-0.08470616809418624,-0.11376921273316357
-0.021213022075442175,-0.07260710981830941
0.009433388739246366,0.04590116095340385
-0.10500992001900487,0.013171370075716584
-0.01805938282033765,0.0662232055432383
0.0007463831831731674,-0.05814737885807312
-0.07150384099615187,-0.053916794357265124
0.04257474959005431,-0.017587991708798177
-0.040945042049074294,-0.1178215438253298
0.020181816119622983,0.026671706889981293
0.02829368470268668,0.0060313075439487294
-0.025199752168995518,-0.005646867917883868
-0.0965876352067383,-0.08062056633423084
-0.005684330387257323,-0.04997218334857925
-0.07312916167082242,0.06922110106785608
0.04277884825764293,-0.027503528054066737
0.04289926866273394,-0.05041691015243406
0.0365224741798566,-0.05812814940382445
0.029309999310050162,0.008662502688529548
-0.05702806345080039,-0.022093987507481375
-0.1364164831539588,-0.007291206738505418
-0.07419052354629828,0.04467951862295981
-0.00047946204761728853,-0.047015279523272654
-0.016997352820391203,0.01869440163581129
-0.002376556181515048,-0.11664811765848267
-0.018038558338597098,0.09747251576893062
-0.044940787403099286,0.00682019031248237
-0.04725706894648492,-0.05025791046461779
-0.06937958647133154,-0.01970447966777346
-0.022618799906542555,0.017276736948843126
-0.0014170881221115365,0.0022605943345162423
-0.06627894477371657,-0.021198089071699733
-0.07927186794267899,0.021872900050598523
0.08171067476703783,-0.008541033775723877
-0.06478422296201504,0.05387492185267943
-0.007590617901919198,0.07020751682157811
-0.005023424977224113,-0.11218958090742645
-0.012270236958729832,-0.013302650305186504
0.03226483253247007,-0.08727858847198164
-0.07339240131127527,-0.017058816197401464
-0.05424562804292415,-0.014054025035871616
-0.012099052596764283,-0.031108492044946517
-0.03749157712068216,0.02251245525499969
-0.02122694785852581,-0.03152853998894641
-0.038053151278694124,-0.08836885680886608
0.028595511222325173,0.010051448303639545
-0.031778957846427404,0.038999246123516844
-0.13005023296486323,-0.09942537700514263
-0.11773411014067439,0.0060688600870761195
0.09086220960550016,-0.014170761178127498
-0.06526921071135587,0.021793501071801447
-0.06573585522965118,-0.03974360564124009
-0.06541360991351472,-0.009362204033762004
0.03556766605245197,0.02019073361654138
-0.024262841853030355,-0.1391548195262525
-0.030738763454769433,-0.06477534306160401
-0.05300870610621966,0.04715006599435113
0.0035466710657374185,-0.08544196308777803
0.024267120853319186,-0.050102295049825316
0.011596973598998498,-0.039510364768244474
0.032409087232408665,0.07010671965448614
-0.0001844666981223736,-0.05056782433919232
-0.01694410807060695,0.12229994851599665
-0.031506018428928625,0.07554525597098828
0.02246192766153088,-0.029950178754323493
-0.032820889933713106,0.00928089827776112
-0.08800913481823482,0.05871588390194282
0.02463907361869657,-0.025922466068401137
-0.032371987448291395,-0.08887587768090402
0.10978006528627662,-0.048503603538492666
0.089100563448067,0.06298297440257168
-0.17315934780231645,-0.0035657616993228676
-0.11420151561006875,0.07024864554793644
0.06662903564433263,0.02000546485250549
-0.056303820642397535,0.07685362533159028
0.023896305199088565,-0.009446597414920042
-0.06679688952466278,-0.09258896663605133
-0.01594424258151299,0.05305154636768762
-0.044000697371440994,0.05815175149977707
-0.022754811166737242,0.036583291976664434
0.05386281090686276,0.05382545591775849
-0.01226037013247962,-0.0015516504536471267
0.0512197120933648,-0.00930060053681724
-0.031871122110552,0.05125913224263073
0.09825249792948945,0.016291353876051552
-0.04307313451846391,0.04460940519269194
-0.023117880912016067,-0.002801371546909727
-0.028474964079603184,-0.0002761962870288896
-0.004256848856156773,0.018608895026253753
0.029273185680661028,-0.04314439521023435
-0.023425994025956794,-0.09206064401857889
0.023774015641023043,0.02091447536115411
-0.014061612403612823,0.01594853689434346
0.028805278321583694,0.09540375197088206
0.005530433197752296,-0.03211011504479181
-0.06002524062823451,-0.08746395404354383
-0.005301746175973371,0.01717549513565344
-0.05619773812872698,-0.14575993218522393
-0.07878045520432932,-0.058445982867388585
-0.08358074272672612,-0.0006865569424109094
0.04251546711294807,-0.01968041900680965
-0.03395782033390252,0.037926492616599826
0.06211280094031593,-0.0284429473280917
0.0247292098193087,0.045849126307430245
0.01942706566424994,-0.02066562211194264
-0.0524970859489427,-0.001598978562907673
0.06691975273687759,-0.0648069926539907
-0.04373765607676721,-0.10340795215934227
-0.05151931032565241,-0.01162831662223864
-0.060909666615518644,-0.034030350423789074
-0.017539834115406258,-0.05595476829625372
-0.0697214172683088,-0.12009144018362916
0.03068066772502445,0.07329418988352904
0.034740655397811425,-0.07483627029689473
-0.026591192121372394,0.005611294763986869
0.001901131857375725,-0.0773704295390349
-0.07821842777586309,0.0799348605392365
-0.04850463396562358,0.06097132686876251
0.02117416760923064,0.021317776659190307
-0.07437291554167295,-0.0027287084336148704
0.004774871374071602,-0.014657406525410047
0.007741195263816525,-0.048576879210005135
0.040733212056169775,-0.043737344504760384
-0.05716966766899237,-0.011914315207545432
-0.009782359022821435,-0.03684946905212954
-0.0716361072308438,-0.07463180498138418
-0.04818533722810712,-0.05756079676948428
0.010610547732202873,0.02750598870310574
0.01964124576055616,0.019188820622533555
-0.10458870307835179,-0.006386545719857841
-0.01750693341173632,-0.018205840900105713
-0.061657985235343535,0.028417245939207424
-0.07489805087933774,-0.05527621549596553
0.06196905737605217,0.0675217725019562
-0.03655200165843502,0.01058615034804625
-0.009931405381360683,0.04635102250853558
0.05856841885448927,-0.05867668626437626
0.012193108994013945,0.015673818744946312
0.010220882193106474,0.031399559023686234
-0.050930297017483694,0.15254445884809195
-0.002537959786506427,0.04097184806832301
0.05257131322022428,0.023335858571387782
0.07385836057670765,-0.016614240924121875
-0.03359647289393469,0.06345875214444739
0.05453058844684607,0.05926440288327233
0.04300204344217799,-0.023752834148300643
0.02218208111639544,0.014264140123033333
0.04584162579766284,0.014710733651355574
0.02381252810378215,-0.032765459781482945
-0.014849534767364054,0.0028954052920539663
0.04488265659366236,0.020153859781868115
0.028335708601129828,-0.010313459072259496
0.13278524329219096,-0.04690117730685574
0.009047687950700834,0.00625531295362401
-0.07120282961415311,0.09017006828974039
0.03636124477511396,-0.012774310720366343
-0.05037807288214986,0.07394572282658526
0.061070263032009554,0.07067210999167137
-0.1010610609982014,-0.010825250379926139
-0.055704176483301344,-0.04326504011892641
-0.07723404584923495,-0.009170377213397113
-0.01840385687414403,-0.02426007151498301
0.005109968240607055,-0.04381421407511802
0.05464018608110374,-0.0546060382079215
-0.0756050681705555,0.0458934168627044
0.046462628511180465,0.08888468707059403
0.0711563126959242,0.017055179739592793
-0.03387412827333796,-0.06473225208436927
-0.009207437524106328,-0.04477609101489599
0.035342065531773555,0.003591523650551086
0.0027307869251929646,0.0849118820222647
0.061919078782190724,-0.10563512205614545
0.10579817433723701,0.040343696073220345
0.03240589029820119,0.06828359092427244
0.024772643444326246,-0.025802275520320873
-0.028179027039722426,-0.017425403490123784
0.01960058006712235,0.07250157909024516
-0.02483993909457175,-0.09192146004837935
0.0998210284977926,-0.00532160467459886
0.008495913316086741,0.033027918499705614
0.03850003583165702,0.12763702474646524
0.027711273577825456,0.04149654841053721
-0.06591174439465225,0.03254703169771052
0.07011067165201176,0.05001942348586465
0.02454943954111921,0.0820687692819765
0.05234340222454843,0.04604634663691973
-0.016156412675054806,0.01854163144726707
-0.011123957619429324,0.09936011862964894
0.048832032422017106,0.06443869583890298
-0.04271866539928962,0.08030981522750602
0.006981008044628954,-0.06578446089167679
0.03481452952065578,0.006029179502222825
0.012313983386132314,-0.013821344585085014
-0.00027478287005451227,0.03404127512265727
0.11649634000173653,0.05123547907625395
-0.004419061910513885,0.0011097077718177292
0.0715854530574077,0.06427179646902123
0.028712910112482525,0.03312494667418371
0.03537993029053091,0.0594662495949964
0.048945956720636404,-0.04664501636835046
0.03667906246414925,0.10708770653231064
0.0595170947688169,-0.033434173435027435
-0.04439566500262583,0.04098692294727517
-0.01555320755615399,0.005190393852896609
-0.033402069386850114,0.09041520543796541
0.04915494564888727,0.13030594628292091
-0.04542827866785727,0.06488928347491368
0.046439871589055534,-0.061283738915394
0.04269915867314711,-0.04215950479422334
0.04617886410223952,-0.03627490094587352
0.014317608630780758,0.015178850180388153
0.04785490498133638,0.041790687027231016
0.03167761027722116,-0.01131732077404058
0.016615010604425936,0.043851146951668765
0.08909986814153308,-0.013933424508145172
0.03558276250425322,0.049899973836186565
0.05241132047241019,-0.04129340400883037
0.01709249364400002,0.0791124903709826
0.026545967806723355,-0.07137660038362421
-0.005930989207715204,0.13458919748216272
-0.004544351050623181,-0.07247636775715935
0.08269084958869474,0.015255774053351427
0.0204923995513745,0.023948831477181583
0.03058195694772569,0.06410080063249905
0.06203046406947092,0.0699294052992008
0.04292258720622609,0.01841303538815265
0.027702165927781654,0.04398551526078484
0.009234672771691783,0.01601055282035433
0.09732997299398022,0.012737052899990896
0.01861929825566926,0.05195881658417201
0.028126532638558882,-0.019787235921713022
0.0016227603711627854,-0.09437334730612902
0.07585619547074574,-0.06414759793712577
-0.07450564499816693,0.02331274070534704
0.03940716973398528,0.031476290358441975
0.05438553333939429,0.05394857506171498
0.047711456422000184,0.05496510717066376
-0.013720714275462741,0.041984641641163334
0.05632155946974758,0.07192947091276652
0.027338225797516005,0.022495550534305773
0.052297489139866184,0.06741495497672068
-0.015397911099455909,-0.04651233548621606
0.07295979564671526,-0.008798333442515589
-0.001222841368571717,0.036879078781458394
-0.002812438236882441,0.05236252889248573
-0.051927017069696935,0.010735767240398972
-0.014102083767000888,-0.004479587543147454
-0.04140106968560381,0.14177784691641193
0.021437929071114664,0.013356487522406937
0.09285425603664864,-0.02008909597466111
0.01962701793536947,-0.04910736048422168
0.035288254755808816,0.05010855808035869
0.04690952696295492,-0.005043940258143021
0.01620111647720452,-0.04093208446628284
0.04842245214001813,-0.020255483997190824
-0.027317796382820635,0.07935108538535576
0.050746378594085324,0.05918474569214447
-0.07764998145168989,0.010117408649315523
0.0025711157377480837,0.04764648465588877
0.01683315458798197,0.04632908538514761
-0.03516846740572375,-0.013650667867207648
-0.03400350441610022,0.07543050007417196
-0.0613421947176659,0.021108124531660562
0.03517856166812362,-0.05909700459837801
0.04258537356197501,0.03504550007623861
-0.04445126035609995,0.12037447930375315
0.04978405078015147,-0.01666239643441019
-0.06481574782615004,0.025229370538612503
0.025416687260615432,0.12527622894131116
-0.10411167589605344,-0.03572240979047439
-0.02656379302444148,0.12349438504508893
-0.07685084154409788,0.10635502748639278
0.005325869317984237,0.0941957680658367
0.07065199761668586,0.11846207215291325
0.02839094699596495,-0.035971661436141014
-0.029143864945114832,0.050324120859406456
0.041018695888958366,0.0436884903211606
0.019042638819597377,-0.0032635704025115193
-0.0017958533022408556,0.04024857705823969
0.04866832193037941,0.003268557370427332
-0.030496608317044448,0.0015937725482499197
0.0844997395760088,0.004607811118601732
-0.017834449906647662,0.09922657124334122
0.07570212634690875,0.002840890175986722
0.013965192969788976,-0.02566623626917741
0.024246727990769067,0.026382556110043552
-0.006176005885402172,0.0343040295509371
0.10403727315407779,0.06325916538962867
0.08353348513021605,-0.04816198238135637
0.06623343895164106,0.06332416089048129
-0.01751362203254061,-0.005119225440084352
-0.051180710001051975,0.06018255856436998
0.030568701207692263,0.006261576087667571
-0.035283586624503475,0.013110234975797417
0.018366505897039854,0.05701799724054093
-0.07057155244922815,0.08060313080812748
0.03938160967381008,0.006763157123629338
0.013378144642915504,0.0075298001509566965
0.021598078705963527,-0.004759659782986416
-0.02505944266171834,0.05921461374853404
0.05796566137659892,-0.04807359005607804
-0.0739216624429968,0.028444140375312534
-0.03240988925959111,0.00539973052225403
0.07321163571797196,-0.0062516250002951895
-0.00482955746147359,-1.0258235797380721e-05
-0.028743487920610235,0.016904838605420695
-0.02537687512885961,0.05572692744801996
-0.025985367298834258,0.08338270399185778
-0.02703039499535464,-0.011409511169492317
-0.10108461724561908,0.019174704728266823
0.04765696393206441,0.06345764407187007
0.1370474477052404,-0.04917549435785792
-0.05438013177193388,-0.11068779825087702
0.08990510913175952,0.009841720728857618
0.01845581898272841,-0.06050672866423627
-0.027817302809684297,0.05141199062697545
-0.013607321772422423,-0.008956560013835385
-0.05951142339483692,0.1459220634411004
-0.028784996435894203,0.058486904112816644
0.04550868719937502,-0.11792353013814597
-0.06509986635317598,-0.05825954561931401
-0.056393236215595215,0.05807752989510973
0.001953957084572814,-0.081541519099392
0.10845897294158482,-0.06510631197337019
-0.06606524992647322,-0.02072819435939599
0.011231364481462315,0.06880895503413725
-0.0615789231385627,0.021025737555972063
0.020675986921407437,-0.008867834057510607
-0.08982495605820447,0.038422876092040495
-0.12094455563694052,0.03189964885884807
-0.08197135159772326,-0.06286878908993583
-0.17510761696761662,-0.006612043098897712
0.05217102900297382,-0.021837653744547075
-0.06907678173013293,-0.026172401278860793
0.02324705315247263,-0.060882381712997834
-0.0122657516696803,0.0251822541148676
-0.04703797559603375,-0.04603116796309145
0.0887582128916687,0.02388062127717317
-0.035340072214150156,-0.06067950899413833
-0.08140546499915269,-0.11230847924590108
-0.06160586990229244,-0.029932465915429866
0.03796280960216065,0.040538259885194335
-0.04511461198886668,0.03306123747138218
0.01194188180723994,-0.03881877904321212
-0.13170802252546407,0.02809609785006755
0.07576478647045316,0.04953346863292046
0.034664274657386904,0.04601011068613957
-0.022924279874580393,-0.08321320428889006
0.02016944834518157,-0.05185232847264405
-0.003516649197888219,-0.0012657290459858403
-0.09439163187897498,-0.03579588831976663
-0.1189181887023302,-0.045703145455051664
0.007996801201776092,0.08183364375900636
-0.04664759903126481,-0.04491543201232853
0.062044246630963876,-0.06326031709864757
-0.05663716930243471,0.07042312032774264
-0.0596650839195835,0.05143471583038217
-0.0281829044062435,-0.03402548231037886
-0.004193465978599233,-0.04773212319371838
-0.04102875237966182,-0.000990514024081679
0.015696417700485896,-0.03621453655097686
-0.020056885055313473,0.07141308200838739
-0.051915713363233584,0.01812600665861902
0.06551811750934294,-0.10882284264535291
0.04165297770814959,-0.0065561385726923
-0.04611028500678284,-0.026413270920010244
-0.016463922215959388,-0.03818658056959039
-0.029427941227072395,-0.0908696435516044
-0.08485431240080321,-0.050899225290036716
-0.03406529529455727,-0.056234341933248735
0.00985259655536686,0.037421953457136614
0.031478375325652785,-0.03869896210513359
0.0043313512963012064,-0.0171068226234009
-0.06590375040114636,-0.033210742947516365
-0.0417586894608029,-0.015162056165907122
-0.04420807514081259,-0.07797985587566027
0.03502911684894293,0.0007975330231865356
-0.08286716501748814,0.054294527086274136
-0.12887694099290128,-0.05042971455391698
-0.10051802900769502,-0.07687932861206037
-0.02564336976003226,0.017365509271356085
-0.10809192139150757,-0.01730195148148293
-0.060935442172672466,-0.008699509590483016
-0.02135620172555896,-0.004473299583069209
-0.09648949606602773,0.012513654995092657
0.04991328888916507,-0.010767499794434183
-0.08184589232299008,0.03903073021365333
-0.005782988070385275,-0.014197193570322512
0.038617244689041624,-0.015687045173392068
-0.0012877359606842179,-0.04265693281667714
0.022766375444467118,0.08683278941634236
-0.03621170217731165,-0.12506538272940632
0.03226371107700829,0.06337187327360064
0.0629137200297247,-0.003999659762796757
0.011890555696597912,-0.04879607892685333
-0.022799839090259753,0.06473291102875783
-0.03139360374233846,-0.08269692977094438
-0.03605357440897918,0.0016963345736737516
-0.039581741922661416,-0.029141898917096617
0.05602178659208118,-0.07093764990271605
-0.0586421993254571,-0.026227080794640565
0.004825873381854272,-0.0143355105883658
0.044177466707221225,-0.03584377007860329
-0.10065183745847317,-0.045197838387339095
-0.05745580172376637,-0.044393490659944745
-0.07551610540445411,-0.036814531987931796
0.007528683564540336,-0.07220657425875751
-0.07557390386549388,-0.0064389590965922665
-0.014871313516697245,-0.03137113643592296
-0.05495201360650026,-0.018837545068315698
-0.09199644643341229,-0.05795111564775271
0.05484454068852552,0.02898128492394434
-0.03987405904397484,0.01822381937500952
-0.019172098399104984,-0.0015715581402919836
-0.019842873690010053,-0.11132733323944571
-0.01966737575659983,0.052898308105498684
-0.1054418608453975,0.022043276814684633
-0.01160910191347122,-0.08763330311463083
-0.03616645772506147,-0.05344360333921121
0.011148940751951116,-0.0006500206676551337
-0.005976764164183336,-0.029635836412205734
-0.017786252033265018,-0.11516249824504338
0.010853853472856455,-0.10942041272604118
-0.02734296267948684,-0.00939867002827031
-0.03632110368599721,-0.016695893178624115
-0.0029632934050254113,-0.12177613491436062
-0.012419417377131023,0.007734528795185876
0.013071196474014994,-0.12291111626531452
-0.0499458681750477,-0.025789929794967126
0.03217812636153966,0.023832329496489457
-0.028462566922200033,-0.03777103929030268
-0.015765419714023766,-0.033873259392864466
0.019496755205594705,0.04642786326793365
-0.1607669902991121,-0.06817642953820015
-0.06189727688487233,0.02104814044754768
-0.11104873706447854,-0.02523224290159609
-0.0010947686531767795,-0.03428437126230029
-0.07291164910856668,-0.018285277489383637
-0.058091785210394146,0.012904959229892626
-0.028896506172851263,0.04491273973753134
-0.068924367022509,-0.022517406057476236
-0.07912645399918394,0.007332571012869115
0.03375625435939887,0.015870582906691078
-0.058943210085696536,-0.08560760222980855
0.003213553321824797,-0.05955352954681055
-0.04357323731506389,0.007466364840232158
-0.11693802084017957,-0.0012901827702239549
-0.07029670055288961,0.04668924906213317
-0.02758850290136819,0.003429768557019458
0.050436029822231755,0.04223958381951124
-0.05093600662963417,-0.005394113617030039
-0.04532309977215347,0.030690061098201757
0.05079752804105499,0.031131590235883123
-0.02171412718521644,-0.022243939073354816
-0.07554456090141021,0.03430588836404719
-0.11719617790573185,-0.06538918573631494
-0.06581280432087944,-0.01745639231068557
0.00906286278701652,-0.0496372805920056
-0.0029735260599458736,-0.003069415274765461
-0.014486274727166574,0.001554202377660104
-0.03534513698372186,-0.011774645346098327
0.0033321925256275062,-0.010556831413972463
0.013987001989145494,0.04824074798527203
-0.005120548531650657,-0.01610798965744381
0.006075243750368711,0.035164828863614245
0.029062950545887756,-0.03524668083297049
-0.091241782535393,-0.049692161014417924
0.022040837426465586,-0.011930997666362901
0.0490717678858615,0.017729037568047185
-0.004259941659463097,-0.041876812568038484
-0.04108671162193696,0.0465274332904837
-0.00459609131649188,0.006459774475159719
-0.029703633519591453,0.07281564288711084
-0.08513831153092172,0.0711817104057312
0.0005737717595974984,0.00020811568105761312
-0.08138044790304486,0.11908216308871263
0.010003521116907688,0.010752319967136327
-0.006688044166333094,0.0685511476838801
-0.034154234372125884,0.012980588224703623
-0.028975189149375087,-0.017222198006673364
-0.04852885535671485,0.014148764121441846
-0.04807054472504122,0.016145456321924413
-0.013708672086194484,-0.07300309594613232
-0.022971401293854287,-0.05134474201623061
0.019106727795720403,0.049529401438422466
0.006112188992959889,0.02333896799772159
0.027565983831478246,0.02984790383335083
-0.017895680242037096,0.02305845201949982
0.08960252522338077,0.03275814909507867
-0.11773671469786873,-0.08114391623932131
-0.041688798888566594,0.0402637135978227
-0.01937046103369247,-0.012173390782555929
0.13620089100101415,-0.0036435934453812246
-0.005618396606042021,-0.03536049131773069
0.08110140322246082,0.019980377831195197
0.07305922491765941,0.0005297010498013077
0.024737448630992864,0.07392723427013644
0.022866220618669608,-0.06356902691098718
0.04054383698848134,-0.06010916066365156
0.049249013184037876,0.08271596121237024
0.03352801729006846,-0.04120917057746822
-0.031910475238757105,0.004131273649685869
-0.07838314369964906,0.027476859895905835
0.003530829580036867,0.058988002489460005
-0.044112019862777956,-0.050321608760847715
-0.02718537563125875,0.024850579760646856
0.002536352531695289,-0.05781776892056468
-0.005241206173438192,-0.0760757071673324
0.0034328033602522325,-0.0501752951614231
-0.062234695734122526,-0.06964496609762592
-0.02222746591735437,0.013593253137032359
-0.05635162041987427,0.04808643076587388
-0.008340958449481867,-0.01767824104203591
-0.0827845516610409,-0.024957490997526238
0.011989973617938618,-0.011193957051860264
0.03377711769869767,0.030167934886080525
0.08268078790669918,0.056891647463672396
-0.07207600974722525,-0.06838304760121144
-0.016008110905321626,0.09878238313821959
-0.010741132691901287,-0.05403689570080561
0.02369683702734036,0.018091125901102893
-0.030027774591091762,-0.0028551812823788838
-0.021788605623628172,-0.055757540019857145
-0.0335283000419846,-0.05963253211426032
-0.0062855809733282425,-0.015476426563321152
0.03161684501221566,-0.08229402644083265
0.05154708865357484,0.011704968365305393
-0.1131763695178705,-0.05124568880488049
-0.015039267790122091,-0.04397149418315888
0.030808462543323846,0.0355556558647007
-0.04382428317891623,0.012509294478059863
0.009340426400833973,-0.04126907632679257
-0.02362186704302853,-0.061027647050601146
-0.010813405008777161,0.03479947716977516
0.1124507788858347,0.015633861797583873
-0.03966300100762896,-0.10007355118564729
0.06947993306294471,-0.00437875959038645
0.08712282015894729,0.04036329167945374
-0.005599524553950205,-0.015623731557977387
-0.04009914106120793,0.07890066864609521
-0.04433286761024075,-0.05908213920060452
-0.0013785598565261865,-0.03246780883781619
0.017832140608095466,-0.03103494602920195
0.05727509470643386,-0.08165237059005515
0.05096180152103197,0.03526783402924956
0.07938894746879828,0.017059278641901165
0.08043579013989827,-0.09997783852782398
0.026704289516398194,-0.0585328426551207
0.05051572276914337,0.07045276907283306
-0.027762606030593516,0.07195397005979795
-0.014639322220976336,0.02646962934354931
-0.0004897844119252284,-0.016700689019141114
0.03066839285695215,0.0971528436645188
0.03619486408839952,0.020126127920615897
-0.0457148388674927,0.1234045404681525
-0.0011482758196487246,0.04473791979431284
0.026117157490209396,0.06249016203871643
0.05130414018636453,0.09847248368580286
0.011556827309778578,0.04412163050395831
0.07755097890516702,-0.06829554173517466
-0.03125559759957901,0.05902009666462413
0.05253721732108619,0.04860871250140583
0.020501313884907613,0.0012928710576394203
-0.023379181157678564,-0.0010352442569868895
0.009284566184264483,0.11801130329153776
0.013237549839855275,-0.0009207020322125649
-0.06567549278361662,-0.010440671064655595
0.04215230428801242,0.0515345802267175
-0.00994460021785365,-0.03207575976907112
-0.056484086623015774,-0.0007949690337107611
0.02633312590236952,0.03333545891358051
-0.04268300677989088,0.02419331745740822
0.020884601802580314,0.05714935509329183
-0.01722391125639383,0.045694698841027157
0.016195859351473822,-0.06199217020268709
-0.05530249540125719,0.050025377643189775
0.07423682415274672,0.0827081123440524
0.07557273140141349,0.016538207280831264
-0.03451637981156335,0.03342531990204972
0.05878684145720425,0.00813965930136056
0.020826755367194385,0.06957931602301494
-0.014479899239418313,0.04989763286105489
-0.02812096954764873,0.0285781691501404
0.08736565418624119,0.03457570113860341
0.029598918492385648,0.09343346219120416
-0.026122631456391456,-0.0019149123943904348
-0.022929905658957462,0.026803531489245067
0.054726922112280474,0.04058012592295202
0.06482844280652157,0.07715103330777544
0.011174957466184597,-0.048592548113720366
0.060175358885948896,-0.13349908659843573
0.010026961925661375,0.08796450504286814
-0.014346695882764274,-0.07469599642813242
-0.013470618689275272,-0.041989619353915764
0.03628010592551331,0.06573306610168483
0.054611809097018474,0.018827092199183503
-0.07034298273470253,-0.02552007918286897
0.03698104719190817,0.013745281213412227
-0.0005889769663473023,0.05098742131070477
-0.05851532725034557,0.02426126882488307
-0.009721983311205513,0.11222330025107863
-0.07939424768354181,0.06334321319975911
0.00868078198300157,-0.02581086345665329
0.010765921468688945,0.08213921976404948
0.015963235286274205,0.050714189222933304
0.10823581089600458,0.1366245202213947
0.04244312394546018,0.07262624534257231
0.05237585728515888,-0.029686722496096395
-0.022449601046961625,0.0175168695901759
0.04045598386604038,0.0013969582981720671
0.020395617550009418,0.07081491093354578
0.021757669822543835,0.07113420935500574
0.05499136259471941,0.08056425429339267
-0.012586778629057032,-0.1199894308661177
0.03948393006959867,0.013098745701402013
0.018245218784637824,0.17150031572021793
-0.062232595020893955,0.044542903261975686
-0.010713106244336482,0.05088757829800518
0.0013059982841749675,0.006055640837642519
-0.009883527711892142,-0.033530021586360426
0.012930929548900068,0.029447679849133067
-0.07437911596975948,-0.027826097095546135
0.03631903253372977,-0.059409972674685826
-0.007625988042072776,-0.03138620982932329
0.01877362604535203,0.027595582786709934
-0.03928100807280653,0.1081780392346992
-0.016566535964352837,0.04687319032241601
0.029339759001784826,0.02653582243434168
0.021930627540073112,0.02830976813166361
0.083706189212644,-0.010730494691499018
0.04997488756276325,-0.0893910114960044
0.10846465464383881,0.0105157209707153
0.01719687661255425,0.0493571584422921
-0.029055104049901033,0.013228480909033303
0.08197155023165346,0.028416207274879677
0.08190804644239735,-0.020342745440968812
0.04819245032223756,-0.09356493310956379
0.025283164960794427,0.023111531004886932
-0.03340918763536674,0.008880854484642037
-0.019954198919995825,0.0362725343380282
0.012151532391887241,0.0629973165559914
-0.04543395881191309,-0.11543155605106604
-0.016221522118687718,0.005589023853491058
0.0015633776200341988,0.043495398446323746
0.037494055468638376,-0.0064080115736781205
-0.030761149765697632,0.03025545204285217
0.15671723996433276,-0.01550428193262643
-0.08889009338595688,0.04984597634607357
0.0016506269079589134,-0.06265173201821589
-0.057121753949544316,0.0010318243748636685
-0.06962929548494814,0.061720746203317835
0.08643802209964394,0.04517858459566563
-0.0209711854958693,0.05052789022327654
-0.005911491609352327,-0.05528488672076111
-0.06800053560739591,0.050775501975065813
-0.01096397732124945,0.025086198342292018
-0.05128371299548422,-0.016603510334543624
-0.004300577801360015,0.07941090827868212
0.001944568014427394,0.008357514313598047
0.0025094865793483436,0.054325249704396616
-0.01958700331881439,-0.03857707251708688
-0.010665999666153943,0.04264057718504635
0.04399776411170333,0.10589579131969722
0.1281578160756327,0.0016068274179812797
0.007712131255409923,0.04188241671389442
0.005797989568360886,0.029736749572277177
0.11090958310350772,0.05403488073676298
0.018361909956738802,0.00047781137538322957
-0.0743481996092742,-0.01669761203096979
0.017710117836195218,-0.015016920858928034
-0.022542130341630884,0.01377504430753673
0.00519129713445222,-0.11370513439688054
-0.06510689605046224,0.006169241214903927
0.04547139713998479,-0.002095798121345284
0.014815616728606096,-0.04466386979254615
0.012051908327478543,0.0454503626481179
0.026971987092933622,0.035088650402508685
-0.04617116704754477,0.00012693474157199174
0.04494172559704855,0.01826387824042427
-0.00014028778274770629,-0.12309332313091305
0.025631508620243694,0.12887719764340455
-0.03536536261215545,-0.0201803498458511
0.04424288202187022,0.04798966744431127
0.006580492614523609,-0.013160831712828985
0.06195832542970479,-0.004261487591052895
0.022563571580131517,0.03406266738441833
0.02608284155412917,0.10262239082432915
-0.06751416665432135,-0.0011257593257395938
-0.07551867704923147,0.008648800683167106
-0.05016060715644924,0.0065320590583411746
0.009635278264111348,0.007528133359482395
0.033575729146832926,-0.018762108891155913
0.006180357750468223,0.03700951060644092
0.004785261654928652,0.0715832473445137
-0.006571850807838136,-0.06528616192747412
0.025757466631662,-0.01617183469218956
-0.021684670572710577,-0.05225010539930329
-0.046485766522731925,-0.004193308590362732
-0.034219846784644466,-0.011590492831737322
0.061571085021875874,0.051888705029850365
0.03689583035335911,-0.04337244960626745
-0.018463494404412938,-0.017560994506077135
0.11357083068298586,-0.009453656058496601
-0.03932806428493246,-0.059082189673695495
0.035863357812809485,0.013428336569720017
-0.003068508846267751,-0.078038638218741
0.06537319742028487,0.04202022928212219
-0.07316659175925405,-0.05191713760830494
-0.02491632886316255,-0.011295504161292715
-0.005152020789320392,0.03247637377692495
-0.03665554448533549,0.018872234900556853
0.01935180645990731,-0.012938156018958575
-0.0136713569379033,0.04939423438729749
0.028714020004785273,-0.04372585386132336
0.04966171826611948,-0.13875948233820481
-0.030420090510018205,0.020555285585765918
0.026507446336752845,-0.06474076432870021
0.0002507698433018336,0.04162091043655872
-0.04675095499957779,0.04815914858491312
-0.037145498749305714,0.006215551391634794
0.05388130110839495,-0.002179474286572005
0.02259335311567041,-0.062265271561529646
0.037619012521620636,0.03345317232108706
0.04252551896999097,-0.01853271878399765
-0.047078130530817205,-0.054953948630267195
-0.0638662189663816,0.006116077558444694
0.001098125132363249,-0.08277595001667995
-0.009092705112169077,0.04078398325602775
-0.052419919043988884,-0.05204487800596549
0.038938600400333714,0.046192919961424356
-0.06012834387117103,0.012110757199321701
-0.03928427540728474,0.059808535707774335
-0.07538911304417871,-0.04319138497486782
0.036555178849887834,0.010208210540483618
-0.03190993502165646,-0.014290938930620556
0.03690216249400402,-0.017937398998559492
-0.011789534692292788,-0.09168922452430969
-0.03670934977199012,0.0031226249543083485
-0.03891070485081489,-0.05451240675023104
0.05490228835308993,0.07939684351029638
-0.09369262057967773,0.03166763821593352
0.11430738424953808,0.031223380904911467
-0.01621550985375812,0.09731056266167593
0.024034030481426723,-0.04170982980019943
0.05358110125257715,-0.041251063243147826
1.4343726649438532e-05,-0.03869620409745493
-0.0005897949361356718,0.00019842275407997226
0.04490999373526229,0.015162761015686215
0.04063507061913945,0.017652423638410526
-0.11894788222954575,0.002439608847705648
-0.08055461910172292,-0.06959043581923567
0.07962630990258301,0.01757695023072991
-0.05256624965707771,-0.10801395703141571
-0.08928073606474161,0.09822225563823335
-0.10349785075818499,-0.014619628307658153
-0.0074050136552271115,0.024013573992954305
-0.10606381044173728,-0.0034624587680565713
-0.031145923351825776,0.008226776556783564
-0.015698534688182456,-0.026427796932822878
0.022958593311851537,0.03684161881222423
-0.11971128175330586,-0.03184220677116273
-0.10317145698079948,0.001813052611093935
-0.03838988809080333,-0.07389443188392829
-0.013885275669510831,-0.02342604091727861
0.06767224866270201,-0.0651518891000952
0.003196911813480703,0.007426214683669299
-0.06464136201040517,-0.107845344129678
-0.04368533605368942,-0.021035406002285952
-0.09904761372619006,-0.014069032783168262
0.03807200458540981,-0.0186377821842919
0.0340032540617422,0.019657267207565658
-0.07456409061879375,-0.06697881168786925
0.00704267684820481,-0.1000338449445583
-0.06778200127899893,-0.023170823043679144
-0.039100336767463065,-0.05742855654707588
-0.023065168684758726,0.06791213124262596
-0.005360391109735352,0.009797536014298065
-0.030455995889172822,0.04321580562452882
-0.029610793417021646,-0.017944815046361102
0.032340774335681076,0.046541605965900214
-0.047698084766600424,-0.1447332976683397
-0.06158230932190281,-0.08844490129686955
-0.02074367029151064,0.041770152447649006
-0.047550964400859194,-0.09579366651052296
-0.0014924313060363029,-0.01958925343749594
0.03238580243103851,-0.012820101084212724
-0.06801448572336576,-0.060425942500385396
-0.022163814247830253,-0.03342724221365718
-0.027998824870950765,0.01722058798274551
-0.022536228594158672,-0.027833181399152473
-0.0023658934270479187,0.09775615462797826
-0.10885786343983453,-0.027808874508463255
-0.05154034547712659,-0.0837795695206709
0.008954096675709323,0.06303556127532522
-0.05099955106124297,-0.03723725967269864
-0.1005612265788609,0.03075621023524517
-0.12887234996358096,-0.037335111770426366
-0.05915322548648051,-0.06212827953471805
-0.08767828436355175,-0.05552372688363733
-0.042861685513285015,-0.07509460919571895
0.03560765808312706,0.012427617824990703
-0.02370353679974658,0.007606192390378016
0.06422442226878924,-0.024149953173406603
-0.1012739862960532,0.0072255027361612136
0.036768130009823916,-0.04935829354201915
-0.08407955164692447,-0.02626826453011828
0.004591260284719387,-0.10801325342188264
-0.03939399652236244,-0.04181649467101829
0.056637405653509665,-0.03729941491081531
-0.0920384740756399,-0.060771984659867495
-0.04961147054608044,-0.14097010074714492
-0.05898307448216053,-0.0047068567139816435
-0.03866628504002304,0.024020582529126557
-0.0027817924646127215,0.028289801260253444
-0.0034383674033338363,-0.050407881211050554
-0.04274410020219504,-0.07514820462561146
-0.05274861613218876,0.0008223044500118258
-0.09660433629535783,-0.08332097238794837
-0.04067799412924297,-0.07570970662719602
0.008389901057113725,-0.04806197729279046
0.03426210932522957,-0.019482874058852507
-0.13103955202310308,-0.015227056553062047
-0.02792261877945837,-0.009760245786426643
-0.04452969925517751,0.031605580970294866
-0.037404764703824825,-0.01360233488291409
-0.08619360450064724,-0.08204278986995234
-0.05946287662738877,0.041720636905507084
0.09869233318900908,0.045956613488461306
-0.06798621328399701,-0.05550872883370507
-0.000624642213528176,0.062428578047861207
-0.01840589621144355,-0.11270699043225714
-0.028791100269119695,-0.04456347563389542
-0.04915729277213486,-0.019437605252710783
0.06213424004147466,0.0179049987095563
-0.07510096082640567,0.0330789970403902
-0.047358592120839677,0.03188474967591315
-0.03249964672320353,-0.03785373819605403
0.04815831754780386,-0.06732643425916685
0.06841488623170519,-0.03995235685360711
0.013530403425306769,0.036772699410106066
-0.06630991296670896,-0.035776821252384655
0.04911105390315716,-0.01874694222984049
0.05911014165511265,-0.033635119627675916
0.01763614395721464,-0.001447351301193455
-0.029245089797068288,0.07907317194475094
-0.11983878648097993,-0.016232642261178837
0.0375021628188525,-0.04043575758554416
-0.03415873114203212,-0.02073377003090543
0.0019448170493258088,-0.012695054032677074
-0.09744102961970656,0.0361261748630238
0.06438479768229055,0.04755554488213098
-0.014822883667401799,-0.06955399162214351
-0.03603354666061045,-0.04934675886259863
-0.06506917648124454,-0.037452198585202684
-0.04862066420195489,-0.0037823991874213064
-0.062154048194576955,-0.03245445622667324
-0.013325099845276883,0.0041605190524701356
-0.06272205734063874,0.00577332414491933
-0.024917691828985077,0.04624961116840161
-0.04841084167924612,-0.05132957507173801
-0.0013299967705642807,-0.03308742792752331
-0.02038074085229961,-0.04342217639575181
-0.08144429488220857,0.08954091873238562
0.004526657787417674,0.02527018859514253
-0.004485602765782604,0.05054177416104191
0.06455833736850858,-0.008282476866593998
0.08398863317993668,-0.06311051412967736
0.028897365591444645,0.05383704144134598
0.012374314246890714,-0.062136313288186
-0.025239245727697375,0.003920200731452781
0.007648289832129724,0.06796392258957015
0.06941181609567865,0.007877776980157755
-0.015822869376153858,0.030282628957277097
0.022352377692947102,0.02099251017128101
-0.04727279322628617,-0.051371367115628064
-0.04254962907018002,0.10222753739293482
-0.010582762851546869,0.04144554851575544
0.06701249191795461,-9.352895997323009e-05
0.07243802504784587,-0.017085477801846827
-0.00985197767414739,-0.0698593675326432
-0.0103616811098495,0.0051762970139649245
0.05383756587187316,0.021715678605765787
0.0376264584502246,-0.03630229610159162
0.010500319999383157,-0.00900599373227055
0.001527708066933248,-0.0018544198230105863
0.053028086158042706,-0.0721498326892877
-0.06106054858248945,-0.02758967284974224
0.015445676771145105,0.04409311434290868
-0.026376604369451745,0.007193155941142918
-0.033344803115874545,-0.008879618107479052
0.016298137795416605,-0.009221638747055736
-0.03740319637428646,0.005765666640302567
0.017360899556546277,0.05001661135312985
-0.016610308911955876,0.054128825357819266
-0.038342313199932206,-0.009821617252481426
-0.0494128456021421,0.035419732005721655
0.006096163976434193,0.013462594100921665
-0.07988320526370633,0.11250644755447778
-0.08095684338560497,0.10813759250359897
0.02559681475801595,0.007708070907177793
0.08174053327768815,-0.1008568177647595
-0.015496904519454539,-0.04097912696032385
-0.012428580927517236,-0.07695416162795295
0.06974714967357507,0.044432465451295
-0.041362691892267635,-0.054468958663158436
-0.03286171057214658,0.02911829667981831
0.005547948238572844,-0.04166521836312041
-0.021246332040009256,-0.0630347769713443
-0.03046743262215006,-0.012518106756184613
0.05935758980541256,0.04879801921958834
-0.04361174672803199,-0.024339971054970762
-0.016727351745688932,-0.07163159284372345
0.02995099293732787,0.11670370441601254
-0.04017552064622641,0.020729074968979886
-0.1396418416941163,-0.004530641438216578
-0.08061445220864437,-0.012882345910945921
0.06352402781825653,0.05315932256669519
0.13607913600378993,0.025844401428066842
0.022743117679656037,0.019128626595632667
-0.044588682630078647,-0.007859868110846196
-0.019369078266043376,0.02681442963860864
-0.02546731840271462,0.050049107686070265
0.09953087431264357,0.05105991233857124
0.10344678932707879,0.027543493169716507
-7.969627260514698e-05,-0.05537468507279429
-0.01718222957635865,-0.020780349926915097
0.06799400566234308,0.05473399487102932
-0.012571026387111897,0.01177416159477839
0.018810700752905404,0.0012097347233675114
0.03939876900234998,0.049480078834027205
0.021763549334586078,-0.059044940933553454
-0.062019708343509644,0.06131368177193412
-0.018529754620813858,0.08011286849871198
-0.005376071898536159,0.025460015645386268
-0.04890179821105678,0.05393213054866086
-0.023264417492774955,-0.00042297369067039684
-0.033779506757807526,0.056503992707449796
-0.08149915775360775,0.0031710725120205185
0.06968351058663991,-0.005772781517832282
-0.012240924438016727,0.04933045178658271
0.0045241077779072745,-0.038717114278311135
-0.00866812367411503,0.04946634317539343
-0.03468857843325653,0.01459297251869922
0.11107927869207508,-0.08420845724044655
-0.0655461551967227,0.014492384663312902
0.07420650477098326,0.02810370105266783
0.026513827167316546,0.03907913906610885
-0.040455804871353696,0.11095085098560073
0.06725290001571989,0.04538979183617628
-0.006646806984068384,0.0542253856783699
-0.06189635557131412,-0.06272182977794993
0.03019424143265798,0.03280844345350882
0.06260424523636071,-0.06888872349123315
-0.00880585949894935,-0.1113143000094637
-0.04505960023117568,0.02922485958146455
0.014344591061446515,-0.0401328768753783
0.0003396281477271671,0.034088283919074744
0.04633448298747777,0.002064226586704564
-0.035869262676021835,-0.015954414652728476
0.014495486693939453,-0.05055495720207276
-0.01664129640573801,0.03582490812505455
-0.02537378045034809,0.012310240415491272
0.005884949610417059,0.08559791990260261
0.04318659334894308,0.07235970409907183
-0.001682090801282116,0.07959208206459599
0.08089342925946137,-0.00593947845159494
-0.017748653346658625,0.013631884219153324
0.05614866974847789,-0.08471267822959021
0.021140719627256093,-0.05768478323737305
0.010109061423998688,-0.04851402387818047
0.042410357384743747,-0.010425797247378648
0.054722074914352735,-0.07045330363184027
0.06464646921179482,0.09035019123271171
-0.013477093947785145,0.062039297801049095
0.012934521847129394,0.005793505595471779
-0.03196302892636612,0.01818055070427855
0.03943670483569529,0.009323296175572015
0.029409387697136365,0.003954964012091163
0.001069045638922305,0.06459760964650353
-0.009625651608971133,0.009568326139396118
0.004117698326058947,-0.014373030573008982
-0.004027521547374603,-0.13666191509023962
0.0034565136004967856,0.07281258633316715
0.07140263203356817,-0.010152797427529791
0.06208490217853539,0.019141409150170444
-0.010509900616036936,0.021949548577795026
-0.03308045596579212,-0.0027185390245811694
0.053027940044730534,-0.07153920100712481
0.01844898241573851,-0.0010481167891014144
-0.03090104848595065,-0.056014234879584984
0.09015062268188617,0.018890508054087714
-0.024216986263199555,0.06939032376232096
-0.020398859131040267,-0.0020265514701732906
-0.018949567361394734,0.011565130922584436
0.09763119095673664,-0.007571863200960122
-0.040450565284855515,0.034646245351432264
0.01743944202511158,0.0675017777747133
-0.07395223207994092,0.015070052120081088
-0.03942879177851755,-0.0039647333271645956
0.08762984798447024,0.01339071990889353
0.008294067799483548,0.04731693651001932
0.04908743275730146,0.054615312196125164
0.14097248189746742,0.020804912839679585
-0.015808645327485816,0.041552534564947216
0.0669025825418528,0.05502235294025594
-0.03856249943433877,0.005570046044818665
-0.007777927087550443,0.005499302119579356
0.045581508561174836,0.09455660220044888
0.0624771596580884,0.013322984003571885
-0.022769399834718942,-0.04421240464722083
0.015182265033803263,0.06728278990489522
-0.035534129227374145,0.026614441827769977
-0.004538655405430105,0.004228005461203024
-0.02276319019564271,0.003030419018975574
0.0034511428898619176,-0.007194180764072165
0.04010539436439105,-0.03287581317232173
-0.0008960757881236077,0.017537722469456434
-0.031147194411955372,0.07177663070784707
0.06739021080933379,-0.043658219676292964
0.09641140704621873,-0.022354179977886076
-0.035037352360639776,-0.038589453083864744
0.02155074329093761,-0.03412193918700686
0.031021220081602293,-0.030159171309309504
-0.024258573847160597,0.005819766950013898
-0.01335788828730573,-0.05875704075326456
-0.0027078882213958586,-0.016762564115923407
0.006723328501707067,0.04649576639618365
0.09443808503947497,-0.029607295299878395
-0.03371838794725647,0.10584292222624621
0.053374770159604346,0.01894360088411286
0.08009029273479913,0.07632341972953513
-0.06785518827797292,-0.06983992293808808
0.010382216578587964,-0.017410190184844736
0.0036100494061911577,0.020138822182072677
0.029799565096854545,0.09771350323245874
0.0663596510865843,0.02000083161197166
-0.027750809173275676,-0.007797935920664054
-0.013828092811957616,-0.05870793980288806
-0.033865848915811764,0.044315218985670105
-0.002311944210088738,0.0837554876950882
0.022829111907491862,0.03745473453450833
-0.005366454524253841,-0.007388349548323278
-0.10236959617535216,0.03924412032356252
0.13578382358190588,0.05775082974378309
0.02283246868505081,0.036003640075755634
0.09355787362623047,0.04910217808659208
0.0109950096690564,0.03411334150270659
0.10085314305583876,-0.02361191843044416
0.05000790942873163,-0.03190859913312658
0.025133226978487043,0.10808068030907855
-0.012999103962789554,-0.014185554605752864
-0.06723308440677728,0.010888346461553334
-0.0026334323334117893,-0.0170639092975508
-0.07010523402084345,0.07849131767248196
0.053111569936909825,0.08913450180518688
0.02304600130323265,0.0018991832935845998
-0.054690621804717524,-0.0059435849737805215
0.026551971217068975,0.09641146528550248
-0.016119445371996888,0.01776177065669527
0.03230885324933841,-0.007449173724500029
-0.02443495671890626,0.0025202873970909534
0.05602902042070472,0.010517402599808812
0.1075849467488486,0.011428798327314652
0.07523927942179245,-0.005143612827944075
-0.018767255022304745,-0.03937924315268394
-0.05475520437147984,0.04041285838033637
0.03736339201166129,-0.0195384989795507
-0.03372288414860887,-0.04008246697246441
0.031158207246920304,-0.10456549006979211
0.08986095406524405,-0.0027201686044042352
-0.03845569883707001,-0.03394946852069773
0.028919860974561222,0.005928890248565773
0.04783797430582447,-0.06658872132673203
0.03156922777475439,0.00559721351877094
-0.12148802268715211,0.03249208133863038
0.012885601592932432,-0.08439776255874878
0.020959523779781723,-0.01081658547554453
-0.05718341343188172,0.033499361180878255
-0.048493916349567984,-0.0009752102658971799
0.09242828830349972,-0.00152175783462157
0.06507919368858059,-0.0011885838379146682
0.024956726897157257,0.004386105977893059
0.0015222281842623836,-0.012153348749360054
0.06814767194692661,0.12254577201047662
-0.009721907154893118,0.014594847104489137
-0.009130675192067507,-0.005593506900061718
0.00247302534619487,-0.005686189711281698
-0.016608198067458006,0.07968052355068357
-0.0016456191669647503,-0.05410341890514774
-0.07753826138822617,0.009502654095812626
-0.011093113056366594,0.01802471096137476
0.1134150264539478,-0.0669655320367547
-0.017567863437436146,-0.033220867255162254
-0.043770413363732524,0.04333189778204673
0.053453019655022485,0.0700919953744887
-0.012245872726648612,0.041575897150520756
-0.07071687585546331,-0.02668291520574717
0.08995602999659902,0.02445534460396503
-0.07352064547299585,-0.01312007413698096
0.0024930890825252804,-0.03310649048356133
0.06673502359142146,0.03752635726046208
0.08830569900125432,-0.0021587982803195687
0.035652215440532486,0.09918807010422395
0.029555979794244982,0.02488555465130823
0.03726175917981075,0.06618091492925424
-0.004515788150750558,0.021559282770099428
0.021268788591704394,0.024706418494793575
-0.05214342307620585,-0.05713372220363563
0.024789666092905588,-0.01519083807942242
0.006327413830317822,0.014315695048149243
-0.0044838167760364285,-0.0016867345516030387
0.040096236530553706,0.01126026442756129
-0.014215671125048705,-0.01953559880280569
0.0022687801105102903,-0.07701495956760963
0.06849253352167912,0.09270650166181121
0.017661190820302302,-0.04947860263063831
-0.038556424713708355,-0.07159514672871074
-0.03987194518635961,-0.03539574838774621
-0.045064632498081715,0.08219697908271566
-0.005992053003301981,0.04007908500703937
0.07973126300897515,-0.01479057614105796
0.03386148094760588,0.028664844170452425
-0.07555165066295501,-0.05780060661166709
0.038019184327308775,-0.04101623295619601
-0.0021121105193513084,0.07138533032887563
-0.06498627432403305,-0.011390307012293426
-0.042398485608268824,0.04290568948780833
-0.08312163318366385,0.007305551557135643
-0.0820296504835406,-0.03450808368228208
-0.02456322243647493,-0.027262154264169804
-0.08377406956058038,0.022465070365875257
0.02587832538730275,0.04006522044968169
-0.05125943139224393,0.025181955065134154
0.000909931943455445,0.028938238959907586
0.11127052277949892,-0.02850518416251603
0.023794245124821454,-0.028705711407517383
-0.1262932337930276,0.0366136688033621
-0.03734856864229044,-0.001713173657804947
-0.0008416089122872611,-0.04736980565991186
-0.15208084992276855,-0.04802929641315923
-0.032887872446807326,-0.013407034654946005
-0.06695671373685998,-0.021053686439344355
0.02779864318184564,0.017229043797561003
-0.015187876193241478,0.03411837543297311
0.0038069270278165094,0.15467312542243355
0.020131554246161795,0.011939129499293719
0.0563448189537983,0.014004560153985731
0.11427321541873452,0.014134220612363827
0.03198375567281599,0.0008919176378223356
-0.018951489747899224,0.03097980464871975
0.028279220002177384,0.002719393489989832
0.013958165227740774,-0.01048565499844071
0.061371469500324655,-0.0048492289667009985
0.024725978921344725,-0.06295301617605824
-0.038231787253314414,0.07671510276010263
0.016419843137582373,0.039682335778476026
0.0028626527163203193,-0.02681883711764018
-0.0496239854736225,0.062300225130580866
-0.0406179379867203,0.009697079403639071
-0.04634839404031493,-0.06693771366097075
-0.009601358090365317,0.03411721849466323
-0.0009325013408364082,-0.026476260392442302
-0.02287723850855059,-0.009798634985557497
0.007934573977834978,-0.0007281241035355518
0.022243836109036488,-0.13086229561918175
0.06238675513573944,-0.0700561895075492
-0.0013991628073357926,-0.06664604650857708
-0.06502706893998161,0.015598443665320016
-0.06025244164828626,-0.03257876396597212
0.0819147885259272,0.03757328853601692
-0.05580488834722533,-0.051300245049861554
-0.04224213861833,-0.05414875611605473
0.020896762116829188,0.004424409793060451
0.0774540813299245,-0.09675988488705534
-0.028415618768624074,-0.012775174812767031
-0.019479208730528587,-0.06367087739272048
-0.09106971858052267,-0.014056682825175151
-0.04192213983379129,-0.08305302015439284
-0.095057310463734,0.029886382029911753
-0.05690741470242708,0.025152892108962932
-0.031537265360766786,-0.06967477027013244
-0.14906413925556167,-0.03822848565759096
-0.12672777102026664,-0.01365940023528454
-0.05115829825251755,-0.027524714549496315
-0.016782366552738664,-0.030038423771146558
-0.05155785397249122,0.010407672523881743
-0.10699441288196904,-0.06596099778493258
0.010766778518011038,0.12910321117400056
0.01261112154329664,-0.01988279020700152
0.05179753197126648,0.009793097353274147
0.022864154410843555,-0.10947720931225746
-0.12487592368254448,-0.08067403962234064
-0.048159183316646766,0.010505689877916669
-0.01103802484984936,-0.012139685233776908
-0.05353930713451669,0.006602855104873125
-0.0014967890849607868,-0.1142609752052061
0.010805905233826369,-0.05062664647472696
0.07517500474750578,0.07091561635167545
-0.023300947240412352,-0.024944484854176018
-0.02858338365068687,0.006400403725252499
0.011524612498218057,-0.0556852544740456
-0.06606053562948565,-0.0909502132917918
-0.03390295142812948,0.08781962616794162
-0.03674817715887841,-0.018157180995631055
-0.06809575729388463,-0.019826279391333752
-0.07069193497915052,0.01720928485927946
-0.07319124688704834,-0.02719095778390499
-0.018476889178753658,0.01788252082255933
0.07055555415689165,-0.043777465108500654
-0.03445192410857097,-0.04201813389422562
0.05050621587667254,-0.04594211637919356
-0.04702724239285069,0.06859030315038313
-0.033508444855524115,0.017933132995862452
0.008258958025326588,-0.04648050396740462
-0.04070954201580991,-0.048177469238199766
-0.12565258870269178,-0.040989374477843336
0.02692613960322128,-0.11386832328115976
-0.00945845364107005,-0.02344477401447498
0.1315479874744549,-0.011703237464602355
-0.08452048939041765,-0.06608568401480511
-0.056094661685570826,-0.019111598351495777
-0.09731748174556586,-0.015211917456356552
0.02745270203674997,0.08225116240461013
0.014096325973547374,-0.04377702824872
-0.022112292988580834,-0.07256688468386974
-0.03898079961896825,0.0781833342573236
-0.024532509345250118,-0.009635636837775458
0.04431612163626274,0.0536735692771791
0.042922555926141984,-0.009297057059607577
-0.018000299447936626,0.03949666411657736
-0.017473919087207586,0.010767701555432184
-0.010721271717192398,-0.028554083825887845
-0.04091047216423885,-0.03972751247050746
0.055097409137118074,-0.06244103827476919
0.03011785569947079,0.05542710551201141
-0.01881902289087185,-0.09872646843837213
0.025384526135003114,-0.029529681212099843
-0.047947880437483575,0.028024234961652284
-0.03264764415390992,-0.08574758049545482
0.0425149407485443,0.005771905895854149
0.043908637831179056,-0.04558456782015666
0.001505663007678515,0.01233182870301203
0.0038741379783340073,0.03356946804417661
0.09887774580542369,0.05964336716515918
0.022603369648048436,-0.026708418321479035
-0.02762435378450869,-0.04363437758840788
0.0021809205901484087,-0.047230423760307186
0.002228432416705166,0.07698994155297259
-0.026674154519734712,0.009454618363670005
-0.04208732189123633,-0.020968228681743594
-0.08512352661231827,-0.05917153964475824
0.024810702166765265,0.07773405112447754
-0.04092290011333599,0.003573063066410736
-0.05009665849772283,-0.056870594202002835
-0.0505578388780637,0.05747495420784233
-0.11750112147671338,-0.0022537841434425478
-0.01404109354246805,0.01818167860944129
-0.04961404792614709,-0.032924495959643585
0.008951865938408477,0.012070582365910546
0.009844756459803983,-0.0025762155601930445
0.03273937561027924,0.09451484488547493
0.014834349038899353,-0.031164659384538503
0.07120330882562041,0.046584755485254065
0.003512113586242139,0.02982592975670475
-0.019218656841977884,-0.10462625173552045
0.0023105740906392315,-0.04410468731152589
0.09494610190033848,-0.06396665745331752
-0.02413619769946194,-0.03243883776178384
-0.061632092942710194,0.05892173966299474
0.04941558196507282,-0.0038416860282130608
-0.06323091812897934,0.017633171744821423
-0.029170510187035217,-0.05312469266691772
-0.0004034302920288089,0.03708966386616743
-0.06174048283215125,-0.12465543306779785
-0.06212872353987718,0.0313482184826896
-0.039959957088960676,0.005049251083661353
-0.04696150877514728,-0.041488873465252284
0.03146090073167694,0.03305786020821331
-0.047353809387631285,0.030763384008350964
0.02154483664569819,0.09524344535537493
-0.05414928685043875,-0.024720778039500357
0.029511598976460118,0.04816775712669298
-0.043989581499100185,-0.010413728455768472
-0.04118057833408528,-0.045714132765438245
0.01231792513939419,-0.009074667799557646
0.04546193664058889,-0.016295566856154402
0.039434676999661994,0.03476602758726678
0.009210322184111703,-0.12090170856585222
0.06497509437658519,0.05578904214636661
0.04058257794900992,-0.0244221238863817
0.038838470839342394,0.009056952539190687
0.030431397705274272,0.0472866620558175
-0.06017732208148686,0.08005817669323924
0.044088952995098976,-0.03422181658916125
-0.078227700716266,0.057057856607265256
0.0007789813103520641,0.0027762265878189755
-0.03827483517225544,-0.07457368762268932
0.005894400518801105,0.008753948373596894
-0.12529177115825296,0.023640273020501465
-0.01975162713978803,-0.08505083402091078
-0.09405758550543836,-0.038007116829732866
-0.007011784317767594,-0.017412851410003462
0.07839434923653218,0.015434235607628629
-0.018670667373683537,-0.06305568202396536
0.006393130215566279,-0.015354159917853723
0.09644358083065112,-0.03756837347250194
-0.00742716376032202,0.025541279977791702
0.00031584761328311674,0.08131979697406784
-0.051545974699670274,-0.015481472189080149
0.03398436101692464,-0.030439916949122004
-0.04997920871639579,-0.0031793127402513226
0.0606072126972319,-0.030882002537355912
0.07669569113164615,0.08452579555002908
0.038391004875613526,-0.07709103547248586
0.020696907741779624,0.007860443324024694
-0.0007086894277033571,-0.031210001450657922
-0.0025359573150036258,-0.014677675985165487
-0.055739436558391316,0.04645126458849508
-0.056430033556630226,-0.024791079002554416
0.02390743537987851,0.07398259897462552
0.017173001743030054,0.03382434067055175
0.03617968605466846,0.0005867161281834623
-0.005465321981719038,-0.05759189855529005
0.07434453728643486,-0.015622268713422028
-0.0443683440263115,-0.06411957647655563
0.07058979031338784,-0.05521171217787905
0.046544509622036524,0.004127161511479334
0.053778618076161085,0.06767782465689598
-0.04814464371490242,-0.07345788660771786
0.08077706368440074,0.015590780960074452
-0.13474875829224756,0.01961535624683353
-0.025043000249041655,0.11882762735316739
-0.054285697884196696,-0.01327428950191505
0.010317013967440742,-0.006786610923901629
0.005268373883688698,0.04709510781928505
0.0027975788001353315,0.036163143792572204
0.0007306586565748799,-0.02166705116502527
0.016464475426538713,0.08612831250877855
-0.010716021272298183,0.061081474381638655
-0.03202846908003459,0.01314647852115449
-0.045429005743561485,-0.04115746067484648
0.02247683051657848,0.03632274399697694
-0.0514362928423967,0.049274754004495165
0.054709980955863324,-0.1111591123457275
-0.023564670857094,0.0018943187562051505
0.11546714166952363,0.020611076978614605
0.02965683574206867,0.06517590067145948
0.003099710456731206,0.021666341369321874
0.013505717645771551,0.004040158598588053
0.062122361659435986,-0.015098337899942547
-0.05723827123344612,0.04471835504345633
0.03113777665186232,0.047188262851233266
-0.0009144017021344049,-0.026379631209963887
-0.05668007228440197,0.01761255658716126
0.01178222964444614,-0.03176509380770602
0.06204506282286886,0.06121925113521973
0.04438351722084486,0.01844615458802646
0.015862877781217262,-0.05132938332224468
-0.1183516386309858,0.05331072178849705
-0.02706758764938953,0.056521367780332024
-0.005076029489611144,0.08943613677467571
-0.06560317929335456,0.003144420135892133
-0.026349149534264787,0.04452171762915645
-0.02608680598267972,-0.0277285940600948
0.0859747614918934,-0.017776207682493918
0.01647835999545018,-0.010423716670076888
0.016191841938473357,0.08847104589941723
0.021563536500499796,0.0028205633316956795
0.0014557131724395635,0.039842872068856436
0.05033974119880871,-0.013024928915515236
0.07787941630377815,-0.017875044139243776
0.023252201925360014,0.0864697857945326
-0.02322188721325063,0.009272632507693643
0.019785374777352843,-0.019302565379212648
0.0376160470323762,0.013429166920226204
0.11582092123220561,0.03505858129224157
-0.036411421291756466,0.09362072631454386
0.0570327212368965,-0.011259639809560157
0.007967980657710734,-0.0688274101263181
-0.005291473184466208,0.06971904135384328
-0.01609869186611971,0.011804207141297585
0.008813678605696996,-0.07718175447948
0.045412719718306724,0.07101803692618765
0.011934420594841177,-0.03289147045732067
-0.028248321736954653,0.009926542479229857
0.003970471062204781,0.00847745123404916
-0.07504890615787549,-0.050904239778240726
0.09185315223240698,0.06672883035355881
0.04375048349807872,0.0785874875437157
0.046273822034835974,-0.029087116589466864
-0.07803013266962809,-0.07179584834493408
0.03919346106056465,0.02453866705619533
-0.047846442679125065,0.01035996394505538
0.03282183393383163,0.013575155081143759
0.09515825908128792,0.0604222010260203
0.027211880857216465,0.001477633265476376
0.0722850858002847,-0.04221453860385056
0.0016247123393199475,0.02866954961695819
0.03708400486868158,0.02320311013391286
0.039326826528092135,-0.010428195179997806
0.006702313930002689,-0.039916884597722885
0.025188519993912,0.0855070188608583
-0.06562647417575235,0.07325516648102368
0.01747956578002848,0.033724905082378284
-0.007056016724073515,0.03869579252241343
-0.009025177613962609,0.006533134442598246
0.03734538539650653,0.026454180814415695
-0.01657901834291989,-0.020063383595609472
-0.028517442862835255,0.08350234586627889
-0.04217227679825666,0.05825362611380286
0.09742035207258394,0.07199497855626656
0.02997123659859556,-0.029378686311746876
-0.020999667197895006,-0.048169898445414513
0.02953286222234519,0.057122927036767274
0.02051933100468319,0.0007732504133406183
0.01626628872386622,0.06052294452376031
0.062439107826128534,-0.014672322017965703
0.12316707739416557,-0.022409563211075668
0.002392492562460595,0.06777174142954195
0.08451625454580468,0.0012336118303862796
-0.028473209417383495,0.043818769897304405
0.05848154443839132,-0.06388136224025945
-0.015624072403012352,-0.045648226300792724
-0.05273691998873621,0.006981521316559701
0.027943191992207572,0.11676200769973127
0.18422529532098658,-0.003807277405888699
0.10496229222065968,-0.041859607902581364
-0.061654081167761846,0.10260737218721797
0.07418395172422697,0.13790978263406564
0.03321367999555511,0.016070775029892757
0.06767392256424465,0.07799876579577791
0.071816728542859,0.04080387635653876
0.050758450875387245,0.03100230689444554
0.0024540261358217026,-0.04509907427402675
0.0927071062890227,-0.05392966410941429
-0.08945750369967452,0.07283240088993698
0.10976843638808859,-0.0013019952000194457
0.04238389049619996,0.07763398708221242
-0.003722280418678666,0.1063795691161474
0.09343583672715462,0.028729341293215
0.04268115396840455,-0.007209340445151331
0.00705836750766977,-0.02900278969064503
0.057937830916523964,-0.014688460379963932
0.008291788352432454,0.055041863999293436
0.012132554760297204,0.07606710609682013
-0.012589543350984885,0.00438355894128232
0.01983212861395767,0.01614368177730031
-0.03671342823774012,0.03833655556705418
0.038875748391320464,0.044096164715170486
-0.03011938255938996,-0.012517160298950603
0.07134239665012004,-0.004335601189194273
0.06456039716198934,0.08333269579814859
0.08349112202440287,-0.026780516650774053
0.08219534662054494,0.08237718335317501
-0.016111764164453268,0.00044234185883056804
-0.06827925907204035,0.02668035190656249
-0.0073218607567720456,-0.02606666106156707
0.08985875416319987,0.04451430527828611
0.06977314687695743,-0.046592629148210905
-0.003107685622785168,0.012496000028639584
0.045348862257345676,0.018773705604356712
0.008874009541720733,0.004483965439366197
0.04792967075435058,0.01611034921418707
0.007545183640764227,0.06060369000839432
0.04493641802766097,-0.01642128756930339
-0.02676171148392516,-0.034733147518083415
0.010513195582606927,-0.10042984763545804
0.030701300768040566,0.0591248551808498
0.002541146045527411,0.0071777040042790095
-0.040559403616929536,0.049535630116091814
-0.024738795887542145,-0.07291873442560025
-0.025906286689471973,0.025301621764893048
0.0837460445187985,-0.0036851174001830637
0.010614163457807099,-0.03185163747112524
0.03404221249584016,-0.01681560582705329
0.03896210835921118,-0.003613017985108446
0.0659185366882572,-0.031623023851815674
-0.03973167637447423,-0.062383374682978845
0.032104980411122835,0.03319136198520233
0.01548256663599979,-0.028591330937771456
0.03152640646940952,0.005030274466076903
-0.023421974259674447,0.03568525602848115
0.008177258634755805,0.03405868141784211
0.006946034071242035,0.0058676722567775124
-0.00015430330252563448,-0.07209550209584331
0.0422917776142535,0.02733401363913241
0.009888248117779323,-0.04016720414178278
-0.07399038885632744,0.05099716666451038
-0.026178459083380207,0.010252851891954098
0.0828677423743557,0.01672773386808657
0.0577716165298952,-0.01131668843390252
0.03383298154420049,0.01768039072255308
0.004840425640357706,-0.02600089997633211
-0.06843642805881252,0.06075823164363246
-0.007922782597347258,0.02700697023246475
-0.04653397890138306,0.021758035383702107
0.0064085180664091536,0.007902638349992967
-0.04667617066419465,0.02681908319264924
0.04141999488878772,0.005718701748297177
0.08110492169902135,0.027025449611143025
0.03614318494120527,0.00965975615338683
-0.0028541577065089225,-0.041738528072703285
-0.009299687508321025,0.007362326063338687
0.021626098066074066,0.006947167419795158
0.002024432617380428,-0.01706464519295466
-0.08675488147651357,-0.0004062185006622537
0.048979344833996935,-0.022908369884195843
-0.06835312501781818,-0.004881170981994718
0.019689594811240423,0.07676659522284401
-0.011698650317442421,0.025031696419174028
-0.05956202366948126,-0.09951003303404013
0.028044823895604632,-0.033951192791160205
0.014663609829292244,0.10396922536818014
0.005333013410595871,-0.054609273943772164
-0.0038808297111699456,-0.056069554574515706
0.012142484395470228,0.0582629691497705
0.049530658532109466,0.053966336852194687
0.09119023384013773,0.053920727725639404
0.05639451867757045,-0.03884568980358271
0.046616239361364185,-0.0430521275733829
0.016829132314023523,-0.04538480571015913
0.05106124902836919,0.07584526253153105
0.06143446421066908,0.04282117169255751
-0.04267735130320751,-0.1668667968649805
0.006568909012222208,0.028904825831050182
0.033861036052114594,0.10979795597568766
-0.038806399574692375,0.004277971785382289
-0.06610234743772464,-0.026178554451454002
0.028779578431746125,-0.018805078978762255
-0.06393449036190436,-0.056914592427263544
0.05868498245099682,0.15051491909306094
0.030477714362787883,-0.03951558097316854
-0.00995663884228114,-0.034590618976370946
0.04870478708717963,-0.014716393154423527
-0.008048492761333726,-0.014694820591309925
0.04828646166918386,-0.023499144474977248
-0.05452212838114992,0.010327758717638424
0.014535879480194136,-0.07820745312245078
0.043053754751164415,-0.001488305928363875
0.013294743523460219,0.010695950967843983
0.004314501695473576,-0.034133396618806
-0.010743857851966451,0.027830684971248913
0.04355838307849733,0.06814237311708218
-0.08854086571675207,-0.0023294270589334946
-0.052720030083531454,-0.04577871526513699
-0.0006994812615363482,0.04012804966577234
0.011212791330961218,0.001634395677513608
-0.04595521196352921,-0.011434215988127718
0.040552475494655,-0.006118433038983357
-0.0018392218397111568,-0.03382498027036926
-0.006234757290841418,0.022624388449300308
-0.0023399331941828597,0.0037654065995121992
-0.0650950640600099,0.031071146407278795
0.00630469215211869,-0.07049923696970037
0.007839571276864035,0.02203521857041122
-0.021494771637221327,-0.05129907121170947
-0.04733145127997191,-0.01754999431753236
0.03584703491885648,0.00400961062818703
-0.03445910830319887,0.0231666290087373
-0.09602857896605592,0.03689158494425709
-0.040629880878080414,-0.03470793969385556
-0.03801317449159648,0.04852766097573517
0.013488184410407654,-0.04470424602076695
0.07787471248093437,-0.03544888482940256
0.03376697207164622,0.04064299064802583
-0.06810506102663536,-0.06900954079202287
-0.0486448111951805,0.04524235589792723
-0.012885615372440299,-0.03576937764366095
-0.01616228511597192,0.059484555233044176
-0.006457917735631948,-0.02798330960387943
0.009184128795762615,0.07979760893227997
-0.04393352585002404,-0.0176817146087585
-0.010118977212777599,-0.07226469809620452
-0.002435200027470205,-0.009502573040874575
0.05593781381760904,-0.020133698842146348
-0.0016814079041489096,-0.04049418839344987
-0.0022212963780069706,0.03135486115233702
-0.027209412201417833,0.053247141762054764
-0.0570974251628054,0.028503126367560156
-0.01805675542669479,0.08618747963730444
0.13104453620726877,0.060310141561420116
-0.022163863230491916,0.03646892053789387
-0.12945028568795824,-0.028445299835476067
-0.09553943874605833,0.029835683022062784
-0.06555885572516867,0.04718925508401926
-0.06208697337529149,-0.016826274384160768
-0.07003502235905046,-0.06184590616914137
-0.010602919744153148,-0.09352800526987853
-0.10726331641142152,-0.03607963853621891
-0.08022233908743553,0.0014270167479021913
-0.09514577715399096,0.03187975643066242
-0.050866705898699106,-0.006766671278254668
-0.014657814979494388,-0.11230731972026085
0.017889140783694742,-0.08812485866438756
-0.05386907626331633,-0.021583064796492083
-0.005304563263799534,-0.006922548528318993
-0.0384892492456713,-0.011482805688974109
-0.080805350792259,-0.014725411407080578
0.11165591106030663,0.01636645366989369
0.00015906508492384563,-0.06238159341408693
0.02093519830567723,-0.09366835147641492
0.01734173758697192,-0.042257415687121394
-0.04406084351081685,-0.11235867219611663
0.03757171736567229,0.03914518328466639
-0.17067221133638402,-0.02770461092443219
0.14040651349563515,-0.030165427148575362
-0.03730934148950559,-0.05642555172144606
-0.09538163210921405,-0.010816822050833485
-0.04367045275434153,-0.04635862757860276
-0.021648214521885027,-0.10137635607414927
-0.10999152801577425,0.03190068574706985
-0.06987021931625034,0.03576508458670917
-0.043444381634112884,0.07485513485305778
-0.1078509482247038,-0.06467233542455446
-0.026020336653081184,-0.028165833760113536
0.051683997132377535,-0.01218386600681693
0.07759285266548076,0.06434259656607635
0.008318371100093848,-0.1300797578901555
0.0469054322744505,-9.108024515394608e-05
0.025956694942754998,0.04234527362888624
-0.02078389813931434,-0.011835928972738498
-0.034302000107804514,-0.10213022032749089
0.007488995424206824,-0.055971492483187085
-0.05550225681529945,-0.11648790703588223
0.048688191778733764,-0.014246884938658885
-0.0690525960351574,-0.05837304602185431
-0.026858946617130623,-0.11990618404796684
-0.0186507307975635,0.00440819032894706
-0.06042466513410242,-0.0037334372654708355
0.05183276881480945,0.10080644348326068
0.0037814196942291024,-0.08331683635925198
-0.0014205201319869923,-0.13000907769930867
-0.06407740937635205,-0.002114227192778706
-0.01814926360701092,0.04240390615657866
0.015327338342097093,0.00686131953834862
-0.08793176920506715,-0.0791464222913742
0.0005423262027451498,-0.011682892027179377
-0.08067423723344395,-0.03398230342468975
-0.0571764071839813,-0.053627860664039254
-0.007858572235143649,-0.07118050491395655
-0.018730928517803214,-0.04723148117180043
-0.07445696336186723,0.004602060001392405
-0.13237828186838116,0.010036512554893663
0.012896906455933856,-0.005646450860138392
0.042621228379128254,0.09055927924111558
-0.0341789991320015,-0.025370572769568396
-0.013579310513834313,-0.009571945454213217
0.009372081111645347,0.0186862458079598
-0.0859803793970294,-0.03166443603707373
0.03068698137269047,-0.060200257765953016
-0.045037797733570833,-0.07832369657018518
0.0036681581886768913,-0.06574217609608195
-0.04683909498652518,-0.06920598017438927
-0.005937452176056977,0.004356501663121747
0.012929247152029488,0.0322219276694996
-0.042056477169558085,-0.053989823998588204
-0.12678758526430878,-0.05733340839236939
0.025325958350974585,0.00783299414338798
-0.05867337338308063,0.00924634127452304
0.017961418901800925,-0.055219340279514174
0.024542631381420862,-0.07221159128284659
-0.006276590556406739,0.024662837386952574
0.014220322896111116,-0.0017885758945989424
-0.01872413644254991,0.001122727690319219
-0.017369629617119863,0.04956981289218067
-0.03264978635391614,-0.03028323394249785
-0.020714354582124363,-0.017381895383915515
-0.13109527544349459,-0.009880040769985604
-0.04668423681995715,-0.10920387687285701
-0.041033571014852194,-0.057452017449889474
-0.0701358100702395,0.05372830817703955
0.051959452643333126,0.010054554824016845
0.013673836736196574,-0.10454095332557393
0.05065055351683929,-0.12987143609445093
-0.013736857010663517,-0.001513895390899191
-0.16396418582824926,0.004395506783462523
-0.00481347964030766,0.06686314982582796
0.02658956457581173,-0.021253440437241165
0.035632125657342764,-0.059502514780002166
-0.03230134832108725,-0.051727045496394106
0.019302542291624647,-0.05065186911897605
-0.09407370711384307,-0.03950364216989076
0.013277495484116768,-0.023281862014853244
0.05472956472651892,-0.03663120109851946
0.001370710899656397,-0.01770878483486414
0.025659412444724312,0.06644422920504309
-0.09490452481027241,0.014250123863245685
0.07367492648545694,-0.06040753375402579
0.042277027992922836,-0.013035212374624355
-0.06076294207367475,-0.009699944313123352
-0.012630381914260615,-0.03642952505885941
0.004515261064936528,0.016957755570836112
0.0033687071430406204,-0.013304139984587281
0.034083446179270616,0.011072586136066289
0.020530915164651133,-0.08313013007368085
0.07039265909939582,0.02458658972063287
-0.004452908053106704,0.07869037745677532
-0.008841380574157938,-0.02646539761267229
0.03532213749481065,0.017451081673691898
-0.0048915255605959445,-0.011773386050461762
0.04267086557072744,0.020891132962147636
-0.02582328720422187,0.055292788171261736
-0.0259052633112141,-0.011166917893295176
0.04782242575496397,-0.036668717827505484
-0.0890851920320082,-0.07833276663961258
-0.028253087941741632,-0.0656565977927426
-0.006239463089118566,0.040971665991389426
0.012861159135468377,0.021975800287403965
0.009967458920746682,0.04093372826252353
-0.04325246579093593,-0.10575171892505905
0.011130123472423805,-0.04814486782358193
0.004696231925207725,-0.08120068016349476
-0.035780846412095536,0.018866674371470476
0.026842018095117826,-0.0012654282669670894
0.09397532599162402,-0.0654853799175925
0.0011138670631524424,0.016743316582301493
-0.057549917954361256,0.018040953778312323
-0.047900827903039976,0.0031593446620571436
-0.027069867159585488,-0.010524644011780526
0.01517938412870777,-0.06999675854728288
-0.04439445363510115,0.14111123611324963
-0.04327439623668319,-0.010468529541589493
-0.05406239839414678,0.03045984845436492
0.056022130130187,0.10315718405164831
0.015045061972038367,-0.005868700538772845
-0.04215656268101269,0.006348974929901707
-0.007347336145577794,0.008679300134549275
-0.010140883905995032,0.08978182645598441
-0.012724313960698319,0.009125244749324475
0.03295271118909469,0.05076176673819396
0.011566774933808805,0.05360811488633714
-0.08901917664604023,0.04891369738355847
-0.04469901897118913,0.08703476055573503
0.04979036551820732,0.01989562894327409
-0.006357886943974943,0.009862673249400853
-0.1096261085376367,-0.04561824212764783
-0.0029694921371139866,-0.06349279669314942
0.00020733601211457998,-0.003518151187098647
-0.0236615725318211,-0.044021828687350315
0.022587153369539,0.014248358034932317
-0.0017636799825929052,-0.043565198272247786
-0.06327790624743033,0.062381461610443396
0.053271388235011825,0.035753803429800536
0.004873907870662122,0.029336085148439786
-0.026896384887967594,0.05648262107389125
-0.015937082091343025,0.05671873876469334
-0.014265948789102065,0.032297126792415684
-0.0004703340219793621,0.05389978129214247
-0.03297992334116426,-0.040054817811535026
-0.07144003164422581,-0.0600776624409497
0.014801099306276119,0.029566297492555432
0.048612724728889396,0.028108984339279268
0.08177670861847568,-0.0093540143026165
-0.015481766861598396,0.016367997277112894
0.09265228115865767,0.010752783893055309
0.008875072089356157,0.10832760236711605
0.08008338674398047,0.12031758625132853
0.050264865749663996,0.007894802900961225
-0.0678582354245634,0.04066318234483845
-0.05220623912813605,0.04646893294729272
0.036610084680685086,0.0968079130028001
0.0519109510870467,0.03628310805269858
0.07506876465023762,0.04754530739367971
-0.02801316148979844,-0.048877397673081746
-0.05533061029681988,0.08133947684070733
0.015190890952071035,-0.004703694001167472
-0.04227314743657716,-0.046751078264611876
-0.0038370078255865227,0.05004858006081345
0.04656935557732796,-0.070170631839074
0.13178663566045531,0.11177431001417272
-0.026103642030150937,-0.04745927967807129
0.03840040665108287,0.021491000632094012
0.08508200563864798,0.014831483193231035
0.003936335794070624,-0.016978558982440214
0.05792620378997533,0.006337715228922309
0.02132556571497174,0.020859742827164705
-0.0007675017638565408,-0.01750539240280101
0.0020524124416963184,-0.033092054927099115
0.02531941612628618,0.019748236223885846
0.00990666144827872,0.03769962846939539
0.02578590925827851,0.05492309486107694
0.09587813062920826,0.049102293414615444
0.06395659381735397,0.012027297532890485
0.015054173135907834,0.00253042335645369
-0.09676208494689476,0.14175603934884934
0.04534259467925664,0.10792306134075991
0.11395641263637533,0.02343101503736186
0.0068837862050909,-0.004257814058148991
-0.0032117738669396045,0.03678963148221705
0.11130802134526492,-0.004044989467544256
-0.027376781855502446,0.028090825281533845
0.0829500443684738,-0.06803172480305708
-0.02803341240717541,0.014903744036139727
-0.040188510193167694,0.013592484181469853
0.023378065469862656,0.026316883516022474
0.027106038578678292,0.06550295187833241
0.10225053167882282,0.011017944481440736
0.025168387478421636,0.016387147320076657
-0.037346949627183226,0.047697873610744734
0.025038788978084533,0.10789848195215362
-0.0009413532686293261,0.06999098639372767
0.017832149840204693,-0.002988088654884039
0.06590450041616167,-0.06834041646428864
-0.053761956554088795,0.09141835639572082
0.0988015342340483,0.006836093352657901
0.04800767984792878,0.019766838744330096
-0.07286357817632243,-0.0090089213200098
0.024022077341260585,0.011041939360983606
0.07960796065391934,0.02461659639195285
0.08718668356464958,0.05554709261599612
0.07442769434627919,0.10769538674900343
-0.03972333446174762,0.000824602962248927
0.03952148768346625,0.055460034417173495
0.06471315495908654,0.011189768151505915
-0.015716128901976597,0.09431639724703308
0.02046612719742924,0.033635935105699885
-0.013660600432070392,0.011520834958104876
0.013081658814810819,0.04962068332154998
0.08222121714521383,0.0037063485923045265
-0.040984986771525525,-0.00493298446276599
0.05385835094996896,0.0461373088570578
-0.019953319080077744,-0.042098202672570056
0.00028956864954090764,0.02626098408202086
0.014228321193526853,0.07353591582012631
-0.041744668077984715,-0.05725601171293282
-0.06538609905871964,0.0424238200219523
0.03523073141924114,0.02580553726166676
0.011068290124682505,-0.03231770508237878
0.054203462952018555,0.028076200463206642
-0.031093985981890216,0.05228188687587337
0.11058557033109351,0.04075545706569737
-0.03481994142645188,0.002733962478259848
-0.041833371341657793,0.09673833075878582
-0.0022589234079229067,-0.0004341057296558884
0.03932178279616596,0.0019096290058615677
0.009128549322973977,-0.0021662096226642454
0.014872742847775027,-0.006110111471807563
0.005275073447356405,0.06206287501178294
-0.010312161596354431,0.07659353851755701
0.003984212496602404,0.0344777571507074
0.08510479442432864,-0.0041546291867735445
0.02702748861723865,0.008161147625003123
0.023180812636103006,-0.031606668523339376
0.03871650091010878,0.03201661357277082
-0.03649948459542401,-0.027299765627968646
-0.08710347560273986,-0.01493179230918228
0.05869831333338581,-0.11675536358484652
0.032547684724487325,0.1001467615303114
-0.00160629571779565,-0.04712409641033917
0.08272459295041691,-0.017245908903399564
0.058233637921493005,-0.06637600293325527
0.02123716108284434,0.02210938607137731
0.0411332243231988,-0.059086607631777435
-0.04005978467137879,-0.006275891922135738
0.00048094400117850745,0.07630847818240141
-0.008712659449978698,-0.06118866518621445
-0.01794483605752674,-0.013200913868834253
0.03636005858002446,0.007128109635937192
0.049100681417084464,-0.07005198455276912
-0.007059923154153007,-0.07545058268104693
-0.012793187421023134,-0.004694828677439693
0.03655864780118775,0.04701570241276339
0.054739341072791436,0.04130165160570233
0.008840285780437777,0.05327229680435773
0.06861817726216407,0.016305585770189427
0.10044087476593828,-0.010041785995437636
0.08047667298397018,-0.01185425686772976
-0.033879525864589144,0.005026405208278873
0.05437968067675507,0.009090756627642065
-0.018088527262621404,0.031536371926818796
-0.03184254208885712,-0.018316744808716375
-0.010382364577827196,-0.07131320139501619
0.04114772909958459,0.03015206904623524
-0.06946464139759202,0.013480654539898175
0.008761078057149641,-0.031872562632746654
0.058719782455133665,0.08383672843805742
0.09809110309967704,0.04552190044812113
-0.0446851076656308,-0.014797042244228668
0.06620448124049517,0.017364127492983928
0.0002819782975589987,0.05887241342253788
0.12264557410984663,0.02917307183924045
-0.011165972186179953,0.06779761181286456
0.012581543393259047,-0.00258608199155228
0.010625581232094929,0.0181509194020815
-0.04637625984186218,0.050005042419855664
-0.011019905279372747,0.03838607284651593
0.02688118111960632,0.052713112304067083
-0.004142611397543643,0.08983368806029651
0.010873804406226466,0.1550627006190606
0.09150849298589654,-0.038942233121620026
0.03195490670458299,0.038719109069383556
0.05508075705916129,0.030938538885731684
0.024318176078894145,-0.06003263447011638
0.021273968269235582,0.015228335562551489
-0.010779526659793095,0.03773232812539311
-0.000779983660105869,-0.010181735655369808
-0.051223669311168,-0.0344955605604078
-0.03285285332406489,0.04663442832083264
0.11810752431802954,0.005262258010319965
0.09269421261514667,0.018529912836722444
0.037354409937762484,-0.033712205004038875
-0.03001490727119519,0.09230297733037149
0.06643777644538167,0.012249446791296421
-0.02832811202678992,0.030975874954983072
-0.0014622352437736355,0.0035267649873368017
-0.015219484032469482,0.05738748494642671
-0.00706266512616914,0.04126576197887294
-0.02292241247918463,-0.06338639718953566
0.045115728512530685,0.031348436734730964
0.027994852286000394,0.012555558012502323
-0.014643895354814375,-0.07342117954816252
0.041324875188025995,0.01952255797747817
0.03085326173206651,-0.006016215057409453
0.06236693596751922,0.033926255625442894
0.056965431885984755,0.04421579725046317
-0.017196863514596955,0.05063860550140171
-0.05491670187187907,-0.003851124506091397
0.0033665542126887103,0.0628956043336171
-0.03507708342531639,-0.007327141838958605
0.00874812095418378,0.024441983945237517
0.0530344174939144,0.034672195070671326
-0.03674370840332485,-0.04826375224922858
-0.0019497652585191135,-0.03648253021693885
-0.04291598725472058,0.07102557335145142
-0.00900642835021113,-0.03726760915916315
0.029581137756219168,0.043622748538039435
0.05841175181600293,0.07805530742828089
0.03475281953984896,0.019989565402886697
0.004863719302238352,-0.01014364576099518
-0.04424456244361208,0.01239799072925438
-0.020899518619497,-0.054523430661465644
0.03231969509663318,-0.014410488985182626
-0.0452327885017759,-0.007548673627037523
-0.06209904361545286,0.05811424573977902
0.07616316043387147,-0.016211436063361142
0.0645746960898136,0.01781416181030761
0.06293839729221974,-0.0420054073919452
0.004219949810687853,-0.03045195836381915
-0.08141948127560582,0.041780011184766326
-0.0024779005625541395,-0.10017204812926538
0.07376610088630953,-0.0015118421749930507
-0.032247935996760596,0.01940097851817292
0.12694315021639546,0.04793890010545541
0.0533644037496465,0.010932986019702055
0.015241216178517324,0.09976837927516494
-0.0027968509207903225,-0.019315117505388495
0.019218283050557543,-0.010359013576594764
-0.023195442645852223,-0.07556510129358802
-0.03243832371160093,-0.0413715386612041
-0.06554004478205946,0.02452102429801955
-0.09553918869682174,0.04029073781920447
-0.01980100304391324,0.016520240580363898
-0.051789080018930025,0.03626604579574723
-0.01546704185000291,0.034451823967231246
-0.021087382328952166,-0.02180361365735184
-0.002799547626390257,-0.05340111568938096
0.03570864464120085,0.05857407760186691
0.04475613844619658,0.007716115887005562
-0.004577752513520715,-0.047700858012692575
-0.05787785636473175,-0.06959200643719157
0.012169980506389452,0.03514347130453441
-0.009856762058614708,-0.006507167278538123
-0.032039599464759344,-0.017348961326454766
-0.0003458285357567179,0.051417146804825536
-0.07645488056499332,-0.0065590069070669155
-0.07941226940487472,0.03792429873259534
-0.03542894228614786,-0.02747263873062123
0.03383706362368242,-0.014386424261716522
-0.0222226162923415,-0.017413101824582573
-0.03097075881189934,0.0009254897980410185
0.08642769111070797,-0.026052317487370268
-0.01632053079879259,-0.0259427526499797
0.08436715521575892,-0.03483285061805458
-0.06348856096256784,-0.1094299524761011
0.07557515261475632,0.001737799773245268
0.04839577438684675,-0.007362574028262445
0.011243636374497223,0.006284777770188474
0.015067102443488127,-0.07076924058908068
0.03758872633521234,-0.02721813801003417
-0.11417058007675601,0.013119616765747886
-0.018699188529600695,-0.059781032015941066
-0.09824148487013781,0.03378351139705421
-0.0037033357551527063,-0.03609812654800111
-0.09430533044941936,-0.004092690901336772
-0.028304640080004304,-0.04148211749403538
0.07960645415943116,-0.002821533571190943
-0.036025815795537514,-0.006833388419259484
0.028001361121557874,0.04898337648497847
0.022340604494587954,0.06731434361808857
-0.08879776076889027,0.049865961623666646
0.0021988968543315487,-0.042768925286782736
0.029749720096985635,-0.11912319833152754
-0.052605959101556105,-0.03577588202197869
0.022831716680169766,-0.09680155768754067
-0.033970417665255055,-0.06643356446877542
-0.08880819166221367,-0.1343424021171142
0.04549806411704452,-0.053903736813068065
-0.02309730023658418,-0.0077942794046168065
-0.0362695434597079,-0.01680194075641439
0.04192088258367518,-0.06498822462518516
-0.02991205516048906,-0.03828412233575695
-0.013442726031714345,-0.0854465687084858
-0.07537190428741986,0.016128423373282047
-0.08240321743019266,-0.014542846102795352
-0.004589762107589334,0.016041278745059114
-0.09026391557272034,-0.04096419207732534
-0.03558512974426643,-0.03905488891284154
-0.05474000422718339,-0.07211738584424035
-0.07659202774134657,-0.03219267453397057
-0.07253559635412442,-0.014993544058206906
0.014026176330192385,0.008640069166513342
0.03803596105235436,-0.05502404534353079
-0.07909561829907782,0.042533029673413575
-0.033030393822856295,-0.06163042279077954
-0.024537920860826578,-0.009681683240650522
-0.11372037771815956,-0.07442678451613673
-0.08241457631182933,0.08277645209620668
0.06157812066456744,0.0063479589197229305
-0.055014429402794454,0.02557521718204084
-0.07000254986372163,-0.050678830925246846
0.029774385332251223,0.032716603444488554
0.026842372456252966,0.09938898418654474
-0.05332378034684927,0.009075409225095293
0.09441213011695673,-0.046669922260850705
-0.031179846432812366,0.01286490855901571
0.01243503034451246,-0.08612464376896177
0.039092121580008854,-0.05872066783557303
0.05001356803670289,-0.029879342074841816
-0.058525240058927466,0.026918294592807018
-0.0017280442253856838,-0.07869788383150893
-0.04813934163357898,-0.09081812623633914
0.0013898083879140925,0.09263674792420612
0.007379984477967404,0.0006038126446141871
-0.033098348970334014,-0.008715225836420058
-0.018584402707139912,-0.04250212881193033
0.057711548711276484,-0.07494160708976907
-0.028010746511875684,-0.0017848499843861679
0.009960750477506004,0.07115917450771495
-0.09728865935746413,0.07490942124516412
0.041127757644728605,0.021433789000359613
0.040496468861693516,0.03413660113982607
0.001870064698233382,-0.05240742279169706
0.00966838215341179,-0.0852281829812421
0.004714557154524988,0.008732037533269708
-0.03260479456823131,-0.025423099686540926
0.014330028658583256,0.03276401231697432
-0.15427020051117116,0.008107625614408705
0.02100860028460767,0.04891108032424549
-0.00826343685522208,-0.027390591655714943
0.04059293483885039,-0.005481658578933955
-0.021275192312817104,-0.032147669673052715
0.05791037227721214,0.07561671015427002
-0.0011173743723390545,0.03687988963750653
0.011505413828229581,-0.0899875512452763
0.029453970884438237,-0.03817610124950388
-0.009109634666223759,0.00842586299374139
-0.05820333686451624,-0.04369051774206291
-0.03941376375767578,-0.05007401987286049
0.028662401458668996,-0.06292727195683397
-0.019042173311642856,0.020861464501700552
-0.07136969121826003,-0.024276240208557908
0.05851476631021772,0.025177926536699452
0.03897756093188355,-0.08773993360536929
-0.01769987110820455,-0.023495777426190394
-0.039369397220910256,0.0224553176259491
0.014285870528973793,-0.06862846481935314
-0.06719138464564176,-0.05813037847651316
0.04907295873620479,-0.012986075448018776
-0.02467355789154838,0.03687327259881089
-0.06880769573765289,0.023396786952469655
0.024867658277217444,-0.013933119062054558
0.03602351981071621,-0.10771606411362343
0.017863279255627838,0.0052076855960563155
-0.020975991212641418,-0.07215576972951603
-0.009043165370404754,-0.05458382441707638
0.04679392646924713,-0.03980601687825547
0.024057018608789928,-0.07619023213064471
-0.05038979131728953,-0.021075308084615607
-0.00488812407676463,-0.01826921644559474
-0.025735110176914405,0.025527353260195965
-0.0842909041172002,-0.014407525979804256
-0.037901679368132775,-0.10914071365246907
-0.007779018070285348,0.03541480299054213
-0.04649805618769492,-0.02416927339913706
-0.09503405941852772,-0.06635147305577062
0.042089713985468735,0.018590378405570776
0.04415674166648611,0.0029509680160344325
0.025332098956566226,0.0487707193304621
-0.0022237572349869204,-0.03961232137985432
-0.014949526372040542,-0.012924475785078614
0.04140368664607138,-0.07776853795658802
-0.03844940964564192,0.07135618846200573
-0.0722718527699144,-0.0707066495381884
-0.03227092968522821,0.01719669808099623
0.0733819958757407,0.03924763158969173
0.021527410852165453,-0.10639069491411635
-0.007271220311517052,-0.046723409278487164
0.026256084828357104,-0.08873895851215254
0.06516190302384452,0.03494821890520176
0.06457764813344659,-0.03562724807939887
-0.08400982521843674,-0.07690410866760136
0.0007629146666975925,-0.13168308993799735
0.013695388249277757,-0.033731256841363695
0.03949388432095109,-0.05320508249012899
-0.04736612919441885,-0.07832498120609144
0.02114497243635944,-0.01670226128432451
-0.04964509299208877,0.023665721307181167
0.026761123965714957,-0.01643854723747838
-0.10499138587231437,-0.08732400027542278
0.02028978009890791,-0.006240763507415063
-0.04801407069753973,-0.015517994342457965
-0.0807151006542279,0.01033261044486339
0.06937417730031832,-0.04445220415258925
