81027, SENSOR_ID
car, FAULT_TYPE
10000, SAMPLE_RATE_HZ
X, Y, Z
0.051303150699412096,0.049585454392450865,0.04008721801031159
0.07987810017743448,0.045567722102718346,-0.06256961575047267
0.010803819608057819,-0.12260944574204874,0.09358622056160854
-0.0905620029467977,0.06970047793539014,0.028508681084140116
-0.018758754723508637,-0.12412053735327729,0.0022779019549956088
-0.015868903321731704,-0.056106092271239784,0.023380427702621175
0.020029379524022256,0.04057011022223187,-0.11819386377630962
0.10468340212619566,-0.1050721679670205,0.014995849794164743
-0.006361592110666854,0.018278806814813777,0.00578910066442577
-0.05289246142333522,0.04944701819920461,0.08027498656633411
0.008010564600270834,-0.044238590712184576,-0.008396750140154844
0.007624458568361019,0.020135740087899735,-0.013795427620452265
0.04102958483095441,-0.042722388378351725,-0.028579590224228114
-0.020214960914281523,0.032525327099992854,-0.01459376403029965
0.06771560911153154,0.06620926589285744,0.027304668339261366
0.053306758988639825,-0.017353826192265758,0.022449699156145055
-0.04551179755719978,-0.003498121926201284,-0.08078350014545067
0.057518580785334145,-0.1122863843551393,-0.010988530955072573
-0.028957746136234887,0.03121417672787852,0.07649312977339211
0.05708673608758919,0.04572675122054644,0.03111967714022197
0.04742726463766909,-0.0803512433879669,0.0064402094358957445
0.09883097123425441,-0.016723737579431915,0.03202354063989723
-0.032402611323637566,-0.027682054497222844,-0.06231465875116906
0.02227580548739284,-0.01711597802179222,-0.014827954136683981
-6.353347766982487e-07,-0.02860936113943065,0.044702027019054014
-0.0041722469090610965,0.028035858065604477,0.03595254855233588
0.022288963273963385,0.04695703193997292,-6.272101818177549e-05
0.10631811971753863,-0.024420732533202344,0.018500195030717738
0.09401164882677057,-0.02882140760941711,0.09920707685030533
0.02579155343404698,0.02872748633718868,-0.04786951728468352
-0.009910959017665243,0.09250473054269373,0.10157482244849211
0.011108438065773416,-0.021915839109287197,0.040597301670375625
0.06571278872265923,0.020900838685286062,-0.03546939515475641
0.005375948684539763,-0.004993361288935478,0.06801147130169724
-0.025085392383943972,0.03376919297873006,-0.01189511540535214
0.14704893982384187,-0.0358231094217097,0.014892008889568598
0.025583441590507107,0.030436480583808122,0.0494639016567561
-0.009719584848819122,-0.031398158964982874,0.07675307846670329
-0.012255876161881776,-0.036770141614052454,0.0886558274988381
0.12294598830247927,0.04725991413198621,0.015104595881208941
-0.022908594494219975,-0.025814340638224888,0.04809047339837735
0.047953090790886346,0.05590640918253622,0.09335733351744607
0.0713861421424608,0.03064601725453376,-0.0383307585925006
0.05585543733440894,0.020507431596829488,0.05385548875024544
-0.008383820411641256,0.026012981188134564,0.05507837222763051
0.0327770133537094,0.07316052063780476,-0.05562447747714463
0.11257218492716986,-0.005220163416458739,0.015473155829655381
-0.052909196557027194,0.06920693320620165,0.02402786646928361
-0.04610736856442885,0.1092002747736273,-0.04519700011860168
-0.12820004603017665,0.05032749577261358,-0.030421893757531376
-0.01211043606217525,0.09895648734451637,-0.0065482034569565965
-0.0321642950750131,-0.027929035701830522,-0.014984916417557819
-0.04625583172314077,0.004225145476002069,0.032572336690910156
0.016060138427224372,0.043148899317224244,0.045735436522676684
-0.018457964566334903,0.034649844529437444,-0.02565676347801328
0.0652004528066063,0.06609504584508896,-0.03702636661345975
0.06561595214133022,0.005574124617291084,-0.004885453958075383
0.07329913863580738,0.051992111434446035,0.05682211192473805
0.155113951028047,-0.007212524605310945,0.027724846660402293
-0.03380017332879899,0.07235031612954018,0.030531896400086255
-0.10041444743100464,0.03863203635828387,0.07672660070058702
-0.00012677025786614338,0.05575054853143052,0.02078471527769361
-0.07475793409465284,0.06729167263856614,0.0438708146669722
-0.033858792370729945,-0.019028048277699557,0.09980171946227945
-0.03744888644645657,-0.03899977446587173,-0.006329254567841221
-0.07583040516059389,-0.045004257040987775,0.05866800032630749
-0.1173058653603753,0.013310281756620523,-0.0352478488269851
-0.033004707485620136,0.06461451331822217,0.08868441721218825
0.14017421573150934,-0.0426968244156386,-0.020895550247898957
-0.044819873491993165,-0.03593209426310162,0.006951391644243318
0.02943536420602714,0.0036076142553675764,-0.0005126602724107622
0.1076685518014589,0.06192775304128845,-0.05191742650126023
0.026656402765605464,-0.022059871279430977,0.003345240337263227
0.022997654529285816,0.026168620391138347,-0.022356191433385682
0.07128729149996982,0.08234360741405064,0.009279700792217177
-0.015996894881790166,0.0870351140595513,0.02176324523974326
0.01338620623787867,-0.04439021410687026,0.047237225627123465
-0.004939292301139313,0.0032533682601395674,0.10551634078026381
0.06957811141020459,0.03334667143516893,0.06941280636242257
0.024920689996384356,0.10651360048965566,0.0942481304945529
0.011529229790606669,-0.005096350425381778,0.04068126023802032
0.042512503599412735,0.12085981862145742,0.07532765963531171
0.011177997697340776,0.08042844038314843,0.08983044619049682
-0.048524957663888965,0.03802615576651367,0.04847404084455001
-0.009496674382054978,0.04468921935924028,0.08226574142086851
0.01744892422719017,-0.01941802842640378,-0.04519520505004583
-0.005452467449062488,0.0424126052299127,-0.010789827014038088
-0.006246101378246983,-0.05800825024025957,-0.08839088433940744
-0.00991193832560374,0.006987834866613699,-0.05636790892694127
-0.0012904032377137886,-0.038224526169851156,-0.008472125553920101
0.021082726517623936,0.051222093583502826,0.010237168354380485
0.044329433709919465,0.05608211884120723,0.00213776231898782
0.09691456917020888,-0.10607092191054834,0.04391314353028743
0.06561486993435489,0.06297982270566818,0.030469559775406774
0.07035026440835784,-0.04282342193597403,-0.005794432281487499
0.12398905594711919,0.06569257251949856,0.11250726011967915
0.012498407225639987,0.0065183651637240846,0.034076149347696656
-0.01458243603070421,-0.034001874630786355,0.003430693288146911
0.05673796397424224,0.05120759434459947,-0.026437838899116835
0.06396749394514196,0.0010442296294249573,0.020994200880107457
0.02533000008080441,-0.021235874156687224,-0.04523549475157494
0.010444617891196294,0.008180999797412575,0.011894255099574574
0.11853618330902166,0.14366860715607468,0.050168968547331834
-0.040958943703552186,-0.10208856561139892,0.02184738972339738
0.11378582722058653,0.038328918211406424,0.1274185712975276
-0.061505878817646284,0.039241996137847145,0.11970660232157507
-0.026588932626369154,-0.011910592159670948,-0.08432067582323313
0.016152946979648315,0.0404420223901015,-0.0516727827012371
-0.04982913099121051,0.04724224433911057,0.06239920396070633
0.04492223979691545,0.010049184081461436,0.09903537135151677
0.025271966215940047,0.03694895449910167,0.0945526383082679
-0.001866512584007652,0.03773763199762531,0.1681169802878182
0.09271961278073113,-0.003823258230727395,0.0074316578171665666
-0.07917131190613778,0.0037745296490604256,-0.0002540140676201806
-0.017420351605858857,0.003488728345891628,0.06446365399574236
-0.007986228525056,0.004856500481328983,0.10119843685665672
-0.02853812238725239,0.016173693746517136,-0.06593075704949211
0.0709550204681766,-0.004541684819381244,0.07811596697282427
-0.02642299019170528,0.12006652618743671,0.03955917551932311
0.00795290564324927,0.01669875951532948,-0.034457708048836286
-0.004209423813069539,-0.02317802859731856,0.09235475125619183
0.03291087052476894,0.04462931297517207,0.049645023872700346
0.048698045115256064,0.04274202651999843,-0.0013270084284993933
0.0861951199651633,0.037151135086699226,-0.02987004606027116
-0.041051412418106906,-0.011755983141525435,0.005617112587930979
-0.03961832370069461,0.020059419961903233,0.0087301820645835
0.042245815308361606,-0.009571731360591047,0.048183643612862904
0.046539476488140746,0.11348536974709333,0.007562716418832265
0.049250800698009044,-0.008657460947374539,0.04911225811836277
0.007600569883131118,-0.015560223746118113,0.0668227427524054
-0.02443667914657745,0.01916884867902356,-0.05361941327581911
0.04164979962251561,-0.04616226697591312,0.021962849826265046
0.01538964884179677,0.010757584164176513,0.042416429721978094
0.020526944322431278,-0.09605937510878518,0.028185854499616886
-0.0056552661558389936,-0.07379625509407561,0.01219068237721697
0.04140756569515748,-0.001978425118552174,-0.04811588185968298
0.006483752848824348,0.037369763763132134,0.0988506607460217
-0.030684203036580177,0.08684229505460483,0.05237610179847211
0.002290867454087981,0.04867750173782722,0.008329184063308319
-0.05044870568162653,0.0405963222193532,0.04262271145420721
-0.021854879154864577,0.047137551048530194,0.006772491050475121
0.08233507314994463,0.06048818394567933,-0.050031238377947526
0.007842556935770403,0.034680363865536405,-0.062360101397412826
0.007384546349682993,0.07435311203083605,-0.09848615038725395
0.024025281123711134,0.0317698765336521,-0.002927254591985602
-0.025689623451053453,-0.03377202175961128,-0.02771273155745673
-0.014890982652884447,0.012882124786694963,-0.06627657215298664
0.024703926740690364,-0.005600789798135117,-0.0379153453248575
0.005530098358463515,0.07418193801391965,0.007859236645641953
0.03224749544464485,0.10315219724123659,-0.07020842993988506
0.04880554629744965,-0.03254437454470541,0.0452834572689048
-0.026068455486331552,-0.00402591805606713,0.05672034106126128
0.04349180315847771,0.037435987231004796,0.004537821800828283
-0.08745705358274806,0.06694811748608971,0.09884768775343536
0.05209785573681109,-0.04842493523438568,0.05448919683791117
-0.018103996554265506,0.009810349527112298,0.1247038582184609
0.061725016848221,0.03321403973378209,0.1704521014877726
-0.017607448637833433,0.012733623973090368,-0.028753563775738983
0.07033958095029601,0.027058001966139545,0.014192379553795207
0.02087228821919849,0.03244408850039069,0.06412817111665146
0.007491413496613914,0.03795944429500718,-0.06531873642925662
0.03954243070479192,0.04951679998500166,0.017927689937705202
0.07691146236972315,0.08247469017870207,0.048944364558668685
-0.0025394675172841167,0.03092593572633124,0.06602868276627252
0.02175314801186519,0.012151079210573556,0.004380894042008587
-0.07419816186575355,0.04169539027636592,0.08047549520492864
0.041048264642880763,-0.010114137673755626,0.043459476099500516
0.021644466322419436,0.0004949006594195948,0.06440628610296181
0.040617670596398266,0.08390709027566073,0.029867473018380157
0.05545186649247101,-0.0036932262599303767,0.085360910318405
-0.06773338032101857,-0.07639651655679322,0.0019204974625323702
0.027342185438780794,-0.011966897973789576,0.03972904955501134
-0.0966951387293076,-0.09628506157411271,0.032107765926782134
0.018500629425734525,0.03982537882320453,0.09085257685765746
0.0036028262956638657,-0.017029419973432415,0.02445213806066685
0.0005799208327221519,0.08288760731346476,-0.044528030256657206
-0.04423330236919655,0.027219116952610596,0.013362143876614148
0.026190351309760662,0.06030924011855736,-2.0033865748896214e-05
0.011757874469197425,0.07357538287787445,-0.027928529480220215
-0.0036060918656271616,-0.0045839575904707145,0.0604862787077648
-0.15708258881108667,-0.009240878624297847,-0.07299090224537136
0.03225029789044703,-0.033940550587463,-0.0058969077009993235
0.0740297177078802,0.052583199224206977,-0.03212531540361688
0.009059033446396,-0.002450350762088352,0.08228845945007734
0.08273861915083211,0.09009864822889713,0.030363769820812486
0.05573549387891636,-0.010684541393386291,-0.035582708622545506
0.06738675087248569,-0.0143720781058968,-0.00236591929037805
0.06307868804251103,-0.01129312292841542,0.00037526784040340776
-0.034991223485568934,0.006458058981035356,-0.013496782113717807
0.013160729159597134,0.02071327194331257,0.04438531043809845
-0.01724982723666492,0.04157719192436336,0.02626185385388395
0.03256941534782468,0.06610464645437143,-0.002680480836698606
-0.09349505681247959,-0.06689519588528348,0.04210239355524985
0.06888880980590129,-0.09014760523231309,0.02552652725775649
0.011186577232280018,0.04904228282292576,-0.013465786482849369
-0.02930539189305446,0.04032817134793238,0.054312864548698096
0.07221039403423368,0.0427479925481791,0.017339060279997195
0.0015836644612140533,0.05354605020538297,0.011413191392521662
-0.0877832982624214,-0.09766291443671352,-0.003343446654227019
0.012661352373453767,0.02663388898646396,0.024367629346498422
-0.013925326589977598,0.09646289414004468,0.08152266327508136
-0.026297930398368842,-0.07971308852872303,0.10282219766916725
0.08926176020205823,0.05334694418912001,-0.10012284564932722
-0.00011035923661322454,0.04011119710011074,-0.02581663552012269
-0.042101438218149295,0.09324763997670885,-0.027841682872745317
0.010564046758269342,0.030663822484074704,0.01539038780280352
0.06878238816250047,0.08000033439770234,0.053855626654539024
-0.08647353110138568,-0.006270602184643699,-0.012720227559159752
0.0855219081296525,0.0027168320612662544,0.038770102675472345
-0.0304692061634995,-0.03348436363879568,-0.03778935986540816
-0.040039684155258916,-0.011380874590698573,0.04438007790395663
-0.08575123576962472,-0.05852289951191425,-0.049694658026457894
0.008398393683620832,0.03680457409973586,-0.015484053117259375
0.04786486428545843,-0.011787583500386856,-0.022869777286347932
0.08326873132553164,0.05447845496346197,0.07146138410610545
-0.004319381266358732,-0.027113579966047463,-0.014150384828577816
0.04711969281814401,0.06605242228471067,-0.06066446450478833
-0.031412350700158916,0.02828747619910535,0.03100628163353044
0.09258014723225363,0.06667460771196383,-0.057051777681615234
0.04332369470666988,-0.00205448895559275,-0.004223261220970432
-0.0165642081396396,0.015562635839437879,-0.005701240340473312
0.06937217818643968,-0.051314042329236226,-0.01834589046707569
0.01650220297259018,0.04596114966091344,-0.038331992144262125
-0.009778783357415877,-0.11409087279896855,0.024430035842744776
-0.06814866840151677,-0.005042709049389332,-0.046858317424656834
0.017102813775652183,-0.07726356032449444,-0.08888980664302829
0.027944848385117786,0.005442679535814142,0.04677674468333536
-0.06465865839157822,-0.04651598394729671,-0.0033312235173123947
0.028008202602977487,0.0055103027713062445,-0.03734260043065943
0.048432421410688695,0.09825520681274157,-0.0810250081827418
0.012649904067608192,0.006515517815605807,-0.03189723527989805
0.08449387998192832,-0.09605833089615731,-0.034406770034612094
-0.023505069541017963,-0.05625714546646845,0.05721935859314
-0.03733127335825617,0.0587110699631712,-0.03364098101412994
0.02190975620433317,0.026723951570182793,-0.016740414371031236
-0.018280246571505756,-0.0009892278529950102,-0.010586372985385735
-0.07674042991178404,-0.016786477218172603,-0.0459628130643004
-0.06690295725030347,-0.10745794441746094,0.05900498294164411
0.06808516146133964,-0.0033651499265587234,-0.009108155596071412
-0.030730326404836153,-0.019212178211120052,0.020914170376665465
-0.07667270384605901,-0.013152589501120443,0.07398585209065453
-0.009377756803778005,0.06590968194920342,0.015205710240927737
-0.03072278102491286,-0.01265412141832733,-0.06254305407861623
0.031530525135571294,-0.09533419350557049,-0.03576483666997044
-0.024954169788116674,0.006538223265627472,0.003031350251109755
-0.005647575071107052,0.020734846747033707,0.03350308518926468
0.009987041087777147,-0.018606460803450756,0.027795650838924636
-0.06448123573772531,-0.05104044875263122,0.0450326840874336
-0.05277987824178054,-0.04868603776748761,-0.1110683643860564
0.049474662232332225,-0.03218214211771099,0.06842405653117664
0.05742778772811337,0.06071584408110836,-0.03027300597107191
0.010107708613926375,0.0438011391966535,-0.043177087253794176
0.027480764722733045,-0.020514452720301987,-0.07977583996350855
0.001842897866561253,-0.028634985955711578,-0.02846760768083994
0.07423433791096738,-0.02736202291280023,0.01122440769852035
-0.005329042634550115,-0.025373694336256282,-0.03374135872747552
0.09709112545648341,-0.03814713487640825,0.000681690762789804
0.03879298244816813,-0.045324511457345694,0.03100161058756653
0.03491327625451903,-0.029472740290242244,0.0853978618920844
-0.030133335798361555,-0.016442313510261253,-0.02075612944118797
-0.027581837300440802,0.008542033263754235,-0.017469343058913712
-0.08729175634204427,-0.06512845035324889,0.02471005523923717
-0.011277045682457998,-0.04104667021468538,-0.0032630740056668658
-0.07554339249684937,-0.011478109847266986,-0.09249769380101597
0.001837698304438428,-0.09106278735425473,-0.024184106329750703
-0.10592831045409305,0.028455447126088426,-0.018440041910815552
-0.024823258979614935,-0.1214699764574876,0.027589798145721458
-0.03293631984533058,0.0335774459403379,-0.034885909315265286
-0.024927667276663804,-0.042631343580995656,-0.05509010349441051
0.015146972313734079,-0.03678867961975098,-0.013336992838148373
-0.07180071246751546,-0.04118395198200629,-0.023211104628566723
-0.028041336447914823,-0.033286943490302,-0.015593968342487247
0.01647924720039321,-0.06092382811330917,-0.04585882908190875
-0.05698885570257835,-0.07295432619128613,-0.07700928497892766
-0.09648026319656479,-0.06891013619028116,-0.015592104060781065
0.007434362896502643,-0.1152740099330497,0.014583631870874449
-0.05218752809454949,0.02278945401580072,-0.02977321733244554
0.03421581153203116,-0.04120103216282718,-0.01604864693174044
0.050394943939590126,-0.03743374014240938,0.004705134813972375
-0.040921195861436895,0.08569396921173336,0.01804952907322364
-0.04774142058118431,-0.038634537845941404,-0.06601634671177584
-0.043300027378710734,0.09374391877519209,-0.021618556033877585
-0.03139429623562821,-0.04888185065892548,-0.004272719922030247
-0.09705123233871243,-0.12462071035791879,-0.011853998446141868
-0.0467780561620795,-0.06103656302880729,0.028711752027386996
-0.06893261842333877,-0.025339364270662447,-0.04626667961217881
0.046922214584279316,-0.055181694075737725,-0.04005374615873
-0.023541584728547255,0.0685793268168192,0.03036983839114418
-0.07497972123479993,-0.028068089767798864,-0.0112206077245129
-0.009676158117039695,0.032339625325255986,-0.07107208973287499
-0.039511352101051396,-0.06517304541444723,0.012524023706068504
0.011604845696739238,0.04254091045491793,-0.07646900866108755
-0.03237614876660636,-0.045017206973537074,-0.0006896872147408237
-0.05978511401041009,0.002334378182296523,0.01280772331421727
-0.005554784602692762,-0.05959305378551586,-0.07949673811704883
-0.03867701534569053,-0.027349151921160695,-0.024271017429969507
0.058241494747635084,-0.07341237383830966,0.049744783253194313
-0.21130354888532724,-0.06548401919977473,-0.1043669537423715
0.04471747934668244,-0.011173064631044715,0.003372746546188632
-0.06616152741655032,-0.026700499480502585,-0.03625980036120297
0.1192047071476036,0.0022696299686437472,-0.036759237714735174
0.09339336331884315,0.03721108574261105,0.018302693215510743
-0.02879910118700324,0.009685142807650003,0.042840730155001006
-0.019021530350193633,0.05760475992681698,-0.06596759860188878
0.005582341634306574,0.11944186910498937,-0.029553513827934978
-0.025684246329101636,0.03758537507033834,-0.06100398294979244
0.025893046696217538,-0.01962400970108972,-0.0724429588805903
-0.055809784463240975,-0.0432740400289949,0.012538824987198344
-0.055485275387578956,0.014644498687868053,0.08907263711928082
-0.017153896717676455,-0.057006791168279995,0.047483209533888245
0.06212515069902032,-0.042374556230827226,0.09993665482548564
0.002429213546495834,-0.036766613072168816,0.007610326428433206
-0.0713501792301209,-0.021637572251328185,-0.03552642550693745
-0.0602817320452446,-0.02794709237764995,0.005844349919081119
0.0283334107831523,-0.04161850320263839,-0.06454920066137969
-0.11792519799595046,-0.0352541798363451,-0.02308612251844796
-0.03787958652841566,0.033053912913838454,-0.00839887594731616
-0.10843711528369937,-0.0402782748402855,-0.003955305555209022
-0.056120394916812505,0.030813508849568173,0.06695145312043489
-0.03707954382607839,0.11289448844377942,-0.04478650901126916
-0.04852132925141449,-0.05377245622762426,-0.004430905577167927
0.050330874901382536,-0.044253110852614685,0.008392591197764032
0.03176789803073443,-0.030950555020410483,0.043497786108785616
0.021345867665208757,-0.07924578005908517,-0.008851073398856263
0.01603802309551858,-0.05632758023690097,-0.01975651189708339
-0.06434834289127346,0.0011563762096699695,-0.096454666473597
0.03623885383871983,-0.044238928372667505,-0.0939390293243446
0.003796414820975081,-0.0599882657171384,0.05771431183246656
0.008752313304461867,0.043976605533439204,-0.029753315137613836
0.049288773331086264,-0.0221592970944142,0.049303217314282555
0.04613521388861676,-0.02687386205133515,0.03785315737939833
-0.06594102092957271,0.03139382909851232,-0.02302058940689674
0.0009427582151735926,-0.025520508455012136,-0.0618049820855409
0.06818228722149608,0.07108133182070611,-0.0690542487232304
-0.053636178941790666,-0.02021550989703983,-0.029439804586161432
0.014825150019350773,0.015711778479398447,-0.09335729379471294
0.0944959019662233,0.013354199322353044,-0.014018498807400713
-0.06347299923237872,0.06335243540536464,-0.013080428274238269
0.08800954941175355,0.0581143912234546,-0.05876322383845681
-0.05370525124574039,-0.07179128735204815,-0.0178635745760995
-0.018718952430242644,0.002350011078913701,0.08101157318118493
0.00719872072902681,-0.03368816115086177,-0.15519317149019454
0.03697947873262476,0.02859697868405909,-0.1330728951101516
-0.031767255031122474,-0.08362949545957235,-0.091497630165748
-0.029474557829459506,0.05690390113329415,-0.033550956019211126
0.014142571519154669,-0.05705918407918857,-0.15063986284008798
0.02387721940709519,-0.033920141484423814,0.06352204092061602
-0.008956046290305334,-0.04020087253837409,-0.08608987997697057
-0.0016269479177973677,0.05158278219080254,-0.0765526100193532
0.030932405008823376,0.06122907598118856,-0.034870799821381054
-0.06882304197628451,-0.01153676588652169,0.0413474260635368
0.03932557053798254,0.09548545795808265,0.02825192615913054
0.06275907728363375,-0.06267688110963193,0.05237302367310271
-0.047733035048082545,-0.022055387279357266,-0.14744846818834492
-0.04166526218938307,-0.09038126053507861,-0.03421841203866981
0.013508570292053617,-0.034646323221608745,-0.015090587821809213
-0.007245484731919048,-0.0775421968903282,-0.034368742855368034
-0.0470075947176159,-0.016418583490665183,0.052934956722543655
0.08072374878647397,-0.031797392534972595,0.006649231260438301
-0.0495182044631746,-0.05882358636277987,-0.09764172340636268
-0.014368470840303635,-0.016393381615613684,-0.12995372956931117
-0.06595094615742572,-0.027838874933458845,0.017287074793795508
-0.006148287605993136,-0.025724455895765844,-0.04228307009712713
-0.016083004420330223,-0.08132603824670802,0.009826793446315669
-0.015618904611493994,0.12261363187869063,-0.004677976516203582
-0.05355319662012018,-0.07491729522823094,0.0275959254073275
0.04844471822572972,0.03303561707632144,0.034966932246252615
-0.04811193227926601,-0.000799062622367638,-0.07142024205320083
-0.08936121782871392,-0.07445713134138549,0.048994307986693755
-0.038939294604088466,0.028766500670435104,-0.09433017493659873
0.09409567167759626,-0.022748575764991008,0.013707778823141612
0.09400713000683289,0.0031619154427901825,-0.04490223914131441
-0.07267517954761347,-0.03303571625467956,0.05089835284343501
-0.0015332488369625098,-0.01336829857605365,0.08980857366361808
0.0027903531620915144,0.06909130638922624,-0.01743403056816343
-0.02991430064315077,-0.02575887463821458,0.06915240589019128
-0.022347796152291995,0.017665223164165182,-0.006203135027211106
0.04712930328265405,0.029692995588586547,-0.005617225522110933
0.013809802855612351,-0.12793589160043203,-0.06980400771757775
-0.08103330188884754,-0.02851735895416721,-0.023072611903672463
0.05013696420463334,-0.03958811330029115,-0.010892543420896317
0.07150647181392268,-0.06811072499273235,0.054578606257760405
0.021602030882206955,0.0328263431935426,-0.12051326484685412
0.027461896314791883,-0.035234504820056016,0.028977172399978098
-0.0632315103279348,-0.03180414952330002,-0.003577373325005722
-0.07995969799499612,0.041319198802916096,-0.02934484767141498
-0.06464856800722861,-0.022227619889058997,0.06593909877779096
-0.023145868335416892,0.0261696546480373,0.015484350906422157
0.02237507275145439,0.07184733211585588,0.04360175626162944
-0.06650746449460125,-0.09019499023116209,-0.03284522103446871
0.05528199729929957,0.03322184929316062,0.03865992849996053
-0.08265191720340577,0.042079245413204035,0.006795491739907317
0.010526380142545132,0.017941260357330728,-0.08554746065317584
0.016035859404293633,0.014047102708210005,0.0025092799723257257
-0.10539424540486315,-0.02401983165433665,0.04933273377529216
0.03986320892983431,0.04540153163879202,0.019170760025703927
0.00428763480913101,0.12619615572706813,0.006350961746157849
0.016782766463395247,0.06360825879248762,-0.10676374454919517
-0.020315204470174066,0.009060005591456035,0.046920843070307146
0.002169733571999435,-0.03970481987294948,0.03884378995639578
-0.11556131902298337,0.003045862865198433,-0.007828846576343373
0.031744864524667835,-0.08612565644496947,0.008648273905724977
0.06110633113868012,0.015133625006264712,0.06969999732863338
-0.006544124366179912,0.019956511639030696,-0.023844019348451793
-0.011374724459368237,-0.031892294384841216,-0.00204710652741144
0.018430932300711612,-0.037806621449524805,-0.1009127660493962
-0.01055486018240051,0.08464015384907964,0.004335357343256191
-0.014416783006072957,0.03093392049002879,0.021777301986363632
0.09822465154953108,-0.03431874701994789,0.007465410807398067
-0.01075069651289138,0.06854202419624023,-0.017436208429848686
0.05348068475186577,0.028209042778800958,0.016830613202502256
0.10406169595500699,0.050442209609075965,0.048226066809270635
0.08340945875903369,-0.016136436220923527,-0.026355439120143393
-0.0719115111139674,-0.02004749510011436,-0.13388340258364131
-0.02920482519454655,-0.03381930013713258,-0.09399983189694597
-0.04604780427916302,0.015701107684842945,0.023828569292498734
-0.09885461820507868,-0.022260799507541597,-0.024904060894834906
-0.0027923076412349557,0.041707356289326175,-0.045835369628804114
-0.021663866422225925,-0.0041457278661558,0.021846949291747665
-0.02088085102357825,-0.03835606160376053,-0.022233995236810147
0.029878338708999315,-0.007641832155778668,-0.06304941093119282
0.02202029361258203,0.035712377326751324,-0.03988456020176236
-0.06918388412702091,0.021527218266947964,0.09454269018091128
-0.02194687850583684,-0.011845685292366157,-0.021690946301927097
-0.10282090381622057,-0.05114127801630872,0.00197283077153022
-0.050170794096612265,0.002847613473246466,-0.04875400045355463
0.0745695253200231,0.0470185368972128,0.058880994353889805
-0.012544900715539566,0.013340477639701354,-0.013317383672253175
0.039052073461623565,-0.019520992636556805,0.036823697932475516
-0.13455659673749748,0.01750365190009502,0.05316054095125898
-0.1281738918178622,0.09843009803825559,-0.060698755860197566
0.013913379121282453,-0.024823798650430023,-0.006603583930344716
0.05070939297557443,-0.03131355819411415,0.0348368307336195
0.03640392891097569,0.13764164090365466,-0.006568345133403175
0.010806189300493419,-0.10251471765133528,-0.013921506089743676
0.052859188213392194,-0.0371009822696126,0.08142837011371742
0.03445426013841732,0.028481035468546585,0.019585488937027648
0.14514812602144977,0.011751237795660157,0.0918959226931195
0.1013325661928893,0.11526279929376093,0.019015936055495217
0.10276095707171838,-0.01885918717645476,0.01752672620412881
0.010450774500098058,0.018335210328987543,0.03367282793993941
0.006769250624755644,0.013968596915797724,-0.024998580615522265
-0.003386157037639283,-0.05566763399175944,0.043667940736433916
0.03397965183844902,-0.014136627087531389,0.006033800608521549
0.034247596669381895,-0.021838791103360004,-7.380976176712961e-05
-0.06397468459349705,0.04160754909243111,0.038614301274693265
0.04906993903622828,0.006252637757767406,-0.056014165026875076
0.05046429818136752,0.04208246923973519,-0.05339414975134388
-0.030070548094047994,0.009915763322339927,0.09732221870236717
0.02130591414743635,-0.03458810309912367,0.0031420713041312373
0.07565547458702743,0.020521572063282176,0.01255896465426171
0.007121905632322517,0.030684881779565697,-0.09642272437465124
-0.06177786539932023,0.03616993991750529,-0.020325444781364548
-0.07641465014166801,0.09236209213647087,0.09398142994765632
0.042070878615760976,-0.005873085479420236,0.005698095436973366
0.055578567879984955,0.07568838132842401,0.004538825054765657
-0.01568958571239766,0.0052242244075672226,-0.017808754810495056
-0.03556458410980768,0.09709138782134832,-0.02198945021950819
0.05298279120470405,0.01686556202864283,0.011697511348531923
0.011015081079222312,-0.009213943684810006,-0.018052898063872
0.05925805410540589,0.0535951579209649,0.012122750180514372
-0.015112556712025677,0.08347739060950465,0.050176163731236886
-0.00756686470074713,0.03925635044006119,0.07459943859353808
0.04910824589170401,0.03910247302324624,-0.02743002411698919
0.10357267020030941,0.028853229431372786,0.0204415526458187
0.051593383603814796,0.0023082981944422785,-0.05936907418002417
0.057207967319387536,-0.004681806261036498,0.025951791586160015
0.061294518911620445,0.11376573350206384,0.017189315814866442
0.0029115864482526996,0.08445039191251971,0.07771484134879347
0.06851399608588528,0.009797094621424819,-0.054897976164703446
0.03214080114835238,-0.08200865312215783,0.05008521200048016
0.05932730389796882,-0.07391076308553005,-0.006903906298368179
0.1006794040756763,0.07903566121928096,0.01741439290783729
-0.03417382169793977,0.08681220417222818,0.018879272184945794
0.08107545563662288,-0.00041033054790073215,0.00393384805155254
0.005671081909347963,0.0008508539023072866,0.08053408580511309
0.15535605801726593,0.025095857028149364,0.026472442337077948
0.05252396383386171,0.03802870918265917,0.06463266140828836
0.08549128407918022,-0.012030294193387279,0.09256150702194907
-0.009235427792549641,0.01585693801919847,0.06233330228721465
0.07412917493066358,-0.030129777865056637,0.051776487189561377
0.05539826918535323,-0.050908862679733186,-0.06681358006985592
0.08253512805645231,0.15741145425833752,-0.000997236926819415
0.008896798059833642,-0.05539183838829562,0.03586883153638598
0.0325367922758675,0.06062427486102725,0.023255400772545842
-0.005350390730330862,-0.029069198653813768,-0.005866291233305492
0.1137847165160839,0.025833198225791304,-0.10486568576865929
-0.00496153755125427,0.033888930996989045,0.032680831963911944
0.13566514459778464,-0.029798351884130155,-0.0189248004866403
0.04670341605798142,0.062029118581669554,-0.06918300946356969
0.10901554589472771,0.05492086003709143,-0.06076665567240104
0.0899301411653555,0.055935174524254096,0.012395388124648066
0.022825459556913008,-0.0036824267497149524,0.01883043635471304
-0.037070207967657476,0.03836780292826715,-0.040998950393520604
-0.029027560126830873,0.003514792416522458,0.04704302095818064
0.040092562283289945,0.012322870725226115,0.011184934184054324
0.0026834566645993103,0.03382270535062087,-0.034189409458582405
-0.013174797399700993,0.04670134269343965,-0.008895771760769413
-0.007309830527837818,0.04526286013928377,0.03189153917552673
0.016092674726317945,0.09361472553979103,0.010026557898268845
0.024240117895223578,0.0531495170254109,-0.04452978797667888
0.03364651951623371,-0.061040613325197605,0.09752874982091897
0.04019601394984632,-0.07290436287694702,0.11486099022397506
-0.016345858036952595,0.07592591535788405,0.010349423197286229
0.06602614370612805,-0.0053298115420258065,-0.062186634875103994
0.021379242167258512,0.06767158411461542,0.028952458874013723
0.10615287889603439,-0.007939333135816944,-0.025256364974714222
-0.03489806636427632,0.0159128365991143,0.14036345892364083
0.015212260735421975,0.05508438972029188,0.04014688543456021
0.0016958284893391629,0.04861930898604497,0.029288516011983203
0.0324251460403501,0.0688779112784108,-0.08807216550455166
0.07244520660396457,-0.02208007707754782,0.07043172583288455
0.07748348640419453,0.05935015728030004,-0.012091417547817021
-0.018233790282523286,0.004487367818363747,0.01638285026952515
0.03663561719627308,0.01612537922055428,-0.06176663565622474
0.05657651301898458,0.023720049930674367,-0.018046188552320548
0.09548663147897044,0.05004048536221882,0.0009409109917821908
0.09045464573155473,-0.1147870954182825,0.11274466133166638
0.040565810325033536,0.0039617134069868075,0.023311349605574544
-0.02775121141387451,-0.02011251425847499,-0.013310454668070244
0.03347299035557523,0.09761494200276319,-0.08307189548179403
0.023484672411046077,-0.08442124765261934,-0.03176088059893972
0.02226879167224969,0.006331232696291799,0.07224303263958665
0.04805677885956836,-0.07139999280634213,0.11522994984324708
0.054323576208690695,0.056496846811264,0.0648867600280135
0.0072045913449822665,0.006127118219430475,-0.017617863466972944
0.03983533428148557,0.05823394216020195,-0.006294737537665601
0.02100072388947304,-0.13179136903085414,0.05450566894432147
0.001928362607337808,-0.009160342997988093,-0.0003256050434500418
0.003048832629303923,-0.0012127693199245233,0.07832650221301962
0.11478501013619646,0.03763503064836504,-0.0243019071466279
0.0398429289954547,0.024507215174784963,-0.04726174931484386
0.006792814293637737,0.05850631084414898,0.07102414643150898
0.028314788014210484,-0.011292441777143024,-0.0315881191414836
0.07999072366185159,0.04470746944201055,-0.004233899905525994
-0.024247177759643485,0.019778778014779275,-0.012605239866392611
0.07532816527929866,-0.08392630081860077,0.03294391379561831
0.09257194244073809,-0.03489763446500124,0.022643284725800752
0.08057446047088557,0.04542209061917794,0.06709507604407633
-0.0501317970936808,-0.0717853690869886,-0.09084465646287648
-0.04651935213450702,-0.05741269047283726,0.027369860161232752
0.015449415611925813,0.06179927690607544,-0.039325423732860965
0.01348594409843421,0.041550001823107835,0.0014753439800825312
0.05727848416913882,0.057483992566215114,-0.03016581922534867
-0.013276970199556436,0.03808948242883384,-0.008102822356157068
-0.01985763559989269,-0.04443399636196465,0.02765448373805724
0.027849544284412525,0.042341093066539354,0.018286165563768834
0.024901890190376558,-0.03491833275871042,0.048228209155624424
0.016017856910409713,0.12106110088328745,0.08956685822397353
0.08685099194393878,0.01616941602124444,0.05726707565481746
-0.07631429463046001,-0.046186576518215235,0.06881580649039067
0.025552165351448046,0.046557111955421115,-0.07919033989257164
0.046140026785862244,0.046533974907937245,0.04048719131629942
-0.03993593120552181,-0.0037553883442248935,0.0842703569424608
0.09737646470457205,-0.00012333336309444144,0.01684866176928359
0.04026928081688329,-0.00041650328198721866,-0.009884815090136891
0.09311050115773978,0.008867155790439986,0.06874645079041825
-0.009404619586452806,0.008586795221846268,-0.011558743425195691
-0.0029278031426474022,0.006435781402610844,0.028468415865354327
0.023390769007365537,-0.04721713409497712,-0.012187759473868957
-0.023326613597671672,-0.01511503088529292,-0.014186594138839326
-0.015065806567685101,0.06826901144615469,0.016792955336591767
0.03613600079881378,0.04402597627408951,0.14427367590098444
0.09817875631418023,-0.01585814326727356,-0.03516520142110642
0.025451302214910716,-0.022550433964705976,-0.09165370847179011
-0.057017114507316696,0.025676539914219358,-0.0020516358255933172
0.07441458270036198,-0.008781178809346668,0.008880770544211656
-0.01592069565544333,-0.010188580594725475,0.023737613731488166
0.06545785589084784,-0.05148317655786218,0.06753509497962233
-0.0037870982358882577,0.013172110056525556,-0.04517271643634428
-0.011011977141638403,-0.08232630956986883,0.03731598060348717
-0.007851891143246154,-0.02121776895132083,-0.07352601605845119
0.046004497850084924,0.0053022704546243134,-0.041437654585749814
0.03693481916171769,-0.017360692846591027,-0.02446548693695014
-0.05688686073749172,-0.015008548656077602,-0.02055033013471003
-0.005931652136636929,-0.0017214402805747686,-0.0044937752174601725
-0.007202303874172022,-0.0496896391259756,-0.11775623792194582
0.02778214004687251,-0.001707243852728202,0.024099024874587482
-0.06686935955302999,0.03466475571467178,0.026465090764325475
-0.05419947491251008,-0.04724002252860257,0.09541934111956972
-0.06385343791733075,-0.05336125173720742,-0.010206607205183526
-0.06415365312691154,-0.05003267463743644,-0.017883036485392072
0.03769488360362692,0.08761943893476068,-0.02375617352229073
0.09250594956198419,-0.015607321131492762,-0.029707720134754444
-0.012100942584652795,-0.024734523626791672,-0.04433564374728015
-0.004732073919076909,0.015737907546508403,-0.08644163153264711
0.07846278890525768,0.007263187480166366,0.09089099611862866
0.06505429127083122,-0.034588388479620986,-0.04679769520973974
-0.01809336363451582,-0.05717319278156834,0.11985611599439605
0.03916152211459184,-0.008984939851407999,-0.04551023156476299
0.055884968683985896,-0.09584476864428038,0.00881384408652031
-0.06950216914261546,-0.02037722733061919,-0.007640783212011071
-0.012765116836052661,0.058070473034530744,-0.07013429391161474
0.0064982461541949425,-0.05645994796898009,0.08495120806149975
-0.0030232288008863583,-0.05485848561964476,0.04419332815575697
-0.05967350516040277,-0.026536223565957053,-0.004889290866336254
-0.0487517723086552,-0.12639378603540108,0.02908434278911046
-0.016399529613346144,-0.025307191284835415,0.008277810419147262
0.005706164013257929,-0.02176478109393429,0.05096448965166511
0.05510013615877724,-0.05548524044252473,0.0010480097453944306
0.07916124915899066,-0.04220562252907114,0.09587962695048524
-0.003955813056040419,-0.04716669109775607,-0.05081549429584127
0.0439020632877086,0.001245205356597192,-0.012393754903010867
-0.010815919339175356,0.015017967329981254,-0.0046769335855342
0.0019739908121375093,0.06260236986200599,-0.033871189081406475
0.03042792903639553,-0.10198501053954499,-0.01055848200001841
-0.03673023748719335,-0.018362837998460693,-0.021848676134527557
-0.003347677420841821,-0.06078131632243985,-0.1375472040450892
0.01040527232501998,-0.08190883769124876,0.00669664627285229
-0.012266744522254831,-0.10678503518454087,0.0195890654279547
-0.07517606881799532,0.022954679081539326,0.021124482165959895
-0.03387945231291811,0.013004358348229328,-0.10122974035005718
-0.07321577251267487,0.010258737057486665,-0.013245910298811059
-0.08260954606707879,0.002564376005078783,0.01743345412020674
0.06435111097663467,0.08200703215478705,0.09796037493219627
0.009670069337648655,-0.07272451665281092,0.006373173472706731
-0.052667042907415286,-0.026403102033663518,0.046776775868564435
-0.02384911913832627,-0.034604782934629964,-0.004242664490699206
0.006721873425940065,-0.10928226014710005,-0.04648065725026284
-0.045518129205905,-0.049050657429301044,0.021102541681438266
-0.015945609949698097,-0.027359528460625934,-0.045855384575296004
0.038968697001602236,-0.003986155537510604,0.006018388214048311
0.06580603919998072,0.0024813963151850225,0.02590544647719533
-0.01093456805513552,0.03757584155336167,0.021874292562053876
-0.060405743949198024,-0.0835589526240593,-0.0283765790427276
0.004514516041853355,-0.05152820654158481,-0.056893544369865164
-0.030103210498844298,-0.05118925777580311,-0.06728372757783985
0.024024000398445308,-0.08083771293249596,-0.00293636403937202
-0.017251234678749682,0.028378367944645082,0.014049353760499275
-0.04194527157373995,-0.08819106242532736,-0.02001683416036136
-0.0827589573735035,0.08708921611997253,-0.025510216206135125
-0.054416900321479104,-0.0921560826402119,0.022114976456185292
-0.09033706192123873,0.04405423440397947,0.026733060020443837
0.049780776713354506,-0.037949762577657,-0.04162354891823477
-0.01616159511901549,-0.0016562780153813947,0.07742851326798735
-0.05073744825654065,-0.009895355057606737,0.08757136106671842
0.06627818512577027,-0.007915000316933814,0.034809390539756825
-0.051584771711956336,-0.05944275966709783,-0.024916881411621936
-0.03903998167899213,0.011555688896756601,-0.02112810217872739
0.010346706943948339,0.013533217223009547,-0.01743848435753411
0.05236735136836064,-0.007689196335006562,0.0019606340286759828
-0.058575960676473665,0.0027899196836652183,0.06941265981009839
0.00745706446552169,-0.07834418736963047,0.03651510463242967
-0.015505915131456034,0.040914674971595275,0.025944832498137865
-0.04578067582608847,0.020746310047772786,-0.008511622745787992
0.009000412030273876,0.03685933796852529,-0.005224043573489319
0.04657791933440431,-0.010119480467098454,-0.01715063770183128
-0.09320085970196682,-0.017782413092905902,0.13358068086704641
-0.11221971162014836,-0.012677920720639117,-0.0357589390768252
-0.07659416002953187,0.036803650869449145,-0.05343988313707092
0.02380708835846551,-0.04691450492519989,-0.025759342681450935
-0.01390473738547056,0.014447080431816152,0.07033537235923679
0.0020027848925679836,-0.06337101511845569,0.0758012122024726
-0.07351868975658929,-0.04405037435905809,-0.05152722826913756
-0.0015684188453082212,-0.07062926831445082,-0.0012400033801331384
-0.036533977263348005,-0.035657744257273874,0.0026223258509606336
0.08246622666331353,0.010218958070761789,-0.10352258322253456
-0.10208218187395297,-0.04854470371574744,-0.007535051061616244
-0.07984444139673898,-0.006899583267653494,-0.05567562531918262
-0.07574648673667152,-0.09694925252220472,-0.05178119694507957
-0.009415394823568164,0.012244594063752189,-0.003031407865249733
-0.04009794888780755,0.033088375016335825,-0.06001197670401488
-0.0458420938752543,-0.014655612686751009,0.02052164355066773
-0.032601852383074274,0.0020824878719615456,-0.11242831191753987
-0.011711526303228288,-0.018514331682296832,0.030075921529606232
-0.02117697068700372,-0.0898424901887932,0.031791713708681446
-0.1153976108474383,0.014853792748288203,0.025041671071900636
-0.07863213068672742,-0.0036164738049563917,-0.04977646438701913
-0.036482500401066445,-0.030765361437972222,0.014063665706344972
0.007527380391585681,-0.06059239301333751,-0.04203158754100243
0.02755054141257928,-0.07402052722552238,0.051732938885311844
0.036029286385319964,-0.03391426492357156,-0.08965082268756375
0.05819797923297592,0.033372351716840463,0.04706317280406241
-0.07151311619670483,0.029465003829832977,-0.021059615189455393
-0.032471934540608885,-0.09812044778321877,-0.03039684487238642
-0.0809311348016689,0.06283938389631025,-0.06467174190538641
-0.02402285584995064,-0.024411075206852092,-0.0555023944768178
-0.007302803777309054,0.04435982006411886,-0.0015350259619352907
0.016678720590521733,-0.04766902551022293,-0.05848499024266529
-0.01225878242432796,0.01643414584387357,-0.07900839455465675
-0.01738656100038137,-0.02821992839237178,0.013426220546921962
0.034588289233806274,-0.02095362262795882,0.028223248788723395
-0.109400405329514,-0.09885863756316823,-0.04194456252942568
-0.04375940144004166,-0.022851628517171676,-0.06464645217598551
-0.052133929962158265,0.03187836290357242,-0.010179707482903819
0.09037808365326613,0.10024216530634826,0.038284435062715144
0.010442175386820855,-0.07877794062117888,-0.07124679247421839
-0.028142011863205543,0.008897394156737185,0.04653970176705395
0.009161423984414833,-0.013266946832710475,-0.019483118094192214
0.018498467390370036,-0.04778731606485068,-0.0004376525275818187
0.010673555164556894,0.05567896530146822,-0.007207342238235036
0.012014413393742505,0.050453647376285805,0.08040877292643595
-0.02715043027310571,0.05096031488541144,0.05986362424566528
-0.05627158985132194,-0.058439457249103696,-0.03599412483056613
0.034641463615779515,-0.03285704646684151,-0.03920477857481254
0.02972927864740148,-0.05323234962310339,-0.05369714553215897
-0.08006854378973684,-0.008701909989574444,-0.024213129498829603
0.011353135347079206,0.03613988374084884,-0.03519456316861631
-0.027531172527560786,-0.054144746101511966,0.012359810004814939
0.027613190312043026,-0.01302576514361985,-0.030348219919222992
0.04779651018363677,0.028008687098951806,-0.04300077800761407
-0.09713549682769093,0.025829241503293923,-0.10386435690096274
-0.005717029127149772,-0.009859093367279387,-0.05377170814109259
-0.13900259543447535,-0.0033022304006691434,-0.11179275380019135
-0.055073490122909116,-0.020556468495732196,-0.021530618955105253
-0.02444586006508338,0.006681931311593753,-0.010350917236279771
-0.0031715752073785512,-0.025685754572576137,-0.005570845181948586
-0.051404958718189564,-0.04326896853839936,-0.05697311240592916
0.06550761072317163,0.007545738423584421,0.018766257846102266
-0.04267739161531027,-0.028631044547986005,-0.060738033254693596
-0.07546621869181659,-0.06666622457082345,-0.01534400070071161
-0.030142032197066758,-0.0615576492672475,-0.017356983174433013
-0.06713126028845251,0.14070993507320512,-0.0707396785867273
0.005428898277786191,0.03969505216703736,0.04917405795294146
0.0038184034143038635,-0.020234972695885294,-0.04059636902537231
-0.05010808012849542,0.10931584442349704,-0.060713231975130205
0.03781940060550772,0.061723306254717836,-0.004010698696062669
-0.030613210295986133,-0.06126172644378421,-0.041123285157219684
-0.04415759591043977,0.05994808466457317,-0.042860445256363185
0.06679140855577854,-0.02077291596221657,-0.05660699450707961
0.09725898669443397,0.006708362615676488,0.0019378373220495966
0.004119170566939157,0.04699099937986072,0.029359646952451125
-0.03752317188930668,0.14335256317891604,-0.016468307177992
-0.007158302338675279,-0.05097263700200901,-0.02026419781027193
-0.008603893891963706,0.022108055829578255,0.033449351378460994
0.0007408273455540744,0.03928962511138128,-0.026295009741787934
-0.051550521810481684,0.037547474641579356,-0.09783810266806885
0.025375573628425213,-0.019093679067015847,-0.06364970119967625
-0.10901045168718336,0.00486362399714339,0.00019998269853538364
-0.057682358839671925,0.0036958165272548485,-0.004761585281274322
0.024437422535086524,-0.0655607570511349,0.053360541445784664
-0.07380006571805449,-0.04364477293762903,-0.05899932009075262
0.033281214339357594,-0.09130516025298419,-0.00667702557721226
0.03834481085717931,0.008780766964416407,-0.11947734119688326
-0.1065692915494853,0.029675498785099515,0.008757045807223703
-0.03317644958076544,0.043957032513226135,0.0018952159484876135
-0.1193146710270136,-0.03817963537835236,-0.04761044951868011
0.12587974239235183,-0.024850064567472963,-0.029414399862415418
0.009410120703549806,0.009031453468143272,0.006571118964218161
-0.05905371618801902,0.011318736065123035,-0.06739331917748942
0.01206274958602344,-0.1314440495847249,0.06310031667900448
0.0635144451354161,-0.018969725692710635,-0.02354532066894986
-0.030823040399174717,-0.04245573922038461,0.017017316342585964
-0.08100652569494421,0.07522257183838024,-0.04366693451532759
-0.08830348441889205,0.05207323506040137,0.027117515887854375
0.02931722035959696,-0.08666335332467207,-0.04781034620925032
0.05509609252381445,0.0456603217414563,-0.06918323992341156
-0.006208732537206848,0.014646985689144992,-0.06261058260754171
-0.06566243349784352,0.009297344571205474,-0.03279656987184165
0.0019184930977214371,0.04260251612081766,-0.020610695515284466
0.043161524197308704,0.008511655688326382,-0.05868095838110009
-0.0057345337224749444,0.014965044263976091,-0.122579958535031
-0.012695970541571728,0.13622922437734086,0.019917637216822142
-0.03105981481995277,-0.045507372795277605,-0.10813268492211035
-0.044086472021254194,-0.00037148707143593723,-0.012538765700124606
-0.01252028771173093,-0.10557342191928656,0.08754899882426248
-0.06703300975395185,-0.06477886305664293,-0.06511066520757944
-0.05128306948610121,-0.06875253021451355,-0.05516511408582167
0.08336312237745507,-0.007876567076545209,-0.010338028865107056
0.016879472960759256,-0.06029574087092813,-0.06315958120690306
0.055029165815238035,-0.04208135311564429,-0.006723846053301825
-0.039985621376312154,0.03178675638566384,-0.06639688202474348
0.025465732271704275,0.040698539635545414,0.03343459001039277
0.032001964443891986,0.032737411256190715,0.0038089524043236674
-0.03464958206467247,0.06502809063388233,0.022600919273384354
0.012484130664476855,-0.028483382241057495,0.03834515605833659
0.020149492895639755,-0.1216821271507402,-0.020735791566892363
0.07788279986220527,-0.04998838692031268,-0.017037381849682773
0.047068391462325276,-0.0027586622536692465,-0.004615397231940794
-0.03403873977497657,-0.03022876589712778,0.028375756845999064
0.025804841500720387,-0.035941650301867724,-0.03867170402393405
0.11280996795295367,-0.024375259235683632,0.044517494825543805
-0.050450693660914946,0.012558388775760163,-0.06793759221109107
-0.00012017078978936689,-0.024366171482519943,-0.007062168137794098
-0.041710510046006455,-0.03287233443159592,-0.037464098354112796
-0.00794916748872258,-0.0009334709399016587,0.018243216921039102
0.02097175157219796,-0.08158786589641834,0.0019312849874565507
-0.03254371848214265,0.0625570907563339,-0.06687433292124029
0.054644445083799745,-0.0019691168578757426,0.00811077359501924
0.022218786177642398,-0.09581206124907839,0.05697882421831236
-0.09489197904448081,-0.014761157684730193,0.007260894965747505
0.009026533677017591,-0.04786099530780216,0.020656067322415848
-0.06399804655803498,0.046414093781368175,0.0519730838702586
0.02573548448201877,0.0556304716803787,-0.04665343755559728
0.010225130997252401,0.062290306583966025,-0.06937745958468503
0.04522082156778128,-0.03189459823164972,0.003478037403629913
-0.013296710462464537,0.040375208707028314,0.05407337236027301
0.02222033718245931,-0.026720072641709315,-0.02750172520440853
0.07961637375462227,0.025122254972854335,-0.04033807557715327
0.052814177624243244,-0.0530080187667719,-0.04585352410270658
-0.048404538077923984,-0.022766298748343215,0.015899117344706216
0.09137551840979193,-0.0611322403686925,0.09902531174090169
-0.02845711737171245,0.03613140667427421,-0.006611334654791285
0.06485873024093892,-0.021428132966039314,0.04523240286291638
0.047495339604269986,-0.0011537680460556084,-0.05893098976349154
-0.01782161363630759,-0.04611954319215449,0.051417179130813895
0.08531747987002812,0.08836723101399309,0.017074692613887762
0.010845961847736727,0.0453200430691003,0.01264097011928656
-0.04185644956149711,-0.028422859573465586,0.018573869826852288
0.015580467760724434,0.11450188897197301,-0.0485151128467123
-0.04291776079052443,-0.0399802293759822,0.022017148777329073
0.045491232418019625,0.04555506664886568,-0.022357262142190314
0.014812740780849713,0.030433037688213628,-0.01444877592119036
-0.101494749462103,0.025038068054147173,-0.08816531182144545
-0.003275040258963033,-0.025544330421277444,0.023955745779099685
-0.04657393741512384,-0.0431231401221453,0.0241449071412996
-0.061638129737379026,-0.03026526054917134,0.022249706752187726
-0.03213278522936446,0.034574508766114155,-0.04240970328916604
-0.08388071169690679,0.09228722147046596,0.02044861720041469
-0.042694835751744,-0.03924255428843581,-0.018223206186213956
0.12061066949934875,-0.05048612593672122,0.05824315617472387
0.020758679094158287,0.05090164971363182,0.02485745128039519
0.08851657959872299,0.043674452844005576,-0.02948385772556552
-0.011580805906975689,-0.019168189215156235,-0.024356653832917782
-0.11353653806953569,0.027576893788151584,-0.07149024277188543
0.03830964056925014,0.009362451020652196,-0.0804209325927809
-0.07247210167909729,0.05272497217450392,-0.08181294844037015
0.08507062464225507,0.051926479020660624,0.01053918971875405
-0.030480770964628406,0.09751450885929709,-0.02109172290859996
-0.03992436926545327,-0.033772315712151724,0.042625478695116736
-0.014941066776192356,0.05107658909989296,-0.010586487942645613
-0.01027113696338634,-0.01250020878306192,0.009218240666429437
-0.0006671614823402505,0.0002872012951512168,0.06387938231059531
0.0366799197533855,0.05635599131529176,0.04691591091435307
0.00039510563507259237,-0.016688915631205215,0.004902574206743386
0.035915654501858435,-0.011025364484343395,0.0038115827180661807
0.06131495894288224,0.012183083670092847,-0.028828349399343645
0.04172538509327393,0.046468273418327544,-0.03182997625770539
0.04376830620172606,0.029068202873785656,0.00651352714255468
-0.062279181982837876,-0.021171032440633848,-0.015502538331186462
0.0769884380034103,0.020787749841750497,0.1195314941887077
-0.028101619318755267,0.0012079095774198481,-0.06143243732035745
0.024343007467739874,-0.009110350307583455,-0.012078597837431985
-0.06039513340702186,0.030262780979616787,0.03270506701848847
0.03839942637774212,-0.01091987040178305,-0.031544541731052846
-0.006614477778352147,0.04356217873218557,0.0024526277247020594
0.027087804225658617,-0.022438723683695483,0.13712512539618787
-0.0024412333480852474,-0.010111410804207821,-0.017644561401973166
-0.08903875393936338,-0.06015807176449725,-0.03685178178774774
0.024968591046998327,0.03714435939773661,-0.072877615355633
0.020721291914085012,0.08171894379577169,-0.012311564361711838
0.019995100545320423,0.054157538728499044,0.06829484732778791
-0.03832702177267948,-0.033031208537551315,0.06941868901950554
-0.04975160481530706,0.10120569875537865,0.05049009192519853
0.013423236263753852,0.038483631733134224,0.0235611467595796
0.03690286235427849,-0.009904598184471817,0.030749844922648845
-0.0552489667053992,0.025780131967171174,0.057358313465608345
0.058429284449062965,-0.026974911300339126,0.03450698754920036
0.031533879126998024,0.046844684746795325,0.12691812970031952
-0.013465999752129195,-0.03463424515855198,0.04533101010068526
-0.0030203063048494343,-0.06113489745018705,0.020149805484389164
-0.034272357245156135,0.026509944051583082,0.015932926343129643
0.00783818441132586,0.031277903516748126,0.036545109623967884
0.0729401804116866,0.008851716335117346,-0.037729074416958226
0.012541705484909575,-0.011211073578271847,0.133909953239368
0.007640548110064616,-0.055536887547189454,0.019510862242073053
0.08175299984058076,-0.01175694381023933,-0.09254114685717157
0.007781813869856049,-0.08712149989756134,0.03766429598447536
0.005007760678145274,-0.0542563935662394,-0.0505261460522705
0.06433991856995608,0.03968643052899613,0.07939718004509982
0.07016187699547398,0.004944712688133554,-0.0076699621755937225
-0.049139851942560986,0.09628909342250647,0.04123716129197261
0.052103053470181036,-0.023510566170356406,0.019402571999036656
-0.00954520700495897,0.01020775726050335,0.057005096434246706
-0.0490127354611062,-0.024678283940263113,0.10905529818766199
0.04941340011002197,0.08478631153830163,0.05751141579433725
-0.021728418991203726,0.0027481878697877427,-0.01625079610017365
0.024958646384934627,-0.009322392318992994,-0.028323252206311742
-0.015256696296828423,-0.012261058379904526,0.02893023931525792
0.17232495188775787,-0.02936626168813939,0.02103645280240566
-0.0013131033557496584,0.04185562721831962,0.09333840291250095
0.08818776293673486,0.11783096107236557,0.02517769162456683
0.014045084889900097,-0.038086727060370626,-0.008982763279814898
0.019333221679826255,-0.05399149996390163,-0.026437382228521107
0.025102416046254693,0.04269555402967889,-0.03533675691654329
0.05928015704098336,-0.008707793953792807,0.03485613695875971
-0.006213964505291509,0.14716390848883198,0.05252800895467827
-0.03742540838490167,0.04065576631573449,0.05346256821595355
0.06880743286463917,-0.013218254072976918,0.04761465517035919
0.03605605268944896,-0.006459810773384256,0.09488053238876848
0.015133049816695436,0.11027860679812085,0.04601672562806132
-0.021150044615101622,-0.00909647243068451,0.018245890764758403
0.05748123918673359,0.08135322117309163,0.01258941765118686
0.004287382094140481,0.06531644550137197,0.06599852202308865
0.057067362040818526,0.030527913129242922,-0.015101856437370938
0.05028695826208805,0.0684995752498543,0.001816972791237565
-0.04167426749472464,-0.0009617037157762486,-0.047203936563517485
0.07666119296436734,0.04840816499822881,0.02287191864733936
0.024446429120402947,0.055085014557954726,0.029912993239343707
-0.041070868968036175,0.06552193328724062,0.08166447967160821
-0.08482075485002546,0.021970835822750914,-0.02784505379139597
0.08417321214008418,0.01439526278462444,-0.04235977734572574
0.062157812209655536,0.06567547549748964,0.017583580046419866
-0.0623746984198908,0.06295336893073175,0.0037767355681474074
0.1492432284921713,0.07699472998888277,0.013601018785863825
0.07162050276417717,0.005586839137439742,0.06491004400811211
0.04108215691394919,0.0347522247032536,-0.0164475636439083
0.008233216908869991,0.13562216432976032,0.00298632601438438
0.012047638503964689,-0.008405275263734815,0.06899949172313963
-0.01075027340124713,0.06558039514664454,-0.03649578583763164
0.06495124159664718,0.04551173774410644,0.0201916479467956
0.04683659103891129,0.04346819794706201,0.05172888218789573
-0.007462917844764331,0.09105051337740509,0.08444803346036979
0.05722170316822092,0.04424694591304747,0.06424864313272248
0.03553855194709437,-0.02596731045840675,0.07218339794728021
0.014776846708725842,0.004515468521926001,0.012528495404151917
-0.08896428803832981,0.04665769011517978,0.024434820852192167
-0.011710917635535386,0.0161395011184735,-0.007591232000487717
-0.02385739725416551,0.011894337116598222,-0.028689237791685293
-0.13008208913234365,0.08560835230276159,-0.03698662369863985
0.02437195015933937,0.029690296765094402,0.06084451973678938
0.0009151550981767453,0.0989732100171956,-0.05361077567622366
-0.029115293269686572,0.01578284094666364,0.00278770568159193
0.050452514430263565,0.02373754823471104,0.0024011999428934054
0.024942284571144117,-0.04041846504108875,0.04712315400476117
0.07370488763472574,-0.0504986540423127,0.07215224776443112
-0.011052854260156529,0.0775878488093159,0.09667219269144857
0.05298110237302435,-0.04018356871635942,0.06684032902827916
0.13861965132214824,0.11121641658366993,0.04509798602539225
0.08597281802550016,-0.026471955728879185,-0.029504961279896047
0.08355039334917855,0.04224519484314325,0.05058484146109295
0.0003399386685021717,0.047749183828714584,0.08652162207290878
0.07214970459079412,0.03518711884734139,-0.02968207605431667
0.04921882026041551,0.04035395710438687,-0.019504414288012376
0.07166148228765115,0.0763239547971759,0.002126236235145157
0.055490753163793934,-0.03223889051475996,0.022697137758338138
0.022535981220555397,0.045762113729265794,-0.01499797824167386
0.12845358653197125,-0.026513702783550003,0.049365301598992585
0.0005918864620917709,-0.06715129607258463,0.03479109350399416
0.04624703253636683,0.006892064224933242,0.02247592453057722
0.006936207797200816,0.08677858684187793,0.029959436498884703
0.0009496805950581604,0.01772610685150511,0.04076391346337147
0.043605548719658396,-0.014878925514563712,0.007290910725518587
-0.060509444610331656,0.038822494517709985,0.03108099540978811
0.05241963031819633,0.13416384397943598,0.021548297472953462
0.03567280809759445,-0.04913025105072294,0.08730465684291247
-0.021030572088313,0.08765044652986342,-0.005555134712946268
0.09059170778173695,0.09477661949644137,0.04918109106348545
0.06671237444375638,0.07612317206773049,0.027117330984221664
-0.0682943908678437,-0.06294818314395279,0.034829205620500514
0.03462099211793172,-0.03373847634143981,0.04344887829212016
0.004669385893870857,-0.05409226468677765,-0.024156780636372013
0.011852946249697835,-0.004831527485610065,0.041952389059961084
-0.016795957515516373,0.11980285250820757,0.050584118810614746
-0.04987187283432338,0.05573050190538522,0.07733612917977561
0.003486750205421758,-0.02168883345175463,-0.07770611036346843
0.007175334071302339,0.07673298569850971,0.13631895170907507
-0.008573846642978765,0.14598824219228557,0.06203777197038263
0.03363448190567803,0.029473221139168046,-0.013633119940990935
0.04877470338803725,0.01644779275314607,0.01465069080212459
-0.0023383568750632005,-0.013331230099330208,0.04737307692528149
-0.05895438794450167,0.024095901240586713,-0.010614098196583151
-0.009346359696302972,0.010137888221501664,0.03585571748028983
0.026798940292212282,0.07883600437860513,0.03736493159913243
0.05547785387251654,-0.0037467105004634765,-0.02606748262084335
0.07715597935402434,-0.023651735115262734,-0.042273257036879355
0.08930174884422952,0.04290708599712321,0.025116080428991366
-0.12776757180365636,-0.010500294694041883,-0.013566513344401034
-5.138347553723492e-05,-0.019732930885479352,-0.005462999171382274
-0.036466279735626224,-0.0054032465393068895,0.05972812923293521
-0.02928467197172832,-0.12508754367111177,-0.061123314169183776
0.07942828646183094,-0.013181436440677319,0.05414799564971198
0.08882288758795716,0.019429840545839003,0.006714297814645982
-0.046520924102858505,0.008396420526747,-0.034748244655419196
0.04485664958488919,0.03861336574733894,-0.013180836901334517
0.019565608675686425,0.0009185425228847091,-0.01892287546876751
0.05570481803933565,-0.05329650235829522,0.026967702963014414
-0.08817523882443051,0.07578760852684407,0.012385113290853777
0.047136309837726695,0.06168908126245203,-0.012028695434994125
-0.03965772692261855,-0.006851788336328921,0.005367524265870835
0.1051174257414032,0.03568693993066779,-0.016031657064031844
-0.030589408210845038,0.10263594012408003,-0.09837649106903676
-0.018385315178212073,0.056943976372475134,-0.042364306353238505
0.005671744275759408,0.03840644963830012,0.027068539779351537
0.08789222892843472,0.02112293271155645,0.14521124919536907
0.07846315491955795,0.06739013958212807,0.011543130417263861
-0.05661558384932934,0.028340582943883405,0.02969058259094329
-0.0451600839339234,0.003684154059279395,0.06236492965998616
0.023574570513971653,0.004804893122192207,0.1178936414834216
0.15403251632365486,0.04801083495184143,0.04273117244022387
0.0255380084534719,0.07135086074715138,-0.022524508308988368
-0.15794069735027874,-0.009338106002295381,0.02085063054826014
-0.07571728260598563,0.11331998963269074,-0.04536872906429071
0.010631879691649325,0.033785024018176735,0.02323366318108315
-0.058009545382009226,0.016508967082096978,-0.1022647179534757
-0.02338281591849309,0.0012422549329032906,-0.056408796983923204
0.062437054162387366,-0.0762634660684122,-0.012732185090323221
-0.03543677368677006,0.02927326732341957,-0.07099875576483154
0.0025445549116734087,0.042296786545997354,-0.020144902095874172
-0.06445744886640202,-0.06008076901433361,-0.031326391011975596
0.03841060886660676,0.008363089407996642,-0.10370836528204326
0.047447642249122145,-0.06829633670175224,0.022366027823538522
0.028660526870026088,0.05911444741651747,-0.03492739911680554
0.00849253169735123,0.08699123527141495,-0.021056421074223394
0.01512351922170537,0.04582996411157243,0.015156194771160444
-0.07039976417307126,0.030245466380942908,0.052503967122109856
-0.0801164159921001,0.05958408477761641,-0.003908312851086169
-0.05036087305595472,0.11100293636771644,0.04188121319244845
-0.05250264205767375,0.025293638489456156,0.028479881827679538
-0.03159877094494953,0.07815471478734551,0.014224667072928566
-0.007933678741347403,-0.01752382193170362,-0.05002887961007315
0.02437482137525422,-0.04824947924149923,0.08801030448060489
-0.05575529595322983,0.001625877735470596,-0.08724077744263634
0.029492405980675512,-0.04081365800706668,0.05360240491113428
0.003657296659460173,0.03309695170900251,0.040294612132565875
-0.027943238873286893,-0.028872958388649193,0.03676326964497491
-0.11377764078121363,-0.009450869406430855,0.05128421054151051
-0.09789647461246347,-0.1403675112005531,-0.037723684573946224
-0.14037311754513876,-0.04049566118104307,-0.03453971586316731
0.018686294315285498,-0.04019332842487443,-0.014952359793241027
0.02366200344106221,-0.033839740414854214,-0.04198601727398553
-0.10864587004397833,-0.04808482056173339,-0.004795155304247382
0.0046838392093769615,-0.05029297926232978,-0.050364965922605316
0.011514204392534734,-0.041086375576180466,0.02141652883775484
0.034771009356243165,-0.008307766961979829,-0.024279763826747673
-0.037592854538124505,-0.05749192243540412,0.08023485590745541
-0.0073824185066183965,-0.0027043386907769007,0.006741840125252948
2.8928047572439157e-05,0.012945266456487359,-0.056722982760551675
-0.03570676097731749,-0.09396865539291327,-0.052192199199040536
-0.05653882543978061,0.040618308491404,0.0080575661863408
-0.0231856046446035,0.05665790344855855,-0.0854459253429496
-0.011749901125872266,-0.003669040470636652,-0.017511713504627196
-0.007065916263453849,0.017423180061334025,-0.03675590705989882
-0.03138592868550806,-0.055888994729751756,0.0984771352895426
0.07126194579406199,0.08767751973562345,0.023660205327701606
0.013930222118659515,0.018389764651400166,-0.06610013878540522
0.08806869552095818,0.03973923878783706,-0.0379502119028486
0.022709250849794718,0.06961108907230752,-0.0003823548363166406
-0.009956943726070248,-0.06612876780117198,-0.04569402580402772
-0.07262808761615269,-0.0187184155824224,-0.017798320897790824
0.06516409208459042,0.01700140652772171,0.03551175278834103
0.005267933334407445,-0.027684910591448026,0.05538457304263001
-0.03597950380619311,-0.042956605207983424,-0.05103247890850678
0.0981934792387514,0.02600648622117424,-0.08082383689459846
-0.06528291318340934,-0.05179321529207037,0.07044259330397838
0.03227918460742321,-0.1013692931838982,0.007005515153956048
0.004070187955016777,-0.05687374291032811,-0.013629334034161614
0.033847182449725885,0.07194224738916066,0.019430730556611292
0.009322038014699146,-0.08619071321262592,-0.025247154777759802
-0.07482806334040197,0.0671557804299255,0.02738462690782175
-0.021069051666545366,-0.1280916446646595,0.04969187168071622
0.03505388531830694,0.03264154246613225,-0.0547659220828444
-0.032995578985778914,0.06486275343250343,0.06407945612576733
-0.046181479181788616,-0.0018030371617654,0.03578166504150593
-0.10459909359604148,-0.01806409741711204,0.03312640367259662
-0.013693567944579415,0.01572997032701006,-0.08525308797287103
-0.0646345476471176,-0.032863614855644735,0.00666376983725289
0.007386707223783635,-0.1094184760324087,-0.016048232680700675
-0.03287325907023703,0.02811562785989418,-0.002618552951806229
-0.018507016640828006,-0.01579321704793077,0.013547360519617137
-0.049141406702360856,-0.06725325478311209,-0.030510347322920163
-0.10880783873305032,-0.07099012393971622,0.004861768408120675
-0.0339694972427334,0.06516349521252043,-0.03497954334913088
-0.027133839674108293,-0.04667820825354424,-0.06370280224967835
0.016734270181547113,0.08594470067861934,-0.017945970549104594
0.04017671750116868,-0.03219694346653493,-0.012185789197583804
-0.0883005481051334,-0.040905640167692825,0.031099858785281764
-0.06683553379112053,0.03466827469116225,0.07143238141369256
-0.06034774882837657,-0.05050031941386962,-0.07509500564473631
-0.05963205925402249,-0.07757526541062357,-0.06239076386231782
-0.021470594775425088,0.06177067151286482,-0.0354473190931171
-0.03023430475547434,-0.0157798812162169,0.011498997801725818
-0.050613228445231445,0.02710707366750434,-0.055910536589854426
0.02732011743679063,-0.04195731285515944,0.028763090012299243
-0.07412035201396985,0.008648649435052055,-0.06503397884631182
0.0026053954080458262,0.012798198316567169,-0.02225276112255007
-0.11712076429027787,-0.05873911221045355,-0.017138872574295663
0.03989533632161786,-0.05028512054703346,0.02426627489476987
-0.024056278210208178,-0.02992452566155658,-0.01135619517296851
-0.037055356665752395,-0.04601360253922815,0.004188019596412781
0.03252192463607188,0.00925050806277055,-0.012491510312606407
0.026838710437754678,0.05451568514677839,0.09734860588054485
-0.03436919686288468,-0.012859741195133664,-0.0634274844906504
0.03649248127902818,-0.08668578585307066,-0.029308554966305668
-0.04911873872664174,-0.06484611971665094,-0.0031099575476467144
0.007732994689764652,-0.029321934450256874,-0.0118243903449898
0.09892818151806028,-0.00240062584239591,-0.06205317259308198
-0.010926414448360192,-0.012767286108341692,-0.06737811537858797
0.002274735860562451,-0.02293632977195154,-0.08054941577406968
-0.008723541651698348,0.026154952191012156,0.025065337440991865
-0.05803518659164983,-0.0004121257213882436,-0.017820610959707037
-0.03548329147633267,-0.10492679879796957,-0.039223783871559045
0.007054096415703703,-0.07463824025833252,-0.10265317814375835
-0.039522443330625504,0.006629306765608103,-0.06158838695895495
-0.05222519441551567,-0.028945142154849966,0.007941507170247396
-0.06929380072779573,-0.05007575833733453,0.08526608318343991
-0.08864379966806703,-0.0017951461220365485,0.013591555082217838
-0.05897019734043779,0.043820763008049504,-0.04435502179690956
-0.006585438494985902,0.002944627233580483,0.030591662900827054
0.028592146912825907,0.004800191999311747,-0.043588357370486705
0.07614736720258442,0.04694523673286191,0.07370841047517712
0.02578506634830396,-0.145050252682287,-0.049036483243743184
-0.08492015385494744,-0.028006864118657805,-0.06921741907149187
0.042605571360363644,-0.02185301804092515,-0.029820956646716218
0.008783494500325034,-0.025728615819381524,0.047876520313477285
-0.028729839179977325,0.0850078988308426,-0.09435513615562936
-0.09607752683175987,-0.07290871187175599,-0.08512021980596005
0.05325712185626516,-0.012512033991520687,-0.011965672378714095
0.014551186438623073,-0.10078725790156927,-0.13838186898325108
0.0717579295503645,0.012930582952099201,-0.04830094170473397
-0.014507709336946943,0.05791920716015761,-0.009338952019040782
-0.04109116125395886,0.022535862482405418,0.03147543070446013
-0.010490206173688815,-0.06155208948283028,-0.09718033210176423
0.001932064151723218,-0.05581344410397522,-0.00965931493711251
0.026879282407517482,0.019436506459183656,-0.021000965667856752
0.14977916017877363,0.036230253597597704,-0.034592395229706106
-0.055575543518669245,0.00616398363718439,-0.041222593724704604
0.012560338037905062,-0.018012912986096752,-0.20743095535906975
-0.06321715058367436,-0.06521749107786898,-0.09089792863275226
-0.05169226176011607,0.017825428920784227,-0.021643599869795537
0.02874124894689115,-0.061181429133320586,0.03633347104250084
0.07476557199697861,-0.03499252956312063,0.06443734637028418
-0.022941170856793217,-0.03558891319961679,-0.1298785825046861
-0.044775069051790205,-0.030492289840507274,0.048669496062300914
0.032959884904559145,-0.06811562343914036,-0.03784528035191492
0.04161110711057878,-0.01452577385615739,0.029926774988508743
-0.026437587116718043,0.011339834021185421,-0.002614609489129057
0.04129426736432594,0.03196598506027529,-0.015337583382828451
-0.025676072463620157,0.01411029492166389,-0.0711355032564461
-0.03937414495237221,0.0027947165749275665,-0.041956831781300746
-0.1279736399687305,-0.04075210302778205,-0.030037081556879605
0.03208770457774318,-0.07202912132474747,0.04136235299618471
-0.050069790590204236,-0.0675339991717066,-0.03334263523206868
0.042436111765099906,0.01023892618116843,0.04589841265301579
0.07664576923678558,-0.04225503030519076,-0.05934286282271964
-0.09639213410298635,-0.10977987421144511,-0.062203227678410696
0.07105592139566318,-0.026820999214991433,0.005991543538586934
-0.0260825819939216,-0.1117244926087084,0.06678869415979612
0.0022497244292614266,-0.04495580649460127,0.03167418470926081
-0.015436313842180853,0.034032797463672534,0.012812027430969354
0.0730254036876557,-0.08922543936995594,-0.08344396229664591
0.06681869584513953,-0.015077623680023047,-0.0015977575215143681
-0.013668458168527853,-0.0760992336986142,-0.047834617913387764
-0.026633651668010072,-0.10684212471376713,-0.0031700392424576056
0.012206011656877486,0.0004595494958837404,-0.002595083858726326
-0.028917505134105362,0.022468598650430355,-0.08971097268659642
-0.03504124758953197,0.02309323456168255,-0.05939015300332093
-0.03312288582267578,-0.01783950734390572,0.04604239165510493
0.06983871505728412,0.07320147824056969,-0.04198914318547198
-0.09730185948718628,0.03227934273984477,-0.11102645138608874
-0.04130423033086911,-0.07342994005791577,-0.04542601294194022
-0.03212686954405166,-0.13168846004567683,-0.06272332826386214
0.07864775853199449,0.07588980692287235,-0.11300039904672886
-0.024691947954139926,0.02486912595602081,-0.019541737008384075
-0.0271694817915807,0.020465689179801447,-0.013133165713062153
0.006692275207827366,0.0328546994685419,-0.028601210636308213
-0.010400598140766253,-0.0032678099011978594,-0.014757275995434785
-0.025878653816707314,-0.04485136441397992,-0.009772993822406557
-0.006656033061341384,-0.07618231767788693,-0.02393995809872783
0.013557029068157488,-0.011263324528446444,-0.04011992688040969
-0.006326168297640272,-0.08878792545730513,0.0018865682716304368
0.0139487560663822,-0.07036089254756824,-0.0021680419572219604
-0.023840054897122327,0.025132406878894106,-0.025667950372367465
0.06682542825270735,-0.07512302121503969,0.012543101352899579
-0.029801552235191913,-0.072070248367604,-0.052338628806170254
-0.05612430741340208,-0.04093408839977638,0.013690175050264323
0.03719873323977202,-0.09800624541725575,0.09941889791526748
-0.02999881800562619,-0.0073795845571727175,-0.06683250052064675
0.06372028918418898,0.08629988510806152,-0.017944427719597023
-0.009287661868055679,-0.08521175974204637,0.0005149801519825133
-0.01642044670819372,-0.06728052366156838,0.01938555915955935
-0.05018983281951343,0.04353570928501471,-0.05913387192201907
-0.04081605967733016,-0.04736510755404175,0.04708997049009978
-0.020853178762921212,-0.013118065162621107,-0.10435071766115739
-0.08884039966474118,0.06311467374926324,-0.10440913801232217
0.049403945209645354,-0.06756533972659476,-0.09133326110702966
0.020522881566699527,-0.01627463178959904,-0.03077132437462899
0.06615386336329068,0.005895950842552221,-0.008287185160844028
-0.008825932049748597,-0.09574985425607754,-0.007078860482805071
0.006348252011666111,-0.024490487038423037,-0.04245986427309813
0.04030307634954261,0.015664553190805473,0.00045660980567405543
0.03804985750806386,-0.018981598065321778,-0.03480237850464178
0.02139208359818666,0.0032837427376311012,0.032165977454600085
0.010642422241331873,0.04160257925200189,0.04299006001073365
-0.03208413822388654,0.017962406324585508,-0.0015364848398104931
-0.028412303772111486,0.013876982815597336,0.0028226786444218383
-0.016788486864031293,-0.0041091963792644105,0.010392774428059002
-0.07116335862720861,-0.029653488363519703,-0.05285361296539752
-0.03344642127539115,0.04234283712901155,-0.018813363633857137
0.024993171235599212,-0.07811670695342401,0.052459475493237984
0.0022563529404162376,-0.07141166033133987,-0.10473417363779909
-0.006140007108417757,-0.10616493234500102,0.03724241888491425
0.014250023167982444,-0.0037305119351509304,-0.10903954171462453
-0.01148682347343644,-0.0853995598840746,-0.04517507245753171
-0.041091051184880836,0.01691729457336044,0.08135479936900092
-0.003674620969266215,0.04912083103689742,-0.03482937809480821
0.08538540885646971,-0.08651107088491058,-0.03377256738303161
-0.01698806650584572,0.08906941769760855,-0.06189344346287247
0.09297898590987443,0.04734426009891136,0.0007073309301271337
0.0163681074411714,-0.06100720028507941,-0.04696433427552768
0.007193552972242822,-0.08816175888062742,-0.00790517507403643
-0.08220572530784585,0.01765876124417106,-0.05691860897392249
0.08133531675233359,0.017947722271512877,0.07745796315712801
0.004475011625599998,-0.005753175563138798,-0.010916532105019817
-0.043820279795648724,0.02150212922965168,-0.025916089819544047
0.0984998753725091,-0.049327103405264514,0.009070995791481731
0.10377164866718008,-0.07467617955364082,-0.03154332490714721
-0.10591532761058514,-0.010809800080712131,0.021639796998503977
-0.0492410789658079,0.013026015432799416,-0.0008778921838094777
0.02937493774782792,-0.01481668427451601,0.0038620602227181257
-0.07235678848748424,0.005853988788335834,0.06985975548899456
-0.03245007807941911,0.05113164524041927,0.019682256796904166
-0.032037828695744244,0.12232501633520385,0.06441146602964372
-0.1067293786249915,-0.04139635368302404,-0.005296920030124698
0.09015776963741771,-0.05774554950933741,0.014968746345861572
0.017130051051510456,0.009308489298934923,-0.011121884034234569
0.04404484545223076,-0.014989894238089286,0.13066688379942465
0.054305690719154545,0.09215048582272634,-0.0685900194670685
-0.045991887551353035,-0.06362135779199384,-0.06130083606820676
0.03679185834916851,0.06568732751319292,-0.007382732263167898
-0.022141898331019552,0.02400748684802855,0.03626556560169932
-0.027149185207316878,-0.010471646368084933,0.06910201080143268
0.0539838299155468,-0.03586274559919129,-0.02341224199559908
0.09996043176067841,0.04030309430789412,0.008868304979151267
0.06410356339277216,-0.036619594087298625,-0.020060162171760987
0.13059863764492455,0.006587938778376333,-0.03065714444211696
0.02997096133085037,0.008526735829875271,-0.0054100627415916746
0.04924000433876864,0.06947702809246575,-0.06413417578470432
0.0006984890669567839,0.05235575131588701,0.0009370409697548911
0.008425553506355665,0.04264614272992426,-0.009600084639735322
0.0832790158562007,0.025138667971630772,0.05535860444743339
0.027042341190072403,0.008444630994206665,0.021837650560156692
0.10553122316368417,0.08531622038262801,0.03614138842476268
0.02472019572066216,0.04219109588403749,0.03646075168851519
0.017192276339758544,-0.08276657499025647,0.07494131885685114
-0.003988515341465817,0.021582787221303214,-0.04346315180546838
-0.012624452674783172,-0.0969325406568865,-0.04477494576814163
-0.010778057873392253,-0.003970218119921381,-0.03107961165939089
-0.02383661487749611,-0.05194090399746053,-0.011395682305547493
0.00815726835703055,0.01151874933963061,0.03928754687370033
-0.04978177906406352,-0.016209368850278738,0.052462500923892
-0.04488660671890986,0.03132446068825001,-0.0526152789610444
0.044457990115946686,-0.030984569002220207,0.07992619323885589
-0.12304976054027603,-0.08465124906138115,0.007590994544067536
0.09088891855977083,-0.03137866486163119,0.03989316748444258
0.05215636966712815,0.11213039440871894,-0.06314635102118468
0.014377556784139996,0.16468146582922666,0.053605600928916905
-0.0247898808846281,-0.002430455366581737,-0.02425601398022164
-0.005317380654791022,0.018419059164665488,0.07757497943920795
0.028524682017077085,-0.09612160685204123,-0.036851509499064766
-0.0010872042269273723,0.05208732828912803,-0.005542707387035916
-0.008035133565077977,0.09430565803115026,0.020773580453992836
0.1118146473065455,0.030293829205292895,-0.039593533272849694
0.05943825404175209,-0.057639857503194745,0.0014334233700092347
0.031029913117870025,0.06554897074174619,0.04923922923741819
-0.010247714371903253,-0.06392239065316968,-0.004166399694915789
0.0658506668587811,-0.08837229025430499,-0.04200913124304996
-0.0643333163039133,0.00763320119257172,-0.038583463442270184
0.06596635468081247,-0.002959302412229945,0.08780984609444034
0.0418529166184636,0.055242140894283316,0.036082683048751354
0.06401111020779568,0.013565060604533486,-0.05670282982797163
-0.010785657181128321,0.0704202446510303,-0.014210080526712802
0.005095694436588964,-0.02330609349726267,-0.05041925822264558
0.043903263540537335,0.043715417627351885,0.06109006206426896
0.03810891049022322,0.004659922234262237,0.007175499836851843
-0.05115211969976173,-0.05438341188636464,0.0007850334645432104
0.008622104572778056,0.045332862877239664,-0.06561002844560192
-0.010428484316891046,0.06355130675594026,-0.08987157311238862
-0.03569328154908687,0.023290558267607918,-0.040714582865931326
0.1416069955253998,-0.016005153526082026,0.04090250513439294
-0.022260007561728846,-0.026395475391526774,0.03991112047630414
0.005764838838902938,-0.10124275355424361,0.045525383003407166
-0.00014474583254214107,0.0600268048509304,-0.06563874987943978
0.021151872385712957,0.01814018570817602,-0.05042983388644401
-0.034585753570022124,-0.05977300009312367,0.03398963013440868
-0.06145496026264309,0.011838436768734983,0.12376062713191643
0.09695834341400847,0.02146647951237061,-0.0014477706663353906
0.06026635605814473,-0.03592278204933233,0.04292963426806204
0.034296724133845324,-0.004839822409062805,-0.018901553167659454
0.10141115183031733,0.05252616067945257,0.08777520911778643
0.03459464596748171,0.000997922727020692,0.010476927476285425
0.0031487294646451464,-0.005287474596528612,-0.08434612203502811
-0.02537753931569993,-0.011737482423272692,-0.07294145035906746
0.005411672866264979,0.08086601901493967,0.036247323751565474
-0.0027769127866290946,-0.02502134925470101,0.046715044941755116
0.009143286725505923,0.03320608871502664,0.05458886296529475
0.08297024609683695,0.044918219075984894,0.0621910261993963
-0.0032415652491614225,0.04764922654395612,0.10153844416308926
-0.07968214899553192,0.06408329517528273,-0.008378970251824106
0.0989628386404016,-0.030147784659332284,0.10878531356752577
0.037575403072512656,-0.0020725780991435946,-0.08527748370176823
0.08007955864809435,0.030414051652434118,0.08572367360830796
0.12625554520369198,0.09062389547134755,0.06495712897831318
0.03637667138423713,-0.022571091230964412,-0.011482398222268458
0.055210924795741446,0.06644098098819731,0.06070201076213958
0.008462274566472338,-0.0025779989102753705,0.02813094848911391
-0.031208024469973065,0.05382025400546814,0.0715573610132345
-0.04726386882386992,0.03813071139072238,-0.0412539377169526
0.06835270372755949,0.05844970058505325,0.014455065481203087
0.07617720286224362,0.004919487658943272,0.010321127132230204
0.042139225336727745,-0.014684681440949452,-0.019923550861386304
-0.018243405677734914,0.041127086412677635,0.057503080508258024
0.015532785895567672,0.054032456027051895,-0.0015974986551189167
-0.02211516600669848,0.01306402983952806,0.12137637905341267
-0.01580346299019475,0.0357326970447824,-0.0029659011835879018
0.03658978431384973,-0.03666336788986359,0.0223055208262503
0.030227905543803297,0.032393070030333426,0.059006161461274145
0.022344344565306002,0.05309690635530624,0.01826646286447263
0.00201898369468681,0.055107210594669706,0.07058297099024163
0.0359851562944751,-0.04586550734437119,-0.013121411334694993
0.04020862832989659,0.04001697055772947,0.04311203156831968
0.011888258193286162,-0.022705352015031918,0.023021236444458467
0.06220181024152177,0.08029577177878579,-0.014289619267528118
0.11876603435423892,-0.042319378338392416,-0.05139342919373033
0.04818459064201839,0.047528466328605065,0.06131990649947444
0.03537905962249925,0.03760504363007831,-0.018533651271100564
0.00033854991107094834,0.04455925410284789,-0.04746876403161338
-0.05331028648526505,0.022451452703793444,0.04512154629615194
-0.032206483119009276,0.010950359329477537,-0.03701846362121477
0.04715841731046265,0.07164267270596233,-0.050424504427141525
0.06046470003703733,0.03279397094628721,-0.03218457860054222
-0.05119268116088521,0.025839137971740832,0.05726422090437626
0.01003210423921047,0.008617176624822148,-0.022760467913978972
0.014541936114659577,-0.008288086623242034,-0.01332861829624854
-0.02743811241126876,0.037916631225950646,0.06042726861318169
0.1261581385601222,0.03348604508415447,0.013531512186888469
-0.03924207712937945,-0.05530007985762972,-0.053650670570686385
0.047125402192953844,0.010974799961165072,0.036983438667058374
0.03424801497152542,0.05603512612870851,0.0028425653719042
0.027322272928797568,0.010967258045599745,0.058582348470371484
-0.06398968143919762,0.09852546383410363,0.01774931492618207
0.07666715990975898,0.05330166314148674,-0.010269385169091268
0.031020265868580723,0.04639753235816582,0.06048492953719804
0.02909710383267921,0.10982357767450394,-0.02457736376999276
0.00027930496030308463,0.11162379113933052,0.045920424338060206
-0.03340494405572626,-0.05762622611766316,0.024284427755592385
-0.03764243713694815,0.008315098249826203,0.08975313742299804
-0.01482741952936201,0.011801018432431417,0.019788194781209304
0.06846919668146012,0.07454628380401254,-0.14804173942840368
-0.05289472702561411,0.013101444958476075,0.009136234167736377
0.08333157019079018,-0.050822528861443096,0.10237505878261094
-0.0003596023518470069,0.030306396285050434,-0.009839686612192679
0.012842965960092823,-0.03944939209109088,0.006413889791137009
0.048157770391151586,-0.00854523090585543,0.1400357225803453
0.08925466374239764,0.07632858508500259,0.10148086195326446
-0.03385977409196153,-0.06631004983467761,-0.017178628465291956
-0.05986942367141854,0.010828239889427297,0.007171801028163883
0.09816115128955698,0.031357409895339874,-0.02599177599058881
0.10432984014718091,0.03389744748198892,0.040364844442130676
0.00791970883695939,0.016767009472083202,-0.08834870369525613
0.07652317405753765,-0.04104404881807077,0.08014045667825212
0.029398607634552078,0.0006066808118398055,0.014474238349853277
0.0726334196805069,0.16031646309915681,0.11659225636673226
-0.022044452546566676,-0.007442704739390359,-0.03194000131070321
-0.046978030741410104,0.06545861983856305,0.04396846711645197
-0.019205839818594483,-0.037632599443504486,0.0685945791915333
0.022447796623509052,-0.027788627856201308,0.04000581102631546
0.011750245562491098,-0.01004686668256112,0.00804643814466009
-0.040591383779996486,-0.1372654586705634,0.039111981435652116
0.04997716344748952,-0.09041606947342123,-0.042638738666860514
-0.08852958274561125,-0.02984779318441921,-0.0687853018244902
0.09016162507411775,-0.07795770715519695,0.07301088439546688
-0.06261177386773034,0.0365025467034347,0.05074775716609664
-0.03857804170948833,-0.02664889707985902,0.08347616143391978
-0.007710628880530354,-0.02544791036893659,0.05212732640041587
0.07455118065251758,0.037121471121128576,0.005752078513519275
-0.03597455193701856,-0.07550827093268313,0.0033877068232489923
0.018829309989830526,0.11017787238084832,0.050201469504222634
0.013914581315915543,0.06239378976952028,-0.005939171678807377
-0.014149040588985824,-0.07050912058201192,-0.0012075423694767658
0.02691453143411362,-0.0462827804151815,0.01873777674436883
0.0162991128679251,0.06551594529603155,-0.039679353848064605
0.07429212533307124,0.010613660917304764,0.07589182998087117
-0.03108259638878213,0.07649282026078201,0.012618939655612615
0.05496155381795592,-0.031906035434662715,0.12049739345072491
0.037522026433934624,-0.03999085889953331,-0.007112440933581581
-0.005535215611357275,0.029091770652939282,-0.1005734290621786
-0.022860298301893737,0.020610561262850016,-0.06150744231071768
0.0032350896526380348,0.0057448060418021415,-0.06267443214206074
0.0023089975558879643,-0.06466523153029305,-0.06947492052533782
0.07210134703023009,0.12853591568304712,0.003225296985710599
-0.019289016732985383,0.04001705944554596,-0.012999441554670494
0.02214606254303922,0.055851928029872766,0.03497040211670768
-0.014605079315907262,-0.003658455259591603,0.06714581281376254
0.08337712133427326,0.003985505286964546,0.01391647556729421
0.039340698773228856,0.059971910968208544,-0.008248019099093618
0.05337989811737582,-0.040536723804340535,-0.036633615296148864
-0.0091755370948312,0.051242275421082756,0.022538445189522582
0.007001572019165201,0.03238540250254466,0.015533939998301282
0.026961326086498396,-0.019884841843588734,0.010584956990495305
0.008091799155979181,0.0026315189403613754,0.013278629844444091
0.07736703616040261,-0.06379972347057863,0.026251801670371177
0.032064900792384256,0.034223899461775995,-0.050277937617791486
-0.03742230288501954,-0.08159217274380218,0.06668298799765339
-0.036795204562233154,-0.001421402369137052,0.040258679564394655
0.11744366374762757,-0.027698859722891402,-0.01361753616061278
0.03864537783287866,0.02910219749265284,0.08277826779541708
-0.0033636297805659868,0.005971057888077552,0.008269735359891766
-0.03788330920431194,0.009217977732514641,0.06058707380761824
0.016225549686189764,0.07246003815029858,0.041736226407469185
-0.031074695411998254,-0.05248021754753461,-0.010657951438052026
-0.022978425648790008,0.09067266039348221,-0.1033884487267964
0.03718543212215583,-0.03143788162453566,0.023822866475112198
0.05306983677077643,-0.05683641768055357,0.04710216129470791
-0.07211321848539347,0.03292070578369975,0.08642684611886514
0.05179317922905728,0.00014482311746872147,0.034513694280774304
0.06603717702597987,0.011940709148055081,0.03625243590174056
0.009122886786085837,0.011397775250268442,0.025911912307908076
-0.0955588304815058,0.06586796762075708,0.0026094161388855227
-0.008649840209850278,0.011868935683352101,0.00161089194803994
0.05205162747253961,-0.027644427250676375,0.0764841263245124
0.03830082646366699,-0.011406167937452086,-0.013662713476791852
-0.04541673829048857,0.02193488333650331,-0.03662840008461218
-0.013601025715764306,0.053920670219022374,-0.030647699973232852
0.04677160539497421,-0.013264536895528761,-0.0028917991267555067
0.004890053556797413,0.004881218896622633,-0.10827656990135212
-0.12480995754298303,-0.011128964215359652,0.04925004148955868
-0.05799106016298859,-0.048574423732183944,0.04092915766353672
0.011290740777755505,0.034501546981411196,0.004223720537792065
-0.02413270172890236,-0.032942836606761824,-0.0632217066217577
0.006271560397040721,0.011735159320271155,0.004433409798724457
-0.03002635778622313,-0.013572564978504368,0.027870010665199695
0.023887623545772806,-0.00965213052069019,-0.030460849085707314
0.03584328992392853,-0.01899013218097021,-0.04979434761592122
0.06226371635257981,-0.004037351356802709,-0.02638396590021537
0.05667632413245846,-0.03669643337504449,-0.0687154987297404
-0.017146435464696554,0.06565155523653539,0.01121281550161721
-0.05020652525694122,0.06842853392327271,0.035761942350600553
0.05937258907732309,0.005103837922728641,-0.12050409818757694
0.011179373773801144,0.015453976961498403,-0.007001692632533479
0.024375599524276943,0.07618204276684548,-0.04649831298909069
-0.03288383949184955,-0.006507136342064006,0.011401482677026935
0.04678803641478975,-0.03404394946509415,-0.08740219253229786
-0.0671180013754027,-0.025885103513276282,0.04970111861048058
0.029495331738430844,-0.0061770142901255865,-0.018023191016540666
0.0818269047231178,0.0007393766020816692,-0.026041278609617073
-0.06490499642396065,-0.033129889155499456,0.006523412805384895
-0.0675231083727022,-0.047243540508942194,-0.025518682677492428
0.020429487457195396,-0.04120583487675242,-0.01976109091494525
-0.06389106333677003,-0.00838230836780164,0.015462735532231731
-0.015210744501463792,0.003070818108880345,0.05893150616973885
-0.012850265236179503,0.04779607546694975,0.0006768088231614098
-0.0744107030100149,0.04255811208297863,-0.03151389625708544
0.054232411862059876,0.06389205520915689,-0.014886541592940257
0.04904407000026456,-0.012543512746837687,-0.005579901991065787
-0.02432058296698301,0.01781381535510758,0.03732550782429212
-0.005779407261450517,0.03317832940987207,-0.03342451482743489
0.01156173797943077,-0.07746149910049466,-0.10568682679258339
-0.023914433723930897,0.035192146334122744,0.05757217234456076
0.0988472393983966,-0.10143138950035312,0.033492013125784675
-0.05279726552154474,-0.1355340398847908,0.06338707523594708
-0.014919509194323364,0.01721184457408346,-0.07303558700942707
-0.02175824009842808,-0.0018775564871971982,0.043214429593150874
0.10218135611890394,0.031149840559260192,-0.06683749307957787
-0.09898815835515143,0.04586576835340878,0.08773519084622662
0.02627145960347292,-0.005617250183585066,0.017314518067128807
0.053047106935937186,-0.023849038970298445,-0.04126752721793375
-0.04982162477576203,0.010761161234974528,-0.015600877187483023
0.005656686015643758,-0.044438994682043945,0.017901048090734055
0.06308901128675022,0.0188303522856744,-0.02339259710981883
0.0016701892861099334,-0.07499607654637079,0.04272396142807229
-0.0033663948759332235,-0.010464640668924292,-0.09589984673735995
-0.028796275507167964,0.05406879286511163,-0.02300274221668126
0.014968075341579217,0.006988849117343956,-0.09943805361485222
-0.07357907659021275,-0.05519840361184927,-0.01685604308633708
-0.007690649891508522,0.03313531743195755,0.035475687710537225
-0.07919466875242329,-0.07105590039564037,-0.05133699564108732
0.02038453356760027,0.03013670547273512,-0.022540066400429336
0.076560380958034,-0.0038162556397395835,0.012255054175891504
-0.016549626601688423,-0.0038162280307673605,0.10527768057883007
0.03908657577221639,-0.061643167366207,0.10012145861692306
0.06640050067533967,-0.0022863518299576883,-0.0815614435574404
-0.01651363437747746,-0.08638890772543498,0.04097385850785683
-0.058213122649259055,-0.013381000537710278,0.0856908505439285
-0.0470593679910952,-0.08827209582911058,-0.12420901659358373
0.01101911976810959,-0.02759262246741262,-0.05584239467129404
-0.05119044714423797,0.01835605915061946,-0.06637395886987636
-0.14075327274229818,-0.09942275387289526,0.08037593188377193
-0.1372461822646554,0.020740044554890324,-0.02468687156870193
-0.014178713346335858,-0.10079380346367191,-0.03606949428382898
-0.05460303676279677,-0.06442233191895709,0.07127995699644385
-0.048168118211370375,-0.0039624673333735864,-0.022487840521495602
-0.011561344202065204,-0.032623781947762,0.0186799572807049
-0.1034055780933243,-0.003532842800628414,0.03357715336039993
-0.05195869252480374,0.030176919515015038,-0.03692307500164813
-0.05216543025895207,0.011011884301007756,-0.039153628329394785
0.013936623648532515,-0.16484677697948025,-0.09448196181704824
0.013059364903652018,-0.07662532626239302,-0.05578699253944631
-0.04201459208508483,-0.09665065272821731,0.013411226323472174
-0.007682970961762507,0.0915615473271087,0.03833378212126923
-0.13581891433852256,-0.012016516075046803,-0.0662206748703435
0.07196819722184844,0.038892768056762075,-0.012778455181473993
0.03007632749861701,-0.027114622054558453,-0.10325026649323782
-0.021630170105670202,0.019494031211817572,-0.010661465861590516
0.00863801498095099,0.02593072853747787,-0.025587329617592244
0.041674119732413153,0.03410456362067346,0.029412533516431354
-0.07074400393163668,-0.14264373209064446,-0.03997205781416527
0.04587573840371574,-0.05612591007314071,-0.057579231360925714
0.019222871724469303,-0.05527578162693045,-0.016118979362821462
0.02593540888871385,6.0782885721619856e-05,0.05133547813855947
-0.015842644616815654,0.009966645031954671,-0.07654303789703816
0.0005319539366829586,-0.04634281032930368,0.05038933263627937
-0.08116361141232901,-0.04689436551313267,0.014653488228286101
-0.016035616593979594,-0.08552062432045364,0.0710541053402943
0.02147055616817707,0.02623004659606802,-0.11552009448615388
-0.12415077595745529,-0.05381893309289858,-0.08202559885937116
-0.02352070847549777,-0.01859995521966094,-0.030898924213897415
-0.030406494840555277,0.07901101029096841,0.046020024486723536
-0.004391775488379849,0.0049111995921692735,0.027338097043466587
-0.036003654908253135,-0.016672582473942273,-0.11808712713251193
-0.036819684230544006,0.026118096731910883,-0.006055602654289864
-0.02213034280817042,0.034127834875629814,-0.02461563546468436
-0.11618089333846324,-0.07048940942295176,-0.0461154398538585
-0.024224010078998118,-0.06328729021829607,-0.02432855769210808
-0.04496687145464562,0.014142848274170887,0.021812469791963114
0.05340269960328712,-0.08148128954440373,-0.004109244879916027
0.03539640939449202,-0.022550656652738147,-0.02920891985957473
-0.09217309148894498,-0.03995773717245007,-0.09656114119679912
0.03839751342941604,0.0157057951570804,-0.04416572966002397
-0.0030110058477626767,-0.07338621729086742,-0.011965526183592071
0.06493233276146299,0.06465229118099644,-0.07382126081216109
0.004020621182712045,-0.04694065441042022,-0.04672536976181209
-0.09367694842157646,-0.015230268976184446,-0.05181252563932212
0.05737974862170628,0.030037368459413263,-0.05195381008429899
-0.048290897189094836,-0.03816208480687737,-0.05237417263151616
-0.04065554613799556,0.04049260314056526,-0.019015743855515542
0.021751514722080412,-0.0016648317885132463,-0.045709189718501846
0.022316032663449673,-0.09608626252206096,-0.004486912553199062
-0.07626658693915359,0.0063579707495922885,0.015854083210001615
-0.03849995714660963,0.0066286488202183,-0.042655601591644554
-0.05017707415455373,-0.028604702566125132,-0.09920983837827457
-0.013380042304906761,-0.05894590419928339,-0.060279796675797345
-0.026853476786357272,-0.03298943011111785,0.04609428263599155
0.03548382308266431,0.048671217985790764,0.0432068324391074
-0.05848596214835361,-0.055621660865724495,0.0202391259000823
0.062277909680605634,-0.07984438862460384,-0.027022413644233904
0.07925941317864243,-0.03399135420699749,-0.04314867903160329
-0.007293857144656744,-0.07093438020718587,-0.014802588025538622
0.034395701379226595,-0.009394179698564835,0.0033540306757746073
-0.006382107129536532,0.04810307329199174,0.07075523940636055
-0.004662907259758563,-0.020725769143175768,0.00454393364421184
-0.05448082459786978,0.08913797218967645,-0.04655685158628288
-0.02808491601370945,0.030883661516280282,-0.0001565378907363961
-0.001021128524715264,-0.027811821290707577,-0.09755781809379774
0.0014653500649616825,-0.008995022920655862,0.037183405937540465
0.07778893027413022,-0.11898639979660669,-0.059866795645829134
-0.029835700686222398,-0.03573593525412241,0.13975350349104682
-0.09242297928047188,-0.039493000144474384,0.08010936968037016
0.0058757046816500305,0.017729087551629736,0.05300602211004615
0.026703136469182664,-0.08246227875432975,0.021510023421365935
-0.035385275800974406,-0.06883014180124496,-0.13130649769379427
0.06230740442345388,0.03041549785702151,-0.01756185436423234
-0.03468736992498593,-0.057608766332838623,-0.10566320715448026
-0.04644396230168822,0.04478280801610432,-0.02711681203118489
-0.12918721373607828,0.0570863775343846,0.13271425897932446
-0.10539800907517428,0.022652113662914253,-0.019740246059553657
-0.058169958691350956,0.0067511095491404,0.060255940735461096
-0.011945003455157022,0.06799455380058553,0.037056386554073166
-0.015681152071622507,-0.0012234452842087868,-0.05395980585908996
-0.020750633112025393,-0.08252271104920639,-0.060257589117003636
0.025167002398981994,-0.1131278183130787,-0.02895856592078933
-0.02865444735437354,0.08380695828671594,0.009972756299448809
0.0469298353747567,0.04696605516482731,0.0051137708450241445
0.004565873059986474,0.07984558879910461,-0.07218857271900006
-0.045013883231367534,0.08638685095954649,0.06066146008471009
0.017421486259939084,-0.041757475993153784,-0.043505446177493065
0.07428400587379057,0.008287566797246277,-0.029716711053670054
-0.0794273532063901,0.06142184034809533,-0.04792562203529338
-0.05145684436989118,-0.08540533103998224,0.03858855066877213
-0.014208864484418354,-0.04002610679153959,-0.024206114671274856
-0.04801778846211091,-0.20826285933213098,-0.09213087351569747
0.040973398042731105,0.0040971598908945625,0.051994863894453236
-0.03841605747743181,0.08709906039576466,-0.10192941772209417
-0.04984052069587637,-0.06916673173458684,0.022502317107090823
-0.026878876381249958,-0.04809558713355159,-0.0010940452570699644
-0.02649206751253627,0.03397800345194961,0.11652974321216056
0.09010039613957194,-0.07813363536666644,-0.057524234935200355
0.05753465099638723,0.008651403746209796,0.02209076836953977
-0.12662349919137053,-0.12930260098986845,-0.050616760719078314
-0.016571838278208156,0.01425365778626168,-0.06022063660251327
-0.005030241484720525,0.07819438430536618,0.010424173083644952
-0.07292188548999047,0.04410585300744586,-0.07064492538842163
-0.05039413244009695,-0.11855178679555511,-0.026924907463401468
-0.00841453860849626,-0.03432616174674519,0.0395959063214107
0.0436160408519659,0.07307505610128304,-0.12416895202882092
0.03457080901344002,-0.045315767733050814,-0.06674351246140844
-0.0670183709412629,-0.0026084371650701814,0.07983187495562333
-0.046850442677210564,-0.0660529843663468,0.022252859445020704
0.005645285421127212,0.07378519597159626,-0.018648501870131944
-0.09686487327360642,0.0878793289011899,-0.09387553655429845
-0.028089218955334096,0.02782795429338064,-0.11788553803923733
-0.06735515625009887,-0.07522733291731169,0.03080351249486673
0.033888797209058616,-0.0381316800736923,0.06399765480530255
0.0008360833383731225,-0.04591271329620556,0.06939806667589485
-0.014394022799733425,-0.04759988659944098,0.008446918000954751
0.04838316614790213,0.023574709144489836,0.010733255692428442
-0.011186919733745266,-0.035542683339844665,-0.03658554750262315
-0.012070145755282754,-0.041310513761678894,-0.029863256472715434
0.023922961989881815,-0.028830574147055973,-0.0846380276190103
-0.03851212859764117,0.056111711780326055,0.011818614366111752
0.03069253321834137,-0.0071571782753995445,-0.08121527592298336
-0.011246377768285486,-0.00782208115641838,-0.03916667996591438
0.009882877095581739,-0.010504745450534491,0.0015651601261278216
-0.030699108524334207,-0.03798536387770247,-0.13185008456372094
-0.007579318230218182,-0.013332055032115587,-0.02064310393946505
-0.061878700715763936,0.01124592552245416,0.00677439545780892
0.10778234352465335,-0.051370638281753075,-0.03292287915338597
0.020275763007574575,-0.08739483470255019,0.01100995278807095
-0.06046582363326293,-0.08834802999738575,0.010479288641076936
0.004199019441231318,-0.0314446856599253,-0.029755321684537005
-0.06048752063157394,-0.1450747523246255,0.007339722778286148
0.00509509847137606,0.036900254420237664,-0.09076753015932768
-0.03183556984499328,0.025839454030326132,-0.05678516104252437
-0.055869025403298904,0.11157588719369112,-0.043853892174558005
0.014707997259020007,0.016486564192001448,0.0510263522171843
0.04531307372898755,-0.15452715949295617,0.14092010214156944
0.0775227004275885,-0.13527169977844267,-0.055914616613792746
-0.0033351253706122913,0.14370437588428772,-0.04399031278845856
-0.09004048214078249,0.04655068339960185,-0.021203931389489068
0.07966880113636238,0.01601953763041247,-0.04352699754486079
-0.05033343919952893,-0.06003297697026324,-0.0034777998005032606
0.0543309584245986,0.03295366529154842,-0.04887131200884071
-0.036779043437689646,-0.06080535367613687,0.06702157745690579
-0.046333377488409905,-0.002751634902779289,0.0007308999236803615
-0.015931432327438252,0.007706436891432962,0.03562396027976917
-0.0697049212449173,0.02530959826045666,-0.05618724561920378
0.09038901065813221,-0.04008625587961247,-0.036534047770258635
0.00603774787564988,0.0679514583063003,-0.04040338261419098
-0.047799427651498756,0.009422170556435135,-0.05947774115741381
-0.006157863091731211,0.09697338565911386,0.0333709107257519
-0.0318283077034739,0.0043464949044672106,-0.03165207108601046
-0.0506701775594605,-0.0646234116285074,0.03475166143139306
-0.009659434185344392,-0.11446846482594665,0.06006188629187352
0.029095652226686086,-0.04301466056451709,0.13821567638810772
0.006645080320552272,-0.027309995287510755,0.014101751612788649
0.09066490419943289,0.014818293481346117,-0.0531974970995203
0.05690299128262708,0.03659954294368896,0.013231970073757503
0.1216182166814317,0.08454097105498812,0.09249987092363796
-0.01588530497919879,0.03424669013039839,0.03702350861091505
0.04704239422058157,-0.05239626602004638,0.0004817418404254904
0.08427751060485315,-0.018681086115551655,0.009685014963930438
-0.03178438116440415,0.039653036344104914,-0.04955699341288954
-0.003677211742566411,0.022944826066863665,0.02067966182777524
0.09288784289427376,0.03301842657894788,-0.00804887206407271
-0.041833741524114204,-0.005505279395982063,0.007838463803044263
0.05338126472935724,0.0681071829255366,-0.018511078438302797
0.031340129250904035,0.06735541378550987,0.019612018059158427
-0.0411560442097533,0.0009660989593266497,0.05355130184205108
0.05960331217348688,-0.06548188440499171,0.008304850597454973
-0.01406487924302899,0.04181468027090672,-0.02485862759073719
-0.026938619794490984,0.0910465235500772,0.05347475054643219
0.02168890345518944,0.13145213635177355,0.01731114735478408
0.025287748789452946,0.03337950710360031,0.07027770795906742
0.033821559728245944,0.06217685680292393,0.03717454110841016
-0.013418018911753532,-0.04319364754138671,0.03707981495809652
-0.04155622641692083,-0.0657397817609172,-0.010318439933034149
-0.008790591659085757,0.056314420617491374,-0.005535789248689237
0.04756237382374935,0.04109399445410053,-0.034769073213545144
0.011231615004981231,-0.03955556857818268,0.026279354900340918
0.025409132905818033,0.0011622470038790082,0.0519277977150264
0.05417035269665931,-0.011977623056859156,0.03517565537758219
0.05360902353243461,-0.009287785574796315,-0.06744661024408516
0.003175585467932519,0.026452199673294808,-0.04174797043071625
0.04832858857950527,-0.04284391712875783,0.09157675483280976
-0.013956766335343549,0.05833694261171007,0.0301032490344322
-0.0025160661540938965,0.009624953596320967,-0.01685708092891182
-0.0227260040105726,0.043004073386132394,0.041402552100278704
-0.017368772242427617,0.03598973443616567,-0.03845771274261882
0.03174102105043335,0.06620806327363364,-0.061228657101020156
0.012516518211939515,-0.01987800396105718,-0.051350279807066926
0.0007388665100096364,0.013405624088117686,-0.07390360540185228
0.09445332047473971,0.0026296406771165563,0.037677667835433776
0.039075139879581305,-0.08637628452268911,0.024989092369557795
-0.023407132493656297,-0.03146725375099148,-0.05432120366903574
0.11488799400574304,0.0077737042335348835,0.026548502797905715
0.0058776060637256815,-0.022165332580193417,-0.007697174377553247
0.04114615960907569,-0.048207537225379966,0.044370997416102204
-0.00917944025242673,-0.03006876294482811,-0.010344636100972644
0.083845173964682,0.010888100014311314,0.013408061651283693
-0.03171800440171082,-0.06395333672497566,-0.054372832502795045
0.007558945971675246,-0.02383104353571507,-0.04899252973402922
-0.06992556975942535,-0.0077068999724075535,-0.034270827456789034
-0.023579036181384266,-0.0677736047844149,0.11755884772664503
0.0565126743511227,-0.01086275586659844,0.06031372714703828
-0.06981206196492042,0.061196073585243066,0.0732337343793834
0.10983863877363526,-0.02968776242831697,-0.007168527180680957
0.046115358742203585,0.0848459736258336,0.016951449230407714
-0.0063508994616891,0.019791571070007733,0.08091658031994413
-0.02526232507215588,-0.037894136128018,0.05368211456301195
-0.07830636999860602,0.0396787368841991,-0.04667705447748913
0.0063120902893830655,0.017664334904180467,-0.05519106161048191
-0.009337905961281298,-0.021124215374022422,0.03113039727333583
0.06873508487539004,0.03687227376202491,0.059046952605927266
0.01297897740877929,0.01141601295551963,0.06608164124958606
0.014745714244254495,0.08943052216896837,0.008171713084355381
0.0419349804150744,0.018382502305665308,0.07675684299896544
0.0330232506652782,0.04539891562079534,0.04917581650800759
0.057779698759662636,-0.06614540303542554,0.07859493562535667
0.06589231446850866,0.026862414633535815,0.018932783037236015
0.0585064341574629,0.06278526152859011,0.06906673903166889
0.09280311059275798,-0.058274218259076145,0.13383117401728578
0.034521746148307726,-0.026326596935571645,0.056210900794564214
0.102400959560266,-0.0032710832115572658,0.057300349564963604
-0.006131623928105252,0.03412491793260761,-0.049709399746012135
0.009662978848830647,0.03634129817069828,0.01776001965122267
0.09588586080549007,-0.011046544113909429,0.013068398541435794
-0.007880486923331612,-0.03500432716194492,0.024243793705733478
0.06964818144007018,-0.016449058940812937,0.014428377208807797
0.0842215583256035,0.11130952319934163,0.030324287386506527
0.0223730741859318,-0.08347352703084454,0.05699662536071678
0.0842810736762022,-0.016615076481268736,0.010748062460860066
0.05615713031370152,-0.017011103431242347,0.08498312057578902
-0.0362342924244117,0.06847195537938244,0.09042025418640866
0.05700576575863968,-0.015584029483190768,0.04083853086179698
-0.019636509229009863,0.03720131598232619,0.05089876907849057
-0.0016326282820431325,0.007842540318634125,0.029968457067148763
-0.02892236100838428,0.011409041089209941,0.12071311319655267
0.03410126426856409,0.08376026593824087,-0.009221768501081203
0.016692123428129438,0.10802107292554677,-0.04583394472156393
-0.008937678887081493,0.03508829750562658,0.05579745675305345
0.00490917545445437,0.04198252340588719,0.07379941710452809
0.009275613961540623,0.05473546061231942,0.07745767428573047
0.05989422432666665,-0.08834982109739987,-0.013067324235654921
0.14874172466821506,0.0607158133668657,0.10860740764756233
-0.04204195414238711,0.013899835064507638,0.030796810013445267
-0.029051021923104242,0.008562718134332622,0.035356781210415855
0.019879548490240852,0.06525029979902612,-0.07638309401585869
0.030620555511736418,0.09683892564817387,-0.007026910349802389
0.00559268822580818,0.07470645148904848,0.05159654163808182
0.004941300396209797,-0.0444031474540226,-0.045914567876487414
-0.026730194611009343,-0.022143361940083445,-0.07237702826170563
-0.006248742426039077,0.0013754969720999911,-0.049364640379641736
0.006785090416753908,-0.003718688042408245,0.00597297883428833
0.03679688516826054,0.022703893972268973,-0.04833797071680891
0.0668085349211533,0.01794227877825181,-0.09226845116351479
0.0829385591135167,0.006527669447390992,0.0020081364976124103
-0.031882879309294856,-0.0026140899397303213,-0.05900563438914842
0.04657132766053263,-0.07338492549948744,-0.05581703644287527
-0.07466176840664827,0.03670593092219938,-0.016308139773194577
0.07050999515897269,-0.0099932344551859,0.008215155323120255
0.013588720544033792,-0.02233521958072496,-0.046902230297077366
0.02283116135711621,0.07301717588316436,0.038423351409658205
0.03194510759026697,0.024836041522553507,0.01902577036038223
0.059309929978267825,-0.019631283451125203,0.037248843690910693
0.029226616775215594,-0.009293722576520756,0.008809799354189558
0.016937019939255938,-0.005077345641116157,0.03708728581433107
0.054794018620904224,-0.05692896307414116,-0.00973013477448819
0.02838780361649485,0.061435458164953036,-0.022030940803727073
0.03248132718639689,0.04708252723009912,0.07497114736233668
-0.02458874003470777,0.059774431294021706,0.034440183038244906
0.03800747124307502,-0.09950023079131212,-0.03274129010121091
-0.028588707503689963,0.055742719510987554,-0.019468259844419536
0.011684926295649267,0.03620204926774767,0.10560072838446682
0.00776968493513489,0.0023609896733903374,0.06622244320064243
0.0644344701151362,0.03280473240006388,0.09307952915953555
0.005493946310669679,-0.03698912681336636,-0.010443940317902203
0.013913935539109112,0.01874191773679179,-0.017119824512569055
-0.015281593858200061,-0.0014186622679868335,0.06579212351165561
0.026816848959069363,0.025577826775826172,0.056402850144120456
0.06665459086955558,0.06570675440749171,0.05500528449166511
-0.01900201561451214,-0.0156461586323274,-0.014760371084713975
0.02580918532142872,0.04146753121827729,-0.0665960680541267
0.004518056835815866,0.039457750753646506,-0.13230191001415026
-0.07004624079230126,-0.04140332985332118,0.06995446789777546
-0.08010311904874408,0.04091566788731371,-0.012991378743089612
-0.012951433248410556,0.041393540843600016,0.02048858006628205
0.05437478873817299,-0.0485651657085719,-0.08294110162526172
0.07265111644975338,-0.02016751933777612,0.01746261559879026
0.05654098180435442,0.029538599671217827,-0.04239654964430669
0.03349140552522828,0.05438276828610872,-0.00635222894390965
-0.07970383322225026,0.033236799208076435,0.01796060841770337
0.06855949985637837,-0.06191246890809247,0.05431962802984375
-0.059407061702864264,0.04548258215934064,0.014823546749343927
-0.015106041546920626,-0.013360149305233467,-0.06723979173054255
-0.009868256839566844,-0.10823961126134561,-0.03535531687024572
0.04258283771960434,0.0888879242557332,0.0026141768701509784
-0.05494712239127744,0.0012261395188230603,-0.02701422974669765
0.02698294290403387,0.04513123128026541,0.04423597436671782
0.028448318972856247,-0.002080010586889544,0.1230204091199216
-0.0545584769658369,0.051118435958752005,0.01583801189390545
0.06197529675103109,0.03489203647552595,-0.062384438838260114
-0.018031259914831677,0.0415279481458616,-0.008830255273467301
-0.04994619732766883,-0.05227126287258109,-0.026375196235703134
0.07921384097618972,0.04498942386572739,0.012996949864511618
0.030049149764699513,-0.04177644460922453,-0.038633468448532896
0.03352908192621369,-0.013989623314931261,-0.054368299941131744
0.053482306939122155,-0.00037621373050460063,-0.06594844795965664
0.023064823427239818,0.058054351825428764,0.025597335394303658
0.050528870734722856,0.0445271620325768,0.05301151150682995
-0.017090644755785273,0.03842880965789819,-0.015518601383061346
-0.04796713723075373,0.062088036051462646,0.03582304179692943
0.020909692126832267,-0.04518620917249245,-0.06577720298275445
-0.014981611129214124,0.02222529215300189,-0.061480078505061965
0.023700622819187774,0.09728924989969748,0.02409857158090128
0.07664328025119897,0.050161345656817916,0.01987831248568252
-0.023104001583755716,0.04560301953835885,0.008085647650887127
0.10267330317195993,-0.029044724558496222,0.09388596427089631
0.051076728063572545,0.05655165691761514,0.00023069642872010354
0.05451604625153901,0.013052011226396383,-0.025533813426525182
-0.004585710931419206,-0.02205845161762386,-0.04718977140914991
-0.03853789982899138,0.0010249910214834277,-0.023117726832825303
-0.006277039776143382,-0.03686486120935746,0.05723089038300405
-0.0032589398379288684,0.02763173851684594,-0.09520411230710547
0.04896942479593456,0.04797629430532589,0.01320891182266746
0.02881742603522268,-0.03691861785096556,0.06534476967784059
0.05949351001666135,-0.04943490646086526,0.030796817675100955
-0.003373925285697148,-0.0045017691445287744,0.002398583243972476
-0.013997236575402113,0.006356349368713169,0.0012868782779475287
0.03563511036928722,0.06170681885188642,-0.06911368073525222
0.08396037981738926,0.036975647633849855,0.03049819072612973
0.023681563741989143,-0.01749591400908523,-0.0004785629989975267
-0.023310357901885972,-0.010926369709605296,-0.002252174476358816
0.1150534029506264,-0.09780558310227445,0.027109073075942357
0.08336194004561046,-0.08510105057638928,0.054599390733333496
0.028888363420815955,0.09109618241855853,0.032864301590824985
-0.06554876674379465,-0.06673247942855623,-0.02672327814746263
-0.022639798144957264,0.07043585354656488,-0.00336742482368344
0.02934627110076616,-0.032084320152539536,-0.05098306724459146
-0.04430148404012198,0.02800790993039389,-0.02346730635628283
0.014413653532662957,-0.029352270070250253,-0.036178032645481195
-0.1113345210995977,-0.09032049282070674,-0.022408076717230867
0.025572723506720376,-0.07547733954098368,0.07029346348414794
-0.03843090979158177,0.009586151108526463,-0.01885042064092615
0.03099658604576671,0.02974625959101576,-0.00630363695445002
-0.034734677386421865,-0.04362570253419358,-0.103244867590798
0.015533819204587157,-0.05513094406741333,0.006601826473645077
-0.034213284067444186,0.007222346060637501,0.036511497971879754
0.024654343499981943,-0.0582661636344072,0.03632542865628778
-0.056951801560909995,-0.015734854427684797,-0.071059425985448
-0.038512280212959556,-0.04488146031991562,0.0656263058530244
-0.061709700295484164,-0.017325679667522784,0.012358119825332798
-0.07061040906786997,-0.03203360006991104,-0.07670291075476318
0.07368455172323175,-0.021368233388249173,0.08967904165595618
0.03378242089549655,-0.04865919683474459,0.01714743254784918
-0.017075420055623493,0.023876744002417107,0.06642337209717215
0.06403912340279722,-0.021053688021209622,0.00011304091775200115
0.0736040137868284,-0.05386923015004041,0.0011243230636998492
0.029110463731456593,0.024724438966500263,-0.018399777395660587
0.059382514958006616,-0.057818653423431024,0.026450375589898163
-0.010777380814652132,0.040276150792669475,0.10872182869212015
-0.03256691643947113,0.032003718255654776,0.05436242791793354
-0.01716287517296996,-0.05220974071966995,0.11109687590934349
-0.05357198257250807,-0.01790191143654473,-0.02774157552102199
0.041034499659847,-0.031472565198023716,0.014511717972112755
0.07078625690424484,-0.03457459264554911,-0.043520821354624525
0.020718090339242,-0.025726697236533966,-0.09670560441431914
0.06340997655316238,-0.03842142751340297,-0.03136167753845218
0.1113333750511809,-0.04497680271061323,-0.07287109308588889
-0.11696726117910386,0.030121812604240926,-0.0575559378599565
0.03987543653643812,-0.013864177894967748,-0.02486335182404536
-0.056347401102801065,-0.039044860546669134,-0.034396372789077846
-0.03273720067153411,-0.013381013795679063,-0.08211414692342092
-0.06695551468209832,-0.017588659082879408,0.007940301551882327
-0.09254335559516097,-0.02457447168966268,-0.01910811046189643
0.10535217286037676,-0.005928874366681155,-0.0038384193785517134
-0.016427102398693952,-0.0205305285615929,-0.018535668262410772
0.05065892023716527,-0.10288350753996739,-0.045949484952082675
0.03349096497783689,-0.062161826681767895,-0.02440975709465342
-0.008612329170504855,0.01461782793386869,0.050523908028995354
-0.023812163054018398,0.03461700097645944,0.046207233947433965
-0.00948344560757397,0.08016647710892102,0.009707575092355614
0.02618775694226515,-0.0398858897037328,0.010286289006627192
-0.12543242152117293,0.10926509463349184,-0.10018466198075031
-0.00040733729649712787,0.034330994913564075,-0.018223620468652366
-0.016447944493434306,-0.0445009360883262,-0.041375286136755195
-0.0792895679253558,-0.018409724681691036,0.07977876727983998
-0.018136930719969017,0.032517163929611154,-0.07813663743728434
0.017558576719686636,-0.010511878440938396,-0.02691480067614936
-0.04866679500133942,-0.08436040616925017,-0.014069336971007528
-0.0344032798199726,-0.03326600016481754,-0.012833384729615694
0.01974110916810268,-0.04443518947208527,-0.02295564241268217
-0.11964351607090856,-0.12077273678432279,-0.013249284252966073
-0.062128842545819046,0.013619413552957552,-0.06957272965788396
-0.020422520428928077,0.019395269430432606,-0.16018987341003818
-0.0792212341614842,-0.03626616401792707,-0.09757469884704428
-0.06719024080931185,0.011180131880953122,0.005353262543731661
-0.039307869152066466,-0.041050850840918654,0.010429873973953101
-0.022102223289766465,-0.050553177132441604,-0.04164474899720129
-0.014665294548276772,-0.013489076436115566,-0.06929462089253015
-0.004140413129523913,-0.0022491663513543,-0.07277538734056872
0.033204375705687045,-0.13752685993301628,-0.07792643205182133
0.060181042435553674,-0.08597894859054195,0.032930758298972414
0.020836769361318327,-0.05965664180949097,0.0599254373732397
-0.03558856789240153,-0.012282905734673243,-0.03537216423844282
0.005693531512463643,-0.12310766917310031,-0.09280196175061496
-0.01975852656448321,-0.02899143963927537,0.02866838540046459
-0.03758012685590943,-0.007846689875198286,0.005539798112134165
0.009126446452917259,-0.06004735538603533,-0.07864805937838933
-0.08134805781369736,-0.010357106245246116,-0.00578909974967038
-0.01132243277317102,0.09271020904900443,0.024766510839450587
-0.015471275344496818,0.04165144421544856,-0.016876449491540185
0.027722898463028448,-0.11946931685901176,0.036487799526364426
-0.01098146307758598,-0.03558637750814651,-0.12854091614825702
-0.005677877039621301,-0.009251988523123441,-0.014579699384075539
-0.015258424818347327,-0.013589563585110822,-0.032351779290844165
-0.012497871327633109,0.03158504188885232,-0.04225278279329641
0.036060110635744276,-0.041674593259058645,0.027840611435117783
-0.04516706965064457,-0.01609416308872929,-0.08087253603539041
0.053554677657841415,0.016843498851594425,0.011657062591072138
-0.07019074052381392,-0.0011271838030274019,-0.04589552152694157
0.02616498540446289,-0.031195020045410957,-0.1445240330572125
-0.05449086412760647,0.030265891462194026,-0.016678536531669372
0.05650393501613844,-0.10165387516377196,-0.07810317145446952
-0.02383074717371571,-0.054221681233349826,-0.019558647482748274
-0.08003102166693361,-0.08392311898063595,-0.053887416649047566
0.04341056404227139,-0.02000908863934403,-0.01907015750472164
-0.033888268822250656,0.0060838726691197845,-0.07458430402075085
-0.032581599985896964,0.026086815582109017,-0.04983982975517491
-0.11487801089724536,-0.00828601411700541,-0.06784266088251423
0.018282510257571723,0.004589703918540987,-0.0944063841180901
-0.028827351470812314,0.010036407482019467,-0.020981535519726122
-0.0027459855023030284,0.027883007204148866,0.007647675842449599
-0.02204396568941551,-0.020150797488370217,-0.032015512292415144
-0.06509775924363304,-0.023861620387031865,0.055974550707001705
-0.029119283581899934,-0.023420330662484192,-0.017648131766484138
-0.04373781032274415,0.015465923351442881,-0.05536831151595784
-0.08121355056361458,0.02779411305174773,0.0021393546215748883
0.03324889474090105,-0.051617426110346545,-0.014947145234011167
0.0588791679565998,0.018253183445087383,-0.07297992396690037
-0.015625362646004587,-0.10305760974256979,0.06277184406142051
0.01469967519092379,-0.03429352260327505,-0.06653711610034327
-0.04249933885123314,-0.05045414330868432,-0.10182045862602375
-0.0650141002543738,-0.035213881454117066,-0.031116580600954576
-0.010908288139813717,0.04414254798831678,-0.01736845315972762
-0.011312308796445599,0.020252146028331437,0.009799674550559901
-0.06488948068579549,0.06821617164915354,0.011817579956702115
-0.04796544503759814,-0.009331772257897395,0.06463164616611977
0.0850468566895681,-0.08110092174660236,-0.034008395577473524
0.0013652968331184095,0.06866356319515304,0.018965705439881596
-0.070315969619828,0.03534959945897585,0.08458027145158244
0.06708311979714673,0.002154742503209097,0.07130239274147768
0.08792946217217668,0.003179836073175221,0.0003647772573414053
0.05007372502012966,-0.04374377082743655,0.016026752447069217
0.0796639844918712,-0.133015796915651,-0.006358441812184687
-0.024447590533617017,0.008434783764700915,0.059765049612232946
-0.032348978333552825,-0.0765983143243025,-0.024016221406246378
-0.02069481681558198,-0.06236896876228469,-0.133875233128272
-0.07107009239826882,-0.06995966158950062,0.042810368551026184
-0.041795690732411905,0.03226659698291324,-0.035447657455393
-0.03455974823567831,0.024667495673279548,-0.054205786985895184
-0.01471157164612092,-0.03940475929504807,0.00970720944376435
-0.09458145066949293,-0.01680130547270662,-0.012057949582040935
-0.03984152426034311,-0.015911259842165647,0.010801027477995061
-0.06394680536738126,0.056816148457557315,0.011463528644402279
-0.06207204655460685,-0.1598993901177669,0.05495359529525705
0.0324108223033542,-0.011178510421123986,-0.0481820648953665
-0.0535661867073888,0.00626786501864721,-0.06602823340714528
-0.03428846521040805,-0.026690639945798393,-0.05592499895528864
0.09155048626398446,-0.0017950572107888318,0.08127131998569354
-0.057774605990266216,-0.0327223315063761,0.008463199212456606
-0.060279568895265166,0.011808747665436367,-0.09081489306717089
-0.018056308678455806,0.0256001063023249,0.1079631231790338
0.05263407613531126,-0.00662596515601758,-0.011730758418687641
0.011276927947365905,-0.06685988818991677,-0.09611596009363059
0.06629733372233584,-0.08140431154013861,-0.020164019986939775
-0.06046555716399077,0.028130573249951614,-0.01323924689006762
-0.016995375819731533,-0.03065104648880764,-0.01427109938055977
-0.016719008927846783,0.0462513055587009,-0.03307749825204333
-0.036357205967252865,0.03525168582751993,-0.06393097513703097
-0.04172650542278257,0.0001454707309647002,0.028668493331244365
-0.033392754874103564,0.06190414852127371,-0.059407479392605905
-0.02123517985813171,-0.15723110725696846,0.053981347419682434
-0.033523558380092466,-0.0855507605139402,-0.007990623728690253
-0.013769127393603328,-0.03530867538483568,0.03904911639860566
0.054336495390222936,-0.03972858006452977,0.037478482488467135
-0.0015168594012372558,-0.04223069446773916,0.03385740626068175
-0.035188523374451254,0.060354252088140985,-0.021025673106054996
0.07155518856745091,-0.07691402933196964,0.008150000754067226
0.04184762763871648,-0.0032117354259472534,-0.09197412172324126
0.07290410870836503,-0.07250067050832729,-0.04570934119295279
-0.1333564787760893,0.05638662620154772,0.040139183484073034
0.057563223779692564,-0.029371955281562574,0.01708996650283537
-0.03505685871538208,-0.029239797183636635,-0.0459943456294939
-0.08974764419312947,0.03557845808704252,0.006772478093984338
-0.0643046623925584,-0.024462783573890846,-0.11676517484212315
-0.08200829681692724,-0.018905804877370855,-0.002800373016859155
-0.027565880472254063,-0.03900473874439145,-0.05176199576435567
-0.08428415372623184,0.034899516906524514,0.022136596813545833
0.01596925999874152,0.031455955370239666,0.0748423232536662
-0.0495365157600858,-0.02473372023644232,-0.09214314436430682
-0.07976338931962319,-0.09825020337345042,-0.04803114841030344
-0.06064194701635581,-0.04384209229604256,-0.055505338468423045
-0.031241701111840207,-0.0002605157189442091,-0.023670969643011817
0.05993323550814757,-0.05578216977753224,-0.06134271018328005
0.0560941000911686,0.04228558715389655,-0.06833078607502899
-0.046655543368366664,-0.05006090496487161,-0.09005604199350191
-0.03775017405820778,-0.09220125193980913,-0.03283644383311854
0.016075526701978593,0.02393536722967589,-0.065206033154747
0.035817034979518804,-0.11796502564887636,-0.015545563830303774
0.021497303291621202,0.006067456787762478,-0.03815594378179
0.014326460203627048,-0.06422998073223843,0.07438566703166326
-0.039661428200491275,-0.014649262444319407,-0.0511799870952268
-0.015245677146965737,0.05923421604862999,0.004046486973171234
0.003457658448060414,0.0344048844194388,-0.013792998358708362
0.08009397977120539,-0.016243593398247602,0.06342511730499316
-0.054865077801705395,-0.12236982793981427,0.09249653360693662
0.07352829604506986,-0.049281260085464074,0.00748969276201551
-0.027041397200791323,0.023481273808012765,0.025372022050571312
0.07626320978093944,-0.027155422142673698,-0.0527943346257448
0.004845738867742325,0.05990238669713044,-0.15340819480116502
-0.12126867072014255,0.0029411222435822377,-0.05427027054052338
-0.006727585974057046,0.024422115025686617,-0.05253682057769675
-0.047570138559058575,0.060273376418159226,0.05636328497888126
-0.00375214994444951,0.04436695188013928,0.00890176843180234
-0.053739289375689794,-0.005786901569320954,-0.03894776259467094
-0.02017088877551283,0.011672382948508447,-0.008921724186874903
-0.015500355403678086,0.07600299987097527,0.00931650035415291
0.019533909389887277,0.06721724917901914,-0.11740704724823314
0.06008674110577671,0.025360765530724742,-0.036090161138408336
0.041947558121050665,-0.07382304803024214,0.028304702794662386
-0.047696884453089734,-0.03839212415931686,-0.05087342179443146
0.08705477521342397,0.023374668510386564,0.049828399026648665
0.04853956444946784,0.02035821721840648,-0.09436613626335633
0.01812416813113418,0.011862595479104072,-0.03950975854954628
0.017581974070473287,-0.05299375584883638,0.02729096611557178
0.05329293875218793,0.02147965833239055,-0.0838555451777922
0.046711731801371024,-0.01942045055895531,0.011677768409388133
0.01718342334740571,-0.019998053999003992,0.04886954537679922
0.009480358812120757,-0.05739759432479218,0.09456615327331867
-0.014722087863186743,-0.04284296802028254,-0.03504473678908055
0.08406489917612091,-0.07566651719451417,0.136164888295172
-0.05637147126414849,-0.026588299419015055,0.029851613009141
-0.04450158715345191,0.05157346871935654,0.08159978395257514
0.001912311128875768,-0.08386691841258477,0.06132333289671604
-0.013241561404675183,-0.03529387274110885,0.025162850430119156
0.023228937875971037,0.007871426494326983,0.04710195447068638
-0.04371126060948028,0.12871893080813332,-0.033754524579341395
0.06935503312068471,-0.032499649499676576,0.0010352606082814396
0.028763088868058773,0.041830037800541536,-0.028862296148161392
-0.0008680593420600808,-0.03528600194165423,-0.018143994664480783
-0.056878945339315395,0.03677920186636948,0.00599909436336451
0.04287887452346199,-0.02720169664783542,0.028057365396308688
-0.02965654522912066,-0.0025894120905992453,-0.04066895503375387
-0.036312753481403615,0.0743423804956722,-0.05575657917187889
0.08520488872121851,-0.009599294043712858,-0.059076343154853925
-0.025269285309990702,0.03869318987314148,-0.14729623859605195
0.011904252668207594,0.0022739160579211323,-0.036658315279645554
-0.018042278462739838,-0.008811088740399025,0.041023188681585804
-0.037635291553000244,-0.01701886955351678,-0.024278810876244367
-0.03324482350812518,0.011468569740070943,-0.04064081990669773
0.023079108503619727,0.01610412799854187,0.0022915587958695282
0.04471892093076765,0.025585235433008946,-0.006181311256171015
-0.01490913626459127,0.01012431003154167,0.13768084243689058
0.06237171334442501,-0.053945908571115885,-0.00972720209066247
0.01893673166685731,0.06591297123072223,0.012087728238533463
0.03501369954980378,0.03964615980203177,0.027998214435980606
0.010896659738717347,-0.057295805540998036,0.038709043617689044
-0.0643642681392609,0.0012030761251471851,-0.08692180521943932
0.029821923513004285,-0.0014502326265037838,0.017171953855562926
0.02907305215893931,0.0341294236765109,0.024849286583532148
-0.052297060133241896,-0.015874685631732634,0.04010811094540735
-0.004914884607160549,0.02823080515156808,-0.017879690993756407
0.0540720548010557,0.017367836186729456,0.09291460210623202
0.019572076747854324,-0.002638326568539233,-0.03080102304905829
0.04241683576164497,0.00257280570449288,-0.07782244989132539
0.028253092603672758,0.040356837003854375,0.005809310770870694
0.01593005196510947,-0.01429871567052203,0.07139815503957511
0.024682668414624347,0.033277727489222766,-0.017983800386900988
-0.012510274214307365,0.06867410671549343,-0.01818413204904217
-0.008401923962952376,0.018713330842119666,0.096549016241185
0.03641943001709365,0.038980007961110535,0.0375431594406123
-0.04535396545178839,-0.033216988431453036,0.07982701623571961
-0.031340233536129074,-0.014376322013385219,0.02748671015613447
0.02388935000822488,0.021293597957671266,0.024259529575495372
0.018634197844293803,0.06528344273839655,0.08860770908308686
-0.002388958743833951,0.014707327171516172,0.06828428471232237
0.009413937883320442,-0.01732575693959368,0.03738343277771842
0.04599851204616977,0.04417139176648288,0.11615052034333889
-0.028277952048926476,0.018081136121217794,0.010073143573352906
0.09165784431394541,-0.04623408340365183,0.03891035476158161
-0.019467899372493495,-0.04364697106108764,0.07223536638464534
0.0019419186142181927,0.0334279964179158,-0.12950007617442053
-0.039187157689186056,0.05679752372945476,-0.13071085912250638
0.03393170335718727,0.0752643333323306,0.10257383004181739
0.05319726210552898,-0.058712669510396866,0.07329769482256523
0.021048444357699484,-0.012918909003635872,0.033832150252991224
-0.03273575805761088,0.04877745686937318,0.017979828094305157
0.009559967773398535,0.021225991873727187,0.020904643542639566
0.12704070449671,-0.06551979052218586,0.053813150705530534
0.0651380748191562,-0.07452591376122415,0.024571039331151314
-0.02156208688798956,0.06487765492509233,0.006947519590042138
-0.0012306291474159618,0.04151010740463456,0.024831293597056603
-0.04483774454057171,0.12769094186768837,-0.023696888514243685
0.07204591948043142,0.011300235443437837,0.0414779072572745
0.03236183750476128,0.029389167833933177,-0.027406417606549684
-0.007154021293730706,-0.04812109865665301,0.01696562989424328
0.0654584920940175,0.08465655166919175,0.02780642959101454
0.007405748682542703,-0.004923506778847824,0.1726756049017334
0.036812465082376164,-0.011414228012976119,0.05832067760839364
-0.006458749670963958,0.010255524534839477,-0.007354996347871585
0.051728392663040176,0.06924147401520639,-0.009743161783008162
0.02712826907262677,-0.05132638350798582,0.002245866988364549
0.06439492540579772,0.10540522548590407,-0.055436453216929374
-0.006327643375741408,-0.0011534414314506164,-0.011057966692008973
0.09683154510915558,-0.0197799852491533,0.04295955490385568
-0.013178607464270523,0.06194697175440944,-0.011541141614585752
0.09413224000969486,-0.012805752493909698,0.07438592253250602
-0.014765065223780197,0.10458685672021899,0.08254516743375637
0.11092654717153234,0.0804297765326986,0.035415024011876656
0.04943539147086855,-0.004092479201016925,0.0322595112699153
0.08365889793548065,0.09709546053148402,0.01405766988035958
0.08284252462753798,0.029211860614026627,0.022418041205951186
-0.044090831837100095,-0.011272278010114732,0.06026428348580164
0.07292162473959848,-0.01596574045715056,0.10941316045668043
-0.012829977957019713,-0.002220727059842331,0.04340579185583582
-0.0036717288061173664,0.035240208484093954,-0.03284455596110934
-0.07537115735403815,-0.03497718820068457,0.07452667485788904
-0.047234927379036125,0.01659979547147932,0.020503644716276987
-0.019986236295851643,-0.008154825110521558,-0.10340952834603973
0.014557633552097956,0.029360462470377463,0.060788155105129145
0.054937405620052004,0.037043395029486295,-0.010743668175735684
0.06107172676439353,0.030480665158313228,-0.01714202464690063
0.06491900679417806,-0.11068073608888568,0.05134945920469376
0.004412995310857419,0.09927968538985485,0.051185073009838905
0.043532533003820345,-0.07202286788026332,0.16655364302517958
-0.11897059447861899,-0.051716738159959495,0.049471477868692416
0.007694545157905996,-0.08474347444132109,0.08699203216268792
0.0001569808255734717,-0.0001793701603238912,0.028063080916322584
0.040894878588163375,-0.03381983903542355,0.0021299616821742577
0.008628084050109721,-0.03498729299568245,0.022904914429585123
-0.06566653094065103,0.051789312514184595,-0.049739965770651685
0.05611418628901099,0.05444533809738822,0.06299946344150534
-0.07660831503230153,0.036537569857685345,0.06836659905499032
0.12040643570905596,-0.03558784035119163,0.09749646495562164
0.05528259316891436,-0.07251446481012046,0.10727875305758662
0.03583394667733357,-0.030364365866696188,0.011628641045978735
-0.011492470235790583,0.04130077331709161,-0.0018293772318146266
0.03407213102654147,-0.014902778050011212,0.034820332333979326
-0.03632451242048051,-0.008435521564850439,-0.061748272448436024
0.0803052232603372,0.019201396169689057,0.1089416487679802
-0.05182621855453514,-0.09266235598346528,0.02516218065869799
-0.027869116432404285,-0.0423866968567086,0.020778149393704745
0.035585498817653716,0.07755108258112942,-0.0067580430708631505
0.038609509307253584,-0.06832005688922849,0.06913609690754158
0.05216786527448869,0.03888128215983269,-0.03389263456375145
-0.04914740236696671,0.013187386415664597,0.021235756942606467
0.031711343567412204,0.06436426516607693,-0.008583195857483024
0.03140186748969391,0.0187589358526241,0.08550382358132219
0.020430271805597755,0.06586020241179802,-0.06875453100922822
-0.07769546210211477,0.13058663110005386,-0.02542681629563813
0.017303421151612167,-0.024973909297156604,0.04717905916980636
0.11466510917127981,-0.04440642697956572,-0.015960304313783952
0.04488681002878023,-0.04579024774887151,-0.019493451564232555
-0.06233154483768511,-0.007583334239432842,-0.04456403058999553
-0.036503874727859625,-0.04441055113035973,-0.022582325658079685
0.07432780687813302,-0.0517815030503962,-0.04457779847470481
-0.030328411493843747,0.015772639917015194,0.0486939145331822
0.04518075065614684,-0.04672393902938045,0.03522272659966923
0.04222936304142573,0.0918913140213912,0.06743472501104593
0.009352608495311058,-0.039048701509615494,-0.015378863623449274
-0.002040375117267842,0.013548469848394765,0.008598661412251553
0.051362289762041054,0.05036529556068056,0.02633817886052763
0.07935864554065854,0.051505593374008646,-0.04861479813138607
-0.018574265104992452,0.0335045877313474,-0.014476195028193759
-0.016383456479622742,0.004007164318785367,0.052494690020333384
0.010697918453043069,-0.007729812960827316,-0.0691693423975573
0.06161182349135037,-0.08170289986758564,-0.012892800568071572
0.06926750725316932,-0.026118566941326013,-0.0013748110823983018
0.0005980882282638766,0.11067876267762937,-0.043824045624519886
-0.009317365219652712,0.03847943846312015,-0.05016323462103852
0.046462257057053064,-0.03235210049089435,-0.0028767197834620936
0.009574791702900593,-0.055101362744801985,-0.09599118031834887
-0.055779329634843756,0.06192328877689011,0.025863849299467508
-0.011248508913741457,-0.08196625691914357,0.06036388060616419
-0.021657478887484677,0.046303461525047634,-0.0003913461755175908
0.07013801625476342,0.015507145131107559,0.026361329082163452
-0.005522986455071694,0.0030245164006726336,0.03104369805707672
-0.007756460732403327,0.05138696075431891,0.021826277002849125
-0.055283454677518384,0.10371687113211547,0.09898943399812773
0.07780084878783633,0.028974201089709585,0.02520601382787331
0.06903406221362621,-0.008501557893954757,-0.03906790108425112
0.017041353175710993,0.06326236669800965,0.010313851002748023
-0.0034782177538492474,-0.09697876958724629,0.06017533736288033
0.04735415017202382,-0.036342404785186494,-0.04965360831431006
0.11041576943098909,0.027179204267233678,0.03227349936013588
0.018904422008423613,0.04275585749447104,0.023587967781944094
0.0786162209677545,0.029770725290567283,0.0030454119949755755
-0.0074408672995409705,-0.04365697386515774,-0.03990714604951037
-0.042097381724481575,-0.1022703320174579,0.028012373240190114
-0.02148924182102873,-0.0020731227426743024,-0.0046617596873270075
0.025106764618963884,0.042023301269445604,0.008678757742253096
0.031138097772649656,-0.020186127660413278,-0.010583326966271017
0.00804119585049013,-0.03402794878147944,-0.03881888758380807
-0.0010437011115594884,-0.010694069822294957,0.01755064196553107
0.03926517965768639,0.09610497208354447,0.06270048621086083
-0.08006343245998893,-0.07403315644874821,-0.03297457771927935
-0.018672232854078995,0.011970810486807901,-0.02670779930347835
0.020356933763176696,-0.01957862617323884,-0.025896477970196074
-0.12197640690450923,-0.09902037232910439,-0.05288969641215957
0.009812443164026751,-0.04267065898354458,-0.03881896558238923
-0.06901270219953433,0.04048336657003403,-0.021951378578214747
0.011900367057227561,-0.010587429437878583,0.08095882644106735
0.08222657941944923,0.05318315306276552,0.13312630360404762
0.06861305050510494,0.10123633230184598,-0.0623150668406276
-0.022648835778082944,-0.022713932615658943,0.031192552097181334
-0.016139893248594772,0.064166644828821,0.03483311173249183
-0.05111902539290864,-0.008305703999535095,0.037735689089058264
-0.08673619549583639,-0.005351000572656382,-0.07708513345905148
-0.01168000434506889,0.0715536808161289,-0.04252852723907553
0.023514993605879112,0.11839769561552733,-0.03351326547958539
0.006287721200535452,-0.019184625890780373,0.05525734099410864
0.059227158327297934,0.07162375552284156,0.06930147538568074
-0.05023239272698362,-0.060318915469086444,-0.03851131494538973
-0.03278079541055376,0.019956471801550853,-0.08882623671572626
-0.02178616199217258,-0.04643399762274047,-0.043564567303214285
0.031159005160930238,0.1171556142139162,-0.01667448727358531
-0.028192482549868874,0.11207238705805098,0.029688525895291515
-0.030949626123956176,0.03593169819934299,0.011268725626253142
0.016152210516635405,-0.01309415167982159,-0.01758674635571647
0.06747234157266599,0.06640593789696671,0.09679838829510098
-0.06418812094625012,-0.00704403326828853,0.04503374820695887
0.06256920752248937,0.0003646422961348797,0.03002981322864852
-0.07210618095874954,-0.0553863087745647,-0.0681905813311883
0.05879312813748549,-0.055520997501274684,0.0584339141092924
-0.009210635157475352,-0.033148198463769776,-0.06339478311068901
0.03284690830360902,-0.03229220846886033,-0.03206854367905179
0.04361229010962745,-0.03891547727513232,0.007751370597367344
0.009717033086072068,0.005444395240679094,-0.04273777885329539
-0.002766341116496868,-0.01806977149775841,-0.09505729054218766
-0.055345588743617856,-0.005326680397075555,-0.058375965717402424
-0.013076688991196822,0.052878187520192604,0.015060348638082971
0.015187557591315836,0.10139016933748791,0.09893366617530994
-0.08470178430981468,-0.01495424430013142,-0.05937261854920237
0.08408720279682723,0.08655909227656909,-0.0881684334805521
0.018461698300619438,0.013892669400277766,0.09773347419168243
-0.009879014911927903,-0.022370204077875953,-0.0360910895274121
0.008684672370972868,0.02162169829123506,-0.030187069180764234
-0.002944638618897661,0.013571768242954883,-0.06250395240334691
0.021867468325295097,0.039526067744305726,0.009175750006009998
0.004546351295848344,0.004660162304769815,-0.007455936508335459
-0.046386009157110546,0.037797621940838085,-0.08620611705765344
0.032049880894309116,-0.04976129835102545,0.03398661178133256
-0.045336071914179196,-0.006443142212918253,-0.009234923052624088
-0.10230714391955127,-0.05638688051975739,0.0028049711706226704
-0.007471468896724712,0.01389537552168356,-0.044046200628858515
0.06547591258021525,-0.09496439337607356,-0.0381248184630453
-0.015526506467502157,0.044026820598987014,0.0324995817351378
-0.020237628384577065,-0.17054115850887056,0.05981275466582618
0.06542444241960835,-0.026411100941619744,-0.13887489024750196
-0.056258229193912976,0.0805144724192264,0.013715750630428295
0.017502758924307887,-0.07902603369755384,0.010124022904604645
-0.08336777660354824,-0.027850516502270817,-0.024426968172218462
0.10574532689308197,-0.03614286029160456,0.0727266149256224
-0.0710088623940367,0.03239017002650296,-0.03413443312977813
0.030070783862824038,0.0051551483051262385,-0.027016678307619266
0.004143961515357909,-0.004048052310034724,0.022822693955802012
0.006642682595469157,0.04760775543974795,0.004020278436168808
-0.06108830767586991,0.03396486332556603,-0.030140553432364006
-0.010714088041035658,-0.027566169606687695,0.006515990151386349
-0.013470534195682395,0.017976545687004523,-0.022373398869023536
-0.07343961454999923,0.02098278811241793,-0.0411836041838223
0.011196087802575465,-0.023308131148024495,-0.06187765732919784
-0.03799742968089362,-0.011528067429307086,-0.05048822421331041
-0.06980480353071888,0.037165152212225355,0.03689578568147567
-0.04752648822759494,-0.02219224843621323,-0.008274989831146957
-0.06800526571313739,0.026069087213469302,0.03160812973767669
-0.020582777375080376,-0.06638918417564903,0.002927106570610249
0.009958779522452828,0.011534239590429263,-0.04278095978186486
0.004355235597680888,0.010632318928814838,-0.026529335605761387
0.012663171422657939,0.02106935849187462,-0.05285748004044019
-0.009300204318288246,-0.042930587199342916,-0.04124906890216627
0.019989061074879133,-0.07403798405236471,0.003152922428680519
0.04249875800773385,0.014359144663753591,0.03564546617624395
0.037595046262634525,0.06337528109060844,-0.09179430333257052
-0.05511806718618066,0.09184519647215082,-0.06710720740409046
-0.027340253583521004,-0.09916232196077644,-0.05143627841644666
0.013190213787075427,0.08855400179215765,0.05471453075274159
-0.0008714940283749296,0.05416025695195637,-0.06924330796285635
-0.06287947348409678,-0.048669199505169056,0.0510590866022995
-0.056996238870822113,-0.017561429664050044,0.023047111744532226
0.03131263294670719,0.002497244514058007,0.0459040443467483
-0.020416852440281755,-0.03350204693858765,0.05706934557500146
0.038299019043734964,-0.06652483550757136,0.008608535602988767
-0.06410157096107909,0.08961181391505578,-0.039435415287532624
0.006270139753947055,-0.06306533357148053,0.007918739910949879
-0.08522914905104385,-0.06826773243568118,-0.009161285529660274
-0.005874006770137736,-0.01951659695449427,-0.022558754022167758
0.06557511946320839,-0.11531443063373391,-0.1420979319168001
-0.04590725903897059,0.025348650739414662,0.02035787378055428
-0.03711454106751835,0.006779165862241716,0.019908999596586933
0.008461249061672886,0.0959890422257175,-0.0044358423455164615
-0.010311253376054461,-0.015236283210493891,-0.06664413158545929
-0.01610654879953185,0.017459700769066673,-0.006104026782042048
-0.0264587611353859,-0.022849173875764225,-0.048237858002551356
-0.04207069166728368,0.07708041112282661,-0.09595072288999373
-0.03757998480703237,-0.05593345737355906,0.0025499882895642957
0.04281992633259512,-0.06415103015417573,-0.06491298382997945
0.0478100873958933,-0.024164347254783544,-0.03712672245858857
-0.06008248587183762,0.02197742924377474,-0.04500589386600738
-0.05211397294620897,0.028036982050196134,-0.04935237374274357
0.06426558645769495,-0.022673707845597142,-0.006548241292988973
0.05257461335028504,-0.018380190181510565,-0.01707346847189525
0.016553815449215005,-0.054566509461351165,-0.07712866774863783
0.014063933838495711,-0.025267985006195384,-0.032296091932271453
-0.009667035545854994,-0.06715223297807074,0.05189158364131534
-0.012924864293883193,0.029834243917963476,-0.01990706828068475
0.045085962590952045,0.04810011684922856,0.043347397438432314
-0.05026887813360216,-0.04534285825393744,0.011844688180621562
-0.040159294012704086,-0.11269897364890943,-0.008983722216567479
-0.09059782625125515,-0.04399310524586297,-0.016782830581177213
-0.031489487930762824,-0.009104279569862338,0.07025467058147178
-0.06734051571532278,-0.07884059551869366,-0.07944146898524149
-0.06411125676865262,-0.0468123273818384,-0.043690480241398065
0.03176928946391718,-0.01492674411507246,0.026430428454044606
-0.02317776757036737,-0.03362256643476536,-0.01757510170329131
0.05664424679299522,-0.11728320122706087,-0.07076735197800856
0.10645165926735471,-0.04910896016179553,-0.009373964369445875
-0.10464889407880053,-0.09027603303512359,-0.002871231743092135
0.014115547687432659,0.022717813331903834,-0.03291599018681835
-0.12065170915593057,-0.033926705946442766,-0.004655260987075388
-0.14474366296776128,-0.03477939156739629,-0.06714326937326905
-0.07162509010969806,-0.04762991982952013,-0.036961264294814195
-0.06402769302061864,-0.043653327745622646,0.02040042373926501
-0.08873812167623085,0.041752082313208205,-0.06334214203822867
-0.028619404821925126,0.087101984071588,-0.028260870480307704
-0.02461268733618705,-0.13076123260241537,-0.06219370956509694
0.08627442579338454,0.054065125061142943,-0.05667681881617678
0.0637108366061422,-0.08964762888046543,-0.09070366813516455
-0.01874824936670881,0.06611490505230151,0.02260005772486362
0.009906735644178623,-0.055194628074854604,-0.11768050809319806
-0.025043306214108274,-0.026275355767558795,0.0038948696415834518
0.028793335114322447,0.0011112868764199223,-0.04642778144261518
-0.05188725241563061,-0.05752479787855362,0.030324798169210226
0.02600663952528218,0.013910653781003018,-0.12298235831985455
-0.05042987274322146,-0.007450974473699178,-0.10742391405405405
-0.04367114758505487,-0.0035814425596999294,0.014875336975893449
0.01549980698925385,0.023595338415927536,0.03234058365433974
-0.054075247860177894,-0.04362257500877395,-0.07315148924805231
-0.027124040117809615,0.036793847593349194,0.025825637444217096
-0.003788014659932601,0.045603957077212647,-0.05237299011826584
-0.08827284310447667,-0.021162333146466972,-0.00585649143714876
-0.057263854370308356,0.04703754148432136,-0.023519403157731825
-0.02815206355427144,-0.03173486438331427,-0.05402205155945903
-0.02119515232548555,-0.12210524678942478,-0.08244388353290247
-0.04829777756518943,-0.01625810615130906,0.027782534915855413
0.07609009306456221,0.014214616278579395,-0.07011325505869351
-0.14016085835176842,-0.027962034028681214,-0.022523414312517465
0.03965394512027273,-0.042045570056979634,-0.02626671288783666
0.0024933660135804878,-0.07103635422692722,0.008759242764183207
-0.03442274194044719,-0.02116548606266715,0.011388814442920291
-0.026318234569249414,-0.029020058474643035,0.0077125399451351585
0.019038626892454606,-0.03478884132996597,-0.0984152191998323
0.047805583377368746,-0.02003340249469005,0.024173906656093903
-0.1081394154361613,-0.07765049525499955,-0.11434519259894983
-0.007332317307558293,-0.09476016897413306,0.04193581682440546
-0.08647012181478808,0.024535249470756818,-0.03163754063542043
0.02713411414258405,-0.07990553935669398,0.07423245500236186
0.07545449231450156,-0.016255654266106777,-0.08585999516148372
0.02967292775977718,-0.05999318591300311,-0.016486717783408822
0.006635913419098673,-0.049515098346886485,-0.027955376297309258
-0.027418569498403787,-0.045289898256908226,-0.03326426339272452
-0.11051995464146203,0.04784980795712265,0.0076134267657176485
0.003523886651161729,-0.022997384971196494,-0.0008835711444980278
-0.01078704861835457,0.000638408545408739,-0.0600079269999506
-0.08060905548570797,-0.02848521176438358,0.1601941139502363
0.07673040905691055,-0.06032766422399409,-0.03205637655818644
0.04527840379736685,-0.009528230163429345,-0.04202889373608396
-0.016297079631305507,-0.03583996170869612,-0.03506986690277426
-0.01814825003631885,-0.005857633812431644,0.06408663412597579
-0.014380319417485358,0.07021127722957345,-0.0048648275038290275
0.02113610652740984,-0.011033168400408428,0.004700803715497767
-0.02403085862221164,-0.03594745706050995,0.014538972889825481
-0.02254678310482005,0.012732602315216156,0.08589523933028485
-0.04863820773248654,-0.0015240972729641481,-0.08421883185167398
0.048544070506092434,-0.07710500860627022,0.04543135421465568
-0.07045551634793625,0.07356229568528519,-0.058270104542557065
-0.006353749282444964,-0.03189888192248456,-0.039204392589236955
-0.05932387159366861,-0.07961874295770896,-0.02901166470029857
-0.06826003953505291,-0.04690065313243273,0.007651924253729882
0.08040776791205093,0.02788789297072078,-0.10194617630462562
0.020767560882594946,0.06651718989803536,0.02112227722103991
-0.05203469408331693,0.021093055487614837,-0.0327535485142138
-0.05394320548383889,-0.009166921210487863,0.04134125161853792
-0.0447320628292994,-0.022990984314083147,-0.018673278121734943
-0.02719714596551334,0.009516060642271704,0.023441046177745038
-0.026643697415842063,-0.03656085809611761,0.04313890917052058
-0.030200470363811367,0.032651431328712024,0.007872506956728413
-0.046377670957318824,-0.07510039990848652,-0.004080520431833584
0.02617847856877689,-0.02191343317792984,-0.03729227566770653
-0.05886114673269049,0.02813083548759599,-0.03849094775645392
-0.025950265504298665,0.0003161329038297231,-0.07906519142875168
0.04100085835204349,-0.008844156598150334,0.04773760260797619
-0.009670449919969345,0.10078644715365934,0.033365503829135654
0.02714751884237171,-0.0373726829076337,-0.04511163835319769
-0.0759700137944103,0.0077820562545665335,0.015723019368862976
-0.005275895552332864,0.05342623095382147,-0.12942259593403424
0.008187888865012595,0.07098129843255156,-0.049910547023365524
0.003918426913543737,-0.012235609581869346,-0.00862007577072353
-0.07711899621424548,-0.01400416123149674,-0.019916827279355474
0.08392417923400658,-0.009003145318675803,-0.025233969288679086
-0.002578485428032449,0.014080095311464499,-0.06878938177998323
0.10712379761828544,0.057548948249626405,0.010082188935404253
0.05747657627351502,-0.02689795742399078,0.017233827726264764
-0.0926553298880084,-0.08103320566070762,-0.020056667680059023
0.036885792127196934,0.07452913946350023,-0.004700150633987393
0.1070544665285684,0.0038730780938549805,0.08769678777276313
0.041586732762835574,0.004152499754649575,0.04875531886872783
0.004957125258817952,-0.03089200063391495,0.003884562853196531
-1.268191345377449e-05,0.007476152046921649,-0.04671191198407945
-0.02612115370070373,-0.029994306254986502,0.06569272263220523
0.04243246678228536,-0.03694305449567066,-0.01121421010882841
-0.031706378085549776,-0.15043285061006148,0.10972223680177669
0.026053684147854687,0.04038164938662576,0.08846328195747613
0.0206596035703066,-0.08722959039287503,0.07198202465086034
0.010294838904923503,-0.040145023220375414,0.025034050238371595
0.018366892937065227,-0.0547706879555142,-0.032939064177025974
-0.0323921612923045,-0.04321357181008904,0.007896295455703068
-0.025061279617838196,-0.010054162702018782,0.030179277007032514
-0.0716823455745147,0.05779430378533344,-0.06549072497252525
0.011667535781622529,0.025396831133984957,0.02627332488414189
-0.03200298052041046,-0.03035642122966245,0.03897734007344843
-0.012809511912466364,0.0083302908059046,0.04169248975139036
-0.0706878669585707,-0.0454722276275331,-0.10711787487736842
-0.13413244056753457,-0.009987208931290362,-0.10775113137599869
-0.04510347310050225,-0.027621199038112963,-0.026963857082554214
0.03123985210406322,0.014892242746613391,0.0648614352841197
0.041076109932103665,-0.07601486785503159,-0.03256963107796667
-0.043627821752853714,0.07425294780293461,-0.012454285298983132
0.0203292797432533,0.029638950306386063,-0.04655619513286749
0.04155120771337274,0.003830382697343742,-0.006024799853791965
0.10679628328356996,0.04726387102214295,0.017390322287430447
-0.0034387012488570766,0.0413153209730275,0.031167922378660857
0.008671385650216088,-0.00517823819274273,0.10996774173603566
-0.01398265215294616,0.044552668140236874,-0.04939873326670419
0.014800635471326654,0.05892049667655051,0.059245082594641535
-0.09522379631043683,0.07373824002259036,0.06469000965274005
0.05423351929852766,-0.03496983168654688,0.010055894908551863
-0.019920030416027017,0.058012074773272866,0.0018250365268828203
-0.030451692310661187,-0.07839889852787625,0.015605924851771012
0.05063720717116389,-0.041438736379912,0.029199238160571853
0.002086495901621083,0.09293538515391969,-0.012657673070664526
0.12584597419459703,0.101133104006779,0.021116146445371242
0.06970678414794322,0.04948055976672434,-0.09326560850575041
-0.021554946720397542,0.01820413160308776,-0.01100682323088429
0.012121466184854025,0.07744750321568904,-0.005490602909575765
-0.06513052328412254,-0.05698273131683368,-0.03966529057929478
0.027569041489638228,-0.044047780086596905,-0.0834697116595164
-0.01007124762561625,-0.018629883744523824,0.04320797996257942
0.11530886403233374,0.0717162325186017,0.0735619487707497
0.036678222742614564,-0.046532755162002414,0.027156887409022355
0.03524329844254727,-0.04940051034102655,-0.009155987629743107
0.05175046752346517,-0.0437709758402985,-0.011850917873799284
-0.03446222936242328,-0.08129938124566605,0.13610235157932063
0.02073239779409733,-0.00496405517123358,0.04188383299242517
0.013923852256464388,0.09210738746901062,0.04971373679552061
0.01791630809883367,-0.05801816855808313,0.019094624001533743
0.04374445198922511,-0.05403466039770699,-0.03333593252776025
-0.0010880450461373883,0.027437022053517054,-0.019739676940658323
-0.00245837107980707,0.08429280720242191,0.06187491848522976
-0.01828906579572613,0.016470943420767405,-0.029387463994585805
-0.002064575076658427,0.05441885675157091,0.018056441318626867
0.010389220560918126,-0.0419481488142754,0.008164374260212163
0.058006192015595204,0.051910975652266884,-0.010114287319590602
0.097504156424478,0.07055940833973831,-0.060582867023690146
-0.012651565929448957,-0.031747878137816654,0.05750873274454266
0.060680567742463686,-0.021202257992610864,-0.06797137309435268
-0.07434800796543191,0.015756108035618038,-0.053232437958246275
0.08143903550656749,0.01974365249875682,0.05016892353490979
0.07641522777139871,-0.002390031565641949,-0.030945541285405317
-0.09582239555816445,0.05649468634855534,0.029457546679173316
0.00615118309367842,-0.006425303778010346,0.035572825323145124
0.03290845275093998,0.0547653109932527,0.0761718000299182
-0.05758592402193263,0.0384132212279321,-0.05925935169666023
-0.047073962458033095,0.008439466396435393,-0.06639805746987866
0.04188536127821297,0.10980219920609953,0.005707117832403238
0.0016132491376805638,0.05229128695838877,0.05686938714894998
0.024583836193118477,0.07579273600857922,0.08277312025316567
0.023351974442916652,0.08636745193066454,-0.021919447519892398
0.0844990600729196,0.033103842357848086,-0.04875116165335166
-0.07524488897203765,0.10569823262934688,0.06752379430171647
0.003001935833610263,-0.058788442775292216,0.02221730453969821
0.012792347072699044,0.031095226467942966,-0.0026842696675809068
-0.03650819079726028,0.0638878574776244,0.021906999554670452
0.011501541397961886,-0.010518394369867505,-0.12215262178563988
0.008874813296990497,-0.01728657823715438,0.022041545088917557
0.01695438323133142,-0.010847573085829388,0.07927074661672275
0.05194981259018633,0.003967594455410579,-0.025287944208554108
0.003230513545305378,0.017613412522568518,0.10010590214348648
0.028365515966420344,0.07360367263782065,0.05100284650937621
0.05728059201361281,-0.0029661450883400504,-0.004590407821983208
0.023619920609093757,-0.0050922681146516775,0.049951102345951806
0.03690777799202257,0.009275987602484692,-0.005947751343520484
0.09676499555443395,0.00142300977838377,-0.003769773068687393
-0.009904760637459833,0.04468337299800512,0.051055172576495826
0.03130822529335275,0.05474281882394578,-0.08464290781749503
0.055515616991679104,0.06670639467986778,0.010443476342390812
0.0017089959282147113,0.0272697884893765,-0.08534853463624001
0.10767932508637472,-0.000969527204142364,-0.02277046723647976
0.07340263775773337,0.05443039130558312,-0.0019150319275075336
-0.011337218026706938,0.05333109705504661,0.007183918435009807
0.0020320990574845023,0.008188617165019249,-0.023563052259597265
0.07881070354161174,0.023814110726685295,-0.010296782146477987
0.06068544291208232,0.0075008252564373636,0.0033865232643756765
0.009621295941235977,0.0805493335587292,0.014227224338148377
-0.045209372989967904,0.0049140581914627265,0.033222238778076514
-0.007496131081489794,0.03909935995100307,0.03840343781283767
0.09661703601738306,0.061411673504757,-0.0543019977904384
-0.0402528288974021,0.010274433813779744,-0.02442742679630365
0.007914775157019502,-0.05786640376911441,-0.03680062874403179
0.033688117696902935,0.0017240858330985348,0.06799002789426531
0.0683675070996734,0.05219304346749268,0.0006874677379463609
0.018404393273000627,0.11680525993365926,0.04666481041959398
-0.011773422223221443,0.0008888958642946712,-0.006163729787201731
-0.05167517538932891,0.13989632199848223,0.04412206790563102
0.05964159195215117,0.08412446485145379,-0.07543133758727626
-0.023977215277433156,0.028900950193029438,0.061010099899286206
0.04030193381825606,-0.03762285130974128,-0.021447257289459454
-0.006024477661706051,0.006368209432994163,-0.0022396096077944294
0.013361759272596599,0.09361590053185395,-0.004353464035407834
0.06810091705597046,-0.003488811514108535,0.08696913793605529
0.08662354708921602,0.07511492255134365,0.01309786276506278
0.05792541099805182,-0.05182799947030554,-0.09510073057797896
0.017725494528041615,-0.0012521702687371267,0.08675694569569085
0.012039270991204802,-0.069150088187172,0.004439755353523079
0.021978161428009964,0.06352835512425199,0.014523573876141954
0.026107014708116782,-0.0013021313398630142,0.06490279280013839
0.034766888558079904,-0.049932983293106636,-0.028267129846164
-0.027545936017699384,-0.021584896004343768,0.025402074359443253
-0.016415434526794465,0.06929200831832327,0.0741066639254186
0.05071667268372051,0.042339760465572106,0.06771492786155645
0.04023495444755944,0.10404079022994703,-0.02030473777151387
0.042307296967466684,0.005691051934925423,-0.014061488809933905
0.03676044322197748,0.08559238398972023,0.012153295861903172
0.014099858811774578,0.10244747518488038,0.05357146911020766
-0.015634583345325886,9.231953580362412e-06,0.005649110532381985
0.04121272798065908,-0.04459279096794969,0.07967120555778343
0.07241524254518175,0.04653915740527637,0.10384180316321293
0.023895850618506565,0.045837393067738444,0.04418784734676935
0.048914731389252564,0.012961394216268877,0.06538891597299082
-0.019815292295515263,0.03692332936320718,0.05680402499369211
0.09749290807201522,0.06126892204408261,-0.07871706958001287
-0.018804719811919918,0.02501039048567606,0.03842892539107674
-0.0058572954602946065,-0.05720267370505351,-0.021568520603404754
0.027120237363585174,-0.03765850816957843,-0.03675054475698737
0.08848334012476604,0.049568256487748194,0.0214161760885226
0.057223755323321884,-0.0005389900438981209,0.08957363479603192
0.08342762307820405,-0.004821328842595729,-0.014297365171014379
0.055395550424753415,0.07631792535420782,0.0035495949864214685
-0.11906679018049754,0.08881075800995653,0.021063181395690782
-0.015121402194489944,0.08661719759329667,0.13989531296619234
0.025993303797233084,0.053773400751412403,0.03538765850513623
-0.002810021923318813,-0.013587572819006709,0.07875162985834686
0.047298077388623516,0.03655759823129526,0.02630138533546482
0.07987795554933962,0.029210465780508347,-0.03970476143630369
0.04128019896658093,-0.027799316811052414,-0.09890081912313313
0.05763004281390696,-0.09699559990700549,0.040531261226408016
0.01942170260271241,0.03530714398141811,-0.06435169803028712
0.05326713862117258,-0.01532404175639386,-0.015955618532939808
0.08291818645326691,-0.02854361374414519,0.013719438170579842
-0.04063309012261876,-0.04822609793512966,-0.037267963791136734
0.035509831044699305,0.02430222306825838,0.05902796280379903
0.002419349002141755,0.021266668768073493,-0.03139197055441217
-0.05772293512514318,0.03428008119309571,0.0007357322287531685
0.041152214688319866,0.08086323209069798,0.08092759866503926
0.010516169061670947,0.05891874457882032,-0.017471796186565205
-0.027947937985673466,0.04191408128900477,-0.030694909375104405
0.12029500241081567,0.055263552542937515,0.007663305403432789
0.11300080859183738,-0.04843851228243625,0.0006925813735335871
-0.08000425742478973,-0.06068821867534041,0.06896327300364742
-0.00447963311944613,-0.005670603916625983,-0.018079227069985555
-0.016611475880293318,-0.01698462296159472,0.016328018612175428
-0.023074977954445117,0.08817497814360549,-0.10395191180227108
-0.08826059461376841,-0.06392877477120283,-0.06280238559372225
0.03163358796245021,0.015460530172128905,0.12058724748180404
-0.0029590027220806475,0.043048168093796205,0.11955958887051166
-0.019513562296866672,-0.11210597610831421,0.06280058124261366
-0.02106653977076801,0.01806453100794783,0.11709715532266701
0.08250353320403914,0.0004206243999540678,0.033524740602806476
0.012290406160297078,-0.015782282629709068,0.08638710218739296
0.07176053039214511,0.03582534527522857,0.001999198643899988
-0.007696284970885753,0.030787427390245828,0.03831949938306536
0.08284813845620195,0.009925431506285243,0.13665947871189438
0.024620643824661604,-0.08645763552240242,-0.004839005881183746
0.00444918998316542,0.030150438884723928,-0.06638406475612499
0.0754695342256382,-0.018709337494018,-0.01834007305205171
-0.020222605969576743,-0.1073875577132853,0.02210332088553529
-0.0683336645141824,0.00755831050897816,-0.10240420591257327
0.008032104416709283,-0.010148252339253103,0.04724564501391138
0.013832625434459365,-0.04516293131281699,-0.054388478369186026
0.017930943210996413,0.03583533746769603,0.028404303285994078
0.009092934099438557,-0.05932606572375625,0.011247641699295093
0.0823149463292833,-0.006604160727133438,-0.05261986926566688
0.07627781450348954,0.08225282444390339,-0.03969224890228187
0.0766179136176169,0.07053323935447103,0.03394179202315621
0.004710971643758222,-0.03944273568277907,0.11472184785771825
-0.06889858639099389,0.0058610632790456925,0.02225966915598092
-0.07986239297336473,-0.013634924563209281,-0.019684165893638386
-0.0787071573209919,0.019625537726225717,0.07827450307898942
0.04320830465648083,0.03833336108593616,0.010591287336967592
-0.04043200775794982,-0.012584237476030848,-0.013133052042175974
0.00479482519784897,0.04911977844631711,0.030235898533667347
0.02432258640004561,0.09102348918978852,0.0003587530325854637
0.07360534944192984,0.023242763575783403,-0.03790418787229849
0.01010675126911939,0.12385289259579171,-0.06254373235570433
-0.017521990593441297,0.0724583792842971,-0.02346448049638914
0.01781593659065318,-0.045383578170788745,-0.02588436900595372
-0.03327021276401226,-0.05877814668822052,0.025137244789972694
-0.07744419845597833,0.05269905104845417,0.0501146286432239
0.031246302164620626,0.0396241806355037,0.017956379807074097
-0.03273983961735908,0.05043257889204032,-0.045864994877448904
0.01659424587661221,-0.014539045091336335,0.042457564808373066
-0.05807218805305897,-0.01769096979145997,-0.03856349633560854
-0.03282506659233136,-0.03365208478545395,0.03710863859126832
-0.05579837952833522,0.05773650180262596,0.011823896966487455
0.08686085567680252,0.044925400701120305,0.031177639656994886
-0.013892089868819185,-0.07383859736791737,0.004553050808047457
0.023119579329368745,-0.05498039360318448,-0.05534426986635241
-0.019465230842820196,0.02701903497193644,-0.03317445410823012
0.021025783351609695,-0.05539362641231876,0.043519444987938055
0.04214900683384867,-0.0561980209873979,0.10429585833566402
-0.005897368963884796,0.021282407701778118,0.01235934019197039
0.030854882767482023,-0.0010621320291918012,0.07014975269464681
-0.047577393390468334,0.028402999951900484,-0.060491293116946614
-0.08767671893137359,-0.07515421280591823,-0.034020709195340164
0.0006179057284276888,-0.05586791488086122,0.08384558680540179
0.05488247435474272,0.034398059350431005,-0.010664780965917177
-0.024729642615154007,-0.022034434192716675,-0.00032934184752922684
-0.06735543538309847,-0.04180614665286024,0.01189896204112659
0.018041910699813295,0.027847102585599432,0.005584588117764681
-0.05617886198197874,0.05071396205371029,-0.06719708579473492
-0.020358547933850425,0.027666951171730448,0.05376278993686147
-0.018542529158333237,0.03062575261500449,0.01360207525031721
0.08505239891738374,-0.04726778409544484,0.02730447357919582
-0.06315663651831736,0.025690990720716404,0.03099765580214506
-0.0005920917378140836,-0.02372136006213377,-0.07455776701670953
0.0502603233401403,0.056720101207691095,0.05222105732917594
0.07241556854862562,-0.027647000569291747,-0.007642730512493971
-0.018723088794142938,-0.07237188944251755,-0.10020798592008258
-0.05810290221726792,0.06502272956201538,0.017648558449398426
-0.03300885463846182,-0.071623786452738,0.06339526594183331
-0.005481561980696314,-0.02369731970230084,-0.020597699578886748
-0.039831773080487055,-0.12931423164825004,0.035111785057478966
-0.010260346987188562,-0.0020756017528806006,-0.005884726943364512
-0.03112209529234073,-0.003296777257024295,-0.044345225775153284
-0.031121699835500102,-0.026946207272206747,-0.017500622414779142
0.00831317178039641,-0.005903285251900186,-0.0929157674363744
0.07205703407715747,-0.029100317697316164,-0.0006077930873326001
0.025398319984396664,-0.06675304756607332,-0.03673469547254298
0.05271293152491641,-0.08145423326383341,0.004093491515000738
-0.007553351428156126,0.05177299049905414,-0.10154132247682124
0.024451936656166556,-0.11192901626403584,-0.009630773786392582
-0.009283121059621355,0.09964141644001731,-0.08597907698066817
-0.07791347871123434,0.004488625572985539,0.061670823369705925
-0.05505518866114794,-0.005449519527203721,-0.02181534868394334
-0.14532859069887494,0.01807555624134311,-0.0012806361045587713
0.08936319141744899,0.048011709406354866,-0.025146308355693335
-0.00323651380623089,0.009809904916283389,-0.02396588172877724
0.024219410950997708,-0.04403113265795139,-0.015304788134894939
0.0767818047505017,0.10285975347887154,0.010278233508218704
0.012740804771797535,-0.0365046995879856,0.017317419208026326
-0.14316319188410306,-0.02657944670033404,0.030466777689564156
0.04091454633016294,-0.04501009452873237,0.05312350826809504
-0.07569445045183795,-0.04525468722296274,-0.07063213679781093
0.03518546440272068,-0.04677098403307266,0.025910393567128494
-0.09107492651541368,0.017858717589617067,-0.05097823505408344
-0.02277131091019892,0.039246796306518394,0.014969307819940532
-0.029618734662581428,-0.033908073667467314,-0.06076498808233628
0.03107186209127539,0.0008836718746146211,0.018111277548899074
0.02634220978454392,0.06859503637864378,0.04305262508711111
0.09388505474518019,-0.004755432117627441,-0.05939073477559406
-0.0330822512043004,-1.3209238956977606e-05,-0.037597863045925065
0.01709360732225413,0.02594827057165318,-0.004810166635346761
-0.04635254443594118,0.024671292825109103,-0.02219722922148308
-0.02925204745461851,-0.013077571550456787,0.01909838722099921
-0.05955890025425642,-0.08343759954787669,-0.09443490673489886
-0.09097341562592806,0.01014625728429873,-0.05943364548314175
0.06547185912427211,0.09477037826142481,0.020771835702678952
0.004348546440418693,-0.01126839786000898,-0.023204393000041585
0.017343648501130092,0.0876142054456426,-0.01683215450943442
-0.06002992392827844,-0.0319669064204573,-0.062286781598881555
0.032736122631032885,-0.020663934948169593,-0.05363430352240589
-0.008277712060600528,0.03882608767810444,-0.07254826642752099
0.04479840462489583,-0.05579543589397758,-0.04320418998833339
0.022015338819558673,0.012234979415657023,-0.07273337657677302
0.03694004528909031,-0.08408174643621005,-0.06477400346371494
0.007960194711822115,0.022421643680107742,-0.009415607773212301
-0.07185305257550482,-0.043406875145632406,0.03449989292878246
0.005621081065063593,0.000781397575538998,-0.029032149364123384
0.08798941394827267,0.04932416792664347,-0.05798777057571139
-0.027285137717116555,-0.020196606820772248,-0.01860570952816793
0.06520761963055786,0.08505445817023556,-0.011258064734725608
-0.06044527324748561,0.03807833349240933,-0.013839960563680306
0.013398892874897355,-0.09090237597516122,-0.03548187319640475
0.07225381449868665,0.012408376578227933,-0.024285433345542954
0.0026329193846299226,-0.017599071269861447,-0.003676922071553318
-0.016880163378170426,-0.053736846188409626,0.035889090837449705
-0.10542641235814922,0.044939435980587236,-0.006404569475610201
-0.10267048673122539,-0.009558981910314948,0.011396640371064845
-0.05002476214945194,0.028803720002776482,-0.03867815291079582
0.021691007037422782,0.02515781627739336,-0.033906326611636464
0.023300540567947708,0.05513292019885262,-0.014653996871549634
-0.027957345784809098,-0.012528414914685313,0.037863551442867224
-0.11953983598604041,-0.059762440666555644,-0.11790165295978641
-0.038999543011885004,0.0979533620311274,0.01299013749287678
-0.04829746519067793,-0.006851386482268858,-0.10702588871432776
-0.0016618936953758517,-0.027261597094345787,0.03706358417380465
-0.011046958183740177,0.002055129625375997,-0.006632138972210527
0.003828181575863336,-0.043761558927832254,-0.043688942392798524
0.013610240573124592,0.016920699537937053,-0.0019523405456172115
-0.036309860978482864,0.00562111671839691,-0.04183005015412826
0.05315085364472009,-0.07984806111080536,-0.1274924613151184
0.049831005013205934,-0.12071878803142623,0.0265433048530563
-0.12430247104293783,-0.08877037174271969,0.02841783856286184
-0.08542156131464353,-0.04116081612260772,0.0048489539807185095
-0.05126925501476556,-0.06868384460560088,-0.07308715133191084
-0.004887573495051974,0.00851438766011475,-0.008885983556488248
-0.001423601971573485,-0.019995370061752515,0.060536362303003646
-0.013051686318242696,-0.015403041221018597,-0.07215837699441378
0.0008097030165831083,-0.07116300281563066,-0.08685680054773114
0.04978573036407442,-0.0666370858494946,-0.06593737257579418
-0.06331526597642256,0.013360725790169701,-0.035224018364473614
0.0025554672753948203,0.07051923145502022,0.05469854656124856
-0.0819042956846755,0.0043082851528104815,0.0018744398124839988
-0.031953967802263054,-0.030252091058516742,0.009560021768671618
0.02403494338741078,-0.05328871843446788,-0.03718360010868968
-0.07001279703458387,-0.11052197352608988,-0.0066861122150260605
-0.03922801581622101,0.04528068558430867,-0.011852083823447728
-0.023654667466661988,-0.05177315003026616,-0.07860222664672636
0.08970609321102492,0.07263946238194383,-0.045927328107442954
-0.022192309364744825,-0.0071169129538580875,0.03928200432840248
0.0509949163938547,-0.00014616582391211927,0.03126792992425369
-0.024180365809535982,-0.030404317940617695,-0.057749047865277695
-0.07360490305034369,-0.040887687095222905,-0.0032255118394561577
0.012607883808440443,0.053135711678965844,-0.03262523542681486
0.021617468807230325,-0.047404535672887854,0.03458454321266715
-0.0020623458092975493,-0.04747334815927386,-0.057883034640028724
0.01861060866485348,-0.049722332514100936,-0.03570482391143233
-0.044832801540048525,-0.03348147080952531,-0.04852494582060783
-0.037372460883101324,0.05276321556749859,-0.05691376277476455
-0.06121680063671303,0.023216582663111385,-0.07173964086502724
-0.04033948223449353,0.04557256974585985,-0.008108786985026706
0.028924009233678025,-0.06324151185146766,-0.053812060957194735
0.028805844707325827,0.011133264338810803,-0.006378328444697979
0.052243579074721186,0.10373938510403505,-0.01984795582684972
-0.10076107585234867,0.016773089580180152,0.04349246799854727
-0.06356702556013609,0.07586629892665084,-0.1406351090966531
-0.031124519333133233,0.017629389874649914,0.04469542821326046
-0.015488078297973391,-0.03202336730727146,-0.03359916522272316
-0.015227902082301051,-0.021991287633813666,-0.02260793686589041
-0.0032230894539500513,-0.01948726767266965,0.012770779795204256
-0.09296419778895354,-0.0015782040221117531,-0.034970887049580276
0.014942376223202467,0.028913999930761356,-0.04046843811063632
-0.0661789389543074,0.004883617387910152,0.020294301962033086
-0.013916906649833466,0.00021307582570818245,0.08373199668459956
0.01870236506801099,0.0056837925380802574,-0.025817187780624848
-0.006957929025679606,-0.005856217536212408,0.049756373289696926
-0.04654134936442572,0.028370505475093424,0.060669539116018106
0.03596331485789182,-0.013205631858684725,0.005710031693411943
-0.018839561039359604,0.044822571542740094,0.07237770061340316
-0.024493873721243523,0.024286950348433457,-0.027862891432171633
-0.06358721368127292,-0.024848825511247053,0.012559387923479447
-0.02112782325654236,-0.09971795275929365,0.023823291254216714
0.0004907766970904774,-0.11518672067202722,-0.0948288694896862
0.004993718061648661,-0.07280460285531572,-0.00304762396160186
0.038493002826699756,-0.03161559395466391,-0.008110134638891677
-0.07006275977250519,-0.03421705572312005,0.05515121417447664
0.03674560675461862,0.030331120116774492,-0.014393485770561881
-0.08515694389372201,-0.08304566556859894,-0.035886366535406555
-0.003212844270837345,0.08823182522214784,0.06111014036699845
-0.04771942934534382,-0.021640681320787385,-0.016229990856883227
-0.017678605886595804,-0.09059611302221375,-0.09544063924466405
-0.03452508315729596,-0.03540562518357874,-0.05705855409346239
-0.057696444865750915,0.008426079159147604,0.0917551423792882
0.0631262143899985,0.020415647222390847,-0.08477736251279047
-0.02080994844398449,-0.04717364008631472,0.03393881126775583
0.0130880102173634,0.008448563462344244,0.054428477413824033
-0.0448832925007247,-0.0435738139931513,-0.023646784165829292
-0.0321650934242415,-0.004890661032103485,0.004904956909599181
-0.019643680055389204,-0.04335394576418546,0.07090761975026008
0.07214860086555436,-0.11091349878908617,0.04176103660384626
0.063132212903712,-0.012349576894070477,0.021490262082947596
-0.007248669483525731,0.010639111582846071,0.009322057294666218
0.007265639222769078,0.052767998492173,-0.0508999076642107
0.03483514558083402,0.06663764653417197,-0.07629860378753728
-0.07444525109176063,-0.052092074591993165,0.01367755294105352
-0.014163282637687824,0.029528477685446308,0.08246891497546734
-0.018114079305745656,-0.019687049453709395,-0.041914783450164333
0.02636050966619178,0.05371957109503964,-0.009440977720905203
0.0064666007877584,-0.012085789883061939,-0.05361358129500686
-0.04914461153610698,0.015153368461477475,0.0064151665043334985
-0.021073291530643627,0.080666700482291,0.0350819659019975
0.03358914473615524,0.01797326139531153,-0.02044982247462003
-0.015998244931440413,0.07415422658889724,-0.033527937684581476
-0.10765731546777955,0.015028983895807237,-0.06617327184180619
-0.02469576569647564,0.02863696155067494,0.05687375905446315
-0.051523861907325226,0.012687060095903124,0.019874123080789077
0.03854740709441083,-0.047870542204644304,-0.08757162295626054
0.04462350532174852,-0.003698426773847514,-0.011780206018359354
0.0340426119006565,0.02380493834564231,0.1351217832782725
0.03341149926429368,-0.06396954829658703,-0.07698501426064813
0.08413275164924887,-0.016969155357595335,-0.06758995126344765
0.002563729986573984,0.01927385276935867,-0.030447822630932028
0.186947492812486,0.03463809763639363,0.002568457545871727
-0.034581187851619954,-0.01955944323572435,-0.04717211355298774
-0.05173885751527849,0.03927354986179539,0.03222175939922416
-0.039273130437239324,0.008925054237384438,0.06375493398425516
-0.04376097243561472,-0.015918421685626974,-0.059681641519321926
0.034333595890132386,0.004608614449921964,0.003397323075983039
-0.006366287425123332,-0.04356187108921607,0.020484693014070382
0.0023659683924141185,0.0022308597965199754,0.022431633385684203
-0.022434597160557568,-0.0059913075537418765,0.030311996209594776
0.024493666953466005,-0.004379337137004891,-0.00519649965067062
-0.13302003886476327,-0.03718843306395557,0.041312179936940245
0.032213323451536435,-0.08724428244333594,-0.007088999833627207
-0.015212692408445961,0.038999382886408036,-0.05609643410719313
-0.03765213131560995,-0.10153262607214826,-0.06059357313112599
-0.02399441503269403,0.010205597209769853,-0.08584812051084388
0.01909779399945212,0.04551717396089961,0.021827511156197365
-0.05081349020751638,-0.023872921065438663,-0.017830402133296726
0.05102383194676138,-0.015269701625825824,-0.02438900204587667
0.03202079083030215,0.023128516717699554,-0.01891745127508678
-0.0471163602654298,0.0379095221532929,-0.00113355236284082
-0.025828956622450983,-0.002772634746076005,0.046790731973311205
-0.004309898752567614,0.06935992531239739,-0.014515689772934317
0.018129424461250276,0.041054088490579045,-0.0071313630523980355
0.011595194331679224,0.06791772745054425,0.0031034024623210893
0.049012978296775096,0.026252346704901938,0.01282557900554255
-0.01681630714374821,0.059925139909723465,0.06169771504304585
-0.013714969596627217,-0.036889627671503146,-0.06015139896638353
-0.06031824156243498,-0.059334916769154075,-0.041464895693585045
0.036279260018419475,-0.03908890329921912,0.007150722360020234
0.0322634431285803,0.041598047728234444,-0.0025177335683347034
0.02636330893191665,0.03895469996804758,-0.04965635997486298
-0.0050460775267838175,0.02664484841279067,0.07400365743238824
0.06845871092319938,0.01599376215547647,-0.0433211202880659
0.016878830380270344,0.037943072188330505,0.053474623048493576
-0.07316593655110591,-0.025849554685802956,-0.08461060276393748
-0.06461599039221763,-0.007186302833324129,0.06466239240064889
0.0066140007693198995,0.0723520408374114,-0.010802674129431604
-0.045828690917851626,-0.015533872859314481,0.04738435832868269
-0.025609535322096925,-0.059479871687901004,0.09561257173717198
0.029024700161854457,0.10824616815696828,0.0803472649619273
0.004701115979897917,0.09990045290884472,-0.03811739355985327
0.05799151609805161,-0.08538377882674575,-0.026601661226122647
0.051492062861889475,0.00586610327161797,0.028766151575025385
0.014683521464465046,-0.04590925263285425,-0.07271096064117702
-0.016262830490723926,-0.049355160538300406,0.04471978722675528
-0.020112257775636876,0.03217329316857677,0.05887539848995796
-0.12202308650064514,0.04187561989243542,0.003817851719210749
-0.0011975767616881697,-0.052304330692980586,-0.09532857315961958
0.052364243278432795,0.012489535693939726,0.06042318640754269
0.0038145049646973054,0.035932322821482655,0.10673437172345367
0.03962223049434577,-0.0639937542756851,-0.03533986554443798
0.03203994393769961,0.030678245438752645,0.041290376538702794
-0.046462843971392394,0.003511523755167407,0.015386329243026723
0.0005041540147567875,0.0044401785999533495,0.07765467887551988
0.0635187997316674,-0.054894913026369375,0.02391110568102544
0.08478293922339922,-0.023401299579750578,0.10488126805051394
-0.06851664378877956,0.10360488007036801,0.004571965437563717
0.04485410761933704,0.032431116953601374,0.010851309979163002
-0.01786882116451287,0.055755109587979565,0.03846989725533624
0.04484807596805704,0.010738470401499596,0.09233719704198778
0.02452035769905867,-0.010013855173164637,-0.050449834167476656
0.003375177018223721,0.09621086946722945,-0.0216019327749604
0.020104187329782038,0.06055525112360034,-0.00786036052094479
0.055756122376845796,0.004031700501428351,0.027195857095419284
0.017887580820540414,0.022346377040165646,-0.01940637543933021
-0.007357524430113841,-0.0037621761552187813,-0.02026297968617214
0.07800026154113521,0.028963142201210004,-0.06472637013522885
0.052589500342908525,0.08738479011126148,-0.11917701852296624
-0.05637170900229667,0.0830528333200811,-0.029032012321554647
0.05985568822772064,0.02114109382741395,0.09063812912862156
-0.07060997863216481,-0.04876379157512086,0.0015407714625682994
0.0329823338498375,0.01935650513788327,-0.011688295608276602
-0.005223640841085758,0.07623187314273411,-0.006210321549295999
0.06961786544492878,0.14547892869185203,0.00766905550493342
0.03633816574874675,0.0776042294844348,-0.02235665849463532
0.0006857360025114868,0.011658942916121632,-0.062693183067558
0.06501443947650087,0.02233118214059416,0.052173549455970296
0.025581916695689107,0.02386799183152686,-0.023370438698828114
-0.0618427441630645,-0.001555442053623051,0.03170129116297999
0.03309306169060286,0.04465281062000809,0.03355579832129517
0.01109666971442284,0.055983482180208585,0.047416874794082436
0.006704801876695532,-0.013096472434757051,0.047316818411088035
0.03215890308335241,0.1006897302739038,-0.06309798295629564
0.03029668350593006,0.049926129275576644,-0.05018687690166085
0.04563178958729373,0.04760139044543726,-0.04956349516226186
-0.04724063443261771,0.050066903768266904,-0.012876481358219668
-0.08853016294861984,0.033259070081170794,0.08940113491462129
0.035087684418873534,0.04151436268423182,0.06346577663637831
0.030561338428956586,-0.029948352814659733,-0.03982575383124047
-0.07521569332913998,0.0662040785612383,0.009887652550269636
0.00024838479943109157,-0.054362821330258444,-0.0015987916096916951
-0.0036816522003669944,-0.04986127027312234,-0.06340289290778195
0.0033972504687755766,-0.01484842759125608,-0.03883029494705552
-0.02670312077105991,-0.08167158371216024,-0.05004497302367894
-0.05130708488897613,-0.0774342724350948,-0.024753516806886092
0.054934756764962206,0.009486014750608946,0.11221227149239776
0.07606078370984917,0.04688638998789742,0.06262059711905943
0.11409787937045404,0.037873462211945375,0.03092027038761614
0.10546283112635035,0.019360081518526643,-0.007264544263322088
-0.016064831889551094,0.042861029243529164,0.0321722686356179
-0.009874815136858856,0.003710592811001577,-0.026299841011718696
0.052200017858731546,0.07096079416628115,-0.08086902358114964
0.08033791309686611,0.06929928575264299,0.02875258765034648
0.007492657044981371,0.050122791054420995,0.03995309236876048
0.012118162225422838,-0.009557095458744037,0.13376965850781533
0.046764036330590245,0.05453355415096507,0.07690564365859494
0.09460070201274737,0.10819807366514311,0.07474196642471381
-0.025564482450561442,0.013930877964843196,0.058475296081548576
0.07752308790341955,0.038430343751167315,0.013389344905901398
0.06614811223842176,-0.0456954059022701,-0.03709865357248032
0.03933456835532929,-0.01741192686069841,0.14156900072610584
0.002187482973266531,0.0870425646256838,0.030445241390995248
0.026555451959438706,0.020298594026166544,0.07728519952529983
0.046114441445267634,-0.008379113811234969,0.051358367425976936
0.0008960374374050763,0.05100300096246105,0.010043089493147382
0.015133310265483021,-0.0056082031631078146,0.06430680417687101
0.017914149379897548,0.11746634357746158,0.024313934533415647
0.00889421656095572,0.02708163534662931,-0.03006339030313815
-0.011912520793338908,0.10454488887395409,0.037568938362039846
0.03634100584197011,0.043031679017175486,-0.03634483384247782
0.0842785466205083,0.036210323173127903,-0.023922012123590092
0.024301735111533353,0.02809132198622894,-0.05107050424923446
-0.002087415154195152,0.025610198480622084,0.03408209105348575
0.05483371025428656,0.013300203865111812,0.018741030752963447
0.082711868615464,0.053578944498121256,0.0021079205859054
0.04000343035031326,0.013238114422541216,0.019823765479701605
-0.1074533379942858,-0.007079328988016671,0.009956097084462892
0.011293601772345124,0.0905465124549675,0.00976608870764757
0.013634263274773281,0.009528709342742601,0.051167961250135834
-0.006743813369316953,0.09932115940142239,0.059744680037291234
0.01875966723229682,-0.06969659940800398,-0.006295097150118237
0.062905981194323,0.025638675191579714,0.005706936453162127
0.09323167309226882,-0.013143757826263189,-0.0016051346463714575
-0.011329504788443506,-0.035028773935196225,0.1213800009137258
0.06229724282667927,0.039970774509191676,0.05731308801870176
0.08182773781545323,0.04922166360439405,0.039910060085747615
0.045121107934058116,0.01608506788826365,-0.01078648402466589
0.013664041522377981,0.014391788215912972,0.07076634085464756
-0.01604418580111273,0.0861655036609859,-0.11992407946467706
0.04959167177841696,0.022800402484985844,0.04077440602774941
0.014914681770720962,0.021484211655563936,0.04061346261744901
0.08554750905646852,0.08231443189677107,0.03167547548943617
0.007423341761692112,0.03959181858577946,-0.05795118038863312
-0.029612497122336292,0.03500521826166481,0.18727327687174258
0.010834228425797943,0.056455747558169525,0.022514932424112847
0.04592279223288434,0.013327134729573625,0.04667883327233187
0.04978770471577529,0.029613088071533678,0.015246334979156319
-0.011028068624304967,0.031089597752040385,0.07168080620004147
-0.016571342405966652,-0.022801531048620018,-0.02219753459144161
0.1727530614816311,0.030365049218523343,-0.04530943271267188
0.04648615765087555,-0.04444096365443252,-0.002641098020850271
0.07825828902530588,-0.03982828038481088,0.04268809613168223
0.019091927917470518,0.0660431312321619,-0.02027225078050377
0.0178795836502543,0.04082461830666721,-0.01809812561760331
0.14901659715829577,0.058175471643724976,0.044317555134139645
-0.03805933279798965,0.027511274522915248,-0.04602700094715362
-0.01226392657653487,-0.005189547298832111,0.12914900066421708
0.07734895693766483,0.06091514225844792,0.07182405803493709
-0.08424875992733805,0.1074935908229956,0.02005077481902036
0.04935917077451944,-0.005326189108971122,0.08128547484871222
0.023299195276528198,0.03035103949928413,0.1012310337458911
-0.011090698502579257,0.06699971092954674,-0.040783741470034926
0.05564814731294858,-0.05039150028129233,-0.026317693096104502
0.06380898482570307,0.060617501073544355,0.04860328784152038
-0.0552242009687755,0.08034631088816827,0.00418298105093466
0.03612196729267372,0.12715946437837405,0.027195400177656606
0.06908063166822576,0.0024262926544960373,0.014864875724866335
0.028035204452986205,0.07288818958123985,0.01838650434458302
-0.0728852912705624,0.03206754795991996,0.0035463692060550677
0.07954324585085683,0.07059072746329406,0.08397338320352739
0.04124226282155626,0.047930105928103706,-0.01870264110813599
-0.007652563700842545,0.024883641092593285,0.09318856460194508
0.039431044586301464,0.0029452706691553004,-0.003130486015818057
0.06931392787856154,0.04179083766142212,9.728855500604032e-05
0.03840898375153246,0.039236669400194185,0.005652363160763774
-0.06417483361116122,0.06821241362778578,0.0778397599641001
-0.03257125213907505,0.04958156455286923,0.00872001973307287
-0.11867565498180052,0.11041653569986197,0.05052520024555091
-0.034643647239505096,-0.051350783737387454,0.04890203430013998
0.1107910683129852,0.010570345066218121,-0.024500388563893284
0.027929733123715682,-0.04161297207070965,0.09204669687332359
0.03829213508043598,0.0138004084499356,0.05269854548428943
-0.010828914940281072,0.011428663027544462,-0.06033517765625805
0.025999882241606598,0.02506317388157746,0.014984689798327927
-0.03388902106691027,0.03321740040503811,-0.03710478389299065
-0.04544765112513325,0.015376976936706829,0.06253108177783975
0.04280776007427534,-0.02830211787486841,0.14110206543616793
-0.0026749699498587586,-0.04499982134211396,0.03158486455936974
-0.05747604733282512,0.0071156792399903294,-0.04583143922398036
-0.03693963934225755,-0.015485481303967485,0.03307322136342539
-0.03215808781207308,-0.019374932564133307,0.0038867567242685174
-0.004338905640432447,-0.013659911297817065,-0.04953091969256989
0.019120996759817148,0.04895089906140903,0.029805666095814733
0.07441157285474173,-0.020474210541649846,-0.07695881860559665
-0.011152021418678717,0.03645043975410233,0.02426258428962691
0.018303257904687054,0.09572864510031663,0.03025081068594586
-0.027971873890818774,-0.020476515279095026,-0.007878209637153622
-0.010454909068113628,0.035317640811206204,-0.028549732534409383
-0.059277169024792874,0.08915223630397115,0.02168829370252212
-0.03690895439571439,0.002721809409762597,-0.002929632459027891
-0.006445251825464888,0.1378888272347838,-0.02428003951125482
-0.05061312330040066,0.001979402705142727,-0.007510805775860523
0.006894376423303532,0.05536895203490325,-0.03139055565447022
-0.06477006785136656,-0.019132013902854007,-0.0057821792200637824
0.05705471851796288,-0.011368752131888298,0.006748591452689105
0.06745509474563133,0.08003702030209522,-0.07427091762042876
0.09767862142259871,0.007934881836017121,-0.07550916693747771
-0.0061019378294845765,0.04714946333102849,0.0062354956461653545
0.037050408897402756,0.018175197183066108,0.01877689428132608
-0.0631213624548895,0.0487277037708855,0.02159150674753583
-0.03556272751391431,-0.0698688385069292,-0.016913147544730025
0.014365715879660386,-0.037087395674842955,0.007179163206693682
0.025648328517028123,-0.005462476254618163,0.053172928539278755
0.07042242341146107,0.057699104539301674,-0.059001272558901044
0.06391693352850213,-0.032458389451398076,0.03991877849911957
0.004703424844734425,-0.010282962106279818,-0.011045088089269238
-0.041459864640858705,-0.12972259960839677,-0.03455870001052057
-0.037982559473714955,-0.0017375604443238795,0.06900593535696098
-0.08957026608249316,0.018776640816696968,0.06825717604682675
0.08964832713486674,0.027959888449771732,0.007604368925790184
-0.0022639457583732365,-0.00812719733906033,-0.10540545322418875
0.03938632722397806,-0.11191648886121716,0.0103103276047649
-0.05158867487404738,0.0045403192336716065,-0.04835434655166166
0.037241399011064207,-0.012310775107567144,-0.006317931336633849
0.010519856777268386,0.0018786915955155948,0.006382794559150204
-0.016322618268254756,0.0720449262571508,0.019752727922726705
0.057398686232536376,-0.06267900850790539,-0.016230642142838574
-0.1012015459112192,-0.05563350053418178,-0.05326045079532738
0.017101467808090243,-0.09256963775540511,0.0505169356860778
0.07942455623292055,0.012245181002473722,0.05465591347323497
-0.07168616939669475,-0.04499200282004531,0.03357628809177423
0.03668558580934222,-0.1087061549035966,-0.07355700976941444
0.03940461064374021,-0.01572333722655932,0.03446645012842732
-0.016459418177176475,0.02641242184698693,0.006485226541632008
-0.004597428854128947,-0.040592191962116664,-0.004581700755239511
0.02793680638079851,-0.013167571200677452,0.08815809079742322
-0.0019263388059491066,0.010266174439353657,-0.06761966010699841
0.011608450488179645,-0.04761624011353194,-0.00686128336412134
-0.07446020623225377,0.010709913236752182,0.025332995207439257
0.05284080651447111,-0.05492506517661719,-0.0011552124747935778
-0.033499933647288885,0.06249380630538692,-0.08258367419361469
0.05900365573181689,-0.02326584444724296,-0.036258625776260794
0.10079556912042723,-0.027361185347520658,-0.03138049525019469
-0.12003111906622385,-0.04459212764283844,-0.046723040605251155
-0.05938224851187901,0.021240218559210926,0.07911773433764706
-0.05355094372188399,-0.005911201070662836,-0.0316582244897433
0.04122276327015338,0.03305026455839178,-0.010699933878252958
-0.021115649273157688,0.023197693096983125,0.06549136286277035
-0.036791976470342456,0.08738313941183072,0.06624534239718735
0.02305719488666979,0.021847719129868215,0.10074349907086015
-0.07818259382808423,-0.0320615755434252,-0.06243474588448478
-0.03838989520178852,-0.04893795349864183,0.03536167835218656
0.024732097421262977,-0.11433632418261311,-0.05610262476378538
-0.03144305665020233,-0.0037154435912192772,0.08389885805477731
0.0048981871266964155,-0.0704686413124222,0.04609927406636171
0.00886131730633548,0.08716379537070941,0.018975809487643706
-0.013272922491347846,-0.03821800499627341,0.010348215752550472
-0.05607313201075078,0.01335682851958986,-0.009670134701208696
0.07528636503695374,0.012254195500745782,-0.013592488995642193
-0.06413178702093089,-0.08135217253796165,0.06339552869555645
0.010623582310816924,-0.09908649814673082,-0.04430064128986262
0.06645022728917782,-0.06738750757102178,0.04469838133651144
0.09276010508609006,-0.05519665135597476,0.057332615797497224
-0.023633436113294715,-0.009213246279222669,-0.05033182372192033
-0.015581896532374847,0.04970399654013438,0.011752412303681615
0.0325559314105191,-0.055005660592660224,0.05930152530385745
-0.06148319442467408,-0.031019825147584577,0.06044166699352066
-0.030053603622667353,-0.006861865738567862,-0.04082625420670421
0.023921015961794787,-0.03048987254892066,-0.002467332871327577
-0.003657739305162973,0.05240540901917137,-0.019596876712708156
-0.017479577027683657,-0.038474897270526845,-0.06720711519843556
0.051197155564803046,-0.026555443055001255,-0.016391059560507612
-0.027514617905101388,0.014372104357842126,-0.016321050053552794
-0.0034724786859890375,-0.003964247000696464,-0.041839729953113386
-0.051499292494082846,-0.03151523634137654,-0.021908380225911954
0.007147826995998361,-0.021353303333012386,-0.0011719904659244842
0.0910961500255196,-0.018895782660312655,-0.04240683224526066
0.013483992941154141,-0.0761140516786197,-0.0535397346085012
-0.06886782824192905,-0.02089774900101743,-0.0035012864785315383
-0.03757240763524189,-0.030370417752817506,-0.007878291423523748
0.046086558826248805,-0.024511361631235237,0.05189010893448873
-0.00919262836639631,0.07549549927324094,0.013998212566646118
-0.032769848115870734,-0.004755004043607366,-0.04882870214153649
-0.005538522813748319,0.08243582215201309,-0.09525391983140512
0.005262092375019411,-0.05358525832117676,-0.11346476727139518
-0.003746269590714779,-0.10224054082334019,0.023280679732488558
-0.00578426932995091,-0.04755500131652972,-0.026201270154805417
-0.07152631740932065,0.0013217307072438643,0.007682311593055657
0.019466473583684852,0.005625991404655209,-0.03402751661158582
-0.006153403940452013,0.013765275443334658,0.02078520927202644
0.08116172112172819,0.003973258951716935,0.019414506034184733
0.030038340955687127,-0.0810701421159575,-0.0499988843035335
-0.04217439379202248,-0.0063144564446837945,-0.007502426675845943
0.005722708253110654,-0.08191340802454111,-0.023276272784989074
-0.010553879738449125,-0.051599790061879855,-0.04549249434125399
-0.013279176031772848,-0.018211009531031965,-0.14488643298226012
0.026000056358330685,0.0333417251376387,-0.030842752023872287
0.022757661003584482,0.004565624400758139,-0.002379601911483932
-0.1769310929404967,-0.016929163831860387,0.01365497816204347
0.022265505773423698,0.00034139691703402586,-0.01899735673604283
-0.04465090273347072,-0.0013173382403219233,0.017044592433041763
-0.05369694084135308,0.044438087269276956,0.07597606443552715
0.02847584710096658,-0.042198921503419654,0.00601638097813189
-0.04992555323598509,-0.009164195049979692,-0.06975907868689468
-0.054584589347089985,-0.013345735978070069,0.00564421052086125
-0.05359771192069997,-0.03376568689334848,-0.008117036066184025
-0.06056808610581703,0.05288690930988556,-0.12192499855242198
-0.0042021814656624384,0.031252130188578156,0.014911347530664334
-0.058803592036873506,0.013999827869299365,0.038623865963151316
-0.01698533413486781,-0.021821740704491336,-0.04550715494055384
-0.04964787371007395,-0.04201473640112323,-0.03223944142503491
0.018654409100579125,0.023190342543893357,0.015051098889752881
0.03785994806360711,0.035209016151280026,0.008759039553031141
-0.035306204298347986,0.03049120016542049,-0.04600614850571505
-0.011297586963992697,-0.05948542343664264,-0.02987362281817503
-0.00544972021711812,-0.0294143228343493,-0.04148327272063578
-0.07969367195012927,-0.07793398920068634,-0.03473434768558292
-0.05167413489860615,0.031095581770814375,-0.05019935170517035
-0.02512610583345827,-0.12143493052466486,-0.01275116827082569
0.03223746869236286,-0.014804843931808545,-0.09652963709490828
-0.003955280720418543,-0.016911227130632592,-0.028546817996693098
-0.16573623339473503,-0.042484339215749296,-0.04775690540762975
0.034728155668595266,-0.04527606564881609,-0.025291978082993202
-0.03921224113378165,-0.08982571155198114,0.05302144415231333
-0.08089463103195493,-0.0398118975932585,-0.04929817566271559
-0.05543429013749125,-0.02762170554459644,0.0004808122718385349
0.04480080102764869,-0.11119459616383498,0.007550726009603825
-0.037151541833022245,-0.022824880798701874,-0.019731201335905946
-0.1323919904619049,0.0760163820367104,-0.04879792079122715
-0.004419085020562298,-0.007300946084476125,0.0367697713231543
0.013317922784291183,0.09579309764282551,0.03226230855613643
0.022582235186008933,-0.057277276655051945,0.04091253190125073
-0.04311239283380962,-0.08630146907062027,-0.010451455978464488
0.026417645363614007,-0.0529157800336464,0.006331054902974448
-0.05651774952931338,-0.02220022271571725,0.07291530550638886
0.018018763373708745,-0.0650435316706799,-0.08252723052077662
-0.025756909150517857,-0.09802682832767835,0.07520691768944472
0.04229527468104744,-0.08694305318957157,-0.00799037866457999
-0.10235280629486916,-0.03502613897813624,0.09531899781719222
-0.10652486481492555,0.05838496812483031,0.07231011655274378
-0.04890683235091077,0.05552011794284557,-0.022842664097713634
-0.06930741713689673,-0.11963106015737543,-0.07556217386704206
-0.036395593113277544,-0.1159088961988096,-0.05651895198145908
0.07850777018327786,-0.031035382544068686,-0.07063676396053142
-0.029890820462578724,-0.01805360887850168,-0.12957049858015668
-0.035525446263180854,-0.10407802594777522,0.007400191737697962
-0.007089093591861946,-0.01387956970655484,-0.09969893410332095
-0.07723450928504562,0.02868488738776511,0.03296078162107606
-0.044507695295949425,-0.0299697585072351,-0.10914047781410086
0.10366222849031873,0.04083908865812781,0.08013900846397812
0.033488852533012585,0.02661743545629952,-0.09270572929520837
0.011933984996757244,-0.01850461367239346,0.04872544664199883
0.0047238940901139954,0.01865927461706219,-0.007683699640972487
-0.003170098327355625,-0.04752876955537415,-0.03407803217039356
0.04060346706267741,0.00609806753934861,-0.05374536431735909
-0.07070095388272671,0.023484409802004003,-0.03227434388887424
-0.05983727938070951,-0.03873648010311319,0.013786613517023878
-0.001538728915442834,0.020471474971856658,0.027605835901307798
-0.011470946864754021,-0.0420347505883315,0.02243903391744081
0.014791190787921165,0.024177746943934087,-0.014834783096668181
-0.025232723315051567,-0.1408327681845463,-0.0019024786418559009
0.07601532519140936,-0.03093384070935583,-0.0376836071990876
0.030979925326844616,-0.06878314425494846,0.004376373970836015
-0.09909123082588868,-0.08936267307115169,-0.04219631285474876
0.015547706313183453,-0.04821276476587559,0.011089089569070742
0.007036814301320906,-0.056717956930646754,-0.016111546431688325
0.04802602747697848,0.017569815511244757,-0.004494939329846974
-0.09174741015524535,-0.09008804578307616,-0.02670736566287027
0.09713403296375635,0.04713195845714923,0.01929409994748036
-0.03998496020095527,-0.006040229314196548,0.09143481331916428
-0.008372146040838658,0.05946243505963543,-0.055271820097582955
-0.06606418058680978,0.0557172227735157,0.04912616607288312
-0.03688879569416293,-0.07382938787765904,0.0203680177725679
-0.0017211574843297335,-0.0014640059494451067,-0.05239852219523564
-0.023691733504886014,0.0541821262363973,-0.0721389899194804
0.002083342845959995,-0.060999395996434995,-0.011222665708153065
0.05195496582460957,-0.1315095034965356,-0.04523729881135283
0.007908442879857902,0.04149547990854582,-0.04583461978681207
-0.054576329231849574,0.009805728741765347,0.043649502860906936
-0.03103064444048608,-0.059198537870543216,-0.04000238848886721
-0.060466156932905454,0.05020354639749092,0.06491568149549878
-0.04305895134504326,-0.015796087316222302,0.10530721386237936
-0.030299589530487107,-0.08856679631286105,0.057171097261408135
0.02085764472063477,-0.028331458796288813,0.08275803980429092
-0.022254038434418,-0.042198804372204586,-0.04932560963245953
-0.05562736753364471,-0.04944266616217415,-0.003505198816093751
-0.02186510067374671,-0.021915661969404428,0.036382406694747606
-0.02671947067077162,0.029715767460404777,-0.06990607198906171
0.04512792962695527,-0.0397154786728803,-0.09801217344741829
-0.02349863442780174,0.056799983188735456,-0.09111151085815394
-0.023040601287297742,-0.02514589979582825,-0.07403381335263588
0.04889175941553563,-0.0213726130971574,0.0154119274399187
0.037896598010985695,-0.0306752980989916,0.011697541731636833
-0.06977560078813666,0.05792320903017061,0.05362666428523096
-0.009892216902838398,-0.012710599546831847,0.05564127202484414
-0.06366903386689392,-0.0706971035155794,-0.025065484868479315
0.008482741378699941,-0.05776256517386097,0.033786956539833074
0.0455926483513146,0.004629140665038487,0.027483010249007192
-0.0240011685617866,0.002475108117414082,-0.04170240621458009
0.007237756766121134,-0.055993490154974415,-0.050869598313336685
-0.012533334875733576,-0.028288153189535106,-0.017446433330026753
-0.031574349839117076,-0.08351525515176206,0.00326897203046074
-0.0800566871341806,-0.014146692841368404,0.039454612182164825
-0.0292707593020333,-0.045764567474613174,-0.0041599885118412646
-0.04213700267496152,-0.004822566515230005,0.0036175678185101567
-0.05214293076972402,-0.014766172996228667,0.024784501687620832
0.06626355273979029,0.007435915243903695,0.009175586542129995
0.020922731357717737,-0.015220496571995626,-0.07872074367480932
-0.009239786389324104,-0.018426518322568287,0.07507290455596928
-0.011185074425938423,0.04090487166940854,0.08300496583707252
-0.02375391841305842,0.05918058611332901,0.04148165999205474
0.022365422206330494,0.017001500542880382,0.021657022615302376
-0.028665535947547796,-0.0442829865527422,-0.03436504681428156
0.0007220555909263726,-0.014843945033621526,-0.038941052803855715
0.011465347969005293,0.10096980113527701,0.04672105599335387
-0.03674856933460695,0.10334796407502989,0.030191521875778175
-0.031020543078460177,0.046733423937312384,-0.06736239431741652
-0.09840576616156874,0.02853000404016886,0.0036176787847568316
-0.11847994712380176,-0.012984747722536506,0.0014336019000935555
-0.003756259279131077,0.06253219091796501,0.07023240728379565
0.04506686814055074,-0.009429039971884108,-0.043320436060774486
-0.0312175292981002,0.007203671111032147,-0.016136273741826784
0.022967915998637962,0.014005524652433547,-0.02739330140577705
-0.030705554856586534,-0.0700550808433557,-0.01627785526759159
0.015780512926867947,0.025754351884058252,0.0003469702223112812
-0.01019450613493272,0.03585001362105756,0.028349095775576993
0.041118565973402674,-0.05146467404644822,-0.04214430373928294
0.0429727106153602,-0.054698868942700256,-0.02210057282649442
0.053795367767960345,0.030366457875107854,-0.05170576396809396
-0.03615308128081938,-0.03992247953734876,0.028839692340101843
0.05755729530260641,0.02983520031614174,-0.025054858196222832
0.014067077302927923,0.1019076793656403,0.027297182515243757
-0.013845492878615508,-0.000977368177467435,-0.03622414003826668
-0.029027039299879497,-0.009054597200189108,0.06078210795647564
0.08072905097510696,0.06808020443670815,-0.007856526178547703
0.01885958929432658,0.012994963302203129,0.08364111904606447
0.01746630297279285,-0.04377339537843597,0.06255613955904812
-0.00879964190243414,0.015653753075588958,0.05103784577695094
-0.011352760758871504,0.03709837000337241,0.07913268350009973
0.05644983314529675,-0.07222632194698714,0.035995730876202676
0.02730351627662388,0.016275836425310376,0.016533401974436236
0.07772075018098268,0.0015337087269146387,-0.0248318914689235
0.05945925836336885,0.1248848380776626,0.0031685653028630757
0.040609310954058446,-0.008537982563299741,-0.013562571934203295
-0.009649221020572788,0.10209997885483083,0.017940008334304064
0.07995464112697566,-0.034036407596255536,-0.001210230016776958
-0.020930446990309406,0.03633284971424655,0.04054354387976847
0.022587990690216032,-0.03774346999201941,-0.080969636787095
-0.018828626349060087,-0.06717896318431155,-0.0036930939806187647
0.01347100765427599,0.024915493575699776,0.061085417064181774
0.001421661530205908,0.03911664755999548,-0.019486996971767007
-0.04261369749556054,0.030661370048353582,0.012565800899936693
-0.0009742245618772089,-0.02369667544900765,0.022426647919030505
-0.008177783204701547,0.0196521127612293,0.061533792767260696
-0.024711275967073454,0.014675890183432249,0.08356441104680766
-0.07492045922188408,-0.045473096098799806,0.005748005528620035
0.000359787769137164,0.036471988345758745,0.06270281119513274
0.011053024810288126,0.037384821274630164,0.010981964042410048
0.03265413873123895,0.013673290342189545,-0.013738379048454862
-0.0005669279969773722,0.0818234641633877,0.03971915712288565
0.017439292275704305,0.07394106227808878,-0.027130776492351384
0.03259984677339967,0.02448288575814747,0.04120932103418524
0.008320482312517528,0.01863704166382414,0.009711940665929775
0.06872048996148789,-0.06277249974458886,0.04234154462182314
-0.07605651076369983,-0.06914294547688854,-0.0055818937766890266
-0.0024007349859783943,-0.027394675461380146,0.015350077968875359
0.023860831955455984,0.027663345487098423,0.07724788194207197
0.0941168937966641,0.04150421021510752,0.03625199748923298
0.003931079867446048,0.013027283612390628,0.009584759083124578
-0.007100429015954056,0.013726044061926224,0.03877613660509048
-0.022632818995245305,0.07162884899866537,0.03689062454431369
0.09682389023915658,-0.05190335757808383,0.07590630820706369
0.1287680720973625,-0.019808275657859475,-0.08003511552407636
0.06813624340255817,0.004646506641944452,0.017595702892771396
-0.01828408081885094,-0.0018586476371584369,-0.044601002017441604
0.02114376918860368,-0.0015577078106304553,0.05860152994567201
0.06626247764029378,0.00909056491441236,0.01992527559164902
0.07260865176869716,0.008300044933915143,-0.06423765734522263
-0.044143231158074385,0.030296344751795497,0.14532875809579845
-0.05076278109768995,-0.0840394359618003,0.039279384391093276
0.0014998419237405337,0.09102244045950643,-0.025966877342150602
-0.003629637015620815,-0.004981206507573083,0.025281038577104148
0.02504659888602391,0.10523659094946852,0.06616989654039784
0.022812302722432877,-0.0030666133287620863,0.061793334539122294
-0.01588746445634814,-0.07214863509992976,0.08319793271721897
0.07337558303031022,0.11436372130387717,0.030630698373929257
0.0022467476534611484,-0.014544008147654025,0.008291802605932265
0.0513952459260942,-0.020337071313743134,-0.044272228025698836
0.1113720333263872,0.010868314148612479,0.068156431251214
0.020026691048703908,0.031043146171387946,0.06027031003210154
-0.025567739336963248,0.01862886552886146,-0.046687457844432644
0.07389984965837663,-0.020392898350833927,-0.002582222811992489
-0.024810466225285408,0.026531712630225315,-0.04940337169469425
0.0071267887358238136,0.039322005911742224,0.07950018347197282
0.08948866155819031,0.16683367425639228,0.0292029905965573
-0.07030920067986356,-0.04415715767453508,0.011297253951643766
0.1042632216957081,0.04849099148433404,0.12087837493757163
0.011017706472599939,0.010220804342814076,0.06848190725783626
0.07376466886718414,0.09747883015552479,-0.0359004169721347
-0.027693543809839107,-0.013721077532161417,0.054214002110672614
0.07379186734262796,0.17397769963879506,-0.0119191001671363
0.0329849017713193,0.04114796366607208,0.07847760136313497
-0.04168619612208131,-0.07124411905703229,0.034737937361571755
0.05389575900962041,0.03622283415992324,-0.07501355514481248
-0.052635535354439794,-0.05163239575150261,0.008464656418779696
0.01808722216719527,0.05276177264608212,0.07199235785284053
0.11324371917699132,0.0777543018595712,-0.001442666238066475
0.10903852539817872,-0.05349877016092698,0.030944453688381002
0.07442619852080981,0.08410721948409627,0.039526239270882835
0.04276782671031711,0.05877457994821345,0.005089419734775483
0.07236867515925809,0.01589119294278061,0.06743403858221196
-0.03176112350656886,0.0637830858488116,0.012006580580566039
0.15180368387035392,-0.043841471119410225,-0.000868477878156762
0.10544353759202274,0.06308561681353511,-0.001180358084774704
-0.025894453564948555,0.01429920712926696,0.03012333544417926
0.010737089283269543,0.13209260765529657,0.050738513712329805
0.0484667155082677,-0.045114536571114694,0.03225340232997484
0.014962136947244844,0.05496731247865095,-0.0007624280625479589
-0.019790966754145396,0.012188891352196023,0.05165491534424782
-0.015271200875729606,0.023075076743427837,-0.026469003289883032
-0.020443637052677332,0.05545700262448916,0.0331083461816224
0.0536211825402638,-0.0014842006884349737,0.1264446165358235
0.028858376137350823,-0.03188665949350156,-0.0422833681815386
-0.035757127386839976,-0.0037928626320220434,0.03313732932788038
-0.0020927785631274474,0.01479475196613943,0.09006913664432704
0.026219735753260223,-0.010711524136501678,-0.055318158226803256
0.050180861359208434,0.04129074516993875,0.05847921015888739
-0.03871508883513107,-0.047649561309558885,-0.021095892033873395
0.0096598310047607,-0.1063304204250417,-0.031514759208264735
0.12264533352644336,0.03260489692012417,0.008611060576131275
0.0030445059706055294,0.04497051309982546,0.08536316943844072
-0.05096560428459053,0.054745657527261855,-0.014489851106875964
0.043908651629343085,0.03988232198982234,-0.015204655934181792
-0.06171534700743869,0.09950996162410324,-0.015117524955013843
0.05819343681791025,0.06519769330810078,0.02573782704557185
0.07342609309024659,-0.019743135452853517,0.024485779458739344
0.05929475802865382,0.004639574931577255,0.036285338967024565
-0.01712555437410852,0.036442872833591544,-0.06619537678055872
0.06236388680670017,-0.0728315854537045,0.026192936074803302
-0.0398169195353516,0.0605150631074626,0.08218797849402025
0.014208653838669618,0.02309284777569056,-0.008206896158339312
-0.08405733472603363,-0.05112338734934359,0.041628295381958655
0.07132203422630926,0.0006976786728818095,-0.04413351664817622
0.004754494768224383,0.18571897831227654,0.06816335063014334
-0.06416502051012822,0.020073891833089125,-0.05157541806571132
0.008772996521343255,0.012890566411062426,0.11831276059913089
0.07231489781417756,-0.01922954425456087,0.02890517594377164
0.01957541845668756,0.14045487969016685,0.012000337728928745
-0.028776952701323424,0.013594765400409135,-0.0013426748128069627
0.02377239032173205,-0.04263074417672717,0.056621837188982976
0.10628469249309512,-0.08140696526578171,-0.013197183213526444
-0.0218786879181625,0.025034296680933904,0.08954117657957422
0.030954688894875126,0.00459639710454323,-0.05217071639677412
-0.03145765524679686,0.11456196284759473,0.009424315658015152
0.007752653924681744,-0.004711317388721749,0.024313011512124803
0.06338321517110043,0.054537666012979664,0.11419415905822491
0.041972918101587556,-0.04106593475687459,0.061064882641466464
0.02134177628142641,0.010359512969697966,0.01747551864308101
0.05792352122478685,0.08113159412816436,0.0030891312126581846
0.046899263664835586,0.019779777476755078,0.0070381172431544774
-0.004583646550231607,0.006513027305016404,0.0029265711493315673
0.05502023437512703,0.09350841478888967,0.021370514399357148
-0.1271595206300113,-0.03536990489872682,0.10158947515659744
0.027719398490951386,0.036139414562018725,-0.016682313209118386
0.0560695475961497,0.03008219992879265,0.044754286159795584
0.05747185954464547,-0.05282908542343771,-0.021570938969415993
-0.004024603964867103,-0.019669427849256474,0.012001937754021842
0.04674436300578162,0.016136567419292935,0.06578394842826729
0.0027334629417319744,-0.053127342837381235,0.1080280566321484
0.03721473988685065,0.06633649583819366,0.04274600740390133
-0.00020005167327524255,-0.013288718356680504,0.032179064999254006
-0.06198365499333101,0.018069484577270863,0.009471092163669138
0.019048339555042634,-0.003948658746551006,0.035997050839816205
0.06293316025327977,0.0385165748126541,0.04294507457828769
-0.0035410909129451485,0.029710164220541686,0.025586172118353255
0.027957442187968078,0.04162533751440438,-0.025446621311025593
0.024634820995810505,0.052923412680884276,0.050070460121516794
-0.03881625608555116,0.0029636509234785505,0.00877333757596644
-0.07351792534741126,-0.006788599977518843,-0.019057913327696744
0.026887656969405982,0.030101773102751812,0.02003188672711426
-0.024727818736056378,-0.037608033649476555,-0.016247901250938328
-0.05479201298410788,-0.01576626244880811,0.0073300947329755116
-0.01718641367007971,0.002047453425738203,0.056607986398445075
0.027656995119046554,0.014001323229934519,0.10704881609797072
0.03415263897168784,0.02804143208388906,0.05394388313559448
-0.06345608050491686,0.021960046004683417,0.0644539304552105
0.042264979915720174,-0.043414363780131776,-0.047826314010397955
-0.0924289352699373,0.04418975153382525,-0.06426221590154219
-0.005933951217246658,-0.029609816999894376,-0.06530745197615336
-0.03699120462010914,-0.0019738551809607204,-0.010393623860898557
0.08411193409905884,0.013476748409873512,-0.08116647705216401
-0.06116250160425675,0.0410330897956101,0.15118193946905562
-0.01991785856707562,0.03348953360320263,0.007621447212206077
-0.04538572763402523,0.042338655155377415,0.008529022868486766
-0.014490844516511336,0.09402216102651927,-0.023431061926096838
-0.005833478702977103,-0.04839079352403354,-0.04187017781015688
0.05625570160131488,-0.09570189405734304,0.06798719484799
-0.07807576897247455,-0.011580376773615788,0.04915588176101211
0.05378870311468112,-0.016493091010052432,-0.06953434846097316
-0.004057742731860313,0.017589173796663242,-0.02657534963879756
0.005949842360273183,-0.0016201790903331128,0.011864012193009456
0.013936954572168475,-0.037165295733500706,0.036177627672768393
-0.07252186435084414,0.05493812104904516,-0.029916907498458593
0.02841713661345566,-0.018124958687460342,-0.03804582386726427
-0.010200307869585637,0.12368336250256527,0.04960183935370359
-0.020782620766364376,-0.0336342087532152,-0.008923600097580447
0.01362811790494137,-0.01556114710364411,0.06249602086718238
0.04786727117665465,-0.04819596736534218,-0.022808464488347422
-0.009880046436108342,-0.01713102683856163,-0.03341233509178147
-0.006575993593812671,0.03922810953558498,-0.07840597094869295
-0.020344492760332615,0.052410560507020136,0.030973567393975124
0.021333349241394368,-6.749604092305597e-05,0.06042907975638313
0.055736303967899206,-0.08568066289895067,-0.004279143422163475
-0.0879740371510453,-0.018819481325614937,-0.018696227560361895
0.07778679016874937,-0.022237267331122145,-0.047736278251401046
0.0010194912108542427,0.046075502153264045,-0.024943096996318415
-0.008902901111114062,0.05223961149335511,-0.021790477163405955
-0.014598197843096234,0.04028697704535299,0.02324724955629384
0.004666201650457733,0.03237458980929346,0.04445243951844789
0.008677255036356465,-0.007585036357625475,-0.02373672280345837
0.03510181257675145,0.0020099203930080446,0.005948369226316197
0.015694133424508462,0.049861096895488975,0.030946319686798614
-0.030234386991408506,-0.06132021494238419,-0.006524369221414459
0.02503837628710375,-0.028252457131678288,-0.019174991855744433
-0.02788694653606936,0.08385037422710985,-0.022605103171706283
-0.13937903851442002,-0.0302475642255649,-0.024107081929160515
-0.03528730673218156,-0.011743112322573294,-0.0755537509850117
0.07401928276837914,0.028481055201842544,-0.04046332325460565
0.013777087793430164,-0.026362446392837968,-0.02742057325605268
-0.015010083983306393,0.03387583039858735,-0.12698995304156963
0.05796088355168535,-0.01616484376116835,-0.058461366580500426
-0.029578095858288345,-0.08013446939791163,-0.015053911152875368
0.0888218959675197,0.07210362947316233,-0.007929276274757195
0.04591279219780163,-0.03091707126563882,-0.020994393013471266
-0.05017917963012958,-0.06892812591406516,-0.06298916375472761
-0.04097375555476758,-0.05471523812390459,-0.041741943377332946
0.028023206108519376,0.036166651597018415,-0.08820652362427013
-0.0015192534896948775,0.04071501685057689,0.016296460319370654
0.11440800676501807,-0.015009273334912813,0.04122608571930568
0.04899542732291645,-0.0300891476105929,-0.01896023768288311
-0.041383389148787,0.0030708697257755156,-0.008268203795980996
-0.06499445344758237,-0.0015300738717657697,0.044264855450349465
0.013747402617309801,0.01534050621587295,-0.03153696022262769
-0.032544583945917804,-0.06029047383898159,-0.07863694881568847
-0.024679465455876837,-0.020657556720891302,-0.01730587115330782
-0.0377583926813323,-0.0026831576076292475,-0.0018298687484145457
-0.018182894953160854,0.02192887469430223,0.08659531122111011
-0.08250294076186489,-0.013263650764156195,-0.07897357181472014
-0.13629553212503767,-0.04003163960798438,-0.051376143212671026
0.01815265070035544,-0.01299783973079905,-0.025374273498860955
-0.07361872138392482,-0.043474423113024886,-0.06940921055363161
0.033780489268747764,-0.06281952044621625,-0.09010911478274233
-0.03649809595291961,0.029636920119479392,0.06117160248132249
-0.04684089858592516,0.0438199652572898,-0.011733913102546697
-0.11626358922767432,-0.012683913326155812,0.04320477641531836
-0.07599406142582323,0.012343301280812092,0.07162230976573279
0.0009762950631002822,-0.0006400845396994492,-0.14095551679810184
-0.031616677686189025,-0.0437174427940511,-0.006859556024663735
-0.0202026793162276,-0.1144556434138574,-0.03472083420158502
-0.012750994871075024,0.018828941642448596,-0.0021790622181673755
-0.07727017037566647,-0.022067861809223686,-0.11411993894645994
0.03590534516362086,0.018494367407042432,0.03937364798216532
-0.07796409676852506,0.02397303676677371,0.05443910983763097
0.019937554940259738,-0.05230014215484928,0.01923472880509269
0.05086930472050139,0.10812149035134068,-0.0725518767331411
-0.037742739502601416,-0.03267895025974922,0.04578076003054978
0.021395398466473113,0.00234365644292632,-0.08270236262671063
-0.0943141843761729,-0.10588035807438527,0.010198889189151891
-0.02625385927288685,-0.011164355120483044,0.06684227804191295
0.08519375711461062,0.04342651443149031,0.05432292906800104
-0.05177128641945214,0.038911376536975156,0.03789778903982733
-0.0677094696260397,-0.07067460857700417,0.02130738225857505
0.0044982844932519184,-0.011579475269998344,-0.011657175393260548
-0.02732539596200547,-0.04011985881415586,-0.05283698660598399
-0.008599821917155923,-0.03523856459792564,-0.055495656788588914
-0.07726785405981133,-0.04404275799392193,-0.03763836015178308
0.07513020572793376,-0.017871108706201216,0.01871966651568829
-0.07618915241345373,-0.05741701338743624,-0.013934188626587794
-0.1060119959525814,0.02961314893351453,0.007772902535778021
0.015349914060705423,-0.015164020534640592,0.0246689999114602
0.0018306266192141436,-0.14852887369293474,0.004205530048160624
0.04231668268487493,-0.1155005135490736,0.0009457928273278737
-0.09155459412132064,-0.04641245556580459,-0.0782975964100181
0.06366687956038014,0.0312815855670944,0.04684168216166039
-0.02353337277324864,-0.010203561490202637,-0.05925073673647778
0.07444323862246711,-0.009270944308923895,-0.07289483861472529
0.03836556576486008,-0.04988913748254974,0.04158145438187357
-0.11058518524199464,0.031805761570868965,-0.02244499256365749
-0.001949592428579637,-0.029195472532560784,-0.006579065438832779
-0.04125446533363225,-0.036087934889752114,-0.021044166832088533
-0.04100668830190304,0.02712488595987917,-0.04195205713703365
0.08026361507073812,0.005423180611678537,-0.042850856141981274
-0.026355854136769177,-0.04832842240086516,-0.051383071083666576
-0.08903491534755992,-0.011751563312947019,0.04027585804158865
-0.018156707721273712,-0.08626786725071453,0.005874780180610984
-0.0319549115759087,0.08483197741034697,0.08746791864291471
-0.01782213648898375,0.05039631183265594,-0.029983135649274937
-0.032313959319685684,-0.036200752065491025,-0.02928423438625977
-0.018404748368578295,-0.034808504652886284,-0.020248392247052858
-0.06230071233130749,-0.05877651975124675,-0.02718171776026146
-0.0473887883026896,0.012144312921860613,-0.09668398370063415
-0.07244179948089505,-0.03919611645151906,-0.04985954314458815
-0.054639279669453825,-0.005684245848588941,-0.049671929314064875
-0.03848522877299105,-0.013685559425795062,0.009362289940612951
-0.09285634206831689,-0.0292515347863766,0.09190307367020156
-0.04327623578332734,-0.07111764977647014,0.001015936333897089
0.027292891133815615,-0.04614603207265326,-0.03587129233123747
-0.025160617070285107,-0.06549642014947953,0.04319719449638747
-0.009212474026134041,-0.08851662155058755,-0.0458132690589102
0.06237954720692303,-0.007546218406021661,-0.08053147576604601
-0.030834336552395356,-0.05963981636103988,-0.10066515578334445
-0.0038049774249657234,-0.02362206385057114,-0.00323828439845757
-0.024824822015700222,0.0184154220543435,-0.045879047216012624
0.04037882883652698,0.01896849882583553,-0.04713141722661375
-0.06693680506578478,-0.013020878197913983,-0.045213711076565445
-0.04703537239068503,0.06407293020961893,-0.08484890427889824
0.00021736481139852243,-0.0868581571355823,0.0721947983079722
-0.11388306347532355,0.004476057344317733,0.013062282021993821
-0.06111628014181032,0.03287067388155461,-0.08822759763827474
-0.01685374334498504,-0.09174002520815436,-0.03983218340167359
0.040281501268897596,-0.03963850453379706,-0.01981762791874187
-0.05887185191887487,-0.033134909318437406,-0.03383817530368718
-0.021869718562682418,-0.010629426971650069,-0.003785704899200184
0.0038954665928295946,0.023085819047566226,0.007457518356156722
-0.04855133119055296,-0.0332398779763403,0.002682658784261903
0.08293157860138091,-0.021462036952114422,0.0037541156999400527
-0.08523811491663431,-0.10349559120904037,-0.04246556490702211
-0.021908527467326112,0.02552772009481442,0.005992465068363279
-0.01020315959673248,-0.12281664337738521,-0.08394989048058552
-0.02774036574723287,-0.07443469756562829,0.0656458946243108
-0.04682581503407446,-0.017583011318804118,-0.0031899974295911057
-0.08330116666560375,0.016828928412019033,0.08119980210962319
0.08563246140668421,0.041156494119203024,-0.05545840336087768
0.026879693277781443,-0.00032928759584241116,-0.013841087730947148
0.015286943193929554,0.014897061827210279,-0.036055293780771006
-0.010631676616544567,-0.02150579747158781,-0.07283260316097058
0.05332883277400887,-0.04796742430340042,-0.05572837922956434
-0.079540166606637,0.0558098205073853,0.020016078807331212
0.05116680212794214,0.0009537946485559459,-0.00674627689642383
-0.05171402402035019,-0.002943868345218228,0.005066795289734596
-0.07828233459331885,0.043059611170244635,0.013965936933321984
-0.007723462628192589,-0.011139244283386609,-0.024616673972273517
-0.07145876939983285,-0.02924971475601415,-0.01561826062289497
-0.004690746698142416,-0.07163926258091405,-0.017303112126904167
-0.014498327608502629,-0.04237296300628038,0.07998782716098816
0.056943261402022674,0.04963702392984032,0.03366851363067013
-0.04008057633343741,-0.01340041619530758,0.030688838782182967
-0.1415669142155233,-0.11524483542142486,0.029103035230653596
-0.009503887430687773,-0.07874964090663218,0.014413793538558643
0.02060790124855261,-0.0888860783929585,-0.012902588694533059
-0.05106226381144683,-0.013116365319402929,0.042373559330381186
-0.035821893224792005,-0.03880521176030864,0.021938231479932287
0.051947076494225655,-0.04794350432475644,0.032361343221050345
-0.07591381176376819,-0.029145336840595663,0.037090764407190585
-0.020837372960549442,-0.09230921348333371,0.12877580322167603
-0.013010197623125663,0.0024350409044317962,-0.04584417956019109
0.046552117492337494,-0.06948664708589178,-0.05517937426757316
0.10976320068061694,-0.010604301829964375,0.00311227332585097
-0.007036915022756404,-0.002274631123061966,0.02713714097036368
0.04957874748688386,-0.03256288342525562,-0.037183224535002335
0.012252899321930417,0.005838220160220703,0.0206717676797403
-0.02841223741019292,-0.04236840208929266,0.01112447787740435
0.05529731214145684,0.03619780250915584,-0.01771762177189223
0.010270700830591022,0.004534378094379397,-0.06788310062840267
-0.02234354714146443,0.002814121249918951,-0.08915658111877238
0.03649569082616057,0.07891431579208118,0.009167097640179736
0.06517242671636772,0.05681401493601831,0.04667822670323556
-0.03871296930534633,-0.11927817976705646,0.045864356942585366
0.0777792957427162,-0.0331941619000905,-0.009328720976585648
0.001804803654166692,-0.01656198569855117,-0.02994449963836996
-0.01071383092296958,-0.03189547710521733,0.017504367125603125
0.02480162859507139,-0.03464213473303375,-0.0010317094984599127
0.025663159557042528,-0.0570274675670666,0.011122996299779886
-0.006144935885141644,0.018403423624196905,0.005366307450271465
-0.09739609601323394,-0.04655563306543559,0.015477580755132744
-0.07683176945265334,-0.09484075367642342,-0.1496861275557708
0.008337447846412306,0.08143453997980085,-0.07706098650966971
0.0003388567195944346,0.006872074355471998,-0.004807163884552926
0.05532963857895968,-0.04589275474191254,-0.03158392465555651
-0.022447075540707087,0.07461534280123486,0.060990964588230896
-0.058987636359289775,-0.06445306978507508,-0.045345650852050196
-0.052263522457232134,-0.15501684476330985,-0.07828894871467965
0.03218589254251726,-0.030404070796171915,0.05064575817727479
0.048669091573754784,-0.07524955229865657,0.03906279092175205
-0.037109496879102366,0.05725905981367656,-0.03783552637906533
-0.05481342999165908,0.002682411656090313,-0.07050708565389735
0.03333812780276372,0.04954135040113869,-0.05872864125921315
-0.0023823671823715127,-0.041559080090630675,0.01861616722552319
0.08638321311962671,-0.07558703237806713,0.018682386964008597
-0.05590035929892339,-0.0033164734856977723,-0.06113244974594153
0.03409875341306879,-0.0016801015158719457,-0.0651353550825549
0.04868346512156524,0.019317184313605427,-0.025992801773001638
0.00897498827043137,-0.03239950686236886,0.046291569960898164
-0.023733828610205933,-0.03942763466248953,-0.0781080899914596
-0.051489065491460276,-0.08708001286323769,-0.03354584052384082
0.020363856698860996,0.03339123526711136,0.056875761584647716
-0.06647690457643236,0.011548624666634755,0.005477451251924047
0.06386785975553406,-0.07812131334899143,0.07340813104390777
-0.02210648142505636,0.05575034663864685,0.020692774084280427
-0.03599098628906355,0.06277563826828123,-0.004762520960963263
-0.027062123074496215,-0.06997454584942032,0.04859313703543691
-0.0042677946680698495,-0.061299962778168834,0.026083666054668733
-0.08448773166787692,-0.03347603188710536,-0.01256220851915941
-0.009682581397003499,-0.0373068395180392,0.0027544136989064785
0.11724086992470818,0.06261306902689794,0.013081855300746875
-0.0813333630088753,-0.03697303005420855,-0.0416280387782544
0.007695839619786059,-0.026661016690457725,-0.00031935285048960123
-0.07396590944201653,-0.026882775646177953,-0.1143521536500275
-0.045303754668327985,-0.015735560656596002,0.061747869580440304
-0.020005402545767607,0.04974662719924277,0.003215218731422115
-0.033616708897963705,0.054287282080225666,0.04275604666044465
0.00032340296359496595,-0.04312712719272054,0.08406783573249874
0.00034628611782964503,-0.028661325455533966,0.06416345209958084
-0.034061861747316444,0.011367276795057932,0.06946963388674166
-0.05642511333198887,0.1013988575406699,-0.039960721238328584
0.019173138850256583,0.039077398076085575,-0.0014175999946809317
0.0586917931032178,-0.12572078225153369,-0.11036619245150356
0.01969009715821052,0.004920902312884512,-0.018532781456820933
-0.01937791867965891,-0.014698927201316653,-0.05686853972913478
0.07776804889204308,-0.12724401179907227,-0.053038677950050274
0.053160971357143885,-0.010984139800850423,0.011570127993418097
-0.04606441387284934,-0.07581604683070008,-0.1104176315299496
0.04485011128156566,0.005020582914091942,-0.022778692588287512
-0.066302852028641,-0.049211439899408856,0.05286831261117477
0.06722032374064736,0.06297510315517556,-0.003155281920125445
0.05127277169084251,-0.020232888068745465,0.07812743209286296
0.09472963921297226,0.03687962770961786,-0.011479002473914778
-0.01440854253233797,-0.03904510384659948,-0.020763753781846216
-0.011859557798135191,0.07975875277020777,0.09918519254830582
0.04610277214589498,0.0140388021235584,-0.011269739565746993
-0.060231723849801945,-0.01722490652926486,-0.08574347889994942
-0.05568081083477664,0.027253616045478955,-0.03941003408777378
-0.03476283537009545,0.009651231429706576,-0.09789507953987872
0.04946559513388974,0.03932579598867273,-0.03127692762858994
-0.020175654156979007,-0.04671189699396437,0.05346226284170276
-0.013883863174887767,0.0493302492405476,-0.08645098166610052
0.019112421248660555,0.08542266985354098,0.0020041038681343137
0.03877226223447629,0.08687536071617721,-0.02945749548022253
0.05786259665750885,-0.027207847691095292,-0.01733001794183959
0.027993270318049168,0.014700464259792288,0.07738118110673191
-0.019359233484073885,0.011813799309497868,-0.03384928777621513
0.0303556043169882,-0.007442456099907153,0.06993847896305577
0.09632395245819866,-0.01935026098311084,-0.0019297980401302272
-0.09816781889291437,-0.03854039152161319,0.00797039725710567
0.08437108374350401,-0.07855688596511247,0.03509342943244693
0.05946296974602472,0.06915384116856688,-0.003091950606856065
-0.09223514224423095,0.003292228035784192,0.0919139427420158
-0.014350098426632244,-0.025571749294452523,0.031054144931098975
-0.032773883173019845,0.024382101440067618,0.04448920725772128
-0.056382561024056435,0.05609253009981249,0.046320208923406256
-0.026796259414345932,0.032576039020687064,0.1141594912571973
-0.02631292831476935,0.048460952123283114,-0.03455489001890388
0.08475768273781167,-0.013105752406367972,0.0009975846361837803
-0.03809605541101749,-0.04125165273727242,-0.03918935426577505
-0.03520748251041704,-0.07184569770539795,-0.04714712348476645
-0.005110972262274919,-0.01305243492585587,0.10421130597600968
0.038212035640998794,0.081134880597035,0.02879785039359378
0.06117061173155481,-0.016911114365378843,-0.03045105875136364
0.09293216749245546,-0.014556914476151518,0.03798975303725194
0.009468667846269334,0.02625001103318103,0.023285575234643634
0.06225642097200365,-0.07141658431189321,-0.06373151458794131
0.09668469624829804,-0.061542097842770926,-0.005859189978129243
0.03183389210237564,0.043324128016369486,0.09489641531677326
0.056279954939218405,0.031960681399289516,0.15655751859025788
0.03742497113723094,0.03817104703029229,-0.032910428918333054
0.09474257421642499,-0.1333277275913033,-0.12081302276800893
0.049184126184303116,0.07493096593672254,-0.021690689316056347
-0.14035613246334755,0.033924185667032404,0.0005516692804527386
0.03817949095285228,-0.029261978442172782,0.032650958084324846
-0.00890450353235764,0.05677755580379237,-0.037026438389526156
-0.0331397008474855,0.07326385388345424,0.0013831215599588217
0.0001159967617458818,-0.007355938608179027,0.0324597164969571
-0.024021464647201878,0.02651417209262749,0.011979375732483881
0.03542124671825336,0.012431951267105838,-0.011450527096062691
0.016242488352639424,-0.030958121746835952,-0.015024291459679113
-0.012252515714710498,-0.0015206188581339541,0.17544513701292663
-0.005034704371964675,-0.04165036125163467,0.030852811371033243
-0.01774709223302093,0.19230505058717304,0.054284632834379565
0.05141653779639427,-0.016832568593677603,0.015671018308495176
0.039419668264754515,0.02659290057875238,0.042543332665944344
-0.023139026587572754,-0.015073641454760436,-0.031095059947865974
0.019690475673921622,0.061414527871066604,-0.01284962889849425
0.032144842690890185,-0.020568796505083097,0.024500051077779902
0.02329955929927779,-0.04964376316315811,0.05802694434981007
0.016443126728978234,0.013893779013371861,0.0017553940793860086
0.08590580208335795,-0.058886749112241635,-0.05402352683205272
-0.002532009693393414,0.025400514388997167,0.013324784219900306
0.03313591079854204,-0.006878362480945293,-0.052066311849639994
0.04677471886283716,-0.06083879390884205,0.03674633495855276
0.02574970503757617,0.03464016898731678,-0.04768226356212146
0.020654955531962563,-0.01672196062368854,-0.01010808720000167
0.03820497853445601,-0.045227985883302575,0.108687571326049
0.00015117235682525487,0.0038721372991701725,0.02071182819158255
-0.010464401230697692,0.08449324247279222,0.05844959158414301
-0.008278063318646507,-0.035764654910910985,0.04194243125668656
0.046566066683096013,-0.013962874458579782,-0.02280077606426242
-0.017598356182087257,0.016768323165808455,0.024631716560781506
0.04704959359370345,-0.053414927204477616,0.03745111811975977
-0.011244521420190279,-0.045396836989618446,0.0376319212527081
-0.022695681734981824,0.004137907655073891,0.035625658431168404
0.0741247509376083,0.06023208903969833,-0.0729987378607584
0.038805365841180876,-0.03279982960488734,0.011166310670728213
0.006064526435004098,0.12652634470015695,0.06926057992087258
0.004752642376501578,-0.030090411668183496,0.08746408399371204
0.14559721744454107,0.0346422733486321,0.009814651109788481
0.1015075502906089,0.06763517641874325,0.0501249856835143
0.01980489180648154,0.040115495540907514,-0.0152014652255817
0.06255309951868855,-0.057525096929993316,0.06475498126714291
-0.06546392904451981,0.06915301464374024,-0.01652548428576362
0.05851792299485153,0.023894799125378032,0.04619192387589705
-0.02608842700498248,0.021149343170640655,-0.00038511935385384874
-0.02991501619354195,0.10078896410595833,0.009208787439676458
-0.018039369073555026,-0.11645076772797223,0.025221530018746795
-0.07129202449050764,0.0015032246860253555,0.022596774720869843
-0.018424452302137094,0.07941102660126854,0.12702103705862264
0.043310371908494114,-0.05791635908239734,0.054160665299843494
0.005395063354674465,0.04630477710538097,-0.017102415603720954
0.002008815078668614,-0.01831898672085934,-0.07139551023108007
-0.03921103062387783,0.03655456410934576,-0.105211737476806
0.014875026133187516,0.017816575220651006,0.11431961846383162
-0.07597219866967778,0.05882386087582589,0.028380431564202967
0.04771049888695499,0.02697114147354011,0.03050273763867971
0.014154101510789868,0.015286999688565357,0.02760997189589037
-0.059382671377533,-0.02419118816554876,0.014018606284044917
-0.05728082870596948,-0.042192790744120585,-0.00046232773187694295
-0.020942808981922544,0.12473548538837223,0.004577922573598837
0.03976690526765595,0.0036631288227344204,0.10539371721066246
-0.003430204829375706,0.10429872389080792,0.1685169954259794
0.0945428919120557,-0.03616384457198111,0.025162845353957707
0.0539628330902579,0.054085144029766316,0.07928646010032007
-0.08576493852445291,0.05078944232616463,0.0587823878379808
0.01843918819862809,0.03586827278698154,0.015838773278371295
0.11383757412929013,0.0012285796051426587,0.02592942241447114
0.13335712101857092,-0.022605334077224613,0.018702604866236944
0.07745383894962023,0.02838288998877904,0.06072859755238805
0.05032697122048739,0.11659933099928887,0.03974673503825658
-0.03555718024611102,-0.029993663959808965,0.07204077053558011
-0.04085978512556544,-0.005304864738913031,0.04953571292198983
0.016787663928677067,0.08359431221187788,0.007854940262543336
-0.06593625977513046,0.04908914136262196,0.009488179209769302
-0.008859217543770729,0.05583678748339253,-0.03896385180757422
-0.08015507585092282,-0.008228299708251681,0.026169362512273225
0.05230300806018984,0.04452991597745627,0.050902796371778164
-0.02796482996841546,0.06812355032097438,0.006563841635690584
0.04172658674958173,0.08276737291236247,-0.005713466507268408
0.0333269427551904,-0.04309458322250202,0.044165613975323065
0.0012505117139814809,0.06402374195615389,0.032643906089651155
-0.02623771324888683,-0.03656794609222734,-0.0017020464901582738
0.025991669799444707,-0.005029376213647692,0.04570797475318146
0.05629018642561985,0.004469593006478381,-0.017002336217914756
0.02677948068743464,0.03088319954507418,-0.033626544662015735
0.11300094690127127,0.058825403370151796,0.037552060041584914
-0.03615532141526071,0.036709118569850256,0.050564204667889676
-0.03305156680034583,0.0732956520907411,0.041588741590843484
-0.03992649965529885,0.0680069084293884,-0.06165129036737541
-0.04017681292736179,-0.038930406370548384,0.003983799962696169
0.06018973785113173,-0.04379406700384488,0.01853893843734584
0.033399673492224405,0.0009927152110363532,0.03521336140438126
-0.023353105321997542,0.0966778664307927,0.005384384146034147
0.054834978207449356,-0.06754279693102536,-0.01654757837912923
-0.011999600371289176,-0.06058882591468218,-0.04341668973800429
0.011704208469316038,0.031388882360247845,7.825930583539413e-05
0.0886344111133004,0.08579118828692761,-0.019221142691414533
0.05323226456405377,-0.028492686088010193,0.07248181238830324
0.08522355348096286,0.04523467629472315,0.06926693420729435
-0.026265856676205186,-0.005923273860128978,0.04956185052693755
0.04146912244305154,0.07305264748224397,-0.013538474280464228
0.08078706721446854,-0.012270314935164485,0.07765445444542018
-0.02925625022103466,-0.07605779848061545,-0.0207848608779354
0.0027235024461578355,-0.053065450097330914,0.051018674395560085
0.026729205431928006,0.021528801748073523,0.05146132197319042
-0.03409229334934608,0.04655647528622993,0.05902401105838254
-0.02510075360562867,0.07321206692353274,0.02050108214742937
0.06393679376685649,0.02317710671199428,-0.023673998211330212
0.096539182844576,-0.022090973134283643,0.014881408182794606
-0.011928257609392052,0.06563483361144881,0.02472582440064018
-0.09587505631813227,0.019444166748161688,-0.017723917131779923
-0.019576391902937095,0.05212340863334776,-0.02965075348187603
-0.06873774826715928,-0.022188115961364996,-0.06630959906382303
-0.011637530278867221,-0.05558228498794748,-0.03338558127834615
0.020459567618212122,0.002942592055693468,-0.09323112359503616
-0.06716336864695883,0.07686168989545075,0.0034508512291929905
0.09850427771820436,-0.07606298427520056,0.09099954451419677
0.043086902542846764,-0.02396372483175928,0.013973840746399888
0.08152113375372178,0.03112371900182915,0.12432694596745256
-0.026941649154921386,-0.04407311472236996,0.006298513538372364
0.12166476122491046,0.05859202848164931,-0.06562835928341706
-0.040919124332825574,0.0035475596317400392,-0.007216387954322742
0.03640533852348679,-0.09489551825451069,-0.04680444233656346
-0.06965571535424958,0.03648898866689208,0.03222856491377743
0.07366207941354377,0.02034033463476119,-0.022122798363672418
0.036493261000917834,-0.03222543483492224,0.060849208552921474
0.002006655550584201,-0.054336113016779874,0.10442833946242257
0.05907134357153933,0.014820758921574535,0.03728709147894032
-0.009788763991579234,0.038965003134183426,0.028706381923502913
0.05744698461344902,0.05421362709573107,-0.018962085782291378
-0.053115443800969955,0.04115361691736068,0.021490411392766952
0.06438341297527292,0.10239380766899686,-0.02898491090140375
0.026934376654368535,0.031552465755637214,-0.03713911113645449
0.10350069231927371,0.041351953955081365,0.003368752192819529
-0.010894827400253597,0.02678586077409807,0.027988835108484458
0.05966909851926528,0.04310132905803111,0.013038878140376721
0.02082099021287318,0.0017820957031700721,0.005977900682681192
0.13309173952244996,-0.035099794996483795,0.07537370980408473
-0.04354667298818628,0.024357066969895688,0.0010891534777457395
0.02060496920530149,0.028859583180189666,0.0011913117219440176
0.07134813233655506,0.09457210319132367,-0.01949561080103855
0.011902392170911012,-0.03606135107521784,0.04810226677291337
0.07271829772476301,-0.1001454199981587,0.009119560303941865
0.02939494868048421,0.005319981438530027,0.03173979041980476
0.0409921547631201,0.10017753853794337,0.13548102538869702
-0.03293750124250901,-0.03782594802545362,-0.019476989342108262
0.051159168897981555,-0.013306152007186368,-0.002775636632877506
-0.10107533678546426,-0.016410061734474145,0.04629404729375132
0.10046146750682194,-0.11724609166812056,-0.058509335684799824
0.05954131494888359,-0.0342024629659512,-0.008083307937709219
0.11470715130712003,0.0042393219424366885,0.00260605114441951
-0.03142437320252279,0.04341699138637521,0.0327242132977469
0.006839999993911502,-0.007308438158739007,0.009672040070194244
0.06533623521057658,0.04262447134580928,-0.04924115269097021
-0.018184900920531363,0.05088591651171408,0.057213600752447254
0.007778987512658508,-0.0370874336614932,-0.03947694052841975
0.0354787453028351,0.018642384494082093,0.023076552484868725
0.006645622123665531,0.04022465347767491,-0.005282110875290253
0.03845178837003474,-0.016079934215071864,0.003702115718976032
0.01526419313068083,0.020604067779376702,-0.038891305181873184
-0.02091526206207821,0.06696092805105695,0.0014739335876881518
0.111833624260631,0.052037721263999234,-0.035908059388514955
0.030741958832982145,0.014303225718267684,-0.08956484420042297
0.0670961363287997,-0.019757219090007508,0.01809773626041742
0.050462101998748954,0.0039040237553034803,-0.012868465253249143
0.09031099417569506,-0.051447194802925054,-0.013019161681093641
0.008652485198300922,0.014531951468881671,-0.07878458345130293
0.01678504623068969,-0.012272851928898036,-0.05918489162308799
-0.023899721916533563,-0.019886037932306675,-0.008353086441828321
0.03571117311968028,-0.14138777118430296,-0.054888835729957446
-0.08290892281070941,0.017211955101069293,0.019081742955514285
-0.015157917565490796,-0.046985523843246044,-0.022664963976686547
0.0036564908945615126,-0.01707741442318671,0.02657924618320863
-0.014544788919282823,0.03629170340546351,0.022445442132762956
0.014545088053246297,-0.07082403081875914,-0.030823114410828356
0.10139302812757921,-0.04288042387144112,-0.033721331845676626
0.0715314825003193,-0.04636315414717357,0.051575196085505454
-0.04818848833185906,-0.07149299958212096,-0.02804249479225256
-0.04249101562604295,-0.01712604637464537,0.08303238031862008
0.03962414286059276,-0.015326077233343702,0.044827911182558244
0.03174082091559682,-0.04421452767907727,-0.022911418343736382
0.03175638232231137,-0.05358633998945768,0.10274225291967629
0.02483750218956609,-0.05125876308282085,-0.05750609474026286
-0.0330576734586341,0.03313080692978797,-0.01013987259502308
0.05029249679339842,0.06048746676172801,0.007217272072937901
-0.004052457637609089,-0.0638990947211557,0.03530805395121671
0.03644444668871547,-0.142141680097374,0.009462715771249422
-0.07775589758791487,-0.019609988001576623,-0.019528215388511454
-0.0799052251991178,-0.011130182438938563,0.02255944824331184
0.05723572946419277,0.037728494751932046,-0.004701944969756503
-0.10712282811009956,0.06186735288321611,-0.08183540013181503
0.04802038446125932,-0.06836772720420217,-0.03691107210816646
-0.045831644160466145,0.03721237036591665,-0.030142550869789148
-0.01278728239035521,0.028396621274309905,-0.011249925259620841
0.028103909320594457,-0.08060686808007617,-0.01944949086579216
0.003813249055378054,0.005880418652455706,-0.032481606558587395
-0.07618646331138362,-0.008769598851175925,0.025806751564490228
-0.09510873806962873,0.1047444891278571,-0.0033566648318585166
0.02515302521648811,0.021534168557055953,-0.01996552183015139
-0.05925169091843957,-0.03219752345501702,-0.035538726715991044
-0.0014653898945853894,0.03946192809225567,-0.03779883928151399
-0.04746182296447599,-0.035232159073262964,0.005706465246532413
-0.05444178295815695,0.04032819307249734,-0.05231260747148897
0.013618399474012086,-0.028376361363147702,0.04217752268413959
-0.0012978202420017848,0.03611674391289951,-0.05943782469837859
-0.0933338126793288,-0.06550816329294422,-0.01124587560091623
-0.0032091912944683387,-0.05143199607585483,-0.030686012116722436
-0.1562255464785404,-0.07501559529523628,0.00915918832648179
-0.04997310256781021,-0.0684437017017901,0.048027976783106816
0.046520354211255034,0.026755827301886637,0.08701237548052983
-0.02569375102538353,-0.05151034583011504,0.006927635197994754
0.023460096432940006,-0.06195446705830672,0.02424272985698765
-0.054642397407387445,-0.022014756734625142,-0.025283247587030183
-0.007265580391068414,0.10401187875796485,0.05739036588549637
0.012663153312230373,-0.10521953066970066,0.012914635291809591
-0.0018151284383706792,-0.009736380644758586,-0.0007012423602414733
0.020435210515241636,-0.04627518529103903,-0.09999201264729582
-0.11827914835155545,-0.0023767448142827854,0.01834380517357977
-0.02506262903734674,-0.01470484307095761,-0.0656221655104906
-0.03060513117941978,-0.02584266614040598,0.048779479368222065
0.0173947950738871,0.030908638855442153,-0.05753365408406083
0.025598115415276148,0.017499078413584137,-0.08553993893911703
0.0001121211675439368,-0.04062581772270556,0.03211882600582082
-0.04773302065447121,-0.03695442993152449,0.029437950222019733
-0.015311596338286894,0.003786268111617124,-0.05675872075928021
-0.05768188990291115,0.015537565391512628,0.06593134149951292
-0.07176687593462822,-0.05275134873079962,-0.04496447384204101
0.04337988415566331,0.02990654555500853,-0.04339387414311322
-0.02291409582129847,-0.04353620901009546,-0.0625541839788493
-0.04602814124420788,0.0724201314915813,-0.07832674124244912
0.05905094337928968,0.06632161118625153,-0.05330645047716408
-0.04392916021098111,-0.014496898794262388,0.015392559421567927
-0.04050101941432152,-0.0056838210323872426,-0.08014071062598041
-0.08487502447316064,-0.05917083240431047,-0.006969816536106675
7.79788370718626e-05,0.011257866204198025,-0.02480482708063343
0.07658680166059267,-0.04700270346451062,0.08841882578313667
-0.07238789291256956,0.009631276850984204,-0.05358620858074004
-0.08023844198696425,-0.011344057145346207,-0.10353712040472213
0.0016374606781216633,0.14712948913054208,-0.048373853488998586
0.02087515381093046,-0.03321481348920555,-0.01114333745869233
0.04658672925102034,0.0460964277564449,-0.022407950332159893
0.028773134399859197,-0.07897688818050468,-0.07247325562710706
0.07859800829998805,-0.042891533835668016,-0.0055885584584699464
-0.022830600329791364,0.10659955966635319,0.00038035623320053016
0.0742642474126274,-0.009822677843904767,-0.06738425806516937
0.03708137595674585,0.08667238345994886,0.07597992837715282
-0.09115337997679125,0.010407452237207012,-0.030343216901096103
-0.10050163042001654,-0.03913479913630891,-0.07409052414243723
-0.04244990884099922,-0.11167575221228666,-0.06687698924569849
0.002312568417875291,-0.02565870066795533,0.009957673375417989
0.02156328737515512,0.050585817315103296,-0.13555416189576439
-0.04108809592457029,-0.010624510948327644,-0.03474201209865863
-0.07652107484507358,-0.0428228396418365,0.008433207795539691
-0.025577858917209664,-0.03573164887518941,0.04063697367037021
-0.02921823423353257,-0.004775282560394861,-0.08158070531993185
0.08026385121925383,-0.02581931440857906,-0.05035641866596269
-0.09642494078496935,0.013976229086721352,-0.031917744633008914
-0.024555725572387797,-0.012418125710717647,-0.008670755119959617
0.013264502127907758,0.006529096164472614,-0.06022645131626874
-0.060482729724026046,-0.06477945455740533,0.08714927307322401
-0.05187114527856833,-0.04787145659916619,-0.0615524186277438
-0.031584297639540466,-0.05067545615893769,-0.02559840282747986
-0.038584623950136135,-0.06693317227320326,0.028435669440331723
-0.06801736583651699,0.010811847933029004,-0.09749120264615455
-0.03298049609395828,0.0674980979985625,-0.06652696211275219
-0.020311127595168708,-0.09324204038589842,0.018305754972708428
-0.06528793747568593,-0.031313765320027054,-0.08767177338769006
-0.0761583753735599,-0.07388304707905538,-0.08049904618125903
-0.0841910094688852,0.0267071099852659,-0.0668719866969519
-0.023984935993435583,0.013012338463191303,-0.029917094897978037
-0.07196961728567117,-0.00873697997269405,-0.028277359882266484
-0.049535626965055174,-0.04765124439908268,-0.056752922596935346
-0.06828210226472287,-0.06770053653596293,-0.006708424710668844
-0.015541566230349059,-0.10067335728889651,0.06769726210129763
0.002813458841602331,-0.004922362184320029,-0.02611428732902336
-0.020380927953162452,0.014412134049208533,0.02827140101679876
0.015754678243837538,-0.04998816464655949,-0.06574422847706594
0.006930212574012981,0.02980206941925205,0.03823873116295706
-0.06121347241376602,0.028230461812120702,0.02445559764752865
-0.03328800945950265,-0.009339304076798591,-0.022241372592288523
-0.048899995969490156,0.06088618032637043,-0.009387230810573905
0.004859919029963446,-0.06279032069814701,-0.005505246901152526
-0.0308334149381859,0.023513709698794218,0.019002895048981956
-0.024153676679501804,-0.08748570995076872,-0.0021399964022527987
-0.11202915915082354,-0.024491613871943183,-0.038060273486440005
-0.0768253869007204,-0.005868874081668583,0.02719705077455589
0.06330530223103421,-0.03647895698407963,-0.013904954525418642
-0.04536181775759639,0.02013649250962875,0.044923505110143536
0.0028817280528753812,-0.05128098675805569,0.020610263695930896
-0.016412177898666676,0.08123067467044148,0.026138975805998298
0.09368576164498435,0.03902829848944598,0.014554488632656844
-0.07950575889342719,0.01982990651688411,0.16325107307219225
0.006346436436320515,-0.009215592200623405,0.0681325714265413
0.02907898222235949,-0.032957330689049644,0.019616256840199287
-0.02669758274919292,0.05400424015153726,-0.06183267918538472
-0.017791802245606152,0.02715683105292411,-0.04743209320446772
-0.08980220673429071,-0.039752346947640994,-0.00927931420458702
-0.035510154291371415,-0.04285234739449738,-0.005890879091296255
-0.03356724665688337,0.021898433314866968,0.04092354348795159
-0.06155056521401069,0.026897702836159172,0.006968510880189413
0.012831183439344746,0.04823052311971001,-0.040192807065515396
-0.010993778796011669,0.06126510085475244,0.007881238708779827
-0.049546861037783024,-0.06585394944103141,0.009953514202340039
-0.011945143009772218,-0.022561130741545185,0.04953032212880484
0.032308810666206195,-0.07135081788132563,-0.012410308871596262
-0.05768739566904738,0.005012874780891834,-0.056778503346333685
-0.01029498994138822,-0.007092976012874756,-0.052402012992864774
-0.07027974536864727,0.04473912456883318,0.05013126669057032
0.09151587866678235,-0.005727322560790523,-0.13520111638427976
0.01056916392198832,-0.023107246385625113,-0.014080915860631961
0.022844847853558906,-0.04123457540097011,0.022673494939883687
0.020749094892517184,-0.10862544270661398,-0.048195575491648324
-0.02601019570447058,-0.06391379831615811,-0.019223919446954167
0.034693468788606005,-0.006699292295872008,-0.05066823159995425
-0.05695208020950212,-0.0014563880249979528,-0.03049198871273278
-0.07980184571429536,0.007577439491772187,-0.10447802764849745
0.034914880980536585,0.021538046745640825,-0.007869591655751407
0.023881992155295968,0.03293698435959604,0.053524045007183274
-0.017717005064628408,-0.012238538615237587,0.15632377055439745
-0.09814064043785246,0.034214099569710624,-0.0524511532719308
-0.04297759001699733,-0.015672155423648113,0.01395726977578279
-0.012279329650796424,0.004011082412401076,0.0490331050164332
-0.021965691605324196,-0.045088398413637445,-0.10372267467661311
0.03967681294264542,-0.0007615578513632572,0.05689909577049474
0.05580827429653079,0.022233541838019198,-0.039029213255460965
-0.01976639798434577,-0.04326619246239831,-0.055785740201287015
0.04442570595821917,0.02103366127939995,-0.011979480744045281
-0.008747062544433002,0.01902068694849523,-0.019819945630370643
-0.009943262345321544,-0.02821471898960943,0.009546631708498884
-0.03154820777981444,0.012483965313461364,0.004804071629565782
0.05997076925088444,-0.06041847411291004,-0.025108650879864247
0.0201653377676776,-0.052408661722979644,-0.01731825414455579
0.012678017379332485,0.0189072428483996,-0.06111158222958972
0.05277674567258105,-0.011388110515451941,0.0031263344928760964
-0.08797693429783461,-0.05090123460788139,0.04167254054931591
-0.008797978210329446,0.04581237923060015,0.051230875481700654
-0.013733191207196306,-0.10065477756730468,-0.08695821050652977
-0.11051452062797659,-0.01962808040252656,-0.028416849312412635
0.031808351773910046,-0.029865541654355423,-0.021672794337805577
-0.03069471959241115,-0.025430741085322013,0.0020752873503311637
0.008053687042338243,-0.03907497457333263,-0.05642359393372629
-0.03187894460765353,-0.025941432128882704,-0.021383885457537073
-0.02013651184608206,-0.036147681452273164,-0.04889559344177278
-0.11093274389158753,-0.010831266453120447,0.034098319734038166
-0.08660893404085472,0.007291652803010123,0.038722542445507366
-0.006229937431089559,-0.025648086296449022,-0.027294564629903872
-0.05249360114679696,-0.025737639720307164,-0.04320646034634727
0.013421195367980166,-0.05033675705200714,0.03222124014999106
-0.04782193821021954,0.03006427650551357,0.031029961330242106
-0.035623741221133126,0.08422682961220858,-0.05780732366190691
0.10229534983255972,-0.03315204169838447,-0.015878329421435224
-0.021050061036472924,0.04884478276654645,0.06947776305475555
0.06634757628181362,-0.0588735110955947,0.044075486663662046
-0.07603257865979815,0.02832740236356485,0.005636940152045328
-0.03686845928600823,0.044612594558249494,-0.04181236878590195
0.054547044465102286,-0.014906999930732679,0.023277146183818983
-0.0013852149423345702,-0.09291377119847909,-0.015570059251402072
0.07239771343112389,-0.09418509474209928,-0.0074107884070316946
-0.03697250412935149,-0.013588145926119153,0.04997952408301276
-0.06677548247577708,-0.06099985026636308,0.024368490960015046
-0.02215611758875197,-0.013868859899695246,0.03815683888441977
-0.017745315526582713,0.027395902949367865,0.003380710874750983
0.020486978034834343,0.07452204860952359,-0.023706132214749844
-0.026191426858077963,0.022661297497286466,0.011263355737956131
-0.0051658552618807155,-0.03802163872802518,0.034103771758714915
-0.0405997092913925,0.04808185070321342,0.034731702815552754
-0.0942127852445238,0.011307077015594118,0.018173255832870445
0.017708562784766332,0.0711682396388813,0.03459229065794943
0.03590936080683815,0.07391023227955099,0.03173395417594074
0.04575390359064318,0.032717420097323334,0.03873215679838192
0.012401392788217523,-0.0964831465654091,-0.009972705629309485
-0.00762299809478151,0.007828882252620404,-0.0518920208496252
0.05805229687599132,0.10613079363788815,-0.0015046840226924747
0.03559514063853968,0.03739918382728592,-0.05420806050916993
0.049745354250890314,0.14132370074830022,-0.02272102184506776
-0.062448381731445894,-0.00534117361063835,0.11986540070122939
0.05754084028844357,0.013181335432734824,-0.0730104843251681
-0.029733315890400628,-0.0025317746570438417,-0.09341270072606805
0.006015256373036673,0.013260697255556462,-0.0847355547365636
-0.047699496517639974,0.008029805343396389,0.034380707187004436
0.029218505855209367,0.0007091042268059181,-0.016389960185917693
-0.013915434728578062,0.021088981103454377,-0.03935123886348662
0.08459455017879923,0.04611787152321195,-0.03480718945834817
0.01324356180482326,-0.013818011139203818,0.041264272360211796
0.08190993614584476,0.06650308919283385,0.0032150288067233157
0.030661645044508204,-0.054198273443358945,0.06304318322545191
0.06415637523821387,0.03530227621086487,0.05220495419086555
0.02697476773912534,0.008333587177024886,-0.0022901428228970944
0.007116627028370489,0.12772602012358825,-0.0007696462378310402
-0.034850066654640126,0.05692200721829739,0.05617713263328
0.05448304034850332,0.03538861349899684,0.00035399861023984423
-0.11629021823147856,0.021358148854071172,0.038930069922350555
-0.10548548262877099,0.05556163055662767,0.08359805087683503
0.04444192682294627,0.08069736070604741,-0.054396613199771494
-0.017010725796249668,0.10714695396981651,0.054233185229055736
0.037302034312831404,0.013030498940073845,0.06712945660132516
0.04583236345984923,0.1139874296099199,0.01858309957238649
-0.05743631228165788,0.016440537004036294,-0.024550528493122087
0.039809047292078216,0.017567887881046587,0.06381362193396387
0.011914478325247871,0.022118864198761988,-0.05220652671649201
0.03272509886989805,0.044698404692526374,0.02254761280449953
0.03972932209585011,-0.039605765590095744,-0.031631280861297226
0.09505895634061078,0.01085368290065894,0.04958948642581845
-0.006083815020264099,0.027145388431789156,0.055602345126407424
0.017979579769285468,0.11459850305044836,0.056436862236844576
0.008362464527130525,0.03391831706675192,0.04486819195282454
0.04493416113817243,-0.009100121810471524,0.08636710471338055
-0.06954723679725981,-0.06617423479811677,0.05051568094137105
0.014709457013802609,0.0730142494742018,0.0067215590116672
-0.014284069336606987,0.0003351452572385189,0.04959462037241483
0.03973124365797485,0.059120530643389894,-0.027519443534442502
0.11018413319146982,0.07202575988414064,0.027357516361699256
0.040127131810631864,-0.015321641488265519,0.05721020767772335
-0.022324425050774345,0.005465775695807942,0.018019596970045265
0.09964734598032973,-0.015509408438150855,0.00043264796057724056
-0.02487726964038846,0.11799794065624834,0.034110762614868166
-0.004533112419509357,0.07394641566296833,0.08159302793762932
-0.015518933452835944,0.09615095777789955,-0.042711063721489806
0.11503303292780108,-0.006455096174227584,-0.046183846757539476
0.09944819119622694,0.04978777813778105,0.022886787383382175
-0.038412846234849744,-0.002978713525042708,0.02419321064168815
0.028396839483982937,0.011174206136607627,0.07918824124747666
-0.059006587333310205,0.04521177314206437,0.08568813569326875
-0.017336351096304794,0.03975383785466482,-0.027021795610707593
-0.08014729813016079,0.005977277180560986,0.037834856803056476
-0.05250178600958637,-0.03132479178462026,-0.024595227216330454
-0.04765838449058926,0.04791816675782539,0.04997449592350929
0.08159318118430633,0.022321130497895962,0.07128233920937108
0.0357939335385596,-0.030110142472143112,0.03340709493314257
0.0409248782314397,0.06995781011598864,-0.025943139549949944
0.03375572521442719,0.07385013932483027,-0.004365936208654296
0.01941752947712398,-0.002610404819851593,0.048288502770413605
0.01641824751777312,0.05786852142690041,-0.03192765060722082
0.026219324536753855,0.036790652669280485,0.016741185686726702
0.006744967255777248,-0.025639938529713583,0.03191460623358421
-0.011699905535680611,0.026175295129383006,0.021232750631555962
0.09448009726719395,-0.03426503276742985,-0.021540472172610133
-0.06756162924643491,0.008749466812209034,-0.01876928963504276
-0.016904726428553743,-0.02732237158317561,0.031671716540942675
-0.026994205711344078,0.06990729325559163,0.016123746309927037
0.09957192157174075,-0.008560353067118057,0.025888721222959862
-0.0052350948275976215,0.013593027138275152,0.06708942785358975
-0.02582081466053256,0.10461018155183813,0.021802226910725
0.013480822600065022,0.0018374024483075527,0.06047531601818475
0.02261599055383222,0.026744117376284415,-0.010364500163203592
-0.07660258725882864,0.11581751075569878,0.03384176813956822
-0.0004016091454328921,0.036083574100785096,-0.06812060759671654
0.04187196508633699,0.04282499197983293,0.08752789255872873
0.04794540827362445,-0.049702729228032094,-0.05961742577383229
0.023256792502315545,-0.0050764803913561606,0.0412816283047605
0.011013934293861504,0.07905575706436127,0.041157600743719096
-0.013614562566699961,0.1013330791010934,0.07415941755139815
0.0927752624503509,0.0014559224483169375,-4.604523370526151e-05
0.006743528358410654,-0.014114940428327429,-0.026942969418004344
0.08029429039269148,0.0007055052035661626,0.044993993145734414
0.05359431954505914,-0.038232882900447615,-0.050774941570001154
0.06531607124843908,0.04415816668451682,0.044821578912278864
0.004467938956869998,0.03931446162486314,-0.021732613000394325
0.041855083021782105,-0.060617425077540865,0.02449129516369926
-0.010221198819719331,-0.055453450368059494,-0.039546937252474997
0.04125147247190143,-0.005039489134668392,0.055896628998384934
0.009525301859616482,-0.009372236552509617,-0.02063489364078481
0.0277078224083836,-0.06357438439438765,0.03844679737640986
0.06177543187058502,0.03899540364343343,-0.010544693502157736
0.0007051888624000809,0.005472198793961288,0.02074206516979712
0.07142497823227274,-0.00046835759150850795,0.03066818289557743
0.02864196297600978,-0.030497212028449017,0.05285833865916641
0.09370204034664316,0.07266793376049588,0.07738865612491949
-0.028561445036211053,-0.05721219494187382,-0.004150496447517939
0.09428065669149513,-0.03188430291045963,-0.043566330091629066
0.051513032418467525,0.0036163695768787647,0.009486868666754413
0.0767280256824784,-0.0017850967500601563,-0.018252398355894612
-0.04503813262976457,0.034350875531539544,0.044679124220283944
-0.011910323344419351,0.008836255905912853,-0.060882307673133074
0.08276656867695117,-0.03074645852269951,0.08347151492592036
0.08607902959912717,0.10153089728969397,0.0215315268537664
-0.02185990504563072,-0.0075945242602698144,-0.012468872651954076
0.0994130107035061,-0.08769738795676561,0.014169648334898324
-0.01509126600135265,-0.07158305439728849,0.10356823136324379
0.007958262586723146,-0.003265251031327021,-0.01446711522808631
0.09190962805012384,-0.003829288279188603,0.07380390203057008
0.09120184296998629,0.032020337701792315,-0.042965671633548
0.06100620228138645,0.0287911031053096,-0.010939947364271816
-0.007546627267660248,0.061226458757104425,0.008967033589394146
0.03591319315464697,-0.02175726264658662,-0.023940169586957032
0.028747039318192967,0.07786520271747231,-0.041125613182342
-0.024451073528207305,-0.056317170510023384,0.08589639396600558
-0.0014476795865510025,0.011088490848873048,0.01634580493166915
0.02812017293725144,-0.035838571452717,0.021497026194746555
0.0784292782137837,0.009839826763117109,0.045919408819521924
-0.09650758766646286,0.09728825467949859,-0.06402194914182321
0.08278866915112261,0.03637995653027995,0.07378998611659629
0.022749575611377464,0.012898737720705544,-0.03717843390874182
0.04975307263635059,-0.08640378435943138,0.0583299987915384
0.034264482598024906,0.008865661160797247,0.13154910298041128
0.02046063773913947,0.07646348311187387,-0.019881515534401564
-0.03494621187315428,0.02581116820821895,-0.014192467949633572
-0.024977409140677607,-0.01892744162541099,-0.0195747328360817
0.008375778143988714,0.06360641030697466,-0.02258884243734397
0.13014220581680533,0.05521095165358738,-0.03283707817201633
-0.05247417417538251,0.010530985370090971,0.09202744918839277
0.029091262936252894,0.03697674006591877,-0.018088450774661063
0.022730054975830773,-0.06311394191020853,-0.039887162158974504
0.07866113835826638,0.001293808794672011,-0.11599449030173252
0.015553741210163972,0.06353439741771472,0.09087148758727598
0.05330928983828273,0.016995119061045453,0.03324391689965424
0.031409659986091715,-0.0061850189224614965,-0.015251108557236291
0.07502615518966342,0.11627413767033255,-0.028172518763000108
0.030583332427352426,0.02025752745384844,-0.030203604292432004
-0.03944952396867995,0.07984597458321485,-0.054285571706039336
-0.0037563443193502424,-0.0076268240629348595,0.06036355240044057
-0.01295077515072101,-0.04654292193491823,-0.021561749875791493
0.05890683034201009,0.09679016772303278,0.0002555849212787266
-0.024516498671593473,-0.08293226036506855,-0.003823994000338069
-0.04285878713247562,0.011562055682225987,-0.09409249305984792
0.06442640286032965,0.0036445031035793243,0.030382891829898548
-0.05649423811873913,0.013346003209114644,-0.039730759028456825
0.07944882617225606,-0.03090318845850456,0.037724765116130654
0.041441843135211494,-0.021535542576483928,0.02459968401713545
-0.01786801404066373,0.003391618044841163,-0.08287611053916139
-0.0025188378669585582,-0.02403348549731974,0.030492366474364582
0.018927617975774857,0.1269655076254386,-0.06352815944077256
0.06642463379268694,0.03154852225832468,-0.03949914237627843
-0.04299549509760317,0.05273691209635464,0.008507816765455905
-0.013785294434189313,0.014991138640106944,0.09089677424802747
-0.018918475809461245,-0.03035838697859096,0.03698038169002615
-5.801049879782666e-05,-0.07450764817418354,-0.016834811915027593
0.08394745456880576,0.031116870990069146,-0.1384624166051397
-0.009538497510897054,0.07494648194522731,-0.0020463402255822107
0.07083627146079768,0.04731553651664887,0.051923644315920406
0.04456433722535979,0.04323943924642432,0.03202462525795432
-0.04679828581060672,-0.027150133287013836,0.0020216638480153966
0.07664069488279407,0.017277491992403526,0.037371027999090214
0.04983798367720496,0.015039969604549052,0.015599835511139616
-0.025822793680999614,0.022904734243418882,0.006355011821883064
0.06794679475101247,-0.02093803073674765,-0.01876486507064373
0.004002172009533116,-0.0010167908511096377,0.004506463446254211
-0.012578434389779238,-0.053855290858928935,0.051225135682109194
0.02181738559795463,-0.011440761241943528,-0.10977223092332535
0.014609340792694544,-0.037294153005233324,0.012867981824825951
0.009076290929297383,-0.04932930010766522,-0.016338458612743422
-0.0018505018174691636,0.010588999877444395,0.041454227293207344
-0.05176495883780125,-0.004765487779178411,-0.03487473582995477
-0.031249154698666598,-0.022451492202012646,0.04399564645434968
-0.01273525105793675,-0.025136326913630033,-0.03362277591395649
0.0016132295856339295,-0.07590617293268097,-0.004584967232189341
0.017197793027980846,0.030340150375762105,-0.02989641072895724
-0.07075445154121231,-0.06237310662897796,-0.04405037065208
0.001249545894506986,0.045727338939320926,0.06692464574325199
-0.004932647153739551,0.024095436377687057,-0.012280932081534987
0.08837200570370646,0.09870280354159386,0.017985371418245195
-0.09047180805990995,0.029403257421095428,0.06307216766887788
0.06439745231036001,0.013761862215084068,-0.056230427916922225
0.06284860059846016,-0.1040560678950241,0.02122098519428135
0.09443906444840888,0.07846483984747393,-0.027620904405876605
0.03610137146833566,-0.08281529066355303,0.006872751995747406
0.10213726669141367,0.04822818304827792,0.032114782637301394
0.07495009676535215,-0.05653933522221794,-0.07400594701261949
0.013552042012487164,-0.0046982278127564465,-0.046391115502676834
0.038392148453362016,-0.023367281109361343,-0.03755389553298799
0.05600690876843151,0.09185867005056574,0.002024346848414324
-0.002039925168818161,-0.010917624920427162,-0.001993143143781541
0.04921421389193943,0.040860008582315754,-0.04352470693347832
0.02246272351112964,0.03121108071825263,0.01639012513269885
0.024008636083751297,-0.06464311707846689,0.029021789119611785
-0.03944410683174803,0.024756833702745836,0.0271863654903174
0.0527670038999461,0.12390090956714751,0.029619173084638243
0.03326017733171617,-0.06756229092517237,0.011458593494919608
0.009667743052618583,0.015718210417913395,0.03389272701556649
0.041805426796251405,-0.030556440537166704,0.015156713634817373
0.054165635799866364,0.08396899086614072,0.035603522644266035
-0.020336736954744365,-0.007947799599157247,-0.05140419133617321
-0.00972154746161635,0.05703539605734201,0.08885480870624098
0.032176842648875346,-0.0427103985578454,0.05748149239760604
0.006908656206196842,-0.042533822885462216,-0.07788249538402656
-0.07725194529439444,-0.0798926790902818,0.026334353317788994
0.03260526704204657,-0.023477382586117066,0.04057923860720104
0.060117632881271955,-0.05383053131282572,-0.11108521324786681
-0.07710380655849583,-0.09657703617528325,0.002981233847403366
-0.14043729669346225,0.011179990376806738,-0.1799633091296561
0.06033870369847733,0.014671792603605937,0.04432518096179619
-0.029274654922547612,-0.05755800214071223,-0.028127079365653854
-0.09880495890387413,0.007937582311736248,-0.03562894329321191
-0.04262369168255739,0.03983644428101212,-0.05986769995134908
0.11796219975114308,0.020116104508419476,0.05784993590676039
-0.07483592549210645,-0.018482609295860042,0.06829072646108804
0.004738612173448436,-0.06752754266986095,0.044579866605263474
0.004527647734857148,-0.06528593465472722,-0.005903784341251196
-0.03655648454346772,-0.04609373283531139,-0.11642721888179071
0.053652371610440903,0.024822940965152536,0.020116690612581214
0.06532784935740055,-0.07594140310080437,0.004236205715631243
0.005434794168160548,0.042329622358104925,-0.0013845065992521884
0.05326096178095459,-0.03272767641475359,0.006137797156777874
-0.026895512275537135,-0.024215530390508846,-0.06655179961145447
-0.025509860957861348,0.025404888206274526,0.03523300492410872
0.021846652274859373,-0.047027298824407246,-0.0014707472958272304
0.05265739721130368,0.0009039765215913681,0.0017456736081929106
-0.04257287766515937,0.005455943173759676,-0.05242865423269449
0.02765065362174726,-0.017642124429780696,0.010201489404920893
0.005101638131705135,-0.11665020163216314,0.004684275669160385
-0.07515423803591015,-0.003560344821461491,-0.03196648991052547
0.036147428875486734,-0.027657857908767673,0.035364049001324775
0.04179282120521451,-0.09086331930697422,-0.15137133553856363
0.009499016122326403,-0.06234437058260919,-0.07234592972252936
-0.0463678793306421,-0.027897630021277,0.007441783413123447
0.04302062331432434,-0.04962843452743279,-0.03587920728256272
0.028357620526454907,-0.007468033538926461,-0.011601279773080397
-0.011867403764539236,-0.022372073980801772,-0.022364048464251253
-0.05006053612064347,0.03756745135046169,0.008867388835429459
0.02759341467509959,-0.1001346153217954,0.0384473344117405
-0.04868476263563021,0.01586784704432169,0.006434907315605042
-0.010564888583571241,-0.015916311342735065,-0.07917919550086086
0.11356194609273258,-0.03219758745582878,0.050767130518196174
-0.009950189631406845,-0.050432322308896424,0.04013587946816681
0.04396981605359551,-0.004538111400230249,-0.04765319887968368
0.015130571534391669,-0.011409488691475896,0.05508903447366316
-0.0634648770154633,-0.02527028522565511,0.0005478829502095217
0.034192608650005764,0.003763617098997616,0.02227249783907382
-0.01796746574409084,0.05176924563576683,-0.012394510209961074
0.0012472452562689758,-0.07531651235766573,-0.06289736210856778
0.0749329416646283,-0.027365914089683786,0.0456699721494015
-0.025003414390406726,-0.025882186070865364,-0.09653787602498076
0.07040160913771591,-0.03289051877678305,-0.03629834260283503
0.03835989700034345,-0.010191946907245255,-0.016875242548690814
0.04847702062396024,-0.04795910579002812,-0.12127129276724907
0.024044827003454963,0.0017930328321879713,-0.09026886471243958
-0.04539745498182136,-0.10249181641204641,-0.021501495155648143
0.0003453211731641072,0.011370842305282815,0.027982405866756845
0.037848374359612615,-0.0466539251122575,0.07178396927444634
-0.09677089144252145,-0.057356270925604885,-0.054337017887329295
0.016556593450479985,0.011282281565051327,-0.05807564889627753
0.032178196342573004,-0.036075005300145555,-0.02250916910151478
-0.04218421115164345,-0.09036393282336602,0.02549597295289072
-0.01358483063247334,-0.014355011880765146,-0.0882423448388319
-0.09765776665089787,0.008004208696029264,-0.007914692598737711
0.006622662849420532,-0.17121282667089543,-0.0365608228949916
-0.06479239447616326,-0.012666593332661704,0.061163713226614055
0.06277366842408313,0.01918483150676028,-0.044467246599564816
0.02816266741003773,0.03873611271107369,-0.03374951859702577
-0.08326942792536257,-0.006767926001454679,-0.02480877685595477
-0.016167172408572607,0.04133755660688128,-0.01953196560704562
-0.03509393861926164,0.0012732404633311115,0.008476977649380577
-0.018790853594821317,-0.05595925025965626,-0.009655547453049026
-0.06000501571770328,0.012798934034974795,0.04714962035911212
0.0015719752937996684,-0.07229098082176014,-0.056320897239089444
-0.030884961133393327,-0.039326961187302195,-0.05727513887423574
-0.07186218886841875,-0.07192290248769231,-0.11189946834103724
-0.043914757478271574,-0.05748160244549207,-0.018621417853686935
-0.041893894293890524,-0.002519428860046226,0.02478179799160812
0.05792730453476605,0.018699531240518815,-0.10973932178142037
-0.003813178882826309,-0.013022722020845458,-0.044478501911192764
-0.09512525798091218,0.027465165059839904,0.09289802422679916
-0.061277856652428686,-0.024926742992718708,-0.011786314760859814
0.07455340598477198,-0.01904004863661294,-0.017126812456817204
0.011699975434138539,0.06713653413109885,0.05323975002696344
0.034433874625941926,-0.03743781632504964,-0.012275412496744735
0.01311111537748328,-0.06202485399877402,-0.08907536347274173
-0.08262126449949296,0.05429288911835678,0.0046867472504961045
0.021093293920444844,-0.02757698923192379,-0.04868994087451154
-0.025925982054998235,-0.02682158402530406,-0.04653904995475597
0.05936493115767451,-0.05790974900873307,-0.021576693950821575
-0.042714162441542095,-0.0389074946399184,0.05913033250165859
0.013789044993881283,-0.036383920196386435,0.032516094949830064
0.02257371278121662,-0.05173307386548319,-0.02175662952639773
-0.06967947207527694,0.01572928045389831,-0.10721076510587445
-0.046154348106633464,0.030164911991974998,-0.06946797368736914
0.013171521873329973,-0.14158766949228813,-0.03875981109054499
0.006349331091753577,0.035952778335523544,-0.052518963617535
0.0394191421049037,-0.11272327875465442,0.021497536172263215
-0.06173337881244615,-0.10339672956944793,0.002740093795241434
-0.06114487005812351,-0.07399955256854339,-0.10021243172797081
-0.05464999462198182,-0.10330588553721172,-0.041896230858542216
-0.02502351881118213,0.009734229818889075,0.01284946291455329
0.006182607644996906,-0.06309754474513911,-0.13324968105941978
-0.016775508463588298,0.05854784722569465,0.08436640718802468
-0.03999031013457851,-0.11150017902622689,-0.0653986824099294
0.0037046821609170617,-0.015843272811408377,-0.023711761258962114
-0.03361907090374879,-0.05908409563509552,0.005144442939167729
0.025031024094719644,-0.05204113169147831,0.012471630363280369
-0.04509324138359673,0.00590992847366055,-0.011074367395019824
-0.08074122504456747,0.0056179516749391735,-0.010254309595697727
-0.00454677320911215,0.039825223239407424,-0.03081029016344057
-0.07026336189666345,-0.14176181281341824,0.017939650490985896
0.013962777523513763,-0.11123954688415731,-0.02104515209583382
-0.05608511714649966,-0.04779580129052634,-0.042640561202968504
-0.028551519548021,-0.0035349699516866225,-0.031745634727563005
-0.06706501661640253,-0.029256998376495553,-0.00895221177383229
-0.04722179469859641,-0.0679620093092128,0.009046032308320111
-0.046262401332143044,-0.06171352743237068,-0.03520962233330341
-0.021074485250747635,0.07912162874923137,0.013003550535143578
0.039622477086084434,0.04590810210626878,-0.0440731676932065
0.022955494701984755,-0.020560830773310126,0.06141623397520623
-0.03491800425391837,0.07791042514251692,-0.06593602450964249
-0.02262870973525251,-0.03908481811567213,0.03263959613950037
0.03595161025759326,-0.07867176427128732,-0.03051210126750417
-0.024751825708892762,0.036849870127494244,-0.014105684337463186
0.03679805541990248,0.039924665536262,0.013693455164711007
0.011277662889389745,-0.03945369153811673,0.07996239316790107
-0.021084555026043363,0.02654480990542817,-0.07944865400176059
-0.051746796615002005,-0.009668188886034854,-0.01216512028033456
-0.032055646647770455,0.036235875960973156,-0.15312309289705245
0.12226677123430414,0.04679889991187025,-0.0032786337610399875
-0.029620496314033483,-0.018646153558566712,0.08335929846508586
-0.02114929420793882,-0.03445688412394756,0.02286404222021818
-0.00022406184357218542,-0.00848988126659957,-0.05976165428309482
-0.023008016495390537,-0.044103401492776105,-0.06210128204800277
-0.038372984738277646,-0.07061363549318557,-0.03512306745543272
-0.04547247118814024,-0.07469966379146016,0.041450425881813566
0.04644311912419398,-0.02999600155898915,0.027793740302781172
-0.004561990863487266,0.09831557890006218,-0.011929032890159405
-0.06364826091401704,0.02638512943942595,0.0004429707503607501
-0.06853984062986224,0.028062969442111823,0.027358152360017835
-0.03483160924902643,-0.0003753051891661006,-0.04697159303776058
-0.04186919399753166,-0.09686861758975464,0.0791908456582429
0.004173270088364312,0.11919547582631758,-0.10041287102463531
-0.01931806140458714,0.069509831996056,-0.059186862751558204
-0.0004640016162931245,-0.05444894388552779,0.019441265560565444
-0.056277611859050496,0.017891340736934436,0.03939637687462496
0.05144931225224726,0.020149985757755368,0.06880118849113014
0.00655159055519188,0.12169576913632749,-0.00931169189606127
-0.013486646322200395,0.01434191774083033,-0.01515635734256359
-0.17050134145939028,-0.05174987829342301,0.04800720794808418
0.03709720556665623,0.0279545048514991,-0.019995027778539225
-0.03330833829860519,-0.017916234638642704,0.029222561889327113
0.07022739169088936,-0.04362705688932197,-0.06876352413831127
0.03361076452142779,-0.05578272206666285,-0.0629047435037959
-0.061336743789756634,-0.01896157703862395,0.03447532343268507
0.048320787152920174,0.06522531059419585,-0.04629452605115057
0.008800187883415595,0.021683571398489775,0.05708848855794355
-0.01977109949843478,-0.037367460129315286,-0.026596750533434903
-0.050359303691378615,-0.04631092902444846,-0.005741513236427533
0.006441446434715395,0.023904904022054127,-0.011046036677830195
0.014077289845851049,-0.09309211625343747,0.02384984893428528
-0.014191338187142539,-0.016432795849857088,-0.014393106814240983
-0.05123539995938072,-0.003049822815655508,0.08466095658957684
0.019695229368606015,-0.10717478933435165,0.027613563160862983
-0.05540181131757798,0.03296662632301128,-0.0342332600404563
-0.04935420203194981,0.0798848796158794,0.022739165415759478
-0.003959809148319045,0.04231901061627225,0.022069744198570634
-0.09214984368509586,-0.047460664136095565,-0.03639084809185367
-0.012333367880510978,0.006430088191428032,0.0050729747680614504
0.0913755100347189,0.032160434699409296,-0.005799123022451156
-0.012495278003803807,-0.026530344030308288,-0.05636103295284201
-0.04106683427335775,-0.03433505149526833,-0.050108567971459704
0.055625517186762126,-0.03213526195438569,-0.02338763674069225
0.021248967351459397,-0.0733276044104909,-0.056074183428231276
-0.08988292229882316,0.008241698906556308,0.05510100225615884
-0.026395932098934517,-0.0023628763602376755,0.03372823509066106
0.051404954327812655,-0.052741381514502264,-0.029171079693042976
0.02085723166139859,0.011119241520113215,0.020089916947620745
-0.08742705957190154,0.030938198591722588,0.02263769409186627
0.03506615753026075,-0.060378445492571355,-0.02064096655755523
-0.018504058228251578,-0.10715599158111008,-0.0269781614588841
-0.02458636798394953,0.007947802006514113,0.0075468453654321775
0.020470979475405323,-0.03162488676414396,-0.026643388892491716
0.028724868141193495,-0.0637237252117629,-0.010632596811209491
0.055821198349284375,-0.04658723947732105,-0.018934804135938916
-0.09827217403781327,0.014478482193780756,0.04516496517479557
-0.02747122378092434,0.07703838024180312,-0.010846674088424331
-0.07527098634801992,0.0004903659262518443,-0.03416127533899128
0.005840801723779652,-0.06795703612823079,-0.019262303468283146
-0.059990773356124384,0.026704236658527683,0.03058780674263479
-0.06767786873453933,-0.05263208744303618,0.020920795806508772
-0.04958951029041846,0.001704330309295868,0.052988074694725544
0.007769518568422608,0.004580937099291033,0.015560722336363469
-0.005782150378823664,0.05239267972847875,0.00871090035169464
-0.044010766909667556,0.024962157119536768,0.038844596009648166
-0.010167204474360526,0.1136890670550715,0.0027928394143515896
0.06856718097044377,0.016087040193263676,0.03190108688619126
-0.022417076837633807,0.0506440784826767,-0.029913573211578847
-0.006502095666089942,-0.07699402874249585,0.00853284070955295
0.019624989152448313,-0.0164633060739991,0.04535150966411915
0.0937696230382441,0.1067744433872291,0.009118045324705077
-0.011729121297696973,0.018885646794361877,0.06589939513237306
0.005674101062932146,-0.04572007921400839,0.02050147341970618
-0.03310365749340852,0.05464096088324484,0.03128607910188583
0.03117208322916948,0.004898121416154493,0.03224577823674864
0.06226963222328082,0.04208027924174213,0.0566713404397922
0.06370379071215769,0.03867254432871532,0.03705168491881474
0.006515776211908511,-0.11275437919646673,0.06122728894582655
0.04689778161437724,0.01420452657145547,0.0015124575078336137
0.083249072396008,-0.005195374554795507,-0.028831987193301604
-0.006023386251656222,-0.031278189709534956,-0.006616267746347354
-0.005718816530139259,-0.016921438291958937,0.0930685246056733
0.09187176903177516,0.006573791733082732,-0.008710645765332606
-0.014205067299309584,0.0401844053853161,0.01282341171949517
0.012445377495388167,-0.05299758430391144,-0.002745971304615737
0.06700107018758816,0.077651833628328,-0.0009536490426417452
-0.009644210884404328,0.04047645067771917,-0.01798339228391591
0.0745380149082271,0.09983091619001969,-0.02443042912214738
0.08078783787732412,0.09194229772513851,0.0013008401783337654
-0.014986657407521992,-0.005179399818144574,0.08165244659581161
-0.042973727428963486,-0.04214983465909618,0.08142948782673284
-0.004316305267173359,0.03542447475293632,-0.012394615655145005
0.10871013849751418,0.00035043926950628114,-0.06643691040053978
-0.07356276853278157,-0.01598588261864259,0.03147296397205055
-0.07668408447618247,0.0005550233321305227,0.021861086940126274
0.09379906648879732,0.055128791779188495,0.06547273561141613
0.044770127723982034,-0.020726298470521605,-0.01744040928138864
-0.04703060307695108,0.021160602828122748,-0.007426836206619563
0.007750422725892655,0.04071915508798295,-0.0032812784010541832
-0.010073093906019832,-0.015242724358860494,-0.01653845479747107
0.10586776202262305,0.04817682028751097,0.011823840561486451
-0.024566132381186417,0.04381216832352419,-0.08082173997266791
0.14571519855900555,-0.03627126522120395,-0.040506254890128886
-0.044197958568772365,-0.03214349225213711,0.016655131366210777
-0.0006127371623332063,0.01599922066313356,-0.04336216466029891
0.06915226210284563,-0.04573580051480068,0.0555425642126469
0.09772559387639145,0.001563043546723918,-0.043126967890438905
-0.018745319671196744,0.05732244004864036,-0.05085028188293013
0.06221082672277844,0.00846250055976805,-0.039436115680621345
0.030750828323780295,-0.053128260770619176,0.036099537088133966
0.003717281139657377,-0.01509370015803508,0.037018538784228394
0.045980311188416674,-0.008563939870609927,0.08788972617907129
0.04229328361937189,-0.10947511255033081,0.0728370309991115
-0.09621264992200189,-0.05706143777462562,-0.05943625287616605
0.06459457655964516,-0.05455120321007241,-0.030658295173371267
-0.013968617459058204,0.059535117507753574,0.014520004565942273
-0.00021447308321457734,0.016363879113548606,0.007493644568402874
0.009089234499253704,-0.013047683316354163,0.06921854837599588
0.037438490338089735,0.03724586030021476,-0.0912127327989905
-0.052297094380441195,-0.09348199312026534,-0.036492265196983315
-0.047617210991189804,0.031920520363128854,0.01716871292354794
0.03750132397077305,-0.003164595153006367,-0.1073670328823067
0.09690944313079905,0.015787022430893506,-0.06311982192781061
0.06107969167250715,0.008523900119784007,-0.03473114399737921
0.08763817139768913,0.025247153514278378,0.04915114302469721
-0.009233613848688874,0.021737591961544723,0.020565848095905285
-0.07825419232829009,-0.004807844330318129,-0.041842055813373635
0.06340228705592471,0.11547939490237288,0.05627864940663087
0.031736020284531374,-0.024254356279760705,0.019250580104975594
0.06707722677116912,0.02887731650616933,-0.04333152330536273
0.012300971943098928,0.008156483146808705,0.008637704314408155
-0.04081288281716432,-0.004969224445427998,-0.045649229084068405
0.00788239199298692,0.1356132352435481,0.04925596191660826
0.06708560381187008,-0.07743577412928915,-0.0406211518580365
-0.004682409277965989,0.05329954776888562,-0.040128005799957144
-0.05446967083573139,-0.1309210425155653,2.8521586989568165e-05
0.026031903998046328,0.09537884618064821,-0.07536254664599448
-0.007462719752275256,-0.04845762406580085,0.06465884387449608
-0.0436661549895367,-0.07108759222201683,-0.024395556768779445
-0.006503952545820476,-0.010542852328596,0.06869307015917249
-0.08092582072941779,0.01089920830191663,0.005333867777803255
0.07717708916668584,0.027661572970844088,0.10795746387569345
0.01569131732295462,-0.005114892732290002,-0.01440648546733133
-0.04000349856010631,-0.00883690354938155,0.025347813022905702
-0.009278550313603813,0.014741283373194075,-0.010132482777645748
0.02389733051176049,0.0682363130418205,-0.030264573077491953
-0.04067929712236639,0.06546460162439734,0.002406326330086122
0.03167939185234327,-0.019983357108498846,0.003837469207892682
-0.022723883616547053,-0.018608173815250994,0.015215453441738656
0.012522119667848525,-0.07112596649190966,0.13121892658033546
0.06746064677795723,0.03903880549882824,-0.009331144557694356
-0.0653762283232447,0.028755055350599343,0.05336178800436091
0.09182980313288311,0.12106073748559394,0.0177044979675717
0.00662256130733568,-0.06643685082681827,-0.017758383980695472
0.06617714124313424,0.11131838347007421,0.026058442001649137
0.0354321773400933,-0.06299654981122424,-0.0063303935020710585
0.0022088313788788255,0.033210643295737904,0.012990669116693974
0.020912623519442442,-0.022348738728941643,-0.04757499031508338
-0.014121646204180976,0.04662648658753023,-0.009250629779066263
0.04471789269063717,0.08205013008105212,0.11127240339350115
0.004320260988888061,0.098801706258936,0.06404929633527608
0.10385665215381171,0.11214548356529952,0.020726013686989155
-0.0037064945191607503,0.041906256027866164,0.05870433607200645
0.11708968988150299,0.004263713606820638,-0.027072572583849222
0.03333587845495883,-0.06280153867002149,0.03851927398562522
-0.011470090890769061,-0.014333135279520643,-0.01563202107323915
-0.025659140574618936,0.012883195440274272,0.02905346316150778
0.05497595076559657,0.07923163177754639,0.07944416426347639
-0.017020470536868337,0.06809888532531046,0.07554048367147788
-0.04182962305707855,0.11753862693924638,-0.05802278404217263
-0.011595222196555004,0.006339344882074341,0.00138187305516008
0.07270431184122722,0.04617269229161534,-0.006737273069578234
0.04708507926637242,0.08351732868246628,0.06163215662921234
-0.005519718190898443,0.11861525902709641,0.11990151750752348
-0.02489085203258882,-0.011707055231767093,0.06736553265264547
-0.030486316550305977,0.05455787459713937,-0.06486316908732792
0.06364553661786677,0.021718402576047277,-0.04755469463531986
0.039455818735046305,0.06338985030429245,-0.026473448284902636
0.1258775599887684,0.06269279405991601,0.0013033293975799123
0.07835699312310959,-0.09127169476574798,0.03437523045925141
0.046386753377268636,-0.022878822310969882,0.047498118655231784
-0.010830370312818367,-0.030884314057155512,0.00858872069893034
0.07889835621144188,-0.03160655448994387,0.10267459967347756
0.035915838056956195,0.012283831891027148,-0.04817133068596525
0.027663410171481793,0.036681496671581076,-0.0007478966089834796
-0.02019574444423148,-0.018739978873617252,0.08491525794119067
-0.002177449853926837,0.018339575002373088,-0.015402145446470273
0.0899766253865184,0.09507310460937468,0.022082069527166612
-0.08613347821634064,-0.07277943837449256,0.0009179520398903528
-0.013584839335957437,-0.07268829432520285,0.03610297792942478
0.02793976907604947,0.11699182546737394,0.007582803394484862
0.03899541257974495,0.030343983250915973,-0.024242506121242777
-0.041276517473762916,-0.007001592110424962,0.03762641685449202
-0.04406738114604716,-0.03969016309603878,0.05298361617113701
0.07950180531747289,-0.0039016648385123993,0.040251115980209785
0.06613054807235447,0.02605336912591133,-0.017880226588176507
0.049656746970437045,0.035496002156023665,-0.054968217011872586
0.042654273045256846,0.05141120304947261,0.12196943448843077
0.01875863274552525,0.02915026747081665,-0.002592959808269849
0.037015725372472885,-0.06465838834769128,-0.0026139634468214795
0.04350009885932609,0.05951377436970812,0.0812794094976192
0.01235891828114471,0.023458697823107617,0.012954832746471334
0.03295562103290543,-0.045505003541319956,-0.009229619044905409
0.001579608608505428,0.002986782533981689,0.0718165312498272
-0.00980909324116107,0.07194594021760609,-0.05912485467635452
0.0906641696034492,0.04306340029952666,-0.030769433673900753
-0.05169714592415993,-0.02756314550716776,0.04633192227599804
0.041399764575283174,0.03625551108952292,-0.0267180953146127
0.04834966979708098,-0.03802563758242326,0.014403029060128261
0.04200543071791632,-0.02955627537283562,-0.03107577634291252
0.04116366755979176,0.016442027682784376,0.011338713628600434
0.13071621541448109,0.022330622716869166,-0.03754446263963412
0.05720884081806262,-0.010093397247888257,-0.019783461955332995
0.03467656961519125,0.014409554208134123,0.026983456962803166
0.10845487828605399,0.0332399216501514,0.03517059024387884
0.03033140838058099,0.06070072884487071,0.09362493240849444
-0.0028926372317887635,-0.017683301194698183,0.07871323470149028
0.02084246899325871,0.04905364648253914,0.014501305253092612
-0.07197341697351455,0.04894025965968829,0.05654580875867115
-0.030115071006764728,-0.006223363216671678,0.027081690828552045
-0.010902601047165172,0.055691932862242347,0.018191035905634194
-0.06382005241173316,0.012686558685587122,-0.0712210669948089
-0.07342776218636224,0.07498840042832942,-0.07233200132905102
0.11039779269594482,-0.012309839894252942,0.12493713056874
0.09009320079618215,-0.058692602530351856,-0.03961395789551103
-0.008443014279524019,-0.04335215137236357,0.061233294676567566
0.041068609938160666,0.019308433045002044,-0.026351534586328128
0.0025571402153504105,-0.0477821997782141,0.033366717144214325
-0.06960383726392075,0.04968210403645275,0.04966361151231398
0.11483466489738384,0.05113509444942544,-0.06967522947506873
0.02551961288267778,-0.022798459248822518,0.06865309147826448
0.0020460607120182757,-0.004599288499136955,-0.02695052967745358
0.10810591537340722,-0.07524479879479769,0.02768792355455544
0.0019303601774784563,0.024116392938212834,-0.03915543295392244
0.0390163470744926,0.012157976042794531,-0.05067864907146738
0.001265333214743091,0.07408414388836192,-0.11508415215478086
0.03828178766496581,0.02814334900530081,-0.043355711071462195
-0.032286557202103834,-0.04431608294025198,-0.014835701551623311
-0.0030810695474260165,0.026595408774578964,0.035289564914104135
0.059834789219486116,-0.07743163096221556,0.04287182484528035
0.01689916223622561,0.0018890801192742524,0.02792503947479681
0.02969173591199786,-0.0477765947576328,0.05981430310205155
-0.0701336083050116,0.05682556828839727,-0.034051187903366205
0.023154581021748097,0.02980519627099578,-0.06011324150188095
-0.007835681738960737,-0.016342293844265537,-0.02156241256837801
0.10500666820328597,0.007226974793010729,0.11542213624506714
0.02294918400238857,-0.037241232434336725,-0.08191379583071681
-0.05281904903739182,0.05587348149733071,-0.026236919391042633
-0.006661392834488681,-0.09118077389747661,-0.023585966681181115
-0.03689385238358199,0.0475930281481908,0.03209535108061923
0.03563263215405159,0.06326851266096223,0.01590251765973138
-0.04284650851658006,0.012356916784830972,-0.0017596659573440644
-0.043084894168968706,0.008635615114416587,0.06783732094213293
-0.005474276217369158,0.05464934140095845,0.04567286068153326
0.07966077707129021,-0.06502504967108752,0.05349481964382819
-0.023404577654651045,-0.008261568471669492,-0.01667443706301995
0.010057125492135105,0.0633496639651966,-0.0025871352639216744
0.01975189409218067,-0.04819508176982805,-0.05617123139125348
-0.022673213692345817,-0.05390233033993751,-0.06329953594058473
-0.022876571258542297,0.024125483731206585,-0.08898768429349381
-0.02365841255007811,0.09618820638938849,-0.047172017359608215
-0.07728233369692186,0.019177557945241404,-0.08154592431476801
-0.056547909763542556,-0.031130753716104343,0.009986075361069695
0.060578724120351965,-0.021422883557144445,-0.03886614288394855
0.018829859677040477,0.05758877431962789,0.09054256413386387
-0.04580582939818645,-0.06637040399805494,0.037430404726808364
-0.10261690414907312,0.03305699883742007,0.06588399162882717
0.04428313371670495,0.018094384946929342,-0.12942440974628186
-0.05242227142292476,0.016903561931198435,-0.07351926880536906
-0.017150771570483513,0.015618934008913773,0.10344460553681237
0.013987131987850265,0.011567714636916937,-0.09459274462513714
-0.05379918968031339,-0.04338890770464188,-0.02217737718568481
-0.030605230645838567,0.0015653084224427315,-0.08967389385934393
-0.028076556786782527,0.0009393403331000461,-0.06859083240309803
-0.01967395082124197,-0.07043196001789673,-0.06200383093372653
-0.12983400641961565,-0.08604414787324396,0.029615615895668725
-0.07064051701291665,0.026592153336039332,0.0020342332689655043
-0.045548740905584105,-0.023918598885128126,0.010959424968831316
-0.020882004927182556,0.07746638510789741,0.023684013221724733
0.08828134186747434,-0.07562535183314982,-0.02315456008900313
-0.04870642262615124,-0.08673702022149618,0.08215915463180223
-0.01009201348245808,0.04949048969792313,0.0519009266077394
-0.026911391536504757,-0.015670907000674424,-0.09502729659878677
0.025977543170755353,-0.021932970098516573,0.001842618803625122
-0.022066468843689308,0.05639778314335044,-0.0583258990368743
-0.02275931475142587,0.04036057709298064,-0.013438744683072596
-0.009207338270818755,0.01247626598269976,-0.009140570441651695
-0.049057573358319895,0.03947137509563345,-0.0845428342479555
0.14316405316612174,-0.05192459953110272,0.08155593398278162
-0.06744667300533526,-0.004335357549336468,-0.03337401970039957
0.08507595783658031,0.04773911268347848,0.007915548040412345
0.003648933526804711,-0.006679055363192606,0.03264057444642535
0.11034750981956043,0.014671191045549054,0.043283595597235776
-0.08001986520859386,-0.019546623662744463,-0.029488033236330452
-0.0041516364822768315,-0.019880577057597958,0.034836124703649676
-0.066660321611949,0.042520439170646546,0.009074900715752003
-0.022453317507198388,-0.0261586569613293,0.027628334239399217
-0.034628976978796716,0.05267430411702602,0.050304347513404374
0.02875539496883592,-0.017562254232033312,0.0096374237505895
-0.04176552137170592,-0.04524334654408828,-0.05179922631544258
0.0012898236306778527,0.009091160562490973,-0.029650534832753143
0.008917007708154966,0.06069823069203367,0.015586579141567771
-0.01889042140759315,-0.05643291461163964,-0.019942331247202703
-0.05223819074089843,-0.04081584349536575,-0.10494332773077038
0.0030971293554371906,0.00016877811701192756,-0.04343726251761423
-0.03126572329495565,-0.08719435770854646,-0.04838322858276517
-0.10606546819352915,0.023502773064125015,0.0438220409915093
-0.0019028838545549522,-0.05636377663229385,-0.014319617863105675
0.03071999713570575,-0.039974695262972024,-0.030517662639430343
-0.009720423545947534,-0.058919020780383115,-0.05984093295323593
-0.044544157936942025,-0.01676038576637974,-0.008628057742087088
0.0007667370703087796,-0.03416470863426185,0.004377463478024209
0.012603025188336961,-0.07782124114434089,-0.06334864605138962
0.037318759479657064,0.05724166200950361,0.036921963524597735
-0.002163737758159534,-0.04166878991300954,-0.003500063348143392
-0.03253352709027103,-0.08410474602502162,-0.09017203620676298
-0.028154386142433572,0.01302017846176616,0.05562976910708231
0.13220251697402338,-0.09136930209302664,-0.041262266220313995
-0.017471243430115063,0.054956355113035024,-0.05018108081044485
-0.053797075087386445,0.009253171550262222,0.026857276959326312
-0.057574492642184935,-0.10270825313482024,-0.056255091248581135
0.04705683907960556,-0.06706519377191413,0.046595565234667694
-0.10097966318588483,-0.06267032292192286,-0.0761823678878337
-0.024320497041699588,-0.11776003562628724,0.02082622533965135
-0.07583198079873152,-0.13566703777581737,-0.058181859355344145
-0.04288787476076524,-0.023640915563143624,0.0377649781727755
-0.05310907248394596,-0.04344684684657431,-0.006592159194549271
-0.07949437280762008,-0.07782746606470556,0.003415772032949793
-0.05325825485480075,0.03072215537279354,-0.05584377634006752
-0.013707604916860829,0.03349028961704507,-0.08317052996182145
-0.05128067843752444,0.011911805523522449,-0.046275065927742276
-0.07031870123272566,-0.06406497912019853,0.009223976136586945
0.052817973415487426,-0.028393351857060427,0.030375996515486624
-0.03805020632850835,-0.04244056435732637,-0.0035500140265634327
-0.057566939270044984,0.071398411676582,0.012915672638676625
-0.0211166894801208,-0.014986546641028813,0.015617222764265425
0.0070005159853628735,-0.021893818433345716,0.021708272798134094
-0.03422696643908937,-0.056924706098847484,0.060408058137572614
0.02494624119466971,-0.04946704605661084,-0.039194588552785375
-0.09834590941777277,0.016404947870378734,0.04513214895296053
0.003517294108621078,-0.004918776412475357,0.04033475615889878
-0.05170994707334287,0.0004051426824663966,-0.06015734300030222
0.021952155712972637,-0.03152620243641622,0.016657009486029262
0.016389945089162215,0.023941783942180654,0.07439717223030602
-0.10603914360341563,-0.10746442532930538,0.04721542749696206
-0.05843259667610397,0.07690852630533808,-0.022506357025027235
-0.012420711220345531,-0.026025068797705237,-0.10861743864417127
0.0027218274810629946,-0.06008429701001117,0.05116234228632888
-0.0160068613920516,0.0076136105913480745,-0.06667814281523946
-0.0007420637776038852,-0.0036801132466425107,0.003480972750280451
-0.014919146063401504,0.025992656317646193,0.01225306946108189
0.030071146398290772,0.029383331579748744,0.05276159164760712
0.010320843608498036,-0.01927984044058222,-0.02770839555015808
0.033004948085870775,0.012167486787591452,-0.10073853462550837
-0.13168496623258596,-0.07001161683231932,-0.11315672455363669
0.029069636630577583,0.0005380546975795146,-0.1302852355563092
0.0005943046995428788,0.011861504186473512,-0.011094026035289431
-0.048127148090676704,0.01122701232316007,0.030394015866648992
-0.01933846896972043,-0.07010311055947215,-0.08842990916920729
-0.008903308278611695,-0.09230445455629949,-0.03259874756911898
-0.0557054059935882,-0.049327215041162636,-0.02021838533521145
-0.038411438133858666,-0.0009110085652831654,-0.015600751521194112
-0.06222321655538221,0.07858026554932407,-0.07677335898551643
-0.061042558979668864,-0.05419477768227248,-0.0775678743342958
-0.04800257164715353,-0.04483812382067397,0.028467562327350097
0.0327917556706844,-0.047239703482946926,0.012824394433826998
-0.05720305262729234,0.04704534772848016,0.02636978436479328
-0.07266609149716029,0.019109500322767675,-0.03192619568750289
0.007452496667346868,-0.09933955895420124,0.01693015091017921
-0.009518608591912872,-0.0030948488406591437,-0.029444589745689757
0.005479759991706627,-0.028149764592756168,-0.017167613752907505
-0.036776468872098594,-0.0028096852902807883,0.061099000711442364
0.03185306639610422,-0.11531525474732635,-0.11003433506384683
0.014886903728946552,0.049139213823774966,-0.06417050126880802
-0.01634494570075245,-0.04238160345989267,-0.0252604821793199
0.0019803665667793187,-0.024295683238713155,-0.05140816712371074
0.04711564459135504,-0.008906363326077369,0.04338665140025761
0.006202727358222866,0.029190210942880747,-0.06953717485929517
-0.007113992606734889,-0.1293082011570439,0.016346577598795525
0.002312515039628437,-0.04141333687663521,-0.16154331860337454
0.037658093562513345,0.06168373306516055,0.006270583081408997
-0.09538990242292847,-0.0012039625730054723,-0.11239533142423998
-0.006347540170090845,-0.054708062239163954,0.03610265991528579
-0.02942297206924361,-0.043632177414651,-0.04880359815920689
-0.011987690506340534,-0.03990909737734149,-0.02816411334555647
-0.06403378466325951,-0.019602949834374873,-0.07100355471778466
0.03877347684061748,0.0397404610486624,-0.021735709334057003
0.0842737061125268,0.03914161086551382,-0.06187194743022037
0.04127536915741131,-0.027922022546502494,-0.08997489355214909
-0.06597191868274789,-0.047416018701036546,0.09419248565397148
-0.014872070938381391,-0.058701435064868246,-0.0422751154917995
-0.0015136250011121496,0.01839945789129531,-0.004169717742069472
-0.017169348891886222,-0.0228502363182015,0.00468690583453801
0.03837678833835784,0.06309702931091836,0.009454851709534922
-0.007990698501894992,-0.012845859919468407,0.013401975311361888
-0.01953301776176568,-0.07745672846495186,0.01506043903645285
0.00916790978010095,0.053527421735739024,-0.0014785936354073052
-0.04703549523251939,0.016368126314746056,-0.0759186120150543
0.0417788457481651,-0.0020295908985888834,-0.010032699845452374
-0.019703380279652457,-0.00876075136348899,-0.012780335262506855
0.07176564559508328,0.012974449815281295,-0.053178577168044444
0.07978439973012741,0.01140777434939098,0.0014894506529733002
-0.10068636432870412,-0.0738482859066778,0.04001738545226601
-0.058784964574025725,-0.0763759608632614,-0.08089876054190995
-0.05413603785912297,0.04062572803976848,0.002129288592575841
-0.06993325268292386,-0.0920362329115503,-0.0327213525118331
-0.05656242864018476,0.04750690544799856,0.014607121876756555
0.02386736983421587,-0.0648677354421467,-0.001682103450841554
0.03628558729234922,0.058010502461117094,-0.007310370638136206
-0.013914159243039959,0.018611589270241955,0.04605065592812328
0.014721003508745669,-0.07736745688581621,-0.040329389814231544
-0.04276382583585152,0.07711816678597865,0.021175057269387235
-0.0652350841033659,-0.024610730385796004,0.078141274005438
0.015425301806633549,0.03129677057321809,0.05191028846981298
-0.07046252900730639,0.016738002963896142,-0.08540809950570814
-0.020911995488492402,-0.04706812633628973,0.013787527395645347
-0.07502164323740984,-0.09504180746251763,-0.003907207848419374
-0.025908395029811675,-0.0035178680086338024,0.016153846019589916
0.02163520580259832,-0.07414387702213318,0.025117723211406755
-0.0026719293223424513,-0.007236914195147154,0.03955776151162347
-0.014267318694787196,-0.10888832535006887,0.012886221495214333
-0.1220367149970515,0.015121707238452162,-0.0013081183115416653
-0.022486093843773584,0.029928928423464528,-0.042987839848354394
0.02897582902055757,-0.06554198192380906,-0.05461143439543751
-0.001154150007823311,0.09765948464180559,0.017512284087915334
0.011306253545252446,-0.008615385690771037,-0.05292763844413101
-0.034284226773209366,2.1015476699234002e-05,0.03183780813716302
0.07329360527216665,-0.031003223167289852,0.002330247342139112
-0.011086482519817276,-0.0165956636118402,0.013743262982310418
0.02545780503674313,-0.05132428659771126,-0.024887578809127335
0.029402248600134774,0.01645807458285966,-0.03642925417787557
-0.0001543918259575422,0.128626490138754,0.030709720066609433
0.011401714507198481,-0.06699714521562054,-0.027861094218396252
-0.00774501698889953,0.07864830592916816,-0.002781495662489029
-0.010059898152392057,0.06139968028477961,-0.012332658169183525
0.040958800642047294,-0.0032992661621181665,-0.057103103134222136
0.0058461103400146925,-0.04847198262994834,-0.11125939084398984
-0.04653326723470197,-0.01351073015354786,0.021793855274262683
0.03708704621828446,-0.06974358532362923,-0.03607386148323682
0.09735348398036103,0.03709727311263038,-0.04906971350512745
-0.021448098868469438,-0.040232823934555725,0.02949555835467272
0.07394810015222662,-0.008112077405441438,-0.010961776901786827
-0.04162519586301913,-0.09496140988164593,0.04292968859582178
-0.045772547894420784,0.07383981545349932,-0.025298798315513512
-0.030631333052723374,0.05189576712760089,0.034894420062753936
-0.015026842354242394,-0.0439893615418269,-0.05404446971256537
0.08623626933574531,-0.07313360899282113,0.040614941970332455
0.003425179801789288,-0.08631597493330902,0.027085070084299622
0.006448755539429023,-0.05535081410193518,0.09318075286589979
-0.0026255257575016344,0.04409967638200385,-0.011050444208681736
0.012703383908786678,-0.08640473200789357,-0.05481783196999919
0.02922574401730946,0.04443555251296408,-0.03531453363931392
0.01609063367211221,0.049664135111385066,0.07441108104145322
0.06154913864222652,0.05980340407513165,-6.149997173119054e-05
0.07869314175570327,0.006901856504975649,-0.04077203972524319
0.000821751046234233,-0.055982416577622866,-0.018516772917378493
0.027945742024698503,-0.011097742031034367,-0.09420314473318828
-0.04342564492629283,0.058624925936624724,-0.03486440046897673
0.012008840416860574,-0.016734405660243465,-0.021470594779796175
-0.03720634562483463,-0.07217320084364376,-0.06924802421416204
-0.0021486414306854176,-0.03204752178786869,-0.04394567205478263
0.028879368013524767,-0.06448880132833022,0.07388778794920813
0.029301351464533137,0.03717803755702365,0.03166642251288732
0.07864138348012162,0.06106383828211919,0.00831750926521689
0.015402252295262205,-0.037263252551808616,-0.08049926803288347
0.028222680231445703,0.036744290201812975,-0.04868343627403589
-0.030798579834076273,-0.0010273650535768761,0.0126993892712353
0.06358451734987126,-0.05046163287316431,0.03521557560939668
-0.004176077990986015,0.015190035764309676,0.020973855007778257
-0.06648665031226794,-0.043968594861697144,-0.022876488888574933
0.038729730689830044,0.099451884218104,0.022955524204944865
0.059362157288991,0.035491443348188094,0.05120999761653262
0.03797315566210675,0.1278385272057283,0.06933194012930048
0.017440815330620613,-0.10899006808915342,0.030465953162662734
0.04984097889204352,-0.029597079629588588,0.06483340308733276
-0.017323489964835743,0.052510655900201014,0.030361020853170034
-0.01611063895830938,-0.11067257831990196,0.0009019923594854535
0.046903243057607916,-0.008010031431406418,-0.05486121039205229
-0.019357097907917332,-0.03850870363877664,0.00710798764448161
0.07633880352450724,0.09442489810850138,-0.013394790184798822
0.053027027303545436,0.016980612973517883,0.018320606618925248
-0.019822297328420006,0.0926707854976649,-0.06591247197358184
-0.0007084511921241227,0.010441558402952236,0.12173326435041099
-0.08402617552429552,0.026642872158830648,-0.06129870352564913
0.013719530365171909,0.007615152541572261,0.009533996478756262
-0.03319184638089433,0.08830584991793257,0.002562556457912075
0.045821989700652606,-0.05495569095927184,0.04797113660582192
0.10035516421717335,0.08457359959267392,-0.00795457031730279
-0.03537477088751437,-0.011788103141325914,0.009685228402733932
0.009422335774852368,0.023924297578779324,-0.016641889383124345
-0.03332227310019571,-0.05414696802906595,0.005701730543753072
0.07978826396395962,-0.03713817609735291,-0.03930163017258255
0.10551246278470577,-0.004493619153621262,0.022674243119826402
0.05592225306568989,-0.05920330793939435,-0.017641557125297927
-0.034429408735218395,-0.014385639514874723,0.015886542371709163
0.023944724625119946,-0.042149010961097,0.02309055407887544
0.0700574754569255,0.11614942768776658,0.031429661537072814
-0.03505268887358412,0.017059873889941055,0.046373457999078424
0.09272171814568188,0.07820227404668792,0.046724750350545394
0.04389683559227231,0.0037226473873716304,0.03432450652209865
0.03813933925325573,-0.011996868991218098,0.057628461133888906
0.05957517639480087,0.007846603034006432,-0.030060026449081498
0.047475901424973044,0.0332439955931155,-0.027832353745559053
0.07157742869096627,0.041727056041092316,0.06371111841723019
-0.02756407283249352,0.03949401019300529,-0.02211134599962565
-0.002872397480388691,0.02431653272761953,-0.07410150303498178
-0.004775229405834943,-0.023092973889606155,0.08095461896613076
0.07847782992561932,-0.04055818286280054,0.024359819423156834
0.007361742717098727,0.03514804776843894,0.06639984999783563
0.0759295161421114,-0.01898362729685779,0.16902877288528495
0.04251504051803355,-0.06225512291812503,0.04499994462254707
0.0649566029479613,0.03178453844215061,-0.05212217461654775
0.04056048370443896,0.023457493456161996,0.07358273984832844
-0.009844288854992701,0.018838110420705594,-0.06900405066469628
0.008930207501236678,0.048176129079508856,0.022919841587676036
-0.02254968509811508,0.0009654010582545343,-0.03422647793527012
0.020667401222101374,0.01807146330756993,0.10016983337379037
-0.06970771657323395,-0.06357495405466536,0.01886100213653428
0.09410170604755765,-0.027594920942796277,-0.011195835813296365
0.11627495891111622,0.04050822741529484,0.06359091047975585
-0.02084677957606803,0.06714671344421386,-0.07400689284424436
0.009801704804870894,0.06832609603407841,0.027511691505525897
0.10463261175053633,0.003095317027755815,-0.033028413283236135
0.10252145489002229,0.015106207941177665,0.08357908590099088
0.023736395709664685,0.056335309081604557,0.020848103011683966
-0.026732156137345378,0.038018276812320756,0.07162228870824752
0.006854039420697533,-0.030529411695477324,-0.08906034396825964
-0.0407413912743195,-0.014042394398397717,0.07206068008818352
0.050629076207958756,0.006205902979663594,0.07386635661025946
0.004107419787968924,0.015115298331180265,-0.03731003612950446
-0.0009227941756420367,0.06024773940695667,-0.0018323186002008364
-0.0036711999420050052,0.0963175145649928,-0.014205993809302736
-0.015333310997375636,-0.016919488464316713,-0.060534898342013685
-0.021022253994793575,0.053489840955357165,0.020761966524779633
0.043382977307435094,-0.04674583169423457,0.015936919455742795
0.012917212577454467,0.03706217067532615,0.0033640826129198893
0.015768143688544962,0.07181473263910972,-0.09540029158756219
0.041103409443950086,0.07795844973542607,0.00012508384983081836
0.0291438518841029,0.019427598835212938,0.0912063796372535
-0.08272686780374937,0.011000165962498061,0.10622602465702595
-0.01884645409830987,0.034048793002076166,0.02543123127455604
0.009115472125101786,0.008553111414851822,-0.01873036890849024
0.011442479773739585,-0.0066030690065206,0.07586713957809507
0.03570399857863978,0.0377349363320585,-0.0333973065148645
-0.011309032845069927,0.0682109428827056,0.0826126094926275
-0.019539902159058452,-0.003894487245223864,0.00835673045441853
-0.008030837279729742,0.035828492302270476,0.03318045191051276
-0.0442471808273697,0.02185532091388871,0.016512620567143036
0.09652034342252264,0.08857062598698591,-0.0327298987863755
-0.013017818200254008,-0.041821564233684945,0.03074773999810264
-0.061135891682763135,0.016136371938358804,0.11950196080416306
0.049198978119349965,0.004806775925230093,0.09028252779461785
0.00846326672482163,-0.04600090410256729,0.004532554893050765
0.032444911400628024,0.08490746169263635,0.0611590406495006
0.05531511067016989,0.08513828522582828,0.06027836430023601
-0.1061268119811886,-0.01948482630721367,0.03764943010943253
0.055250279623928575,0.06557546406614637,-0.015610957015497848
0.04604287269500773,0.0105753514071966,-0.03398183448287015
0.11609690621543162,0.017142803056658634,0.02761235228340732
-0.05432647082610185,-0.07389117426691322,0.037038140639169395
-0.03905376619789494,0.12363711784852147,0.0037481644452433786
0.029833674188533416,-0.02204874268448591,0.021794424456868633
0.07863955279329114,0.0011106796249547753,0.0724961184525606
-0.09158655220128127,0.05249495125810963,0.0005132328958905759
-0.006329216032324357,-0.005191599835236562,0.0037849755815044274
-0.06828992657545309,-0.0192045701551403,0.026957604514940992
0.1385637715475099,0.0018427899177534193,-0.07376116679652449
-0.0012138447010591469,-0.032022869920291006,-0.04245583147047162
0.09709750729348865,0.03936999067220004,0.0008800810796219978
0.023753238620207864,0.08053239847846186,-0.028068404283260295
0.03281776188740776,0.018522629817207134,0.05906332604707097
0.02819561292806052,0.07892079182588065,0.0258646256204634
-0.002895836372332341,0.07526166614277488,-0.03830664792657017
-0.04561692521403958,0.009949626931318428,0.04452051176031313
0.048213696165360476,0.02881557395839194,0.04659188148614429
-0.012617899845746832,0.00032553494115474327,-0.016494609498702534
0.05267872249184351,0.06202744280248471,-0.007672949861785093
0.02928839858843624,-0.09268353575247056,0.057375370771007184
0.048092598817840955,0.06210497645589032,0.007539539889418882
0.007300289744117852,0.05892340833658382,0.059800977696450285
0.08413100571783051,0.07677894884738926,0.05523541462228537
0.04065919979579774,-0.01829944627194162,-0.022644610965282204
0.1809145255238129,0.07802180073877457,-0.025543370448716296
0.00376635577199581,0.051920322464773974,-0.026829058707941462
0.012093316910061679,0.0714833352335775,0.007743886878979226
0.056949051411203405,-0.017160878571467694,0.008857293612882003
0.005921135852026905,-0.11197167406881361,0.01666312815485462
0.06395196982782411,-0.043006877187478317,0.06151701677064678
-0.012192070320595844,0.025591143381778023,-0.01727052084050282
0.07418445014305387,0.008280766246820635,0.030077475051814344
0.059523729449243085,-0.03793483027898015,0.025586002829471568
0.0713356143918713,-0.043181249442788054,0.061973374700828386
-0.09294005464352129,0.012142788454261153,-0.031841755325849874
0.021925541121337645,-0.005925302121843858,0.03265867218893147
0.005480302354911273,-0.06451496869932456,0.1288160576368693
0.05423683097079554,-0.08807941500804535,0.03433776922514239
0.020182768337899767,0.08805006885757027,0.06793346183961474
0.02996024430905206,0.054128412182245754,0.014115510642706173
0.06778016116039408,0.055908432640707814,-0.03522919270180341
-0.05333003607288525,0.053752990978141076,-0.0344951143189535
0.010514057234306564,-0.03908784008152038,0.02527432831365095
0.05417868927614872,0.04338920274803652,0.022589776082139655
0.01921272180055957,-0.012655564570257504,0.04924759472539145
0.05305819528261355,-0.03014586804137564,0.02923205208389556
-0.007554199896844466,-0.011649767384191335,-0.12064972849937562
0.0436544923248559,0.03239565841753885,0.09449583041764378
0.06674956291636787,0.015444011964512982,-0.013517182685727663
-0.06480878083235557,-0.04983352922451288,0.08619858693580557
0.13023294284027268,0.06365202760760014,0.04008162166830111
-0.02819145363895528,0.07219939608741921,-0.019883961092627505
0.10966208955354402,0.004843446976612038,0.03944856778383358
0.012507496308986633,0.03276364656648709,-0.0699397141165697
-0.04314354709931168,-0.016479889936616005,-0.007662222240281067
0.012798827107176811,0.011080815992881894,0.022977584210553587
0.060107439386613795,-0.005287629085372383,-0.011586257994722076
0.09403214558215457,-0.08608094910969062,-0.04192282210468916
0.002907257500862643,0.031268753021009864,-0.1365029641198461
-0.0383648383808577,0.04315523706285817,-0.10939495918876732
-0.061025264046001206,0.10342859956470904,0.016447643562932237
0.040533539580480865,-0.03013547814908435,-0.03981311125012549
0.0183370967463019,0.031426440637930105,0.0360260232213661
0.02480739754379265,-0.014038859260503639,0.04681567621094695
0.01601117586745472,0.014158117973135279,-0.02913137107903391
-0.0006748419223139429,-0.013718768664677158,-0.08001872357730894
-0.027561640365635538,-0.0794974879273114,0.021307858969718648
-0.042374514835833856,-0.04614091911249788,0.008592685031893652
0.0672082817823068,-0.04854975652784806,-0.045827771100842817
0.07786475000824358,-0.007153575592093852,-0.036370041675007
0.0687922287503922,0.00032924795246524075,0.04387941346459476
0.004871742143708289,0.016047094838319235,-0.005785279605628728
0.07427202322189078,-0.07761945950042744,0.04027245271381034
0.019745433640109035,0.05855120896193197,0.037667968931503565
0.014581335530059757,0.021675905793178477,0.001485031559228943
-0.00032163093154222427,0.045639626106330995,0.06320093482985689
-0.10953537557942115,-0.05926165083989051,0.07631738315154742
0.03478848581904672,-0.0583667068549957,0.08063487116747485
-0.05392205964709417,0.09109848998026716,0.0429337653356334
0.01902759626724565,0.020842837376713608,0.01287796320775315
-0.034420535631975765,0.07480369393846051,-0.009703645691824858
0.037533916495355334,0.01476519859408019,0.016253802381362016
-0.054281140152701274,-0.04573496618000983,-0.00241830967217991
-0.06106064488727534,0.07550159841982464,0.04721057223035486
0.019737693042227864,0.006363889026469088,-0.062341697856796593
0.021544969020990085,1.280649593700129e-05,-0.025629952835490837
0.039721915142611204,0.05285998660130522,0.043576714444302674
0.029268208859880688,0.004129130273437535,-0.06309765191316316
0.0834495300509169,-0.006344487766454978,0.05472046692962987
0.11596360971833473,-0.04923767871836475,0.03593920470045912
-0.08454777320915247,-0.00926777147427455,0.010803758879180623
0.03958148478288637,-0.007655582391834383,-0.0673613464574982
0.007255489635083838,0.08333243680247797,0.009811421704471263
0.13948771420300837,0.05698732510300903,-0.12540775887587896
-0.045606426919908946,0.01291714433104002,-0.010207555161964478
-0.024218420735245254,0.0278342347081041,-0.01149285283222759
-0.011095898958221107,-0.08829511549406852,0.002995999969119955
0.07534503052058403,-0.036347037451108274,-0.031028550836995263
0.05580533740932042,0.038930444135700126,0.025715857646610295
0.10441608581026009,0.11350466539540201,0.02305038997944126
-0.04128152246949166,-0.0009802153094334248,-0.06873524139225962
0.048479140999334334,0.006509039630279108,-0.05647153356459908
-0.03594302546604952,-0.044801965088295925,-0.054280511104409096
-0.04854006361035455,0.05706514702379715,0.00514568177130645
0.02404389579700133,0.06924009021154448,-0.006728125366978383
0.004228073148375884,0.014067247499216073,-0.06353587137644377
0.009927797002197633,-0.0002020269260701764,0.0697528477330154
-0.04165346483305936,-0.06142906608062457,0.05706597959472692
-0.05053378419399342,-0.05653821321652604,-0.04807077123458216
-0.017160809167900852,-0.02178312056657251,-0.03753776238020427
0.07106962702725235,-0.0010095052286694306,-0.013715165292028137
0.029870929213998414,0.025802193082426324,-0.003202728693377865
-0.0075096714170108025,-0.07035716261616648,0.07085465590794376
-0.1156426170616952,-0.0037358557888857733,-0.05556546645675862
-0.021387552511891943,-0.034449954630081873,-0.011730460075080527
0.02541212862255841,0.018185337946111105,-0.05268781128228656
-0.04905324295317027,0.015740457820416547,-0.0004717814116013304
0.03852351860905737,0.04342212261136816,-0.027839894385023572
0.006066490462466639,-0.02013723123439121,-0.09192857607401582
-0.001721978938346803,-0.04766259936747353,0.016698972316048027
-0.03379224158738084,-0.016085443854153732,0.011237069132238525
-0.04412416150054234,-0.05746914238607773,0.03251304266679783
-0.1031275293108632,0.0033718449016178383,-0.027349133352149852
-0.08300618288568806,0.002898166457522106,0.08840387813554731
-0.011009360197015716,0.004746529935635631,0.02628250581762621
0.07241291295391485,-0.1463774077134493,-0.0029825390161125126
0.054293096923826265,-0.022536104776256772,-0.021209896261888454
-0.01368189605864836,-0.0338466040750623,0.01914302005656233
0.004122816613255623,-0.17013108076343855,-0.0782484079221978
0.030728367990007457,0.016529325673142574,-0.05614165270132974
0.004141337159652099,0.010146761693118789,0.022531650781976685
-0.03828667562018311,0.02194885790309678,0.017517157172124577
-0.0917029706417792,-0.013041220604662607,0.023217660805277558
0.05324920655043899,-0.025169293910432093,-0.05002807192858885
0.0090880346001439,-0.058062985737364396,0.028707127555667816
-0.031041135863093913,-0.044776829262965216,-0.08396754236434498
-0.03965936804267964,-0.028581346146182664,0.08216077629402413
-0.052023724880965364,0.04420662090662669,-0.012301612019233321
0.006702195804834813,-0.01446647338154635,-0.06953590865320684
0.06463071985696858,0.03363958390995051,-0.09898978169332173
-0.0502664914197584,0.03593552352619282,-0.04028389710093737
-0.0002613843128152424,0.0487985556712622,-0.05627855141536946
-0.00011244599929022617,-0.035880821647999696,0.012044241074079951
-0.13075018635277189,0.057030385262232974,0.0010884724887343811
0.010974276805709077,-0.050352427419332185,-0.10909537994228953
-0.03324678591321131,-0.03478388042773174,0.03405108910699977
-0.09922117864535603,-0.07674118434848673,-0.05428660798362349
-0.043762368801773935,-0.14376135550257899,-0.026571277881264094
-0.012823581291694686,0.005564133173087555,-0.02087226657973089
-0.03512218646109511,-0.023732448001276364,-0.02932680468102615
0.0018461810737528603,-0.05898564471235143,-0.06357020543277503
0.010791767666609914,-0.07474859409653983,0.059116153584256544
0.06309539090609027,0.049965507100527703,-0.03699867409094157
0.07838887038864778,-0.01278395546104033,-0.07488190314824955
0.07364580882836357,0.017955629306124758,-0.042411807380978175
0.007163714825896245,-0.09033603587111348,-0.045990679379897606
0.07237127370729647,-0.02140765629744837,-0.03721413740895105
-0.08812742721386928,-0.07543074738719788,-0.04210035010687202
0.03523203483510426,-0.04530044741933884,0.006149935489547214
-0.024360051701747366,-0.04112809904235154,0.028753298532541226
-0.026755797976481338,-0.05879465583298958,-0.030937008170905347
-0.036218244387245545,0.007905107930202767,0.008507013348937855
-0.02226500557351475,0.006202267859896849,0.012303802746237744
0.04492207022336096,-0.0425994848398447,-0.022732645393645112
-0.06267026120871956,-0.0033775247382977942,-0.003991390527995393
0.012629594545230279,-0.0512646186154454,-0.05847053762004521
0.010230115629657643,0.0755619792132394,0.017496455016337863
-0.12164834377072721,0.019134024391366293,-0.05103516761630268
-0.09319860742278355,-0.22817575297397488,-0.03316071805156662
-0.05468518398010082,0.0068789524216404975,-0.002197501999848514
-0.08603180771378907,-0.08742549471859751,-0.01764595220274505
0.043121724373415216,0.04293166789529544,0.043620644094705646
0.04471480503176749,-0.05194169278672245,0.0330612357464391
0.05465320909183291,-0.037333389779544625,-0.06768566889390465
0.027606811060557745,-0.009998849505079553,-0.02440548967188539
-0.050860475193814376,-0.05180847545090144,-0.007358515358885903
-0.060345775758741865,-0.01921005010348672,-0.021576036403770506
0.02622802585904739,-0.00822375208432049,0.03862366721353865
0.0009507214671221308,-0.07356687059047841,-0.020322608745479195
-0.05191201449381279,-0.09594341506773957,-0.013370516006555528
-0.10476863712717574,-0.04954360146020409,0.012865125208196888
-0.07199760837976157,-0.09089788729587597,-0.03939085120955692
0.010859566029537887,-0.05820407720243811,0.05407611353039954
-0.09520581109756665,0.04904966365391269,-0.07359179548151792
-0.011236493850566995,-0.04821020083599532,-0.033075056119905674
-0.07467834910471438,-0.05434731486001941,-0.0431183736684238
-0.06363574965964872,-0.015870057175364802,0.07884595158379185
-0.0017952042638590335,-0.013609526136235065,-0.014196941732022782
-0.10453496469405585,0.04308907033718858,-0.10873403808992049
-0.09448627855596949,-0.019714337618459987,-0.11267731857864871
-0.011098177993379442,0.03295000997253458,-0.009366216313538147
0.007809597074520766,-0.00788276782048416,0.036061373236021994
0.06086063422444128,-0.03348655643852146,-0.04013654750870102
0.019373767227262535,-0.00826797172126346,-0.05441540134063462
0.038013815357928915,0.002185275439202914,0.03746917993316626
-0.010947345832389167,-0.07676084843076186,-0.02578068767682635
-0.02234403848939441,0.018109593409490407,0.05727911262514816
0.0205455195393971,-0.06400745928880866,-0.014735698077206044
0.029153703494500104,-0.01962076539961191,0.00831101043318581
-0.096502678771418,0.04816452104372548,-0.0009570292547748313
0.014480081991053679,-0.029014972342028253,0.005691773474736105
-0.011800390945138947,-0.006902508842992247,-0.04911875568738861
-0.005661467825179197,0.040588798418081294,0.009137463375162382
-0.04394516395311418,-0.00309913418585199,0.003102791703958458
-0.00947894021223119,0.026786188844496954,-0.010375085325430399
-0.01842423295630724,-0.022178232052186934,-0.01719269296759951
-0.0749799935198381,0.058925597009894026,0.07118814402808478
-0.05803697501887026,0.034682268192414475,-0.05527342843836576
0.0053012647444556395,0.002206931264103266,0.0017492032961397112
0.012063354331477604,0.019079255261672073,-0.020867618656404963
0.014902980024476348,0.044802114623329115,-0.008086798986220577
0.030473900367136427,-0.05728573961311524,0.01809732927719288
-0.1270300786245158,0.019018849435065297,-0.04446874416105259
-0.007220009887863282,0.022749058606928392,-0.04620635666614795
0.022032193848336355,-0.043839207290285676,0.07098524609786207
0.022498946582315008,-0.02583646558087612,-0.11688901356957931
0.009125948534531539,-0.03205023938502028,-0.019339154821487403
0.11117549112693037,-0.05301395456214625,-0.05559402740282007
-0.011848905445143084,0.008242453877478788,-0.06160841308648815
-0.012122727431381913,-0.012094004721411394,0.027127061343892023
-0.09420856449739344,-0.027957738559945697,-0.07133766197372181
-0.023289843946584225,-0.005528707894182201,-0.030006861842838024
0.09865477903452616,0.015002211031238583,-0.07896657435488742
-0.0475402662716288,-0.11158282874284772,-0.09280791807476065
-0.011698690297839369,0.022191941558980244,-0.05288475720670872
0.0010538022165971946,0.016702300078849333,-0.07416351863311843
-0.05973664465021986,-0.08679529818491405,-0.00966116356039276
0.0048885206468319495,0.07703982837355962,-0.05556522704972905
-0.05193556665328741,-0.02144576928838633,0.01492312645269343
-0.04400940574512509,0.029146014227483395,-0.026814026796098223
-0.028478775369225967,0.00590070686376757,-0.03354215433126849
-0.04923407475023224,-0.003744881587625669,0.0029122741550993182
-0.06588088781707158,0.0625172144954346,0.03877870319026894
0.030497210812623687,-0.08364528472051178,-0.07307299862137924
0.0411029495431144,-0.009458435916046462,-0.060427772065205734
0.10502300156493838,-0.024028246009962482,-0.059249599007910776
-0.02384769804226818,0.07748641011999115,-0.018198519892958405
-0.042407796093268925,-0.10076771199121755,0.02212926561021681
-0.06259574700987752,0.02395514000775299,0.00898244299686812
-0.025206865462944164,0.04941311048956252,-0.04518074830298135
-0.05799104079969223,-0.015161723779089635,0.011835349263319134
0.0026677750889445868,-0.04659246314682949,0.0007723325876424162
-0.05800940308338202,-0.04954655798303085,-0.09181190180058603
0.056430641566085224,0.015942846834703716,-0.002007264548237157
0.03805387567793877,-0.05984171856143136,0.09220969247002408
-0.09268971590718135,-0.029305934349870166,0.059072532290433355
0.006265896005714507,-0.013399450935407307,-0.017445536523254104
-0.02743136443404048,-0.10317482915425523,-0.05213167287025226
0.009918586179190749,-0.044760207849145764,0.041374110340120396
0.09048375838484106,-0.05970755167101615,0.0030014840498161915
0.043989023021958826,0.02463973239485239,-0.03360817706936347
0.023514758763908388,0.06392678780599681,-0.08950488652119101
-0.035736946313855794,-0.1209870818630946,0.06664008669148962
-0.03659134174273075,-0.012213046444806837,0.0035860854904617937
-0.07144299363250615,0.027269516277659122,0.048457129731999254
-0.09714397755330449,-0.016691725634000693,0.024925826175116718
-0.003170823523905684,-0.04681565013623459,0.02480697917893103
-0.07439292602556352,0.0002738413105169337,-0.010912504138235593
-0.009280366430676803,-0.014032159930144037,0.020472042445958242
-0.07512582825939843,-0.018943847498867773,0.05589734057748097
-0.04751341423773564,0.03861738943659618,-0.028515694823214227
-0.00981674937888289,-0.03215439399991353,0.03139489731009701
-0.004413319216188997,0.02610611515641948,-0.0034735490766176604
0.04630238505518929,0.05636904623018695,-0.1016453936043274
-0.026268345441970452,0.0037599685194795243,-0.004663172035168289
0.06842621431136503,-0.08444218027103303,-0.04559204775506745
-0.0541063111425173,-0.002526233081626865,-0.07062314207103801
0.0037161321911232705,0.025645365409321674,-0.004505196436174126
-0.04493254440166022,0.03181467322242979,-0.047770620604356454
-0.08394215970993711,-0.04741831096172968,0.03639401014331438
-0.008171683907670152,-0.0831409052842857,0.06052462940066362
-0.0036675813023834144,0.01705808976391496,-0.07976838663527624
-0.026442258260158637,0.028745236352497393,-0.02118147750898689
0.030242860445846696,-0.01461715825659586,-0.008447399485228664
0.07493726468144433,0.08281020322128384,0.03166429924246171
-0.11919580375301747,0.05875200063554448,0.0048449847817102
-0.052692594046777216,0.043123497085125466,0.0006038447740799244
-0.03169515033538264,0.001745819307148306,-0.07691082378085162
-0.06865666405233352,0.03282617137843897,-0.026983968266328175
0.0778360609217761,0.03215481006752925,0.06909072650922894
-0.02806786556336234,-0.06166985350811754,0.0017191777867069224
0.003089201447280908,-0.03377004106899919,-0.004867130621981923
0.07014374495932078,-0.02402391954500766,-0.03575188305781338
-0.02589257445818399,0.03643672416755735,-0.042564270005317616
0.013881867495699883,-0.048864976605222495,0.048545437826868904
-0.0031645500096212256,0.07683477557658341,-0.006806667650422735
-0.05597315983251708,-0.06183441526724922,0.0504313370762717
0.04573020168643403,-0.03770393869349536,-0.06819297502778848
0.0513294037005212,0.020444967091480172,-0.024753754224079376
-0.05931072653717504,-0.01896153847879255,-0.021317529331831866
-0.05997175186544322,-0.06143104423511695,0.03932921252404089
0.027459999544103872,0.025008746294183884,-0.012009568042858836
-0.08026975421365766,-0.07351345586003577,0.0022892639121417967
-0.014657301266779376,0.054241936754224444,0.003596648231080101
0.0016952603139883332,0.020834036600933838,0.05213165324340941
-0.054327814551389596,0.010821321661273408,-0.03512720242112864
0.038175089688672205,0.07100340309987477,0.02494706283314551
-0.039323998537762896,-0.0273712469415554,-0.040691170153069556
0.0007233842772287782,0.10812312566365452,0.06829435629953051
0.045989981137535496,-0.04571435464795182,0.0656420974314121
0.01633023099150433,-0.02944126854255627,-0.04685264051688177
0.07005776435934649,-0.05880700072778434,0.06468937359376029
0.0850285052759731,0.017280576575246415,-0.025337455583868507
0.036988391715826095,0.0564019868942299,-0.1258342963138641
-0.002026936176928409,-0.027080197090693182,0.009659849749120718
-0.001804022375559041,-0.030332242890658688,0.016557710141182493
-0.010839183861528582,-0.04417362401354778,0.1036588214828902
0.03562954646508452,0.0327003107028652,0.02804658232155316
0.029189245151659653,-0.046939935845888014,0.040802769526178076
-0.018227294192466888,-0.026444215845048188,0.10721927780076777
0.07015118095722792,-0.013591063624101956,-0.0698785556435608
-0.023825729905781055,-0.03308819859718285,-0.03648248830920762
-0.07540894862859208,0.019885436245076913,-0.031197064084177484
0.002890749042243238,-0.01925242629566855,-0.026768045018021974
-0.044171906540617915,0.04166980152986876,-0.003868635485369743
-0.11671708860079684,0.030502653700602837,0.03879778135201848
0.01934977866447618,0.029164903543454322,-0.04903780601836511
-0.01955048075019377,-0.047919426599536685,-0.04089824162180325
0.04244982170771762,-0.0849417953015777,0.02527897878107949
0.0023005625425315127,0.07445259696756619,-0.0041480204256807655
0.02670292877329116,0.03592769419002044,-0.0067575978076870775
0.03464226197507964,-0.018553824118347897,-0.04789881406059045
0.020529918229204122,-0.04628976929160543,0.043700271755907336
0.01823772324290753,0.022661863038364437,-0.06237297805483845
0.024980301111654314,-0.03773363047007387,0.012566592996415112
-0.036470359261586385,0.04849248465291563,-0.02309736809403341
0.04631775461702066,-0.03819861985785793,-0.028828670332188108
-0.06007963311235085,1.0730183964332077e-05,0.0586462267326339
0.049382257653349707,0.014308587706334376,-0.08293363608779114
0.02698175036846811,0.03812462360644147,-0.08759562773244889
0.014628498613745489,0.05502655573773031,0.060863298184401234
0.018905349340097542,-0.04954885653065586,0.0015277177933474793
-0.04919070721639508,-0.030923219370201118,-0.02174316654383975
0.0031437274507755634,-0.0062470950128786385,-0.06982048802951067
-0.01369535307237579,-0.010032700281881891,0.02087762610770453
-0.028946251508635255,0.04372774247850649,-0.010724190407539854
-0.010195672100453634,7.856923789382325e-06,-0.01606175974066123
-0.06471085202585719,0.009272834772753417,-0.023513493879189405
-0.001315552588818672,0.06333050148243635,0.09705259137337921
-0.018590600471627965,0.011943513853546174,0.05660010987634351
0.096285131729509,0.04620456034642717,0.009944582371953904
-0.0020499033826974628,0.003804101348946872,0.06468164079328041
0.021592335943453014,0.038755762163406836,0.10192851386602671
-0.02593617336949236,0.03138166419088446,0.02927777146225788
-0.08753301947021254,0.005316093372925294,2.3755854240938706e-05
0.0757007497377951,0.053099360794111525,-0.035669146715718886
-0.04755075590403555,0.08486833104877936,-0.11001049654878794
0.036026821126041685,0.0418771829407899,0.05233479147648808
0.07996619124495752,0.0039034920028760307,0.02908529627745398
0.1365076351271402,0.010350059482487347,-0.11997984468278756
0.043943094543482775,0.04581992541562403,0.03729414801509279
-0.014205770334309361,0.0682229980706924,0.037139508857970654
-0.047828363055340016,-0.009290007570911116,0.060346926519933675
-0.005375215171830934,0.0966510352141075,0.08438631881190611
0.045542407043002706,0.02814500441531756,0.0409475932173701
0.052860829455941054,0.02455201476047276,0.0037626433219398025
0.061502625285914325,-0.019558066752519806,0.07732351220229278
-0.03265317432529847,-0.016385571313195714,-0.031009405568849256
0.12398933488388539,0.05251339634016873,0.12615544937986622
0.04834056207335434,-0.04988209195981946,0.02702217276560221
0.060158222235033816,-0.002136285707780426,0.05952731160931521
0.012672548329104779,-0.010878411654803806,0.051963567523688886
0.09603049704592548,-0.04970679226563408,-0.007423557727662018
0.021174936857895423,0.09790796946578903,0.012517040984428431
-0.007563166757193984,0.09341812151307967,0.13852524061789656
0.11143129883424563,0.007737995469829213,-0.06796565851755387
0.016279303283310766,0.07012300620735765,-0.00266948266908984
-0.0643463210979696,-0.018149376810842485,0.04014415558710853
0.07228208082439329,0.09148387149792639,0.035925927174300626
0.09322705873751706,0.01730163907387836,0.0035665454203885495
-0.014306693308036297,-0.008613149009785624,0.07950057182716941
-0.01396689776628621,0.1246795455119335,-0.013408665567387571
-0.020268123671005164,0.008389637408491276,-0.009788763628221928
0.03317112741580516,0.04261322977066649,0.03307515781102765
-0.001106272793993876,0.08020607984716169,-0.05802196836168119
-0.0050037650032902885,0.0868164602970313,0.022666323103142625
-0.033317909974851664,0.06429818964363353,-0.04353185252557071
0.013526911637150224,0.020581495618790246,0.05961387725039093
0.1479598070021064,0.056439407731697956,0.041366199222498165
-0.0032035934434965947,0.08543545515879922,-0.030721041495727977
0.06540383119055677,0.006449510677160068,0.08427521119259893
-0.028522646530854758,0.03952893640089744,0.04491387795702144
0.030799933619230748,0.03459418942114925,-0.034350853785374405
-0.01351932323032472,-0.022566411452234116,0.01555234250471172
0.009144404442295175,-0.11113420905992684,0.047281825323230844
0.08706785870220507,0.0375247947637723,0.007695132840561839
0.07892536242239856,-0.005787184728868459,-0.0267764580837216
-0.034772353772542536,-0.0008607787536684397,0.029244776827123207
0.0646443858545393,-0.011162046101967943,0.0879694801300957
0.08937386773334464,0.01233093942905509,0.018201177453160633
0.05296071064583155,0.017225267009506995,0.0016834335648811712
-0.04028907204263149,0.11610372101749311,0.01637687311984003
-0.033645437025047395,0.0905796591780954,-0.001205249013354566
0.0538466238349395,0.09776558628840762,0.08612583374194194
0.04358919241170063,0.019737094391091167,0.11232556914686122
0.10979229942122466,0.02409383435417034,0.028974768165077804
0.03866714097753184,0.04487131488501757,0.004314032260636199
0.026747578656079893,0.04958906909453216,-0.03509373640674732
0.03152778340488448,-0.013433196225996782,-0.02182578030082685
-0.024211667339521677,0.06424370960844268,0.07192896558368968
-0.05525962997766969,0.03438021080619822,0.12297724087848197
0.007073662777761294,0.03316912786926339,0.07178646931100385
0.03911589533373239,-0.02222390180314047,-0.03700199414197981
0.016360183312141573,0.028882284726728415,0.025479810292201505
0.039473319758855395,0.09357306203205706,0.03281409639452614
0.10291933187447305,0.019815106662980045,-0.006525780615924983
0.03801910189452998,0.01997085064332381,-0.04515664912234754
0.007208777967728204,0.023065011431436952,-0.09706682737876181
0.09217459327594263,-0.06480234716956393,-0.007142206370209427
0.007628265858864761,-0.09826681306797827,0.08574248881648155
0.02250131078184803,0.12017275390842717,0.09952460284730207
0.10869032028823139,-0.0397278538943472,0.0684128693671379
0.0649228500991497,0.055854659437601456,-0.032813992095826396
0.06779852737467953,-0.03556626478858963,0.047789851506656704
0.03610337166124569,0.012430923228546779,-0.043141381957873995
0.02740606728207783,0.05541161711917536,-0.0020320209216673005
-0.004191542588358136,-0.0706849240381219,-0.049321217518911276
-0.020103286423162142,-0.04510502142549514,0.10621132178458922
0.07058983569118987,0.02197955196524253,0.04418353718387767
0.07532619614558472,0.04561138877272307,-0.07587767720673258
0.07528935394978033,0.008763581409227117,-0.008691777058374692
0.04763582469554177,-0.018477574323721477,-0.0012392226406877649
-0.02250200774252491,-0.03746693956281466,0.015059894584319401
-0.09380313375345133,-0.008392957461061733,0.10051454657683562
0.07183583150938795,-0.009706843031120814,0.03868100126410745
-0.04211311679341019,-0.009758047114739786,0.01166881749348914
0.07630619411247527,0.015266949677395421,0.0810339336548801
0.03348527007858342,0.06110327218994959,0.009327750035596594
0.020064585422108233,-0.0928557132285214,0.0320744967328649
0.005486165332401668,0.017704316414203565,-0.020308472593045218
-0.05651332530158347,0.08007806807129296,0.0275888847339467
-0.04855187415142036,-0.026233385122145514,0.016335057809521433
-0.04027747982953059,-0.021869451876021503,-0.0040042953615596726
0.014153485770281986,0.10181382949037085,0.017609069709662858
-0.02629936930444079,0.004689670515014763,0.05863530637868468
0.06033077317226641,0.044341605641048006,0.01791037711055981
-0.01577535022412206,-0.002026022895035019,-0.040671265773421075
-0.09984712154473516,0.02552833387477834,0.015984139177581003
-0.007564567818007541,-0.08392199295664776,-0.0688552141820081
0.024313036243762014,-0.010954385702630161,-0.007567534099691889
-0.005789120949044699,-0.0389339647668983,-0.03698543514283545
-0.016575533044228662,-0.008673114105042044,0.032982220300643586
0.051781103461437245,0.014453846221832057,0.006280950624061445
0.053818299897628236,-0.02901656262578996,-0.00798960596330656
0.03270633349868849,0.008853001714423162,0.04261557338169131
0.0162957413534049,-0.03192348122870645,0.0004086396650682979
-0.00044216438022967423,0.03281120461975265,-0.011068601540529846
0.011889441723709863,0.07072292443354082,-0.013178541926477098
0.0320730629863811,0.02619060880486864,0.024421869896980416
0.02422684009881032,-0.0918788970292106,-0.09127571843852247
0.017534699413891644,0.006626967122349709,0.05871044993148795
0.03613585822818412,-0.04229578412172015,-0.10842075402159297
0.12145134956834475,0.05262661428743474,0.006517208735826429
0.05116473491736024,-0.008380257712231035,0.07081962027654327
-0.04502432978097401,-0.03450582286063353,0.0004624819220723324
0.06797876620867227,-0.03928881935747239,0.03505164506697808
0.009134754727335041,-0.04905044170718965,-0.006825048462190833
0.05171830185156232,-0.04669429665196048,0.05979171075761166
0.03310443487225835,0.059088861617587335,0.07857818255582749
0.022937635250741654,-0.025816280011147164,-0.02654879680298916
0.03888456499695211,-0.0023492873404403775,0.03416789205426897
-0.005421670424919426,0.07239063305605715,0.08001588072438709
-0.0012094864018609621,0.01081643960572779,0.023399976766467163
0.020517838559509623,-0.08799285148114509,0.015850730396984085
-0.006882908177054673,0.014244701821107344,0.03778311172593145
0.03765431614855835,-0.027014048560891814,-0.09136063634470122
0.06242291152520049,-0.02534770764857825,0.012135030094863688
0.06914841365569957,0.031462854564769924,-0.04001456038588992
0.05193236456328906,-0.0003757745930038168,-0.03160935536195487
-0.002640163762809935,0.007636916122024963,-0.0097299109870972
0.018789101355517056,-0.01962360442842893,-0.05763125321413694
-0.013971843126683186,0.022346513569982976,0.011380535642691907
0.012690893029812413,0.07129435121928124,-0.06719124978531278
-0.02646328536170538,-0.013744512338378926,0.0994214864766106
0.0747438480518832,-0.005204252157024077,0.01640951197447311
-0.013120097093840752,0.016585288659169348,-0.011134859777846388
0.11958083290548785,0.08259236969096617,0.07161876311676985
0.027815523620601048,-0.10531811934973956,-0.07546410682120323
-0.02591079384998957,0.002705776810660142,-0.0977546794851823
-0.05232764466590593,-0.07967653418062429,0.016682257998323284
-0.00011265184068914294,0.0016741548439127207,0.015032941583749768
-0.038320390364330464,-0.025788548377779615,-0.09268376912294105
0.022263773075464354,0.1017832181665899,-0.0440152336447145
0.0444513353666645,0.029863537571363848,-0.139769154078961
0.02043729052647712,0.02201363731219707,-0.05022775185789078
0.012516857322176257,-0.0364839777366941,0.04145546405214487
0.06716541841835794,-0.00012414354688631592,-0.007310495280409654
-0.02918198471769449,0.06669917561606722,-0.0707084939025058
0.028030993424806278,0.1125414322221463,-0.03897381296618131
-0.04109059216180201,0.06966754723908246,0.003986378430424021
0.005014478020584239,0.030930166419277632,0.0762053652303412
0.014390080481447827,0.04988161956828999,0.02249265442544484
0.011465825357621997,-0.015224060723808311,0.04796712831996823
-0.043237631092872,0.011615362596561206,0.0077144031504108495
-0.09978907549845058,0.011897052346093359,0.01791611418059884
-0.01503028603703662,-0.013265920276350639,0.0217764783411934
-0.009710511678391565,0.01990509737410974,0.010987718094849074
-0.013653680355223127,0.003534161522922427,-0.02326723807328521
-0.016710630834542432,-0.03731540260827927,-0.04393109910363195
0.08006584125753245,-0.01892386329114227,-0.011882806666536756
0.012379267642216925,-0.06367307664774063,-0.0502371867497694
-0.07817659335200525,-0.028917056768857387,0.0566778982962267
-0.03511513342280491,0.025773427599719262,-0.023439915439134647
0.05001597175918101,-0.11120312778538786,-0.022315840770233696
0.05179955713316884,0.07207614266386665,-0.08340924760605538
0.024974353149489467,-0.054907631366178794,0.016919190982045598
0.0552837088296432,-0.08500887138658586,-0.029339005808757347
0.015291183738971712,0.06522672772820606,-0.006612495914311163
0.028621882175883226,0.005593293916660998,-0.03448038759156649
-0.042387092488811604,0.0343524449495036,0.006384224945977509
-0.09416667929163042,-0.061064824478235066,0.09837206568076468
-0.0050784196789942,0.02465349636764673,-0.05348554837413464
-0.014800353582643849,-0.07227492036982684,-0.003637970077177744
0.01690976572188697,-0.057010853141862966,0.04350429158667383
-0.0361386366887482,0.024504148079972747,-0.03853364455198586
0.022199004916237976,-0.01356189988386177,0.013224315916866007
0.029062561971262824,-0.07279229524444512,0.04637681676643145
0.04074531767303241,-0.03488643634196948,-0.10579957439061262
0.06515550212604691,0.024837340117881933,0.009783542536820995
0.0010631106736865032,-0.020093680784406587,0.0633512844134702
0.005666898305937605,0.03824276059005607,-0.07297457846000512
0.0347027854366852,-0.04049705595155928,-0.03580002926973879
0.05014911869657291,-0.05974179730995429,0.08495092578688918
-0.08055234675843749,-0.045442336006804536,0.059150549646911466
-0.048192904450905745,-0.03027462370187787,0.05951867539967793
0.052895133960071755,0.03431230323864294,-0.04340225259545077
-0.07369978772040872,-0.03641636602522224,-0.033956613367832865
0.061496712670186165,-0.09161428499675295,0.023822412867423877
-0.02471776264173807,0.08013567192282511,-0.0618639940038304
0.03049385820578345,0.03159834909671747,0.05303159089176511
-0.07373647110617845,0.02681683460893371,-0.10956196530204233
0.064109286096376,-0.004911276305096767,-0.09668322190797424
0.054064402557430516,-0.0060729292423198295,-0.03827545258666547
-0.04978188400348755,-0.023837374617396375,-0.03972833270764252
-0.01448150024597431,0.039505448977486396,-0.05262247382427702
0.017316206093128055,-0.047814378548837945,-0.034545342152751755
0.07055222308231614,-0.0513462717316472,-0.039216156061596515
-0.002690209951114875,0.003530730629910748,0.027410932578698997
0.01935084079147445,-0.07223329358887111,0.04039572972308362
0.03993034345340283,-0.027309894895796633,-0.041352027866178746
0.034736015861950145,0.010164195619339542,-0.03579744860130335
-0.11040294352593227,-0.0916556784634121,-0.04227642166371055
-0.004101282027186997,-0.049767146415170285,-0.04350644625002463
0.016340238797283874,-0.021877511860486712,0.04735972587450944
0.015486011763122321,-0.04853183986085458,-0.009623425857792854
0.009301353616721585,0.005079711938925809,0.010410140184966762
-0.055888121038462336,0.04377589213278678,-0.008472357047258381
0.05189414674662757,-0.01705370310600988,0.016466954651225545
0.003887187199338298,-0.025734166411592787,0.027242104295942697
0.056575666351450074,-0.07515792422937162,-0.018791014951175942
0.008374865719361597,-0.025220272645775026,0.12322437634397751
-0.043665674615732,0.0545782640607083,-0.08284927081788404
-0.15083065600850903,0.016831893299116794,0.019608004587413463
-0.0008308444340561945,0.04001100110891094,-0.023661156811311024
-0.017644876035593823,-0.07901176711948196,0.0032820192808510687
0.01459348245648984,-0.0654598907337562,0.018915898789902633
-0.08067095489128423,-0.009392580930151367,-0.028130947516514355
0.013915415676870383,-0.07627162792991733,0.07972655555753214
0.048114365852348726,-0.061165155484866125,0.04163058219457261
-0.02186370640547706,0.03954579884295248,0.009106834846407463
-0.04975167850386779,0.01763748534555075,-0.05365232525602458
0.020070482493824964,-0.009994846308419613,0.00023906870978448666
-0.16892493997634395,-0.06694474183574428,0.005740836487973348
-0.030942285297789477,0.07396908733488412,-0.01662939910499365
0.04551355403779113,-0.032817316878277415,0.02652129002435393
-0.05562658085736841,-0.07116638480768145,0.10422446089654364
-0.02832654086712575,-0.05454444414162659,-0.061124617910930275
0.037431269105637946,-2.8164032945643402e-05,0.053569124503804064
-0.025915647643476168,-0.052404808553162624,0.017581043036499752
-0.06487731154421687,-0.03334752989302349,0.0651893374389822
0.03870254917707609,-0.009440476912210555,-0.03616253814665832
-0.07638677873973714,0.05938552297071209,-0.12562845012726048
-0.03927045826994016,-0.07598387282527523,-0.028934836827235785
0.01499992780806976,0.01092175833946002,0.06495149930220716
0.010419956325042216,-0.09509252080934949,-0.03839311234684838
-0.009942382509159709,-0.13938760442938675,-0.058870811759914654
0.048120905807883,-0.06447346852661465,-0.05898399052808027
-0.03378697992721239,-0.06447924169934428,-0.02976480540453502
-0.02147718757729932,-0.07808522601711043,0.06851749350941058
0.03772832857460614,0.0065196298317140786,0.0009978318575375143
-0.03760785381669092,0.03024192239428371,-0.031478381487702295
-0.046326311295467985,-0.06061235605288669,-0.0646170987902234
-0.06892200238050653,-0.06897787756134527,0.02269038175845188
-0.01824528304873258,0.03672985050395951,0.06721010942580068
-0.007945376712528415,0.026967342537790092,0.008662049445957509
-0.011952094929721093,0.016688542325373503,0.009804002197330304
-0.00744223579641394,-0.054958716291046414,-0.029802340339532954
0.037123427703624465,-0.004014835485016178,-0.05898140532256818
-0.06615507822923435,-0.004181150929083777,0.06941148563669222
0.012446105226725603,-0.08933485320628258,-0.014172923568120912
0.04151980037576611,0.0081218000941248,-0.019503840794162366
-0.08067113251041477,0.0042874894332646,0.03978214196872487
-0.02031472980906355,-0.0234803023235566,-0.06431665600300109
-0.06332095656682056,-0.09125328572497392,-0.11661484864828651
-0.021416222969171644,-0.05143879118053303,-0.004567201801902381
-0.02947476106444532,0.09053173047300565,0.06093564993877919
0.08057045567683863,-0.0491712325815489,-0.04022742901045365
0.0909668268379185,-0.035063799394303694,-0.03881743181137921
-0.013641055195964438,-0.007412764669187118,0.16591371339461697
-0.00655916053045826,-0.037399459021863146,-0.0036004038725993455
0.010030588935955986,-0.024607689073046255,-0.013300837143237317
-0.01687684161763132,0.08971748666574124,-0.09520180016382555
0.007934888715137985,0.01236222325317908,0.005606232114400051
-0.03980515848241445,0.05758634089997604,-0.015737781758702496
0.0767545043494467,-0.014490772888229144,-0.08096101588826869
-0.0684638477252917,-0.02869605824604001,0.015027580466699993
-0.05822684018490193,-0.051876171269692045,-0.05351988880584274
-0.17579809240762842,0.04098037405644796,-0.02150948491731465
-0.02795692503788247,-0.04384235741592768,-0.027475844178647083
0.035822342826378833,0.07321244836439465,0.02094525622697286
0.009853469105343658,0.06305764985938225,-0.07804940134225463
-0.02935291653026448,-0.051869959651038355,-0.013365022978111245
-0.04273730614273595,-0.07948441705514704,0.012088053047395925
-0.02618156155401013,-0.06901562622297328,-0.07149097965079068
-0.044705113565706986,-0.02654121298227004,-0.008691305521311796
-0.016024147989650347,-0.15019620192698585,-0.022964615184144756
-0.051451125296986595,-0.03851653425480975,-0.058454913691281495
0.07228302758569322,-0.010006240859164663,0.0576470473479199
-0.02989887635921666,-0.011224511076917106,0.01587750382772327
0.029955712511010417,0.015639888218488045,-0.012885568483398765
0.030710887366455494,0.019290613215360967,0.002328917402220538
-0.09060243725871209,-0.039225037192880216,-0.11740912717697491
-0.018295668893452313,-0.04678810125358847,-0.07403226141429176
0.006475109282596338,0.008275418891440723,0.02323292066969845
0.01590757890188819,-0.03839459745596229,0.04121908310940538
-0.03637485365584321,-0.007759486577148528,0.023254716422532774
-0.11280314690129634,-0.00174258261108611,-0.05745811088770107
-0.031148053930419542,-0.01660397031927003,-0.05291987040381344
-0.054582874006712766,-0.04215496129800428,0.02132947409696291
0.06928127253955726,0.02471978442727774,0.016286263333124076
-0.061958519935835774,-0.14029808233166519,-0.0698907945552307
-0.0033807082897768983,0.0058708069625013765,-0.07994875031364394
0.006035795585439135,0.12033872903144711,-0.009756143791677916
0.003315475375087376,-0.056325012437966795,-0.0046927881860936525
-0.050692593167535945,0.03722005229166211,-0.04679324264461699
0.047379885079441825,-0.06147723510304609,-0.09835198867229578
0.0034853489959292445,-0.10758687054674136,0.02088659513171855
0.03019921650889595,-0.14194562728161353,0.016043921509655463
-0.01667160326849494,0.005388386837518095,0.03198266911554988
-0.028684715979765178,0.02028130677934318,-0.07356941004002633
-0.055657591206021984,0.011617847933251246,-0.07304971463875362
-0.10189514301388419,-0.159232736543943,-0.077571275913059
-0.037957799782322825,0.023059624270993083,-0.025323880389221877
-0.052371791721801175,0.03958188263900332,0.007726412073129383
-0.13321369399665015,-0.02032875769884816,-0.04593953272843452
-0.057519780611593734,0.001983979212159608,-0.02066109093313149
-0.04242383686873332,0.02610150978187166,-0.08973199798628599
0.004795974501917797,0.052411384470681985,-0.12831667066116512
0.016404699942710984,0.04509490551499892,0.03498086296089244
-0.01042849133896529,0.010939513987081144,0.012196576914414507
-0.05773574902513828,0.02238090286501725,0.06989503464226693
0.02349115359885927,-0.06774682323050844,-0.031670266520880036
0.023837927876672133,-0.05704060980516005,-0.01710392230374684
-0.04866827852895742,-0.08805863744670855,-0.08885929719677331
-0.03686158665881256,-0.007641589203006279,-0.031873935417524674
-0.004619584061797493,-0.025747207333908943,-0.15584229675226322
-0.020404748387844437,-0.028114295287972255,0.012769534653505292
0.007158723394364972,0.04306989722446846,-0.03960437619509954
-0.015063281968250039,-0.046057072739039695,0.020448167310694088
-0.056388467159667624,-0.034423677050497835,0.023284943267434813
-0.15776569580699373,-0.09288564565764088,-0.008123768551744147
0.01051368087767777,-0.0807439662762266,-0.005275820670223355
-0.0414213274938145,-0.00010524131884423991,-0.06215810879536349
0.03720652459756978,0.0002592069680553682,-0.020395637720930608
-0.024039340340615244,-0.046108060050420785,-0.043893617375460645
0.0032841245781311916,-0.028815891440817316,-0.004202995982151081
0.019084040711431292,0.0030295550659300667,0.038059397148298806
-0.022113562854034687,-0.09833072796512889,-0.046316763801878554
-0.04993671841998662,-0.009930490880911186,0.03273634713306154
0.017761031540672673,-0.0874735739210245,-0.021519439556380728
0.027259148470225973,-0.0871714869722823,-0.1123057800105933
-0.017632893401986108,0.07031382538899397,0.0701839625842744
-0.02566121221644368,-0.0531965586790017,-0.00829406602196743
-0.036468221005513266,-0.038007913474301845,-0.08555031282180382
-0.02768442857214343,-0.03458358511085398,-0.06502735323513759
-0.042761847231463146,0.027675708540718078,0.03289835016903295
-0.013895243161574918,-0.02265356199931043,-0.005115421464318543
0.07507114460441489,-0.08329230397576494,0.011038234396342253
0.03195818295358322,0.03785414126681241,0.03518070737789023
-0.09387300899599793,-0.023513461565637963,-0.07281700487035096
-0.024762726644968674,0.022723319020157434,0.0340272197832658
-0.02190813063026089,0.08948436310776338,-0.014759385020171352
-0.08954795730009601,-0.05670885238435633,-0.004804844366019471
0.043196703534815195,-0.014411671632291553,0.09868203518671609
0.06112445657379716,-0.04152370712391002,-0.03485401981521084
0.07942858827317574,-0.03565560053308287,0.01938710936610298
-0.027771057265417017,0.017270200238712036,-0.01901548515447916
0.04548563414798138,-0.012407330540885036,-0.05193014604207662
-0.03447307947502129,-0.03334972266241398,0.019787626972828803
0.05906289645921395,-0.0030763851025770975,0.04994189458200842
-0.0021644346696021834,0.05846501038959397,0.021772283301811496
-0.008581033937997454,0.057933979979190905,0.008558817124205441
-0.0906775691634134,0.03568053023682608,0.0535172290288753
0.06148816712865266,-0.09582387478309962,-0.07582228295150546
0.00012433912640036002,0.025856183056413587,0.012499529590158832
-0.044201504663547976,-0.019611074248230633,-0.017301026755256986
-0.025937019027911363,0.06389113550869559,0.011755543769708466
-0.013319859515713002,0.03241810132001264,0.008888919029397731
0.024590473395302875,0.06486348023905046,-0.003830931828682437
-0.045266549913195016,-0.12594809122980768,0.021157143994720826
-0.012489949421215386,0.06617533193919169,-0.03070951990692355
-0.048599948583032314,-0.053620375481124534,0.047320561564028786
-0.027203633159340598,-0.12296208310895856,0.027688497721701167
-0.09890591417093685,0.021486511440283077,-0.02258757434002536
0.05499991215833068,0.019614142684964617,0.022823633984187505
0.03352134594555336,-0.015761184709950072,-0.0898319918844889
-0.05474894271941107,-0.0365264324632075,-0.07982214339426749
0.0030615863482090456,-0.03708364390313164,0.03468332069273116
0.01369872562873995,0.0049261491095008245,0.04173522860054839
-0.007819184180134563,-0.09476196914628424,0.02124557388776112
0.047223115805532984,-0.022545433614681643,-0.07369755333030736
0.1340544649222904,0.05561839046729006,0.01016039158668837
0.03254877774935005,0.024658785622243676,-0.0321112028961242
-0.0024991609031857582,-0.025243466047459643,-0.07626001570846777
0.09799671311801889,-0.003865645695524172,-0.004600598727404004
0.10016414248671364,0.14769652503939457,-0.014205987418754451
0.05400284729188807,0.009752396802259457,0.01331160709323155
0.05456090897412927,0.0030443075429794526,0.03887348493751825
0.0568971500117973,0.03999875275466619,-0.056333800214100414
0.00802897883366934,0.04523436444205305,-0.07978643432946107
-0.005388316309838723,0.13227902044177273,-0.09342603765347243
0.021760452980554533,0.04185373328771275,-0.019141139727910077
0.11204218025190335,0.006941982185833346,0.06931778312418187
-0.0327832462582368,0.01936380400647166,0.03250587095586655
0.015447263553030144,-0.10950114828576843,0.014731242837637179
0.05815349441605751,0.01580910041674525,0.09775641731277245
-0.09499806391729627,-0.04865541683053932,0.03759494114858569
-0.011810686805260694,-0.03427444470961779,0.036148385801377095
-0.04370907252551535,0.056112267358594564,0.016191215122235997
0.016372744339533032,0.0476087695288376,-0.0065720739387410045
0.04867777493224456,0.07374977672219134,-0.020248195227046413
0.015978821921299943,0.043063617208463245,-0.004603023456831858
-0.050032762328288814,0.010696505289808422,0.027398232928703768
0.05885185739912039,0.07804715770160456,0.08911308857993548
0.032004763014573084,-0.09068067625776165,-0.013021015006630424
0.004440392950753247,-0.007461922017922194,0.05664605018712473
-0.026473181741359895,0.04042649736888437,0.05331170671665439
0.03005595951781015,0.011074962897524729,0.0189156348074425
0.00656470326636068,-0.04326376950427073,0.04172910376967301
-0.03466849186043304,0.060637853586128235,-0.029823874670109465
-0.016732355745751992,0.019097810423676132,0.005730242705839413
-0.024245819085984884,-0.0809122805685995,0.04037997058158065
0.0332218369087001,-0.005010230965255734,0.01054358094921187
-0.05216270103327761,-0.017411336636489645,-0.029971299693032645
0.0825680836534876,0.029568268949824,0.11648994951740935
0.04983667208985287,-0.0009322489870269551,0.04330485283695537
0.033518363286831325,-0.037603082083177766,-0.00816034875490204
-0.019815883351793122,-0.048662303859764916,0.02158301077389873
-0.01877590195315841,0.03910821970274086,-0.08315445391936029
-0.005225006757426034,-0.0038978545552947382,0.06339253620417039
-0.01390678781872173,0.04419370922313177,-0.033494961978925444
0.06904974824895804,0.10167006182804311,0.0639423150171219
-0.045439725658407495,0.053046395889180545,0.0115463127789018
-0.014323561933550357,0.048786293991139,-0.061120535681521815
0.06297001295848302,-0.08398332694323483,0.01860852902122688
0.034400187994315934,-0.0015383057128303297,0.10524131115037975
0.03966014022001957,0.002252674825963214,0.042584136501128494
0.03914046329414051,-0.04105770026141989,-0.027955175042784868
-0.006429738806052531,-0.009354574897064202,-0.04374778011748744
-0.017332382030323844,0.029054346458632068,0.050719783309882596
0.05717167360454307,0.015496607910513176,-0.011189146632502346
-0.02354509903338646,0.02845007655590784,-0.010808140785851988
-0.01734971555392376,-0.06512875042835917,-0.11030598835069205
-0.006999768398082588,0.05586339539571151,-0.05347091269744043
0.04235997470893514,-0.04909561089214552,0.06727864870289332
0.009459226243127509,-0.023199974908278798,-0.027060435058552698
0.005294283909883108,0.024364815145591287,-0.08416704966014268
0.04236002201399447,0.07453948202701524,0.0525494460328916
-0.03587548824712618,-0.013471723647606518,0.019580648305373788
0.08501470401692854,0.0045310400320453005,-0.01762969117385984
0.01712396616836979,-0.008854122624467348,-0.01325353858879496
0.003957198085298168,0.015623230077150859,0.028678641540295053
0.08946727322256999,-0.022635465434934252,-0.0015873060984658745
-0.026772538722278062,0.016281815628217348,0.025993346973179572
0.1351720605469291,0.07294552621681248,0.19626097610247228
0.07057598791252553,0.04654800363614282,0.08876088120245712
-0.02676978610349879,0.10047987106645981,0.07052311898249485
-0.041170564760044936,0.013558127381225018,0.015176219096070408
0.08163229396063154,-0.03050579974745906,-0.019099706708739617
-0.011196850075646012,0.08625467021876582,0.015419221754456366
0.014789004111098139,0.117809125127288,0.02660604931509518
-0.039579661330625085,0.058024211812924165,0.018878140221699785
-0.13319405285229619,-0.07627202597503933,0.013683905944245851
0.0020471117615810525,0.023902946760524884,0.07794976923197754
0.11279552634083748,-0.09705249205333004,0.04328875392177295
0.05338025633059719,-0.01310587600096124,-0.07140941474740631
0.01676465975832159,0.07766846911044213,-0.0003051771429858838
0.012387488944871534,0.12419886172064341,0.04743141729897481
-0.015180181148826917,0.06271603600290576,0.019370983201168188
-0.019917037652317945,-0.007308227180201597,-0.017468944151579128
0.0018738044737146922,0.030600742467545412,0.015991467809115492
-0.037460632195412936,-0.015586098159387697,0.039221083373069655
0.0856555170843773,-0.0621663220832379,0.04646567264469365
0.07942498859253051,-0.07914103057793422,0.040501563938268134
0.03284650708699883,-0.0112100911547575,-0.007501690391800996
-0.09796396463278123,-0.04953362620756361,0.011314888081271153
-0.02623480178131686,0.04820727037435445,0.03941716112467558
0.05038909886362526,-0.10654222159191414,0.07155249543215003
0.0915674798640386,0.031592088036196245,0.006308467061352865
0.04325827477559803,0.020096824694399277,0.03919961989371195
0.10195362032964495,-0.04482615676088357,0.040567036444680814
-0.024528978242769995,0.01066757086775218,-0.07637876743503032
0.0020021901354420855,0.06549084387770725,-0.055576654255460156
0.07852757476329936,0.02814625747023731,0.05364971597794627
0.007632842158825332,0.0015138351901204487,0.09523928244712432
0.07583417979137681,-0.05112489167429747,-0.007632769924922379
0.01686529597257804,0.010424912577830008,0.02995009529654407
0.04623179171034361,-0.03433565132403737,0.015656261893899036
-0.025123003759321368,-0.004391056042681311,0.033647225020811904
0.03508387018233468,0.04021704059525745,0.01467151965778422
-0.014319452527364964,0.013919018689372346,0.05038653504116805
0.02935181817662016,-0.006466238051475545,-0.02143830915584523
0.012775173778517744,-0.0025410179295122584,-0.01418360633345414
0.07764839272828042,-0.016477995437258832,0.03006573364039596
0.08474096749325197,0.0377411016802618,0.014128564252917204
0.026934866393899293,0.05100602447045735,0.022138837482588512
0.015477710342682636,0.010539781888916468,0.03557776744854192
-0.010108926157775148,0.06613941957380279,0.12298131693227429
-0.0181820825187386,-0.014448325877489652,0.06572591060126784
-0.057906009445949064,0.018985094189548107,-0.03715779269784721
0.02843471138449133,0.04069287744977341,-0.0036370266160014493
-0.06259170870352555,0.03609266887732573,0.08851929219944978
0.04691506228934067,0.019262934136891546,0.023435617356287068
0.06186146316791312,-0.03283950988689238,0.007492559286029498
0.05277771685112201,0.029679908398340706,-0.0458111959224225
-0.002859457572344678,0.003530420146279547,0.01594472908807574
-0.09265755831618022,0.014784980292474489,-0.061779423805858345
-0.09295547237992834,0.02704829429412465,-0.002411306176988117
0.0706141794914074,0.08406555599317872,0.026992210080096078
0.0865245673176209,-0.009742159237719886,0.06896182143602435
-0.04282490848535386,0.033025037959442845,0.10430300908144836
-0.013482173761491287,0.03718730077471309,-0.01538191211177082
0.0310028861871653,0.08323793774688314,0.031590906836966165
-0.0030072291938055447,0.0497784095950348,-0.010667144668330426
-0.018381896572234106,-0.0043268802428618434,-0.07182259877111237
0.0620826383882241,0.01714795735625342,0.12540705021518078
-0.004639826980045605,-0.03021576348114742,-0.025415455350354138
0.041288833528652494,-0.045489622992289216,-0.011450030527887742
0.008421719217534047,-0.004332387283231648,0.006959797422014136
-0.029911221769786188,-0.04691555444365285,0.03673233671144209
0.06175349251925297,-0.026889631425016287,0.03731569091397144
0.10187082024438894,-0.08999055662461325,0.09383879651813402
0.01301925173928971,0.02836023801952573,0.07657062906176985
-0.02854962687381538,0.040542571318357354,-0.08918420868634104
0.10703735582484489,0.0617439314606786,-0.016905341103409917
0.031587324320006334,0.001654008790658126,0.013786334065263674
-0.006500482243624452,-0.023448487589887757,-0.041176311307958915
-0.016454577870364823,-0.0032392036465096023,0.042426235180974714
0.013976394540057394,-0.006043994374607368,0.1342426840432237
-0.08467176014263181,0.019989864320148102,0.04729413901730363
-0.0209698748313443,-0.05808425217744663,0.006237286279626456
-0.02751846782498881,-0.0680438826596798,0.10446225362206721
0.061429838463460715,0.010614007468271127,0.028544904684745867
0.04088478223113292,0.12362072284313974,0.030486920194975
-0.01435441166096849,-0.0045184289091693,-0.012112437587261896
-0.004097978896442957,0.11423942874076862,-0.017567620083384382
0.03725893572665703,-0.01762630375825687,-0.022607960226479984
-0.0031969882145372937,0.015610677296620653,-0.05418231585427055
-0.03338942617557092,0.009385280106835953,0.09588979147865559
0.012093791380148577,0.04876606516147154,-0.0045063625194951915
0.0637227396278995,-0.042912301455850024,-0.00934845397618646
0.003986797717317207,0.09455199561444572,-0.03431648811768781
-0.019944707130516284,0.01653396342065647,-0.09889131166010341
-0.032842930477589106,-0.03757366456259321,0.05231708421738187
0.008846163944520643,-0.04536948812213512,0.0425302839708597
0.05749482063959599,-0.0011688011517912659,-0.1012389550580426
-0.04036925446374087,0.09774916044986184,-0.017022882741919758
0.0038095170068570285,-0.014632348599431404,-0.05435072741196634
-0.06504506057999462,-0.0229256917893289,-0.01226242190725128
0.04428238527065128,-0.07229743577376226,-0.032554085509721956
-0.06761670285270721,-0.05697168109842703,0.0023140219447717507
0.07151118172400879,-0.01551672035688749,0.04898345640571595
-0.023648471841327,0.0328173984431711,-0.034312472891498545
-0.06697392779659965,0.03490920046884762,0.05437549540478667
-0.006175804554752592,0.007960452332072042,0.0648573212489896
0.10496278323841285,0.025052381079344384,0.06966678696656925
-0.0036058983183210394,0.02832659567391328,-0.054591887021072316
0.008166760237250173,0.0671577760776873,-0.036054852810016816
-0.02948417239640627,0.09244059952863713,-0.04576439825144909
0.04318598896629586,0.05656463478345826,-0.004499760879930501
0.037291512685765166,0.049227428578910284,0.016600418602836457
-0.06430637313697796,-0.0431536133855868,0.06313690202773073
-0.008540638579390754,-0.004146731871709625,-0.04655079469874322
0.06618956953537043,0.056459175025863985,-0.08499754624884134
-0.005403923227047143,0.05963669300457552,0.013222012044063683
0.07155674996982866,-0.04918701296958146,-0.030512949268892357
0.030899327962860226,-0.07692328265446571,-0.01556623639065073
0.06167817723700397,0.04620267357967465,-0.002636252445640512
0.0165919195840007,-0.021442721013382196,-0.03806667269628528
0.04931340893129018,-0.032086197624474073,-0.029221681782062185
0.043393412280854284,-0.0028956383181404756,-0.02298157015134984
-0.06876242201005903,0.012234734741974488,0.029331594899896632
0.0022077457137306277,0.08099312829401517,-0.01606528332719626
0.07766583859012437,0.04308088474896618,-0.058698773962934714
-0.08191727599187865,-0.12775355403908134,-0.05123051120823499
-0.05512801913430268,-0.01010777181813441,-0.028854640215392014
-0.013249273473669299,0.015284641624414666,0.0637298383378207
0.07414065773089769,-0.015130289218639683,-0.045394229568274554
-0.02029451395595962,-0.014039544188822107,0.0953389378263283
-0.12154382848603587,-0.0317155479562761,0.011308621272729137
-0.06773450440019606,-0.002222624575192335,0.06341961667580348
-0.015086807674724551,-0.05375238994347784,-0.046186714273971446
0.0099207720446761,-0.022865244290465846,0.08644084728459349
-0.0060520815464664215,-0.030954560242073326,-0.01846840000970764
0.06046791839322638,0.026329617350219606,0.05014443756485157
-0.022126541882110877,0.031080622615145555,0.026540472742626876
-0.11584053703988446,-0.06778739128796739,0.030338326623426507
-0.016833771055553677,0.046586763166938876,-0.00523150856005202
-0.015933703621147335,-0.02065537217565575,0.012555580935916973
-0.06778760647781762,-0.09191311094770803,-0.06678411253812626
-0.008388151233125276,-0.026487144285424865,-0.04746469772048132
0.08717651753750157,0.038427954007965934,0.027251845560100362
0.02216643138198373,0.015422634191498774,-0.032284881158577944
-0.0495225918738716,-0.00031822042400818807,-0.022274784700731177
0.01475092238317906,0.048657747069436964,-0.03957374191935184
-0.007974605333592118,-0.07925918636942747,-0.09328321753981707
0.0852570025277218,-0.08522909539612865,-0.016029729660013804
-0.1491904972929719,0.00980811003084751,-0.021818824486705916
0.05376508018227527,-0.038610896975262966,0.07973474054270441
0.09356909112858657,0.0551349644771065,-0.02498876278724703
-0.06725003276955727,0.006884467206878922,-0.12248846370917428
0.011159437660987877,-0.07038100830772294,0.014527090730000403
-0.04641678302098699,0.018226175537794896,-0.0615917390530292
0.05330550042443905,-0.028871730382299204,-0.127074472880893
-0.10375790580004551,-0.019012194080890228,0.006971720475124423
-0.003911808277845521,0.001021086115484189,0.07710310196948217
-0.01509364362628246,-0.034597163995308086,-0.008456582108467036
0.13240328200440443,0.043148362542178666,0.0038471889943942923
-0.010154413755076789,-0.014617575315187918,0.011090543681841418
0.025593097933711062,-0.009866843106630687,-0.02269222515958349
-0.09575052524988506,-0.00384324842765866,-0.0619127096873661
0.06870490294138422,-0.020291386689935832,-0.03138075181838758
-0.03314263613537426,-0.01005184063176229,-0.084418685642222
-0.0070346598656982956,-0.024690114158390973,0.028489791410263712
0.03744244952001101,0.022368356698662183,-0.03063845145710807
0.05895423862427632,0.0015376515956986529,0.021389428644471107
0.04471619027307675,0.005088628234170023,0.09533010931332453
-0.019183824418407793,-0.021054484310578127,0.0369584729975429
-0.033317018290628206,-0.039681322329727355,-0.05631590533896461
-0.017657696612323935,0.032627919906553615,-0.04413563151151916
0.01949613409384865,-0.0811865814053393,-0.006452359637265184
0.02197161700427541,-0.031859599461060185,-0.1025065669635862
0.01719548384237455,0.0898024398731044,-0.029553773800670917
0.01999606172184376,0.0049867323618489525,-0.06403722903166874
-0.08783920054497638,-0.008664786926901532,-0.0396406822371303
-0.0800059377709207,-0.03482136246954103,0.06686289373632542
-0.009663288521512237,-0.023052368129062015,-0.06962347102728528
0.06704409241242824,-0.04867516880209066,-0.0032200537593786646
-0.04430084084833742,0.0015015992064466317,0.04739206221989676
-0.07575546957679956,-0.09020411296051108,-0.007502820183300082
0.028385322418162242,0.03607784846309431,-0.092876475620288
-0.07565502030689628,-0.01207585230464808,0.0022197389368576043
-0.004928566120678515,-0.006286501534725391,-0.11399655293899824
-0.0001909711284010622,-0.04306023353954917,0.007997068580548633
0.00022656099399582727,-0.05875323824257306,0.029490445797436298
0.040506113268429074,0.08318412285389934,0.04312758905343561
-0.0270695288892722,-0.09678970181341236,0.06462884102764967
0.03532486728990615,-0.008488812815261846,0.021435871622571014
0.043791394088468556,-0.1082780011699114,-0.07732927043922608
-0.01121568126920864,-0.13076301363143306,-0.05839581468088732
-0.059248442157221914,0.032087422565516166,-0.03547893851833717
-0.11194576852956507,-0.06594916619358043,-0.008089622515228576
-0.026510338311328693,0.008294707071899374,-0.04122060939658782
-0.06888331276034197,0.002264783947181666,-0.028871790843762644
-0.08970074208925831,-0.07231939826658923,-0.08089292161152654
-0.08050283363898833,0.02906776795300106,0.0515514926277425
-0.04782289952881113,-0.05286929091549582,0.006655459802920205
0.02476592275518362,0.07293569165090688,-0.0180992062575235
0.006310587434960085,-0.037359124436858474,0.019890160050429102
-0.028029204812218066,-0.002146200645077253,0.07902157194966136
0.04025242503822701,-0.0015613621030409752,-0.0685941541343893
-0.034913667439275195,-0.05920160018694817,-0.05188979377623802
-0.005329134757046638,-0.03982591906690482,-0.11035329786289107
-0.04470248494215509,0.05172097519158658,-0.0009770736412290405
0.0009107407612237994,-0.08642283854881389,-0.007470765525221967
-0.051430787810710143,-0.007554082871282546,-0.052346669466246665
-0.059062184365634096,-0.049226648697570444,0.03852127253224163
0.15273106572908107,0.0009538286385094158,0.03718948601342277
0.06388802532323044,-0.05749032564347503,-0.017361792086080168
-0.025296718678927424,0.07397493446465095,-0.05051963026087039
-0.053757839533382645,-0.019782617405478896,0.025134136752127834
0.030985937894480464,-0.0015448889187874605,-0.031940952548929966
-0.01836918837177322,-0.09814200566683957,-1.5004570783194032e-05
0.012854781992838932,-0.04346241513966228,-0.0008129084622325207
-0.036393843425619826,-0.062106869433911346,-0.024658463143487425
-0.07368422785572201,-0.040306100129251704,-0.10325785786116935
-0.12771463962598528,-0.01656761360415431,-0.003978303289583377
-0.004184513480171969,0.0006479161529796829,0.02127506924738077
0.0035579248245496096,0.09481387092962396,-0.0227522911518755
-0.0035647366085173257,-0.03670459757731513,0.036426056801855795
-0.049758866840506,-0.06706366195242164,0.030612437350282577
-0.20875113200525652,-0.04358299160189434,0.02917034414268367
-0.05090751795040949,-0.061592011018245005,0.04919013607775738
-0.051557134283273603,0.02982382265162928,0.009093025148641357
-0.015932645611993153,-0.01151711894871771,-0.031930277856017354
0.011954035152485245,-0.011842743817074956,-0.035292508316734805
-0.04065502898742218,0.01698532109287729,-0.028885510303544193
-0.04064557253203124,-0.08787462121428735,0.04075625997213197
-0.07239766931140362,-0.07057899049216838,-0.02591375487870284
-0.008570807220329097,-0.0769128817049753,-0.01118256130180347
0.010316144086126057,0.022210035216855665,-0.03550682205021435
-0.011285381998323117,0.010406818188431217,0.014154354233667187
0.0016148235485269023,-0.013099708133517789,-0.0583085008658448
-0.08564275945291351,-0.12243612738715948,-0.0590262819859631
-0.009203117071796533,-0.003223411047496596,0.008897761469611815
-0.008126403958735437,-0.000760142501334854,-0.05930341519690792
0.11758024659354638,-0.018092732370530745,-0.030524543006570582
-0.05578861532748294,0.05230684610458604,-0.04901435769329893
-0.03650423152920459,0.009408831566780466,-0.037112414117317465
0.032455241323825,0.07837832452210511,0.01981996333285891
0.026821825184353738,0.0072626275463923,-0.003731881064654925
0.01111672580553295,-0.010566610149510422,-0.07964215790046351
-0.038315831330521535,-0.04786198334159801,0.02524556679536482
-0.0035335126171808125,0.06014920157139917,-0.057336824384211504
-0.11894121387539362,-0.035152033475946344,-0.12131124750432076
-0.04291073158542505,-0.05642109932490555,-0.0604742192242971
-0.06170889694647032,-0.06342316906278196,0.047018705647180706
-0.022834440713238206,0.018960261745307242,-0.10924112955173153
0.07326501617372362,-0.034387312828469525,0.021620191310806895
-0.012849220504987956,0.007402628597178287,-0.05383564430302679
0.004449036485577741,-0.009117146616547231,-0.03291426333310536
0.03294646470592982,-0.05400579120852889,0.0008750568530125
-0.0795559630022534,-0.027072387138375203,-0.03708516396684294
-0.027177132589816112,0.047206227897338936,0.005613169738184206
-0.031210439602138564,0.06475804441926841,0.030988945408297854
-0.0938620040673029,0.0058805056190358584,-0.031894233988184625
0.008531667699701869,0.0013159610961056174,-0.05043319143724772
0.028600837551597518,0.030369050148048835,-0.10901862728798425
0.013780074286859036,-0.027028437733534506,0.029088866223891726
-0.05572293773040106,-0.02859817397951761,-0.07375312999284915
0.04157020540367562,-0.09262016587895133,-0.08700527052619317
-0.10029284976596539,0.011817674171257918,-0.1041906602883847
-0.00423374598087338,-0.07028943888723456,-0.043582744889714406
0.08923000500701181,-0.020347620983203016,0.019685192331925616
-0.06346389703244815,-0.02678890293734885,-0.07244350795393228
-0.08045357273622525,-0.023762720005771704,0.012668195218287668
0.026142771796721122,-0.024020503405682993,0.054663551296501765
-0.008709598296354074,0.03405603202399124,-0.04884772580416842
-0.0724776770335749,0.0688538798734884,0.019662458828267226
-0.05299682038325139,0.012018521081410495,-0.09260229545308865
0.002683591122817226,0.038235512674019215,-0.018929928205668273
-0.024997336706264195,-0.020587591980084814,0.032471163262356155
-0.00311292063631091,-0.012259150322550146,-0.009200310381176332
-0.0742829365985399,0.016679466379685478,-0.05944467767217504
0.006355538903946042,-0.0017814122294376369,0.0643959545053938
-0.021265215627530143,-0.005227978665909549,-0.047806754304678754
0.09192492778735786,0.027150780859052683,-0.07773206896514985
0.01140687870342036,0.0019519287701097055,-0.1365115003472627
0.08187132861324821,-0.04129830869547775,-0.03348907214698035
0.03203831883438144,-0.026020958686283166,-0.005920613568779272
-0.07143045639310971,-0.07244688439991621,0.044760240361063436
0.014199199415836554,-0.04970880324333923,0.01704502673056841
-0.03577034221411865,-0.03199746278550346,0.008561717642443126
0.000998831715294024,0.01103692087732732,-0.05452004877586842
0.014104128710891924,-0.030510249319267407,-0.06577740380462263
-0.025692923782829155,-0.07395862894761644,-0.1063178448266185
0.05318249015800551,-0.06026616416960177,-0.013538890073274393
0.02072020032181866,0.05340572313285584,-0.011204090753368073
0.034117447880874126,-0.09325601321773298,-0.027336210632199882
0.07367779556849423,0.0016769692709813662,-0.0267760848658354
0.012862399126368594,-0.08242913710360117,-0.023732982285849677
0.06070237664881823,0.0024100177750887644,0.05059259947474715
0.08054726831573997,0.03408431519084575,-0.03411278472145161
-0.009025645061393642,-0.018539578096182396,-0.05719669255878755
-0.059151930012482215,0.0927591773101445,-0.0037546209730746263
0.040280185714083365,0.023266032984813473,-0.013401825715294146
0.06262745492330996,0.018877544968354087,0.0021255111036404834
-0.02419393209234756,-0.051260802809081664,0.001929827379407458
-0.027444846902244496,-0.05752814187846396,-0.0042566212425449055
0.005020741531411648,-0.022947250316038142,0.09340077541741618
0.004832442273242322,0.056891473822347535,0.045214233365830386
-0.02397865605962502,0.06971786941632847,-0.03474841253423249
0.012667814166510666,-0.013044325710468676,-0.02050063296215955
-0.11049967518090667,0.04709867014318523,-0.01009994446951093
0.07243583796957247,0.04414430512116128,0.08859723862736744
-0.11753311532836835,0.03528197748747418,-0.031354943278292156
-0.05814387693398917,0.03955522169939812,-0.08401510738316345
-0.07301707070593198,-0.07997368290357032,-0.014175489777938765
0.013936652770052113,0.1094108314072047,0.046899975584876734
-0.04389111146904022,-0.09935697816386878,-0.0037042733027530593
-0.07986603596351745,-0.038801007484039834,0.00740812267886118
-0.09125951471993628,0.03051101568246739,-0.057225957039938186
0.029058359525316147,0.01677892906714869,-0.0023180477462377033
-0.04292162740744102,0.07190826949469867,-0.054811158653101495
-0.02090138178320947,0.013462068144714463,0.001564975220091444
-0.09652741198977485,0.008681242223259727,-0.01797359418574717
-0.006105705129053598,0.010741870342698231,-0.09001319815249081
0.018814207348950555,0.06406459205127889,-0.023189931601432238
0.07763712323693556,-0.16193617788161552,-0.06346627398967279
0.02045489905265005,-0.014099046436279628,0.0425041535896814
0.06412662964123178,-0.02414139463997724,-0.024107537299868906
0.05967420976844202,0.017288453861936923,-0.024737919499294807
0.0015762624228867295,0.02858252380837205,0.009835142231005874
-0.02126894678709165,-0.01415859797964427,0.012140479238595467
-0.0450397844870018,-0.04481506724747817,-0.04945655046988803
-0.02950889578191673,0.01851728854148401,0.016883832960778136
0.04447709707800321,-0.0011715510515731876,-0.03262191348449743
-0.013141498665993548,0.07101918235412273,0.019321730531037553
-0.03581517955664101,0.0934095874816075,0.09587553751287303
0.013582724955812355,0.007189896861019488,-0.02113689188763194
0.0003509355396991132,-0.07350469981476045,0.10112330606791368
-0.058412531316365486,-0.0495928932763675,0.022104243077265318
-0.03369186650603381,0.08308381374758977,-0.0018942616820800508
0.07344995295505814,-0.12518799474571018,0.02420775117871045
-0.01769418366528098,-0.015627645771493646,-0.012104545467925516
0.045691823392451536,-0.018228592241654216,0.04730680331997858
-0.06368936431417879,0.020061494924076703,0.08696761874225593
0.0181576170052663,-0.006612210962332531,0.017625001206097207
-0.025348193569921167,-0.01289426894354469,-0.030194597016319547
0.028149353954162546,0.014407011739604372,0.05789437656921354
0.01246858682832434,-0.004736856858705582,-0.02855896438485798
0.07393378971821792,-0.0006023712111826078,0.044056223782472904
-0.023438420822595143,0.033200884644169,-0.10193749378575843
0.09711668838774777,0.02439278434158045,0.0067614195856966685
0.029926074157528047,-0.000281437147934026,-0.003888103900426632
0.006004370683108551,0.011253667324261116,0.004974833444748005
0.061432710093328444,0.029299732644124044,-0.004548509944260325
-0.00740141666406424,-0.0010100281805275717,-0.08820191420019259
-0.13365902693853599,0.010262398721226742,0.07080711264691619
-0.09115299344946452,-0.029531807995360905,-0.00459736850084849
0.03620959829597248,0.0006692270092263364,-0.010718192486592261
0.012549092449115788,-0.001755475656368681,0.06739777504018052
-0.09801208503124609,0.05643851450978852,0.021921365532258534
-0.03212194068954965,-0.00897128527938373,-0.054941480393807154
-0.03361120103027958,0.015320514676860521,-0.020382195489593344
0.019786498525536697,-0.031025480445283637,-0.015390921846940091
0.030030991031242245,-0.0448135775625786,-0.015650610136499155
-0.016282356282301742,0.034122728887637045,-0.03345479738626371
0.049429762150858474,-0.03141241957207638,-0.008623902046883862
-0.018576572709777896,-0.06323206968794014,0.0031901396801144516
0.023745886576070466,0.008161914308439728,-0.04117873710965342
-0.0376007165837307,0.07359471716828957,0.0018169261435608541
-0.012252419383095714,-0.04354818362227699,0.08544805843843678
-0.01497562871600863,0.15029513481698367,-0.050486434335931744
0.07192985640744945,-0.03658958576270914,-0.04120282260046665
0.07263120065784055,-0.029580694827206416,-0.029097972821260195
-0.019339275373609206,0.10233564734844142,0.012539182406379896
-0.004788874975096936,-0.06712049010942406,0.07484295062202564
0.05075543076761337,0.0627768685630756,-0.01694546494950576
-0.017896034270214647,0.05536649106294037,-0.01414662303291157
-0.008841547821189519,0.0257394820269062,-0.0437459956132745
-0.07605961159593062,-0.09614522113322156,-0.044006146688474815
-0.015176567848915114,0.008065245691280013,0.021171264408633966
0.0033685451686322754,0.10802714192109857,0.02892962669072855
-0.029794051377233947,0.03681563271231726,0.09295322794269498
0.04747029645175925,0.027411763324766893,-0.030621318067152434
0.008779960028551484,0.036925779368054704,0.09971752685416267
-0.06485825935511938,-0.0023483964576277473,-0.013910310374316028
-0.07665860863042184,-0.0028492852762952367,-0.030325374023431034
0.09139648410710628,0.1010635119651831,0.10549487490007832
0.12431539115762194,0.013171781316656125,-0.02440998251881506
0.018438715279529384,0.013712501235294229,0.04393981856287363
-0.002099907957321942,0.09029548018445359,0.011161559610964034
-0.11283982260621106,0.03691183185677417,0.03220079433003086
0.025056774175939385,-0.07063981393888216,0.05209237127155831
-0.007264114085088265,-0.004775725564232558,0.02232749016035077
0.007766422180824543,0.04762390352313577,0.03806083940134281
-0.011559618507374705,-0.045210934803303765,0.08767511386483938
-0.009586845335300506,0.03703613121221751,-0.040718310996910076
-0.02714898753571213,-0.008544231726855481,0.07272373236924191
0.13487320440889267,-0.004988452824409819,0.023971328387978993
0.009443569824298871,0.10827384891208382,-0.0386156597209561
-0.057055216917989274,0.03833464495300461,-0.008810082216933406
0.06083332109539225,0.08985609700299159,0.06525244132664099
0.03871537983974869,-0.061034807257603504,0.037060577126571445
0.09802651771850854,0.014051190704566665,0.10021493324186476
0.023123703193513048,0.02914538208855264,-0.08246086290751048
-0.01763039928476466,0.11937343636161335,-0.044194864984745556
0.02101068828653878,0.02689746259422293,-0.011983548166296158
0.026418003081926055,0.06088788341386185,0.10870245148676468
0.005275547585873229,0.11923261645836791,0.04379818919631586
-0.019504504882600644,0.14195349807559823,0.005207330629327125
0.005973638189409304,-0.024692090304087717,0.05381566226677535
0.01356940890352893,0.05600448199762469,-0.026150703415739253
0.011478475278927185,0.005704971310005497,-0.0007900891818038297
-0.01918967802708634,-0.028781820724910773,-0.03630591127676942
0.024547581325656292,0.008077966894834731,0.06388297409872773
0.017787548473506797,0.039128178659455656,0.06929039747341331
0.09768315052027109,0.007058491384345684,0.0189117842200334
0.042606319126013176,0.06312832223152488,0.03876547178672963
-0.013134642431609101,0.03076236715018445,-0.06148860654699276
0.010760054019682838,0.02852233219986513,-0.05202687688956169
0.08977909030688777,-0.05288768196078256,-0.059904051892667814
0.056678060312121095,0.06336841769666034,-0.000985562528009857
0.0036477332831719896,-0.026863076497430666,-0.016824622684252402
0.0849302999525003,-0.02847163376254825,-0.021260582225122053
-0.07172025605876259,0.032804872345355646,-0.025596191991233384
0.022389449881953693,0.019932281813076384,-0.0312635892932487
-0.04892716916605365,0.04673081689099921,0.011520093567671209
-0.025903165182488478,-0.059238771218965425,0.04061990042621928
0.04462113844120924,0.006723907526793287,-0.026919226477711295
0.0694650314755691,-3.9042845902618334e-05,0.055597883123716496
-0.08796845205878245,-0.007936898552571927,0.041916151655221986
0.018961306557580052,-0.08130651034782482,-0.05313459563073041
0.08524785174660716,0.050109291315026824,-0.09072018148157797
0.06777882712143107,0.0989284789416497,0.06247007914492123
0.07890461426232571,0.02758384346294336,0.05063095124560167
0.06693914878147154,0.0395079275099364,0.05726376113360952
0.06808047227980363,0.09317799006453827,0.09267312208066097
0.017574470430784837,0.056352692468394985,-0.011316817066311251
0.036065256690598714,-0.0038903539104764955,0.021876615783727252
0.10996817610374358,0.10101448235235808,0.013143463157047286
0.07605907959616298,0.0727363324070435,-0.013855767271475673
0.011465065406530866,-0.033635421714005444,-0.0882614579388578
0.0033019210438901825,-0.06639444935271374,-0.02919790289814745
-0.031094208613363726,-0.005370716185000884,-0.029780573275765387
-0.0014978629482086878,0.04164710442874918,0.05063923140104312
0.0066573994278845035,-0.0014195294477048481,-0.007576942423470047
-0.04275734701323118,0.04187199872102845,0.052863878740986
0.05024287728140957,0.09772930517097746,0.04904530137995436
-0.04831155574197624,-0.010604292980988514,-0.07629734209849179
0.07853259701370532,-0.059139977953181544,0.07540583918614253
-0.042151411982991605,0.003947445801807642,-0.04057172033908428
-0.028914886277046126,0.030240700206448794,-0.022513209217771533
-0.041282863858175464,-0.0048054230107626925,0.008681763160395033
0.008354282357731436,0.06458640132521831,0.08298474925930817
-0.0035207101705318766,-0.004710454548333059,0.03727751899467872
0.020738613355241978,0.017943797757716436,0.030924277371747376
0.010812142827112762,-0.05163408757511137,0.04973555943630761
0.08414578468044777,0.03261398912438556,0.025457441772443436
0.03358693619343229,0.06761287488728805,-0.039599896500528586
0.07139973865502319,0.1553117447775745,-0.09123433505428095
-0.03615760651922387,0.0528501266554639,0.055075358908540525
0.0021237778268787567,0.030486266505746682,0.04164125305269184
0.0934956454166982,-0.011111731868401854,-0.009127575740421473
0.0348169123291953,-0.0673683427140904,0.010811819800673618
0.037526827823146196,0.08175308307362532,0.0408547990137785
0.06742475301825017,0.0362977354785933,0.10039710963480218
0.06278166181718828,-0.009862704506550732,0.1106938959244147
0.09573804452388879,0.06374184259743937,0.08000635440722961
0.01737450258682492,0.04506231559055684,0.033956559971375325
0.03436898217159928,0.0332612904305565,0.06019969112401845
0.05193411039982215,0.07069893920758419,-0.0257586997013668
0.07011951469417264,-0.08313100699947645,-0.06697527716655359
0.00347583122267078,0.002735742251860601,-0.021240288326337082
0.022846754790745757,0.10622240180997172,0.0377715316454449
0.04573992874818003,0.024745354259782786,0.01852449126964116
0.07398022723934354,-0.004752490852637551,-0.014718863491504993
-0.03988440001542891,0.042481799805265306,0.10410614689875276
-0.05165472224402539,-0.043719903350749253,0.04146238843145938
-0.006837518431723871,0.06573572916053762,-0.07502837669285539
-0.021184215884672942,-0.006479292026234488,0.025256952761580565
0.03219807153381473,-0.09494472873382967,0.07358990404350446
0.012618750770660632,0.037939509593309814,0.0056006526202204265
0.05847957287562784,-0.033152058925827746,0.06358593138126685
0.04044045223461302,0.008160455663056638,-0.028615862503887056
-0.031018551819772346,-0.026971836346260658,0.07314626211138991
-0.036940725820570224,-0.02304727776931751,0.02406681326259121
-0.07134358712239136,0.1176203970464295,0.07065728209227837
0.07422031046817124,0.005324697630943865,0.049052489600777356
0.05439655322733473,0.09463067201347793,-0.007155719609885439
0.08178212902014684,0.03922461131133825,0.033735147216641566
0.03191536329612036,-0.07348607852458743,0.11185818033769875
0.028395747908080363,-0.08902185678492919,0.08138775038921414
-0.03577974408339536,0.007644802993615739,0.025793905687014704
-0.03306430929182759,-0.06102048617891137,0.022907496264841003
0.0014122392350037621,0.004181355972313366,-0.01413747974014274
0.0356164384989692,0.00013186363343162602,0.06226536896618626
-0.05152088475249096,-0.04176342070016677,-0.013564393061070441
0.02331971261280645,0.03540186322644981,0.05776794204535564
-0.024939722415412383,-0.06313448022737811,0.031867732673052526
-0.004298012606264404,-0.023688273380035242,0.00949488026100005
0.09383125186371191,-0.003949403919137137,-0.010372942266666622
-0.0021899608641828463,-0.04578052593953512,0.043499675821187286
0.04524348504223689,0.061132086180252294,0.09393367455554587
0.0722358556701565,0.04578153716810347,-0.02229729893617032
0.0288965751251749,0.03237762073475796,0.05358360969885093
0.08542028231497202,-0.07882133566297984,0.02633900598001057
-0.001338933384318038,0.04996175597103604,-0.03413638102369357
-0.052448567212288674,0.07866585060920811,0.0635052443694613
0.013704172268914891,0.016740793305806072,-0.0002763253735546256
-0.10230014514322457,-0.0552412205156698,0.027233754808163195
0.01854427793506974,0.09003480739432031,-0.06685558142488171
-0.025758424211472963,-0.04166177420164487,-0.041884165893100365
-0.030685427096829244,-0.023545810039945977,0.0018417940437627468
0.07182439043252466,0.09036506655656205,0.016085972974170425
0.021565699221398216,-0.06273519231960689,-0.04154802086204052
-0.025396997055753608,0.01539520882181066,0.05390067336687977
-0.009141543993170527,-0.040941755355854516,-0.0010781127035495728
0.007482757068979962,-0.07550165273258491,0.021767071194698978
-0.026457042270736576,-0.09540901988121561,0.010727174947685436
0.09101236707816589,-0.06796259104596704,-0.09932399278879545
0.06566924692382958,-0.007804685507783379,-0.0009315063080180992
0.0571179110272176,-0.11001286362924592,0.1232549650961907
-0.038218106222236134,-0.02909080796201513,-0.08318312820365749
0.05336108835537017,-0.06486889189320717,-0.01808411629114307
-0.05082353322932931,0.03719965648967492,0.0228618266277561
0.012115415427462622,0.021684294768014443,-0.03854373941685992
0.15133227898527668,-0.03433316324512565,-0.01697441968282538
-0.10797470897650463,0.04428679215375763,-0.03864560222704298
0.04374769879512262,-0.029035092109039283,-0.017799789445339036
-0.08442402276905923,0.12216274285902155,-0.04790522990923666
-0.004307704609475687,-0.01423636708999027,-0.025336216297520454
0.019559986382222155,-0.026209768760794696,0.021991316353942934
-0.028616033305115272,-0.01940235329077263,-0.008622592076232399
0.047704454782441015,-0.010900409889698101,-0.026799991782332645
0.009141208364959593,-0.05298390546016244,0.019549869947744124
0.0001758467690930977,0.029325306482614465,0.004852216728635075
0.0744238566391128,-0.026050226725271308,0.060038321678102496
0.008844352930719581,0.010267092370251876,-0.04885745781621941
0.0374309821003082,0.018601440302039595,-0.07301024743520905
0.14693403862543078,0.06710860002708985,0.0423283862173328
0.009906393407310627,0.02740547096065883,-0.0155651928241536
0.06255356819284515,-0.011035317750964805,-0.040023539768286175
-0.07182763870319006,0.027035928418238306,-0.050533426031685695
-0.0029558037018736286,-0.09277079678111064,-0.04935584643167152
-0.0033509769943998154,-0.01988171479804661,0.05342695914181957
0.041176454196306354,-0.00791678862007374,-0.03995761138364265
-0.0025241336629733073,0.0122519732216948,-0.07058041495136362
0.023553887267834715,0.07387557695527187,0.025756495481864428
-0.04585711744050695,0.009618893127025026,-0.051248684444927396
-0.011650822817610002,-0.021339911250797292,-2.4110752310514162e-05
-0.03637133753033968,-0.03307975880721061,-0.005445836080129383
-0.021529548304573945,-0.01686923887778571,-0.029326217704603967
-0.011677504861903004,-0.007515062341868458,-0.03705116237636624
0.03106825703329984,-0.10872883438451499,-0.0740787024097611
0.02352218057734458,0.031291716855891945,-0.06800686920281662
-0.004196115077557544,0.01090150610547579,0.0011372306829345756
-0.01670476835880619,0.011595084837523816,0.03192057612723555
0.0005792906899354539,-0.013848966564340141,-0.030482142776108903
0.12210242027359006,-0.011303269445765356,0.02746575465355929
0.02303883082260763,0.020927065689581442,-0.01656533411286644
0.01265098913353587,0.033603944782514064,0.040637264844430664
1.1657875245789026e-05,0.021080496182525728,0.030290982201431775
0.04074644981572582,-0.06659632905005952,-0.07742963067688491
0.01700120896275606,-0.17492484842942738,-0.031974696159025755
0.016521902272998608,0.006087354346142762,-0.027405424262789517
-0.08072426282958707,-0.056541037713432246,0.05294395195523817
-0.012493051512621412,-0.04751993648667838,-0.04112682477707174
-0.03967149623287762,-0.04366655078560572,0.01107712914984742
-0.0322437876579104,-0.0032568926424343496,0.09008888897184543
-0.03517494115084539,0.028448771487239302,0.017108844237480145
0.007260474333340967,-0.07984728449888953,-0.0177389106128166
-0.051526382426978164,0.08016287001713047,0.07952897782362706
-0.029932807622432278,-0.0399076502299139,-0.0493498514349273
-0.02524509972645452,-0.04662062383508853,-0.08691268767003683
-0.017126464053679347,-0.052008587347454616,-0.04181341477383675
-0.058579866723188885,0.012167746994020054,-0.005095130246479243
-0.024387404892843426,0.05225425709889208,0.011702320295208858
-0.03594002617748629,-0.08859334379980617,-0.058548345768553584
-0.02835432193939874,0.01086316602072662,-0.030836617933937167
-0.004460501603181925,-0.0022135799653227786,0.053191997212934064
0.02113014581876827,-0.05433283678633785,-0.010064497118537068
-0.01637180363917841,-0.055554509379523,-0.07843666566710507
-0.025748514193521747,0.07532130395007362,-0.20374568296937356
-0.01521406280913899,-0.018077349348696342,-0.0017490652806543012
0.015533514040130748,0.03132795864476606,0.05142297144190814
-0.09703226142901389,-0.04602780831965986,0.05332848524518774
-0.03885077379657236,-0.023529618365521768,0.007918491767369305
-0.03854167247211777,-0.08493452821844748,-0.06673758914121
0.019639729308890155,0.024361806155068975,-0.03401176901846706
-0.0249119094134726,-0.056867252834218486,0.015208705109713196
-0.034577115588658044,0.10702033999523283,0.01741545750732955
-0.01459910512552354,-0.0274956304771288,-0.027543531827497515
0.08267587520776275,-0.08046482609135786,-0.09731638405632638
-0.015542396943772968,-0.09039189291085799,-0.11504575355815998
-0.02099602080566079,-0.0478820066627107,0.03790142580246736
0.0324716412024577,-0.029429801954031408,0.007011716891622031
-0.08099359853601634,-0.03074874072967603,-0.02398830043771026
0.067600760650525,-0.02472994138722893,0.0326562724709302
-0.027905454838080403,0.06578963287311382,0.003735042727857591
-0.03848474851245878,-0.041362947043354095,-0.03925418321098405
-0.013828978945486573,0.006156433198838178,-0.030054382572547132
-0.025938561143692328,0.0035217309344787173,-0.04500397613286976
-0.09353197888672646,0.05125831797575593,-0.07604906276998548
-0.004853410080199811,-0.016825094329740255,-0.054350385015551464
-0.007242855467864528,-0.12504414676023176,-0.02041510821835382
-0.05693386866218225,0.012080619487114343,-0.0788920397617262
-0.008372708675124433,0.027571169553502906,-0.050789438539267276
-0.05127684978877173,-0.0016497811473081235,-0.06381147905492657
0.01878046504404858,0.032214258700091015,0.09404102374032883
0.03984836072920078,-0.06265416114219113,-0.11075388835468888
0.02233855259020806,0.002477091615440241,-0.09800851547473685
-0.015969470912026506,-0.02839164926466095,-0.033961248023815886
0.052997750224518386,-0.0008929099184816804,-0.09675007818492011
-0.06415313845080184,-0.0343715760850557,-0.019781313457388667
-0.03828495746798319,0.06381432204989645,0.066117199672481
-0.01472490925930318,-0.09789719458078036,-0.012726162935128175
-0.01960128998205865,-0.07804741077152853,0.023782265151675877
-0.006143947761477085,-0.1085607025614968,0.011246202443344858
-0.00040093425095178575,0.04074782154441435,-0.08090871955831908
0.10173998389917648,0.03336448704420085,0.002183277651203904
-0.05824764968264934,-0.0023270195316846126,0.03291564748233042
-0.10267056398337193,-0.038088690123562696,-0.03161889775711796
-0.04727802380250956,0.024817211697418004,-0.01905430051657147
0.008618869404760927,-0.09877426265326321,-0.0661711373647066
0.09317683895252883,-0.0346463963383529,-0.01959919134194262
-0.03844683182705386,-0.01783737730043502,0.015669585175074698
-0.01994733327132601,-0.045594718208746665,-0.04718466731053106
-0.018984071159378925,-0.06163355888011844,0.06771141849454883
0.06656108639838669,0.022197515704623666,-0.06974654468290181
-0.03746772968770193,0.01963481000417986,-0.022813669504800627
-0.028043244385984295,-0.07653027370255254,-0.009705975954581125
-0.02543170736144729,0.000313290480326571,-0.03197195614204285
-0.046210471296345285,0.0703590570591486,-0.03872906037509367
0.012309033991406298,0.03480684448874831,-0.03310440283339645
0.001515768318076833,0.07267690304032311,-0.03554537362582262
-0.031560011811811596,-0.006307368809683142,-0.09953874818009784
-0.017637525638385325,-0.025881912396352832,-0.00968660531911229
-0.04567038572273407,-0.0914029190051732,0.03468173390112941
0.059202289156871285,0.037744084290325414,0.07695622439184216
-0.020073256086353415,-0.04115928397524278,0.039660741728605606
-0.05952984032611815,0.02014673974763601,-0.0031731423340118567
-0.12526227046977373,-0.001618902197262937,-0.00922865640591504
-0.043231878913065874,0.017212930253646425,-0.009612162832911436
-0.005535058126594307,-0.01874991637740721,-0.0043970582193400675
-0.029769317914103907,-0.06350020308705717,-0.03886090553511116
-0.05869806050616719,0.06307503310395209,-0.11371558556856168
-0.09842018527235015,0.01282082130730883,-0.0271571608656111
0.010301670163192663,0.006952263433023589,-0.02622003038518427
-0.006805807819915686,-0.06334186302334205,0.056425802508215245
0.08434441350986122,-0.0186696968955169,-0.03133876379455783
-0.10141917156918326,-0.09053753168097922,-0.08477735319718115
0.026128056833750263,-0.03639504932781689,-0.029512802121888893
-0.01828588815775889,-0.06527102069556587,-0.11530612137261365
-0.006471724210926018,0.005501312658793316,-0.07172867485466454
-0.048914416738376744,-0.10607916941940128,-0.09685766121074013
0.07588455904783341,-0.06228396069054655,-0.07406035449788025
0.04860632524296821,-0.031496824764781606,-0.03669552973666685
-0.029430908998168918,-0.10601715938978401,0.09889294161572831
-0.08679087380138978,-0.07144078535059438,-0.05066853788905164
-0.02012914103446839,-0.08888824688527878,0.005686249908966181
-0.004402313764124975,0.007139162603929338,-0.00860887388409823
0.02291387070389273,0.08020071973635419,-0.02094611973096918
0.012005282655868369,-0.08765362151157352,-0.03161843387121996
0.002761503107670406,-0.028783740173109383,0.10160060424456073
-0.03754816115079246,-0.02968975267155284,0.02840058583712863
-0.0029796807840943244,-0.022611513050460705,-0.02523634095354238
0.039444214108525874,0.02602530399778877,0.05691966604978027
0.031089754302805757,-0.00847508836555297,-0.06848316683864947
-0.011827938561344419,-0.02472510830640743,-0.05907714944004662
-0.006994010798086888,0.06661534402341714,-0.04013386010170494
0.0419269069025202,-0.039516785828676765,-0.046361324539766505
-0.05272210335457601,-0.05509713770603868,-0.07261722778387594
-0.08662149593652728,0.020991156272591825,-0.06419305875166122
-0.11228838513510192,0.045718029410206446,-0.017303155812553365
0.09223229554273916,0.07694480783894299,-0.04324475789812375
-0.01618485909471205,-0.04651102263159562,-0.07483815834740178
-0.04830191379617265,-0.07174766332602434,-0.027611648214987076
-0.029604724482171094,-0.0362740514012311,0.02655408418185802
0.028337944024097908,-0.01874665673301887,0.06387732027399232
0.07710842603805548,0.004251042624935426,-0.02812825812560635
0.024053868294113337,-0.0028939141674367824,0.013587810785129545
-0.07978338450331454,0.018536122107466132,-0.04115280079753149
0.053621092921852874,0.015657609811905178,-0.02845993325829621
-0.027382702412056592,-0.028555578530415956,0.05992851617549179
-0.038966823700037186,0.02862091572418679,0.060801424412095205
0.04928829525999769,-0.03349891920286559,-0.0515308363807418
-0.019518023769158073,-0.028359536847666247,-0.07933413111526016
-0.12139703469554684,-0.024646167748309834,-0.031360477110234854
0.040678127036256895,0.004039130783576577,0.024988125276388606
0.0014566759963336572,-0.02426337665360271,0.009502298672579379
0.046125960444461905,0.040182078256760484,-0.10594561572500423
-0.031532043169470655,0.005089830114156677,-0.003997394232677277
-0.04046917403218856,-0.017633993032689366,-0.09070598021618595
0.020530330244797203,0.09865697857799514,-0.02362267248365528
-3.0057704737698754e-05,-0.005725174110333973,-0.08938583809386019
-0.04940237838025387,-0.010699705116444436,0.017475668414529747
0.06696113073425784,-0.041628677737336056,0.09780022509379055
-0.03858197700492812,-0.09445787374131925,-0.011050590886148636
-0.026038930856530758,0.021009341964767045,0.03479117889277008
-0.06183517851080102,-0.0797134369203942,-0.07084300368127155
-0.018780061862937642,-0.02200051516292867,0.008158463706577903
0.004883676512997251,-0.03606327206871685,0.07645411127039117
-0.056464501037109205,0.03552586930378272,0.015312595745767257
-0.04347665415060189,0.002724401279086538,-0.037562416358023515
-0.06181977645387044,-0.009572050296240564,-0.06470763434835952
-0.06139377945444069,-0.05060787890656359,-0.0040755751692361075
-0.009165893966606102,-0.03237198135980198,0.04979632481911056
0.11254138439569648,0.0265286184841016,-0.0666929226562471
0.008670725922105861,-0.035695132475758465,-0.017629381748529682
-0.011054411711507176,-0.07236912048055516,-0.04357042214844702
-0.08556809482660548,0.029080510925709385,-0.003055368827620481
-0.08185061355625096,0.041620241309752184,0.01786807922941654
0.03293208687804156,-0.04529261605025602,-0.002747344061658805
-0.002555577948373486,0.000395648769085496,-0.07132379831417446
0.002546621348884127,-0.045858492571086845,0.06362538492069575
-0.11669899778375131,-0.08760032706157911,0.03294942779345585
0.013097673059238061,-0.004098744732404648,0.03681159225823417
0.026887497301615618,0.1062495667287947,-0.11720719914095461
-0.042327552177646485,-0.0036090056735549503,-0.042683876961547275
-0.012348735622537507,0.030708055744051995,0.016229333573921218
0.01129544744812589,-0.06968569490739485,0.04603227260350873
0.03707211396298518,-0.04071949050731154,0.010020426328482464
-0.05345359769807445,0.0256318310824106,0.02974755371185372
-0.04888677515950367,0.027586700258907262,0.05022541290431354
0.07075608116136292,0.031076436252912287,0.03938903255665512
0.10497581981300998,-0.018815903382736126,-0.01520529626297587
0.032132793080536924,0.03133639399378914,-0.016522012685568896
0.005511593498674283,-0.001417409376068543,-0.034343963881655934
-0.05458148570094888,0.14464241461305563,-0.026374478262913705
0.01109837139857161,-0.14558321260766552,-0.04496686749506553
-0.11626278640581508,-0.06098052060845587,0.01344456731721608
0.02515768564004766,-0.047178114223287014,-0.0017391188230947978
-0.062093163144616784,0.02096227032143973,0.07768551856700202
0.049539595643026145,0.06630765432730551,0.09794730775101489
0.001231916069176495,-0.025286455401547447,-0.07410227428793464
0.09895972570965055,0.03162710658377144,-0.005174133672041529
-0.10329806152167356,-0.02221690471695948,-0.0019948707033142134
-0.05102113863136119,0.05340909838751491,0.01970228400905473
0.052564187853790044,0.008535704769109205,-0.08108454298771953
-0.10194268950950762,0.07502940266637935,-0.013260010398615293
0.04563097985219349,-0.051393122523927096,0.007929686862405205
-0.02238571172178836,0.017188361342778128,0.03300404254747779
0.07000761245440774,0.03667824501660913,-0.026215485040695628
0.023118628120018227,0.011422537944166224,-0.019426403079030687
-0.0737604020423184,-0.0682067533417538,0.008607429151527787
0.0181726854619352,0.024307335752819022,-0.06891627405894146
0.005033981806721861,-0.019870552213434263,-0.12332960168672245
0.07455167299923939,0.00619992593756781,-0.09579886039483296
-0.015769365533525117,0.07800423568291295,-0.03215537317097575
-0.027480645696672225,0.0031515726692081716,0.07579373784910715
0.0016687786233065037,0.020642798614970908,0.001484812458192263
0.06376756911085697,0.07446592957028855,0.07122619023040586
0.03043763420900627,-0.005297285004112841,0.06490737537819143
-0.022605388131853518,-0.01968179605633711,0.06525433008572573
-0.0540576272270247,-0.027072287522649636,-0.041877421047823965
-0.07174475395258137,-0.003385199915090213,-0.05096200979139534
-0.013177589840148603,-0.03537487660673584,0.03517043278162732
0.009207135604482778,0.024038865249439878,0.04021629109059764
0.061711095153978435,-0.02793379067273759,0.0159823590339473
0.08602534256597111,0.00593398952147901,-0.0162847329120973
-0.03646970201942862,-0.06363302565543674,-0.09067531118791441
0.031658040816440844,-0.020885474185258535,-0.0524725208387595
-0.012594216602480545,-0.05069174313079055,0.043018475919924186
0.03628478887641459,-0.057673049492986385,0.054239886182740345
-0.053590285096207106,-0.05532966280097038,0.0005639840308268671
0.07824013447077995,-2.2322520080646918e-05,-0.06205340954481592
0.004461264154609398,0.024232029135537368,0.02785058732215719
0.10864825048791933,-0.02598374313248914,-0.0030422241692439622
0.06913565026834974,-0.0438954753495997,0.040555705503178247
0.023147451007144125,0.03347011764796566,0.02638434394095098
0.031680424633330435,0.013867359189966844,-0.005516029082866797
-0.02155051695599123,0.07334651706849311,0.06316190719251794
-0.0010224631747653267,0.018878926651424023,0.0036487592033167746
0.0435428519770866,-0.06271079921896622,0.06920727099870425
0.02756017008149645,-0.0466690878912989,0.016981034004750758
0.013981106910593939,0.05694775846701139,0.009269687796985905
0.023699780082076613,0.053189739696910335,0.03398172485355502
0.0098173093728214,-0.01104919483526892,-0.047251185620987485
-0.07791210058106954,0.06734648949739519,0.09519855006063561
-0.10681043260116212,-0.015565624288328639,0.06848724726296555
-0.047346942590022874,0.08143147102967985,0.05001695748735762
-0.1460822387289241,0.012642757951684094,0.07557747744118631
-0.013591962481817271,-0.044065979171451164,0.010868410389326441
0.07443982807966487,0.012229032333230645,-0.08282287471516771
0.01516633066920305,0.07426809602921425,0.007251875443832906
-0.02397433180290725,0.06512126176068714,0.01760440428722365
-0.03407212834165849,0.06724019334714147,0.10740016815346917
0.04462678805034458,-0.12886037777162887,0.06632916967761113
-0.031843478141734674,-0.0017026883533641027,-0.043394849482098694
-0.012003438917885884,0.03226303481441241,0.021762980541850246
-0.006706727426179723,0.04239040333383719,0.04184673941754288
0.04487928942059391,0.07264293153209875,-0.008779522366595849
0.0482315603517953,-0.09133530564278938,0.007896546346950374
-0.03267355615089279,0.04463012081929654,-0.02020419234419631
-0.03479979443247683,-0.08169418158833659,0.031089727256623435
0.07059093671124587,0.04317923629322574,0.03103994841682048
-0.02306852281813861,0.018932745221476893,-0.021340133948444844
0.10575556317716578,-0.04775245074875933,-0.023109161688796585
-0.019812484094919924,0.04147603965814148,0.005708160918355579
0.08109984570369226,-0.006218436429510123,0.002955080303175678
0.006812389451791547,0.0217789733676063,0.017350078382170727
-0.0588471122002681,0.1462821066653713,0.04368798148580193
0.08779148557202396,0.03354793367314971,0.07607074274106129
-0.02061922290272074,0.02797942881522126,0.04195981605164076
0.09266261456354796,0.027629928769620567,0.03470729835757899
-0.05115727728529463,-0.004010733012166763,0.1446111271018307
-0.02961195463717519,-0.05540172466740648,-0.016707497292534658
-0.07697103831417354,0.047712344728545276,0.10584822079730472
-0.03801167136489894,-0.06444247775371333,0.06827774068303709
0.05560068120401425,0.05203789510446309,0.012111854653427713
0.03646866614984825,0.06061213744775608,-0.0217973860985196
-0.012787415574608909,0.05978907642062295,0.0261126165406728
-0.0453087179356316,0.07135038264414797,-0.022759112990255067
0.03672920035367326,-0.037158917723701765,-0.09455074180286233
0.09098563927309526,0.0755509188484648,-0.019970856691749327
-0.018296596404913355,0.005845929763365397,-0.017087800207699674
0.1134410595413656,0.052133292701583,0.029743092417886263
0.0306624051546531,0.04930005762188376,0.10515559710143246
0.09517606142489636,-0.006903347260259884,-0.023754664265566505
0.05306557905860389,0.017047721471634934,-0.02674776702518254
0.012131784433334736,0.06624061352433985,-0.012294696760388836
0.09651968071777275,0.04042936310087438,0.08382949795081945
-0.02078388582416826,0.0741668478051081,0.012884897159290688
-0.020035542618283407,0.07568891727012571,0.03695858851168815
0.039925325484799934,-0.04941944920797583,-0.031906128444774674
0.05845679770307108,0.024848261713149602,0.04046138412644194
0.06860578030504452,0.07309338554615384,0.021932828334049442
0.011191986678954663,0.019775730021624655,0.035877314274386285
-0.022601826931011784,-0.004979633025800744,-0.027356960171665192
0.09457121508388588,0.0531887400228718,-0.0450679461085335
0.06467077993894595,0.046628704295879855,0.08273699539478008
0.09853321903293541,0.08471212398420355,-0.00615422485359798
0.06295511274345195,0.04788647990412401,-0.00067039254206578
-0.04150397960559947,-0.07460807341808932,0.004262989300538037
0.005218023240994045,0.1418907492112917,0.08091896012416727
-0.017059275776443922,-0.004702604051867648,0.05553001170713993
-0.035426044229765634,0.0021821476799086387,0.07908144304548684
-0.013430216410446734,-0.03237943644123699,-0.018096487891871654
-0.013969096206433329,0.08638481655491795,0.011858995910441138
-0.05512663946045188,-0.03479844538563431,0.050877342612087914
-0.014601208810302316,0.08199529684891052,0.0930873326264457
-0.0598751234954565,-0.08387737413375294,0.0010718403104804028
-0.00626046809345001,0.042386208215778605,0.03909474607884474
-0.008927588069789525,0.15924642622143778,0.08881824820933809
0.0804031546333515,0.07948276282842462,0.03828341669744912
-0.08090429600393928,0.053392148936261694,-0.06305664251757145
0.0970396000354488,-0.03015526612887744,0.08034406083590148
0.07251799257392628,0.037859200369684,-0.053344900537460146
0.05473962318867652,-0.00428066710679954,0.07386459753552266
0.019191753207032668,-0.036800988601149685,0.008412942837372029
-0.027856570883268775,0.018075640605167666,0.009689114886813838
0.03062214391118865,0.1048251602602529,0.02055361419601977
0.14607617100138753,-0.05204108094091829,-0.02424971878841652
-0.015035776761309447,0.030155281804637113,-0.07028484551681038
0.12625857994059841,0.033412516081465476,0.07967957569534223
0.008238992513221743,0.08154842880857012,-0.025289691629159648
0.07020032111956062,0.05641028464931269,0.04600507708698393
0.10046604082241214,-0.01960474703290496,0.02337712279393278
-0.09173034066426547,0.1179951149165555,0.055326927200455234
0.06916085650797008,0.10171443929955408,-0.07127109581990715
0.12568190593282547,0.06163478192523407,0.06250998090120743
0.05389248064733642,-0.013278388286274624,-0.029407577505093492
0.07648744063137054,-0.07000989165285547,0.0032090893999369655
0.031035827489312422,-0.042135529314447764,0.08014485883215096
0.05937736917999034,-0.00263467005941,0.03642494851324596
0.10227150309130273,0.0435755391406466,-4.274838899652467e-05
0.044857121143213996,0.013977510481994884,0.09139135052723017
0.07237328610855256,0.033245185349422404,-0.013926211259408149
-0.0007795628997792035,0.01577310784676925,0.04400166290968892
-0.00040016335786026425,0.07453157618517296,-0.017014130149153532
0.02889556226361408,0.0028113356905525837,0.06266367620929433
-0.09594026473024425,-0.003123496366493627,0.05050097647274962
-0.02885754984742177,0.09450462944107259,-0.023657382843462606
0.008710818014389764,-0.05023458328542855,-0.11750871787550198
0.005844813784607793,-0.028049564444669432,0.03259251430335309
0.011536918433070555,0.0371017894944867,-0.001505078472555611
0.04474283385470916,-0.02149915129556123,0.023267968207755958
0.061170907901224196,0.03087013665546367,-0.01278334270722887
0.003339938151424795,-0.04632605558917261,0.039189413661438285
0.029930313971987206,0.06368081123357161,0.012000767171913717
-0.001525829379937161,-0.02084313601913548,0.03261967474555073
-0.02277142886582333,0.02225089963458256,0.07770725734968491
0.07329967763946363,0.03751382687844042,-0.059188859613536565
-0.03555703995377338,-0.04209379824958074,0.06284037315997099
0.026374956357175433,0.045436397610057404,-0.027035798396184196
0.028704648395540523,-0.04397968628059878,-0.03144403985059066
0.10365357282310964,-0.0023916967640066258,-0.1206676305538352
0.03124112238817391,0.006565305598478229,0.013446297827211798
0.020387491015435397,0.1137378059008764,0.03890810954652401
-0.0965100858246838,-0.07674568080889342,-0.031888195810943765
0.03181788436039483,-0.028704382634715652,0.07229029060547161
-0.021714768721024374,-0.015529875883450965,0.056226954558742374
0.09002588252943736,0.01024762403304294,0.054182762476823444
0.005107330632150616,0.0636070201372723,-0.1009307253918597
0.013938657232589479,-0.02994023027226437,-0.013815954003505567
-0.01734755090079932,-0.04891358720410129,0.03937548692741445
-0.00981248103250248,0.03787174363184697,0.027243078186263057
-0.116065647368428,-5.766283379679202e-05,0.0715355912885985
-0.04821016025499704,0.06950799373244704,-0.020568975388316306
0.01969310119269925,-0.03154924451346881,0.0214394404500565
-0.015601429600757933,-0.050021863361630683,-0.06227701852957464
0.02334793842592346,-0.048341888530078855,-0.12643514191257807
-0.1253930665544625,-0.035082198562884755,-0.03572818549317918
0.04541153299050464,0.07857795529871733,0.010604814545311803
-0.028809189793444916,0.0052160831629159375,-0.0006721159752570999
-0.06755779666350557,0.014662486054371794,0.03636393046134494
-0.033497161605577586,-0.032869450008129436,-0.009999788675811565
0.14731038882168476,0.02848560182557277,-0.03882866801471754
0.056448842003013734,0.052882631579770446,-0.0004369578662470081
-0.11758288263875674,0.03850944892629401,0.017486163039629462
0.010067488598560648,0.004695181189373459,0.028192601493649855
-0.009443677514399089,0.019523656220832443,-0.01730664569786959
0.042972773740839056,-0.021024537564062862,-0.004008894538633371
-0.040393533106221985,0.053697346571838334,-0.02789741744506137
-0.034805344782036805,-0.024363525304661054,0.010932699023609925
0.019027428249754202,-0.05108026379178425,0.010954260798833423
0.004891924844874625,0.018283078786948355,0.02517342344378597
-0.16004806531212956,0.08037583331790282,-0.00873196828223557
-0.07968588528200474,0.002631887342346234,-0.0414676962224813
-0.02119812546444347,-0.060772514618438994,0.03145155889029441
0.02268631450835235,0.033920879372087716,0.018039824468081538
0.07441078239378862,-0.03911256782277064,-0.011948832555642603
-0.021131413440602435,0.01105781670458088,-0.03389758789436188
0.07322934802388127,-0.048058600198150274,0.11937374515830794
0.13784718789713468,-0.03723398176607412,0.024294521826968465
0.02180106771793903,0.05894598321052377,0.06480065155561554
0.003091198364784707,-0.04054523744234339,-0.005778481986855351
-0.011554305457927806,0.02711184320634565,0.009471806436524463
0.08033424507183846,-0.0018395430573232845,-0.06978469717979749
-0.02669758193658731,-0.05865908064107333,0.032177622641220274
-0.04435010108510511,-0.05593002083212938,-0.011516411250025298
-0.04041195957189813,0.035501544485504674,0.06991216865415553
-0.050134762493110954,-0.0003811054417469986,-0.012691102823253553
-0.06882132846699897,-0.006673807012867014,-0.01736182895790124
0.08097789187920693,0.041135641777458425,0.02994306879693838
-0.09160270936026649,-0.04515263377856484,-0.017788856844600832
0.020257792569212518,-0.0750600683557887,-0.024640276444098684
0.024630903067373245,0.04465022341087277,0.08033640281933796
0.029840176543737554,-0.10563899227143095,0.008528156819130937
0.018913436166806467,-0.01934105858407421,-0.05145929656569466
0.04294447730487301,0.03775942484411867,0.09129915047833062
-0.025922718607908492,0.09069691448257539,-0.014809081263233438
-0.06529165467005073,0.03950137595945489,-0.026383562475341654
0.048189859904531035,-0.07407827408555048,0.043855057126763825
-0.05463976946131445,0.03038253743430712,6.029385909426567e-05
0.02567834186194475,0.019354285231177052,0.0985749406296537
0.05331467111164087,0.07101174042404307,-0.019268805939807516
0.06133746552777822,-0.03530632325688438,-0.009630516791540401
0.01858698892152902,0.014378523445482579,-0.09750221727773453
0.03959898373096097,-0.0038310527812676813,0.0810886013274682
0.0012893293995837754,-0.05419815691582182,0.025799657228514895
0.06738882187344346,0.0375265313334179,0.09613974347228224
-0.04586740909478697,0.019728208137755353,-0.011355366655417195
0.08064989212326809,0.05417793116259822,0.005802733525518957
0.020012737067125072,-0.0038120613249779675,0.00904643144032042
-0.07096683117290734,-0.050299115155842365,-0.06163209542680654
-0.052674756672604406,0.05828872200007271,0.10174938112681314
0.02053306971703351,-0.005789728751137889,0.0043322262792009
0.021219364475314924,-0.018542663478532513,-0.011582595314147548
-0.07887733472118313,-0.049013335378673764,0.04575721440898796
-0.01203643092972653,0.09224808156118143,0.03632573344299725
-0.0735628531023449,-0.03980691089055675,-0.005036083446990353
-0.05655271875978901,0.09155275265899102,-0.0412214727525175
-0.03321600467029076,0.12424473802959109,0.023339236771195884
-0.03854363219364959,-0.12724927065534697,-0.028794623543359717
0.01206524835137158,0.07018470747651696,-0.08921277165429213
0.03642184213363473,-0.04242349196028954,-0.020497289390719528
0.015375176493472458,-0.07102064549058726,-0.028658677221179377
0.02792991018619053,-0.0987527968623286,0.013826360781113519
-0.026573405902011044,-0.03279689309397907,0.09172607739465681
-0.04626302480971217,-0.05812707467535552,0.05406669226687985
0.05748543828269308,-0.008236390599133085,-0.026757117887769452
-0.029167682640750064,0.01817544042439223,0.09725587640797223
0.05618046942330593,0.008208733750904631,0.01776515058453905
-0.09408913223799302,-0.030019612736906155,-0.09002828171780929
-0.023412972297824117,0.005279702908006719,-0.04138153615886952
0.12300073078454256,0.00043124425412096115,-0.011357459751105563
0.07109094730490513,-0.004386353385059456,0.03934081475552749
0.025815836420328413,0.10819675180581417,-0.08261195428205348
-0.05378307859555008,-0.12028991390300894,0.004263005714613331
0.057364053387020386,0.034524990202727396,-0.05629548591288435
0.038030562411302114,-0.015620036983724238,0.07486691025258306
0.010097376309962647,-0.0032990579415921577,-0.017963392962629308
-0.06654221950327249,-0.020254194973520177,-0.0415739439414288
-0.08031402023808942,0.04374884349781632,-0.07601299973079104
-0.01761212300596655,0.0032461424477460855,-0.03441555066016642
-0.1135773020134759,-0.07701769256694876,-0.08546265721991732
-0.07210818488074239,0.0020815329159297076,0.02613666034093973
0.022326703409247906,0.009061547223875494,0.04397990678200259
0.05349507590908044,-0.029221904155123157,-0.017755704706730876
-0.020362783537432854,-0.14649596533163523,-0.020185962900670235
-0.003795789645635421,-0.05633332297447616,0.03867264670855165
-0.0416852234440247,-0.026377020579175004,-0.029595134133813865
-0.0203019408234315,-0.01031821651597414,-0.04043323437587372
0.05821679187356981,0.016310142518972136,0.006977057348142194
0.002298339404977919,-0.02046933671514112,0.07694726940726776
-0.045738595652799856,-0.054747318887345395,0.08495261939495091
-0.027758411895495504,0.00029124025071412124,0.02132753924861874
-0.03197361522590697,-0.06310439715274976,0.002532737536545395
-0.03791650703117364,-0.015848802108983862,-0.035388819791109506
-0.09639374358966114,0.0977311254142073,0.024255843475091472
0.06021156934920543,-0.06520048909614765,0.04128501669232449
0.07259566916138435,-0.022919518850083368,0.038957572636002455
0.003298688321448102,0.030917256145922636,-0.03446333902732735
-0.05311292590547699,-0.057443503983660514,0.02068422799863602
-0.03072726774095792,0.0651682119735188,0.007835579558545126
-0.004655766564527826,-0.05142583501649168,-0.0784047865821508
-0.030981059953511296,0.00920434410710802,-0.01673224323080044
-0.024739322289304082,-0.0180880407320183,-0.0015102338266990353
-0.03944209317750706,0.019592649125304853,-0.09487039062162225
-0.014713377478500662,-0.03910140338546737,-0.006005501412740952
-0.013828552959286845,-0.013543896466364686,-0.0021438320622801273
0.019444245572707818,-0.005293422689617255,0.06610963582495888
-0.005547997722951005,0.04898048545682063,0.013890420838722575
-0.05869042130163786,-0.005620292259530429,-0.07873957936719515
0.019096000107499386,-0.08374888999689309,-0.01090076956790645
0.003635110002469615,-0.09637983085844762,-0.019474365099347933
-0.02917108037793541,0.02651323507275438,0.023394001037941457
-0.050971136374470184,-0.052638770896886566,-0.02316276362704153
-0.019745681144856145,-0.09248850701118091,-0.016311639832199114
-0.03253757201982711,0.02334842751447008,-0.07286431265081748
-0.05505510923857655,-0.03826865667758153,-0.03388660718778845
0.032913554616772436,-0.019008689918952812,-0.05016069209372091
-0.046724750576052854,-0.09710639213116157,-0.03002475799464511
0.049001006936866376,-0.06809856695762181,0.025485897537458016
-0.0804710584789093,0.013599406954285766,-0.02370802067051031
-0.05631886379381279,0.046104803123803634,-0.046317585920384235
0.020263422262606905,-0.06204484384426239,0.05691004738349769
0.010951102776305253,-0.018988163768879723,-0.13395664678904518
-0.024087112369210666,-0.05137312574404544,0.03322739962944671
0.04717977389501593,0.0425764962549728,0.02450427238939613
0.005333776136808157,0.058583631517383196,-0.06575460683532636
-0.06960435215187664,-0.07282191213462891,0.03280941661739987
-0.18614111419834437,-0.0029476711669594105,-0.04176100970616684
-0.00885826492414754,-0.01995017573389756,0.00962630775542946
-0.017767285597683126,-0.0012734460514603023,-0.05003058425690483
0.006411613216864669,0.026654746524993306,-0.03641027802807521
0.010989416809610877,0.03462068071934057,-0.12986034623329068
0.01665964522345243,-0.04087735358230675,-0.01489652463042868
0.0805244614853264,-0.05209758137206601,-0.027805704815912678
-0.04250389974250464,-0.07885212144149845,0.03261347474091443
-0.06208852732208276,-0.029703391005673846,-0.009151085120968041
-0.014199083489351755,-0.02517128826586882,0.03836170951582033
-0.029787271826176367,0.062077042923731306,-0.04381759188077426
-0.034257106021694406,0.04750303605978068,-0.10694803681116043
-0.036646335399112245,0.02541581657881594,-0.07109243151827425
-0.013994175596410328,-0.08647531084316099,-0.06070613363849134
-0.11742366215791514,0.10214360484106919,-0.0828379963655929
7.785863097187207e-06,0.034662008105144124,-0.047066481500502216
-0.08333531618052578,0.0013696363332350234,-0.12034495179178842
0.013127797461018047,-0.07681950964523715,-0.03480714760847753
-0.013310283284939314,0.03539988598130695,-0.014847664547738022
0.03417028323189199,0.11212230648569879,0.050640627751938685
-0.0322985329695041,-0.06444073449326189,-0.04657662412658577
0.05146576703254564,0.0069331617241814025,-0.12786389318736444
0.010807184202496687,-0.0329427005742271,-0.0668107532634367
0.035821868627034015,0.07391345196629923,0.017151005416902943
-0.039653245768316296,0.050220260042132286,-0.0008660812395847248
-0.004959602163001051,-0.018321950086967263,-0.034544850447943684
-0.016521864853747934,0.060795815743197965,0.09453615796167666
-0.04310684616575004,0.022765541328865935,0.0007132168055848653
-0.05654841888679507,-0.011467045231800192,-0.13121214679621762
0.06499420931927034,-0.07719254713115731,0.02330862888672661
-0.05652671013898667,-0.0426839427679571,-0.07708563392122761
-0.0068518199884690465,-0.05412021659977906,0.07689748095426041
-0.03046343877492966,-0.011603947910507569,0.04387830112698299
-0.05548086217136314,0.04544053787248689,0.003046345202454139
-0.08762545648453075,0.02828252353529127,-0.05708345582690716
-0.032219044697999535,-0.04984560408896656,-0.024394571432763766
-0.017943105038927713,-0.03676872769804884,-0.0824764487918397
0.06247565714053627,-0.07724020809217673,-0.06036019045824409
-0.030584902652100295,-0.03285687135362497,0.012517433275083846
-0.04038836020162506,-0.06285889520388903,0.02753522444371861
-0.061448890868368876,-0.025189553021000607,0.03782805687268369
-0.08034746012961468,-0.0217982831824598,0.025925849286620714
-0.0389945085379157,-0.0095522963229262,-0.021187521398519454
-0.014481755370604877,0.03744351285228011,-0.0173605470287058
-0.09847790171398464,0.01580446993473792,-0.040607776334008985
-0.08763585569926809,-0.031897665391229124,-0.02740415257376104
-0.05346559868646778,-0.028034484817215335,-0.04504771351381312
-0.04642784581489246,-0.00010638542652237869,-0.029194190206573295
0.013258107177319376,-0.06551448426433377,-0.06414277663510319
0.058840345922530464,0.042309773971021515,-0.023826564733400397
-0.014011540591900939,-0.09399734410210768,-0.02682979515218917
-0.025868361749170253,-0.0642385703342479,0.008756826804649093
-0.026180025678964193,-0.009125157518452111,-0.008296365779106843
-0.05842278495180709,0.10447356941835921,-0.005578423256279467
-0.06861134775987535,-0.009426384451623391,0.013495814358954661
-0.029920445849928454,0.01153714007032058,-0.03490002724201939
0.030841965132098345,-0.015587528657297966,-0.05918724744179997
-0.010795786373609156,0.0010723679766974931,-0.0021652720257023337
0.0096170335281272,-0.01584062334382112,-1.892478757479707e-06
0.02880023842715207,-0.014634776452781072,-0.028106799007116996
0.037251293901984305,-0.018999434458871433,0.004635883297440186
-0.023709745635239636,0.010549276755616642,-0.03156835281876577
-0.06978781630545834,0.06083816316671142,-0.13069326310338744
0.05068638919332276,0.021690277143854183,0.006482205539151489
-0.07246616909224547,0.08975381135943146,-0.04094554321692746
-0.0032840967235819325,-0.05368523810129919,0.03798594113172941
-0.04187120608200779,-0.03511741316795115,-0.0008665036701112367
0.014742320716136898,-0.008362115981241524,-0.03915372867283518
-0.0001214156192475193,-0.023652049612900468,0.017164858550035144
0.0388469701351065,0.00596459633473145,-0.002830840662259931
0.06623641878949135,-0.019783143262546356,0.017222476357431214
0.024100573846659788,0.0014529420054734503,0.023173963460854607
-0.012140303485615263,0.04720186804329823,0.026975935528859907
-0.11482959610450032,0.028321691210894034,0.01827494280112165
0.05618849867049778,0.006699561405576435,-0.008275694440022113
-0.0017904197393329756,0.023731391162677473,-0.0009703460455047531
0.04711207480671279,0.07053095962731402,-0.02193609410880517
0.10806826721021458,0.0409048320433563,-0.051721715773919305
-0.06561938890354835,-0.029640753592895266,0.015004972407178371
-0.026023163862064724,-0.05236699101280928,-0.07331220708501306
-0.08372252363914065,0.03709805991620778,-0.078713796524593
-0.06508141627478935,0.007982074619812268,0.01385419143809011
-0.022536776335544663,-0.032065245006322844,0.021451823666116872
-0.016838842514956997,-0.018744247776349515,-0.046586966116178984
0.018896239610363637,0.04829388140068283,-0.02099317419444612
-0.1364457974337935,-0.010067302536769067,-0.02065753190221008
-0.053891642182133034,0.03195966471940689,-0.012752497490165089
-0.023886713551731522,-0.05541526329263433,0.08995329761011281
0.07523914004496306,0.17111707175574903,-0.060014959493640656
0.004037903934603361,0.06649850299192357,0.016658794593458415
-0.11732991238383703,-0.05383693065175133,0.029443860678480326
-0.04304283542162685,-0.0024834856999987305,-0.041317962236739884
-0.007402964836007627,0.09579667524668378,0.056198150431997065
0.043902635041489675,0.009492919423212199,0.06116491786803753
-0.0417726813642042,-0.012797289810916494,-0.09723038606575245
-0.05416224910920525,-0.008480049829461553,0.06307825193435089
0.030743794323820267,0.03523698415071985,-0.013140928477992682
0.003606606160262984,0.0011894599784182086,0.05617392438317858
0.038399660789309405,-0.002042743613627955,0.034045584501518
0.14886215634216055,-0.011812427841032914,-0.07353459327803533
0.04270621061894979,-0.053947600372642554,-0.012478190270418724
0.01566650061176855,0.059020835626461175,0.052811616545962566
0.0021187940034324082,0.0935294644654811,0.019360404136808874
0.011096046407982913,-0.05784701873898139,-0.007920454053124148
-0.007294420185676654,-0.01104395916206569,-0.038330512591347725
-0.04633908482371833,0.01117311049443117,-0.03697417679156365
-0.02152145249126042,0.07540359298185006,0.11586390596677716
0.00725948956964995,0.05207289273214986,0.005060458652628311
-0.13464559925035272,0.009130545959896284,0.021014251452272283
-0.029146753806626128,-0.015148828721052474,-0.05096825564148105
0.05743309153472536,0.03066007714118521,0.06604923997671969
0.02287492999374405,-0.004824692073475763,0.04912610238517504
-0.08188765890246281,0.05655456227208326,-0.021393393886447776
-0.05116237555845581,0.025963653574792106,0.11778167519423698
-0.039838551483829074,0.052939890866973156,-0.06665064646046094
0.030179842818410085,0.06447514021157266,-0.0006323337014184291
0.10608418670458507,0.038621630845682264,0.007517716215242271
-0.0517124441114816,-0.002337174036503343,0.04548007843381016
0.04146135095565266,0.023777228598768397,-0.10051090509346843
0.028791981447742712,0.06701700817733179,0.129312629381422
-0.0040494564490615075,0.07246886460731385,0.06949183078860002
-0.025456122700340894,-0.03380235205072297,0.05941304603169922
0.08501186629747012,-0.05512008327488664,-0.01939705614992872
0.022151572403097466,0.011360872730504502,0.024538155881242866
-0.0009491260302603409,-0.019621163488079737,0.05148691315413233
-0.0076429073707496905,-0.028538504567282366,-0.07446534556253691
-0.11468074191140917,0.04679604930937539,-0.033610499473375806
0.07464822923661275,-0.06881352017246375,0.09359019478030092
-0.04781686347013032,0.007087932644330038,0.0349592157253084
-0.014556760595048101,-0.006225714415137787,0.03284327101086732
-0.009162654096755894,0.005253522578728135,-0.034467461014145995
0.033280380036462234,0.04428655122866622,0.07884854327575358
0.008908067343408774,0.025022812227099726,-0.05803187855740708
-0.011962265353999565,-0.02191880912863713,-0.007670913963339833
-0.024461587851619025,0.05057477120955037,0.03370481713617676
0.028506112185610874,0.010469599138506704,0.060911400325240304
0.10477417956546466,0.1022224407237298,0.007702648451461401
-0.062226436612441746,0.09226774791197832,0.004468479154319924
0.010706894794596078,0.005011883755937419,-0.04151593789236544
0.06696582679740051,0.012555197530232346,0.07704845970967128
0.003133490779386263,0.06548435001738596,0.130362168296696
0.01743643957882765,-0.045893074800052,0.08401891871585272
-0.052983705077521245,0.04699578711638762,0.10780252240396616
0.009141723973338711,-0.09250435594147624,0.02978129486507424
-0.01188779868366925,0.014640960225239535,0.005281599655308443
-0.025327357151233132,0.03339942033823373,-0.027985253752045053
-0.03302627511237448,0.0478857949820288,0.13145486581419594
0.05696520088128254,-0.00959212628194326,-0.014422409036638283
-0.012142244496380176,-0.023519464352366203,0.014607620867857734
-0.04058017255510462,0.032636981593579785,0.045637500640742845
0.008075093433808252,0.012285066109429985,-0.060161359091061656
0.05048913586252726,0.0851345685585648,0.011302612126904529
0.046969255018690245,0.02470310355065662,-0.011926536384678537
0.09304984312119668,0.0018607545480588909,0.003121802871612192
0.09219643439179784,-0.06565135376571511,0.05492890785439909
-0.10672147272190914,-0.048795024263918255,0.08734097609683238
-0.01528190610054296,0.025907774408203847,0.04315309192579539
-0.05837046151410845,0.010666138701756877,-0.03229731843180213
0.011946306364650872,0.020976659289824548,0.061413085213743494
-0.03544207150608942,0.02273465040423095,0.05816091986614376
-0.033153705366279373,0.07612814640450526,0.05721944968420943
-0.0034439260075146798,0.024276927406978566,-0.0500735834463764
-0.035782421565077986,0.15325904560789635,-0.05872811256001379
0.03495149466683966,-0.00458819710690303,0.03240230845183867
0.05053882466730479,0.01651683360519306,-0.03239747058703937
-0.09751433568886626,0.04909010775806208,0.03634986719113967
0.03617943257060051,-0.049705583145409335,-0.051397166194351446
0.03486787743292098,0.018545191141547394,-0.07235688797236832
-0.0375794207611637,0.0394578238353377,0.03144638094233544
0.07277544492398967,0.02798869214859317,-0.007551643256452755
-0.0012909683596251664,0.05388667424614817,0.009068438622149516
0.017284085910398185,-0.051122364078093736,0.03504627982539506
-0.040391639332753665,0.06492185985524898,0.050313895066992964
0.08082276530201207,0.10641568074410547,-0.02542196229974129
-0.037935893733699697,-0.009871580431800649,0.08405606677867435
0.023008676726057935,0.0722942648343097,0.10238688929493137
-0.021099037512082846,0.10444117233277121,-0.017991292462096634
-0.013155253324251558,-0.0051410650944562555,-0.01566712633303338
0.04393624989705744,-0.03577843063652003,0.05227989470278041
-0.03657930655008283,-0.03751183316702563,0.0335331641578574
-0.05083516770243618,0.04996804470302719,0.06385727735523829
0.06277821496292527,0.06367028317832649,0.0030809925568742527
-0.02938323015887665,0.043001161040098365,-0.03954966754058303
0.08109675179313332,0.029193563698685778,0.14421693689907072
0.02111010904813737,0.13811173283941008,0.024926985677779793
-0.04677086842216008,0.05274826478053207,-0.01585111223822615
0.01643440026620878,0.004780348364131661,0.05231861862654846
0.1072374599883514,0.05195325477410101,0.0879967613274855
0.07252497857658781,0.048562863597861515,-0.00346018639236461
0.0009789045684005376,-0.009765851659277291,0.00536045856426038
0.0724714570472651,-0.06476237082732475,0.055860561217155345
0.05766267992431924,-0.02777539801228155,0.0014828884921132233
0.0538602947827765,-0.047800784334924795,0.010739310997044766
0.04127525984701419,0.06120449691119622,0.014125121153406098
-0.0005525814060613268,0.047776895382848364,-0.034472678424358735
-0.030198351942870936,-0.032012912611435865,0.013237950218005274
0.05079368504069656,0.07295625654761999,-0.004935261938285338
-0.004700617803866148,0.12407006396743908,0.07645647941499345
0.03375626353299208,-0.04909459261936444,-0.038947311589476494
-0.0031681652275191777,0.037077222735405826,-0.04225643016620277
0.03485562593801669,0.07130792973727906,0.004035570641277238
-0.006808851062774266,-0.011429376915405597,0.0015364341483147213
0.05387204694280953,0.08617072440559792,0.07146794537764763
0.040118905666002125,0.0504995101745785,-0.007613934001854495
0.04266399639094932,0.032048509667112555,0.06421115213322373
-0.022320761540121695,0.0654187652309014,0.013774955091567783
0.0637506908387754,-0.0034753552191381203,-0.03476973579482373
0.03192173330376043,-0.005521373850984602,-0.06335653111402628
0.05204732175181108,-0.018101708688976873,-0.05355760701386407
-0.007525733367735824,0.07867493328248815,0.10786266480965637
0.02417801123123734,0.008283451868588048,-0.040076542184771365
0.013046391178111946,0.059602934505105426,0.018300107799494144
-0.040022487209864496,0.04404558168652177,0.04347065698077929
0.04744748446182512,0.016067658642548145,-0.06369461281224015
0.06720535858580967,0.009666738130924933,-0.00042904334251808035
-0.0455643560920226,-0.01979317455165899,-0.05673338517953758
0.016019055376684247,0.021004472812689523,0.0005270329642525738
-0.016678478269492796,0.017622680487266156,-0.022999023352131134
0.045266783811036555,-0.07081355779887619,0.026169424622109257
0.01813644919605456,-0.04083871874597617,-0.007913741454804706
-0.07190659278787763,-0.027405007646100273,-0.0006919774840768896
-0.03781163976595106,0.023494404415523643,-0.03710017040893361
0.03725576691141193,0.024331161072950445,0.020797784148545016
0.0466343371278537,0.029206938018780194,0.05730067437144298
-0.022178841852992324,0.04180590483924329,-0.06922073313094301
-0.02298282564242427,6.267923610820889e-05,-0.025537276616602902
-0.04061471877172988,0.02612045732903777,-0.06233646549759152
-0.05962096906348412,-0.03072007766658016,0.040947077014372196
0.03959448617769101,-0.011577314973748896,-0.013048088310114756
-0.07490715972221484,0.1350615631945446,0.061880000861586015
-0.01369292926812777,-0.03961466542890861,-0.031074717719953158
-0.00707295489999624,0.032039135208643765,-0.0025569521474756336
-0.05157562454461733,0.03911861239713125,0.021212881443379367
0.05755504102936433,0.06273281547992697,-0.07517584002624313
0.05796300646384296,-0.016513959221974513,-0.06035046385922761
0.02948398756058101,-0.07033506403293448,-0.09285026887226479
0.04073816922855121,0.04484250861088777,0.09866881690731949
0.1042142959359893,0.05135699477898462,0.027967842557441853
-0.019970308443530198,0.018672838579744815,0.004643966257291609
0.004886469630155418,0.017975391727570157,0.02419344079129454
0.021946832559232306,0.06916854850754482,0.014599405210253859
0.04003048129109753,0.022049299362959733,-0.058704561512899954
-0.02947939893951062,0.06038110569818062,0.013902814714357257
-0.0005041903591464243,-0.0045956055716469026,-0.0020401854117762623
-0.0849437649606207,-0.04258599513699807,0.07603585347106909
-0.07324074323061523,0.11169293132540277,0.07555805894312959
-0.022100233040820264,0.0007096259366053369,-0.01909420953093798
0.05676861967631617,0.057018187935076216,0.017418089527609926
-0.07606241835435607,0.03079637378268492,-0.05775250408156127
0.043747995388221245,-0.009783427644684713,-0.02673380097095974
0.048299131778377524,-0.03039928745681624,0.0187579216961859
-0.04802198658082962,-0.002611885238186378,0.04085113848462374
0.04387283466564813,-0.0701772252061204,-0.005064012484758001
0.07905243021983573,0.02829471688793922,0.12730830828705753
0.07564852879138546,0.002266643509334197,-0.01867903833691407
0.005347468970884617,0.06656854799319706,0.12696401276895308
-0.013901452799011817,0.01115156850472383,0.03155752699747155
-0.07344432149607598,-0.0340375309799615,0.010493244926641367
0.07051038441030985,0.0340407095503097,-0.0148591709759103
0.01833280275933207,-0.02712838280613248,-0.0018674893797157605
0.025430783415808574,0.011978769804583936,0.013473397070277726
0.01432482780909246,-0.03980198772899454,0.11454911537770618
-0.006055454973189914,-0.03291777436161495,0.02040424975839703
-0.020342529361453567,0.011374190090731531,0.08873378364006072
-0.05978882372521401,-0.02398055435541,-0.038716511376348725
0.07450838949864803,0.057334220047209075,0.0050001115209135335
0.07702099187891734,-0.030096983103677494,0.04266878044425451
0.019025404331918218,-0.06362833236578291,-0.003743287044166651
0.005888015071906651,0.07960231209144125,-0.0417556526544202
-0.06971011105295127,0.06557647867862405,0.005348306171720036
-0.0834552553123099,-0.0895369050434486,0.035719216257245216
-0.10651809483614325,0.12455347446545866,-0.01749261409889712
0.027573722628301704,-0.05120705036083709,0.0805967014691779
-0.052624508475519874,0.0185018579424364,0.01071604931092041
-0.012704886428308856,-0.07997551572834803,-0.04054265396048394
-0.002619313030666339,-0.04758075942054388,0.07806515300186008
-0.01053531887687998,-0.03504068397470153,0.01592522467217719
0.03438889062327645,-0.004399071789799898,-0.011017754367012992
0.007652578012954907,-0.09811053333368698,0.09614213778983027
-0.06067104026564278,-0.0012017238971360495,0.09376973039718696
0.009365887564370526,0.02560749562644544,0.05580203090329309
0.017877666540153995,-0.044021590789414845,0.004622308649130318
0.03428176179507055,-0.04099509562374382,-0.012729097291529417
-0.04055379583903581,-0.025678672707088658,0.10105573658823087
-0.06747560373499244,0.0423255313937904,0.08425546934678169
-0.019842111028129283,-0.028236863212041063,-0.04025464417422317
0.00819400360302349,-0.04983540437422663,0.030524166217158744
-0.001532851728062029,0.0034472650739677756,-0.01305683601667006
0.03816413030219141,-0.071682168024156,0.019692075563287545
-0.11669106383992481,-0.040746052600595946,-0.005760604348120006
-0.01957004526012776,-0.05726547567362908,0.07886483335180225
0.04152620756765265,0.03779752784724344,-0.02149369853881618
0.004298715125821945,0.002373029906178233,0.06160632116264885
-0.00016562334303336685,-0.057770494495943556,0.08675701123434329
-0.032641057096788724,0.08372073985286227,0.046361214762576215
0.03684995290239124,-0.05592805885500364,-0.05348445150788096
0.028369152266301746,0.048447073796965744,-0.019574562139262938
-0.0268331154996452,-0.03128204414675642,-0.01917579603229208
-0.11099154629568336,-0.0548954385679743,0.018026586251138555
0.0644098730447971,0.035769428782085055,-0.03237284217988568
0.03251737143448344,0.0834915711994294,-0.03276753706144789
-0.020955180968226687,-0.037878585521075946,-0.015666457840340906
0.032225831715454005,0.08143290198625984,0.08454387467398089
0.11440846187847632,-0.007541389215558757,0.030860117778790507
0.08940838368216797,0.03763777211615821,-0.1016657286545908
0.011931431163123297,-0.04662136242610419,-0.046179508913263334
0.06654015630352313,-0.06914184090589597,0.038954937097562065
-0.003829494740358163,-0.003010141610500195,0.019958479562408676
0.04303463026540211,-0.08126350965599423,-0.013773016803310738
-0.1286123129085345,0.016656048545889025,0.0561541536534799
0.029650905335246718,0.08154716748548024,-0.05222605002596768
-0.02364915103632039,0.032993030967311834,-0.016057727806047282
-0.0188658621593229,0.03869459740298737,0.0719479627766299
0.00283986641392546,-0.01658609998571378,-0.04752662974523776
-0.07971075514934772,0.025054007315604247,-0.04077110972889941
0.06487785004824606,0.04042427710810355,-0.0031126663308312288
0.04273015061033583,0.08864940984319496,0.0661085419675176
-0.08201646556807501,-0.004994265154674316,0.011451538612084974
0.004585767328857652,0.021659531639131927,0.04147068016646256
0.029860655264512627,-0.03651659123116696,0.0478898325511219
-0.03383446564496784,0.05023724733545816,-0.025948172880334183
0.00025458203487596556,0.07854624389135373,-0.054527768731349346
0.029538286837543462,0.04105836503899759,0.009184589866317337
-0.12346038377217289,-0.013482484398341772,-0.03353507453121608
0.03823900215080562,0.09194862059077048,-0.036862480978193696
-0.0777051459243075,0.06483454903041386,-0.049347680876774346
-0.03124697575185139,-0.11452346149046953,-0.05348590039797578
-0.09270773779610202,-0.00716467055865919,-0.028533203909224137
0.011967961913571462,-0.027702206773799108,-0.01679229165609425
0.02216774099174556,-0.050926849155712856,0.00011669435741966383
-0.023582922353430312,0.010942434608239592,0.023706815344587615
-0.04156563145998041,0.06051718616073515,-0.0010750026945636273
-0.007579631459179566,0.0016507893995654221,0.027729626559438007
-0.00017125687199753305,-0.04040683127833662,0.003779572394655999
-0.11285551880056578,0.02704634294226143,-0.04545185365356528
0.06619618403159969,0.028466464086502573,-0.043638335542787704
-0.06422067206001718,-0.009349598955310918,0.0627588625346762
-0.05098535705350735,0.06367154285584056,-0.004376278157618159
-0.10781076588551218,-0.04053599395792837,0.10984354918954044
-0.04821269559055593,-0.0007104932787649516,-0.0628413549885898
-0.029957666447257798,-0.030512963006537594,-0.007035498493579051
0.00028202071688546507,-0.013935304213857675,-0.024392590110291004
0.02250273333584237,-0.015899628511039782,-0.05774161906869171
-0.06137230757786216,-0.07274400693784734,-0.013577895013096947
-0.05250564314640233,0.03529308583205331,-0.08574659580538863
0.005526915534507617,-0.07235274097620198,-0.09792228265179656
0.012048215382461546,-0.020170883598458113,-0.03373251029212934
-0.09038376780777492,-0.006414866025245687,0.009131196514965731
0.03647344166291708,-0.006344872018652848,0.025991774972583714
-0.02790222596546548,-0.020216100201120933,-0.08109602979773203
-0.06461943917761885,0.04404211804462259,0.04365101216605707
-0.04227182305705132,0.059002933897767694,-0.02221747560703307
-0.08196120065694029,0.03808895128602528,-0.060777152874869324
0.011554413571862278,0.020303096480741578,-0.014539685774262272
0.052127248517762584,-0.0014760496855807902,0.026536698595251082
0.018249689500172608,-0.09771028255338107,0.00378581865758245
-0.02885786041779409,0.04642593614449267,-0.03756514962889078
0.04052196696664363,0.0009177137892408434,0.006698529820699441
-0.041703315182390406,-0.015496704338404067,0.04028443360758548
0.02249584130020649,-0.010120882127998932,-0.056788580439490255
0.008984977725570997,-0.033590642081271424,-0.053357475968585866
-0.04563169881035091,0.07223187098848395,0.07191817752631863
-0.05889512754033359,-0.09157092983163416,-0.000836022880272333
0.03977556304556208,0.07897042647786447,-0.005963366051944384
-0.0028404306327005063,0.03195307607021168,-0.024865382318285813
0.045196296846811354,-0.01608156814221665,-0.06618761073869893
0.025213202594798888,0.014292429868091844,0.041813649673845564
-0.026776583892005042,-0.07547330131882747,0.11208139670554539
-0.06225819934987008,-0.006440654682740481,-0.06272656636529568
-0.004270945876623803,-0.049268515514348674,-0.07797365712532903
0.04286893568271742,-0.012975263123808797,-0.0412451033036902
0.033036439947831814,-0.03422394031905868,-0.020145085825374255
0.0329156718815591,-0.027070315410049006,0.07477617651742341
0.061701077930734496,-0.04959230525513766,-0.04250917217914907
-0.04852754996161241,-0.05955771845062325,-0.10452233599365382
-0.03856123441554336,-0.08901351793352491,-0.018672874339785914
0.04490486358587299,0.0267961404952367,-0.0741974208364708
-0.019596238272748038,-0.0065728398828589305,-0.06456573943223383
0.0193387519512997,-0.018287335702092698,-0.0023780015535633595
0.06600658808989106,0.03500907901945227,0.01238070978983857
-0.0745418100113265,0.03659333110748865,0.11936879566044352
-0.03180532732063257,0.026722415249680925,0.0004198142974341547
-0.022115312852303764,-0.002884969101483125,-0.028377106718678786
-0.04185516519512825,0.0596178780045529,-0.07403931483128637
0.059633380160032584,0.02877113005921951,-0.06247379624540793
0.01673348785921189,0.020199486129438417,-0.03457319857850412
0.10382186743226607,-0.06108473534190874,-0.09379292756376056
-0.0964550597253906,0.042589362559850574,-0.0005233190297263095
-0.04429189085954008,0.05968693944984757,-0.09689130790843593
-0.0271328353234028,-0.05709345346040498,-0.014867552837935508
0.014771732787595651,-0.010812404352754055,-0.03073122800566616
-0.0029972417820472927,-0.07802429330247451,0.03026144432312539
0.0054494153762383035,-0.01238401896582076,-0.007012648505541423
0.022507467684786345,0.003283018286489029,0.02932794513865029
0.06652992566258399,-0.0022421808683616255,7.24466080306227e-05
-0.060307426428137315,-0.06082651958182367,-0.02641548494586697
-0.04391361187723088,0.07428272825377281,-0.12013692438753529
-0.08532419493874865,-0.040384846064714264,0.04329666678868693
-0.045578507524481796,-0.018534923808828832,-0.12604963771777775
-0.06960042948461247,0.04262183274284213,-0.06783320245561732
0.02779533183894153,-0.09418363906897816,-0.021919013151398846
0.04470140624050819,0.03194358528889768,0.026518476300989142
-0.08255982349323232,0.08346878585902803,0.016241796157173978
-0.0029181262983116046,0.06688572436915272,-0.1014383987698321
-0.024169709453407996,-0.04540261901124819,-0.012232843986979273
-0.14439891716472605,-0.09440994999028743,-0.013531430368339314
-0.044143270207975954,-0.05816115596421033,-0.01714040712932942
-0.05649006464790354,-0.01635781394208166,-0.0853052429991245
-0.11262627718558407,0.00020897496351953565,-0.04664825659557292
0.06475500211193656,0.015735447940423346,-0.028217359036641625
0.008803130583448466,0.033734571266041034,-0.006071863496562503
-0.04719104982647604,-0.08594204159400443,0.009834878600454053
-0.056213493410512363,-0.07185141867305085,-0.013123002216872058
0.013896532699662435,-0.09727819495006702,0.050767683033931255
0.016889051927247135,-0.046403972921575075,-0.07071577314150934
-0.06928122968505446,-0.03536631263786784,-0.025653264934214753
0.0511489361969423,-0.014698137941360174,-0.0012502745081152955
-0.04338705702985106,0.0802151580368348,0.029302016968265544
-0.0382129202079195,0.0452520094344978,-0.0260521116071755
-0.008683235503198319,-0.027891250563759663,-0.013851823870506052
0.012509267779326004,-0.05600273612332507,-0.04272670911696247
0.019225724925643818,-0.11702982990374602,-0.013950633667400906
-0.0894378844570729,0.05074959841611501,0.07428783473227084
-0.03663928307716385,-0.03715476054442945,-0.03296830656902075
0.005681099626466075,-0.012203383130590146,0.012621885065546443
-0.02907492277504535,-0.0014779264957652423,-0.03143924116484979
-0.016970681824442762,-0.054807455509284675,-0.022960447708379274
0.0029107013071810184,-0.015526683849998566,0.029460339978292102
-0.10557593762479187,-0.056548033178725976,-0.02438901067407105
-0.028771707442033286,0.07368145116778854,-0.05918427432538373
0.09982906464964693,0.022632822035525527,0.01589445798332836
0.01430649762365169,0.022804681064787263,0.02462674724171429
-0.08548343987652372,-0.011141651675670324,0.035660128056640816
-0.023872289122192258,-0.03922027499627351,-0.06939987305333178
-0.0020054314212987964,-0.06737446212984952,-0.08173461834211147
-0.07720571164300452,-0.07681465805028376,-0.08662708093181222
0.001637180668857565,-0.08331914609839088,-0.008093958521248808
-0.10202796894460464,-0.0946330280077649,0.11272805604973138
0.01977823506578918,-0.07937539579126532,-0.024346655412296313
0.04888767444676664,-0.01959597710745308,-0.003407688604015793
-0.05818976808521034,0.01672847294939172,-0.011251396507891647
-0.005240233085069939,0.05591350426582729,-0.12287740882870385
-0.0016463455450713461,-0.004363663881261637,-0.02664340618330876
-0.056649502201631285,-0.07594156439044408,0.04113133847114174
-0.01633158902956097,0.00757221668952889,0.003713478241753063
-0.0164019148267594,-0.07631165980418153,-0.10081895172467084
0.04511060436205762,0.055180487257456,-0.009692846101412373
0.01841190944193525,-0.06526747532893029,-0.03691026703013656
-0.042002478867029604,-0.024291975024467262,0.03675589975797951
0.0009657730006183331,0.021158842903851054,-0.028877122656709567
0.021657244732513743,-0.0018120742214760462,0.019455845151124043
-0.02065655452365341,-0.011574227723919167,0.018079359812616345
-0.05917573246978239,0.004572280854288267,-0.011447005378591977
0.049890499912848094,-0.035213460277939736,-0.06154581481814275
-0.0618203816256035,0.04258434055844009,-0.07005860682533012
0.042412650215117316,-0.03253117408708032,-0.0065983089895908726
-0.08351859675799872,-0.051791719733081484,-0.00866369836337768
0.09624960383018505,-0.04020765557092447,-0.0026049969022128652
0.05708485291482414,0.09005501100948726,0.028237812629712908
0.015104572524991406,-0.02979488285325952,-0.03990406326559232
0.006696147919302299,0.03431621424248423,-0.02469746136857089
-0.03810191917427208,-0.05247109180885288,0.04495414070421266
0.022807574066070705,0.04425042685197847,0.03314993504693017
-0.016383840252875443,-0.10848428476543955,-0.053284750034906014
-0.07102068842626906,0.010465227952007113,0.004413069866231236
-0.0486668761737931,-0.0703745623158017,0.028538329445066814
-0.025903478765879742,0.018794147558651948,0.039636307498088046
0.04382392222215395,0.0089428050030637,-0.04867175359299762
-0.05412750758816029,-0.025886698254450446,0.017629706059015544
-0.029920727217027696,0.036431740194667536,-0.002248766777583959
-0.05995757885567143,2.091416601925425e-05,-0.08288529872758371
0.0004811693078172561,-0.06709732307808425,-0.04370495399879157
0.06332945169037668,-0.014016786812638835,-0.008988143897230143
-0.01844031508495355,0.019323673320398815,-0.05546782337372472
0.15184913877009915,0.12626360703805553,0.04313494761322698
-0.06938166465861795,-0.10446040166316817,0.024824264545636188
-0.05083755598595264,0.009231343479706753,0.04593798704189123
-0.007053509377977435,0.03612304126154168,0.013436886409900177
-0.026617051309871506,-0.0333589926422468,0.07599680388022659
0.03005133623263323,-0.06938056675277597,-0.029653024025498534
0.01825841968716019,-0.037520562583427626,0.11373360155902339
0.05632084391282404,0.017992427924097092,0.04386622673618236
-0.07372512671142753,0.01006558349729228,0.0664925737507567
-0.03503612643924296,-0.012162583819116009,-0.06920133232152376
-0.022564128921600212,0.01342977424357283,-0.0503671250576903
-0.024487931773223087,-0.06295296506779248,-0.056856809123341207
-0.024685921015304098,0.06480833271726755,0.025501490721288017
0.012444607981561336,-0.011945317206088329,-0.1554401147377246
0.029123408596081334,0.016637381083729738,-0.04665669647757143
-0.015056860210940746,-0.012574223285107034,-0.02601296859954825
-0.028422176499197458,0.01380328123450578,-0.031487978729284855
-0.07796212114104266,-0.0852341955062508,0.014425476879151949
-0.08287895874312137,-0.04121826035821121,0.0028969268725568486
-0.04544986160094543,-0.06471764728516896,0.05123895360599723
-0.018723469423015095,-0.11991765093707266,0.04997659993847763
0.03430433608499459,-0.02153723729919902,-0.011710145891493575
0.012798071769736899,-0.0600687646588843,-0.05220442867746104
0.02873089690454259,-0.01979256792071884,-0.027325412444052764
-0.05034155160386644,0.014493756055997098,0.005543436337392738
0.0033155101241718198,-0.006043441961214188,0.056064606397434304
0.042681740736181875,0.028154730811543745,0.020334055404908388
0.02121366620611057,-0.024899658434089793,0.03706453456626204
0.02147163823612151,-0.012173931136797161,-0.04585062882730895
0.07676114961130528,0.025093551366296128,0.009806980247594705
0.026032097118647374,-0.014005905041063926,-0.005429285207564071
0.06328703789307366,0.06049579312897484,0.03386586671889862
-0.0307055859348353,0.048303426821775616,-0.07068911532267465
0.022868848960790233,-0.012818108672633069,-0.08044787676894317
-0.0441747471686389,-0.03709845375190616,0.1597343408356047
0.08272163280253277,0.08691970070620261,-0.026379026089437898
0.020849987101939634,0.03412872616259924,-0.07245088947770847
-0.01231462199212773,-0.02848930353998414,-0.10682298616375985
0.018729104947866382,0.021418192959906494,0.004863375391586313
-0.06128711165264228,0.09318131664331632,0.06927031885995168
-0.04051563387994641,-0.01988359394417967,-0.012101731633683608
0.045168166459016626,-0.00802758228812125,-0.05019829751572683
0.009671677674818977,0.008294820437614231,0.004613730095599698
-0.04850056221762135,0.047227153967301864,0.016630601398256787
-0.02227832151626434,0.03512373991697231,0.0923971682817256
-0.0872771930251686,-0.017467278570545683,-0.039042317188737685
-0.0014525852296474323,0.01850641203134345,-0.032168789416200355
-0.010292572557172624,0.023441487326750467,0.013257876693160801
-0.05344076627606499,0.05352330973790352,0.0733830803676721
-0.05765319810118073,0.07655855158744852,-0.03697536856903948
0.0631923246742287,0.05940390132496119,0.03674718292776032
-0.005748669994786891,-0.08053402065189219,0.05740609708765215
-0.03676239760705338,0.0016580639464578682,0.06763684838921313
-0.0051584760383126295,0.028744994757855163,0.016661244888126085
-0.023211099178957285,0.050930240262069174,-0.00204529020312824
-0.07808480825138456,0.06491348677319325,-0.03705045210451479
0.13093726684732887,-0.055687904560288395,-0.026585626938922344
0.018723066048004736,0.01475387820758207,0.04680647508064963
-0.031570472746551594,0.03961667453486473,0.053957707165015086
0.06587630598460065,-0.04320312984682337,-0.07556835664822324
0.031003234653741565,0.0005358456646038009,-0.06353333765761292
0.03584758563838269,-0.0218087116108534,0.0188186273860763
0.005592015478002641,0.002140412641500354,0.048732633017983994
-0.02542037919331947,0.08277559645566945,-0.038102510621216674
0.02201632646619699,0.04269943889255809,0.007570237873628648
-0.012532222172726998,0.0746257223795115,-0.000889019679776188
0.08472763389062277,-0.02879684323152535,0.09685331829981186
-0.041264074736323125,-0.006028011392894019,-0.0035167915306582795
-0.022710181757260455,-0.05337000981960373,0.048109491226623335
0.038554330085664765,-0.0987493153314796,-0.009081078968613621
0.0028065976474812553,0.0536271456386776,0.03748901212810194
0.0617851874805428,0.10205813496870267,-0.07190829657582802
-0.05663978581824099,0.09664119953693769,0.069835990024861
0.10979810609904174,-0.08615270484253598,-0.021697795596015375
-0.018881362820831853,-0.04156774105332763,-0.04131507122627798
0.02006738802833247,-0.07001376827333153,-0.007317701476781681
0.11208441783156169,0.037508538881046695,0.014792713334250212
0.04348343849361033,0.03806112290677719,-0.006495068933040917
0.013106106535391402,0.03201925881407938,0.04019008781285276
-0.03700213130799253,-0.03614326647252674,0.13255297787846768
0.09067962297860895,0.09072609669477315,0.051469709005594964
0.12484245653867711,0.08527153670515428,0.06536781978046911
-0.05136943955474628,0.004832475700324098,0.09305827579185402
-0.023590204367040755,-0.05056119429591436,0.03519500009425579
-0.03969414038051633,0.10835600031064618,-0.035475705796795605
-0.038542190797344826,0.06358192941926283,0.03164718685250337
-0.022571784980917636,0.06797116698558267,0.051926938372610615
0.08424672114394355,0.05870203612586177,-0.013901938678461411
0.060606631993079224,0.008019454939687504,-0.09399793423188957
0.1354449857999847,-0.007003122063070081,-0.05279449431123191
0.03768890357128459,0.027662891277401586,-0.03239333362977745
-0.04434165594296959,0.002587347670096614,0.07496369338288983
-0.034202889714147144,0.07882754294120108,0.024785046476125557
0.06963828507988716,0.10949258145924001,0.03731300860932967
-0.01332708080172023,-0.04017849043967905,0.049817832265610665
0.009018141119791307,-0.05071706426102257,0.03211643464315384
-0.04005465192971529,0.035269637795362435,0.03291149003009558
0.03860385903527506,-0.0033406882309241145,0.06859702355828001
0.02439190438804685,-0.021461607865870598,0.017900081740819307
-0.08910590032461424,0.11984192556434625,-0.0019511416533045112
0.11037611280193518,-0.006375142505365715,0.04225480396088448
0.0558858088818049,0.03947240715914227,0.019838060641099525
0.018683098979839004,0.04533867308582992,0.06803409722508091
-0.01081737311175696,0.012597919450163662,0.020838954181261776
-0.05973988494679758,0.08668426508116929,0.059697632154333255
0.022076525832008212,0.04759272238263888,0.033144693910127906
-0.014514728481631857,-0.027378654909480105,0.09656486972683787
-0.03335373785128988,-0.05181737897193506,0.020570944521515172
0.0020012615958316764,0.053363108610700004,0.018984210021422112
0.041649497212393125,-0.05596193302305279,-0.019151048954958606
0.07551535932867981,-0.028218315922750065,-0.1435098236220387
-0.053311227672975914,0.014115130569328834,0.03392400485679549
0.060173983323786304,0.003815376377849001,0.08088447516447454
0.08121044565992472,0.051225863836755064,-0.005427670675599419
0.003625914830079343,0.028957276408576427,0.003537039042871431
0.01264968840462058,0.029316581870323516,0.06877784735646236
-0.03000383257333543,-0.004995913494831666,-0.06575928777370908
0.07004367932585412,0.018607564816916725,-0.04150119042069454
-0.10877275880402881,-0.0048603730090592545,-0.03347889456248218
0.050954766906602195,-0.005453806224312473,0.08138178143765477
-0.020831200120093412,0.08631646916524799,0.03851022428910825
0.019740647535757563,0.07997117312129909,0.094953798553435
0.05963540635595518,-0.03014568094179304,-0.009141007957875577
0.013781337507812132,-0.002836366405066855,0.04188683842449435
0.08537425319353581,0.026754507882727686,-0.031578066473284296
-0.03982958706845255,-0.034735096166263954,0.03388427053100468
0.07523514105376648,0.05223494980105181,0.05053467475631982
0.01822877364638259,0.01749204709670201,0.060466129645499855
-0.08590832534036073,0.016218355069580605,0.13829467875696216
0.07440717762253969,-0.018409582993438606,0.12858353134820394
-0.0077313785182228645,0.13055166684604558,0.006555491166970618
-0.02458347532695901,0.00705249869597859,-0.036220655870602525
0.05326927355821723,0.022957624380802753,-0.02192184729909705
-0.09479399257748684,0.03122906258988562,-0.0045093337275319105
0.12583922394035804,0.006958225943826217,-0.007708893628400475
0.06415436680321779,-0.0676002130564381,0.0942027012619832
0.031266460911510856,0.03576539105351645,-0.04124563234431186
0.012511147418329437,0.09713399845430279,-0.00262735498479285
0.060619883384470115,0.09254031789514391,0.015566223762557625
0.029973073842478763,0.1771587334895282,-0.00961825107312314
0.02365555941091128,0.022872259655907928,-0.025260103884241072
-0.031022620674585645,0.11344257864741299,0.03486009852499345
0.06604382115951615,0.0361066991608254,-0.03940520274434085
-0.008496600748211174,0.02231123024439138,0.04521626704316367
-0.03112812870257016,-0.00596368271170028,-0.046422804664271386
0.04373799247340561,-0.07042769594240099,0.022695154046028905
0.015285124441936148,0.018033474561806612,-0.032362558511765546
0.021744543532629505,-0.0019038175901663797,-0.0659618418609212
0.06393880434803519,-0.015364462948120484,0.03589046427920347
0.018522119470531638,0.029532363675600644,0.027951572541587553
0.0805760571051046,0.012482257852656282,0.06582272705212036
0.006712881404571521,-0.030168463647205723,0.023014945396174838
0.025848383582943203,-0.017385777898557653,-0.023547511979855804
0.0423955488229093,-0.0021892767602980125,-0.013802369358430763
-0.08411550214540944,0.1254451928020052,0.021080924450052732
0.0433699465924034,0.05592522357290393,0.09553217503041639
0.0771723211992334,-0.05607142045349668,0.06561462285313549
0.09344376713399823,-0.0007617368555962699,-0.08432006328799962
0.057031684170580715,0.016888137495733174,-0.03267879572913064
0.0793176704927482,0.049625779769109785,0.0016383202830289722
-0.045075082750091935,0.005343785183348913,-0.034178754832909955
-0.005956064423780355,0.047675524699963744,-0.014209489302557256
-0.008872401466626243,0.015957018232161505,0.034826600745555894
-0.0021586644214652007,0.05823474250522742,-0.01529819252645247
0.05057012561083735,0.08208960134496852,0.0010519899558894957
-0.021481282658930297,0.004134414827090789,0.02946667398657984
0.010165245726852352,0.0533132023240705,0.008622351495886518
0.09556945471343095,0.10613959249331519,0.11027174712966159
0.06188892768488731,0.04306145447292482,-0.010485583182312005
0.016432632488968497,-0.05007744367728772,0.04008439932140207
-0.04610515416640165,0.01279910536450962,-0.02117650250029546
-0.012893036552052721,-0.03989202517582124,0.04493422324664493
-0.05280649829397533,0.03291220347913163,0.06603947907909904
-0.032920047530259205,0.008829139398335344,0.0472147186859094
-0.015850847856155557,0.025237662370214957,0.006752007959848389
0.08297757865047417,0.016751268942666504,-0.006206128328082077
0.025692807007674096,-0.01424745675099423,0.051227542411743196
0.024561842600495085,-0.002359234816862194,0.014814668303261405
0.08916766962937162,0.037283610864665334,-0.06226280064363717
0.06425741262979998,0.08988234418438883,0.0715934743619728
0.019899680402480368,-0.028326500329005654,-0.013914262450561656
0.06109235551225534,-0.03553888879218922,0.02733008665243835
-0.04246021918515132,0.027739324972851715,0.054233858223196915
0.02521574208469101,0.03736254953462606,-0.0003835905467960629
-0.02083950449151272,-0.02066635171519781,-0.05235804175897095
0.02610311980762444,0.011635066044643117,0.14022982764478792
0.04213645541825667,0.060382820025518286,0.030592706321961087
0.004397414319087122,0.059462446002501924,-0.01612141374251045
-0.024274656778908728,0.03363813996446416,0.015522718950053428
0.017393999121463485,-0.07454458883469799,0.031010959442516205
0.00813735207803546,0.010534134379936754,0.031036848719713232
0.0035343879886601502,-0.05837319340073425,-0.03783146397511943
-0.04507557478031386,-0.02177194784177231,0.0672528515944725
0.00331559447107328,-0.05794449305753525,0.04506708512292408
-0.028273873712102035,-0.024834774457987964,0.03585537877158998
0.017725888202281034,0.0828866818846686,0.10953400945187229
0.03880394195782464,-0.02432051860667552,0.08194578062640638
-0.033341840470137135,0.013775500254312463,0.08993181429710428
-0.02579448756398546,0.0691436574047914,0.05169242739052816
0.011610248146989313,-0.03879329084104307,0.013567975845323196
0.0940857420939149,0.07810914847624717,0.061830007038851525
-0.04866059828387477,0.11392716240530924,-0.09513701076375261
0.0214201300545511,0.028150320566211515,0.04333236525825111
-0.04114999697393935,-0.01574536541434511,0.0731148903693788
-0.027774756586032734,-0.009789875780140822,0.10163383422482954
0.020835896627411792,0.06845609655996927,0.026272108587625537
0.09481203642223769,0.004028384706682977,-0.03916817007866498
0.0004459357124508463,0.010327506292269636,0.03782645528299801
0.049872385566186846,-0.03256347725762159,0.00608106221030967
0.09171329741624913,-0.026721440764435087,-0.022936861344019167
0.017286157565672634,-0.030558950009022267,0.01847370366366076
0.029809466682717195,-0.008208260090301171,-0.07653917233123211
0.004691682100305848,-0.07293269387221045,-0.041285067314984165
0.0038820182542360464,-0.04633538101088486,0.12505811454937826
-0.009187271312782522,0.02186918827088898,0.02794693821572133
0.1368495180666736,0.10215219691743108,-0.012089289888300728
0.04135396820130943,-0.010178453957489944,0.014414998593009843
0.10660427086319497,0.09466482829335182,-0.00412245906961574
0.03687365542501775,-0.0036926023573811244,-0.042397466262241904
0.030955901999126702,-0.09185879609710441,0.03547682355638074
0.05326494490554514,0.09133828247973519,-0.0034113896297710503
0.006019660445228107,0.06714610805189121,-0.02629667145832519
-0.071508308890508,-0.05353169606057209,-0.00403735963887596
0.0021428913776092226,-0.01426636649992458,-0.04655937683855727
0.061585244556314256,-0.058755602176574266,0.013663004710334855
-0.007353942253611986,-0.053873224319727894,0.07578393734162589
0.036793090786147495,0.012661193555044801,0.0018424466722751593
-0.03126215366672474,0.020201619990904463,-0.04101114491974696
-0.05885439675154614,-0.017602219209087937,-0.025564645540758425
0.06385943187927566,-0.008297172803917346,0.013866970082618809
0.0056055018945538465,-0.026259090532187834,0.047956004388828195
0.005643916632424131,0.048197047414690615,-0.035779035033506795
-0.042285033854512835,-0.02097692005036817,-0.051320550707987155
0.06741230004342294,0.0124576584006935,0.05904062374427837
-0.07360978125103976,-0.019230970797481418,-0.08983698938142413
-0.05270462242616974,-0.029612604138195157,0.05494867860168422
-0.05897698552740361,0.07575663316580958,-0.08748647137726692
0.01817628626842324,0.07122324563803009,-0.015648093873682826
-0.07793153640911908,0.01452070390988103,0.028359223873314326
-0.043469987704518626,-0.06935369206069342,0.0012405895891114517
-0.051147459275231344,-0.050120600367521126,-0.09036230397593933
-0.027228738247664523,0.05279876478749265,-0.000557528503134546
-0.041420652439066404,-0.003697459384091897,0.04814011050331947
-0.04488720366665639,0.04602905997117982,0.021144930167849376
-0.0022605147240783094,0.014147492211145585,0.006099288234952565
-0.06592619847433388,-0.01793152638147829,-0.09930952501405228
0.05069139478052601,0.04658658547912775,-0.0012005623031272348
0.06816179564674854,-0.05001633836959794,0.08132855056051966
0.015950140543636335,-0.02632453953037519,-0.03420066162713455
-0.026600878966919317,0.005190271014678432,0.03257614622208803
-0.03982234605530914,-0.04676112863545564,-0.011704499677256142
-0.024576263080919,-0.013488845934603146,-0.013311762546553897
-0.01387624755008992,-0.024328037329586587,-0.07064485310907033
0.057143799657457,0.06468245487701366,-0.10284230932815931
0.011645268805713177,0.05540045451742547,-0.10342386615071078
-0.02781117033768144,0.06640142936375569,-0.049034643216209456
-0.04352005092709887,-0.006692696442929203,-0.028422594266929946
-0.04779668276408648,0.010330182425278474,0.004681241576340466
0.04487784122763175,-0.07897485559174731,-0.03834215028521187
-0.017302025177968913,-0.07717176769452547,-0.05155103721470437
0.014323224037469,-0.0458766948030268,-0.030999857891783063
0.0067460395956549235,0.008583815454998468,-0.02359164780670816
-0.08050639828567625,-0.02818851067970183,0.046340971334809716
0.07952860972437298,-0.0769018949430581,-0.04724896497138431
-0.062278163873766924,-0.04797616585838644,-0.028090695518269423
-0.07611840287117466,-0.02440100786575839,-0.009488819761346369
-0.025053696347993485,-0.08939362389284197,-0.03479633734778794
-0.048359208014947634,-0.0634010688779687,-0.07538461244382734
-0.04727622027951949,-0.03229048554142584,-0.039529654268632565
-0.059698857613999734,-0.08610760712096258,0.021176690796307282
-0.029626255090738456,-0.060790469798440654,0.01698237114387982
-0.0725177802395377,-0.03255181159123094,0.046510748166176716
-0.038425595634835476,-0.03234993850348444,-0.03382634393438143
-0.014248679207756415,0.0786907441707327,-0.11213147766376146
0.007965666280971355,0.01584130850078501,0.007606510450098377
0.018563088876164643,0.02551226224652264,-0.11410382860029432
0.00210043318546785,0.01987719683074901,-0.04541256225468363
0.027413843348560146,0.04271546384223144,0.03428741877189464
-0.040767110825543414,0.021114479049974932,-0.10661356229357787
-0.05434810336341706,0.054605208389333686,-0.05318574539611368
0.009458822605822653,-0.026735328954408943,-0.05425185970925347
0.03647134326926633,-0.09857362445175472,-0.03645794943303626
-0.05096827232768816,5.415330646225264e-05,0.04176920296250261
-0.08703289637137959,0.08306434690717829,0.11278287308233634
-0.012852733755984207,-0.03304348226575676,0.08147602002984114
-0.028908451508703643,-0.00652074417808802,0.0827372945159756
0.07969629213094225,-0.09262735629998836,0.04802381989949134
-0.03270294629019445,0.13162976416890945,0.028155066889127594
-0.019917201527682095,-0.02109004356849757,-0.010997654302927528
-0.04570311477289127,-0.07192448212561683,-0.006482401968863214
0.15085882819891172,0.026044532797276344,0.040534543869513114
-0.17266409438574098,-0.053520179747130595,0.012653298195143117
-0.04198614602132697,0.03506859683883792,0.0061773951437870366
0.060953953690341546,0.002627049255955305,0.021105403984226286
-0.0593144168350382,-0.028531367640089424,-0.08893891516965009
-0.0030030675712523214,-0.026665404856298473,-0.09002664294324587
0.12261100177380345,-0.04314855612997235,-0.08776162008288979
-0.14745786838920388,-0.05611367296337867,-0.07556763648449082
0.02216905076253385,0.0012067983766542584,0.009015314800951468
-0.07706751589292082,-0.07390120597204905,-0.028071918274366885
-0.02077244892092604,0.023420277054338044,-0.001315939777177217
-0.005127334103835382,-0.06756484991932907,0.0440948295021603
0.05546588876251314,0.0002281665826425333,-0.04245418384186049
-0.018490081693367348,-0.02946287107584685,0.0329452906212972
0.07645068079420306,-0.08703325724011149,0.02685795435462013
-0.05955300189061788,-0.029991008525349805,-0.06444787698228746
-0.06416160945152932,0.06846856575178072,-0.0724432420018165
-0.011784167494759416,-0.07050625509561644,-0.10652166683637558
0.00013174675731822405,0.01203129090672098,-0.08076453370569894
-0.03503731906746515,-0.051981346713715626,0.004903171484060699
-0.022660011642144647,-0.04959611123509271,-0.03140564754930372
-0.02059817863315183,-0.052141579954239514,-0.06553027455288424
0.05057417572848232,-0.05209048440612884,0.03087871340143629
0.04954259175733807,-0.012485759278547337,-0.021012688881840613
-0.05221656963542526,-0.012400845508364785,-0.014861456280737845
0.015021385533452013,-0.08772752208874794,0.002772143349033262
-0.04463304161656993,-0.029657631588573964,0.015816927875508778
-0.04510905821231698,-0.020110286914337767,-0.01880071883359263
0.001556539744234687,0.03868867042741726,0.012351331729701792
0.025968401467459212,-0.003061312463594087,-0.0019307535294754916
-0.05988258992817864,0.03929333824548599,-0.002557875292721168
-0.03548382973366794,-0.040790104469599256,-0.04746760680045649
-0.011538064868120042,-0.007009095387561266,-0.03396171875914948
0.0011628938746255126,-0.003425039554681368,-0.06685906398518275
-0.05847255935222855,0.01124173133841589,0.02954936875897661
0.05877020230942244,0.02095547780119408,-0.03231164151525623
-0.025000116527314514,-0.09842153440479115,-0.04487567365536886
-0.04474861198016957,0.017179549597339246,0.0514934372505953
0.04667255804841422,-0.002210330216041098,-0.03084606835970008
-0.055281718354090015,0.0038921363335571585,-0.08333834176403215
-0.06113612016562532,0.13494133681318593,-0.005710683811214002
0.04459216108694387,0.05877536377450741,-0.12546189565572793
0.03233228391478605,0.036075921269595704,-0.04789508027320785
0.040519238929519655,0.05550232421718124,-0.04842513406981011
-0.11324703601362451,-0.027514023441698336,-0.039109908450161976
-0.012286224789048197,-0.07047616232847254,-0.0781930077360943
-0.037907981132177894,0.004983118510668381,0.07103855847873353
-0.010814960252568258,-0.03351853076840481,-0.08068282180926248
-0.061308681809892976,0.01752013698996412,-0.02785577890029433
-0.019146580671021173,0.01588381723206775,-0.13522728999236164
-0.02271540851140111,-0.08526586180808376,-0.06472570663049068
-0.0017461301424146654,-0.05211929385822479,0.04957134993426875
-0.005928862398079871,0.00656335059730025,-0.023315338117439462
0.08711816685230425,0.06819227203889713,0.00807516828279204
-0.062459670732990406,0.06451745592761038,-0.0392366867616208
0.04366301883533393,-0.010218452106729468,-0.07755946946271988
-0.007606686311668397,0.03411610774301431,0.07719868988508652
-0.03653852415881125,-0.038593920692541625,-0.06828131310209236
-0.13609226007773262,-0.03156839769951176,-0.1523412016773513
0.0733392014408849,-0.01342713249191408,-0.08826762707214486
-0.014041277472153842,-0.08043148387436917,-0.0442202068618478
-0.018265850781581792,0.019717061337026894,-0.10434625543598354
-0.01210353986940474,0.06218175762118407,-0.03485095959579103
-0.0013304506414909371,-0.03260734603168463,0.004828231371539565
0.0009183281565804738,-0.04442753463716875,0.05026519529495875
-0.05620938432116865,0.06024958590817535,0.08645922663113637
-0.1172660318243823,-0.047378988637207506,-0.04379436417910773
0.09916530610385582,-0.052741852460843314,0.014523116993505534
0.017982972723272223,-0.12460816540206775,-0.01968191496707852
-0.014572444529992906,-0.033840420098080484,0.06864442836843966
-0.024805836818250597,-0.01909938559883005,-0.039879499091097684
0.00931133092695512,-0.026733052086424115,-0.0448711153214752
0.028432218212604624,0.04985160302630269,0.005028458441970442
-0.04029250625431432,-0.07067317288727057,-0.015383957348698532
-0.007539568953432654,0.0658782786963839,-0.13192768818452077
0.04434750757456977,0.0007885623115577618,-0.05462662049612468
-0.01679540837389792,-0.06394424333538914,0.020181675588625443
-0.07473385178558989,-0.01588056148371977,-0.10665534060942652
-0.02005229123037998,0.034809761259608336,-0.004910390450752674
0.0030178855141052095,-0.0004260665434047996,-0.09520097968182722
-0.020075051934063084,0.049374111788534625,-0.07072363156133242
-0.0172336275360249,0.039607593815228236,-0.05910140491110348
-0.06374893728491006,-0.000954667414443857,-0.02603628229040146
-0.06038596178105902,0.05428754592609824,-0.016619348599685828
0.03801886656670817,-0.11617403131172502,-0.03657445742887131
-0.12326114815950326,0.10213422544356113,-0.06609860066930584
0.06258526489415968,-0.031012167032605828,0.028570299094530686
-0.02174048436204376,-0.0036970412195862293,-0.08332341601001408
-0.05251284638595118,0.030192802388140295,0.005341425779574803
0.024050433749969888,-0.017812225146745183,0.13483565779106643
0.0025565996118688313,-0.05457675066153137,-0.04272426638785518
0.011411910448161816,-0.013330420865000048,-0.02004279675385399
0.09689484067323295,-0.01813538665760787,0.005930447330116693
0.026335106947559354,-0.05655109469001039,-0.07210954535281779
0.0371068035499705,-0.03886699459074673,0.03598550940101933
0.014716669760647887,-0.01204873404991283,-0.14181677409286475
-0.05769502441575667,0.03432903388629631,0.027907088961226047
-0.08671373289001232,-0.10936155452801724,-0.013991336772053803
0.09632457442362327,0.08934076096343344,0.09906329923385429
-0.08292220867337668,0.015737199835669194,-0.09582544170724908
-0.06395692840664634,0.0030665212785093033,-0.008140210788787846
0.02088056065333148,0.039957948690488326,-0.05770492481294889
-0.0858490114294691,-0.027256964226907737,-0.06546862592894717
-0.09712178513118115,-0.08154336947175322,-0.027305221175614
-0.09619183258227114,-0.0037466830739863316,-0.03996824027625346
0.0254961532348428,-0.05137851211553562,-0.03248729306584728
-0.0007533258271673988,0.03870494892105301,-0.06398748840556767
0.09757387529814651,-0.06774881733708922,-0.07779156415287448
0.012909619833369277,-0.0869119557306937,-0.023687235994413563
0.027502811133817175,-0.002238114594537188,-0.10041892829636105
-0.0520069353145907,-0.014695212770558068,-0.01828008874015627
-0.11908691950796874,0.05196501253317031,-0.014028260287558275
-0.03630906074002577,-0.015442487895656658,0.05504805887863955
0.007061043026842897,-0.005047084191104303,0.07683761291192387
0.046262539307081754,0.009781716845335712,0.030654809490880362
-0.05361254305966854,0.0035503251137217777,0.01501816564740175
-0.04202424168541998,-0.06709033769258742,-0.06157344731504551
0.01621962340984822,-0.04877241873202801,0.01202702757227314
-0.033184592923476204,0.06652332692107456,-0.006335449747792019
-0.04374276608782591,0.0028516077230881457,0.06433896129303165
0.08912145475967272,0.07267922130198962,0.03625609457257022
-0.04887077585458493,0.0076986978435116555,0.03994124149172793
-0.005260321809434611,0.01617509550483082,-0.02979597551515617
-0.04807636876997155,0.018664372537153487,0.07121585159424726
-0.004166012039721006,-0.022978619348139866,0.0025139302870670847
0.05899448143635664,0.12527084178069267,0.08294521433374878
0.02306142912235387,-0.004661617384879866,0.03622028155270346
-0.0033229163584141026,-0.035777490528597154,-0.013846495921271821
-0.07996669527513624,0.09636659368313427,-0.00905075083879083
-0.07230378900128166,-0.08031955795610775,-0.015046285167097726
0.06436046398761068,0.028141087759825486,0.01967872362620874
-0.0674201890605314,0.02472038715701308,0.03974018680920437
-0.0006495534440148635,0.010444861337253088,0.03200495788195741
-0.0728377017261747,0.05152928828824113,-0.016190914265421998
-0.060467875705968316,0.010228969799404644,0.027302144237233598
0.06191216953056589,0.018284335806322913,-0.031098287328853225
-0.04202976614257612,-0.10037517280808923,0.05334933895102091
0.05573441653122206,-0.0034018463090644143,-0.008135509649640663
-0.03281969539305733,0.012482266563418715,0.039036268856875944
0.07254192225618089,-0.06279966812320681,-0.005587276089970998
-0.018319234536313983,0.020327185501074888,-0.023530883807165566
0.056656797134256524,-0.07455875218251022,0.0517945110038681
0.03523984796221985,-0.02935579349635205,0.0717007285114649
0.02341291996037538,-0.06527403417679949,0.04714414166399975
-0.034752005179709944,-0.07627011920914184,0.03832718876373993
0.040541031015072705,-0.006715494852103855,0.06254891500881084
-0.039291489016075605,-0.017014050009852923,-0.020726615368043516
0.018780352903103713,-0.0540907420663921,-0.06875520780064287
0.028210459775131598,0.04482202211203493,-0.056060110724268974
0.0076602385842873735,0.025365645402648112,0.04394428926497283
-0.06146016538244911,0.0041438148742833705,0.03528042668176107
0.03355014087127171,-0.028638745759957687,0.023511635256430914
0.07684647787787562,0.10101190476773979,0.07928601079870477
-0.01599176921637875,-0.004337714306292295,0.05359270850836578
0.026998043174819044,-0.06205868962313203,-0.024608594248879907
0.060828921430134755,-0.10820398369335682,-0.0046080613339954946
0.09781854465171681,-0.0386818808018935,-0.04008678567441091
0.09025571288141172,-0.026979267951926757,0.1153799709893645
-0.008547582609504573,0.0005788928485194788,0.034355513948626085
0.1517649861594,-0.015179878798400487,-0.04660382125727043
-0.025995830807467202,0.055838322612863325,0.07023329279706073
0.015107302673701238,-0.05491016845864263,0.020507554435975496
0.013938941946815372,0.044456713168332704,0.05484522745078367
0.030609371182012575,-0.009326933337648433,-0.055289180146428044
0.04371377760673894,0.08794162179192928,0.01220358948428638
0.05602806137050155,0.01748246378769449,-0.057621286529137505
-0.04009247467543535,-0.03260656019417516,0.042763366158344765
0.003984178920504018,-0.026753350942513146,0.032446196534682045
0.04989366201872385,0.0407064341425464,0.06543050535098421
-0.0678357549174268,0.04285815637397475,-0.042010278733680254
-0.0586379759555665,-0.01739465918071073,0.06237720956915331
0.060863127959187115,-0.08711116146874272,0.00884346962905356
0.0795147827256485,0.015823049955887902,-0.1136065919308796
0.034955208315367324,-0.03127299253048967,0.0004025978120435463
-0.06502768661260644,0.09924548409208046,0.02908206253991806
0.02189907631854232,-0.013095258284452621,0.052869352150294834
0.015130533032707562,0.02953602497578859,-0.13892351853983467
0.02760207038534176,-0.005747194488256788,0.032800945330969694
0.10248891362546012,-0.06638481579341943,-0.04439332697696668
0.04001420026376,0.007915423647210013,-0.03050362125680755
-0.05603242647058939,0.011594597669336968,-0.04313598775366798
-0.07818902170291823,0.1303171919892553,-0.017955210829642375
0.10006703941318179,-0.00022382644232192724,0.0031348055726474287
0.01994961950634716,-0.006088731360818245,0.035194406054901664
-0.005558667837888956,-0.06805015698468414,0.03229821833872589
0.016444451938006782,0.07058994382851658,0.03396056258401236
-0.006021022842448643,0.0022592706208012774,0.07405878971603184
0.005645056195602604,0.0640138906815299,-0.025378609777848563
0.018261405957773157,0.07290754469803774,0.03679062322591032
0.005106481603231487,-0.06615470641197735,-0.023067160727368533
0.04307779354311619,0.042558103284367106,0.008279904005036847
0.03263965919579319,0.01951654082466565,-0.045755068042133196
-0.07530226318302105,0.03754193691589948,0.09480914433233842
0.031050191709822383,0.014573537568327842,-0.006960468401220603
-0.020494829669931523,-0.014042218957957937,0.03825532797611217
-0.018313578540245956,0.017631157488149335,0.054279118300904226
0.06395998942881545,-0.007837896232064347,0.062318786756694194
0.13963095891493454,0.04340090003678762,0.022789359348296373
-0.034114757801968994,-0.010718596150600949,0.05437324391656873
0.06954381250950854,0.023300149433278176,0.025797219113956448
-0.042159470159494034,-0.0005045204964374862,0.026632424857084863
-0.005887236855043762,0.050549584519368,-0.032449848839239966
-0.007291493621776526,-0.015074287505906642,-0.04521509567176119
0.04986604814673261,0.054472342745068444,-0.03346131055155713
0.030014055383312026,-0.01860175834164288,0.04032893362275214
0.05858967684266031,0.07029409064827093,-0.02853231242164034
-0.0018454814431068285,-0.020547908202327346,-0.07214015178026931
0.010136032305381919,-0.037124267418837106,-0.009704564380622099
0.008793294643817659,0.020739017282215253,0.08756912945525372
0.07574315284571842,-0.04267039605635088,0.03003551221295614
-0.03689366426068991,-0.05756871403674614,-0.002770094297874448
1.341733279499116e-05,0.05762412223033818,0.0347771059185215
-0.03154090993428674,-0.058179649300747385,-0.014927662897740852
0.07026679584428974,-0.05785211610188297,0.06826533090149989
0.046685358948010555,0.012913262500949211,0.02787604828177117
0.040114280993096,-0.023994270695081407,0.07511431523224932
-0.04364959130942071,0.0022234235485056805,0.010687649555895183
-0.03739839171824648,0.009446002048944434,-0.056682606432769886
-0.0005877892324552825,-0.001013525105704613,0.06072072878085797
-0.002972781076773054,-0.02777194682488688,-0.022732383593988936
0.07856325117887519,-0.004512066860094095,0.00723090782085023
0.005108010349601575,-0.01521842425481611,0.05108367869764527
0.046141122870558854,0.10252670814491335,-0.018825222515859403
-0.019344875609152067,-0.04402975108762346,-0.0370353324250254
0.09913736848899458,0.01206123292914809,-0.07055915786281607
0.07976399819645573,0.009427872437370765,-0.018527252275470436
0.05950807087887524,0.04534731590768605,0.08067610424292408
0.051743105869247,0.05704873712503561,0.032731430991092034
0.03485859952850913,-0.008517556780677966,0.025940769449684896
0.07189734548521731,0.05615299985008212,-0.04183142846362553
-0.007754393583217757,-0.09540700316102649,0.012486217145186766
0.03980710775833028,-0.042036599146089926,0.0291946963789686
0.058187478361849995,-3.2564604660164503e-05,0.004968893663939242
0.06222419155165472,0.08936980671923948,0.04324378847437858
0.10963555733832928,-0.0007882997581777178,-0.004044077761945899
0.08589070802124323,0.038577454613363864,0.033137511585564466
-0.002846682721254691,-0.07366523301367285,0.07033826503193309
0.019075871814129616,0.008612841219118053,0.025460758615956612
-0.07152354425369323,-0.030862975669329686,-0.09113197011493215
0.027010111450488955,0.05229621716900511,-0.010812155612157308
0.048710245263236876,0.00855277705040909,0.05141054813189902
-0.05950559289006398,-0.04064914081007183,0.0038487282824787965
0.001941246524701054,-0.07007569888737371,0.04718990764344643
-0.022025708027456826,0.043765247587739226,0.056293047661925576
0.043744947755480094,0.052561360620082875,0.056559174977613036
-0.03237695590190379,-0.03972639301083006,0.062006507152623666
0.03587379350201368,-0.018355080949176757,0.05040865680874043
0.06106121472015791,0.003274573639637051,0.009520645092273471
0.05173348465059016,0.10057814691197164,-0.009727038227153983
-0.019242700636805478,0.04668358442883508,-0.007795342494541148
0.0651037610711242,0.07577011469043926,0.05825067300390908
0.014250100898621974,0.028833920437528793,-0.017022292895469457
-0.10009235998729067,0.005859210308653129,0.018222205993738673
0.030272857282360628,-0.0029520717839171887,-0.07325866696823626
0.06467867876877163,0.021665076345408794,0.014465104856337396
0.08758858818110904,0.06448741865337967,0.07166921199272597
-0.0015717854965124067,0.02608079943709361,0.06382249471887405
-0.032414693475703416,0.0653107424366684,-0.01240139378589973
0.016853168184153076,-0.05187224800158087,-0.012592768472961435
-0.05594988111220119,0.03280123733490546,0.051075949353881364
-0.013651086971211292,0.06150593665950168,0.012073476758088493
-0.0020847128695198093,-0.005490401674449762,0.027080895550243372
-0.03474835754484813,0.09495668794567805,0.037671788629566216
-0.07546888564277086,0.020388429961630615,0.10061606219191954
-0.04530537816011623,0.03909882107294159,0.1023983923285197
-0.053203918969886084,-0.06786517000108289,0.02363788093517462
0.010537874092338152,0.04305677963573789,0.07792245530472477
-0.007705324911275353,-0.006590598617288588,-0.04296247316565732
-0.028911649647763292,0.08229087716845854,0.0499629336591709
0.08890378458650164,0.02508529877950475,0.04269681764771484
0.011094872119439266,0.04053585788558693,-0.06697521564011245
-0.04082247282289924,0.03962297030348949,0.003660120247067241
0.10279813855247495,-0.0719416946581281,0.06975522301761995
-0.048685113018061936,0.05984813468827176,0.038430047576136925
0.10176535108759743,0.019370203273692908,0.10030689905145072
0.11254217710543296,0.02228347990509239,0.019478213444487517
0.0198667570859466,-0.02005861240275261,-0.06891205956307457
-0.11773346880000922,-0.00770259552573274,0.09246537278795176
0.12622303996721582,0.1362390924595011,0.04655539059327519
0.07951751337080175,0.008136852598335485,-0.03792229981190668
0.04809683124269026,0.043077773216758264,-0.0005583422083219776
0.013497552236545005,0.08529439018163301,-0.0714635394543931
0.02541592172665784,0.016917577842962522,-0.008534853297508617
0.021888034839925345,0.00725080510113752,-0.027917927509095372
0.03766716766440714,0.004565163730344409,-0.0838124060432858
-0.06760907778550297,0.02807888505683804,-0.018581398467135055
-0.03191269784801145,0.09501687335488936,0.07895052901192903
-0.012559813625787723,-0.017136948248212113,0.002092942581406248
-0.03091533174676534,-0.020062064921298757,0.10076254253294877
0.0518316220641213,0.054129046109947836,-0.003183990634905369
-0.024585717334190665,-0.12959886849685193,-0.059228885659572475
-0.044023824346022554,-0.08296846409544421,0.0073159171953824575
-0.010884899757301232,0.04855010923811979,0.06197436485114706
-0.024275872233764664,0.06904884344724473,0.04564388110991482
-0.015478299506988783,0.002526273608506324,0.03377739578324799
0.02165161323194459,0.03690537558467959,0.09211428340235127
-0.011524107884226285,0.06192771497559196,-0.020921961115540465
-0.0017119382260547458,-0.03227965482551307,-0.004706817036863984
-0.04677813063476609,-0.0469196117430751,-0.017478489495057578
0.01713245837598771,0.0313334171942473,-0.050068882242088456
0.08178051708845244,0.032877305372077795,-0.04307985731256572
-0.06735617288664626,-0.08895057026777167,-0.07097610044666261
-0.01809725095917779,0.06052567023772669,0.025411536247597313
0.042618766459920084,-0.03866017885598196,0.011533068293604076
0.006750324419458045,-0.02537963714174408,0.08372042800116615
0.015267547708301016,0.08871309186474474,0.06006641369929598
0.030174170793345084,-0.014545747261088668,-0.016867510397938018
-0.004199292243156669,0.05513862484110589,0.04772618229768403
-0.004150551149355277,0.02797174636067535,-0.04602247058017516
0.0025619536471104248,0.026517534138297345,0.08533749518244688
0.0039750167099301395,0.0906783536068318,0.008243322199092452
0.025566122987003365,0.06411131156987306,-0.03812790243943988
-0.04252344407418524,0.04410705958847854,0.007577346877596173
0.016946112253457334,-0.03770482803763315,-0.032230633055627934
0.014995492292517194,0.09214795286879131,0.004036337826250926
-0.01341107039089765,-0.006244927151616127,0.013130977637950287
-0.01494139158693523,-0.07747742300561128,-0.018444795320634748
-0.009598288318987342,0.019724528564130907,0.018282586455483807
-0.05553569818732919,-0.03681927033235077,0.03245752503105798
-0.04450098522504101,0.006167998093686363,-0.006021226812025818
0.0825111696984793,-0.007842043886956498,0.041948761357384616
-0.025327518773853492,-0.06165003067862795,-0.047642360488705994
-0.02381577188547809,-0.04126654962617651,0.0704239773595371
0.1075167046078451,0.04710004627302261,-0.04269398211942066
0.06814421321983011,-0.025584067454404544,0.04063613418253549
0.04032484347278075,-0.029300072681396214,-0.05493229242742704
0.008908798576682565,-0.07318186601599329,0.006244145960509508
0.047267420198198955,0.08716291711229106,0.014394177261982662
0.029432888641130143,0.034945608540356346,0.015502181934014867
-0.01982959783062682,-0.010414241043624518,-0.029166205465792926
-0.030974320608427752,-0.05136285758835158,0.008790833569632565
0.007505961017247653,0.033252091906121176,0.012550726647465772
0.08480913447315075,0.07222546347162295,0.03650275636208421
-0.056518656108821015,-0.04439784010187734,-0.012040206626788449
-0.11481366346909334,0.08719228435209507,0.03766936184226197
0.03267742870233975,-0.043092489780637414,-0.004970696853589692
-0.0429903253259482,-0.026919242113753118,-0.05089692018883362
0.03809580304946062,0.08763318893934685,-0.016254770227646508
0.005581622663612252,-0.013523821089347084,0.019133734797422027
0.024218784152683616,-0.029085816812474193,0.009220485627440808
0.011852749001681987,0.07155754110245513,-0.053350688037927155
-0.05901377139381286,-0.027562477351923752,-0.03517434206900446
-0.027460425473743284,0.006448996353381096,-0.0013986669345175014
-0.026310464487368877,-0.022566748559497685,0.15296600367811888
-0.047676224472082286,-0.011144566351258982,-0.020308650237685542
-0.087983194560128,0.017253816838913763,0.0036026755356671327
0.033042260635877695,-0.028981211216767614,-0.026336736537459632
0.010483192855298121,-0.019617773403216146,0.05482261605254694
-0.00888859330324316,0.06956037310602615,-0.03782079188411706
-0.02172889251132438,-0.0012666560758419552,0.09555653823189737
0.10872858974122195,-0.011974776481348329,-0.04061866947997606
0.019589279127712855,-0.05142894948458263,-0.0437172343984278
0.03051348133331955,0.04369390148768034,0.08882655822435312
-0.03857448221610698,-0.04911870796408439,-0.059077563834758776
-0.001730835993045193,0.022924143337401996,0.0304454559789872
-0.1286341672309835,0.12701151604145153,-0.027312502741978793
-0.08362819745345051,0.03868684296141878,-0.06326294840809026
0.015700350657048386,0.04477928824059679,-0.019323243681796717
-0.032899143614334936,0.02484769856778412,-0.04236788090839595
0.012973282259016292,0.016180943098858397,0.01581803886931546
0.018577588750403454,-0.02712359858092952,0.006101404265138532
0.04963251023368018,0.025371439999990433,-0.0073730304028483025
-0.00586180249348189,-0.06578749247902042,-0.028460782362528567
-0.02226719659109773,-0.0554518183547391,0.034459908165447306
0.051597604421905544,-0.08999593744708051,-0.022494788248265386
0.04932636530739867,-0.10028058312133774,0.05845954513991199
0.0005516077976828616,-0.00790861548181893,0.008599946379446456
0.009915181784725087,0.05325669084181929,-0.04341775035809095
-0.03429355635049042,-0.055754073378749686,0.08096964516398707
0.03318416390025433,0.012286313150188828,-0.18315402437449393
-0.019368782436106215,0.0689387743922937,-0.011396499282761246
-0.0037581258704292306,-0.07812061573227194,0.031266696944509544
-0.02032681074892348,-0.0065153183781695625,-0.058007934743907266
-0.09098365528158425,0.02205320709718013,-0.022558249233575994
-0.014385851534720079,0.009032053639873527,0.05827744761333738
-0.027435871810440517,-0.025023336719754215,-0.009362802638144813
-0.07141851954851694,-0.1229382206260684,-0.04332069799325689
0.028681332286829373,-0.012629398545595437,-0.005453003430234513
-0.07973080779821404,-0.10841164111555632,-0.028901679654939325
0.028327765795047068,0.028255255616958894,-0.024407172491123723
-0.015550155882663702,0.052250269226779514,-0.045335169119466966
-0.023173370568354987,-0.039341377712099876,0.04702166644380308
-0.01197401031043967,-0.018568495971971365,-0.032705575191763654
0.055111112907584386,-0.05165826643137359,-0.02267595634330947
-0.027394458427956524,-0.007524459500073164,0.03969797140438053
-0.044044998586866516,0.08270472179064257,-0.06518863676856601
0.06076487839640868,-0.052762452246741066,0.0015022266424106843
0.07196515933454667,-0.06888033185698697,-0.050184705190251824
-0.04675220772241248,0.05358380417051809,-0.08693463719337163
0.04605553352284113,0.06251786535734176,-0.028283702280003986
-0.0860488931375786,0.024014090093649725,0.02854264691914565
-0.056707752354563705,-0.027754540687745813,0.02420068003159117
-0.01031433649571686,0.019796735031120297,-0.06617236279477184
0.0018344887139254765,0.036012433938176006,0.10590552011193895
0.0041874437187375685,0.02365125690623481,-0.029969705984732815
-0.0642189631916357,-0.0017882900756944903,0.11611817332149293
-0.10541717358814989,-0.04658571409219499,0.06505023875939946
0.03504001913356716,-0.06673487480623538,-0.11940519801868948
-0.002348141471711475,-0.037254695070226676,-0.043720182578314545
-0.018078967063651807,0.03079326396609181,0.019014478398929485
0.002539485854881004,0.008567992581441721,-0.036750979485171115
-0.05739108952061505,-0.13008723257979776,-0.03286876673889426
-0.016036192666759413,-0.04982775836566418,-0.013191591995977869
-0.05162728702976219,0.02763427279079717,-0.12218986819403672
-0.04351579309933694,0.02540391631602361,0.0019725938665788173
-0.016899043061373017,-0.027287805331828195,0.06029164023604032
0.005479276691214771,0.010242165698599575,-0.06951885344828505
-0.032025000853450815,0.004625552350409845,-0.011241451737905288
-0.005649328178336365,-0.04007861943052114,-0.01942086698990427
0.027148729925487478,-0.06593733452647507,-0.1659039183283342
-0.011227818088285088,0.010706788846643698,-0.02434375178003836
-0.06016203872546329,0.037566763590834995,0.014333080596124384
0.045789160342124796,-0.06973259086584423,-0.0743151719567126
-0.061391318993813754,-0.059113036784734965,-0.02149278340123837
0.001966710267508255,0.04739809818307335,-0.049651690926018344
0.020422009454358625,0.014966800486696082,0.016907061456002473
0.04708345228926426,0.02646234105472264,-0.13176945575737728
-0.04086554078795575,-0.08546418071122873,-0.061702468032156746
-0.04387336557822033,-0.09279728417784804,0.021521480083896895
-0.09339548382356638,-0.024657925966856908,-0.06289989830490218
-0.03445445502861121,-0.06586643522170105,-0.006786069264548441
0.021998240878085554,0.04139061991180362,0.05058043636812537
0.03395407173497353,-0.06507337530088247,0.01979875463801171
-0.029517092129970137,-0.021542885948073576,-0.0339870529389857
-0.018844597013704424,0.0034639192611067744,-0.026711792956395898
-0.06912194217762925,0.06201877876427728,0.00541236229010944
-0.031241093638883582,-0.008064564262897696,0.03091203115933716
-0.033690640579180864,0.005276198460976735,-0.015453994409861506
-0.07245255595052601,-0.008890171865249248,-0.025173418380589157
-0.1355281076113472,-0.09463929568508622,-0.08376337841070511
-0.053348640633733346,-0.06394539372934022,-0.11926814590377365
-0.06982272193738955,0.014693036719689103,-0.035128422704887224
-0.09727133891276157,-0.02210689739112072,-0.04650824967990658
-0.10984417464290135,-0.10128880729182585,-0.0234518699780917
-0.0521921421856778,-0.1140857377040379,-0.09134203169058593
-0.018949089764139535,-0.10116502067786863,0.0035863108164441576
-0.023024321870474845,-0.10807645767066583,-0.036936667797573465
-0.06422701506850068,-0.017612966536388053,0.01739084488890978
0.00012686270501224145,-0.029651363610984548,0.0879356693076537
-0.01778223369659464,0.04580907445387439,0.01509678508464658
-0.03251826236635344,0.05366337341897582,-0.03363125241658213
-0.03298890199365763,-0.03600315505321175,-0.059494730259661385
0.03945551623446879,0.051381984909528125,-0.09998713023950973
-0.010111404157005394,-0.010310130031323497,0.12227684226121331
0.01984458327876981,-0.018506146357419817,-0.0676862879206668
-0.04624342214647892,0.08673994670828694,0.027651679997701434
-0.02383108104913175,-0.05386595777691335,-0.06036995806849275
-0.050848312808063345,0.036346547256046094,-0.012816907945508368
0.040769137914272016,0.03909616441349488,0.08282247068795123
-0.052642364109050196,-0.04170670718324421,-0.018304905155872745
-0.037945645783331386,0.020233537481336765,-0.03526533339496829
-0.05723812976625946,0.06283879977449511,-0.07699121692769864
0.00965078361380298,-0.10092480845556537,-0.0849067811666734
-0.09809743870730223,-0.06022054572166023,-0.02621954821561675
0.007372209806571408,-0.028425611925380498,-0.09436926872332972
-0.028693515671104175,0.006885843515841421,-0.0983833195198599
-0.021117106602111368,0.03243909587468874,-0.008296016426884132
-0.0939913286042842,0.07611232595138247,0.0012480268390070194
-0.1392335833300404,-0.03840148717100979,0.016918006698292465
-0.049036377186413335,0.012813038415066706,-0.004907800610047707
-0.00971508066876455,0.00011137254968103527,-0.021182640877237303
-0.09779136938828631,0.018385685447262226,-0.05603117563134611
3.908584490042513e-05,-0.008984699765295511,0.008189962988396592
0.010127242053930736,-0.04472719312917659,0.03663835117378745
-0.03228477960496284,0.0616099626421446,0.03496913832879246
0.037168031851783606,0.018263438769063004,-0.057222679753018896
-0.03339184174518109,-0.03541871141327638,-0.07299594563863879
0.0661714606309623,-0.11750170255461106,-0.04892320005830997
-0.026717747744406144,0.03834770486278012,0.0016607175312174823
-0.012904950017126765,-0.04060300360164931,-0.021618954395715134
-0.06355435592373745,-0.11297450501981524,0.012728625694309707
0.025844742940606708,0.053284752847565356,-0.00828691974315328
0.004725646344643973,0.02412400623852151,0.016462086876110005
-0.1096828332338632,-0.013926479962416458,0.02224643783457871
-0.012466570175506989,-0.0010688541728424168,-0.024345771968239806
0.02013190785350598,0.006124712571706388,-0.06943461560308536
0.06555675359073437,-0.004002654977519629,-0.07608630799819167
-0.10167059371259507,-0.05244890511850511,-0.06479629440222175
-0.03000457515181381,0.0062392441912444765,0.02624394766265638
0.021741208687247868,-0.004114470543191027,0.0006634517348494181
-0.059353992508101326,-0.037865561903102314,0.019899182983190836
0.09096478441133106,-0.06309438855022526,0.011864207771963065
-0.017817151336845412,-0.02302733881471062,-0.0912634689139605
-0.10556252129785614,-0.017360743881636952,-0.0031718118941480907
0.10059952728859411,-0.011935349706408173,0.05731766123435783
-0.09863281446645045,-0.05328960378474457,-0.06775940854592225
0.0004167430156884408,-0.007534313435325218,0.01490202282494027
-0.0030741987038044524,-0.01969627240146643,-0.06187369790783243
-0.07753998741809877,0.0254625015996098,-0.05713994618738115
0.0199560895533068,0.02330243566183076,0.04712190906628933
0.013210640849841264,0.04698357656797904,-0.009886663167682823
0.018029309043447284,0.009747045531507532,-0.009527701560713444
-0.07122209477622965,0.10022210157300046,-0.05462722702046735
0.07164725923230099,0.01186985361459787,-0.055556349934444194
0.04171844559201484,0.14105664847663607,-0.04374297098601084
0.07918472348090028,0.01280998386661938,-0.04407221258386658
-0.04691451143183654,0.07141686742260384,-0.009691595546587103
0.019999510750130157,0.07945711845409523,0.02407785936405945
-0.021732758017716954,0.02010185630527469,-0.025951114300095342
-4.752120475677232e-05,0.005503760524624857,-0.06592174501776296
-0.0593343282956046,0.04613205376042394,0.009751699305303074
0.020719005765994437,0.008172825483030222,-0.07608957304269853
0.01860308038648449,-0.04084254043949226,0.062468713387963365
-0.0029748418134077047,-0.07711069779300166,-0.004538467718687939
-0.004584737854776454,-0.025351392655298777,-0.011012699484744468
-0.018919820973811462,0.007421800017836502,-0.07467044683100385
0.05373516776865138,-0.010216004311572078,0.04782536128421588
-0.06565463607862047,-0.04004154518919249,0.033948610169539525
0.062214048224681316,0.011233668783346133,-0.004904621270440129
0.04430139657050557,0.05128850706129279,-0.0428900872421093
0.03040330478339291,-0.05334663939651619,-0.09000471696153799
0.023666877859833527,-0.03608744906567004,-0.013852172734663288
-0.02328854281961502,0.00165312521185647,-0.023473552388278775
0.05560856243827247,0.07367507599288084,0.05927118471572865
0.0345007272168365,0.030656760000276208,-0.022769357148085496
-0.03150369851968079,0.0907842247492062,-0.0026345352964540327
0.04431833704778062,0.014537036273797477,0.07400852376595368
-0.02661279167393508,0.12115662333547343,-0.0024918413064575263
-0.0777699791523249,0.0012342901531384506,0.055659692976086035
0.007158259166086949,-0.05315724439681918,-0.07529738746914291
-0.00393266300537953,0.02053798004257696,0.056377016041783606
-0.07356586622425604,-0.06359820346467858,0.031063661666272988
0.00751280348099443,-0.09232610581570704,-0.004550439946550694
-0.014150068987542291,-0.08333068250915973,0.052228919984949836
-0.0055194556090075435,-0.08705145352521182,-0.0562585805057286
-0.08647316289131268,-0.007618111851615263,0.06232995894924522
0.08581563846243875,0.1133837303290895,0.010562352098556773
-0.08013972500255652,0.02604989881658529,-0.0166338805127862
-0.0390738239743571,0.057334927981592794,0.05446262445322447
0.03763398882839078,-0.023875687410697607,-0.011274173002289287
0.007265364611936723,-0.033667730301936316,0.016081068698298846
0.022416244855524896,0.03470049987333456,0.013087755043663394
0.05130440466461659,0.03465842296955024,-0.011855480906546407
-0.018601756411793197,-0.04683940270922271,-0.04524279038170274
0.0601833766434333,-0.026806478136052518,0.015773062892375855
-0.059748318519315446,-0.018458268036676936,0.028133054573997972
-0.03588716380429236,-0.006929381486659159,-0.06694557241024637
0.02546698694751664,0.09699274948194299,0.011347628800116728
-0.08618303944876816,-0.003225638406123293,-0.02554339624757342
0.0008402462262126435,-0.11698199633758569,-0.06736678836934991
-0.03780712936942188,0.07080338107404636,0.03470880587210868
0.021654640064112107,0.0011454845350173902,0.09013810829645261
-0.018004949151193633,0.01631602816660759,-0.023442110886708993
0.05924269574291524,0.0212000196185226,0.04345135446288604
-0.027810469211431123,0.0421179780793586,-0.07800334783020593
-0.044394657555955785,-0.022729213231349073,-0.012065976658781353
-0.01687605887191955,-0.04720745840889166,-0.14499074935205913
0.015286973532384451,0.012157566133917476,-0.02981969065671941
-0.02630899335040756,0.10411084826336447,0.03787984703125811
0.06761027843756487,-0.05571015704566955,-0.0374785493593301
0.04541757860310586,0.011580279364496088,0.041886468664852
0.007702063870905877,-0.02990197058113651,0.011429830556682966
0.03289799489981692,-0.021910495193013607,-0.00563126212380395
-0.023822875468464996,-0.06296186131257048,0.04796371919723458
0.010280596127180444,-0.07105768423191275,-0.032658227526803335
-0.006356999430074492,-0.06777267638020613,0.07535964720691538
0.06131536135944966,0.01055948088260891,0.00898113338461926
-0.04906126720521321,0.03197082944709696,-0.030048847755932813
0.10731865837921534,-0.0300926130504958,0.03534559351164904
-0.055809600164185826,-0.2042203735626396,-0.04653378887603541
-0.033936739996152265,0.023518789482937827,-0.04671160870915053
-0.019018901066504487,-0.02884844235742387,-0.05626060720888974
-0.08784308611383539,-0.09445115373022961,0.0835832383843421
0.02687316704133444,0.03378376197742654,-0.018399976504998854
0.03536764093604407,0.026235177645776646,0.015593003724917596
-0.01943718178749683,0.021584714102669184,-0.07344084114473762
-0.017524789807511036,0.08526554122247013,-0.00567649766045333
-0.017999239742337973,-0.09933250066267361,0.05432457531039349
-0.048524142120732416,0.07944013412077122,0.015348542078614923
-0.04142341575966439,0.025062466273319366,0.06946253426675149
0.06670975621659408,0.01770327526187985,0.007201434771619912
0.10305037698420429,0.027887853705764992,0.007928739535388706
0.002826059207203354,0.010972521958107237,-0.00047484950740328546
0.0060713620635505176,0.07189271188803466,0.05072762199023212
-0.034172648443285165,-0.03467302830298442,0.1012019501908437
-0.05566184129992793,-0.01826589003977903,-0.012858432726114904
0.06315630808281827,0.003515230439957863,0.06623863045763832
0.021691940846159163,-0.0413553410710647,0.031480269210051454
0.034235426096599963,-0.0691000504243636,-0.05600598674991077
-0.12286010541508359,0.08351858715533884,-0.007722862697414215
0.0609049478895384,0.035685483921188546,0.1169353758994728
0.005503490143047423,0.00211820115694669,-0.0006135102823790692
-0.11350089215785007,-0.06015000658228206,0.0033378470158954687
0.009769720295356894,0.043245513452937964,0.10195710831331659
0.12603626320732342,0.051501694503749085,-0.06956617704828602
-0.005049203378314682,-0.006789360882850414,0.027492261081265127
-0.02828806550153292,0.047795096490486536,0.019826639712593887
-0.012378929142745023,0.06786531008212895,-0.04677979769760964
0.02642826913315379,-0.05589290933166717,0.04651682105664499
0.05582323974875924,0.006054674811586544,-0.03878342317560069
-0.04591251194399844,-0.006016148247110293,0.06449137684803087
-0.040055736270179894,0.02909059225748601,0.02457465123753222
0.05015772435969776,-0.03465263041210656,0.035001806158884936
0.004677512294544644,0.025534111858257783,0.08490093723727447
0.0244025471823801,0.12858984159700426,0.13448445301608644
0.0028414567101367923,-0.005470288579412379,0.05135871099741575
0.07157975963066047,0.0209333946407175,0.006001338887958807
-0.005996311171726148,-0.025851378962503474,-0.02423838191740696
0.010804554521290408,-0.04891972468758726,-0.015027189287283773
-0.043263973598984685,0.028718299530366476,-0.07586744986169286
-0.01382916525134906,0.005521585083732912,-0.01958415234759608
0.048357209945911875,0.08520301671820607,-0.012357852936644018
-0.01998626361339636,-0.0685642230141836,-0.10965282667211451
0.06766807827643294,0.03650937069344853,0.04556715624097109
0.0027725761708537015,-0.0724476664183205,-0.07463567963324484
-0.04095924478384107,0.0156796222910031,0.11099060495822423
0.028152871003068493,0.01218693468152764,0.0038196739689179485
-0.023793424323990148,0.07503351911880965,-0.06097034524927325
0.0288621272429637,-0.050420932913231256,0.0874718932109584
0.03448521838293941,0.05241567242886418,0.10134088055575277
0.05956267057193006,0.030946553009149048,0.0418051652392335
0.018328807995956643,-0.044836176354172766,0.02850266308531718
0.014394588224424456,0.0325304104332966,0.004519305976472881
0.06714452642962847,0.08044302719988114,0.01807967846858294
-0.05744589686365566,0.0191794505662586,-0.01441866736904732
-0.01792368009378571,-0.0405446115725203,-0.0213924884397886
0.031869671991444644,0.012744730432697467,0.0904371281024792
0.083717788754856,0.030428789491267955,0.028618457098418357
0.0976499766584193,-0.07417290982222254,-0.005162347215281252
0.06949205037757804,0.030626051123854355,-0.04942134414561504
0.010941011138132775,0.1082432775607528,0.10793029294639361
0.022267146049074232,0.008486374537176131,0.10047406666495977
0.08279856638817791,-0.05620927834801706,0.028507035271566054
-0.01262008849115883,0.020168064695685307,0.11134954972834989
-0.07721934565610514,-0.043263999365421635,0.09052532710777902
0.04080009894670736,0.017387665774009273,0.031144165553765226
-0.07314377687864775,0.10444817952623879,0.01538082875256716
0.08371812858741094,-0.07657520225229057,0.07681958899690673
0.057559553909828684,0.08529639047411335,0.03194979566500569
-0.04228458633421635,-0.016707431177095833,0.11218393347406262
0.0023947276418354313,-0.01094959991542726,-0.06920543116993388
0.03985678141592458,0.039881586425032436,0.01689798815424388
0.03790053647804847,-0.009612085329366325,-0.1286145651695442
-0.00825948907068894,0.06220843176459703,0.03164056521027628
0.009187050480724846,0.10247496332094291,0.07609780906646771
-0.03409533624671773,0.027672442765693677,0.0912210214299716
-0.07414985521820974,-0.06970168822267357,0.02500797457904204
0.08249867064713146,0.014198689795745366,0.002608456523028626
0.0075178867287357815,0.08634406560546522,-0.022046862997682475
0.09792295462212562,0.04614154952885836,-0.07608745340568203
0.025768421723359768,0.09878031984122863,0.021734950491488294
0.06306592244670726,0.013049730654575327,-0.023921601408158414
0.0794198559835039,0.042711033174039154,-0.08399517727812
0.06351809447547174,0.14983667834575004,0.03399203418623
-0.020509381152841996,0.030580747875160463,-0.005840294106273368
0.02325631826993484,-0.03451623404998905,0.0360719175152842
0.027946687481319323,2.671010826327258e-05,0.02869840612703197
0.03325432232364828,-0.01941909532439579,0.0011886863301802109
-0.023206355277485533,0.01762338808912624,-0.0985751932416074
0.010743291239512178,0.007986191001097412,0.07196674241108689
-0.022246488304774593,0.04510288207171344,0.028752116561187077
0.031590917478841275,0.04233556390791998,0.0663983101266645
-0.045770827548108246,-0.00476944379960249,0.09700427351229382
0.07356568152228808,-0.027495964365609485,0.0008269527713170716
0.10905983596539515,0.048472413639264855,0.029081161299795644
-0.05520304922522062,-0.06457087139265252,0.0421220211033866
0.04158613244919618,-0.009311178899028019,-0.06979227894780823
0.11034995054932581,0.026699859035493802,0.10661458956956936
0.04876449176059198,-0.03215391815356997,-0.005039638426797725
-0.020489456124938264,0.054360466740231615,0.007599986710384398
-0.03067544257540738,-0.044053964837960015,0.03835010370828877
0.045276938864532955,0.10253669950153105,-0.07599655509136227
0.03386250495944787,0.021141458719530673,0.08703006831825831
-0.06499747105701692,0.009445565231140872,0.01270933705544713
0.062074851935863096,0.021163834687508043,-0.02235451562669147
0.06232224351995639,-0.0777639736353545,0.045819655320804925
0.05398251842884793,0.04499094960296912,-0.004383725896486931
-0.013570735579560789,-0.020727213525816395,-0.030353664107695192
0.0035676827360590115,0.054742654733814726,0.02432162414321199
0.04425817399345572,0.022775757713098317,0.11109107833843566
0.09772750695068187,-0.047426759651065645,-0.017564798689873446
0.09022346262481622,0.0031463724105080804,0.11449909659785691
-0.04223793021146492,-0.06369671297022755,0.006048965188937588
-0.02197072698472087,-0.04885306630764554,0.01576414273645729
0.0366760986143817,0.04402615481958523,0.06293029754798705
-0.006571044653709633,0.03311608858892991,0.006202925606282205
-0.002347784637707368,0.022313511082548983,-0.024170686811981243
0.03688722974327367,0.008514734107785549,0.06074703235134261
-0.023942755031596978,0.0536016176882052,0.015543409987232094
0.057646250542159896,0.015741000934154904,0.037967450129461205
-0.0622860659430431,-0.018346666803643802,0.00946874382108373
0.10883268299672626,0.060635203121470825,-0.029084977886605662
-0.001785438262389246,0.03037617696730098,-0.019452681789845577
0.036888182916477975,0.004859643495697424,0.003669811749430941
0.029183423129140316,0.05681624195727276,-0.07067792567224816
-0.06894778441075676,-0.037000482827980116,0.06372163262203709
0.06641672720273419,0.10511996011544833,-0.003917542117102822
0.018058294026438316,-0.041933202607319205,0.0032123654558740902
0.04735652513950799,0.07902833914822771,0.04331783132823683
0.027153301498644707,0.021377899327859648,-0.03875265226909427
0.022898057282827042,0.014780641724357932,0.0351694245383591
0.027294409176780957,-0.08499524025721866,0.07022433271462922
0.03502684992347553,0.049468839480894644,-0.008817739133582619
-0.03399761226996018,0.04869961882942023,0.10771492747454454
0.03154356234908726,-0.037765514338285705,0.00828677526178611
-0.014515165110087281,-0.0012084428066305181,-0.023347188994420773
0.020686606165723237,-0.018607870442506683,0.07770149359050532
0.003536708454401882,0.03419163952200844,0.016697850630453214
-0.046739618578552675,0.025182714359340126,-0.009338704876647376
-0.0020102592002678894,-0.014421725657605144,0.039982317597866676
0.013465674236888332,-0.0001593199083507659,0.04238615975296431
0.00722509256957707,0.06042808926503131,0.04210882781061297
0.020269363087103774,0.08978061456323616,0.03142515447482615
-0.06866960025361168,0.0072625278199106805,0.03201210987400898
-0.04422397079850534,0.07529654885137207,0.0024177706843764024
-0.020255337996440144,-0.0328187416815864,-0.02447058570495611
-0.002805497657377363,0.04260279744297121,0.057030983941819983
-0.0009937429798294595,-0.004091973431583859,0.025545050203322067
-0.021781274122947288,-0.023909215798396326,-0.03957037616867169
0.03224528364585218,-0.03058403174514447,-0.03559430401578692
0.05862213419690109,0.07597079222117467,-0.03235560615819517
0.01722422655498624,-0.03108125027608836,0.03841726791307523
0.059114244528922104,0.058893642394505494,-0.05036281103101959
-0.0455515567786683,-0.005427922212290789,0.13490013900614584
0.02116197891747123,0.04395311466836062,0.011876812177187102
-0.05631184424359924,0.0009670860719695595,0.04573793684029721
0.011249793816364902,0.018639927442148103,0.06171218533608246
-0.022900603635137382,0.044916345391668916,0.011949722510548506
0.022356243894620417,-0.09834211853481047,0.09517037371747966
0.074238079992202,-0.0027195363371515704,-0.06083605911087011
-0.05360704145260087,0.009142830708422225,0.003504241284689691
0.02466972523497747,-0.05106223687996862,0.002096138371163094
-0.02706748545870996,-0.05210540938314303,0.0017602398063433875
0.025380536614887345,0.01547525285090768,-0.06655596888410957
-0.03447727441891194,-0.04216548564145982,-0.01013295076225102
0.02246091351462243,0.05444437037596743,-0.0957333166611168
0.07484148483470808,-0.10236129096107285,0.018144642972293155
-0.022005434690198715,0.030141703265095146,0.06313379636309802
-0.047260607427559734,0.09996315894529963,-0.00639753237384791
0.08068130470930994,0.04106271288998515,-0.02861666553863156
-0.003754033570378102,0.04550438397834972,-0.08463839546006444
-0.0036214456862435334,0.030170238413713055,-0.029648372488347407
0.10929169827372248,-0.03797322629983818,-0.04545481543539241
-0.02523676083818136,-0.05896545504051646,0.012369299793185969
0.025898169161901033,0.08422882049226896,0.0362720904125906
-0.06995320550214405,-0.1320780121263787,0.01466203525601867
-0.04920661972502748,0.05015724656983579,-0.03272821665240901
0.04849825063066102,-0.06398047935580839,0.03136746042030873
-0.017303026769772994,-0.09994944531691033,-0.006516878635716894
0.013001807215599124,-0.06330457446215872,-0.032803633688850295
-0.049218719304563834,0.02690787144074338,0.032514580791982536
0.025213780869866472,-0.025579409524727238,0.010705158415421183
-0.0045819792254541795,0.023234852740798593,-0.14510310264738605
0.08789963750962458,-0.02055599355561504,-0.027274917443728605
0.006873791107935904,0.00953974441054041,0.011680663868203814
-0.03038382512500985,0.007578422724601133,-0.02735580233909575
-0.010539250184012968,-0.07472858455820944,-0.08797018497941618
-0.02737664712147522,0.021310048567301173,0.026853905747744388
-0.0553526337746033,-0.009603157147176066,0.010701123113904042
0.006420441970319713,-0.017978436227008184,0.08778588125920343
-0.004981291634237749,-0.028257549387557482,0.05733492819395456
-0.031496593095364116,-0.059919734689230925,-0.043911495416498705
-0.04298740634355419,-0.048499255675212224,0.02359683576738592
0.023097361380543954,-0.06257245019781636,-0.02942128994397117
0.03300077907271975,-0.057340871368308274,0.09342458496995315
0.024860720018893823,-0.007467171799555852,0.010967297112512535
0.0529878873138163,-0.06001821213073709,-0.04463907915447807
-0.019289115952042843,0.12386938100395715,-0.028763606878366772
-0.0582140759526148,0.09154688580358361,-0.019205223709659953
-0.060251506636687255,-0.010091532433231128,-0.028818248927191745
-0.13792024278030773,0.024760642576750053,-0.08742383905181478
-0.014353979942284753,-0.0028740837258821386,0.032674316443052555
0.0005188131334974231,-0.060839892861997265,-0.011388785901199634
0.042440936830064335,-0.059384426849808214,-0.004997492536163418
0.09502925558370318,-0.08024242713357782,-0.07639602356014745
0.08513827517931084,-0.03399677207746635,0.029100677108875383
-0.03911460875475442,-0.03782974588018894,-0.03823699332716576
0.014227486778913393,-0.060891494956766976,-0.1310736569603625
-0.005226497981577251,0.036292092015901674,-0.038592255136425835
0.0029701302140908957,0.07086330336314711,0.025692798830724617
0.013334694534280427,-0.02936310175757791,-0.20650628719014977
-0.004894253749971287,-0.02008287093831436,0.008235505110636084
-0.016515887465434344,-0.03301888813037161,-0.03049796937568125
0.0239837445362207,-0.004741781977238493,0.02874070131482656
-0.044515542036265184,0.006512728797757579,0.006903015163248661
-0.07677294404244651,-0.1110008917576113,0.09145967929885165
0.0041526423652272215,-0.02908043569974272,0.0779996307921995
0.04407369659419308,0.03604652491416744,-0.028409815369926206
0.015412313796958912,-0.10943395268063152,0.045701459124848375
-0.00295035556295899,0.050142507213507465,0.11574868152578092
0.07536054122521747,-0.04850211244023987,0.035875527728234505
0.02645689138058567,-0.016947324343703826,-0.03573379419690009
-0.017471483533860663,-0.039084013502343105,0.010857761588370788
-0.050378665807657784,-0.012861509081815459,-0.014074206023103641
-0.030162055398948364,0.0499480055514282,-0.06516458711516002
0.0011560374725306972,0.0368494513804217,-0.05241526658564971
0.06983822214124252,0.008251178985133839,-0.07532382791216337
-0.02373668048961043,-0.010117463986641786,0.06580862702554677
-0.03461393645028336,0.009363705079271518,0.0863861081682857
-0.01028829099883945,-0.06709369364080876,-0.027709894637324047
-0.024892525309059443,0.03117431544665089,0.05540501232959097
-0.10936367687863811,-0.023509641537761125,0.003384774187643963
0.09196251545179249,-0.1171769724877498,-0.0565873884782065
0.028627562073591448,-0.10015935338461757,0.03142309954245531
-0.04588219513177055,0.12138016919056735,0.052086807425067036
0.0560001107362871,-0.0423516952946517,0.048804878942900205
-0.12616213850546895,-0.04575501597092409,-0.011693465740966691
-0.030652426814911385,-0.029554387156952532,-0.03559023530399383
-0.02206098842646792,0.005202686352442268,0.011267573760933375
-0.0068988734948863505,-0.01723592378457498,-0.028525043497906244
-0.05610739351995156,-0.10717466694264532,0.06846697774892399
0.06243463109181764,-0.04884940725522924,0.011028242418090611
-0.003108238061313757,0.013852598053268089,-0.11458000957874304
-0.04282481650717604,-0.02017838150571557,-0.06488415551925679
-0.02929344052776808,0.1224819567258917,0.05232499804261137
-0.10277939899001798,0.010467349197560698,0.002093463782316323
-0.07801835959135524,-0.0073097360980255745,-0.0902823780757586
0.052913040365706696,-0.016434615034403195,-0.006266036371267852
0.03830318514130096,-0.08874652482858778,-0.1096794922615795
-0.026773998508288457,-0.006883611436626668,0.00029494903186143284
-0.08413234360907672,0.03163200607952718,-0.0802487253092821
-0.05802306213991108,-0.03517351696034572,-0.0774040364612818
-0.025088568022066125,-0.05368361367702336,-0.08703850441539622
-0.012647620368023759,-0.033261318378486,-0.002868694027644624
-0.0819436085331913,0.018992901226742197,0.029399350886696787
-0.02869981519809443,-0.07754405437828826,-0.04219343376704571
-0.0017278511618485162,0.009023714859701052,-0.08701598615718434
-0.00013301053294546838,-0.06733690447991525,0.02436870540903778
0.025393487511227598,-0.0292975589344319,-0.04833421208183545
0.04059364738930875,-0.006498284541403911,-0.014805788772277697
-0.011087919634058247,0.10367361594123176,-0.004979973296280657
0.003913343962068355,0.12340709304508955,0.040870502860361174
-0.07432089086669293,-0.09076561506699435,-0.046106612475552325
-0.009464632355087292,0.04784572448371154,-0.007885376453352452
0.00314739349643128,-0.025825438296999816,-0.00857033938400361
0.06851927099464461,-0.09401140307403488,-0.09028723361183318
-0.039176654525437324,-0.06126581342249469,0.06927206154137702
0.06877458935420892,-0.029293107430914445,0.0020346855921561657
0.025485244296009013,-0.06906543198029585,-0.039698456952788785
-0.04364802443819705,0.007292696174554386,0.0385144720882646
-0.0007459942820178221,-0.06994168385674289,-0.005928483570469177
-0.010552377727875826,0.0411832930106328,-0.03740178173688843
0.010544015199491885,-0.013737483942320931,0.04054576744069122
-0.07366381916878348,-0.15465310845973607,-0.02827961177834725
-0.0215610077302588,-0.0007817531686348592,-0.06440793959583219
-0.10304654605786034,0.06840541416170759,0.006143490555941336
0.03294257635253759,0.01562723942383957,0.0363799805737245
-0.04228172498172997,0.017247463267422984,-0.01608056283178343
0.020451321521857576,-0.0927758095972673,-0.007435254957253872
0.05187750038752781,-0.04942413978853594,-0.10598031380794674
-0.09656648098706852,0.0115574194800497,-0.07635221318650391
-0.024098926361028748,0.012537913646595011,0.020528079730840115
-0.008184232380019916,-0.06564248488668288,-0.03484352488664845
0.07685679159503536,0.10086112276806095,0.019545701101487026
-0.039250272272909635,-0.06118623079697974,-0.020965902810689947
-0.0003000382257251008,0.001974401647963274,-0.040507140839722004
-0.057206781630451384,0.002436410983031361,-0.07023513871744927
-0.08537714323570275,0.03521578066106341,-0.029339202705249978
-0.022149621871528025,-0.030390954322266142,0.04955964040042222
-0.07858322260921,0.041954531388093005,-0.023951238622445283
-0.018078842171408642,0.022055022254648032,0.11166483270696087
-0.04128170251258204,-0.07190903183335685,-0.06006560018178014
-0.0021099125254067687,-0.0017678956165473984,0.00983695256261373
0.017034648879267606,-0.045245513642168986,-0.0649439499165285
0.04577100992883365,0.012360349420502584,-0.04742817742965405
-0.010074355402202188,0.029386493205889052,-0.04271914992176154
-0.0174591079139036,-0.03380655921919878,0.039746511415072835
0.008006527202664811,-0.029467926263597233,-0.05206780158330467
0.06685971312979552,-0.07294902418063323,-0.11291064997139111
-0.05993631704197326,0.04355336802231558,0.049327585166628114
-0.017719044668964144,-0.05358226444958583,-0.12985372867175296
-0.0487294212031827,-0.07245374376150962,-0.04166842492045225
-0.03899654280867795,-0.014673197317014875,-0.09442204450540287
-0.04218766445408796,-0.008897250984153419,-0.08646120521568885
-0.04965049724967867,-0.03134621777837768,-0.033313121813666635
1.979993507455688e-05,-0.06319782408903388,-0.09819948625320957
0.01337470130477134,-0.05578939461958343,-0.03306482546417683
-0.042704695657158634,0.028414761890068474,-0.0512464338302121
-0.007368950916275053,-0.02820376749899672,0.021170935643360252
-0.027256259607156733,-0.06721176926694072,-0.026805552204176353
0.04325535661067996,-0.03726076900822786,-0.06752990170174303
-0.06951804681422631,0.04252418167747072,0.05553468856187633
0.01951033569478511,0.03865697671272374,0.021355415327260412
-0.09066232206537514,0.0375791809311285,-0.01589826817070964
-0.05326308962686953,-0.022966274656822792,-0.08036697511642711
-0.019307866265823873,-0.017328958896380576,0.12333247038338341
0.08396855998501968,-0.04012824874873563,0.08336822290127277
0.024183041832612304,-0.024392922715323034,0.01069516975347562
-0.12590407327040118,-0.12494311603961751,0.007761919857226199
-0.045421046536084024,-0.03438106366128598,-0.09991511819147854
-0.07241625177250154,-0.03437255747831844,-0.005867468584069146
-0.09777105230069337,0.021033564380497617,-0.025404444595805504
0.003991191968684242,-0.08744510878587947,-0.06492145960611949
0.030172074903574972,-0.002838674635525616,0.037821197979268875
-0.08099401048960718,0.08725975052807415,-0.05539037534013264
-0.10000947110300162,-0.12700025353021138,-0.060844733148274925
-0.06875143856064732,0.03385263290724956,-0.03157947814271478
-0.06670468047364374,0.028392662793899022,0.01970861835085009
-0.13095009692520498,-0.02124225278664494,0.00817432621251946
-0.05257049496969937,-0.031212167441441622,0.10795907628659611
-0.02441383324922717,-0.024242436103078743,-0.07103178629125305
-0.0520137386680114,-0.005751326465595347,-0.002007631237148918
-0.100754702796993,0.005315344645478979,0.07241293046019781
0.034440235532474064,-0.03183721519002788,-0.08395694943790473
-0.02406737875970358,0.03442997271793656,-0.04095314117526466
-0.011570383590360327,0.0673433494737362,-0.03433483797089831
-0.0016814238671733362,0.039342035017824135,-0.014274020870307248
-0.009244487653052413,0.012139001274838983,0.02760277461946152
-0.05887175158212037,0.023470653560302188,0.0010487264228949168
-0.01044298008747023,0.025907251499447004,-0.023523939027621916
-0.04068113099513286,-0.033744669252013616,-0.03686539882792548
-0.07259309977097825,-0.04312237103010502,-0.056429736660630225
-0.08322517165243859,-0.03332744090217246,0.026472697226440026
-0.07198483776208696,-0.010830098655290905,0.023724050093770876
-0.06063281024196872,-0.13000732958182293,-0.024866882907741132
-0.016058279920463284,0.02895548474113489,0.032548150174774956
-0.06721817148860781,0.0035613953255811508,-0.025462529580425816
0.05465857581226825,-0.0893714403795004,0.010961815347407049
-0.06338576233076892,0.0028426124812661914,-0.03437274950705247
-0.014976197249789738,0.07475369347955149,-0.030803388979466422
0.02143895726627458,-0.0023810724506800043,-0.05006328986516604
-0.09410592283748573,-0.01482432917330292,0.05801520039348142
-0.15280078361085425,0.01082078754496111,0.04219546353359399
-0.0989809425258012,-0.04027319463991282,0.052879930720466636
-0.04971765073148551,0.017546972445999676,0.0005330624661262487
0.014735606338138495,-0.04965476014635071,-0.04970949118883943
-0.020786960167519998,-0.010042887636400287,0.012085931535626867
0.0614041549851053,-0.08478392999038303,0.04183498996501722
0.04155676092642251,-0.013434153143075129,-0.0009601033332649034
0.027935064219830538,-0.03894007011028042,0.04300183128561402
0.01908243559641014,-0.18471233667804032,0.045340800028105144
0.0021661974352717777,0.09263294858746622,-0.10093354477516774
0.02115734981770212,-0.01847637425530999,-0.08664659218229914
-0.029058943344892493,-0.00012538474320019722,-0.0049344397265792305
-0.015576894267529609,0.06067727780791476,-0.003623783701580054
0.017897837547530736,-0.030369556482015093,-0.06226853831559974
-0.022680868304263937,-0.08718754139851802,-0.010994361288549848
-0.08955885834938958,0.03919708455344769,-0.0007581509644696872
-0.0010366112200462727,-0.03871038947798212,0.03983485471025588
-0.053727869780943016,0.023851877900249095,-0.0800417461291299
-0.03404460770571024,-0.09919343107385924,-0.027827446136587216
-0.02774995409082748,0.017873869545876206,-0.02540562883087841
-0.0292618362836023,-0.06806856075434368,0.06197630111223004
0.02905593806026049,0.025037879975993327,0.012558312109364818
0.0023579951713695586,-0.041024470467394346,0.0460349899139454
-0.05029166984756384,0.0058247086815671825,0.0771035236419003
0.031991843181990935,0.011996179440108083,-0.03410641483267754
-0.001657782147365082,-0.03857905955357685,0.02591433496013808
-0.053661891925030354,0.10014351110027414,0.07978471491148448
0.011050786614257284,0.03456613074262218,0.07991408901531635
-0.03162355327909224,0.006817178726197179,0.055141157027720655
-0.04241952518413658,0.03195179267394646,0.05164123075264749
0.07616917491233359,-0.12745112204949208,-0.053802081051077026
0.022347641856004165,0.0308221318566742,0.011464542925497902
-0.05766917259762891,-0.08257441338371746,-0.003906907267334792
-0.05223579990093517,0.10254902516230441,0.01693603650469171
0.08547506324651986,0.06606939992947727,-0.009125351683514398
0.024512766358480854,0.004479576566664781,-0.0019366613151459806
-0.0245958534044503,0.04187981686767691,-0.06587264759083004
-0.043141754068229676,-0.03414434076474307,0.01866948348016922
-0.035181244864295254,-0.025214116245685172,0.0345437031970454
0.08888602563472177,-0.04186642771176412,-0.10641064523614778
-0.030010658028532762,0.028250256514211987,0.026180110947632985
0.016923671577742036,-0.05924567814483979,-0.1324887497399424
0.061573993817454375,-0.02716550685645375,-0.00978352365798368
0.036466772672694894,-0.0799300150241074,0.0006193058886566714
-0.02179550186695968,-0.01887671809046005,0.051825617825623435
-0.0052292210772618775,0.03519933334881538,0.06304455769582475
0.04601418100560296,0.042268289904052736,0.06367420874810498
-0.023544568166724646,0.05767153491666184,0.04905369918585871
-0.05494415475778145,0.0168959424656332,-0.012183296795066136
-0.008162719363920922,0.10590819023051896,0.07181843218635249
-0.0020861755719047952,0.05559298395420714,0.09158576852346675
0.022848346715609306,0.09628109974394107,-0.046924946116565384
-0.000992257573442703,-0.018670890060038043,0.06091703379675735
0.013127506479569527,0.07759274997123991,0.01810589123658922
0.010521166914133235,-0.009341934195310883,0.06295076225999853
0.003935143578806161,0.08427732442832447,0.09980083541417376
-0.013750696652638799,0.03808662689086856,0.06481764683464449
-0.04974379177568884,-0.010216572863768215,0.0055397286007992505
-0.02572108075587185,0.036205622327625864,0.09468854529591483
0.00979797726910346,-0.013694928213816134,0.019898550403902572
0.03629236844479741,0.12531074294323338,0.11279809165096442
-0.0266183545913634,-0.06036239972346799,0.005019848131658722
0.050375613477827985,0.07691934446831489,-0.00306199723757279
0.056376222157013295,0.03406891674228018,-0.0734517603923077
0.01524671296096835,-0.007052624277953386,0.09411333914659473
-0.13058488124873727,0.06923365013514529,0.009007778847261158
0.11175983875396528,0.018799809017727088,0.014757211161464823
0.009160176808509883,0.08290668438269644,0.05475130960560397
0.037151004130031515,0.01743512492287605,0.0034086079256051057
0.005226549384275959,-0.0036560330001013646,0.03238525335400114
0.0317344543068927,-0.030763115398732138,0.030658641979410164
-0.058935847971206684,-0.029071334937496994,0.007300219813058438
0.12486431887427844,0.052826115437925855,0.021867252446567925
-0.013856168428376846,0.07899289496870938,0.02847094878519806
-0.10321569430617049,-0.03645181760655809,-0.09061686226018487
0.04519689037958065,0.020913225501844816,-0.07524164543577397
0.03724396053558928,0.026279075386738793,0.004757609492919772
0.06075334514831461,0.057719850011487946,0.09155928655019172
0.0806742725521222,-0.011375491692217745,-0.03166347785325238
-0.030849385616138328,-0.0020442922739138322,0.0252539499790599
-0.05430473421844367,-0.045686622228660156,0.026670290751289166
0.034292981651804916,0.08986758648385883,0.0032924732330841602
-0.029591565800160667,0.045218425420018374,-0.054684824164276724
-0.004717636208377434,0.05741645487149147,0.06509176079289153
-0.032867255636545425,-0.005660943978030023,0.08447807250517693
0.05978871766655932,0.009733140139658345,0.12252032940618074
0.016172394200200595,0.04601956687889643,0.017347816360372557
-0.03412378440284569,0.020288227421809645,0.017117033326463926
0.1313708283968997,-0.02487084109998733,-0.02894733823569283
0.0057793645237487045,0.028965900694780243,-0.004139985389410645
0.08544988312689622,-0.034145107079214546,0.02609249631543474
0.038217970839362556,-0.008264410706416338,0.1259287670415834
-0.05125629036297759,-0.006862715151453189,-0.013938360956166802
0.09162653751061875,-0.04569862171079429,0.017019988203646755
0.00806757232143672,0.05586092145135817,0.04163456206964785
-0.015357091379383889,0.030157630674223557,0.05378960369560563
0.013772664191145017,0.04701485740127677,0.1197440612302492
0.018285807762696137,-0.05292656664907029,0.04021377703575611
0.09667523924200523,0.029808922863796824,0.06752965351733968
6.731062845182975e-05,-0.0051003926211721055,0.06109967195054755
-0.005982824252369491,0.02289639917213203,-0.045876287649350714
-0.0895326594642647,0.0617963769390061,0.10423442588065296
-0.059804642693627404,0.06091197581107107,-0.041598601871826346
-0.008307055110614026,0.0010792780551744686,0.0897932030355523
-0.0002279313949213914,-0.005759336080482506,0.008632617820402207
-0.04357299070521689,-0.06443812993315066,-0.05991484759811065
0.007849857573321326,0.010365078270500148,-0.059791876084580406
0.08065897650419479,-0.06820170252097194,-0.012601839420247344
0.07498480819014276,0.03793660215707031,0.009131894124245752
0.037988237967945995,0.00143611049538344,-0.037061945049240694
0.021243520819465907,-0.04870472690849087,0.07582970291554063
-0.033662549847132746,0.0027718471100858025,0.06802992041731623
0.05318141875844301,-0.056037390509821206,0.04591993924128853
-0.08648508926828126,-0.022093709829199493,-0.053423479221139894
-0.021770358791267177,0.07082593412366239,0.07791898302719352
0.05478176275976758,-0.04212598647251303,-0.026487688772413653
0.0019064545981290829,0.008520641803462365,0.07384156396799633
0.03468845876231531,0.0174059622349184,0.08439813238021832
0.07341152944149623,0.07541237498486858,-0.03631255381146442
0.11423216697286333,-0.006677405682869241,0.13266156224261771
-0.0421389780144412,0.050486498013611714,0.012085374492670742
0.026163204535675777,-0.010026862272702861,0.0651508111518801
-0.024118531751635683,0.03016617740505457,0.07919943537311111
0.02009536302412641,-0.018525695404199422,0.04139405903777586
0.0328164140487061,0.04039939232595231,0.022465114628383732
-0.03290305920403887,0.04848424476877594,0.05179047818489106
0.04681412302626213,-0.13188807836170816,-0.0610196043294743
-0.010295507445782042,0.061864239921050335,0.04570694788774783
0.02645519340623361,0.08064930006648963,-0.022092635042708173
-0.028784827712765484,0.007626295633068943,-0.06739886571565566
0.019959362642321458,-0.031439442326542194,0.013631621480476695
-0.013276373524543788,-0.023014603095342836,0.04881897618909832
0.040493462422019795,0.006885336304889978,-0.05337354397200579
-0.03193649082981613,0.05796931708745818,0.05324337964593766
0.036600359496092055,0.04158940568233645,0.07599774387012684
0.010030402643723863,0.07450124128631365,-0.06222125103499902
-0.03963548821265808,-0.01241388621246797,-0.005332988517017332
-0.03053692686367057,0.01141893186905218,0.019982476699889055
0.03462060073326337,0.07310453466997766,0.013563031448338054
0.03680110460355772,0.04240863860385162,0.07001996819025963
0.00815986676378467,0.11103711076713815,-0.03881471907881954
0.04630126237459767,0.05404813713160319,0.028312772698691927
0.04715200767403936,-0.0013134256372230972,0.030304486385845382
-0.06369486606914174,-0.0140172703932721,-0.029122298922819763
-0.020373984124915392,-0.06563706860210586,0.00031134713055174304
0.04426598248610103,-0.0334454752858695,-0.027158146337451897
0.07471528627259244,0.06674303612855496,-0.020695841592155453
0.03034492448044857,0.03617093703371629,0.020668027540328288
0.029979073244424136,0.13201158388060005,-0.03627474671991372
-0.019324407922377412,-0.03615325761511212,-0.08051610080106353
0.04669702518979607,0.062083153588836634,-0.012562771173737067
0.02242958510006926,0.0027381552724298555,-0.04534887057505966
-0.022398144027029398,0.06804186541680109,0.09011027810810718
0.004292001630168289,-0.02827165054109137,0.0668431596706055
0.03133786490840643,0.05098253069755945,0.06588346577251464
0.042683683536140646,-0.0656138358608962,0.0138074652284499
0.04162031438420487,0.013018805584303399,0.01936117399353142
0.07585515872389245,-0.027697300581419972,0.004607321690390898
0.009798578351397788,-0.09394538987449211,-0.014072636143990298
0.11675475484132666,-0.005311822141318735,0.010261470547544399
-0.004935016788026041,-1.5352674972036323e-05,0.06706951903111892
-0.02295137415893851,-0.1084940790836333,-0.08864781928525309
-0.06463140331129433,-0.05053378024755945,-0.05610590958449747
-0.0269955168321485,0.006207986245509833,0.013513396291715832
-0.037540388568127574,0.06687068784714341,0.06923114768701545
0.031204287954123527,0.11191564521009395,0.034132177296434925
-0.07068078404837314,-0.01972851143296986,0.0009012623334926709
0.14127485606725834,0.04545108928171133,0.038116843387834574
-0.015063498530768847,-0.09891664728293997,0.012968860235155333
-0.03351125370096173,0.012052912001942742,-0.025995114929094926
0.005336502854344576,0.026146471197052656,-0.02934293991996323
0.0353076408733587,-0.07874915839358507,0.011734674141834588
0.02007221223178083,-0.017421010162719998,0.0755750186017197
0.017851918371733656,0.10319811340207295,0.013391876629717641
-0.03219627854764494,0.03921727113295927,-0.006007944884017267
0.08155670771477633,-0.004424600248293539,-0.10301715626645536
0.1252071012145184,-0.012878848459091501,0.03861744481481759
0.12008976622411713,0.05336064730160742,-0.010117042390015351
-0.06564635787865788,0.09339846837955844,0.022678834452039928
0.022216833186481835,0.06636026938445312,0.050750258136596775
0.030968556352560954,-0.02985260364065244,0.003940759178276167
0.0026046547946338306,0.011121245148615864,0.07137672073337148
0.08884135298181567,-0.040558185665611396,0.03827160394761009
-0.07120554338857404,-0.03149973207220242,0.0448675768334626
-0.02969136830525155,0.07088073742260294,0.006364308179320271
0.07641624875737446,0.05067674250070158,0.0003765141142589804
-0.0032833205589045903,-0.046718746208250436,-0.0421048018311731
0.04215631142384636,-0.044453141288834666,0.032456922947589756
-0.02766691674370529,-0.074595542987877,0.07799171237995127
0.030739431104260376,-0.04976198592559242,0.003668813902024385
0.10624911155310823,-0.024336258165800394,0.02610194224681049
0.11122539808017735,0.07929294264718495,-0.06663694663833178
0.03358940938723785,0.014103273622025687,0.04524642851826402
-0.0029658158716629694,-0.017065030080565056,0.12030676075753063
0.03907350692941535,0.07221524416317017,-0.08704725666336319
-0.07257591392582281,0.0798978016613684,-0.007926424767769322
0.03137627152770319,-0.032401595382098795,0.018219627735270923
-0.08626873317956421,-0.013701760193233478,0.01556874800184178
-0.010775178482419535,0.08175430972158086,0.04656909182739469
0.004016480017253538,-0.06514261897885933,-0.005506837242778744
0.027447024688925764,-0.01407865609921323,-0.09410974816171605
0.04697159835001276,0.025866546443337503,0.003209703537627756
0.01845290957574558,0.055419793406542614,-0.020018387952769074
0.06622048531554205,-0.09747287458604979,-0.04856523440172944
0.08227948947463543,0.03197087018800749,0.007800475304977456
0.0022131217555938975,0.04631038231147315,0.006713991815882646
-0.1044699802988253,-0.0038989737685940556,0.01125539331255622
0.002317760210483886,0.021773821389112717,0.0686428444036775
-0.1691941218094768,-0.003365490335725527,0.005830105685577056
0.05866650228440646,0.059269057556661175,-0.04951917806270906
-0.08785173148627294,-0.05369471431979399,-0.050847498898366456
-0.03876423011017109,-0.005970267024276773,-0.05108689405546748
0.017723585750278208,0.011343759457220109,0.05091386635095397
-0.0050957697150425495,0.00011570647443371511,0.05753299624968518
-0.002998649973169523,-0.025926246674269134,-0.0009927706590184982
-0.09088949994772554,0.035600621070446245,0.0020424516809268703
0.04365538228041027,-0.03150102938577547,0.08086845663680504
-0.07300710912973031,-0.006091284505625733,0.06310830100775051
-0.03807683725644501,-0.022222662204316453,-0.011779514922691936
-0.01960975917650587,-0.03327251572949795,-0.06076337952735439
0.09295315374341401,-0.013241168291478663,-0.04893015901276599
0.015421148011989308,0.07638993956028495,-0.007214313039541977
-0.051712407238530614,0.09168515421510848,0.011808630158558972
-0.003680133417498394,0.005885325271785725,0.05886005467390441
-0.032536278800935035,0.04455060512656568,0.04733039475822398
-0.032459670908419724,0.04457803447102393,-0.08022512166824593
0.025591944439353004,-0.01035804976323788,0.04190969800717273
0.017950810850904608,0.1362079427974154,0.03358589699411306
-0.046269518694893264,-0.02019502724138525,-0.07926417432641611
0.11653859295560169,0.0026888312988991086,0.016160937835601484
-0.014291864136444697,0.0017359386176260027,-0.04517193738589484
-0.019386834191450444,-0.002405447033712062,0.025047559876856734
-0.0014181799371233011,-0.03320175211625752,0.014690750600867851
0.02709831699995206,-0.09168121343685978,-0.05163904619174581
-0.06384235099696403,-0.05074315213238629,0.08413172459747886
-0.03718274970605754,-0.0008113236790607686,-0.02873761172768305
0.06466009941824882,0.058030547107337745,-0.05457333980826801
0.03679407148934463,0.041183173714905014,-0.0690631670397995
-0.037586157873211797,0.016885562464818166,-0.0074666361998783175
-0.02396551430496701,0.00829184813154153,-0.11997328535581038
0.019506838309571766,-0.05831167446263044,-0.013973393379204519
-0.04213392970826517,0.1064557354932927,0.04250919862537088
0.005766684493250479,0.05821859734479652,-0.08356059762278654
0.09093203286766485,-0.03064356450558285,0.030119362421390967
-0.052260022907756484,-0.005147841898978277,0.043041454640321136
-0.027100778810149675,0.03377140524294947,0.013824119712587379
-0.02154073974028687,0.04432875401874421,-0.06771096402889033
0.05660103750327485,-0.0018233966516952738,-0.02122214387399344
-0.05712182990721626,-0.013951473380003434,0.04565516994407927
0.01037374172698226,0.022782976698774687,0.10881474831004596
0.03214863313431484,0.002591922671641907,-0.012141821149924022
-0.03696862996522238,-0.047362583248691345,-0.02518699899803197
-0.0005014711995251792,-0.02045516581346303,-0.05383604730797354
0.009113991232026091,0.0016404770915638186,-0.024894861304614713
0.004223239608259167,0.0064497435518018065,0.05655955241117014
-0.018241076543361084,0.002946180558744531,0.022106118732815025
-0.04570301507665606,0.014120283023098623,-0.06481969714794358
-0.008331032347593127,-0.02207075591976592,-0.007976575653769025
-0.04952378524453323,-0.013165701651414145,0.018665237339643023
-0.016959966448455526,-0.013740322846681051,0.02778317519794271
0.012930901097935816,0.028608692008553566,0.0027505256530781074
0.0059946266626599905,-0.02968079594449509,-0.11595137500616692
-0.014275454508742604,0.061449276410845785,-0.015826827050332833
0.015375349467501699,-0.07545659473998662,0.04563562984907629
-0.02149386019376947,-0.06512369473340898,0.01711294034788103
-0.055184616619175786,0.05690923489101399,0.014176331685096593
0.06658410596983966,-0.10234665025814615,0.0004146674891531976
0.057714096079214745,-0.054876774333573006,-0.004733364211078854
-0.02341417823498837,0.03417786048321826,0.009814291370944087
0.010946373090974723,0.06077450568083555,-0.05079901891513869
-0.059792418456857885,-0.03222999683083986,-0.04312138914394232
-0.021273052576684538,-0.058039206544421205,-0.052489565650929694
-0.044027824349265623,-0.04645530726681019,0.00944045434337027
-0.04020228343164617,0.0686094864842256,0.0115567100592588
-0.004926289472460557,-0.06873928584338523,0.05440841272193061
-0.0400607842129435,0.00661178683630431,-0.030335433978528725
-0.004557408080217758,-0.02224661945119464,-0.02794904274702808
0.015318401290724218,0.04664914375495353,-0.013763167088263662
-0.10101775118006875,-0.05205374707074941,-0.012883078146125188
0.040158027602532814,0.025198337261914314,-0.08639915275354529
-0.01830326579147482,0.010973286612741863,-0.01567724246302997
8.078157412066966e-05,0.038169627158140526,-0.048946819598652366
-0.028590083361427085,-0.0027583656654126803,0.000844014987527595
-0.0411013569167572,0.020169397610471165,-0.0031799936452211602
0.001474083416837569,-0.09124608267348519,0.05271901459637237
-0.11297385327888163,-0.027604704910078534,0.04496136731977682
-0.06805842999825516,0.06466448597261999,-0.00821184624670328
-0.12276981288140862,-0.018358003554332664,-0.03774598327200593
0.05377373789759371,-0.054161779830365436,0.03206245553406932
0.07696657210652483,0.023327846384253843,-0.17005922337552493
0.03933852528951229,-0.0005179349281653235,-0.022140598087653084
-0.012052621009020052,0.06964117333719277,0.06975488866190682
0.006415165502582372,0.023637533852004938,-0.017370289033143055
0.06204776762054179,-0.06966918844268469,0.010083442451278454
-0.08065357948537694,-0.013976520327532077,0.05130332514377914
0.04870091228291326,0.015462329493694593,-0.04741765589934056
-0.04382416659707322,-0.025314903546696275,-0.008586423080800239
-0.056805145470809296,-0.03713843077166033,-0.10478720989010185
-0.07651847195281708,-0.03291867200404083,-0.06496878825929434
0.03563224605716234,-0.04364342940213406,-0.009443632725824514
-0.07552741820545257,-0.11709963671356821,0.11998034874319229
-0.07456029312305214,-0.013609893070912808,-0.006836109435647469
-0.03167287094925861,0.024617120562473324,0.10454171488159884
-0.03494714237774288,-0.024113685128778255,0.09287759273364594
-0.04537054261685275,-0.024136558418249136,0.07814919541423783
-0.0030522602406617833,0.10027654730856864,-0.035369694852957254
-0.08019839570076642,-0.015579143902595719,-0.055111504740875256
-0.08189650880107524,-0.07201769652310752,0.06827291824514806
-0.08626401382539692,-0.04759678106860421,0.10514746945479748
0.0444646980768543,-0.045342093821593765,0.08070876941631237
0.010327730832530989,-0.007610350281358707,0.008953686062436295
-0.0862529877005342,-0.07648728703168493,-0.07830528906367118
0.005795324244150524,0.004277390692484451,0.042403300927449886
-0.019052367102321832,0.007614066340177323,-0.026525190253924635
-0.0012448144579892371,-0.050569255169328364,-0.07557347790479535
-0.04420025018456153,0.06595772660617069,0.019802106862009266
-0.042641068203635,-0.04098393022645745,-0.042591454927129666
-0.10437943096169554,-0.03613148875675136,-0.029766427592780857
-0.006013127987603475,-0.03463593005847416,0.0162863021081616
-0.06313266804775541,-0.07367392685225817,-0.08090362934325676
-0.003024679938655638,0.014079200244382865,0.047475440945909136
0.08955438221558791,-0.03382760944682119,-0.027928606765043176
-0.0722491886621042,-0.06081912024861076,0.011461354896068917
-0.14095047159462012,0.053518999107776244,-0.04106899548376089
-0.11190827727107816,0.13265571388132585,-0.029090338970678226
-0.037018645366504836,-0.0802263704520247,0.010581810454919533
-0.029382670317361196,0.06184935426608422,-0.0018751278989220695
-0.04320405019206016,-0.07161880229004984,-0.07474515634414709
-0.028149942861314954,-0.06290014940977237,0.0378573909105596
-0.08548601606460787,-0.10898822799640408,0.032889749880808825
-0.015674658628222475,0.08670744245850956,-0.0290922032428714
-0.009117610147602869,0.008101240933364874,-0.017158863687431882
-0.010693973046994801,-0.07347889033713415,-0.05726242368811906
0.0358051607166143,0.00032173734992122296,-0.04770099635825158
-0.0292131527369864,-0.009189629180719668,0.028831721126239107
0.018152818924845826,-0.03225490877871737,-0.06658631206242141
-0.07930853313680714,-0.023924331978563283,0.021552502342491953
-0.05756665648863741,-0.07250278078938371,0.08062418672018026
-0.12135439317116727,-0.046229268102272535,-0.019607120634936078
-0.0023332998619683444,-0.07691962437540764,-0.03486985858869886
-0.04357890497904597,-0.038997187545944625,-0.011042405222887467
-0.05897683945631601,0.05357514425190866,-0.08315371025100063
0.05355051303557985,-0.022337455774993246,-0.012265811768937365
-0.10482985121685226,-0.028784024197532707,-0.005436104708294772
0.06782662172200196,-0.0397163788349915,0.04044079485084982
-0.02515697438430166,0.012250619806584023,0.03794918797646953
-0.022599911003685667,-0.010123265271956726,-0.019469863587156282
-0.08624602937839393,-0.004679249106489047,0.010835704474636141
0.04862900959499164,-0.007266460591284954,-0.029265998285086033
-0.004216452907015049,0.07464584933693127,-0.0017792229224940538
-0.00921202554879672,0.04250942238381426,-0.09345800082962602
0.05899693638108009,-0.04942321063787215,0.02379911310800502
-0.013288485769626284,-0.02334676437714924,0.06650565052409532
-0.0031224926305779277,-0.05242427188979695,-0.12330341711199733
-0.1025923606593127,-0.0676116853390409,-0.05081703364599737
-0.00897529577917427,0.022720580273214615,0.02800565110193081
-0.002875473333037717,0.02088996377032129,0.0007046135525403154
0.01886094542190108,-0.09888280352031972,0.040814002482015686
-0.1198826562780771,-0.047441221322564384,0.007227165603370549
-0.047831940391680816,-0.17376072058651537,-0.0957172660301405
-0.006758020535307573,-0.018024479329818165,-0.022440976192577632
-0.013511579373240835,-0.018981983154937473,0.06751397385893679
0.01992624385796042,-0.02033298587170983,-0.018678410878401993
-0.01905606551023368,-0.003147473181422146,0.011436746828477305
0.007788326980675815,0.010712995596125955,0.02225363491688933
0.09058598089302611,0.03522509280495396,-0.032132485352399265
-0.02475039567650263,-0.03168369990137115,-0.09355583124930754
-0.0364475746848949,0.0902363339836276,-0.012372664326159783
0.0015717032481187571,-0.03974005664707281,0.02009774761401508
-0.06776983780368004,0.02346592746185025,-0.1378257913030485
0.00749376711631497,0.003201793814622749,-0.04264214222118734
-0.05112233432445042,-0.058805925668970374,0.03275925130042299
0.03410656412553227,-0.03851191093962302,0.06941433691847454
0.06726075099851915,0.06713804000688191,-0.10064474775375969
-0.03866079733844144,0.06120016848137119,-0.07637513852997747
-0.01984839513167585,-0.05156881083005322,0.015398111045819543
0.07333101917015614,0.016259734589670685,-0.03404732244794865
-0.018132162821357115,-0.08609643695846929,0.05359286477942436
-0.08338068595934514,-0.034189874696792716,-0.12295051035351086
0.12068330859379364,0.00010939134765853079,0.012378091530983253
-0.0060803184951117705,0.05062801634489689,-0.030986896620539363
0.05155347175580093,-0.08281420415461174,-0.10334275853037757
-0.05410187804463763,-0.05166183913129503,-0.07719281672493991
-0.01417802733656777,0.021540908078187884,0.015991452252603656
0.03774877741516302,-0.03963625646740722,-0.04561564185416854
0.0010900670536956262,-0.000701888099532838,-0.10590992799446451
0.12904073341381012,-0.0006399261367010436,-0.05505646250028616
0.07097690003540857,-0.00017758218317502454,-0.03971759741709158
0.03454245690966774,0.006035846358664637,-0.03518402820084909
-0.030418927135787796,-0.0999295433380313,-0.04002639139519917
-0.06569616441706858,-0.051494821745009675,-0.09568669701642807
-0.011756276465771624,-0.1081060352934134,-0.0039006799491443757
-0.04877843818395056,0.06753307272921405,-0.07239160899719124
-0.08487191467152673,0.01686184638070131,-0.04168057653366505
-0.025650694812883942,-0.04477954725370496,-0.047362107601683454
0.0673934908493867,0.014888823399615395,-0.09717280999981556
0.0853732249516082,-0.01683716508524744,-0.08846762863516688
-0.062032110567712934,-0.0038493208638187212,-0.030578381031601744
0.010146004358309667,-0.008941722150589368,-0.052089665144283884
0.02514702960570772,0.016417300325454437,-0.0460069350222387
0.0429174544912174,-0.02606546752073589,0.048906516108228285
-0.02423048880748801,-0.013744112358019565,0.004367634297337561
0.018097857921081435,0.0065572516872044245,-0.0802381932956725
-0.032976512587541,0.15851204470697608,-0.019211143217076523
-0.0029569062169861565,-0.10616445084090316,0.07232966621705544
-0.022015024974913318,-0.06269853394881725,0.06325117517788434
0.09018893717482473,-0.038459539825309176,-0.057215759005610774
0.04617375402560374,-0.022083871839791092,0.0038282421475173646
0.015464087380609056,0.048022146645972576,0.04169248281347801
0.05652161215360649,0.05567384461978717,-0.04720202058808147
-0.06181817377900892,0.054376172225145215,-0.02874285246820031
0.04304247685374004,0.034444782605157674,0.05534791425623068
0.0268488078865752,-0.028018296664814108,0.013832101657435921
-0.018614789436976528,-0.08334883817158456,0.03402115221079105
-0.05169056409847271,-0.04146771700987718,-0.04787124200762041
-0.06954148699131517,-0.004071641147457175,-0.019872740945845926
0.02271683266823329,-0.08218787429037554,0.0035545212309516794
0.08354285115424713,0.05704967821377863,-0.07480845957111497
-0.018857713103978213,-0.07589534625299801,0.057652552868662325
-0.029787129096723243,0.05874663385496539,0.05829042016718132
-0.04478289006617702,-0.003689418034388224,-0.02673822043760062
-0.05391620531779707,0.017559070167137193,-0.0352811791813627
-0.008629015069522175,0.011401967838893232,0.004493802315894295
-0.11002077245113857,0.025858015598707967,0.0329614780884694
-0.09373320990200579,0.041551453413590005,0.09569784761813063
-0.003771856109405865,0.0010106517638095599,-0.052544168560150664
-0.07770006505740307,0.015341409271856492,-0.03515065416381587
0.03630508618852985,0.018518271987717605,-0.0775388927908572
0.04456377763188339,0.03023843445564004,-0.053889250059147326
-0.07271789303406742,-0.06771627292899497,0.060040421022175744
-0.04394187533284887,0.02667557728797473,-0.01349042889791485
0.065977964607046,0.1269217571788645,-0.03315592202779914
-0.02421798648704561,0.008654492679310913,0.004972545630766845
0.1272388428171243,0.05417614606125961,-0.09626597198866373
0.14951795152303726,0.016555722864857913,0.06196947627646141
0.03585000317907468,-0.06981101909405205,-0.033012674491192495
0.07046851536604229,0.07960911899007847,-0.03673667165527827
0.012430839498011874,0.08402527427412465,-0.0471883153914054
0.06924001069229554,0.020847417490838974,0.04844059332769911
-0.008047993776587017,0.004318020352587777,0.055123482418262724
-0.009803579070064603,-0.04896579044236145,-0.0803484308693699
0.024866197891391984,-0.08769443697455213,0.018270018345140127
-0.009864533539515035,0.07834321725932018,0.02591619444753847
0.0044262472683576455,0.024651462495179015,0.01672883507338604
0.1360005932704283,-0.016563865082115187,-0.026288750839440433
-0.00932405610200767,-0.016038094830785565,-0.02436851098531703
-0.03316004606825572,-0.02298695024996232,0.04664253469629034
-0.03205269180898705,-0.009106847718141523,-0.020959751032600567
0.07563905863989688,0.12047626319190187,0.01768998829449811
0.005945889995918375,-0.012683686232815196,0.030797890412852025
-0.021480226176297502,0.009464357979323039,0.0760051858310224
-0.052977412364869386,-0.014880227199961942,0.08156029110750145
-0.02081657973804545,-0.06666917544092471,0.033137122970257546
-0.02192795192368555,-0.05390745842556893,-0.039391245118568036
0.04847295238713821,0.0020450396486741632,0.024413072311894046
0.036681404944250984,-0.007197730005865009,0.035500303538262036
0.03395080379759856,0.02596142228635047,0.018222433942330446
-0.09845052025574472,-0.057893513560911714,0.058824486135433715
-0.012869462129930198,0.009624490521976002,-0.032661472824902095
0.05615427266771154,-0.00414800091483359,0.006239799860365291
0.022906652541096396,0.012012092354390443,-0.0569061560489069
0.07576782932701137,0.06451509688620671,0.06067435955306956
0.05957384344248033,-0.027412636404641276,-0.04059729604858412
0.08676746398368837,0.034689686660477496,0.1147148614033316
-0.06928308819124218,-0.005840214155580567,-0.15323660420327653
0.019507427133450578,-0.02584939450249854,-0.026431507414894945
0.10707687933239499,-0.09817245061023573,-0.030826117204602287
0.10658975468765682,-0.03289615143193313,0.029517103997789108
0.08434533083597609,-0.019747775586192184,0.028489424568746858
0.05117506381154722,0.06982700933738434,0.024983319337315832
0.07646039277696895,0.0019379692763844755,0.0007220984127544929
0.012984534008123789,0.06638888231605161,0.043049368249402184
-0.004242279113919079,-0.06380041949163814,-0.08829046571344185
0.11202287294579813,0.02735295986170312,0.020706875023297877
0.01014326438880404,0.024083863066783603,-0.0673892175128872
0.048495648784241216,-0.04082979461981015,0.09426322693713984
0.04494972116872583,0.006890079471569922,0.07057728790841188
-0.006996389417022386,0.01252318913850673,-0.05121652413451041
-0.0256872964368779,0.0359168066122291,0.039049316212642404
0.0035363525530424014,-0.05454928915837847,-0.04868755553425123
-0.03899491457402378,-0.018975039494400187,0.016544475097448677
-0.032006236588812104,0.05758226610719361,-0.0046400396582504215
-0.04640095118601361,0.048337336361377,0.07272908348047488
-0.048884309222172316,0.10073786440598126,0.011687223891110429
0.0437711342153631,-0.03471089341476892,0.0273435679555135
0.03463361969606847,0.11751873442042338,0.10150409390585562
-0.010732698370463666,0.030596306502789536,0.009019541237842535
0.059414552419931724,-0.0666998865637553,-0.0008397720636148555
0.08187833011861315,0.02783454783761225,-0.01898676950000324
0.08988549938156601,0.05927133883633006,0.025484360611798658
0.055544193526228636,0.0767749697609373,-0.050032024751551524
-0.021600742620499477,0.07862321921911192,-0.05536435242936847
0.025749025379780976,0.038116056753868484,0.0456986679270776
-0.020068740559923068,0.05305821471683858,0.046469711565606184
0.09620890106310363,0.05133474623380299,0.05217649874653152
0.05453430117199824,-0.024878729031340602,0.003584184279862561
0.01537070733532099,0.09308364988609434,0.002066315731989017
0.07877054940012701,0.1009679333935131,0.001306177384000816
0.10778127579621433,0.004201273023127134,0.04104036443900577
-0.010599158237262877,-0.02352865802225696,0.10876165827208671
-0.024454166834428512,0.006494308151821927,-0.016016051370991186
0.03350398610111547,-0.02356558229258974,0.08608906906264566
-0.002921162725481031,0.07384845883152537,-0.01872527819633945
-0.012740392980936738,0.08758382367108308,0.08618005871095802
0.015882524565697293,-0.04070937711597353,0.024845307960113756
-0.056586522929939355,-0.010470366437350134,0.03549138618723144
0.021912786277338763,0.03477800312279031,-0.050688561872211435
0.054808706016254316,0.06548541001283031,-0.03401807759077674
0.04901163745053615,-0.02686611973471748,0.01059307481822677
-0.0030259464510999853,0.030995709136094854,-0.019960061768686095
-0.034615543688129385,0.0010584880232389939,0.01870633102564708
0.022024561162848788,-0.06731267865849534,0.058522121411397496
0.01815761669160463,0.002727104260193007,0.013790057084026565
0.06894846599432405,-0.011456812944157936,0.03518392329974318
0.040824379460102145,-0.05250436992270158,-0.02549702052528009
0.08540448849351333,0.08092368659401049,-0.08689591629622659
-0.0582067053801934,0.06046892808668386,0.02020177963777931
-0.06924657545001144,0.09247373729551514,0.02098490000576348
0.02525580844787419,0.0050431259597710915,0.03717579040940734
0.03569167439438594,0.002802425524310651,-0.015049442648655379
0.0005244596220509087,0.02093278110710576,0.0025934724402796212
-0.071383566993391,-0.07295795620890505,-0.018887575500541463
0.002184305347654427,0.0435703989941223,0.07924072819782876
0.0846607018659989,0.006391971762554951,-0.07260454583828278
0.013086403290972791,0.1295354159311953,-0.0784227949937429
0.028654058436897896,-0.024735378640636723,-0.0010574645687141532
0.003968464310603621,-0.010811379854951803,0.08383457153306441
-0.014124702305187312,-0.057581699480917764,0.024593317533699664
0.04353750131232449,-0.03442102118337763,-0.002017838053039161
0.0004945318230977873,0.06947622033714629,0.013986828948725754
0.019520289659755274,0.030052845106025468,0.05494571116122554
0.058170120883814354,0.006163219301205034,-0.051691780013550785
0.059128022871231006,0.10726448531405407,0.079172638676205
0.029275584126122686,0.04606836880251268,0.03807134378502408
-0.0358032798554503,0.016871379374071686,0.07216142507566033
0.02163969781459419,0.07169530829035389,-0.12330901618290482
0.052223834197411195,-0.05246921361732847,0.015036227014258618
-0.10293673251308504,-0.016628543669795114,0.03802238201740098
-0.05758827934798595,-0.044845902687787154,0.05510783705344696
0.13302485839357808,-0.02472877020479172,0.024250556006986113
0.08989258370812797,-0.01479069515232373,0.10309529963430678
0.04825118922394312,-0.060570186932572,0.026769875592932715
-0.013189024725177887,0.03565538280110846,0.02978813944354499
-0.022282759027441732,0.07109479381077223,0.07180369492214271
0.008149134144093522,0.038140649695581466,-0.050855616073160706
-0.009483728954950841,0.0762698634264723,-0.026134945542184932
-0.00422209230367452,0.09060572867602874,0.01278750689012095
0.02323066138195805,-0.036412377537056714,0.05873714247318247
0.01389099839977169,0.13218929331045984,0.05619214826526463
0.058131300029754154,0.00014540126218846872,0.02384307735710984
0.004638878115103598,0.006969139990607498,0.05968152685170644
0.02569480124813018,0.009439098763244976,0.09263662069663753
-0.010705200350676004,0.04917468804986902,-0.004331581204801375
0.11828856752983982,0.011964751705942384,-0.01788389052408688
0.1446671176459299,0.02439820261097584,0.054730879851962275
0.008817976823220766,0.10664508894399033,0.024382402255656237
0.08338456249510728,0.06060839822064437,0.021880223479504295
0.03961442610542104,-0.016294326538279398,0.027731425940092543
0.03247480345876329,0.029731134401106543,-0.020395966483078877
0.024405693416138914,-0.01364876085699665,-0.0006476874013727485
0.0693568743551834,0.004221066404483238,0.08327529111011683
0.0889107478344984,-0.057603379907210706,0.0052922864253480105
0.019058025876993092,-0.005179402072433375,0.057654343129986185
0.02208179560829053,-0.010804937245208299,-0.02366401790713648
-0.0070701998740881015,0.0005191287218666851,0.030548095577996256
0.04062921166446793,0.05969540053463347,0.18167906218019483
0.033255330873374636,0.0501420725201153,0.0753566210166316
-0.04915895416116321,0.010144067209735574,-0.010562977026504352
-0.02504754489008392,0.0067193035019360425,0.0603832959298308
-0.07573712402875948,-0.028689986281899487,0.027635780851643994
0.06122333777969838,-0.02493020938375719,0.08638270258868552
0.0872701894214545,-0.06716453359111292,-0.02658144116275602
-0.008090864048002426,0.09194231787437697,0.04291485483991017
0.025167416058735168,0.01635387709922584,0.12578795496907128
0.06526381206187845,0.04615031724366494,0.0164631353913865
0.02461545989856047,0.11582831973782808,0.08495259037882799
-0.08157725883457731,0.0009670996157025401,-0.023781344128294073
0.008374445364619664,0.023557861487925588,-0.08858224002061067
-0.0017551479387616555,0.02927782359128279,0.06732449109807213
0.04776174836710881,-0.035907969042690197,-0.007919209800183267
0.017098760199625272,0.004185664034420097,0.09624464701259519
-0.005663309542883816,0.06600619705276246,0.006269287995714232
-0.009206850313512096,0.04659570252917436,0.03220824705566797
0.030470645490680258,0.05761471424790182,0.028389548203757865
0.06483533158870192,0.03580273430758727,0.01713274659121887
0.029494166610826184,0.06038248728593297,0.03618621724957532
0.03286000730952883,0.0626883962948079,0.056861217640637625
0.0010024852407450116,-0.10495217112672847,0.07726573490810376
-0.02617966044936115,0.06594835749942535,0.01375949676148799
0.03649447418109956,0.049422991807710474,-0.011587412927480155
0.03623036685544033,0.03875910738423258,0.01971842693484211
-0.016588968840127692,0.06493840738345497,0.00727431508331421
-0.05096869817963012,-0.006273098241677657,-0.03312250157399518
-0.02830985699386674,0.07741575625599427,0.04471712769062658
0.038516569079844416,0.024799104009866145,0.04619716484348522
0.012315160152644366,-0.006519578174558196,0.05939209387631214
-0.08960859881644104,0.0030160841589859273,0.03097736196021117
0.038577623112447536,-0.015118453119243105,0.052639546629405246
-0.03218009234831036,-0.0038568374407326076,-0.008346871140581778
0.04130818438394938,-0.001493405641880434,0.09092375808379996
0.051424578963010004,0.029834466477107257,0.00924748125031072
0.08943171079842056,0.03526374319931419,-0.05375533143683103
-0.10401011184861925,0.06674471155568976,0.017109136030803725
-0.10742492666186908,0.044595751784248974,0.03533080893221214
-0.024392251383189553,0.021934201823131477,0.006710968651205658
-0.05694472721605785,-0.03133282850017747,0.04462937663997263
0.01070480515399249,0.016768106232936415,-0.037518923605370985
-0.01602488876403464,0.11063457176356814,-0.00887936375434933
0.0002898537728450038,0.04718087808029537,-0.01735081365563647
0.08255331284299357,-0.04382415298815303,0.04794031516340044
-0.0732609850786546,-0.05724210184589506,-0.06754652881554078
0.02445355279548638,-0.01928045142386369,-0.053662555206857455
0.032094509644488116,0.014278307391317593,0.027373304654118566
0.04320377283202628,0.030891264268202042,-0.09131694279038134
0.051981358138616034,-0.028131266052395954,0.04865468984378959
-0.060623434145458954,0.054182526526099235,0.005980183816187751
0.028099916486441362,-0.050510960812326866,0.04208138193794685
-0.01855702720414466,-0.0128419179466858,-0.018461165211591288
0.031091589791299817,-0.028294900891400136,-0.0635897867336329
0.02451982069833195,0.005314825760870489,-0.058776546798877755
0.07345624731240573,-0.10256860986932775,0.1184976595501817
-0.0933181646811784,0.050955157009410355,-0.04059866887043877
-0.012705251855227225,-0.09873898957208885,-0.017576534890586443
-0.00538474749533569,-0.002548494432024446,-0.05606012050120297
-0.01127242593212984,-0.06817073791033808,-0.09346169710741115
-0.011826820817722855,-0.022176397916938328,0.05153008076080709
0.023963924288892467,-0.05709066938366446,0.056310281083410206
-0.11241264469673128,0.0385183007499677,-0.0629174715356674
0.066975834476758,0.016749485042697382,0.0017224333796754905
0.07446151304770401,0.029076798085730965,-0.03762076879852286
-0.07436052945912955,-0.03294281514185931,-0.022991700563310378
-0.005728487200638903,-0.07063773406913897,-0.04369637599512338
0.07770170257267886,-0.03567458648602242,0.021116962395725407
-0.017055222028278083,0.006450255652637564,0.008615835943386364
-0.0331066164798525,-0.053603718697316616,0.015257440762495963
-0.022675770481796323,-0.10081273705377441,-0.03326454360958189
-0.07486323454069242,-0.03879393217106885,0.03599853959826294
-0.07525825648236935,-0.02419576867623679,-0.04233864753075933
-0.09019113802972954,-0.050546896238972856,-0.019377268839010017
-0.11301316537540755,-0.05060868628978409,-0.03971220026135648
0.023984268311175984,0.003935950425401768,-0.0024817948990286474
0.030365449054461608,0.06589328658662463,0.01563606494600996
-0.004946838196835634,0.029252527111065327,-0.027458468217207918
-0.0781992032959687,0.003352159256154093,-0.005341737934272312
0.04747105276451179,0.019910801770666488,0.02045225297072708
0.03852860266899395,0.0017633285175296179,-0.0831704858760165
-0.023825034941844004,0.033453198745151624,0.014276764000377626
-0.06202580483728159,-0.03879846463629774,0.0040863777441408275
-0.04228073183768416,0.015772627291815115,-0.09051126650585604
0.07538951661142007,0.024393789699528965,0.020551285159709935
0.01780928507300808,-0.09689677613492233,0.022711006351462816
-0.06320705937470653,0.006641501893950999,0.02617245743299087
0.00527691500052006,0.03596413555196171,-0.002479496906160183
0.041669490789475204,-0.043146359724387406,-0.023476295182132782
-0.004229227288425346,0.02769895864684986,-0.05741470306055378
-0.05495926259705389,0.0052760649415971115,-0.07578572944893294
0.023222591121238645,-0.04090082101923883,0.0409984383579792
0.0708115518696258,-0.0113498986065102,0.082971729125549
0.09583093655121804,-0.011547727046264177,0.012541519817263485
-0.03481902423030783,0.06853596051468752,-0.03242679240639819
-0.08376938213352184,0.0720301604557451,0.005189312968180017
-0.08477227475282192,0.03181560965417952,-0.053860836275877615
-0.05431187150241615,-0.05933030300314082,-0.009309652260354911
-0.02956518894303745,-0.005974869839828211,-0.01276656633956333
-0.012663850744507116,-0.049510516990196915,0.0904559162229321
-0.01435772572904358,-0.044202233402901525,0.07050419925477537
-0.05173246823478482,-0.03801130891587817,-0.02989321855965825
0.056952935858912215,0.03141192290742178,0.027175348912359815
-0.03095063449672749,-0.04308393523781,-0.018465789632114135
-0.004141913670169067,-0.06509824945857656,0.045729741284708914
-0.00815254131339884,-0.007131575051129811,-0.08833117684360146
-0.08876531875598608,-0.016789767386636248,-0.05483379576594358
-0.012623416298300737,-0.010909889309209272,0.03867001314861683
0.020122772631039294,0.037963714877912634,0.018771133523828178
0.004371332989968198,-0.01987964967805466,0.0036016531928463828
-5.513725908795272e-05,0.038087648893482935,-0.10180448196156873
0.046005898715941934,0.009024543224999959,-0.07334390067710397
-0.0509039007052732,-0.10939289374030824,-0.01624940991740695
0.013870462515909114,-0.054513597389726276,-0.0655782211414333
0.012342977929951045,-0.09383106814222927,-0.010370942791883993
-0.0019416424387777298,0.018847047557213042,-0.07842012794772539
-0.01603158779052561,-0.03589449416827038,0.01728471353559898
-0.05039551541965093,-0.010161679529313492,-0.016659298808810025
-0.11123034767159826,-0.05195819128977887,0.018970940585629897
0.029768887895758274,-0.009701414628801086,-0.09687437146557293
-0.04473733721443103,-0.02853869664033093,-0.07677032637367026
-0.019280887909786364,0.03257247132479729,-0.014914098258853804
0.06830396354491797,0.0614642550438679,-0.08587561078886305
0.04541534200468515,-0.03014240675255394,-0.03257425848584365
0.02749099961767229,-0.04807884982915302,-0.11238737917744829
-0.03424590118828101,0.045684529802326956,0.13158462242114727
-0.01892800171809344,-0.11201347273314474,-0.0394779296053763
0.00347810030554142,0.012822477951568871,-0.04029713373380745
-0.05847248535843425,-0.08742151134847229,-0.05388219072151813
-0.017870344238094915,0.021035001782244014,-0.026431158015303456
0.018176883664249577,-0.048970891752141824,-0.016554030704857087
-0.024909703465342332,0.001218245365113644,-0.10168861242854446
-0.08312346583503075,-0.008720897767448227,-0.026398800744991107
-0.05119945291905978,0.010130057694744118,-0.011420153247321652
-0.03539838069097155,-0.0534207078280171,-0.013879611153013546
0.06697952208186851,-0.028494534885740948,0.010426597164410807
0.021934722889021308,-0.08776411952220561,-0.09781803683234092
-0.027206524785791962,0.03725898597877366,-0.02965275832171202
-0.02922289164711664,0.008026052065052126,0.02686486307212459
-0.058435494110896095,-0.04790790695587265,0.018481377743120767
0.031095313075952053,-0.0071468756092791415,-0.056303223435703736
-0.022653211006613706,-0.06592163893259385,-0.023938410349621762
-0.05169040791191152,-0.13197123316767634,0.0454038627817768
-0.015393394119324388,-0.07028496623375513,0.011206797570904328
0.012780296627214058,-0.008790860463127947,-0.053373960278346566
-0.07720457830197412,-0.030378986062304447,-0.020993465284958393
-0.027623477973310537,-0.0017917136173310547,0.03440638174536409
0.09259990611146428,-0.06702286197456137,-0.01628804628099222
0.0024309167093740716,0.09886967845698613,-0.04251341672479617
0.010557276685386897,-0.11413880614881136,-0.02156313330554397
-0.07366905723129792,-0.05554972830180149,-0.08261564797863723
-0.04427805170709203,0.018170512582706386,-0.06527577751219028
-0.0591753843470195,-0.057514771919070895,-0.025290675300037445
-0.025753423104942205,0.009688698498734029,-0.08022406721051394
-0.02809942401952681,0.04521900235766671,0.02812402883714628
0.007689947522280784,-0.14417303931730271,0.02853804092459024
-0.022882729045825854,-0.0710278169027253,-0.03507105672081658
-0.04386719781887988,0.005996805667282244,0.11449653958088764
-0.03510570657871437,-0.02413115224576099,-0.00928981465454781
-0.018503493258805983,-0.037206943004208806,-0.08134518250879066
-0.035446668362759795,-0.12071331294143162,-0.011247985396525167
-0.047078874651954435,-0.04869484372308279,-0.1070877965863613
0.01525719825265848,-0.047788427105016976,-0.07507076802124615
-0.04921952999209365,0.027537982250032837,-0.05119465597023411
-0.013088309684240844,-0.026606061467450343,0.009053007341787229
0.051487793271314114,0.10963892527550165,0.02553106512606645
0.00561284295764514,-0.08273125072635454,-0.09806441070698432
0.06628792989646216,-0.030530049881720887,-0.06796097337803957
-0.005330265318373335,-0.041973068537858024,-0.08106947814209761
-0.01305948434382443,0.007833794546847798,-0.002210357315295279
-0.09434276111380284,0.042600231405539465,-0.03300144875788177
-0.04606040511567059,0.05473763517474403,-0.05460344239724611
0.055940904229403565,0.028631865768240887,-0.13983589901815802
-0.10229776861201191,-0.0010997309075534804,-0.03801580437577748
-0.01060520406953926,-0.018757603994263898,-0.014724897505714872
-0.09495946738156295,0.010293528971366303,0.028505937183900456
-0.026680879037247158,-0.06616703105964408,-0.05083806660107604
-0.018016155023051976,-0.036215017646758114,0.015359552368678923
-0.04292130943212136,0.06706552897465638,0.021783978701821853
-0.044997759385222366,-0.07306949710808505,0.010882287617136211
-0.11985088813808452,0.029568730265995224,-0.019953397836166016
-0.03308817105123331,0.039380646362189214,0.0417487244006438
0.01549434741552412,-0.05366431753694205,-0.031171299951142623
-0.009905224580308887,-0.0026349282762652033,0.0771168174647867
0.03322846362025634,0.009007461723455942,0.015925515226594626
-0.014485361551225082,-0.04421766464627023,-0.020036649058795812
0.0023695866299160984,0.01261697846443964,0.020096324770029282
-0.1313254807134274,0.02725378467316528,0.03728419380942824
0.07157393070695717,-0.014266139353999013,-0.030276169627829645
0.024560178347687055,-0.04286051768668618,-0.04606758615169929
-0.0460795481150715,0.04710297204422519,-0.1113550813723074
-0.01008786563085647,-0.06177099081863184,-0.06380146483754247
-0.023658113173944516,-0.01572561813136086,0.038907528715143705
-0.04462182125483831,-0.046629093413263004,0.06148673245067564
0.02036195528461921,-0.06631394388107517,-0.03194160643620341
0.021718079667434807,-0.04407038638681195,0.019380179120100417
-0.057965582740447094,-0.01271281923448379,-0.09690003345719621
0.02389703472847507,-0.04790128299237565,0.0015679171271659256
-0.058439245639275605,-0.018684529584888664,-0.03564485222839252
0.0466794684797354,-0.02383635328596095,0.002905090960360233
0.012809238405573428,-0.08202774296949733,-0.07735145391586215
0.012589316930599155,-0.021850404252153864,-0.12566346774862344
-0.08878982048617931,-0.06935975645778936,-0.07803443799396736
0.06615190106897054,0.0588091019776262,-0.029332153176810954
-0.024303260874781026,-0.03726097011303321,-0.06926865442149166
-0.02732811561872298,-0.010046721688066935,0.06506398114631723
-0.01782546144879963,0.017228905838068742,0.00464267534865323
0.020865577414733362,-0.03727517016034437,-0.05115897678885233
-0.0730256222763366,0.054269654754010285,-0.004747076024623539
0.000850104614208062,-0.0713594589796128,-0.02549371210092475
0.0004843763306218163,-0.053449797965139954,0.06958933588908557
-0.08145016599193473,-0.022450439931432992,0.02020004227677235
0.028332729401789374,-0.07851538444100174,-0.059147638754201884
-0.03367326018773843,0.07426974101486113,0.02010626240206727
-0.0006772510512104493,0.07434737394089726,-0.03232287305620003
0.020978564881947846,0.029078690545227076,-9.653121183780637e-05
-0.029354512193938538,-0.021440317658806544,-0.1091668764471129
0.05199059814415932,0.07830148544635329,0.015142976669013887
0.001052246734044495,0.09840313292259317,0.006423730352442661
0.03623679538863738,0.059937578048873306,0.012479269874633214
-0.014708064580141445,-0.043927273579090806,-0.0008846559609445945
-0.06570552447693262,-0.020388488753377315,0.06077347363602596
-0.07082726423279381,0.05924651924457566,0.1189592308456544
0.10540521997233218,0.07899031994342531,0.025051107803253935
-0.05057355275039353,-0.10509787679091784,-0.05090953529800478
0.01618657576212349,0.00823053365539579,-0.009297299358022579
-0.011111462874030783,0.0012886850243844141,0.06439025084450291
-0.0881165229996854,-0.007135310456375106,-0.018343325535851766
-0.06073189882461774,0.01630258030613172,-0.013540714257381953
-0.018474486056125235,0.07048831425870106,-0.10293936935511835
-0.12234081385449513,0.03966957542439616,-0.14384621526603303
0.023942793609583256,-0.053109979824749264,-0.045708878904034106
-0.031132497937174396,-0.0013339443788239966,0.0750547479120997
0.003031562914626862,0.04031920361898418,0.013627073709271404
-0.051105397695279775,-0.008001271959424313,-0.040192541355286625
-0.03386188363207228,0.0662170581434827,0.0016166307023135146
-0.0843974601235381,0.013964737759128,0.011831847663092756
-0.056162633638292825,-0.04461643566885898,0.03658314234799362
-0.07510863342303419,-0.017182367500209635,-0.1003504785379504
-0.05308036917014223,-0.033524926486562925,0.014601218043920929
-0.04031534303215711,0.02479572757335628,-0.026843226731924637
0.021940804999707606,0.024647345214986432,0.0371735138495846
-0.03950252370207402,-0.09050751536519917,-0.010355925643342326
0.0024305767078114963,0.051864269928875335,-0.059400039424555615
0.0314629391059774,-0.018219431433355936,-0.011312314670503847
0.022726378971803244,-0.047034819696850284,-0.030341240302352728
-0.05250822371147171,0.007148159419181822,-0.03992336649728979
0.023971306098429575,0.042503860013779995,0.014036919111570642
-0.02953124645095348,0.020745617978670524,-0.049946724343772834
0.013797686487105306,-0.07294835776100007,-0.03485211556809633
0.03490723799492603,-0.025334949952305216,-0.02266466498896593
0.053186337648367846,-0.03677275326333063,-0.010317764065767196
0.05740693809383678,-0.037926058860441474,0.04524474641143322
0.0369863282261229,0.057771058982336296,-0.0074620093848598475
0.03705294883366718,0.004837742947942869,0.008289766054179354
-0.07446845207953885,0.10281613310260154,-0.05342975285727922
-0.07733121466122042,0.00980737385867449,-0.015974896049499924
-0.004319452874479013,-0.03333492627599982,-0.0031275057799445547
-0.06173883203042359,-0.1110797190761781,-0.017238226560789913
-0.09241610710247765,-0.0472407025378917,0.0814994906332453
-0.09043583355934279,0.02220460596754822,-0.02335011838029825
0.048261636764941995,-0.020822463415194135,-0.034862431690763585
0.08733774445418221,-0.017569719329841985,0.13828471605108134
-0.03217558476657781,0.062067573567632574,-0.029498583283015106
0.038977227288378824,0.024927495004388903,-0.07644890313820657
0.03827851269048617,0.09174618819062368,-0.04189655604170649
0.048276284414462065,-0.06365035497613823,0.09767566198092272
0.024829081691536393,-0.03177276393039434,-0.015887428901512405
-0.02317759136835521,-0.08192935538768077,-0.09500739620336907
0.03143817950595447,-0.006168483670365558,-0.025644461187447693
-0.019113801793719958,-0.008788807970124858,0.02910634341764589
0.03156672714497125,0.05052070412545512,-0.03160721936846642
-0.025793745609492793,-0.09900788800925325,-0.021898407697171964
-0.009373050373512276,-0.030766938132242648,0.04169270260107193
-0.05747342851536138,0.015653622538629165,0.012031891537758906
0.02661841673142792,-0.01796459547002095,-0.05779818356672487
0.020465136752077364,-0.03485055959111465,0.06629367965823121
0.030525733038742255,-0.06875203915695763,0.0011700399380890382
0.01415329106397777,-0.0042590339644883925,-0.008237367472935476
0.05792123739673285,0.07680732350874689,-0.04939404895242718
0.08337884173371883,0.07256870840108735,-0.018336297835957402
0.018825659909817723,-0.014119004179203792,-0.05423039554911889
0.009688268854589665,0.0925463006047792,0.024076256207117855
-0.04574788542294174,0.020704836256917592,0.013500893775615174
-0.02068086413205794,-0.0008179626292456471,-0.021990920425674708
0.057735492511471045,0.07406275857332012,0.05763543547712416
0.06211939062514753,-0.0162215787780742,0.03634890000108452
-0.07876799249776693,0.11704824635789018,-0.027549850115098935
0.06245584830028923,0.06254454309842498,-0.011565319934702044
-0.018662046958681313,0.14421508594413165,-0.016986362534604973
0.040848833398215635,0.0423020733516397,0.04303900417537475
-0.06192693297256696,0.07080032619712828,0.09163363524087671
0.0853446280096759,-0.09972817939402567,-0.02763383838893712
0.010144767996432769,0.07182900112943197,0.012020916927345558
0.01595004299075085,-0.03433597083781061,0.03808387496823978
0.011513592135193661,-0.06797433766797231,0.04206664972846589
-0.01451140509463894,0.032227317824199714,-0.03707135306717846
0.04079174576158101,0.013989151372308302,-0.02259539469596371
0.008569313387696982,0.024997873986166885,0.023837168038213747
-0.017173419824497247,-0.0688037976473589,0.06728274724434331
0.006369315634914762,0.04101073724915409,0.03545503320371628
-0.06690662901138451,0.035355234816150174,-0.042072186766891846
0.06276012596482455,0.04900424379761878,0.002225365409010806
0.045697361166985355,-0.033274628196402804,0.07030863202319917
0.020223753245036096,0.025977124763739985,-0.029161622106679212
0.013987337099223732,0.03181585945789139,0.01294537593585674
0.06837503606117433,0.02229162677743303,0.022496940767767787
0.007577543029529342,0.028236039852769238,0.01748405765498082
-0.026536971614581677,-0.0843443103685047,-0.011902776404093917
-0.010012765968699228,0.06884644664861889,-0.03397091085326731
-0.02669586347867729,-0.028878649924512046,-0.03733530542794147
-0.017489971564895932,0.027385394699903465,0.06959228134306579
0.05692908555658582,-0.05871273850306685,0.04028324038291254
0.01730977509604429,0.015295224198650885,0.04955407500964058
0.019336819151949385,0.009622479130611292,-0.043213592180889535
0.06389015716398627,0.02063576373008298,-0.00922164732482304
-0.019137871010427507,-0.057700956493890294,-0.03577655560478152
0.09796161697567338,0.017276185785795043,-0.035463980614342486
0.031054278697244597,0.04386548893416932,-0.03706253774876887
0.052501322734688036,-0.030429619265465984,0.013151247793062924
0.11357006573138981,0.0018822303650284852,0.009631428598014862
0.052599269293977534,-0.03706865443850383,0.015132919002055656
0.05011939655519239,-0.00435664031695137,-0.040776727057085405
-0.040394892144111294,-0.02346020699881987,-0.04328385715520611
-0.003652904930750999,-0.06478486750277372,-0.10194880091122609
0.10287247212451066,-0.10105025756574246,0.03530234009332
0.08837310386041691,-0.04555328872323547,0.0629701356589883
-0.01994133916575588,-0.007202287627497198,0.030068802887617083
0.04001880209953749,0.06095099936796315,-0.07207033201406213
0.05252742839126571,0.04190072023294661,0.018299336832616774
0.03312110589048181,0.0016701582970531335,0.07900375254762272
-0.021635211671529937,0.04715780835503895,0.042459330580409335
-0.06532815149606036,-0.04641670921873772,-0.0060559766112904395
0.1367617819195427,-0.060325686156927294,-0.0028235261860752557
0.05026158912835073,0.025865936729886865,0.09440977485844626
0.0445792771446252,0.03355079869607108,0.010462852767478402
0.0876950657764955,0.042450174341827435,-0.011394856165294412
0.02775145624608879,0.07077849854255897,0.023417824078910642
0.012579666142356491,0.039555190029465476,0.03460100474595575
0.033195338344323616,0.05355799073086734,-0.04473641441539146
0.05478322635761209,-0.06146996446519008,0.06500756050623316
0.03073831507048889,0.054037953559128965,0.0884796674364007
0.06660128964230634,-0.047104902373119525,0.015744126336344554
0.05366738930088236,0.036805013968027725,0.012724982279458296
-0.010036544949859921,0.06803258232554062,-0.038829443309140566
0.045252443592205774,0.038685783716759695,0.028190986471196285
-0.052400802193367284,-0.021089662002327085,0.0828105330008882
0.06635952453599633,-0.024241952203755204,0.012825957405743205
0.028174001672318504,-0.025285117920546187,-0.027043811264138216
0.0466624996269768,0.03137197082849478,0.08905586284802687
0.05847190470335181,0.034699634211766445,-0.030270612440557076
0.07784324242762239,0.09212742860714537,0.0013776280487149926
-0.0587548168094594,0.00801186922737284,0.020464470258306774
0.06385498282231168,0.013284613913192064,0.08079226207723438
-0.10736642892361234,0.08216922220289438,0.07323521404948147
0.08350099409576403,-0.04412481971577106,-0.013239443146934163
-0.0066184126001140944,-0.09535460490018689,-0.0076098307552293215
-0.02480220768968216,-0.01910156770673177,-0.017840406926005234
0.021342442049098718,-0.031987902029495564,0.017248347898127923
-0.03674126103973337,0.09784970082706698,0.04368964316862786
-0.006897730826139335,0.05272443826258029,0.004993808780142033
0.036297420189938076,0.02588306272494985,0.04080277759854328
0.05060139334223167,0.022369294171154554,-0.028707060697676246
0.09213705659889562,0.07554191157323516,-0.011693955009118968
-0.009984988960119737,0.06867478075653324,0.009007840777194222
0.06821306532158314,-0.01042681503370042,0.004932822238006859
-0.0032115972570637592,0.022559149725411235,0.07986562237477374
0.04308067811911714,0.026778838568511966,-0.019133940781057387
0.10671305993593069,0.046031672933466446,-0.010948864791995444
-0.028017399943902208,0.13564959988553146,0.08142812824976157
0.02361949401022342,0.028115250142971934,0.0796922921335638
0.009910796979624157,-0.013805883181572071,-0.08172742084139499
-0.007251399743186827,-0.05864940204009102,-0.046015136346518715
-0.024097696420319132,-0.026664870804252446,-0.04564305607989298
0.053999224913316955,0.05281081574407942,-0.02859516855957766
0.08152818073256764,0.08780290458853612,-0.0534651994802402
0.019654244339608076,0.024497803678142385,0.04174449442006202
-0.053673287793335835,-0.0406615664324519,-0.014203898080386912
0.01636579892379981,-0.031168815419448517,0.011381675578641216
-0.0026094799206604555,0.0723224736539661,0.00039035392469746744
-0.01365284028377254,0.022007638747336328,0.010067319155456106
-0.03856449121954095,0.008152845390928342,0.10554982498841993
0.015740687894684285,0.016467712244182083,0.03674353103191688
0.015136284270324126,0.024090674851029212,0.05301490755581528
0.051936079302967716,0.03757157846065049,-0.023580604392324928
-0.036029449275453526,0.02072988634561982,-0.03291209762633315
-0.07618935883926317,-0.017605930867547713,0.043913499218950824
0.017528581519815203,-0.07278339821191153,0.06347935187258884
0.04368911330313845,0.05232423794262297,0.07830193340488886
0.010692465300111951,-0.0397758693461958,0.0035359718031227824
0.08014489438900821,0.05851891062513869,0.049458641511258464
0.01819930420636731,0.06786629219624611,0.05797544118610841
0.08404940264825883,-0.0315327735677582,0.007727934452305324
0.14978363815148873,0.029785668101881033,0.029668740372932663
0.009154018511139037,0.03901196535657683,0.023084457570735906
0.009102774705338022,-0.01940667686749945,0.020187238683104555
-0.06421880582913002,0.09913684919551004,0.024662904690457736
-0.013374191411249115,0.09358048497425722,0.0031844482486409094
0.059622560660720345,0.03307400839509363,0.11083231124443027
0.014452048350383743,0.07907539931389153,0.0023521030492620436
-0.1058209494414792,-0.019932837541352402,0.023851779314204805
0.04844453486840511,0.06429691849287665,0.059379789180277406
0.02261705618673801,0.037089517507250876,-0.05892387009854497
0.010990816713183261,0.060986403861101914,0.0010166379626270795
-0.017877787938403403,-0.029671109608841083,-0.02393490086111829
0.007202682415808743,0.13032534110071287,0.05666076619711587
0.011457116309453834,-0.003326365440027795,0.021936446644021713
0.023213388596297197,0.07288395211941197,0.03338028257073382
0.029108751118209396,0.07072147954943307,0.06125577150754474
0.0386459045317031,0.004632840513742371,-0.026068037512739714
0.046689164466581154,0.033014798309302554,0.04621513751980559
-0.008381147651073307,0.021931761811583524,-0.023346790469588388
0.03363372156789409,-0.0073421849214005495,-0.015334534050068916
-0.066429992835435,0.04893798747708658,0.003957695527458019
0.023953906684433743,0.031024988808460642,0.04074000683103431
-0.00480079208205224,0.02334575282354789,0.04878870229719365
-0.07030378411901467,-0.02036800675040467,0.01988638607975691
-0.010708198315619467,-0.04162228865611649,0.1413291879690023
0.07335186422313329,0.018181442157313328,0.011574009230529404
0.047219909660243115,0.09900663266787431,-0.0011834660267753209
-0.0779137706683989,-0.024073775485161625,-0.005683895190062483
-0.0027260088179055803,0.13289474108534174,0.04541659311897719
0.09775157949492333,0.04927173701197825,0.021489779750990045
0.03401644978738287,0.005817386542047443,-0.038310236128137276
0.002455262787126865,0.04371218349799617,-0.02768518504268159
-0.0022428352823057676,-0.025010563550973447,-0.009574495164532175
0.05036252851904137,-0.06810123990076739,-0.0496856401289044
0.056497265614180024,-0.0033305157929979946,0.022440677953397062
-0.10623739364962866,0.005496082504734131,0.0037945839793478865
-0.03542188618273862,0.02883306459519925,0.006080615277047358
0.09546348702669814,0.0371071179498484,8.297235792989119e-05
0.004202423475451099,0.007442186440214504,-0.05739547525386734
0.09046154023433445,0.03350643569712799,0.08589066487951941
-0.0349578725446183,-0.013432798304370656,0.02457934645620564
-0.012121548216836382,0.05726277006245037,-0.037215290671409565
-0.019357499087319395,0.09137173722665283,0.04783763221513777
0.01907657543073974,-0.029556350534698482,-0.026785088817311398
0.11943326666349406,0.11239975022374657,0.01507827789482221
0.05495883552160646,-0.01206722351265126,0.01012724126335963
-0.03456303239158444,-0.0339901094327419,0.07926175585757814
-0.003170160631191049,0.05220157944617773,0.119926442809587
0.03664453220391328,-0.04974114818385953,-0.036800405717141986
-0.021902424976182194,0.017286531614479336,-0.13080417247298537
-0.01962093925894406,-0.05322906564742347,0.08992434320578857
0.028833314389724897,-0.03536871901409549,0.05468936898886835
0.06446199355623093,0.03176666925560078,-0.0018641449169727107
-0.002613497857292776,-0.009066074519033213,-0.012324086872232912
-0.06975585113891764,-0.010379494287379243,-0.036598714334244394
0.01487892736250098,-0.0053330042661384755,0.03965398082428074
-0.007962162823290524,-0.004889443977008449,0.0029624942268534713
0.049729104168426984,-0.07648167148531787,-0.0018768884849699435
-0.03248209225214598,0.06466758206546455,0.0786691405390495
-0.008470455413710462,-0.015113414062128312,-0.06689986130647048
0.1191599073348811,0.018557634951072766,-0.06569267515276417
-0.10711129041458041,0.02632982316078908,-0.005937427567681758
-0.024728208638058826,0.04763897564748632,-0.04338944055296548
0.03851405170351669,-0.01839488640472842,0.04053374126907179
0.07516536601360385,-0.04530779860021096,0.015813334864060617
-0.04540866905870945,-0.053780953166614465,0.07670741904698966
0.0011358284800569362,-0.005252838755897759,-0.08404924948667028
-0.011096151388894178,-0.0008455544215218091,0.08560928803146128
-0.017645897872548333,-0.057442633591303915,0.038859915667211226
0.08266106210239611,-0.02492699780829823,0.029741880058204297
0.09355140975594532,-0.0023375438725855013,0.0096533434508132
-0.04857287678067647,-0.0015867802925903832,0.017036687311286033
0.10956894994369412,0.10002342841705658,-0.025255217532739307
-0.030197570693841755,0.03383412497665433,-0.06840448409599036
-0.03784950646363526,0.020433990675873433,0.0769531770372593
0.056844139382229326,-0.01896115372719627,0.004061044110946387
-0.014178163064279149,-0.06324287664246966,-0.005563185443652685
-0.059101581291775104,-0.00433104427046595,-0.021500378433273463
0.06169265271515606,0.024340634387626493,0.007112817158758499
-0.043456131272800375,0.04007697965852043,-0.009966187710587413
0.030365497464715625,-0.001838203823087841,-0.046623692235717565
0.00023677233685033723,-0.018949452506304778,0.002066662266773855
0.012746119631374384,-0.09686887957226734,0.04260591797675407
-0.025896400109018544,0.07038112197856636,0.14571654602391684
0.0555203726154751,0.06084126057102162,-0.016701865395899733
0.14043421757632132,-0.0025294442408238214,0.11716011040979649
-0.07980957410576889,0.058995265600247454,0.030095919075646706
0.09634095873508539,-0.03980552107489029,0.027038723107798986
0.027785351075683844,0.0637593896483005,0.027098711121812922
-0.01612672676827156,0.001581367820763074,0.03729035318140767
-0.05256147257927948,0.044475408787708504,-0.029717063961303237
-0.04226178799838083,0.007026602789651299,0.03607265530399584
0.005776072969640255,-0.027601142730632414,0.06790638283639736
-0.0024905485542486543,0.07819766841019266,-0.036619434484692785
-0.0549533110488936,0.0049145235215387086,-0.035666242650172174
-0.045878799781670004,0.029748319242379532,0.008435884401284142
0.016761619538623228,-0.019794636952253482,-0.05552635662321866
0.02595926927044092,0.06009043003026576,-0.03234092780999318
0.007552175353570481,0.019236432900187485,-0.030558869717626426
0.04797882781423508,-0.04172791660976343,-0.03467923913110383
0.029862145130200135,0.0012773677417838893,0.06897255761723438
-0.0543336193734439,-0.04561460463989221,0.04869953030273597
-0.020522833968679936,0.09003220027322684,-0.06362213344822965
-0.03285313483543684,-0.04364677460627692,-0.03477043112196174
-0.014678917909300971,0.06769836876860279,-0.07735490025362593
-0.05767833325872721,0.019607133726818424,-0.05821913507364461
0.07485667357052318,0.004657888004145043,0.005162639459008385
-0.009582238971197858,0.05689181092912697,-0.013880909858391872
0.015602382493524292,-0.030082378866004827,-0.07844560647848066
0.02277664101805866,-0.07158590897370007,0.04494912028061026
-0.08893131119951163,-0.03873135414510788,-0.03361125380562706
0.006807938121833099,-0.05207730057622928,0.0024804704671248685
-0.08458825078322557,0.03835085865754977,-0.04279908270868883
0.001272034136929525,0.050333827562026576,-0.05007840124448078
-0.0049736601660021335,-0.022686042340204368,-0.04792397652850078
-0.005111373094165343,-0.047659835055385916,-0.06496846198846482
0.07009828521199422,0.006557810192239803,0.02131668281960853
0.008500922011979937,-0.06066005634725544,-0.08230780198433081
0.037600653141341506,0.07914403898358147,0.047089531453371775
-0.0810480737275334,0.039193005180291327,-0.024337905265809714
-0.019098708469958408,0.004606832347101037,0.054228154245203344
-0.0740086655674402,-0.051808609431856334,0.0819994238731322
-0.014677475760697185,-0.04176786946061868,0.007231588570175019
-0.0293405606229865,-0.016382053016977077,0.022451192601080753
0.030828347907246915,-0.04729267457068839,0.01482240763258541
0.041840583669965556,-0.04359702131962288,0.06869509050310237
-0.04663907542110234,0.025215432674550925,-0.0930156799966188
-0.05775964748937282,-0.06929516191655692,-0.06015231234133084
0.042021280754282506,0.014412902784360842,0.05889022242308667
0.015301140522193859,0.09106627387213746,0.026837364385951173
-0.01158045008652979,-0.07408230037911612,-0.06014219281531505
0.04838905728460284,0.06219105448165024,-0.043847749444288424
-0.06828680387693595,-0.011618665039888877,-0.03735041048166277
-0.023225308719547273,-0.04103315356684664,0.04613754674388
-0.00904730929079572,-0.06992878662477907,0.0034444213137189185
-0.08096749568586406,-0.06578691511756554,-0.018582295206679367
0.04624041230598521,0.048550155764108406,-0.060176721094437446
0.015071226841756886,-0.03747097478489976,-0.031321091328093686
-0.047517091649399615,-0.053664107673359676,-0.008884810795277759
0.026328089734945787,-0.03382308650890025,0.04156044050961631
0.03311741092140173,-0.11403825744380366,-0.03576395931863105
0.08945860271175272,-0.11392244240316454,0.001144487508973703
0.02051678091759779,-0.047288232055877386,-0.00849667361141238
0.012523121596897741,0.027930977165835865,-0.034193438267332454
0.09433710623127538,-0.0657791046374008,-0.055652528213274266
-0.08417974126198455,-0.011059390736804184,0.026237056004697355
0.03146452663117337,-0.039640334134449076,-0.01457377941909479
-0.00031366584194351607,-0.025634740187529752,0.03174176412259261
0.00030675410281682733,-0.04769227595172866,-0.012172096805125661
-0.10949578081469559,-0.04814010273479033,-0.05820569174177846
-0.01097892209140505,-0.02269846376244395,0.015103409130867863
-0.052807524245156875,-0.08515933112048428,-0.07392672610506384
-0.06639083354389584,0.014102178310472991,-0.01082214383484761
0.014364345604952637,-0.03259762917136868,0.040769737725088906
-0.07763948881713893,-0.06557391606843019,-0.06176827895752066
-0.12305738200814426,0.02924999587096431,-0.03671251652306849
-0.1279980535941106,-0.04119545988649921,-0.013345799248686317
-0.019314118229843663,-0.0128834721248797,-0.024629262144168933
0.004521570917829922,-0.03747439720783733,-0.06543507036003246
-0.04408062692555945,-0.1443953036396174,0.063969437032625
0.012763541629326042,-0.05774344328293772,-0.015206114847334092
0.02551643646286589,-0.020132890985602992,0.0046074681883608234
0.03402224469347574,-0.06914804179964512,0.005828196731355598
-0.018761462158303193,-0.08657773978853871,-0.04526332685525497
-0.03699373945327593,-0.05185419576918998,-0.0050754709938055365
0.031122683003522635,0.045072328737238584,0.004524661544321292
-0.048786881989941674,-0.0026801812787062528,0.015203549552165102
0.035993251893816906,-0.019358201466605614,-0.12074591456643016
0.02573589512325047,-0.07283977267666918,-0.06480506504100687
-0.018935483505681586,0.02636087127325842,-0.03784274357884765
-0.03914905119063329,-0.030877204816860526,0.04366825778465955
-0.033413048782040954,-0.04048112586791216,0.015305180273987515
0.0005656972134229533,-0.0018885298155216466,-0.011192679540105294
-0.0033561139403554645,-0.0821046966981074,-0.05128769595411864
-0.1348738083219818,0.013483459595728279,-0.06383396786730827
-0.007937245058249618,0.026516934155644437,-0.153025787959815
-0.12006617825145517,-0.026930522611776912,-0.07108596193753462
0.0492025976550438,-0.020989945830480167,-0.12664869492744044
-0.019230130245853034,-0.10727240100417613,-0.04348187146894447
-0.01886092978035501,0.08505231008121222,-0.009316948702347384
-0.06725247349987015,0.01725847959521742,-0.07449976408092492
-0.0675447716777341,-0.03128763523003143,-0.024016623183051797
-0.01176983896503279,-0.10124585810163009,0.040519139650299324
-0.013602012271835766,-0.0038952874313209675,0.01913763571515983
-0.050619756325144344,-0.0406433908356895,0.02225124993401927
0.007492124574080258,0.006856549067264798,0.042800941185689965
-0.02758617075251563,-0.022638400668183914,-0.03228207201461673
0.030457042146485983,-0.009445268538213475,0.04915604012173405
0.013492043872408804,-0.05953204701091752,-0.046713115252767626
-0.02752898255626479,-0.06956492154731747,-0.010151774210843829
-0.017183274592776333,0.10060437393241961,-0.06860539561381493
-0.023591789843106267,0.04533168536836686,-0.06283250674076098
-0.016225205815241117,-0.02774670197421908,0.020381896196735548
-0.07536015331932071,-0.0023297613404640507,-0.00421317878091014
0.01595540672084911,0.05528175676945696,-0.028189741827008133
0.025247903206266673,0.0907091482063609,0.01118172699215094
-0.045768461679215125,-0.00431068809272416,-0.01694656203804957
-0.009227518629931247,-0.02267744143562331,-0.02994880723210333
0.11321933330662073,0.045814736112818805,-0.045273601013132506
-0.010753316837676085,-0.05608162556543672,0.022447121205254737
-0.04460045888713847,0.0015633809992470875,0.06120778906103705
-0.09001047219116397,-0.04239171292477001,-0.07126599756779983
-0.03209827955517304,-0.03415318594186692,0.0280176314635284
-0.06543111836390071,-0.0004764603790245389,0.0893449766720469
-0.03580566565476463,-0.03343454973506098,-0.10802635990380702
-0.030394043072191828,-0.06534767322406175,-0.004724284443938001
-0.046245808906210883,0.02170565119195186,0.0482309013060809
-0.08490064127032819,0.08666638717626694,0.059839390755781305
-0.0696990726065855,0.002046008487210005,-0.10371890470268384
0.039320193005627224,-0.05877771084944948,-0.062306059911582265
-0.13311140981520145,0.004916474841312574,-0.038173485406237176
-0.025249277858430168,0.10902340091670205,-0.058275371851135474
-0.018562357285652753,0.02474143928559112,0.017757193884943342
-0.06114864081942495,0.0014924474725852687,-0.046545376068747084
-0.01317301673235324,-0.07022705019138546,-0.04268537558029854
0.04433208987985037,0.016157178291577923,-0.17892982837463423
0.0776971237198052,-0.007041254242146366,0.0018101749374649576
0.009389506246586288,-0.08783978269820622,-0.05755006021821132
-0.025456585256414192,0.06546072043758258,0.030632066507195098
-0.038649666925162,-0.033190054399714515,0.05772231023396776
-0.04490374222923526,-0.08776958309347431,-0.0480215771101094
-0.013192986851030469,0.0008775652055801296,-0.029689208740294702
-0.014677822085997275,0.014967923062085955,-0.08687872294300807
0.05817810586009927,0.018911442208693306,0.06220603855736639
0.0674630923773086,-0.03728515256689855,0.0008222838983267724
-0.04979193219590255,-0.0669184512413129,0.008667891315632436
0.07746593695642014,0.15164150190917153,0.10256794093205822
0.043514440326198944,-0.034220757124975985,0.0022910390467056722
0.04051295986387367,-0.004966033898636747,0.0876093844485246
-0.01560406450760685,-0.05388350264905235,-0.09520664877294825
-0.022669508120610936,-0.10440721448355716,-0.002622423394874311
-0.0811787578435467,-0.03037075585079737,-0.006885352724454055
-0.00834638796968014,-0.003330196392153737,-0.06413315373213554
-0.045437033050964575,-0.013749712099629361,-0.014308394863441438
-0.11188734157776596,-0.006451563291669316,0.07447494330824865
0.07047240846765634,-0.03430149590533313,-0.06196962660904874
-0.02370542961432409,0.05832301597802612,0.019142841498267872
-0.051234678954194604,0.08102159627694107,-0.04198369666040423
0.03933395026996076,-0.04522554433002057,-0.15552738788800852
-0.05990701663554372,0.060406808955766236,0.04939577338046222
0.03208905322234804,0.030179815317629748,-0.0426051902825671
0.03645519594461287,-0.0062510848977622695,-0.08071961343791813
0.012116795910006282,-0.09254374033832279,-0.0531842579161375
-0.06847806116532681,0.04885087182644594,0.022109979315601762
-0.03638502007942038,-0.01630934983743702,-0.10805888753111999
-0.0061119067295845216,0.022912454183722522,-0.05456926543380092
-0.018654344248485576,0.0466221413631172,-0.0106085581067664
-0.020414350138575114,0.04892619795589333,-0.03652168783905971
-0.03821089637365683,0.04025233960551157,-0.054808341160632094
-0.041848721621241855,0.025659551504502214,0.07905644480364789
0.019148224103569835,0.005233628974778732,0.049079583177393055
-0.003815609429024132,-0.0038408510143823162,-0.05419694466018074
-0.041468669881107985,-0.061744463694258,-0.024050014615614727
-0.07079772621027354,-0.05243868412172345,-0.07613002695521577
-0.0027685920174521646,0.050777988305790674,0.05898796598377775
0.0435560904701258,0.03771691558400487,-0.027743132639173138
-0.10272280917920323,-0.004426226129660956,0.12407180529767046
0.019105912569977908,-0.029305002696836842,-0.011828514606463867
-0.0634033650761655,-0.05051571532255639,-0.01462430216097612
0.01891545396057938,0.0018755224688518487,-0.003216636406259123
0.08134196965656222,-0.02051037508738168,-0.024787007497797477
-0.05248179969485801,-0.02984101648802211,0.045141642532700456
-0.03946058137216929,-0.04116521953205399,-0.018315558521553574
-0.023816764925769306,0.0382587115670233,0.04840625046886084
0.003381871044752641,0.023194447951269813,0.028810664580390444
0.0689529653631054,0.003759615377775428,0.1220498536424837
-0.007535565431387572,0.00509082334265298,0.005793329189138826
0.007635435212322074,-0.09459251165825945,-0.04283218901897247
-0.03514564594230643,-0.0379484099154601,-0.012686109469464244
0.004162468595419046,-0.036787059196816005,-0.01572988071451115
0.02718882933387457,0.049528147347704866,-0.011706020926044398
0.025802165976228315,0.047600711884209945,0.07613533381678056
-0.040522147567393,-0.09936120264400572,0.06115565316781743
-0.015553511155565192,-0.09977447264797873,-0.0021561482320894172
0.031248807725405423,0.091661636035054,-0.052965590102584545
0.04413877130110366,-0.0842880161225931,-0.0432891972417156
0.01622392730955013,-0.03051332602713916,0.03830541757025403
0.039786886641536616,0.007974815944515762,0.0533999578883602
0.004237714953803395,0.07226802195610457,-0.022006162515127922
-0.027814036947089588,-0.019201377058617068,0.023560804606323454
0.04088441279606162,-0.009102621718843842,0.0010859861927259313
-0.005393809622646047,0.022631765671945213,0.06721687808463594
0.08015507579574789,0.08998307233005533,0.018967217900175776
0.02988630892875154,0.06656324148932478,-0.06141640049607947
-0.003963560379174491,-0.03328816406231688,0.013536808285928601
-0.03207999967436663,-0.0037688382593854697,0.04940845754342797
-0.06920852163968526,-0.00974742104987816,0.026024356567917
0.05209718380286102,0.04264549471689598,0.06027997838825616
0.017695090795226815,-0.08931411018438395,0.019875225633950597
0.03405440030742283,0.036453551008943125,-0.007785493770507032
-0.021917871622950773,0.08347460837210204,-0.030690544434314876
0.040771465447228296,-0.012007613727283954,0.0452601991647461
-0.024768956805372576,-0.044022392885965586,0.05927981153723903
0.07218996970085284,-0.0011285920760196796,0.06038054945191501
0.019104471088831856,-0.005526375029260955,-0.0035753322277255056
0.022399443804003345,-0.09294240543145221,0.015312684843058307
0.05897968929102184,-0.07462949399583842,0.05284868497808484
0.06430827559100291,0.08788506455794971,-0.031220434037302285
-0.006735770760628876,0.007607446367465164,-0.06470070272814368
0.026994475169848688,0.02770715271119284,-0.059549627130966176
0.023246235534897273,0.0015894058697155395,0.00878922623030694
-0.02489911224991522,-0.025704974095671122,0.027568637742126083
-0.06760796236726337,-0.008873132073575074,0.028416713472137853
0.047798528437025055,0.03831655681394657,-0.04446608228938562
0.024205878234863903,-0.02746871967242532,0.0426998504564547
-0.0003409102438612019,0.0013568692737339644,-0.047356384233720863
-0.03134656522131833,-0.06072174887541135,0.08649277794297772
-0.04014174243426397,-0.01678071184824937,0.013977355482938667
0.052973906050843136,-0.08381004963713531,-0.031040746820990624
-0.005174707019406784,-0.07353812825338843,0.01581339591924906
0.08340068050181963,0.058831447752463045,0.04222603876576925
0.012323948536787473,0.05404730194509069,0.0253629244294271
0.11589932747682759,0.005491061254294443,0.1378592285726245
-0.01454908996509281,-0.06272806051859994,0.0026059112770713596
-0.09472707897373187,-0.014659862427212116,0.0001653838546156923
0.01524166228562575,0.061596526145733015,0.03231085867656151
0.09706955807432777,-0.033243983411387255,-0.013453608256379552
0.01621654597614274,0.004692378393808141,0.015248870618609321
0.06456898656327126,-0.08516484467770076,-0.025916059814724328
0.04572341450912189,-0.06833542873721217,0.07961789643096649
-0.05089242081638272,0.044684965677595584,0.0830554264302751
0.05756663904543498,-0.03025920521403684,0.020883650891871455
0.07061257418758028,0.0746744167814998,-0.024613397954243575
0.015142125330588892,-0.018281218276876624,0.1505395173964499
0.03797676650822561,0.036004302629596086,-0.005043105709626815
-0.04394203666844659,0.06990129831016939,0.02065110078545362
0.0820362941512651,-0.0024052760768277295,0.09246200447156176
0.013946907846428897,0.07851573229531508,0.04948945613204345
-0.002654012170949401,0.04955418818260654,-0.07776868693211822
-0.016845090676880038,0.01927667650175593,-0.03416640066013984
-0.03582317636212099,-0.04481617505265083,0.036274275264481765
0.04032198512401035,0.01754374751782853,0.057551461660752645
0.00654837974071593,-0.02305774109482707,0.054221151825674455
0.11396282625340123,0.014076415209658003,-0.03397912930245636
0.041679584546456455,0.041813725106743846,-0.048957196535528574
0.029777094341493823,0.010492280440011739,0.10281686405607753
-0.03813264800440679,0.03515420085414636,0.09515813136713736
-0.018495956076467465,0.0020334637581176547,-0.022247030910131298
0.02114363919362916,0.08248981824158287,-0.09280345532740797
0.09896925776187368,0.043979602026848294,0.035147420989338415
-0.004497937375713853,-0.04783840484642199,-0.02126757784656846
0.004302623255110015,0.11554632168295627,0.059837076254304775
0.06936522820702452,0.024182205516797072,0.03629255583205983
0.015529428740596768,-0.035045806812241787,0.040988489160052446
0.0699232177167964,0.07898569109276153,-0.003481498212315106
-0.02631259979976005,0.06812901386784631,0.0343967891021032
0.03332302462382713,0.0037148737165855275,0.06939598901292074
-0.013753496220791916,-0.04048949830661241,0.01781385350297487
0.11722782631053891,0.05408230573636981,0.05789330826418268
0.027279190624216715,0.0832640137888021,0.07896796695303787
0.01835119429190921,0.013534084442837309,0.09778711277064929
-0.034591138458910015,0.06464562367958768,-0.006553345613546039
0.058331800301265585,-0.010665740840025136,0.010436415289534139
0.025394036134097634,0.029314649673191855,0.033109164541601635
-0.015054570921509098,0.004361398250702406,0.04751060004644059
0.05374107945680255,0.04056531502683454,0.047290069977877235
0.007779521902456527,0.0656565951020939,0.03137013874835908
-0.0025046883214108785,-0.025771479772238082,-0.016905581912351027
-0.06761940699779104,0.08004492651453325,0.04190929728320139
0.021394906131464574,0.06109683507532582,0.02311725670668789
0.06540036376589764,0.09918796947786075,0.12810624461350112
-0.0030418085042131643,-0.02691449492707626,0.0948629810269767
-0.03101409010236437,0.024643943588719817,0.015964415275324606
0.014514579669031111,-0.029577946986655657,-0.1053380083175615
-0.04277684998237201,0.1008446486146145,0.10893220975684667
0.07805084090170361,-0.053085007747292676,0.1189031479160651
0.01321139882744828,-0.03409461911146956,0.08672022963786712
-0.02951139363535529,0.04133235010787478,0.07900122555086227
0.10828459810821031,0.07364864141151578,0.05240383316418543
-0.025106931109967735,0.0383966514893813,-0.05317098168581919
-0.03812725917970528,-0.04941198917594028,0.07871173183252544
-0.016569018490655545,-0.03841211821130039,0.05285896926119066
-0.0360394276494298,-0.024673028736505388,0.04419134256353384
0.04677949609389691,0.027188612828854212,0.052608692428267365
0.01840066871803684,0.036154529762300325,0.11068080969541957
0.013607568946956309,-0.016333774868001333,0.005740503439506694
-0.0774727370883327,-0.02109161441007303,-0.03827772590033107
0.06798637676353482,0.025368246881721748,0.009366594033337682
0.07551217700834503,-0.0055075410258431275,-0.07332748500992321
0.024884576919434104,0.02416127851141436,0.002692908702888113
-0.031060590991698913,-0.06499565168350668,0.03388914014080511
-0.01582701222202371,0.056468242536122426,0.059081457576996024
0.0274589608887642,0.010269971332817793,0.04501935645829779
0.05891209805631238,0.008966617381417722,-0.012573730350118464
-0.05075807386302811,0.069144986233739,0.07760057301756708
0.03660118938736662,0.011944558337772613,0.0063991961905959065
0.021768950120648164,0.02801260182224235,-0.05425364261207734
0.032606883219787615,0.009202529928418598,-0.048300929130102366
-0.01530206647515274,0.0931025704121662,0.12066823506794272
-0.058871499799287394,0.1468157842901904,-0.023924792499080232
0.05598891093156275,0.057911578084329014,0.02811467155643719
0.08672261425301557,0.12651890379026215,-0.021165091562337254
-0.0009601437791514761,-0.05817804744570325,0.025467213434272544
0.031463646707103755,0.048472784776158684,0.052986510320776475
0.03943283854180887,0.00514486441061812,0.0491554377770152
0.07824471345710199,0.037633942810782264,-0.001075375277174214
-0.020290799892454362,-0.05554339864701821,-0.032927304653848896
-0.03297104948884684,-0.055909330004949825,0.045948250187894585
0.015395943281245241,0.05442473643870166,-0.10433280396306709
0.04193082085064992,-0.048621633535492204,-0.06572005667064458
0.06153435186347068,0.0006470957965351819,0.05037840605308647
0.04179380692963903,-0.012652743083495795,-0.018529352110293988
0.10154108312028186,-0.02988749354038821,0.020860207107093687
-0.02356900977579237,-0.03299631099935407,-0.013645299334876237
0.04130881569875147,-0.005506181207709907,-0.06641541270734663
-0.04827658386936248,-0.046669848568147945,0.04694895207153975
-0.003253389508835778,0.05698527909882212,0.030182602014624912
-0.014813113080975044,0.05356194295007906,-0.0056351886655229885
-0.038691686915265616,0.10142119924355869,0.0052092891064984825
0.03485953981519037,0.020635386718536344,-0.05837168148982298
0.04931838671056683,0.16406048383605357,-0.0006439656765278474
-0.003994904838486005,0.039824190474119246,0.06859835421058907
0.0023147970037259973,-0.018993188402417656,0.024168397007651457
0.0262156611059916,0.006288745739225108,0.03249355637198211
-0.04410333196260873,0.042038345860953986,-0.04183568692174997
0.035780847006737615,-0.01408873729796514,-0.0318677474173431
-0.04034090011398835,0.011268193986576764,-0.10346438234289851
0.030622415796029236,-0.020890851922558573,0.09428866072031059
-0.049968712380268065,-0.053753268960804734,0.04378116073933097
0.08230986161568055,-0.014033997310088074,-0.019825887616602783
0.02556564685617277,-0.0019880323131582275,-0.036819912991611886
-0.08248930093062214,0.05852140379757049,0.03188266055537675
0.053467975557243544,0.02659405653546009,-0.004229606806901388
-0.05473864377054588,-0.04381569081767054,-0.05049707432319931
0.09625904161211567,0.02263096122555302,-0.014209904649264807
-0.030457837617455873,0.09171154752845243,0.056785594086793525
-0.007388226520629955,-0.026270075085873916,-0.03831949898231914
-0.029446687472545915,0.09511043409274159,0.005571552972320453
0.0949858041609482,0.053209582353464804,8.225469557963765e-05
0.08982366257150642,0.05306822913368497,-0.010198151761872921
0.04045959075670789,-0.04945522503416893,0.04446266325883342
0.03696805953248819,-0.016771224909977338,-0.022361904557145106
-0.03631601462922436,-0.04415851515857358,-0.0013603597989315652
0.0027663123937961198,-0.03194256659303321,0.000859859963526003
-0.060229043608551344,0.039922854121884385,-0.07153442660257495
-0.003254255773079563,0.08924718960728496,0.054179648720758825
-0.0502515838999838,0.08370669007933161,0.108300520922758
0.05370932378604754,0.019998849606352898,-0.023773088860352648
-0.03501074720507498,-0.009826281456474094,-0.009301089144198374
-0.027349853514248502,-0.037145572820219616,0.005809133075166405
0.09257890368313844,-0.04390553400455921,-0.0051631668481399015
0.0012658653819665536,0.02097995092497259,0.06595751580244963
0.019927056836207636,-0.014357546669192787,-0.03392046857449839
-0.00985508577648023,-0.0031695720777656835,-0.05339391976755685
0.019782992862148394,-0.01149125378740166,-0.0667990031238128
-0.040353984355361576,0.07642615793507573,-0.09418740716939132
-0.0031148331691498677,-0.0334072985924245,0.061566807735671324
0.004765888036724915,0.022157569278884827,-0.032110241020215397
-0.08031319810397479,-0.027744306718469336,-0.006000145212293479
0.08675061313280882,0.0720995200506511,0.11430842014811836
-0.016218897438092888,0.0011631380717646005,0.05376290893900142
0.018685222587751776,-0.04051281846309357,-0.01648435814468742
0.06181855817123516,0.055557795046729364,-0.06306026997397893
-0.003136405692011907,-0.011294177592631228,0.02280293891996845
0.015504521973730052,0.04705566177111685,-0.011401221628032096
0.05689719114634218,-0.012870244065092552,-0.07008585067404569
0.00637863859298951,-0.0010424669364327028,0.004716312413695387
-0.00981252914147769,-0.09783099697455976,-0.10165866631930509
0.050995188037873604,-0.05176355728150267,-0.1292186311290581
-0.027270538868094586,-0.002447954045515576,-0.10535519109334372
-0.06928506657867785,0.06468367177228664,-0.024586714410961226
-0.04565178209588274,-0.009493651449873328,-0.032177971644429385
-0.007758414044020886,0.045505206817512654,0.01292013167739548
-0.05652637479938813,-0.10685466786731487,0.019238541484222087
0.04143775626239134,0.04667932293012772,-0.04214473074938567
0.0009086790122591211,0.00869395553164957,-0.0343431198546648
0.030779022182080652,0.05218425819214984,-0.07930187103578634
0.008070422227888313,-0.04297685079347544,0.11651978017161224
0.06409897583614212,-0.06073706380881046,-0.07201907176311993
-0.11003881001556667,0.00037375739383616177,0.08908253555012388
0.011018772778866573,0.018171551363306466,-0.11762316112853079
0.016384273938748094,0.14519775449658376,0.0379301700432063
0.056370726296566726,-0.006999745701094545,-0.008302437987691981
-0.04963097515599645,0.01338187798299712,0.07426898829924124
0.05624944287656802,0.053566818814740624,-0.026465011086737964
-0.04537984376034895,0.033623274743404256,-0.02638543701358314
0.01094875824211108,-0.01143210594034815,0.06211079136068685
0.008138573338308119,-0.058481661101375364,-0.04060482639798215
-0.06383638453306342,0.0636475997960343,-0.03611678732672777
0.007067685800192294,0.041209517250958214,-0.028924920906985646
0.08962216460314168,-0.03889799116172401,0.007680005654228131
-0.1367360517063756,-0.03785273619181889,-0.02359665860447909
0.08132366422560758,-0.056849490584032276,-0.05363946516691501
-0.03432038681325387,-0.08949649504897048,0.008696896014702648
-0.05998411108437923,-0.09656102786039208,-0.03428176404418137
-0.04646163487375888,0.03072408203982434,-0.05592477221772441
0.028033425601758966,-0.050642332501028085,-0.0009768005670900727
-0.0033430459807746787,-0.008826686840282297,-0.002033029141955865
0.03891465191957553,0.07477516363230097,0.012718117084492438
0.00743251474396691,-0.05298665542443995,0.03444930111815829
-0.004064089176757072,0.08300779414198141,0.04197028074549866
-0.003753659329311364,-0.02891564807302817,-0.05239584268892572
0.023030623156318028,0.11940324986932557,-0.017840900120560117
-0.05553640479505283,-7.509897351774299e-05,-0.0029288152374487026
-0.05482552269215673,-0.10769987606145182,-0.008385239437759255
0.10844985064830993,-0.0190729734975367,0.03593986756558918
0.01833139114325829,-0.01811261850536676,-0.001279871268669316
-0.019717212839187204,0.06254324912455221,0.004174345728907659
0.03650934649624651,0.012782804104865772,-0.026042860158284865
-0.06112153568846102,0.06012855132130555,-0.04751437692642455
-0.07213383637454716,0.06159971448256903,-0.042363464308186695
-0.012496983597785744,0.1451313594670801,-0.011872362594253042
0.03778087744293011,0.040039877798301406,-0.007976251900363586
-0.0882596539482779,0.08535351712854983,0.1437374542471718
0.12087475437357176,-0.05281163969637226,0.014250377045361255
-0.015037100186039569,-0.061115400938722815,-0.033304085839780465
0.04486306770794548,0.05725551700424537,0.05268215231343711
-0.0158634665211326,-0.0001914513654285646,-0.04173309167780345
-0.037335280066719496,-0.02781591624950744,-0.01010999158076083
-0.07145643336694732,0.015031758350406006,-0.03490588032927353
0.007927803314907906,-0.031097400327427173,-0.009612815676722782
0.027901494768420944,0.08050758715264496,-0.03763812784695597
-0.06998972648354813,0.02324286498714083,-0.08991960817726287
0.007185609912390123,-0.027774622573125456,0.0029559992300649176
-0.0387780135309537,-0.045046097524333376,-0.06166137891391531
-0.07911352599548974,-0.07162190452639083,0.004117891477607232
0.05432856894904585,-0.09586502551025441,0.010101440577189374
-0.01680888263645822,-0.002595297010230308,0.008781809779746434
-0.004290106421978119,-0.028075407817844646,0.03337626148421413
-0.02545655773858846,-0.02725225166961906,0.09165910688924324
-0.05421147208057942,0.003568711917303135,0.06830017017895129
-0.006484997980938899,0.009620444459887068,0.045706222326034114
-0.022281515087189577,-0.03517809759530779,-0.030833114221912674
-0.0007796705188652699,-0.07551771237356017,0.03667281450898163
-0.032005425716327335,0.04054861146950821,0.04993602959070806
-0.03027220746822075,0.07811142419249736,-0.058635651988462725
0.0177679708245878,-0.010985372214656544,-0.012857827342388089
-0.025727070281732878,-0.07377578953290628,0.011260320045518992
-0.08259663600305853,-0.05343741537216205,-0.03064722014847908
-0.03289608861778549,0.03973043225113308,-0.01478557448415758
-0.06683544615457576,-0.013782304405015168,-0.04427088606808409
-0.038868775777786274,-0.08162696021717972,-0.05419124214826964
0.06419301317521228,-0.011688477290126743,-0.046237171508553554
-0.10818878466161178,-0.09804397539386117,0.007126857139964443
-0.14479178479639285,-0.00925937831621234,0.00542149593125436
-0.01650876699506839,-0.11406418549060592,-0.021906199359521157
-0.07331871908982099,-0.10266305454615926,0.0009429099704482725
-0.10088935978537915,0.07295478236944768,-0.050630711218133784
-0.004712559101225158,-0.08874781926306548,0.014700345317588397
-0.07714911404863095,-0.16742305777617672,0.011423050089619535
-0.02065208748805369,0.0030422221262157816,-0.02340571188844362
-0.022065767838027876,0.0034089819847037753,0.02046707985707811
0.02460051368069264,-0.06598096576325714,0.0067042538412162254
-0.08008871632217084,-0.0019207308770027298,-0.0037015157847623166
0.015807005361769832,-0.04039675514384339,-0.0889607628215112
0.005330556019560628,-0.03133328765961975,0.037707952150996996
-0.09114263008532252,0.018613900734984232,-0.05241570285089231
0.02144399787796225,-0.04379349862386451,-0.02837712415666377
-0.037224161179209694,-0.0789105772189745,-0.0824719930171218
0.023249793958070877,0.007842400942932523,-0.003179851893265275
-0.04148902065282038,-0.001813105724832828,0.03374129702600161
0.035332695427103614,-0.07845046906895568,0.019609789321813332
-0.03686621334058483,-0.0060606833129871595,-0.046123709536929305
-0.07245185555682915,-0.009546705660998984,-0.07980680469144559
-0.0020878975972574328,0.019617779725381975,0.03327370182403634
0.00895408185073068,0.04102093574056382,-0.029754086331754616
0.03909091057446777,-0.04943704983464199,-0.026507967521288443
0.0062288007811798565,0.021070058323143268,0.05883453166310215
0.008294503433401084,-0.04314408911445755,-0.016493963569336998
0.049862436315535996,-0.007774297269810127,-0.05151332700189298
-0.08352248883609098,0.021946210799513855,-0.0793588268677529
-0.034611818415860605,0.027651627403388078,0.022710088375305623
0.0004122911665006314,-0.04958968768773239,-0.05036465363860853
-0.002770268233638608,-0.15671122532901888,0.010214276357589303
0.033490334344515295,-0.05693731395121944,0.01899023319586561
0.009970005563246141,-0.04010947676329844,-0.08914824015612692
-0.0530596050665423,-0.07827468764569315,-0.0545425475705648
-0.02281402356566178,0.030719629353365866,-0.011868444240884351
-0.06881934206245854,-0.03784838516489181,-0.11887204241226787
-0.024963159505533603,-0.06686249203990913,0.0057748213035111046
0.037465784346410055,0.02580068233407946,-0.09942368384635716
-0.02077509505427425,0.01562911460767324,0.004238790713712252
-0.12240870335161898,-0.024907191635735335,-0.06727526546153215
-0.041244909640621705,0.0212988337944289,0.010136270792822227
-0.08120196267787186,-0.004062458553841651,-0.016088197215501643
-0.1269574085811408,-0.038516072577871714,-0.05125510786538674
-0.012116425653195564,-0.03404057028922457,0.05786936854330878
-0.034526312073360356,-0.011821480051088698,0.04383859771898468
-0.07982681785132774,-0.003736000535728496,-0.015890364006799634
-0.08232752311436874,-0.06712021115023575,-0.0516754028930136
-0.08225531671149978,-0.028930654103759106,-0.0664009065237985
-0.056119065721024264,0.029629727322842702,0.038643973965378525
-0.04400664226162908,0.017793151875905532,-0.038462752436765224
0.0496877731082878,-0.021681717465551066,0.017126703189104912
0.0149219921035973,0.11619927414820092,-0.015212184941988153
0.0017738257271164327,-0.014655698939304176,-0.024873629820456253
-0.04998948216003288,0.004656220763775049,-0.04887495513978997
-0.013194181939543394,0.028910347180663473,-0.02018063960447634
0.021553369304480565,-0.03824913676140797,-0.11924133848158479
-0.060647308625606924,0.06383494748589545,-0.0638992818565282
0.01065843944086893,-0.0876201384868475,0.01583773020277892
-0.03242433217405438,-0.04041548580361974,0.012756652795997518
-0.0741528692545307,-0.08309339855870126,0.07628327935919173
-0.14723374337761191,0.02177155891513669,-0.007359636411937143
-0.04574633546970705,0.008583948245611612,0.034019759778124596
-0.014142698624449748,-0.04785621935084017,-0.0353770124056184
-0.009290596528240873,-0.08738476815418417,-0.05573141788635169
-0.03884078618343004,0.07699313947753972,-0.07229097427946696
0.03231359002177679,0.006664959420645371,-0.11712076816739699
-0.07897767083329339,0.023851309089313735,-0.11347348746232849
-0.05236584087187607,0.00610588086248335,0.02763942099608709
-0.043445974780593574,0.016918446870475903,-0.03595076630107445
-0.0075560553899805035,0.022218020606365636,-0.06464613082582607
-0.004810977629486098,-0.04650260922212621,0.05088754201170164
-0.051480502076216794,-0.030202131331802624,-0.032575915605746575
-0.04887564121050734,0.12396389757766689,-0.002275153249765082
0.01086020336020963,0.03811367774295682,-0.10807010394593718
-0.0007638755762590446,0.019663790638510818,0.02944014825403148
0.0707790969151459,-0.017679372727522878,-0.07999036888326373
0.07261078176908199,-0.08278815658478299,0.030870634495344988
-0.05229989809730952,-0.017343664433340893,-0.031337119922470576
-0.03552831669663058,0.10441315792449589,-0.06924733604439814
-0.013306016708452429,-0.09750546238207913,-0.023077908627887722
-0.10709339489829903,-0.03418455574810579,0.02247559306419758
-0.005724785825809231,-0.0066302267797936,-0.016539934580543328
-0.09170790189480636,0.0005284615430698834,-0.012840898975027621
0.0697381828687106,0.04402423017785509,-0.0021355753175541243
0.03541156902238993,0.025074373746299762,-0.0678232903987684
-0.04225781220026613,-0.056203731941523526,-0.04039019228672176
0.05051294592560922,-0.03796681099865974,0.0058477083160025905
0.05176722419978997,-0.013766996503944964,-0.09657124956558368
0.02389658675332798,-0.05723890524381138,-0.025879599654658955
-0.06395605045650446,-0.022749119938073242,0.0158002121327516
-0.043137806991785696,0.0045098425530928285,0.04971250813121056
0.011916053029740288,-0.03894813543873976,0.01512037383339763
-0.08829460787405662,-0.05895330260677617,0.017331019209527055
-0.046947402929550915,-0.03399159253064658,-0.01708582026347648
-0.039317653712272194,-0.10279028368789823,0.01572135576834867
-0.047771212520428194,0.06932171826332496,0.003956233208909463
-0.022167672535454423,-0.0026506293738109057,0.0007263470084357959
-0.06083674993032263,-0.026442718246543456,0.023122695115867904
-0.0417541417049967,0.09874762412416466,0.03724436283321572
0.03026982847699409,0.020856632540965696,0.006981790382265662
0.05380730791479306,-0.038475779748933944,0.052087667130615634
0.013211960318316425,-0.04050881490068742,0.042039258333187335
-0.061217548945699925,-0.039635195662478875,-0.05102175516698123
-0.030147027249005996,-0.003532863234147237,-0.05335684368030729
-0.002955493399861891,-0.013005262274835377,-0.06898396793371582
0.10115138093307734,0.06060017356419152,-0.003202103325994273
-0.009272565429890016,0.03461703848606606,-0.0011470561487031431
-0.06326526675485475,-0.06291922117692829,0.005102323850348412
0.044072509554070105,-0.020402927706353775,-0.04474798260697039
0.039267924671145024,0.010839038508005435,-0.03149886024972904
0.01677024431438537,0.13612043722080938,-0.07605976270910693
-0.11615415691927021,-0.036458053041723316,0.026408142151614217
0.047942256376685796,-0.11350924540431803,0.04157483607746379
-0.026545744137615325,0.019892389958347606,0.05133421206438717
-0.01690097356627715,-0.08326673198765489,0.08380971884851611
-0.0333339807181413,-0.004177814775808787,-0.04680570577603043
-0.015328094765525876,-0.033289753874600904,0.0750585845121833
0.025979262509577262,-0.03865405584047493,-0.059281780299622784
-0.012371033595048332,-0.0020415423398604774,-0.041925726261037556
-0.05298114010365708,0.037557429359396294,0.05779390168739749
0.036964303842221734,-0.009853825926977193,-0.05546421187230153
-0.05014646200724541,-0.053244519371278776,0.019682185490778333
-0.031570985667836775,0.04204984481203356,-0.009573749196176604
0.04835849050155529,-0.029870157952433272,0.047001802873925545
0.044517322783085955,0.033310787754945066,0.058896602390418655
0.08741613106988697,-0.07785704538492064,0.06024189043843623
-0.04218500591803043,0.045872117080861974,0.02425293435782582
-0.0029536556101441586,0.020030854713974724,0.00556067998361788
0.08639133977256516,-0.025279558628650084,-0.016637970453670468
-0.04357411281484993,0.015570579084514603,0.13266729078608455
